"arm","model","q","frac_stage1","frac_stage2","T1","T2","n1","n2","b2","s_ref","K1_tar","K1","K2_tar","K2","cost_proxy","T_fd_budget","eligible","runtime_sec","l2_error","method","T_fd","K_fd_tar","K_fd","T_fs","b_fs","K_fs_tar","K_fs","experiment_id","config_id","n","p","s_star","s","rep_id","q_selected","T1_selected","T2_selected","seed_data","seed_algo_ts","seed_algo_fs","df_X","df_eps","theta_magnitude","validation_metric","tuning_selection_rule"
"TS","linear",0.5,0.5,0.5,150,8,900,900,112,5,38,38,8,8,135896,76,TRUE,16.1499999999999,0.234023024189819,"TS",NA,NA,NA,NA,NA,NA,NA,"E2_linear_s_sweep","E__linear_s_sweep_n1800_p1800_sstar5_s10_h19756f1c",1800,1800,5,10,1,0.5,150,8,20390421,20400421,20500421,2.5,1.5,5,"median_abs_prediction_error","within_1.05_best_then_min_budget"
"FD","linear",NA,NA,NA,NA,NA,NA,NA,NA,5,NA,NA,NA,NA,NA,76,TRUE,10.95,0.475749075913212,"FD_budget",76,38,38,NA,NA,NA,NA,"E2_linear_s_sweep","E__linear_s_sweep_n1800_p1800_sstar5_s10_h19756f1c",1800,1800,5,10,1,0.5,150,8,20390421,20400421,20500421,2.5,1.5,5,"median_abs_prediction_error","within_1.05_best_then_min_budget"
"FS","linear",NA,NA,NA,NA,NA,NA,NA,NA,NA,NA,NA,NA,NA,NA,76,TRUE,1.6400000000001,5.25327479903865,"FS",NA,NA,NA,22,81,8,8,"E2_linear_s_sweep","E__linear_s_sweep_n1800_p1800_sstar5_s10_h19756f1c",1800,1800,5,10,1,0.5,150,8,20390421,20400421,20500421,2.5,1.5,5,"median_abs_prediction_error","within_1.05_best_then_min_budget"
"TS","linear",0.5,0.5,0.5,150,8,900,900,112,5,38,38,8,8,135896,76,TRUE,15.9099999999999,0.178756787876619,"TS",NA,NA,NA,NA,NA,NA,NA,"E2_linear_s_sweep","E__linear_s_sweep_n1800_p1800_sstar5_s10_h19756f1c",1800,1800,5,10,2,0.5,150,8,20390422,20400422,20500422,2.5,1.5,5,"median_abs_prediction_error","within_1.05_best_then_min_budget"
"FD","linear",NA,NA,NA,NA,NA,NA,NA,NA,5,NA,NA,NA,NA,NA,76,TRUE,11.0800000000002,0.515650497115424,"FD_budget",76,38,38,NA,NA,NA,NA,"E2_linear_s_sweep","E__linear_s_sweep_n1800_p1800_sstar5_s10_h19756f1c",1800,1800,5,10,2,0.5,150,8,20390422,20400422,20500422,2.5,1.5,5,"median_abs_prediction_error","within_1.05_best_then_min_budget"
"FS","linear",NA,NA,NA,NA,NA,NA,NA,NA,NA,NA,NA,NA,NA,NA,76,TRUE,2.05999999999995,5.99313153933603,"FS",NA,NA,NA,22,81,8,8,"E2_linear_s_sweep","E__linear_s_sweep_n1800_p1800_sstar5_s10_h19756f1c",1800,1800,5,10,2,0.5,150,8,20390422,20400422,20500422,2.5,1.5,5,"median_abs_prediction_error","within_1.05_best_then_min_budget"
"TS","linear",0.5,0.5,0.5,150,8,900,900,112,5,38,38,8,8,135896,76,TRUE,16.48,0.248866963949658,"TS",NA,NA,NA,NA,NA,NA,NA,"E2_linear_s_sweep","E__linear_s_sweep_n1800_p1800_sstar5_s10_h19756f1c",1800,1800,5,10,3,0.5,150,8,20390423,20400423,20500423,2.5,1.5,5,"median_abs_prediction_error","within_1.05_best_then_min_budget"
"FD","linear",NA,NA,NA,NA,NA,NA,NA,NA,5,NA,NA,NA,NA,NA,76,TRUE,10.8699999999999,0.275259143356668,"FD_budget",76,38,38,NA,NA,NA,NA,"E2_linear_s_sweep","E__linear_s_sweep_n1800_p1800_sstar5_s10_h19756f1c",1800,1800,5,10,3,0.5,150,8,20390423,20400423,20500423,2.5,1.5,5,"median_abs_prediction_error","within_1.05_best_then_min_budget"
"FS","linear",NA,NA,NA,NA,NA,NA,NA,NA,NA,NA,NA,NA,NA,NA,76,TRUE,1.56000000000017,6.03955743939611,"FS",NA,NA,NA,22,81,8,8,"E2_linear_s_sweep","E__linear_s_sweep_n1800_p1800_sstar5_s10_h19756f1c",1800,1800,5,10,3,0.5,150,8,20390423,20400423,20500423,2.5,1.5,5,"median_abs_prediction_error","within_1.05_best_then_min_budget"
"TS","linear",0.5,0.5,0.5,150,8,900,900,112,5,38,38,8,8,135896,76,TRUE,16.98,0.180727420077001,"TS",NA,NA,NA,NA,NA,NA,NA,"E2_linear_s_sweep","E__linear_s_sweep_n1800_p1800_sstar5_s10_h19756f1c",1800,1800,5,10,4,0.5,150,8,20390424,20400424,20500424,2.5,1.5,5,"median_abs_prediction_error","within_1.05_best_then_min_budget"
"FD","linear",NA,NA,NA,NA,NA,NA,NA,NA,5,NA,NA,NA,NA,NA,76,TRUE,10.05,0.322734200208194,"FD_budget",76,38,38,NA,NA,NA,NA,"E2_linear_s_sweep","E__linear_s_sweep_n1800_p1800_sstar5_s10_h19756f1c",1800,1800,5,10,4,0.5,150,8,20390424,20400424,20500424,2.5,1.5,5,"median_abs_prediction_error","within_1.05_best_then_min_budget"
"FS","linear",NA,NA,NA,NA,NA,NA,NA,NA,NA,NA,NA,NA,NA,NA,76,TRUE,1.69000000000005,5.69811603054673,"FS",NA,NA,NA,22,81,8,8,"E2_linear_s_sweep","E__linear_s_sweep_n1800_p1800_sstar5_s10_h19756f1c",1800,1800,5,10,4,0.5,150,8,20390424,20400424,20500424,2.5,1.5,5,"median_abs_prediction_error","within_1.05_best_then_min_budget"
"TS","linear",0.5,0.5,0.5,150,8,900,900,112,5,38,38,8,8,135896,76,TRUE,16.8199999999999,0.219815358651023,"TS",NA,NA,NA,NA,NA,NA,NA,"E2_linear_s_sweep","E__linear_s_sweep_n1800_p1800_sstar5_s10_h19756f1c",1800,1800,5,10,5,0.5,150,8,20390425,20400425,20500425,2.5,1.5,5,"median_abs_prediction_error","within_1.05_best_then_min_budget"
"FD","linear",NA,NA,NA,NA,NA,NA,NA,NA,5,NA,NA,NA,NA,NA,76,TRUE,10.46,0.413613790256791,"FD_budget",76,38,38,NA,NA,NA,NA,"E2_linear_s_sweep","E__linear_s_sweep_n1800_p1800_sstar5_s10_h19756f1c",1800,1800,5,10,5,0.5,150,8,20390425,20400425,20500425,2.5,1.5,5,"median_abs_prediction_error","within_1.05_best_then_min_budget"
"FS","linear",NA,NA,NA,NA,NA,NA,NA,NA,NA,NA,NA,NA,NA,NA,76,TRUE,1.37000000000012,8.38483707413033,"FS",NA,NA,NA,22,81,8,8,"E2_linear_s_sweep","E__linear_s_sweep_n1800_p1800_sstar5_s10_h19756f1c",1800,1800,5,10,5,0.5,150,8,20390425,20400425,20500425,2.5,1.5,5,"median_abs_prediction_error","within_1.05_best_then_min_budget"
"TS","linear",0.5,0.5,0.5,150,8,900,900,112,5,38,38,8,8,135896,76,TRUE,16.0599999999999,0.23145941696008,"TS",NA,NA,NA,NA,NA,NA,NA,"E2_linear_s_sweep","E__linear_s_sweep_n1800_p1800_sstar5_s10_h19756f1c",1800,1800,5,10,6,0.5,150,8,20390426,20400426,20500426,2.5,1.5,5,"median_abs_prediction_error","within_1.05_best_then_min_budget"
"FD","linear",NA,NA,NA,NA,NA,NA,NA,NA,5,NA,NA,NA,NA,NA,76,TRUE,10.1900000000001,0.472918063470927,"FD_budget",76,38,38,NA,NA,NA,NA,"E2_linear_s_sweep","E__linear_s_sweep_n1800_p1800_sstar5_s10_h19756f1c",1800,1800,5,10,6,0.5,150,8,20390426,20400426,20500426,2.5,1.5,5,"median_abs_prediction_error","within_1.05_best_then_min_budget"
"FS","linear",NA,NA,NA,NA,NA,NA,NA,NA,NA,NA,NA,NA,NA,NA,76,TRUE,1.7199999999998,7.02991027099962,"FS",NA,NA,NA,22,81,8,8,"E2_linear_s_sweep","E__linear_s_sweep_n1800_p1800_sstar5_s10_h19756f1c",1800,1800,5,10,6,0.5,150,8,20390426,20400426,20500426,2.5,1.5,5,"median_abs_prediction_error","within_1.05_best_then_min_budget"
"TS","linear",0.5,0.5,0.5,150,8,900,900,112,5,38,38,8,8,135896,76,TRUE,15.8000000000002,0.191249758011696,"TS",NA,NA,NA,NA,NA,NA,NA,"E2_linear_s_sweep","E__linear_s_sweep_n1800_p1800_sstar5_s10_h19756f1c",1800,1800,5,10,7,0.5,150,8,20390427,20400427,20500427,2.5,1.5,5,"median_abs_prediction_error","within_1.05_best_then_min_budget"
"FD","linear",NA,NA,NA,NA,NA,NA,NA,NA,5,NA,NA,NA,NA,NA,76,TRUE,11.0799999999999,0.373947446678387,"FD_budget",76,38,38,NA,NA,NA,NA,"E2_linear_s_sweep","E__linear_s_sweep_n1800_p1800_sstar5_s10_h19756f1c",1800,1800,5,10,7,0.5,150,8,20390427,20400427,20500427,2.5,1.5,5,"median_abs_prediction_error","within_1.05_best_then_min_budget"
"FS","linear",NA,NA,NA,NA,NA,NA,NA,NA,NA,NA,NA,NA,NA,NA,76,TRUE,1.83999999999992,6.54547247833339,"FS",NA,NA,NA,22,81,8,8,"E2_linear_s_sweep","E__linear_s_sweep_n1800_p1800_sstar5_s10_h19756f1c",1800,1800,5,10,7,0.5,150,8,20390427,20400427,20500427,2.5,1.5,5,"median_abs_prediction_error","within_1.05_best_then_min_budget"
"TS","linear",0.5,0.5,0.5,150,8,900,900,112,5,38,38,8,8,135896,76,TRUE,15.27,0.174541145222837,"TS",NA,NA,NA,NA,NA,NA,NA,"E2_linear_s_sweep","E__linear_s_sweep_n1800_p1800_sstar5_s10_h19756f1c",1800,1800,5,10,8,0.5,150,8,20390428,20400428,20500428,2.5,1.5,5,"median_abs_prediction_error","within_1.05_best_then_min_budget"
"FD","linear",NA,NA,NA,NA,NA,NA,NA,NA,5,NA,NA,NA,NA,NA,76,TRUE,10.6700000000001,0.742761133416536,"FD_budget",76,38,38,NA,NA,NA,NA,"E2_linear_s_sweep","E__linear_s_sweep_n1800_p1800_sstar5_s10_h19756f1c",1800,1800,5,10,8,0.5,150,8,20390428,20400428,20500428,2.5,1.5,5,"median_abs_prediction_error","within_1.05_best_then_min_budget"
"FS","linear",NA,NA,NA,NA,NA,NA,NA,NA,NA,NA,NA,NA,NA,NA,76,TRUE,1.78999999999996,9.10131442126972,"FS",NA,NA,NA,22,81,8,8,"E2_linear_s_sweep","E__linear_s_sweep_n1800_p1800_sstar5_s10_h19756f1c",1800,1800,5,10,8,0.5,150,8,20390428,20400428,20500428,2.5,1.5,5,"median_abs_prediction_error","within_1.05_best_then_min_budget"
"TS","linear",0.5,0.5,0.5,150,8,900,900,112,5,38,38,8,8,135896,76,TRUE,15.8900000000001,0.17457132682285,"TS",NA,NA,NA,NA,NA,NA,NA,"E2_linear_s_sweep","E__linear_s_sweep_n1800_p1800_sstar5_s10_h19756f1c",1800,1800,5,10,9,0.5,150,8,20390429,20400429,20500429,2.5,1.5,5,"median_abs_prediction_error","within_1.05_best_then_min_budget"
"FD","linear",NA,NA,NA,NA,NA,NA,NA,NA,5,NA,NA,NA,NA,NA,76,TRUE,10.8299999999999,0.322613408363422,"FD_budget",76,38,38,NA,NA,NA,NA,"E2_linear_s_sweep","E__linear_s_sweep_n1800_p1800_sstar5_s10_h19756f1c",1800,1800,5,10,9,0.5,150,8,20390429,20400429,20500429,2.5,1.5,5,"median_abs_prediction_error","within_1.05_best_then_min_budget"
"FS","linear",NA,NA,NA,NA,NA,NA,NA,NA,NA,NA,NA,NA,NA,NA,76,TRUE,1.8900000000001,8.4343566964453,"FS",NA,NA,NA,22,81,8,8,"E2_linear_s_sweep","E__linear_s_sweep_n1800_p1800_sstar5_s10_h19756f1c",1800,1800,5,10,9,0.5,150,8,20390429,20400429,20500429,2.5,1.5,5,"median_abs_prediction_error","within_1.05_best_then_min_budget"
"TS","linear",0.5,0.5,0.5,150,8,900,900,112,5,38,38,8,8,135896,76,TRUE,15.99,0.14973745491267,"TS",NA,NA,NA,NA,NA,NA,NA,"E2_linear_s_sweep","E__linear_s_sweep_n1800_p1800_sstar5_s10_h19756f1c",1800,1800,5,10,10,0.5,150,8,20390430,20400430,20500430,2.5,1.5,5,"median_abs_prediction_error","within_1.05_best_then_min_budget"
"FD","linear",NA,NA,NA,NA,NA,NA,NA,NA,5,NA,NA,NA,NA,NA,76,TRUE,10.5599999999999,0.310440666012784,"FD_budget",76,38,38,NA,NA,NA,NA,"E2_linear_s_sweep","E__linear_s_sweep_n1800_p1800_sstar5_s10_h19756f1c",1800,1800,5,10,10,0.5,150,8,20390430,20400430,20500430,2.5,1.5,5,"median_abs_prediction_error","within_1.05_best_then_min_budget"
"FS","linear",NA,NA,NA,NA,NA,NA,NA,NA,NA,NA,NA,NA,NA,NA,76,TRUE,2.01999999999998,6.39535413607757,"FS",NA,NA,NA,22,81,8,8,"E2_linear_s_sweep","E__linear_s_sweep_n1800_p1800_sstar5_s10_h19756f1c",1800,1800,5,10,10,0.5,150,8,20390430,20400430,20500430,2.5,1.5,5,"median_abs_prediction_error","within_1.05_best_then_min_budget"
"TS","linear",0.5,0.5,0.5,150,8,900,900,112,5,38,38,8,8,135896,76,TRUE,15.3299999999999,0.210721549263198,"TS",NA,NA,NA,NA,NA,NA,NA,"E2_linear_s_sweep","E__linear_s_sweep_n1800_p1800_sstar5_s10_h19756f1c",1800,1800,5,10,11,0.5,150,8,20390431,20400431,20500431,2.5,1.5,5,"median_abs_prediction_error","within_1.05_best_then_min_budget"
"FD","linear",NA,NA,NA,NA,NA,NA,NA,NA,5,NA,NA,NA,NA,NA,76,TRUE,10.3000000000002,0.480272787924372,"FD_budget",76,38,38,NA,NA,NA,NA,"E2_linear_s_sweep","E__linear_s_sweep_n1800_p1800_sstar5_s10_h19756f1c",1800,1800,5,10,11,0.5,150,8,20390431,20400431,20500431,2.5,1.5,5,"median_abs_prediction_error","within_1.05_best_then_min_budget"
"FS","linear",NA,NA,NA,NA,NA,NA,NA,NA,NA,NA,NA,NA,NA,NA,76,TRUE,1.58999999999992,5.3711624934503,"FS",NA,NA,NA,22,81,8,8,"E2_linear_s_sweep","E__linear_s_sweep_n1800_p1800_sstar5_s10_h19756f1c",1800,1800,5,10,11,0.5,150,8,20390431,20400431,20500431,2.5,1.5,5,"median_abs_prediction_error","within_1.05_best_then_min_budget"
"TS","linear",0.5,0.5,0.5,150,8,900,900,112,5,38,38,8,8,135896,76,TRUE,15.3399999999999,0.11696633574765,"TS",NA,NA,NA,NA,NA,NA,NA,"E2_linear_s_sweep","E__linear_s_sweep_n1800_p1800_sstar5_s10_h19756f1c",1800,1800,5,10,12,0.5,150,8,20390432,20400432,20500432,2.5,1.5,5,"median_abs_prediction_error","within_1.05_best_then_min_budget"
"FD","linear",NA,NA,NA,NA,NA,NA,NA,NA,5,NA,NA,NA,NA,NA,76,TRUE,9.68000000000006,0.468156139810999,"FD_budget",76,38,38,NA,NA,NA,NA,"E2_linear_s_sweep","E__linear_s_sweep_n1800_p1800_sstar5_s10_h19756f1c",1800,1800,5,10,12,0.5,150,8,20390432,20400432,20500432,2.5,1.5,5,"median_abs_prediction_error","within_1.05_best_then_min_budget"
"FS","linear",NA,NA,NA,NA,NA,NA,NA,NA,NA,NA,NA,NA,NA,NA,76,TRUE,1.72000000000003,5.16302077495367,"FS",NA,NA,NA,22,81,8,8,"E2_linear_s_sweep","E__linear_s_sweep_n1800_p1800_sstar5_s10_h19756f1c",1800,1800,5,10,12,0.5,150,8,20390432,20400432,20500432,2.5,1.5,5,"median_abs_prediction_error","within_1.05_best_then_min_budget"
"TS","linear",0.5,0.5,0.5,150,8,900,900,112,5,38,38,8,8,135896,76,TRUE,16.27,0.174821867101454,"TS",NA,NA,NA,NA,NA,NA,NA,"E2_linear_s_sweep","E__linear_s_sweep_n1800_p1800_sstar5_s10_h19756f1c",1800,1800,5,10,13,0.5,150,8,20390433,20400433,20500433,2.5,1.5,5,"median_abs_prediction_error","within_1.05_best_then_min_budget"
"FD","linear",NA,NA,NA,NA,NA,NA,NA,NA,5,NA,NA,NA,NA,NA,76,TRUE,9.34000000000015,0.325292172628995,"FD_budget",76,38,38,NA,NA,NA,NA,"E2_linear_s_sweep","E__linear_s_sweep_n1800_p1800_sstar5_s10_h19756f1c",1800,1800,5,10,13,0.5,150,8,20390433,20400433,20500433,2.5,1.5,5,"median_abs_prediction_error","within_1.05_best_then_min_budget"
"FS","linear",NA,NA,NA,NA,NA,NA,NA,NA,NA,NA,NA,NA,NA,NA,76,TRUE,1.49000000000001,7.86821986431368,"FS",NA,NA,NA,22,81,8,8,"E2_linear_s_sweep","E__linear_s_sweep_n1800_p1800_sstar5_s10_h19756f1c",1800,1800,5,10,13,0.5,150,8,20390433,20400433,20500433,2.5,1.5,5,"median_abs_prediction_error","within_1.05_best_then_min_budget"
"TS","linear",0.5,0.5,0.5,150,8,900,900,112,5,38,38,8,8,135896,76,TRUE,14.73,0.239464281670104,"TS",NA,NA,NA,NA,NA,NA,NA,"E2_linear_s_sweep","E__linear_s_sweep_n1800_p1800_sstar5_s10_h19756f1c",1800,1800,5,10,14,0.5,150,8,20390434,20400434,20500434,2.5,1.5,5,"median_abs_prediction_error","within_1.05_best_then_min_budget"
"FD","linear",NA,NA,NA,NA,NA,NA,NA,NA,5,NA,NA,NA,NA,NA,76,TRUE,10.5999999999999,0.351708743488828,"FD_budget",76,38,38,NA,NA,NA,NA,"E2_linear_s_sweep","E__linear_s_sweep_n1800_p1800_sstar5_s10_h19756f1c",1800,1800,5,10,14,0.5,150,8,20390434,20400434,20500434,2.5,1.5,5,"median_abs_prediction_error","within_1.05_best_then_min_budget"
"FS","linear",NA,NA,NA,NA,NA,NA,NA,NA,NA,NA,NA,NA,NA,NA,76,TRUE,1.8900000000001,4.10976867379553,"FS",NA,NA,NA,22,81,8,8,"E2_linear_s_sweep","E__linear_s_sweep_n1800_p1800_sstar5_s10_h19756f1c",1800,1800,5,10,14,0.5,150,8,20390434,20400434,20500434,2.5,1.5,5,"median_abs_prediction_error","within_1.05_best_then_min_budget"
"TS","linear",0.5,0.5,0.5,150,8,900,900,112,5,38,38,8,8,135896,76,TRUE,16.45,0.228875192881236,"TS",NA,NA,NA,NA,NA,NA,NA,"E2_linear_s_sweep","E__linear_s_sweep_n1800_p1800_sstar5_s10_h19756f1c",1800,1800,5,10,15,0.5,150,8,20390435,20400435,20500435,2.5,1.5,5,"median_abs_prediction_error","within_1.05_best_then_min_budget"
"FD","linear",NA,NA,NA,NA,NA,NA,NA,NA,5,NA,NA,NA,NA,NA,76,TRUE,9.6099999999999,0.436874936795938,"FD_budget",76,38,38,NA,NA,NA,NA,"E2_linear_s_sweep","E__linear_s_sweep_n1800_p1800_sstar5_s10_h19756f1c",1800,1800,5,10,15,0.5,150,8,20390435,20400435,20500435,2.5,1.5,5,"median_abs_prediction_error","within_1.05_best_then_min_budget"
"FS","linear",NA,NA,NA,NA,NA,NA,NA,NA,NA,NA,NA,NA,NA,NA,76,TRUE,1.82999999999993,7.24816190999629,"FS",NA,NA,NA,22,81,8,8,"E2_linear_s_sweep","E__linear_s_sweep_n1800_p1800_sstar5_s10_h19756f1c",1800,1800,5,10,15,0.5,150,8,20390435,20400435,20500435,2.5,1.5,5,"median_abs_prediction_error","within_1.05_best_then_min_budget"
"TS","linear",0.5,0.5,0.5,150,8,900,900,112,5,38,38,8,8,135896,76,TRUE,14.9300000000001,0.247801804897518,"TS",NA,NA,NA,NA,NA,NA,NA,"E2_linear_s_sweep","E__linear_s_sweep_n1800_p1800_sstar5_s10_h19756f1c",1800,1800,5,10,16,0.5,150,8,20390436,20400436,20500436,2.5,1.5,5,"median_abs_prediction_error","within_1.05_best_then_min_budget"
"FD","linear",NA,NA,NA,NA,NA,NA,NA,NA,5,NA,NA,NA,NA,NA,76,TRUE,10.3600000000001,0.489286206534759,"FD_budget",76,38,38,NA,NA,NA,NA,"E2_linear_s_sweep","E__linear_s_sweep_n1800_p1800_sstar5_s10_h19756f1c",1800,1800,5,10,16,0.5,150,8,20390436,20400436,20500436,2.5,1.5,5,"median_abs_prediction_error","within_1.05_best_then_min_budget"
"FS","linear",NA,NA,NA,NA,NA,NA,NA,NA,NA,NA,NA,NA,NA,NA,76,TRUE,1.92999999999984,7.04423557669547,"FS",NA,NA,NA,22,81,8,8,"E2_linear_s_sweep","E__linear_s_sweep_n1800_p1800_sstar5_s10_h19756f1c",1800,1800,5,10,16,0.5,150,8,20390436,20400436,20500436,2.5,1.5,5,"median_abs_prediction_error","within_1.05_best_then_min_budget"
"TS","linear",0.5,0.5,0.5,150,8,900,900,112,5,38,38,8,8,135896,76,TRUE,15.6900000000001,0.16200468065412,"TS",NA,NA,NA,NA,NA,NA,NA,"E2_linear_s_sweep","E__linear_s_sweep_n1800_p1800_sstar5_s10_h19756f1c",1800,1800,5,10,17,0.5,150,8,20390437,20400437,20500437,2.5,1.5,5,"median_abs_prediction_error","within_1.05_best_then_min_budget"
"FD","linear",NA,NA,NA,NA,NA,NA,NA,NA,5,NA,NA,NA,NA,NA,76,TRUE,9.76999999999998,0.252621443591817,"FD_budget",76,38,38,NA,NA,NA,NA,"E2_linear_s_sweep","E__linear_s_sweep_n1800_p1800_sstar5_s10_h19756f1c",1800,1800,5,10,17,0.5,150,8,20390437,20400437,20500437,2.5,1.5,5,"median_abs_prediction_error","within_1.05_best_then_min_budget"
"FS","linear",NA,NA,NA,NA,NA,NA,NA,NA,NA,NA,NA,NA,NA,NA,76,TRUE,1.73000000000002,6.81732268222319,"FS",NA,NA,NA,22,81,8,8,"E2_linear_s_sweep","E__linear_s_sweep_n1800_p1800_sstar5_s10_h19756f1c",1800,1800,5,10,17,0.5,150,8,20390437,20400437,20500437,2.5,1.5,5,"median_abs_prediction_error","within_1.05_best_then_min_budget"
"TS","linear",0.5,0.5,0.5,150,8,900,900,112,5,38,38,8,8,135896,76,TRUE,16.1500000000001,0.180301359100142,"TS",NA,NA,NA,NA,NA,NA,NA,"E2_linear_s_sweep","E__linear_s_sweep_n1800_p1800_sstar5_s10_h19756f1c",1800,1800,5,10,18,0.5,150,8,20390438,20400438,20500438,2.5,1.5,5,"median_abs_prediction_error","within_1.05_best_then_min_budget"
"FD","linear",NA,NA,NA,NA,NA,NA,NA,NA,5,NA,NA,NA,NA,NA,76,TRUE,9.30999999999995,0.556505717458815,"FD_budget",76,38,38,NA,NA,NA,NA,"E2_linear_s_sweep","E__linear_s_sweep_n1800_p1800_sstar5_s10_h19756f1c",1800,1800,5,10,18,0.5,150,8,20390438,20400438,20500438,2.5,1.5,5,"median_abs_prediction_error","within_1.05_best_then_min_budget"
"FS","linear",NA,NA,NA,NA,NA,NA,NA,NA,NA,NA,NA,NA,NA,NA,76,TRUE,1.41000000000008,5.2136101390999,"FS",NA,NA,NA,22,81,8,8,"E2_linear_s_sweep","E__linear_s_sweep_n1800_p1800_sstar5_s10_h19756f1c",1800,1800,5,10,18,0.5,150,8,20390438,20400438,20500438,2.5,1.5,5,"median_abs_prediction_error","within_1.05_best_then_min_budget"
"TS","linear",0.5,0.5,0.5,150,8,900,900,112,5,38,38,8,8,135896,76,TRUE,15.04,0.162283665303443,"TS",NA,NA,NA,NA,NA,NA,NA,"E2_linear_s_sweep","E__linear_s_sweep_n1800_p1800_sstar5_s10_h19756f1c",1800,1800,5,10,19,0.5,150,8,20390439,20400439,20500439,2.5,1.5,5,"median_abs_prediction_error","within_1.05_best_then_min_budget"
"FD","linear",NA,NA,NA,NA,NA,NA,NA,NA,5,NA,NA,NA,NA,NA,76,TRUE,10.74,0.328625775893097,"FD_budget",76,38,38,NA,NA,NA,NA,"E2_linear_s_sweep","E__linear_s_sweep_n1800_p1800_sstar5_s10_h19756f1c",1800,1800,5,10,19,0.5,150,8,20390439,20400439,20500439,2.5,1.5,5,"median_abs_prediction_error","within_1.05_best_then_min_budget"
"FS","linear",NA,NA,NA,NA,NA,NA,NA,NA,NA,NA,NA,NA,NA,NA,76,TRUE,1.62000000000012,4.67220979025258,"FS",NA,NA,NA,22,81,8,8,"E2_linear_s_sweep","E__linear_s_sweep_n1800_p1800_sstar5_s10_h19756f1c",1800,1800,5,10,19,0.5,150,8,20390439,20400439,20500439,2.5,1.5,5,"median_abs_prediction_error","within_1.05_best_then_min_budget"
"TS","linear",0.5,0.5,0.5,150,8,900,900,112,5,38,38,8,8,135896,76,TRUE,15.78,0.252160624193577,"TS",NA,NA,NA,NA,NA,NA,NA,"E2_linear_s_sweep","E__linear_s_sweep_n1800_p1800_sstar5_s10_h19756f1c",1800,1800,5,10,20,0.5,150,8,20390440,20400440,20500440,2.5,1.5,5,"median_abs_prediction_error","within_1.05_best_then_min_budget"
"FD","linear",NA,NA,NA,NA,NA,NA,NA,NA,5,NA,NA,NA,NA,NA,76,TRUE,10.78,0.412559429230069,"FD_budget",76,38,38,NA,NA,NA,NA,"E2_linear_s_sweep","E__linear_s_sweep_n1800_p1800_sstar5_s10_h19756f1c",1800,1800,5,10,20,0.5,150,8,20390440,20400440,20500440,2.5,1.5,5,"median_abs_prediction_error","within_1.05_best_then_min_budget"
"FS","linear",NA,NA,NA,NA,NA,NA,NA,NA,NA,NA,NA,NA,NA,NA,76,TRUE,1.71000000000004,4.99085922672437,"FS",NA,NA,NA,22,81,8,8,"E2_linear_s_sweep","E__linear_s_sweep_n1800_p1800_sstar5_s10_h19756f1c",1800,1800,5,10,20,0.5,150,8,20390440,20400440,20500440,2.5,1.5,5,"median_abs_prediction_error","within_1.05_best_then_min_budget"
"TS","linear",0.5,0.5,0.5,150,8,900,900,112,5,38,38,8,8,135896,76,TRUE,16.0500000000002,0.167920216369747,"TS",NA,NA,NA,NA,NA,NA,NA,"E2_linear_s_sweep","E__linear_s_sweep_n1800_p1800_sstar5_s10_h19756f1c",1800,1800,5,10,21,0.5,150,8,20390441,20400441,20500441,2.5,1.5,5,"median_abs_prediction_error","within_1.05_best_then_min_budget"
"FD","linear",NA,NA,NA,NA,NA,NA,NA,NA,5,NA,NA,NA,NA,NA,76,TRUE,10.77,0.35191194242551,"FD_budget",76,38,38,NA,NA,NA,NA,"E2_linear_s_sweep","E__linear_s_sweep_n1800_p1800_sstar5_s10_h19756f1c",1800,1800,5,10,21,0.5,150,8,20390441,20400441,20500441,2.5,1.5,5,"median_abs_prediction_error","within_1.05_best_then_min_budget"
"FS","linear",NA,NA,NA,NA,NA,NA,NA,NA,NA,NA,NA,NA,NA,NA,76,TRUE,1.52999999999997,4.69299334558289,"FS",NA,NA,NA,22,81,8,8,"E2_linear_s_sweep","E__linear_s_sweep_n1800_p1800_sstar5_s10_h19756f1c",1800,1800,5,10,21,0.5,150,8,20390441,20400441,20500441,2.5,1.5,5,"median_abs_prediction_error","within_1.05_best_then_min_budget"
"TS","linear",0.5,0.5,0.5,150,8,900,900,112,5,38,38,8,8,135896,76,TRUE,15.7,0.191029525613735,"TS",NA,NA,NA,NA,NA,NA,NA,"E2_linear_s_sweep","E__linear_s_sweep_n1800_p1800_sstar5_s10_h19756f1c",1800,1800,5,10,22,0.5,150,8,20390442,20400442,20500442,2.5,1.5,5,"median_abs_prediction_error","within_1.05_best_then_min_budget"
"FD","linear",NA,NA,NA,NA,NA,NA,NA,NA,5,NA,NA,NA,NA,NA,76,TRUE,11.05,0.383451944332137,"FD_budget",76,38,38,NA,NA,NA,NA,"E2_linear_s_sweep","E__linear_s_sweep_n1800_p1800_sstar5_s10_h19756f1c",1800,1800,5,10,22,0.5,150,8,20390442,20400442,20500442,2.5,1.5,5,"median_abs_prediction_error","within_1.05_best_then_min_budget"
"FS","linear",NA,NA,NA,NA,NA,NA,NA,NA,NA,NA,NA,NA,NA,NA,76,TRUE,1.6400000000001,6.93890592398481,"FS",NA,NA,NA,22,81,8,8,"E2_linear_s_sweep","E__linear_s_sweep_n1800_p1800_sstar5_s10_h19756f1c",1800,1800,5,10,22,0.5,150,8,20390442,20400442,20500442,2.5,1.5,5,"median_abs_prediction_error","within_1.05_best_then_min_budget"
"TS","linear",0.5,0.5,0.5,150,8,900,900,112,5,38,38,8,8,135896,76,TRUE,15.1900000000001,0.147025401319328,"TS",NA,NA,NA,NA,NA,NA,NA,"E2_linear_s_sweep","E__linear_s_sweep_n1800_p1800_sstar5_s10_h19756f1c",1800,1800,5,10,23,0.5,150,8,20390443,20400443,20500443,2.5,1.5,5,"median_abs_prediction_error","within_1.05_best_then_min_budget"
"FD","linear",NA,NA,NA,NA,NA,NA,NA,NA,5,NA,NA,NA,NA,NA,76,TRUE,10.6499999999999,0.357550262051285,"FD_budget",76,38,38,NA,NA,NA,NA,"E2_linear_s_sweep","E__linear_s_sweep_n1800_p1800_sstar5_s10_h19756f1c",1800,1800,5,10,23,0.5,150,8,20390443,20400443,20500443,2.5,1.5,5,"median_abs_prediction_error","within_1.05_best_then_min_budget"
"FS","linear",NA,NA,NA,NA,NA,NA,NA,NA,NA,NA,NA,NA,NA,NA,76,TRUE,1.61000000000013,8.14488342389988,"FS",NA,NA,NA,22,81,8,8,"E2_linear_s_sweep","E__linear_s_sweep_n1800_p1800_sstar5_s10_h19756f1c",1800,1800,5,10,23,0.5,150,8,20390443,20400443,20500443,2.5,1.5,5,"median_abs_prediction_error","within_1.05_best_then_min_budget"
"TS","linear",0.5,0.5,0.5,150,8,900,900,112,5,38,38,8,8,135896,76,TRUE,15.26,0.141355866784475,"TS",NA,NA,NA,NA,NA,NA,NA,"E2_linear_s_sweep","E__linear_s_sweep_n1800_p1800_sstar5_s10_h19756f1c",1800,1800,5,10,24,0.5,150,8,20390444,20400444,20500444,2.5,1.5,5,"median_abs_prediction_error","within_1.05_best_then_min_budget"
"FD","linear",NA,NA,NA,NA,NA,NA,NA,NA,5,NA,NA,NA,NA,NA,76,TRUE,10.55,0.387827465480932,"FD_budget",76,38,38,NA,NA,NA,NA,"E2_linear_s_sweep","E__linear_s_sweep_n1800_p1800_sstar5_s10_h19756f1c",1800,1800,5,10,24,0.5,150,8,20390444,20400444,20500444,2.5,1.5,5,"median_abs_prediction_error","within_1.05_best_then_min_budget"
"FS","linear",NA,NA,NA,NA,NA,NA,NA,NA,NA,NA,NA,NA,NA,NA,76,TRUE,1.81999999999994,6.97153454574986,"FS",NA,NA,NA,22,81,8,8,"E2_linear_s_sweep","E__linear_s_sweep_n1800_p1800_sstar5_s10_h19756f1c",1800,1800,5,10,24,0.5,150,8,20390444,20400444,20500444,2.5,1.5,5,"median_abs_prediction_error","within_1.05_best_then_min_budget"
"TS","linear",0.5,0.5,0.5,150,8,900,900,112,5,38,38,8,8,135896,76,TRUE,15.8699999999999,0.143208907912048,"TS",NA,NA,NA,NA,NA,NA,NA,"E2_linear_s_sweep","E__linear_s_sweep_n1800_p1800_sstar5_s10_h19756f1c",1800,1800,5,10,25,0.5,150,8,20390445,20400445,20500445,2.5,1.5,5,"median_abs_prediction_error","within_1.05_best_then_min_budget"
"FD","linear",NA,NA,NA,NA,NA,NA,NA,NA,5,NA,NA,NA,NA,NA,76,TRUE,10.3200000000002,0.472697868292735,"FD_budget",76,38,38,NA,NA,NA,NA,"E2_linear_s_sweep","E__linear_s_sweep_n1800_p1800_sstar5_s10_h19756f1c",1800,1800,5,10,25,0.5,150,8,20390445,20400445,20500445,2.5,1.5,5,"median_abs_prediction_error","within_1.05_best_then_min_budget"
"FS","linear",NA,NA,NA,NA,NA,NA,NA,NA,NA,NA,NA,NA,NA,NA,76,TRUE,1.74000000000001,7.21104758155133,"FS",NA,NA,NA,22,81,8,8,"E2_linear_s_sweep","E__linear_s_sweep_n1800_p1800_sstar5_s10_h19756f1c",1800,1800,5,10,25,0.5,150,8,20390445,20400445,20500445,2.5,1.5,5,"median_abs_prediction_error","within_1.05_best_then_min_budget"
"TS","linear",0.5,0.5,0.5,150,8,900,900,112,5,38,38,8,8,135896,76,TRUE,14.9499999999998,0.199835258724577,"TS",NA,NA,NA,NA,NA,NA,NA,"E2_linear_s_sweep","E__linear_s_sweep_n1800_p1800_sstar5_s10_h19756f1c",1800,1800,5,10,26,0.5,150,8,20390446,20400446,20500446,2.5,1.5,5,"median_abs_prediction_error","within_1.05_best_then_min_budget"
"FD","linear",NA,NA,NA,NA,NA,NA,NA,NA,5,NA,NA,NA,NA,NA,76,TRUE,10.8000000000002,0.405603438967427,"FD_budget",76,38,38,NA,NA,NA,NA,"E2_linear_s_sweep","E__linear_s_sweep_n1800_p1800_sstar5_s10_h19756f1c",1800,1800,5,10,26,0.5,150,8,20390446,20400446,20500446,2.5,1.5,5,"median_abs_prediction_error","within_1.05_best_then_min_budget"
"FS","linear",NA,NA,NA,NA,NA,NA,NA,NA,NA,NA,NA,NA,NA,NA,76,TRUE,1.73000000000002,6.21313305433948,"FS",NA,NA,NA,22,81,8,8,"E2_linear_s_sweep","E__linear_s_sweep_n1800_p1800_sstar5_s10_h19756f1c",1800,1800,5,10,26,0.5,150,8,20390446,20400446,20500446,2.5,1.5,5,"median_abs_prediction_error","within_1.05_best_then_min_budget"
"TS","linear",0.5,0.5,0.5,150,8,900,900,112,5,38,38,8,8,135896,76,TRUE,16.6700000000001,0.206481600199595,"TS",NA,NA,NA,NA,NA,NA,NA,"E2_linear_s_sweep","E__linear_s_sweep_n1800_p1800_sstar5_s10_h19756f1c",1800,1800,5,10,27,0.5,150,8,20390447,20400447,20500447,2.5,1.5,5,"median_abs_prediction_error","within_1.05_best_then_min_budget"
"FD","linear",NA,NA,NA,NA,NA,NA,NA,NA,5,NA,NA,NA,NA,NA,76,TRUE,10.6600000000001,0.225349234885912,"FD_budget",76,38,38,NA,NA,NA,NA,"E2_linear_s_sweep","E__linear_s_sweep_n1800_p1800_sstar5_s10_h19756f1c",1800,1800,5,10,27,0.5,150,8,20390447,20400447,20500447,2.5,1.5,5,"median_abs_prediction_error","within_1.05_best_then_min_budget"
"FS","linear",NA,NA,NA,NA,NA,NA,NA,NA,NA,NA,NA,NA,NA,NA,76,TRUE,1.54999999999995,5.57717173888639,"FS",NA,NA,NA,22,81,8,8,"E2_linear_s_sweep","E__linear_s_sweep_n1800_p1800_sstar5_s10_h19756f1c",1800,1800,5,10,27,0.5,150,8,20390447,20400447,20500447,2.5,1.5,5,"median_abs_prediction_error","within_1.05_best_then_min_budget"
"TS","linear",0.5,0.5,0.5,150,8,900,900,112,5,38,38,8,8,135896,76,TRUE,16.8499999999999,0.194768366624795,"TS",NA,NA,NA,NA,NA,NA,NA,"E2_linear_s_sweep","E__linear_s_sweep_n1800_p1800_sstar5_s10_h19756f1c",1800,1800,5,10,28,0.5,150,8,20390448,20400448,20500448,2.5,1.5,5,"median_abs_prediction_error","within_1.05_best_then_min_budget"
"FD","linear",NA,NA,NA,NA,NA,NA,NA,NA,5,NA,NA,NA,NA,NA,76,TRUE,10,0.293034270797872,"FD_budget",76,38,38,NA,NA,NA,NA,"E2_linear_s_sweep","E__linear_s_sweep_n1800_p1800_sstar5_s10_h19756f1c",1800,1800,5,10,28,0.5,150,8,20390448,20400448,20500448,2.5,1.5,5,"median_abs_prediction_error","within_1.05_best_then_min_budget"
"FS","linear",NA,NA,NA,NA,NA,NA,NA,NA,NA,NA,NA,NA,NA,NA,76,TRUE,1.30999999999995,11.490356670944,"FS",NA,NA,NA,22,81,8,8,"E2_linear_s_sweep","E__linear_s_sweep_n1800_p1800_sstar5_s10_h19756f1c",1800,1800,5,10,28,0.5,150,8,20390448,20400448,20500448,2.5,1.5,5,"median_abs_prediction_error","within_1.05_best_then_min_budget"
"TS","linear",0.5,0.5,0.5,150,8,900,900,112,5,38,38,8,8,135896,76,TRUE,16,0.242532569564582,"TS",NA,NA,NA,NA,NA,NA,NA,"E2_linear_s_sweep","E__linear_s_sweep_n1800_p1800_sstar5_s10_h19756f1c",1800,1800,5,10,29,0.5,150,8,20390449,20400449,20500449,2.5,1.5,5,"median_abs_prediction_error","within_1.05_best_then_min_budget"
"FD","linear",NA,NA,NA,NA,NA,NA,NA,NA,5,NA,NA,NA,NA,NA,76,TRUE,10.4199999999998,0.426147983374916,"FD_budget",76,38,38,NA,NA,NA,NA,"E2_linear_s_sweep","E__linear_s_sweep_n1800_p1800_sstar5_s10_h19756f1c",1800,1800,5,10,29,0.5,150,8,20390449,20400449,20500449,2.5,1.5,5,"median_abs_prediction_error","within_1.05_best_then_min_budget"
"FS","linear",NA,NA,NA,NA,NA,NA,NA,NA,NA,NA,NA,NA,NA,NA,76,TRUE,1.47999999999979,6.31687711271582,"FS",NA,NA,NA,22,81,8,8,"E2_linear_s_sweep","E__linear_s_sweep_n1800_p1800_sstar5_s10_h19756f1c",1800,1800,5,10,29,0.5,150,8,20390449,20400449,20500449,2.5,1.5,5,"median_abs_prediction_error","within_1.05_best_then_min_budget"
"TS","linear",0.5,0.5,0.5,150,8,900,900,112,5,38,38,8,8,135896,76,TRUE,15.3500000000001,0.127282749971148,"TS",NA,NA,NA,NA,NA,NA,NA,"E2_linear_s_sweep","E__linear_s_sweep_n1800_p1800_sstar5_s10_h19756f1c",1800,1800,5,10,30,0.5,150,8,20390450,20400450,20500450,2.5,1.5,5,"median_abs_prediction_error","within_1.05_best_then_min_budget"
"FD","linear",NA,NA,NA,NA,NA,NA,NA,NA,5,NA,NA,NA,NA,NA,76,TRUE,10.54,0.170082112933736,"FD_budget",76,38,38,NA,NA,NA,NA,"E2_linear_s_sweep","E__linear_s_sweep_n1800_p1800_sstar5_s10_h19756f1c",1800,1800,5,10,30,0.5,150,8,20390450,20400450,20500450,2.5,1.5,5,"median_abs_prediction_error","within_1.05_best_then_min_budget"
"FS","linear",NA,NA,NA,NA,NA,NA,NA,NA,NA,NA,NA,NA,NA,NA,76,TRUE,1.52999999999997,6.12634222669943,"FS",NA,NA,NA,22,81,8,8,"E2_linear_s_sweep","E__linear_s_sweep_n1800_p1800_sstar5_s10_h19756f1c",1800,1800,5,10,30,0.5,150,8,20390450,20400450,20500450,2.5,1.5,5,"median_abs_prediction_error","within_1.05_best_then_min_budget"
"TS","linear",0.5,0.5,0.5,150,8,900,900,112,5,38,38,8,8,135896,76,TRUE,16.03,0.264414100070319,"TS",NA,NA,NA,NA,NA,NA,NA,"E2_linear_s_sweep","E__linear_s_sweep_n1800_p1800_sstar5_s10_h19756f1c",1800,1800,5,10,31,0.5,150,8,20390451,20400451,20500451,2.5,1.5,5,"median_abs_prediction_error","within_1.05_best_then_min_budget"
"FD","linear",NA,NA,NA,NA,NA,NA,NA,NA,5,NA,NA,NA,NA,NA,76,TRUE,10.3,0.497555297238015,"FD_budget",76,38,38,NA,NA,NA,NA,"E2_linear_s_sweep","E__linear_s_sweep_n1800_p1800_sstar5_s10_h19756f1c",1800,1800,5,10,31,0.5,150,8,20390451,20400451,20500451,2.5,1.5,5,"median_abs_prediction_error","within_1.05_best_then_min_budget"
"FS","linear",NA,NA,NA,NA,NA,NA,NA,NA,NA,NA,NA,NA,NA,NA,76,TRUE,1.6400000000001,9.01541204891621,"FS",NA,NA,NA,22,81,8,8,"E2_linear_s_sweep","E__linear_s_sweep_n1800_p1800_sstar5_s10_h19756f1c",1800,1800,5,10,31,0.5,150,8,20390451,20400451,20500451,2.5,1.5,5,"median_abs_prediction_error","within_1.05_best_then_min_budget"
"TS","linear",0.5,0.5,0.5,150,8,900,900,112,5,38,38,8,8,135896,76,TRUE,16.1300000000001,0.215707959878411,"TS",NA,NA,NA,NA,NA,NA,NA,"E2_linear_s_sweep","E__linear_s_sweep_n1800_p1800_sstar5_s10_h19756f1c",1800,1800,5,10,32,0.5,150,8,20390452,20400452,20500452,2.5,1.5,5,"median_abs_prediction_error","within_1.05_best_then_min_budget"
"FD","linear",NA,NA,NA,NA,NA,NA,NA,NA,5,NA,NA,NA,NA,NA,76,TRUE,9.69000000000005,0.307912239755957,"FD_budget",76,38,38,NA,NA,NA,NA,"E2_linear_s_sweep","E__linear_s_sweep_n1800_p1800_sstar5_s10_h19756f1c",1800,1800,5,10,32,0.5,150,8,20390452,20400452,20500452,2.5,1.5,5,"median_abs_prediction_error","within_1.05_best_then_min_budget"
"FS","linear",NA,NA,NA,NA,NA,NA,NA,NA,NA,NA,NA,NA,NA,NA,76,TRUE,1.55999999999995,7.92047220449047,"FS",NA,NA,NA,22,81,8,8,"E2_linear_s_sweep","E__linear_s_sweep_n1800_p1800_sstar5_s10_h19756f1c",1800,1800,5,10,32,0.5,150,8,20390452,20400452,20500452,2.5,1.5,5,"median_abs_prediction_error","within_1.05_best_then_min_budget"
"TS","linear",0.5,0.5,0.5,150,8,900,900,112,5,38,38,8,8,135896,76,TRUE,17.3,0.154653624035599,"TS",NA,NA,NA,NA,NA,NA,NA,"E2_linear_s_sweep","E__linear_s_sweep_n1800_p1800_sstar5_s10_h19756f1c",1800,1800,5,10,33,0.5,150,8,20390453,20400453,20500453,2.5,1.5,5,"median_abs_prediction_error","within_1.05_best_then_min_budget"
"FD","linear",NA,NA,NA,NA,NA,NA,NA,NA,5,NA,NA,NA,NA,NA,76,TRUE,9.99000000000001,0.336382397260656,"FD_budget",76,38,38,NA,NA,NA,NA,"E2_linear_s_sweep","E__linear_s_sweep_n1800_p1800_sstar5_s10_h19756f1c",1800,1800,5,10,33,0.5,150,8,20390453,20400453,20500453,2.5,1.5,5,"median_abs_prediction_error","within_1.05_best_then_min_budget"
"FS","linear",NA,NA,NA,NA,NA,NA,NA,NA,NA,NA,NA,NA,NA,NA,76,TRUE,1.5,6.04453810570019,"FS",NA,NA,NA,22,81,8,8,"E2_linear_s_sweep","E__linear_s_sweep_n1800_p1800_sstar5_s10_h19756f1c",1800,1800,5,10,33,0.5,150,8,20390453,20400453,20500453,2.5,1.5,5,"median_abs_prediction_error","within_1.05_best_then_min_budget"
"TS","linear",0.5,0.5,0.5,150,8,900,900,112,5,38,38,8,8,135896,76,TRUE,15.54,0.159693711235255,"TS",NA,NA,NA,NA,NA,NA,NA,"E2_linear_s_sweep","E__linear_s_sweep_n1800_p1800_sstar5_s10_h19756f1c",1800,1800,5,10,34,0.5,150,8,20390454,20400454,20500454,2.5,1.5,5,"median_abs_prediction_error","within_1.05_best_then_min_budget"
"FD","linear",NA,NA,NA,NA,NA,NA,NA,NA,5,NA,NA,NA,NA,NA,76,TRUE,9.92000000000007,0.380983981733981,"FD_budget",76,38,38,NA,NA,NA,NA,"E2_linear_s_sweep","E__linear_s_sweep_n1800_p1800_sstar5_s10_h19756f1c",1800,1800,5,10,34,0.5,150,8,20390454,20400454,20500454,2.5,1.5,5,"median_abs_prediction_error","within_1.05_best_then_min_budget"
"FS","linear",NA,NA,NA,NA,NA,NA,NA,NA,NA,NA,NA,NA,NA,NA,76,TRUE,1.44000000000005,8.29176129554646,"FS",NA,NA,NA,22,81,8,8,"E2_linear_s_sweep","E__linear_s_sweep_n1800_p1800_sstar5_s10_h19756f1c",1800,1800,5,10,34,0.5,150,8,20390454,20400454,20500454,2.5,1.5,5,"median_abs_prediction_error","within_1.05_best_then_min_budget"
"TS","linear",0.5,0.5,0.5,150,8,900,900,112,5,38,38,8,8,135896,76,TRUE,15,0.259345168678338,"TS",NA,NA,NA,NA,NA,NA,NA,"E2_linear_s_sweep","E__linear_s_sweep_n1800_p1800_sstar5_s10_h19756f1c",1800,1800,5,10,35,0.5,150,8,20390455,20400455,20500455,2.5,1.5,5,"median_abs_prediction_error","within_1.05_best_then_min_budget"
"FD","linear",NA,NA,NA,NA,NA,NA,NA,NA,5,NA,NA,NA,NA,NA,76,TRUE,9.88999999999987,0.431716582009549,"FD_budget",76,38,38,NA,NA,NA,NA,"E2_linear_s_sweep","E__linear_s_sweep_n1800_p1800_sstar5_s10_h19756f1c",1800,1800,5,10,35,0.5,150,8,20390455,20400455,20500455,2.5,1.5,5,"median_abs_prediction_error","within_1.05_best_then_min_budget"
"FS","linear",NA,NA,NA,NA,NA,NA,NA,NA,NA,NA,NA,NA,NA,NA,76,TRUE,1.65999999999985,8.43412465444554,"FS",NA,NA,NA,22,81,8,8,"E2_linear_s_sweep","E__linear_s_sweep_n1800_p1800_sstar5_s10_h19756f1c",1800,1800,5,10,35,0.5,150,8,20390455,20400455,20500455,2.5,1.5,5,"median_abs_prediction_error","within_1.05_best_then_min_budget"
"TS","linear",0.5,0.5,0.5,150,8,900,900,112,5,38,38,8,8,135896,76,TRUE,16.25,0.267730139316073,"TS",NA,NA,NA,NA,NA,NA,NA,"E2_linear_s_sweep","E__linear_s_sweep_n1800_p1800_sstar5_s10_h19756f1c",1800,1800,5,10,36,0.5,150,8,20390456,20400456,20500456,2.5,1.5,5,"median_abs_prediction_error","within_1.05_best_then_min_budget"
"FD","linear",NA,NA,NA,NA,NA,NA,NA,NA,5,NA,NA,NA,NA,NA,76,TRUE,10.25,0.42664609414238,"FD_budget",76,38,38,NA,NA,NA,NA,"E2_linear_s_sweep","E__linear_s_sweep_n1800_p1800_sstar5_s10_h19756f1c",1800,1800,5,10,36,0.5,150,8,20390456,20400456,20500456,2.5,1.5,5,"median_abs_prediction_error","within_1.05_best_then_min_budget"
"FS","linear",NA,NA,NA,NA,NA,NA,NA,NA,NA,NA,NA,NA,NA,NA,76,TRUE,1.3900000000001,5.95316997172043,"FS",NA,NA,NA,22,81,8,8,"E2_linear_s_sweep","E__linear_s_sweep_n1800_p1800_sstar5_s10_h19756f1c",1800,1800,5,10,36,0.5,150,8,20390456,20400456,20500456,2.5,1.5,5,"median_abs_prediction_error","within_1.05_best_then_min_budget"
"TS","linear",0.5,0.5,0.5,150,8,900,900,112,5,38,38,8,8,135896,76,TRUE,16.1900000000001,0.185364645722608,"TS",NA,NA,NA,NA,NA,NA,NA,"E2_linear_s_sweep","E__linear_s_sweep_n1800_p1800_sstar5_s10_h19756f1c",1800,1800,5,10,37,0.5,150,8,20390457,20400457,20500457,2.5,1.5,5,"median_abs_prediction_error","within_1.05_best_then_min_budget"
"FD","linear",NA,NA,NA,NA,NA,NA,NA,NA,5,NA,NA,NA,NA,NA,76,TRUE,9.61999999999989,0.439416185588125,"FD_budget",76,38,38,NA,NA,NA,NA,"E2_linear_s_sweep","E__linear_s_sweep_n1800_p1800_sstar5_s10_h19756f1c",1800,1800,5,10,37,0.5,150,8,20390457,20400457,20500457,2.5,1.5,5,"median_abs_prediction_error","within_1.05_best_then_min_budget"
"FS","linear",NA,NA,NA,NA,NA,NA,NA,NA,NA,NA,NA,NA,NA,NA,76,TRUE,1.42000000000007,4.82962041488875,"FS",NA,NA,NA,22,81,8,8,"E2_linear_s_sweep","E__linear_s_sweep_n1800_p1800_sstar5_s10_h19756f1c",1800,1800,5,10,37,0.5,150,8,20390457,20400457,20500457,2.5,1.5,5,"median_abs_prediction_error","within_1.05_best_then_min_budget"
"TS","linear",0.5,0.5,0.5,150,8,900,900,112,5,38,38,8,8,135896,76,TRUE,16.4400000000001,0.165617292280855,"TS",NA,NA,NA,NA,NA,NA,NA,"E2_linear_s_sweep","E__linear_s_sweep_n1800_p1800_sstar5_s10_h19756f1c",1800,1800,5,10,38,0.5,150,8,20390458,20400458,20500458,2.5,1.5,5,"median_abs_prediction_error","within_1.05_best_then_min_budget"
"FD","linear",NA,NA,NA,NA,NA,NA,NA,NA,5,NA,NA,NA,NA,NA,76,TRUE,9.5,0.213385760272729,"FD_budget",76,38,38,NA,NA,NA,NA,"E2_linear_s_sweep","E__linear_s_sweep_n1800_p1800_sstar5_s10_h19756f1c",1800,1800,5,10,38,0.5,150,8,20390458,20400458,20500458,2.5,1.5,5,"median_abs_prediction_error","within_1.05_best_then_min_budget"
"FS","linear",NA,NA,NA,NA,NA,NA,NA,NA,NA,NA,NA,NA,NA,NA,76,TRUE,1.35000000000014,5.52542894679831,"FS",NA,NA,NA,22,81,8,8,"E2_linear_s_sweep","E__linear_s_sweep_n1800_p1800_sstar5_s10_h19756f1c",1800,1800,5,10,38,0.5,150,8,20390458,20400458,20500458,2.5,1.5,5,"median_abs_prediction_error","within_1.05_best_then_min_budget"
"TS","linear",0.5,0.5,0.5,150,8,900,900,112,5,38,38,8,8,135896,76,TRUE,16.3599999999999,0.217726869889174,"TS",NA,NA,NA,NA,NA,NA,NA,"E2_linear_s_sweep","E__linear_s_sweep_n1800_p1800_sstar5_s10_h19756f1c",1800,1800,5,10,39,0.5,150,8,20390459,20400459,20500459,2.5,1.5,5,"median_abs_prediction_error","within_1.05_best_then_min_budget"
"FD","linear",NA,NA,NA,NA,NA,NA,NA,NA,5,NA,NA,NA,NA,NA,76,TRUE,9.89999999999986,0.395458237664393,"FD_budget",76,38,38,NA,NA,NA,NA,"E2_linear_s_sweep","E__linear_s_sweep_n1800_p1800_sstar5_s10_h19756f1c",1800,1800,5,10,39,0.5,150,8,20390459,20400459,20500459,2.5,1.5,5,"median_abs_prediction_error","within_1.05_best_then_min_budget"
"FS","linear",NA,NA,NA,NA,NA,NA,NA,NA,NA,NA,NA,NA,NA,NA,76,TRUE,1.40999999999985,9.24584620324453,"FS",NA,NA,NA,22,81,8,8,"E2_linear_s_sweep","E__linear_s_sweep_n1800_p1800_sstar5_s10_h19756f1c",1800,1800,5,10,39,0.5,150,8,20390459,20400459,20500459,2.5,1.5,5,"median_abs_prediction_error","within_1.05_best_then_min_budget"
"TS","linear",0.5,0.5,0.5,150,8,900,900,112,5,38,38,8,8,135896,76,TRUE,15.1199999999999,0.157059228566924,"TS",NA,NA,NA,NA,NA,NA,NA,"E2_linear_s_sweep","E__linear_s_sweep_n1800_p1800_sstar5_s10_h19756f1c",1800,1800,5,10,40,0.5,150,8,20390460,20400460,20500460,2.5,1.5,5,"median_abs_prediction_error","within_1.05_best_then_min_budget"
"FD","linear",NA,NA,NA,NA,NA,NA,NA,NA,5,NA,NA,NA,NA,NA,76,TRUE,10.75,0.422494144535475,"FD_budget",76,38,38,NA,NA,NA,NA,"E2_linear_s_sweep","E__linear_s_sweep_n1800_p1800_sstar5_s10_h19756f1c",1800,1800,5,10,40,0.5,150,8,20390460,20400460,20500460,2.5,1.5,5,"median_abs_prediction_error","within_1.05_best_then_min_budget"
"FS","linear",NA,NA,NA,NA,NA,NA,NA,NA,NA,NA,NA,NA,NA,NA,76,TRUE,2.05999999999995,6.50132704043368,"FS",NA,NA,NA,22,81,8,8,"E2_linear_s_sweep","E__linear_s_sweep_n1800_p1800_sstar5_s10_h19756f1c",1800,1800,5,10,40,0.5,150,8,20390460,20400460,20500460,2.5,1.5,5,"median_abs_prediction_error","within_1.05_best_then_min_budget"
"TS","linear",0.5,0.5,0.5,150,8,900,900,112,5,38,38,8,8,135896,76,TRUE,15.03,0.166852402555501,"TS",NA,NA,NA,NA,NA,NA,NA,"E2_linear_s_sweep","E__linear_s_sweep_n1800_p1800_sstar5_s10_h19756f1c",1800,1800,5,10,41,0.5,150,8,20390461,20400461,20500461,2.5,1.5,5,"median_abs_prediction_error","within_1.05_best_then_min_budget"
"FD","linear",NA,NA,NA,NA,NA,NA,NA,NA,5,NA,NA,NA,NA,NA,76,TRUE,10.95,0.472356328631722,"FD_budget",76,38,38,NA,NA,NA,NA,"E2_linear_s_sweep","E__linear_s_sweep_n1800_p1800_sstar5_s10_h19756f1c",1800,1800,5,10,41,0.5,150,8,20390461,20400461,20500461,2.5,1.5,5,"median_abs_prediction_error","within_1.05_best_then_min_budget"
"FS","linear",NA,NA,NA,NA,NA,NA,NA,NA,NA,NA,NA,NA,NA,NA,76,TRUE,1.3900000000001,8.08252125362931,"FS",NA,NA,NA,22,81,8,8,"E2_linear_s_sweep","E__linear_s_sweep_n1800_p1800_sstar5_s10_h19756f1c",1800,1800,5,10,41,0.5,150,8,20390461,20400461,20500461,2.5,1.5,5,"median_abs_prediction_error","within_1.05_best_then_min_budget"
"TS","linear",0.5,0.5,0.5,150,8,900,900,112,5,38,38,8,8,135896,76,TRUE,15.1900000000001,0.209730054404821,"TS",NA,NA,NA,NA,NA,NA,NA,"E2_linear_s_sweep","E__linear_s_sweep_n1800_p1800_sstar5_s10_h19756f1c",1800,1800,5,10,42,0.5,150,8,20390462,20400462,20500462,2.5,1.5,5,"median_abs_prediction_error","within_1.05_best_then_min_budget"
"FD","linear",NA,NA,NA,NA,NA,NA,NA,NA,5,NA,NA,NA,NA,NA,76,TRUE,12.6700000000001,0.365627517709904,"FD_budget",76,38,38,NA,NA,NA,NA,"E2_linear_s_sweep","E__linear_s_sweep_n1800_p1800_sstar5_s10_h19756f1c",1800,1800,5,10,42,0.5,150,8,20390462,20400462,20500462,2.5,1.5,5,"median_abs_prediction_error","within_1.05_best_then_min_budget"
"FS","linear",NA,NA,NA,NA,NA,NA,NA,NA,NA,NA,NA,NA,NA,NA,76,TRUE,3.08000000000015,5.50354865256005,"FS",NA,NA,NA,22,81,8,8,"E2_linear_s_sweep","E__linear_s_sweep_n1800_p1800_sstar5_s10_h19756f1c",1800,1800,5,10,42,0.5,150,8,20390462,20400462,20500462,2.5,1.5,5,"median_abs_prediction_error","within_1.05_best_then_min_budget"
"TS","linear",0.5,0.5,0.5,150,8,900,900,112,5,38,38,8,8,135896,76,TRUE,16.1099999999999,0.150950071585978,"TS",NA,NA,NA,NA,NA,NA,NA,"E2_linear_s_sweep","E__linear_s_sweep_n1800_p1800_sstar5_s10_h19756f1c",1800,1800,5,10,43,0.5,150,8,20390463,20400463,20500463,2.5,1.5,5,"median_abs_prediction_error","within_1.05_best_then_min_budget"
"FD","linear",NA,NA,NA,NA,NA,NA,NA,NA,5,NA,NA,NA,NA,NA,76,TRUE,11.4100000000001,0.539305757428783,"FD_budget",76,38,38,NA,NA,NA,NA,"E2_linear_s_sweep","E__linear_s_sweep_n1800_p1800_sstar5_s10_h19756f1c",1800,1800,5,10,43,0.5,150,8,20390463,20400463,20500463,2.5,1.5,5,"median_abs_prediction_error","within_1.05_best_then_min_budget"
"FS","linear",NA,NA,NA,NA,NA,NA,NA,NA,NA,NA,NA,NA,NA,NA,76,TRUE,3.41000000000008,5.12826014781867,"FS",NA,NA,NA,22,81,8,8,"E2_linear_s_sweep","E__linear_s_sweep_n1800_p1800_sstar5_s10_h19756f1c",1800,1800,5,10,43,0.5,150,8,20390463,20400463,20500463,2.5,1.5,5,"median_abs_prediction_error","within_1.05_best_then_min_budget"
"TS","linear",0.5,0.5,0.5,150,8,900,900,112,5,38,38,8,8,135896,76,TRUE,15.75,0.191703574042264,"TS",NA,NA,NA,NA,NA,NA,NA,"E2_linear_s_sweep","E__linear_s_sweep_n1800_p1800_sstar5_s10_h19756f1c",1800,1800,5,10,44,0.5,150,8,20390464,20400464,20500464,2.5,1.5,5,"median_abs_prediction_error","within_1.05_best_then_min_budget"
"FD","linear",NA,NA,NA,NA,NA,NA,NA,NA,5,NA,NA,NA,NA,NA,76,TRUE,11.28,0.26653595076863,"FD_budget",76,38,38,NA,NA,NA,NA,"E2_linear_s_sweep","E__linear_s_sweep_n1800_p1800_sstar5_s10_h19756f1c",1800,1800,5,10,44,0.5,150,8,20390464,20400464,20500464,2.5,1.5,5,"median_abs_prediction_error","within_1.05_best_then_min_budget"
"FS","linear",NA,NA,NA,NA,NA,NA,NA,NA,NA,NA,NA,NA,NA,NA,76,TRUE,2.82000000000016,8.86369458781575,"FS",NA,NA,NA,22,81,8,8,"E2_linear_s_sweep","E__linear_s_sweep_n1800_p1800_sstar5_s10_h19756f1c",1800,1800,5,10,44,0.5,150,8,20390464,20400464,20500464,2.5,1.5,5,"median_abs_prediction_error","within_1.05_best_then_min_budget"
"TS","linear",0.5,0.5,0.5,150,8,900,900,112,5,38,38,8,8,135896,76,TRUE,15.6700000000001,0.140629201369826,"TS",NA,NA,NA,NA,NA,NA,NA,"E2_linear_s_sweep","E__linear_s_sweep_n1800_p1800_sstar5_s10_h19756f1c",1800,1800,5,10,45,0.5,150,8,20390465,20400465,20500465,2.5,1.5,5,"median_abs_prediction_error","within_1.05_best_then_min_budget"
"FD","linear",NA,NA,NA,NA,NA,NA,NA,NA,5,NA,NA,NA,NA,NA,76,TRUE,10.4199999999998,0.382211537968659,"FD_budget",76,38,38,NA,NA,NA,NA,"E2_linear_s_sweep","E__linear_s_sweep_n1800_p1800_sstar5_s10_h19756f1c",1800,1800,5,10,45,0.5,150,8,20390465,20400465,20500465,2.5,1.5,5,"median_abs_prediction_error","within_1.05_best_then_min_budget"
"FS","linear",NA,NA,NA,NA,NA,NA,NA,NA,NA,NA,NA,NA,NA,NA,76,TRUE,1.44000000000005,5.31912486424771,"FS",NA,NA,NA,22,81,8,8,"E2_linear_s_sweep","E__linear_s_sweep_n1800_p1800_sstar5_s10_h19756f1c",1800,1800,5,10,45,0.5,150,8,20390465,20400465,20500465,2.5,1.5,5,"median_abs_prediction_error","within_1.05_best_then_min_budget"
"TS","linear",0.5,0.5,0.5,150,8,900,900,112,5,38,38,8,8,135896,76,TRUE,15.47,0.160905361606391,"TS",NA,NA,NA,NA,NA,NA,NA,"E2_linear_s_sweep","E__linear_s_sweep_n1800_p1800_sstar5_s10_h19756f1c",1800,1800,5,10,46,0.5,150,8,20390466,20400466,20500466,2.5,1.5,5,"median_abs_prediction_error","within_1.05_best_then_min_budget"
"FD","linear",NA,NA,NA,NA,NA,NA,NA,NA,5,NA,NA,NA,NA,NA,76,TRUE,10.8999999999999,0.345105668077366,"FD_budget",76,38,38,NA,NA,NA,NA,"E2_linear_s_sweep","E__linear_s_sweep_n1800_p1800_sstar5_s10_h19756f1c",1800,1800,5,10,46,0.5,150,8,20390466,20400466,20500466,2.5,1.5,5,"median_abs_prediction_error","within_1.05_best_then_min_budget"
"FS","linear",NA,NA,NA,NA,NA,NA,NA,NA,NA,NA,NA,NA,NA,NA,76,TRUE,2.47000000000003,10.5661647479767,"FS",NA,NA,NA,22,81,8,8,"E2_linear_s_sweep","E__linear_s_sweep_n1800_p1800_sstar5_s10_h19756f1c",1800,1800,5,10,46,0.5,150,8,20390466,20400466,20500466,2.5,1.5,5,"median_abs_prediction_error","within_1.05_best_then_min_budget"
"TS","linear",0.5,0.5,0.5,150,8,900,900,112,5,38,38,8,8,135896,76,TRUE,15.76,0.223738037840796,"TS",NA,NA,NA,NA,NA,NA,NA,"E2_linear_s_sweep","E__linear_s_sweep_n1800_p1800_sstar5_s10_h19756f1c",1800,1800,5,10,47,0.5,150,8,20390467,20400467,20500467,2.5,1.5,5,"median_abs_prediction_error","within_1.05_best_then_min_budget"
"FD","linear",NA,NA,NA,NA,NA,NA,NA,NA,5,NA,NA,NA,NA,NA,76,TRUE,10.2,0.263763291706032,"FD_budget",76,38,38,NA,NA,NA,NA,"E2_linear_s_sweep","E__linear_s_sweep_n1800_p1800_sstar5_s10_h19756f1c",1800,1800,5,10,47,0.5,150,8,20390467,20400467,20500467,2.5,1.5,5,"median_abs_prediction_error","within_1.05_best_then_min_budget"
"FS","linear",NA,NA,NA,NA,NA,NA,NA,NA,NA,NA,NA,NA,NA,NA,76,TRUE,1.80000000000018,6.26974465774382,"FS",NA,NA,NA,22,81,8,8,"E2_linear_s_sweep","E__linear_s_sweep_n1800_p1800_sstar5_s10_h19756f1c",1800,1800,5,10,47,0.5,150,8,20390467,20400467,20500467,2.5,1.5,5,"median_abs_prediction_error","within_1.05_best_then_min_budget"
"TS","linear",0.5,0.5,0.5,150,8,900,900,112,5,38,38,8,8,135896,76,TRUE,16.6400000000001,0.245389993557516,"TS",NA,NA,NA,NA,NA,NA,NA,"E2_linear_s_sweep","E__linear_s_sweep_n1800_p1800_sstar5_s10_h19756f1c",1800,1800,5,10,48,0.5,150,8,20390468,20400468,20500468,2.5,1.5,5,"median_abs_prediction_error","within_1.05_best_then_min_budget"
"FD","linear",NA,NA,NA,NA,NA,NA,NA,NA,5,NA,NA,NA,NA,NA,76,TRUE,10.2,0.409289852233238,"FD_budget",76,38,38,NA,NA,NA,NA,"E2_linear_s_sweep","E__linear_s_sweep_n1800_p1800_sstar5_s10_h19756f1c",1800,1800,5,10,48,0.5,150,8,20390468,20400468,20500468,2.5,1.5,5,"median_abs_prediction_error","within_1.05_best_then_min_budget"
"FS","linear",NA,NA,NA,NA,NA,NA,NA,NA,NA,NA,NA,NA,NA,NA,76,TRUE,1.72000000000003,4.92561266161694,"FS",NA,NA,NA,22,81,8,8,"E2_linear_s_sweep","E__linear_s_sweep_n1800_p1800_sstar5_s10_h19756f1c",1800,1800,5,10,48,0.5,150,8,20390468,20400468,20500468,2.5,1.5,5,"median_abs_prediction_error","within_1.05_best_then_min_budget"
"TS","linear",0.5,0.5,0.5,150,8,900,900,112,5,38,38,8,8,135896,76,TRUE,15.6700000000001,0.209165875001048,"TS",NA,NA,NA,NA,NA,NA,NA,"E2_linear_s_sweep","E__linear_s_sweep_n1800_p1800_sstar5_s10_h19756f1c",1800,1800,5,10,49,0.5,150,8,20390469,20400469,20500469,2.5,1.5,5,"median_abs_prediction_error","within_1.05_best_then_min_budget"
"FD","linear",NA,NA,NA,NA,NA,NA,NA,NA,5,NA,NA,NA,NA,NA,76,TRUE,10.1900000000001,0.409875780075293,"FD_budget",76,38,38,NA,NA,NA,NA,"E2_linear_s_sweep","E__linear_s_sweep_n1800_p1800_sstar5_s10_h19756f1c",1800,1800,5,10,49,0.5,150,8,20390469,20400469,20500469,2.5,1.5,5,"median_abs_prediction_error","within_1.05_best_then_min_budget"
"FS","linear",NA,NA,NA,NA,NA,NA,NA,NA,NA,NA,NA,NA,NA,NA,76,TRUE,1.63000000000011,9.13295613648583,"FS",NA,NA,NA,22,81,8,8,"E2_linear_s_sweep","E__linear_s_sweep_n1800_p1800_sstar5_s10_h19756f1c",1800,1800,5,10,49,0.5,150,8,20390469,20400469,20500469,2.5,1.5,5,"median_abs_prediction_error","within_1.05_best_then_min_budget"
"TS","linear",0.5,0.5,0.5,150,8,900,900,112,5,38,38,8,8,135896,76,TRUE,15.25,0.185504285312231,"TS",NA,NA,NA,NA,NA,NA,NA,"E2_linear_s_sweep","E__linear_s_sweep_n1800_p1800_sstar5_s10_h19756f1c",1800,1800,5,10,50,0.5,150,8,20390470,20400470,20500470,2.5,1.5,5,"median_abs_prediction_error","within_1.05_best_then_min_budget"
"FD","linear",NA,NA,NA,NA,NA,NA,NA,NA,5,NA,NA,NA,NA,NA,76,TRUE,10.97,0.382978014808829,"FD_budget",76,38,38,NA,NA,NA,NA,"E2_linear_s_sweep","E__linear_s_sweep_n1800_p1800_sstar5_s10_h19756f1c",1800,1800,5,10,50,0.5,150,8,20390470,20400470,20500470,2.5,1.5,5,"median_abs_prediction_error","within_1.05_best_then_min_budget"
"FS","linear",NA,NA,NA,NA,NA,NA,NA,NA,NA,NA,NA,NA,NA,NA,76,TRUE,3.23000000000002,6.14502184939253,"FS",NA,NA,NA,22,81,8,8,"E2_linear_s_sweep","E__linear_s_sweep_n1800_p1800_sstar5_s10_h19756f1c",1800,1800,5,10,50,0.5,150,8,20390470,20400470,20500470,2.5,1.5,5,"median_abs_prediction_error","within_1.05_best_then_min_budget"
"TS","linear",0.5,0.5,0.5,150,8,900,900,112,5,38,38,8,8,135896,76,TRUE,15.3000000000002,0.142842923714009,"TS",NA,NA,NA,NA,NA,NA,NA,"E2_linear_s_sweep","E__linear_s_sweep_n1800_p1800_sstar5_s10_h19756f1c",1800,1800,5,10,51,0.5,150,8,20390471,20400471,20500471,2.5,1.5,5,"median_abs_prediction_error","within_1.05_best_then_min_budget"
"FD","linear",NA,NA,NA,NA,NA,NA,NA,NA,5,NA,NA,NA,NA,NA,76,TRUE,11.28,0.380135483666087,"FD_budget",76,38,38,NA,NA,NA,NA,"E2_linear_s_sweep","E__linear_s_sweep_n1800_p1800_sstar5_s10_h19756f1c",1800,1800,5,10,51,0.5,150,8,20390471,20400471,20500471,2.5,1.5,5,"median_abs_prediction_error","within_1.05_best_then_min_budget"
"FS","linear",NA,NA,NA,NA,NA,NA,NA,NA,NA,NA,NA,NA,NA,NA,76,TRUE,3.1400000000001,7.56387517414738,"FS",NA,NA,NA,22,81,8,8,"E2_linear_s_sweep","E__linear_s_sweep_n1800_p1800_sstar5_s10_h19756f1c",1800,1800,5,10,51,0.5,150,8,20390471,20400471,20500471,2.5,1.5,5,"median_abs_prediction_error","within_1.05_best_then_min_budget"
"TS","linear",0.5,0.5,0.5,150,8,900,900,112,5,38,38,8,8,135896,76,TRUE,15.5799999999999,0.141945902666508,"TS",NA,NA,NA,NA,NA,NA,NA,"E2_linear_s_sweep","E__linear_s_sweep_n1800_p1800_sstar5_s10_h19756f1c",1800,1800,5,10,52,0.5,150,8,20390472,20400472,20500472,2.5,1.5,5,"median_abs_prediction_error","within_1.05_best_then_min_budget"
"FD","linear",NA,NA,NA,NA,NA,NA,NA,NA,5,NA,NA,NA,NA,NA,76,TRUE,10,0.47986960547898,"FD_budget",76,38,38,NA,NA,NA,NA,"E2_linear_s_sweep","E__linear_s_sweep_n1800_p1800_sstar5_s10_h19756f1c",1800,1800,5,10,52,0.5,150,8,20390472,20400472,20500472,2.5,1.5,5,"median_abs_prediction_error","within_1.05_best_then_min_budget"
"FS","linear",NA,NA,NA,NA,NA,NA,NA,NA,NA,NA,NA,NA,NA,NA,76,TRUE,1.72000000000003,6.98216876875012,"FS",NA,NA,NA,22,81,8,8,"E2_linear_s_sweep","E__linear_s_sweep_n1800_p1800_sstar5_s10_h19756f1c",1800,1800,5,10,52,0.5,150,8,20390472,20400472,20500472,2.5,1.5,5,"median_abs_prediction_error","within_1.05_best_then_min_budget"
"TS","linear",0.5,0.5,0.5,150,8,900,900,112,5,38,38,8,8,135896,76,TRUE,14.3299999999999,0.244900866776031,"TS",NA,NA,NA,NA,NA,NA,NA,"E2_linear_s_sweep","E__linear_s_sweep_n1800_p1800_sstar5_s10_h19756f1c",1800,1800,5,10,53,0.5,150,8,20390473,20400473,20500473,2.5,1.5,5,"median_abs_prediction_error","within_1.05_best_then_min_budget"
"FD","linear",NA,NA,NA,NA,NA,NA,NA,NA,5,NA,NA,NA,NA,NA,76,TRUE,10.3999999999999,0.449249475062381,"FD_budget",76,38,38,NA,NA,NA,NA,"E2_linear_s_sweep","E__linear_s_sweep_n1800_p1800_sstar5_s10_h19756f1c",1800,1800,5,10,53,0.5,150,8,20390473,20400473,20500473,2.5,1.5,5,"median_abs_prediction_error","within_1.05_best_then_min_budget"
"FS","linear",NA,NA,NA,NA,NA,NA,NA,NA,NA,NA,NA,NA,NA,NA,76,TRUE,1.91999999999985,7.438112952473,"FS",NA,NA,NA,22,81,8,8,"E2_linear_s_sweep","E__linear_s_sweep_n1800_p1800_sstar5_s10_h19756f1c",1800,1800,5,10,53,0.5,150,8,20390473,20400473,20500473,2.5,1.5,5,"median_abs_prediction_error","within_1.05_best_then_min_budget"
"TS","linear",0.5,0.5,0.5,150,8,900,900,112,5,38,38,8,8,135896,76,TRUE,16.25,0.197813919474802,"TS",NA,NA,NA,NA,NA,NA,NA,"E2_linear_s_sweep","E__linear_s_sweep_n1800_p1800_sstar5_s10_h19756f1c",1800,1800,5,10,54,0.5,150,8,20390474,20400474,20500474,2.5,1.5,5,"median_abs_prediction_error","within_1.05_best_then_min_budget"
"FD","linear",NA,NA,NA,NA,NA,NA,NA,NA,5,NA,NA,NA,NA,NA,76,TRUE,10.3900000000001,0.334210874168245,"FD_budget",76,38,38,NA,NA,NA,NA,"E2_linear_s_sweep","E__linear_s_sweep_n1800_p1800_sstar5_s10_h19756f1c",1800,1800,5,10,54,0.5,150,8,20390474,20400474,20500474,2.5,1.5,5,"median_abs_prediction_error","within_1.05_best_then_min_budget"
"FS","linear",NA,NA,NA,NA,NA,NA,NA,NA,NA,NA,NA,NA,NA,NA,76,TRUE,1.88000000000011,6.98983457388223,"FS",NA,NA,NA,22,81,8,8,"E2_linear_s_sweep","E__linear_s_sweep_n1800_p1800_sstar5_s10_h19756f1c",1800,1800,5,10,54,0.5,150,8,20390474,20400474,20500474,2.5,1.5,5,"median_abs_prediction_error","within_1.05_best_then_min_budget"
"TS","linear",0.5,0.5,0.5,150,8,900,900,112,5,38,38,8,8,135896,76,TRUE,16.9099999999999,0.222063752366513,"TS",NA,NA,NA,NA,NA,NA,NA,"E2_linear_s_sweep","E__linear_s_sweep_n1800_p1800_sstar5_s10_h19756f1c",1800,1800,5,10,55,0.5,150,8,20390475,20400475,20500475,2.5,1.5,5,"median_abs_prediction_error","within_1.05_best_then_min_budget"
"FD","linear",NA,NA,NA,NA,NA,NA,NA,NA,5,NA,NA,NA,NA,NA,76,TRUE,14.2199999999998,0.324381137518534,"FD_budget",76,38,38,NA,NA,NA,NA,"E2_linear_s_sweep","E__linear_s_sweep_n1800_p1800_sstar5_s10_h19756f1c",1800,1800,5,10,55,0.5,150,8,20390475,20400475,20500475,2.5,1.5,5,"median_abs_prediction_error","within_1.05_best_then_min_budget"
"FS","linear",NA,NA,NA,NA,NA,NA,NA,NA,NA,NA,NA,NA,NA,NA,76,TRUE,3.44000000000005,5.22121090673446,"FS",NA,NA,NA,22,81,8,8,"E2_linear_s_sweep","E__linear_s_sweep_n1800_p1800_sstar5_s10_h19756f1c",1800,1800,5,10,55,0.5,150,8,20390475,20400475,20500475,2.5,1.5,5,"median_abs_prediction_error","within_1.05_best_then_min_budget"
"TS","linear",0.5,0.5,0.5,150,8,900,900,112,5,38,38,8,8,135896,76,TRUE,15.75,0.222040964453633,"TS",NA,NA,NA,NA,NA,NA,NA,"E2_linear_s_sweep","E__linear_s_sweep_n1800_p1800_sstar5_s10_h19756f1c",1800,1800,5,10,56,0.5,150,8,20390476,20400476,20500476,2.5,1.5,5,"median_abs_prediction_error","within_1.05_best_then_min_budget"
"FD","linear",NA,NA,NA,NA,NA,NA,NA,NA,5,NA,NA,NA,NA,NA,76,TRUE,16.2,0.482105106242894,"FD_budget",76,38,38,NA,NA,NA,NA,"E2_linear_s_sweep","E__linear_s_sweep_n1800_p1800_sstar5_s10_h19756f1c",1800,1800,5,10,56,0.5,150,8,20390476,20400476,20500476,2.5,1.5,5,"median_abs_prediction_error","within_1.05_best_then_min_budget"
"FS","linear",NA,NA,NA,NA,NA,NA,NA,NA,NA,NA,NA,NA,NA,NA,76,TRUE,3.25999999999999,6.36006071917268,"FS",NA,NA,NA,22,81,8,8,"E2_linear_s_sweep","E__linear_s_sweep_n1800_p1800_sstar5_s10_h19756f1c",1800,1800,5,10,56,0.5,150,8,20390476,20400476,20500476,2.5,1.5,5,"median_abs_prediction_error","within_1.05_best_then_min_budget"
"TS","linear",0.5,0.5,0.5,150,8,900,900,112,5,38,38,8,8,135896,76,TRUE,19.03,0.195118651712542,"TS",NA,NA,NA,NA,NA,NA,NA,"E2_linear_s_sweep","E__linear_s_sweep_n1800_p1800_sstar5_s10_h19756f1c",1800,1800,5,10,57,0.5,150,8,20390477,20400477,20500477,2.5,1.5,5,"median_abs_prediction_error","within_1.05_best_then_min_budget"
"FD","linear",NA,NA,NA,NA,NA,NA,NA,NA,5,NA,NA,NA,NA,NA,76,TRUE,18.1900000000001,0.341066432611802,"FD_budget",76,38,38,NA,NA,NA,NA,"E2_linear_s_sweep","E__linear_s_sweep_n1800_p1800_sstar5_s10_h19756f1c",1800,1800,5,10,57,0.5,150,8,20390477,20400477,20500477,2.5,1.5,5,"median_abs_prediction_error","within_1.05_best_then_min_budget"
"FS","linear",NA,NA,NA,NA,NA,NA,NA,NA,NA,NA,NA,NA,NA,NA,76,TRUE,3.29999999999995,4.71076517546139,"FS",NA,NA,NA,22,81,8,8,"E2_linear_s_sweep","E__linear_s_sweep_n1800_p1800_sstar5_s10_h19756f1c",1800,1800,5,10,57,0.5,150,8,20390477,20400477,20500477,2.5,1.5,5,"median_abs_prediction_error","within_1.05_best_then_min_budget"
"TS","linear",0.5,0.5,0.5,150,8,900,900,112,5,38,38,8,8,135896,76,TRUE,15.5,0.205391394702958,"TS",NA,NA,NA,NA,NA,NA,NA,"E2_linear_s_sweep","E__linear_s_sweep_n1800_p1800_sstar5_s10_h19756f1c",1800,1800,5,10,58,0.5,150,8,20390478,20400478,20500478,2.5,1.5,5,"median_abs_prediction_error","within_1.05_best_then_min_budget"
"FD","linear",NA,NA,NA,NA,NA,NA,NA,NA,5,NA,NA,NA,NA,NA,76,TRUE,13.75,0.503788784776038,"FD_budget",76,38,38,NA,NA,NA,NA,"E2_linear_s_sweep","E__linear_s_sweep_n1800_p1800_sstar5_s10_h19756f1c",1800,1800,5,10,58,0.5,150,8,20390478,20400478,20500478,2.5,1.5,5,"median_abs_prediction_error","within_1.05_best_then_min_budget"
"FS","linear",NA,NA,NA,NA,NA,NA,NA,NA,NA,NA,NA,NA,NA,NA,76,TRUE,3.70000000000005,6.93680689626729,"FS",NA,NA,NA,22,81,8,8,"E2_linear_s_sweep","E__linear_s_sweep_n1800_p1800_sstar5_s10_h19756f1c",1800,1800,5,10,58,0.5,150,8,20390478,20400478,20500478,2.5,1.5,5,"median_abs_prediction_error","within_1.05_best_then_min_budget"
"TS","linear",0.5,0.5,0.5,150,8,900,900,112,5,38,38,8,8,135896,76,TRUE,15.5999999999999,0.192183525156493,"TS",NA,NA,NA,NA,NA,NA,NA,"E2_linear_s_sweep","E__linear_s_sweep_n1800_p1800_sstar5_s10_h19756f1c",1800,1800,5,10,59,0.5,150,8,20390479,20400479,20500479,2.5,1.5,5,"median_abs_prediction_error","within_1.05_best_then_min_budget"
"FD","linear",NA,NA,NA,NA,NA,NA,NA,NA,5,NA,NA,NA,NA,NA,76,TRUE,10.23,0.416219975788918,"FD_budget",76,38,38,NA,NA,NA,NA,"E2_linear_s_sweep","E__linear_s_sweep_n1800_p1800_sstar5_s10_h19756f1c",1800,1800,5,10,59,0.5,150,8,20390479,20400479,20500479,2.5,1.5,5,"median_abs_prediction_error","within_1.05_best_then_min_budget"
"FS","linear",NA,NA,NA,NA,NA,NA,NA,NA,NA,NA,NA,NA,NA,NA,76,TRUE,1.54999999999995,5.31357769591362,"FS",NA,NA,NA,22,81,8,8,"E2_linear_s_sweep","E__linear_s_sweep_n1800_p1800_sstar5_s10_h19756f1c",1800,1800,5,10,59,0.5,150,8,20390479,20400479,20500479,2.5,1.5,5,"median_abs_prediction_error","within_1.05_best_then_min_budget"
"TS","linear",0.5,0.5,0.5,150,8,900,900,112,5,38,38,8,8,135896,76,TRUE,16.3500000000001,0.238175740285893,"TS",NA,NA,NA,NA,NA,NA,NA,"E2_linear_s_sweep","E__linear_s_sweep_n1800_p1800_sstar5_s10_h19756f1c",1800,1800,5,10,60,0.5,150,8,20390480,20400480,20500480,2.5,1.5,5,"median_abs_prediction_error","within_1.05_best_then_min_budget"
"FD","linear",NA,NA,NA,NA,NA,NA,NA,NA,5,NA,NA,NA,NA,NA,76,TRUE,14.6599999999999,0.409712210265366,"FD_budget",76,38,38,NA,NA,NA,NA,"E2_linear_s_sweep","E__linear_s_sweep_n1800_p1800_sstar5_s10_h19756f1c",1800,1800,5,10,60,0.5,150,8,20390480,20400480,20500480,2.5,1.5,5,"median_abs_prediction_error","within_1.05_best_then_min_budget"
"FS","linear",NA,NA,NA,NA,NA,NA,NA,NA,NA,NA,NA,NA,NA,NA,76,TRUE,3.16000000000008,6.97691895462819,"FS",NA,NA,NA,22,81,8,8,"E2_linear_s_sweep","E__linear_s_sweep_n1800_p1800_sstar5_s10_h19756f1c",1800,1800,5,10,60,0.5,150,8,20390480,20400480,20500480,2.5,1.5,5,"median_abs_prediction_error","within_1.05_best_then_min_budget"
"TS","linear",0.5,0.5,0.5,150,8,900,900,112,5,38,38,8,8,135896,76,TRUE,15.8600000000001,0.198689468958571,"TS",NA,NA,NA,NA,NA,NA,NA,"E2_linear_s_sweep","E__linear_s_sweep_n1800_p1800_sstar5_s10_h19756f1c",1800,1800,5,10,61,0.5,150,8,20390481,20400481,20500481,2.5,1.5,5,"median_abs_prediction_error","within_1.05_best_then_min_budget"
"FD","linear",NA,NA,NA,NA,NA,NA,NA,NA,5,NA,NA,NA,NA,NA,76,TRUE,11.5,0.598821403394444,"FD_budget",76,38,38,NA,NA,NA,NA,"E2_linear_s_sweep","E__linear_s_sweep_n1800_p1800_sstar5_s10_h19756f1c",1800,1800,5,10,61,0.5,150,8,20390481,20400481,20500481,2.5,1.5,5,"median_abs_prediction_error","within_1.05_best_then_min_budget"
"FS","linear",NA,NA,NA,NA,NA,NA,NA,NA,NA,NA,NA,NA,NA,NA,76,TRUE,3.13999999999987,5.24877922058174,"FS",NA,NA,NA,22,81,8,8,"E2_linear_s_sweep","E__linear_s_sweep_n1800_p1800_sstar5_s10_h19756f1c",1800,1800,5,10,61,0.5,150,8,20390481,20400481,20500481,2.5,1.5,5,"median_abs_prediction_error","within_1.05_best_then_min_budget"
"TS","linear",0.5,0.5,0.5,150,8,900,900,112,5,38,38,8,8,135896,76,TRUE,14.6399999999999,0.15500797560931,"TS",NA,NA,NA,NA,NA,NA,NA,"E2_linear_s_sweep","E__linear_s_sweep_n1800_p1800_sstar5_s10_h19756f1c",1800,1800,5,10,62,0.5,150,8,20390482,20400482,20500482,2.5,1.5,5,"median_abs_prediction_error","within_1.05_best_then_min_budget"
"FD","linear",NA,NA,NA,NA,NA,NA,NA,NA,5,NA,NA,NA,NA,NA,76,TRUE,10.2,0.360166796091124,"FD_budget",76,38,38,NA,NA,NA,NA,"E2_linear_s_sweep","E__linear_s_sweep_n1800_p1800_sstar5_s10_h19756f1c",1800,1800,5,10,62,0.5,150,8,20390482,20400482,20500482,2.5,1.5,5,"median_abs_prediction_error","within_1.05_best_then_min_budget"
"FS","linear",NA,NA,NA,NA,NA,NA,NA,NA,NA,NA,NA,NA,NA,NA,76,TRUE,2.04999999999995,5.30002261860917,"FS",NA,NA,NA,22,81,8,8,"E2_linear_s_sweep","E__linear_s_sweep_n1800_p1800_sstar5_s10_h19756f1c",1800,1800,5,10,62,0.5,150,8,20390482,20400482,20500482,2.5,1.5,5,"median_abs_prediction_error","within_1.05_best_then_min_budget"
"TS","linear",0.5,0.5,0.5,150,8,900,900,112,5,38,38,8,8,135896,76,TRUE,28.5300000000002,0.174486317126761,"TS",NA,NA,NA,NA,NA,NA,NA,"E2_linear_s_sweep","E__linear_s_sweep_n1800_p1800_sstar5_s10_h19756f1c",1800,1800,5,10,63,0.5,150,8,20390483,20400483,20500483,2.5,1.5,5,"median_abs_prediction_error","within_1.05_best_then_min_budget"
"FD","linear",NA,NA,NA,NA,NA,NA,NA,NA,5,NA,NA,NA,NA,NA,76,TRUE,13.9499999999998,0.35439661440144,"FD_budget",76,38,38,NA,NA,NA,NA,"E2_linear_s_sweep","E__linear_s_sweep_n1800_p1800_sstar5_s10_h19756f1c",1800,1800,5,10,63,0.5,150,8,20390483,20400483,20500483,2.5,1.5,5,"median_abs_prediction_error","within_1.05_best_then_min_budget"
"FS","linear",NA,NA,NA,NA,NA,NA,NA,NA,NA,NA,NA,NA,NA,NA,76,TRUE,3.08000000000015,6.70681891057059,"FS",NA,NA,NA,22,81,8,8,"E2_linear_s_sweep","E__linear_s_sweep_n1800_p1800_sstar5_s10_h19756f1c",1800,1800,5,10,63,0.5,150,8,20390483,20400483,20500483,2.5,1.5,5,"median_abs_prediction_error","within_1.05_best_then_min_budget"
"TS","linear",0.5,0.5,0.5,150,8,900,900,112,5,38,38,8,8,135896,76,TRUE,28.8600000000001,0.237537340530899,"TS",NA,NA,NA,NA,NA,NA,NA,"E2_linear_s_sweep","E__linear_s_sweep_n1800_p1800_sstar5_s10_h19756f1c",1800,1800,5,10,64,0.5,150,8,20390484,20400484,20500484,2.5,1.5,5,"median_abs_prediction_error","within_1.05_best_then_min_budget"
"FD","linear",NA,NA,NA,NA,NA,NA,NA,NA,5,NA,NA,NA,NA,NA,76,TRUE,14.8499999999999,0.289092176221612,"FD_budget",76,38,38,NA,NA,NA,NA,"E2_linear_s_sweep","E__linear_s_sweep_n1800_p1800_sstar5_s10_h19756f1c",1800,1800,5,10,64,0.5,150,8,20390484,20400484,20500484,2.5,1.5,5,"median_abs_prediction_error","within_1.05_best_then_min_budget"
"FS","linear",NA,NA,NA,NA,NA,NA,NA,NA,NA,NA,NA,NA,NA,NA,76,TRUE,2.66000000000008,4.69787944005343,"FS",NA,NA,NA,22,81,8,8,"E2_linear_s_sweep","E__linear_s_sweep_n1800_p1800_sstar5_s10_h19756f1c",1800,1800,5,10,64,0.5,150,8,20390484,20400484,20500484,2.5,1.5,5,"median_abs_prediction_error","within_1.05_best_then_min_budget"
"TS","linear",0.5,0.5,0.5,150,8,900,900,112,5,38,38,8,8,135896,76,TRUE,28.8299999999999,0.20904907687118,"TS",NA,NA,NA,NA,NA,NA,NA,"E2_linear_s_sweep","E__linear_s_sweep_n1800_p1800_sstar5_s10_h19756f1c",1800,1800,5,10,65,0.5,150,8,20390485,20400485,20500485,2.5,1.5,5,"median_abs_prediction_error","within_1.05_best_then_min_budget"
"FD","linear",NA,NA,NA,NA,NA,NA,NA,NA,5,NA,NA,NA,NA,NA,76,TRUE,15.5599999999999,0.408420986968935,"FD_budget",76,38,38,NA,NA,NA,NA,"E2_linear_s_sweep","E__linear_s_sweep_n1800_p1800_sstar5_s10_h19756f1c",1800,1800,5,10,65,0.5,150,8,20390485,20400485,20500485,2.5,1.5,5,"median_abs_prediction_error","within_1.05_best_then_min_budget"
"FS","linear",NA,NA,NA,NA,NA,NA,NA,NA,NA,NA,NA,NA,NA,NA,76,TRUE,2.77999999999997,5.30489059627133,"FS",NA,NA,NA,22,81,8,8,"E2_linear_s_sweep","E__linear_s_sweep_n1800_p1800_sstar5_s10_h19756f1c",1800,1800,5,10,65,0.5,150,8,20390485,20400485,20500485,2.5,1.5,5,"median_abs_prediction_error","within_1.05_best_then_min_budget"
"TS","linear",0.5,0.5,0.5,150,8,900,900,112,5,38,38,8,8,135896,76,TRUE,27.5599999999999,0.212265686546657,"TS",NA,NA,NA,NA,NA,NA,NA,"E2_linear_s_sweep","E__linear_s_sweep_n1800_p1800_sstar5_s10_h19756f1c",1800,1800,5,10,66,0.5,150,8,20390486,20400486,20500486,2.5,1.5,5,"median_abs_prediction_error","within_1.05_best_then_min_budget"
"FD","linear",NA,NA,NA,NA,NA,NA,NA,NA,5,NA,NA,NA,NA,NA,76,TRUE,15,0.212144730662562,"FD_budget",76,38,38,NA,NA,NA,NA,"E2_linear_s_sweep","E__linear_s_sweep_n1800_p1800_sstar5_s10_h19756f1c",1800,1800,5,10,66,0.5,150,8,20390486,20400486,20500486,2.5,1.5,5,"median_abs_prediction_error","within_1.05_best_then_min_budget"
"FS","linear",NA,NA,NA,NA,NA,NA,NA,NA,NA,NA,NA,NA,NA,NA,76,TRUE,3.05000000000018,5.03458947817312,"FS",NA,NA,NA,22,81,8,8,"E2_linear_s_sweep","E__linear_s_sweep_n1800_p1800_sstar5_s10_h19756f1c",1800,1800,5,10,66,0.5,150,8,20390486,20400486,20500486,2.5,1.5,5,"median_abs_prediction_error","within_1.05_best_then_min_budget"
"TS","linear",0.5,0.5,0.5,150,8,900,900,112,5,38,38,8,8,135896,76,TRUE,27.1700000000001,0.206129330309495,"TS",NA,NA,NA,NA,NA,NA,NA,"E2_linear_s_sweep","E__linear_s_sweep_n1800_p1800_sstar5_s10_h19756f1c",1800,1800,5,10,67,0.5,150,8,20390487,20400487,20500487,2.5,1.5,5,"median_abs_prediction_error","within_1.05_best_then_min_budget"
"FD","linear",NA,NA,NA,NA,NA,NA,NA,NA,5,NA,NA,NA,NA,NA,76,TRUE,15.4400000000001,0.441162232422711,"FD_budget",76,38,38,NA,NA,NA,NA,"E2_linear_s_sweep","E__linear_s_sweep_n1800_p1800_sstar5_s10_h19756f1c",1800,1800,5,10,67,0.5,150,8,20390487,20400487,20500487,2.5,1.5,5,"median_abs_prediction_error","within_1.05_best_then_min_budget"
"FS","linear",NA,NA,NA,NA,NA,NA,NA,NA,NA,NA,NA,NA,NA,NA,76,TRUE,2.55999999999995,4.53998703749556,"FS",NA,NA,NA,22,81,8,8,"E2_linear_s_sweep","E__linear_s_sweep_n1800_p1800_sstar5_s10_h19756f1c",1800,1800,5,10,67,0.5,150,8,20390487,20400487,20500487,2.5,1.5,5,"median_abs_prediction_error","within_1.05_best_then_min_budget"
"TS","linear",0.5,0.5,0.5,150,8,900,900,112,5,38,38,8,8,135896,76,TRUE,27.8099999999999,0.209934160490497,"TS",NA,NA,NA,NA,NA,NA,NA,"E2_linear_s_sweep","E__linear_s_sweep_n1800_p1800_sstar5_s10_h19756f1c",1800,1800,5,10,68,0.5,150,8,20390488,20400488,20500488,2.5,1.5,5,"median_abs_prediction_error","within_1.05_best_then_min_budget"
"FD","linear",NA,NA,NA,NA,NA,NA,NA,NA,5,NA,NA,NA,NA,NA,76,TRUE,15.0599999999999,0.390250250613048,"FD_budget",76,38,38,NA,NA,NA,NA,"E2_linear_s_sweep","E__linear_s_sweep_n1800_p1800_sstar5_s10_h19756f1c",1800,1800,5,10,68,0.5,150,8,20390488,20400488,20500488,2.5,1.5,5,"median_abs_prediction_error","within_1.05_best_then_min_budget"
"FS","linear",NA,NA,NA,NA,NA,NA,NA,NA,NA,NA,NA,NA,NA,NA,76,TRUE,2.88000000000011,7.92183194231758,"FS",NA,NA,NA,22,81,8,8,"E2_linear_s_sweep","E__linear_s_sweep_n1800_p1800_sstar5_s10_h19756f1c",1800,1800,5,10,68,0.5,150,8,20390488,20400488,20500488,2.5,1.5,5,"median_abs_prediction_error","within_1.05_best_then_min_budget"
"TS","linear",0.5,0.5,0.5,150,8,900,900,112,5,38,38,8,8,135896,76,TRUE,27.1900000000001,0.201225957200631,"TS",NA,NA,NA,NA,NA,NA,NA,"E2_linear_s_sweep","E__linear_s_sweep_n1800_p1800_sstar5_s10_h19756f1c",1800,1800,5,10,69,0.5,150,8,20390489,20400489,20500489,2.5,1.5,5,"median_abs_prediction_error","within_1.05_best_then_min_budget"
"FD","linear",NA,NA,NA,NA,NA,NA,NA,NA,5,NA,NA,NA,NA,NA,76,TRUE,15.1999999999998,0.454828710005113,"FD_budget",76,38,38,NA,NA,NA,NA,"E2_linear_s_sweep","E__linear_s_sweep_n1800_p1800_sstar5_s10_h19756f1c",1800,1800,5,10,69,0.5,150,8,20390489,20400489,20500489,2.5,1.5,5,"median_abs_prediction_error","within_1.05_best_then_min_budget"
"FS","linear",NA,NA,NA,NA,NA,NA,NA,NA,NA,NA,NA,NA,NA,NA,76,TRUE,2.95999999999981,6.02412727363223,"FS",NA,NA,NA,22,81,8,8,"E2_linear_s_sweep","E__linear_s_sweep_n1800_p1800_sstar5_s10_h19756f1c",1800,1800,5,10,69,0.5,150,8,20390489,20400489,20500489,2.5,1.5,5,"median_abs_prediction_error","within_1.05_best_then_min_budget"
"TS","linear",0.5,0.5,0.5,150,8,900,900,112,5,38,38,8,8,135896,76,TRUE,26.7,0.149191675689591,"TS",NA,NA,NA,NA,NA,NA,NA,"E2_linear_s_sweep","E__linear_s_sweep_n1800_p1800_sstar5_s10_h19756f1c",1800,1800,5,10,70,0.5,150,8,20390490,20400490,20500490,2.5,1.5,5,"median_abs_prediction_error","within_1.05_best_then_min_budget"
"FD","linear",NA,NA,NA,NA,NA,NA,NA,NA,5,NA,NA,NA,NA,NA,76,TRUE,15.0699999999999,0.492103125781565,"FD_budget",76,38,38,NA,NA,NA,NA,"E2_linear_s_sweep","E__linear_s_sweep_n1800_p1800_sstar5_s10_h19756f1c",1800,1800,5,10,70,0.5,150,8,20390490,20400490,20500490,2.5,1.5,5,"median_abs_prediction_error","within_1.05_best_then_min_budget"
"FS","linear",NA,NA,NA,NA,NA,NA,NA,NA,NA,NA,NA,NA,NA,NA,76,TRUE,2.93000000000006,8.74950047380412,"FS",NA,NA,NA,22,81,8,8,"E2_linear_s_sweep","E__linear_s_sweep_n1800_p1800_sstar5_s10_h19756f1c",1800,1800,5,10,70,0.5,150,8,20390490,20400490,20500490,2.5,1.5,5,"median_abs_prediction_error","within_1.05_best_then_min_budget"
"TS","linear",0.5,0.5,0.5,150,8,900,900,112,5,38,38,8,8,135896,76,TRUE,27.3,0.230085001536121,"TS",NA,NA,NA,NA,NA,NA,NA,"E2_linear_s_sweep","E__linear_s_sweep_n1800_p1800_sstar5_s10_h19756f1c",1800,1800,5,10,71,0.5,150,8,20390491,20400491,20500491,2.5,1.5,5,"median_abs_prediction_error","within_1.05_best_then_min_budget"
"FD","linear",NA,NA,NA,NA,NA,NA,NA,NA,5,NA,NA,NA,NA,NA,76,TRUE,14.6099999999999,0.580056950014648,"FD_budget",76,38,38,NA,NA,NA,NA,"E2_linear_s_sweep","E__linear_s_sweep_n1800_p1800_sstar5_s10_h19756f1c",1800,1800,5,10,71,0.5,150,8,20390491,20400491,20500491,2.5,1.5,5,"median_abs_prediction_error","within_1.05_best_then_min_budget"
"FS","linear",NA,NA,NA,NA,NA,NA,NA,NA,NA,NA,NA,NA,NA,NA,76,TRUE,2.97000000000003,5.94781869946612,"FS",NA,NA,NA,22,81,8,8,"E2_linear_s_sweep","E__linear_s_sweep_n1800_p1800_sstar5_s10_h19756f1c",1800,1800,5,10,71,0.5,150,8,20390491,20400491,20500491,2.5,1.5,5,"median_abs_prediction_error","within_1.05_best_then_min_budget"
"TS","linear",0.5,0.5,0.5,150,8,900,900,112,5,38,38,8,8,135896,76,TRUE,27,0.254946472612537,"TS",NA,NA,NA,NA,NA,NA,NA,"E2_linear_s_sweep","E__linear_s_sweep_n1800_p1800_sstar5_s10_h19756f1c",1800,1800,5,10,72,0.5,150,8,20390492,20400492,20500492,2.5,1.5,5,"median_abs_prediction_error","within_1.05_best_then_min_budget"
"FD","linear",NA,NA,NA,NA,NA,NA,NA,NA,5,NA,NA,NA,NA,NA,76,TRUE,13.9099999999999,0.241359501214093,"FD_budget",76,38,38,NA,NA,NA,NA,"E2_linear_s_sweep","E__linear_s_sweep_n1800_p1800_sstar5_s10_h19756f1c",1800,1800,5,10,72,0.5,150,8,20390492,20400492,20500492,2.5,1.5,5,"median_abs_prediction_error","within_1.05_best_then_min_budget"
"FS","linear",NA,NA,NA,NA,NA,NA,NA,NA,NA,NA,NA,NA,NA,NA,76,TRUE,3.04999999999995,7.04039080007894,"FS",NA,NA,NA,22,81,8,8,"E2_linear_s_sweep","E__linear_s_sweep_n1800_p1800_sstar5_s10_h19756f1c",1800,1800,5,10,72,0.5,150,8,20390492,20400492,20500492,2.5,1.5,5,"median_abs_prediction_error","within_1.05_best_then_min_budget"
"TS","linear",0.5,0.5,0.5,150,8,900,900,112,5,38,38,8,8,135896,76,TRUE,26.55,0.1681839017131,"TS",NA,NA,NA,NA,NA,NA,NA,"E2_linear_s_sweep","E__linear_s_sweep_n1800_p1800_sstar5_s10_h19756f1c",1800,1800,5,10,73,0.5,150,8,20390493,20400493,20500493,2.5,1.5,5,"median_abs_prediction_error","within_1.05_best_then_min_budget"
"FD","linear",NA,NA,NA,NA,NA,NA,NA,NA,5,NA,NA,NA,NA,NA,76,TRUE,14.8,0.224821913626667,"FD_budget",76,38,38,NA,NA,NA,NA,"E2_linear_s_sweep","E__linear_s_sweep_n1800_p1800_sstar5_s10_h19756f1c",1800,1800,5,10,73,0.5,150,8,20390493,20400493,20500493,2.5,1.5,5,"median_abs_prediction_error","within_1.05_best_then_min_budget"
"FS","linear",NA,NA,NA,NA,NA,NA,NA,NA,NA,NA,NA,NA,NA,NA,76,TRUE,2.47000000000003,9.63614622783556,"FS",NA,NA,NA,22,81,8,8,"E2_linear_s_sweep","E__linear_s_sweep_n1800_p1800_sstar5_s10_h19756f1c",1800,1800,5,10,73,0.5,150,8,20390493,20400493,20500493,2.5,1.5,5,"median_abs_prediction_error","within_1.05_best_then_min_budget"
"TS","linear",0.5,0.5,0.5,150,8,900,900,112,5,38,38,8,8,135896,76,TRUE,27.05,0.236599961772857,"TS",NA,NA,NA,NA,NA,NA,NA,"E2_linear_s_sweep","E__linear_s_sweep_n1800_p1800_sstar5_s10_h19756f1c",1800,1800,5,10,74,0.5,150,8,20390494,20400494,20500494,2.5,1.5,5,"median_abs_prediction_error","within_1.05_best_then_min_budget"
"FD","linear",NA,NA,NA,NA,NA,NA,NA,NA,5,NA,NA,NA,NA,NA,76,TRUE,15.6100000000001,0.374341699501932,"FD_budget",76,38,38,NA,NA,NA,NA,"E2_linear_s_sweep","E__linear_s_sweep_n1800_p1800_sstar5_s10_h19756f1c",1800,1800,5,10,74,0.5,150,8,20390494,20400494,20500494,2.5,1.5,5,"median_abs_prediction_error","within_1.05_best_then_min_budget"
"FS","linear",NA,NA,NA,NA,NA,NA,NA,NA,NA,NA,NA,NA,NA,NA,76,TRUE,2.8599999999999,9.38935742427344,"FS",NA,NA,NA,22,81,8,8,"E2_linear_s_sweep","E__linear_s_sweep_n1800_p1800_sstar5_s10_h19756f1c",1800,1800,5,10,74,0.5,150,8,20390494,20400494,20500494,2.5,1.5,5,"median_abs_prediction_error","within_1.05_best_then_min_budget"
"TS","linear",0.5,0.5,0.5,150,8,900,900,112,5,38,38,8,8,135896,76,TRUE,26.03,0.164040424832032,"TS",NA,NA,NA,NA,NA,NA,NA,"E2_linear_s_sweep","E__linear_s_sweep_n1800_p1800_sstar5_s10_h19756f1c",1800,1800,5,10,75,0.5,150,8,20390495,20400495,20500495,2.5,1.5,5,"median_abs_prediction_error","within_1.05_best_then_min_budget"
"FD","linear",NA,NA,NA,NA,NA,NA,NA,NA,5,NA,NA,NA,NA,NA,76,TRUE,15.3800000000001,0.49883398499469,"FD_budget",76,38,38,NA,NA,NA,NA,"E2_linear_s_sweep","E__linear_s_sweep_n1800_p1800_sstar5_s10_h19756f1c",1800,1800,5,10,75,0.5,150,8,20390495,20400495,20500495,2.5,1.5,5,"median_abs_prediction_error","within_1.05_best_then_min_budget"
"FS","linear",NA,NA,NA,NA,NA,NA,NA,NA,NA,NA,NA,NA,NA,NA,76,TRUE,2.50999999999999,8.61127331771215,"FS",NA,NA,NA,22,81,8,8,"E2_linear_s_sweep","E__linear_s_sweep_n1800_p1800_sstar5_s10_h19756f1c",1800,1800,5,10,75,0.5,150,8,20390495,20400495,20500495,2.5,1.5,5,"median_abs_prediction_error","within_1.05_best_then_min_budget"
"TS","linear",0.5,0.5,0.5,150,8,900,900,112,5,38,38,8,8,135896,76,TRUE,26.52,0.240747716224629,"TS",NA,NA,NA,NA,NA,NA,NA,"E2_linear_s_sweep","E__linear_s_sweep_n1800_p1800_sstar5_s10_h19756f1c",1800,1800,5,10,76,0.5,150,8,20390496,20400496,20500496,2.5,1.5,5,"median_abs_prediction_error","within_1.05_best_then_min_budget"
"FD","linear",NA,NA,NA,NA,NA,NA,NA,NA,5,NA,NA,NA,NA,NA,76,TRUE,15.9200000000001,0.316427110447228,"FD_budget",76,38,38,NA,NA,NA,NA,"E2_linear_s_sweep","E__linear_s_sweep_n1800_p1800_sstar5_s10_h19756f1c",1800,1800,5,10,76,0.5,150,8,20390496,20400496,20500496,2.5,1.5,5,"median_abs_prediction_error","within_1.05_best_then_min_budget"
"FS","linear",NA,NA,NA,NA,NA,NA,NA,NA,NA,NA,NA,NA,NA,NA,76,TRUE,2.86999999999989,6.86484379595678,"FS",NA,NA,NA,22,81,8,8,"E2_linear_s_sweep","E__linear_s_sweep_n1800_p1800_sstar5_s10_h19756f1c",1800,1800,5,10,76,0.5,150,8,20390496,20400496,20500496,2.5,1.5,5,"median_abs_prediction_error","within_1.05_best_then_min_budget"
"TS","linear",0.5,0.5,0.5,150,8,900,900,112,5,38,38,8,8,135896,76,TRUE,24.9199999999998,0.145237623525424,"TS",NA,NA,NA,NA,NA,NA,NA,"E2_linear_s_sweep","E__linear_s_sweep_n1800_p1800_sstar5_s10_h19756f1c",1800,1800,5,10,77,0.5,150,8,20390497,20400497,20500497,2.5,1.5,5,"median_abs_prediction_error","within_1.05_best_then_min_budget"
"FD","linear",NA,NA,NA,NA,NA,NA,NA,NA,5,NA,NA,NA,NA,NA,76,TRUE,15.1400000000001,0.383248683301022,"FD_budget",76,38,38,NA,NA,NA,NA,"E2_linear_s_sweep","E__linear_s_sweep_n1800_p1800_sstar5_s10_h19756f1c",1800,1800,5,10,77,0.5,150,8,20390497,20400497,20500497,2.5,1.5,5,"median_abs_prediction_error","within_1.05_best_then_min_budget"
"FS","linear",NA,NA,NA,NA,NA,NA,NA,NA,NA,NA,NA,NA,NA,NA,76,TRUE,2.97000000000003,6.89452937038604,"FS",NA,NA,NA,22,81,8,8,"E2_linear_s_sweep","E__linear_s_sweep_n1800_p1800_sstar5_s10_h19756f1c",1800,1800,5,10,77,0.5,150,8,20390497,20400497,20500497,2.5,1.5,5,"median_abs_prediction_error","within_1.05_best_then_min_budget"
"TS","linear",0.5,0.5,0.5,150,8,900,900,112,5,38,38,8,8,135896,76,TRUE,25.5799999999999,0.222438646573129,"TS",NA,NA,NA,NA,NA,NA,NA,"E2_linear_s_sweep","E__linear_s_sweep_n1800_p1800_sstar5_s10_h19756f1c",1800,1800,5,10,78,0.5,150,8,20390498,20400498,20500498,2.5,1.5,5,"median_abs_prediction_error","within_1.05_best_then_min_budget"
"FD","linear",NA,NA,NA,NA,NA,NA,NA,NA,5,NA,NA,NA,NA,NA,76,TRUE,15.5,0.545406519627041,"FD_budget",76,38,38,NA,NA,NA,NA,"E2_linear_s_sweep","E__linear_s_sweep_n1800_p1800_sstar5_s10_h19756f1c",1800,1800,5,10,78,0.5,150,8,20390498,20400498,20500498,2.5,1.5,5,"median_abs_prediction_error","within_1.05_best_then_min_budget"
"FS","linear",NA,NA,NA,NA,NA,NA,NA,NA,NA,NA,NA,NA,NA,NA,76,TRUE,2.92000000000007,5.62159200447847,"FS",NA,NA,NA,22,81,8,8,"E2_linear_s_sweep","E__linear_s_sweep_n1800_p1800_sstar5_s10_h19756f1c",1800,1800,5,10,78,0.5,150,8,20390498,20400498,20500498,2.5,1.5,5,"median_abs_prediction_error","within_1.05_best_then_min_budget"
"TS","linear",0.5,0.5,0.5,150,8,900,900,112,5,38,38,8,8,135896,76,TRUE,26.0599999999999,0.173494649490195,"TS",NA,NA,NA,NA,NA,NA,NA,"E2_linear_s_sweep","E__linear_s_sweep_n1800_p1800_sstar5_s10_h19756f1c",1800,1800,5,10,79,0.5,150,8,20390499,20400499,20500499,2.5,1.5,5,"median_abs_prediction_error","within_1.05_best_then_min_budget"
"FD","linear",NA,NA,NA,NA,NA,NA,NA,NA,5,NA,NA,NA,NA,NA,76,TRUE,15.78,0.540605051612827,"FD_budget",76,38,38,NA,NA,NA,NA,"E2_linear_s_sweep","E__linear_s_sweep_n1800_p1800_sstar5_s10_h19756f1c",1800,1800,5,10,79,0.5,150,8,20390499,20400499,20500499,2.5,1.5,5,"median_abs_prediction_error","within_1.05_best_then_min_budget"
"FS","linear",NA,NA,NA,NA,NA,NA,NA,NA,NA,NA,NA,NA,NA,NA,76,TRUE,3.08999999999992,5.65557311234311,"FS",NA,NA,NA,22,81,8,8,"E2_linear_s_sweep","E__linear_s_sweep_n1800_p1800_sstar5_s10_h19756f1c",1800,1800,5,10,79,0.5,150,8,20390499,20400499,20500499,2.5,1.5,5,"median_abs_prediction_error","within_1.05_best_then_min_budget"
"TS","linear",0.5,0.5,0.5,150,8,900,900,112,5,38,38,8,8,135896,76,TRUE,25.1999999999998,0.262603596632846,"TS",NA,NA,NA,NA,NA,NA,NA,"E2_linear_s_sweep","E__linear_s_sweep_n1800_p1800_sstar5_s10_h19756f1c",1800,1800,5,10,80,0.5,150,8,20390500,20400500,20500500,2.5,1.5,5,"median_abs_prediction_error","within_1.05_best_then_min_budget"
"FD","linear",NA,NA,NA,NA,NA,NA,NA,NA,5,NA,NA,NA,NA,NA,76,TRUE,15.5400000000002,0.249350058109698,"FD_budget",76,38,38,NA,NA,NA,NA,"E2_linear_s_sweep","E__linear_s_sweep_n1800_p1800_sstar5_s10_h19756f1c",1800,1800,5,10,80,0.5,150,8,20390500,20400500,20500500,2.5,1.5,5,"median_abs_prediction_error","within_1.05_best_then_min_budget"
"FS","linear",NA,NA,NA,NA,NA,NA,NA,NA,NA,NA,NA,NA,NA,NA,76,TRUE,3.14999999999986,9.55664632185943,"FS",NA,NA,NA,22,81,8,8,"E2_linear_s_sweep","E__linear_s_sweep_n1800_p1800_sstar5_s10_h19756f1c",1800,1800,5,10,80,0.5,150,8,20390500,20400500,20500500,2.5,1.5,5,"median_abs_prediction_error","within_1.05_best_then_min_budget"
"TS","linear",0.5,0.5,0.5,150,8,900,900,112,5,38,38,8,8,135896,76,TRUE,26,0.162744343492151,"TS",NA,NA,NA,NA,NA,NA,NA,"E2_linear_s_sweep","E__linear_s_sweep_n1800_p1800_sstar5_s10_h19756f1c",1800,1800,5,10,81,0.5,150,8,20390501,20400501,20500501,2.5,1.5,5,"median_abs_prediction_error","within_1.05_best_then_min_budget"
"FD","linear",NA,NA,NA,NA,NA,NA,NA,NA,5,NA,NA,NA,NA,NA,76,TRUE,15.24,0.256408254450088,"FD_budget",76,38,38,NA,NA,NA,NA,"E2_linear_s_sweep","E__linear_s_sweep_n1800_p1800_sstar5_s10_h19756f1c",1800,1800,5,10,81,0.5,150,8,20390501,20400501,20500501,2.5,1.5,5,"median_abs_prediction_error","within_1.05_best_then_min_budget"
"FS","linear",NA,NA,NA,NA,NA,NA,NA,NA,NA,NA,NA,NA,NA,NA,76,TRUE,2.8599999999999,10.1639877388404,"FS",NA,NA,NA,22,81,8,8,"E2_linear_s_sweep","E__linear_s_sweep_n1800_p1800_sstar5_s10_h19756f1c",1800,1800,5,10,81,0.5,150,8,20390501,20400501,20500501,2.5,1.5,5,"median_abs_prediction_error","within_1.05_best_then_min_budget"
"TS","linear",0.5,0.5,0.5,150,8,900,900,112,5,38,38,8,8,135896,76,TRUE,25.3999999999999,0.128597420530287,"TS",NA,NA,NA,NA,NA,NA,NA,"E2_linear_s_sweep","E__linear_s_sweep_n1800_p1800_sstar5_s10_h19756f1c",1800,1800,5,10,82,0.5,150,8,20390502,20400502,20500502,2.5,1.5,5,"median_abs_prediction_error","within_1.05_best_then_min_budget"
"FD","linear",NA,NA,NA,NA,NA,NA,NA,NA,5,NA,NA,NA,NA,NA,76,TRUE,16.1400000000001,0.249798926044216,"FD_budget",76,38,38,NA,NA,NA,NA,"E2_linear_s_sweep","E__linear_s_sweep_n1800_p1800_sstar5_s10_h19756f1c",1800,1800,5,10,82,0.5,150,8,20390502,20400502,20500502,2.5,1.5,5,"median_abs_prediction_error","within_1.05_best_then_min_budget"
"FS","linear",NA,NA,NA,NA,NA,NA,NA,NA,NA,NA,NA,NA,NA,NA,76,TRUE,3.02999999999997,7.23488195578241,"FS",NA,NA,NA,22,81,8,8,"E2_linear_s_sweep","E__linear_s_sweep_n1800_p1800_sstar5_s10_h19756f1c",1800,1800,5,10,82,0.5,150,8,20390502,20400502,20500502,2.5,1.5,5,"median_abs_prediction_error","within_1.05_best_then_min_budget"
"TS","linear",0.5,0.5,0.5,150,8,900,900,112,5,38,38,8,8,135896,76,TRUE,25.53,0.181119458557231,"TS",NA,NA,NA,NA,NA,NA,NA,"E2_linear_s_sweep","E__linear_s_sweep_n1800_p1800_sstar5_s10_h19756f1c",1800,1800,5,10,83,0.5,150,8,20390503,20400503,20500503,2.5,1.5,5,"median_abs_prediction_error","within_1.05_best_then_min_budget"
"FD","linear",NA,NA,NA,NA,NA,NA,NA,NA,5,NA,NA,NA,NA,NA,76,TRUE,14.5600000000002,0.351265227384761,"FD_budget",76,38,38,NA,NA,NA,NA,"E2_linear_s_sweep","E__linear_s_sweep_n1800_p1800_sstar5_s10_h19756f1c",1800,1800,5,10,83,0.5,150,8,20390503,20400503,20500503,2.5,1.5,5,"median_abs_prediction_error","within_1.05_best_then_min_budget"
"FS","linear",NA,NA,NA,NA,NA,NA,NA,NA,NA,NA,NA,NA,NA,NA,76,TRUE,3.01999999999998,4.98361106757014,"FS",NA,NA,NA,22,81,8,8,"E2_linear_s_sweep","E__linear_s_sweep_n1800_p1800_sstar5_s10_h19756f1c",1800,1800,5,10,83,0.5,150,8,20390503,20400503,20500503,2.5,1.5,5,"median_abs_prediction_error","within_1.05_best_then_min_budget"
"TS","linear",0.5,0.5,0.5,150,8,900,900,112,5,38,38,8,8,135896,76,TRUE,24.75,0.160636629042026,"TS",NA,NA,NA,NA,NA,NA,NA,"E2_linear_s_sweep","E__linear_s_sweep_n1800_p1800_sstar5_s10_h19756f1c",1800,1800,5,10,84,0.5,150,8,20390504,20400504,20500504,2.5,1.5,5,"median_abs_prediction_error","within_1.05_best_then_min_budget"
"FD","linear",NA,NA,NA,NA,NA,NA,NA,NA,5,NA,NA,NA,NA,NA,76,TRUE,15.6499999999999,0.380539490930615,"FD_budget",76,38,38,NA,NA,NA,NA,"E2_linear_s_sweep","E__linear_s_sweep_n1800_p1800_sstar5_s10_h19756f1c",1800,1800,5,10,84,0.5,150,8,20390504,20400504,20500504,2.5,1.5,5,"median_abs_prediction_error","within_1.05_best_then_min_budget"
"FS","linear",NA,NA,NA,NA,NA,NA,NA,NA,NA,NA,NA,NA,NA,NA,76,TRUE,3.25,6.90324148975747,"FS",NA,NA,NA,22,81,8,8,"E2_linear_s_sweep","E__linear_s_sweep_n1800_p1800_sstar5_s10_h19756f1c",1800,1800,5,10,84,0.5,150,8,20390504,20400504,20500504,2.5,1.5,5,"median_abs_prediction_error","within_1.05_best_then_min_budget"
"TS","linear",0.5,0.5,0.5,150,8,900,900,112,5,38,38,8,8,135896,76,TRUE,25.8000000000002,0.163415831558793,"TS",NA,NA,NA,NA,NA,NA,NA,"E2_linear_s_sweep","E__linear_s_sweep_n1800_p1800_sstar5_s10_h19756f1c",1800,1800,5,10,85,0.5,150,8,20390505,20400505,20500505,2.5,1.5,5,"median_abs_prediction_error","within_1.05_best_then_min_budget"
"FD","linear",NA,NA,NA,NA,NA,NA,NA,NA,5,NA,NA,NA,NA,NA,76,TRUE,16.3,0.229906156998734,"FD_budget",76,38,38,NA,NA,NA,NA,"E2_linear_s_sweep","E__linear_s_sweep_n1800_p1800_sstar5_s10_h19756f1c",1800,1800,5,10,85,0.5,150,8,20390505,20400505,20500505,2.5,1.5,5,"median_abs_prediction_error","within_1.05_best_then_min_budget"
"FS","linear",NA,NA,NA,NA,NA,NA,NA,NA,NA,NA,NA,NA,NA,NA,76,TRUE,3.25999999999999,6.52726322455264,"FS",NA,NA,NA,22,81,8,8,"E2_linear_s_sweep","E__linear_s_sweep_n1800_p1800_sstar5_s10_h19756f1c",1800,1800,5,10,85,0.5,150,8,20390505,20400505,20500505,2.5,1.5,5,"median_abs_prediction_error","within_1.05_best_then_min_budget"
"TS","linear",0.5,0.5,0.5,150,8,900,900,112,5,38,38,8,8,135896,76,TRUE,25.4000000000001,0.220148085802364,"TS",NA,NA,NA,NA,NA,NA,NA,"E2_linear_s_sweep","E__linear_s_sweep_n1800_p1800_sstar5_s10_h19756f1c",1800,1800,5,10,86,0.5,150,8,20390506,20400506,20500506,2.5,1.5,5,"median_abs_prediction_error","within_1.05_best_then_min_budget"
"FD","linear",NA,NA,NA,NA,NA,NA,NA,NA,5,NA,NA,NA,NA,NA,76,TRUE,16.8899999999999,0.490844326309878,"FD_budget",76,38,38,NA,NA,NA,NA,"E2_linear_s_sweep","E__linear_s_sweep_n1800_p1800_sstar5_s10_h19756f1c",1800,1800,5,10,86,0.5,150,8,20390506,20400506,20500506,2.5,1.5,5,"median_abs_prediction_error","within_1.05_best_then_min_budget"
"FS","linear",NA,NA,NA,NA,NA,NA,NA,NA,NA,NA,NA,NA,NA,NA,76,TRUE,3.32000000000016,8.39598388410333,"FS",NA,NA,NA,22,81,8,8,"E2_linear_s_sweep","E__linear_s_sweep_n1800_p1800_sstar5_s10_h19756f1c",1800,1800,5,10,86,0.5,150,8,20390506,20400506,20500506,2.5,1.5,5,"median_abs_prediction_error","within_1.05_best_then_min_budget"
"TS","linear",0.5,0.5,0.5,150,8,900,900,112,5,38,38,8,8,135896,76,TRUE,24,0.189352313536647,"TS",NA,NA,NA,NA,NA,NA,NA,"E2_linear_s_sweep","E__linear_s_sweep_n1800_p1800_sstar5_s10_h19756f1c",1800,1800,5,10,87,0.5,150,8,20390507,20400507,20500507,2.5,1.5,5,"median_abs_prediction_error","within_1.05_best_then_min_budget"
"FD","linear",NA,NA,NA,NA,NA,NA,NA,NA,5,NA,NA,NA,NA,NA,76,TRUE,16.48,0.455870619247709,"FD_budget",76,38,38,NA,NA,NA,NA,"E2_linear_s_sweep","E__linear_s_sweep_n1800_p1800_sstar5_s10_h19756f1c",1800,1800,5,10,87,0.5,150,8,20390507,20400507,20500507,2.5,1.5,5,"median_abs_prediction_error","within_1.05_best_then_min_budget"
"FS","linear",NA,NA,NA,NA,NA,NA,NA,NA,NA,NA,NA,NA,NA,NA,76,TRUE,2.97000000000003,6.60756947574795,"FS",NA,NA,NA,22,81,8,8,"E2_linear_s_sweep","E__linear_s_sweep_n1800_p1800_sstar5_s10_h19756f1c",1800,1800,5,10,87,0.5,150,8,20390507,20400507,20500507,2.5,1.5,5,"median_abs_prediction_error","within_1.05_best_then_min_budget"
"TS","linear",0.5,0.5,0.5,150,8,900,900,112,5,38,38,8,8,135896,76,TRUE,25.52,0.239180349308241,"TS",NA,NA,NA,NA,NA,NA,NA,"E2_linear_s_sweep","E__linear_s_sweep_n1800_p1800_sstar5_s10_h19756f1c",1800,1800,5,10,88,0.5,150,8,20390508,20400508,20500508,2.5,1.5,5,"median_abs_prediction_error","within_1.05_best_then_min_budget"
"FD","linear",NA,NA,NA,NA,NA,NA,NA,NA,5,NA,NA,NA,NA,NA,76,TRUE,16.26,0.360167965872383,"FD_budget",76,38,38,NA,NA,NA,NA,"E2_linear_s_sweep","E__linear_s_sweep_n1800_p1800_sstar5_s10_h19756f1c",1800,1800,5,10,88,0.5,150,8,20390508,20400508,20500508,2.5,1.5,5,"median_abs_prediction_error","within_1.05_best_then_min_budget"
"FS","linear",NA,NA,NA,NA,NA,NA,NA,NA,NA,NA,NA,NA,NA,NA,76,TRUE,3.19000000000005,8.47047949535333,"FS",NA,NA,NA,22,81,8,8,"E2_linear_s_sweep","E__linear_s_sweep_n1800_p1800_sstar5_s10_h19756f1c",1800,1800,5,10,88,0.5,150,8,20390508,20400508,20500508,2.5,1.5,5,"median_abs_prediction_error","within_1.05_best_then_min_budget"
"TS","linear",0.5,0.5,0.5,150,8,900,900,112,5,38,38,8,8,135896,76,TRUE,25.1199999999999,0.265818921533432,"TS",NA,NA,NA,NA,NA,NA,NA,"E2_linear_s_sweep","E__linear_s_sweep_n1800_p1800_sstar5_s10_h19756f1c",1800,1800,5,10,89,0.5,150,8,20390509,20400509,20500509,2.5,1.5,5,"median_abs_prediction_error","within_1.05_best_then_min_budget"
"FD","linear",NA,NA,NA,NA,NA,NA,NA,NA,5,NA,NA,NA,NA,NA,76,TRUE,16.72,0.236062160261604,"FD_budget",76,38,38,NA,NA,NA,NA,"E2_linear_s_sweep","E__linear_s_sweep_n1800_p1800_sstar5_s10_h19756f1c",1800,1800,5,10,89,0.5,150,8,20390509,20400509,20500509,2.5,1.5,5,"median_abs_prediction_error","within_1.05_best_then_min_budget"
"FS","linear",NA,NA,NA,NA,NA,NA,NA,NA,NA,NA,NA,NA,NA,NA,76,TRUE,3.58000000000015,5.31403344131791,"FS",NA,NA,NA,22,81,8,8,"E2_linear_s_sweep","E__linear_s_sweep_n1800_p1800_sstar5_s10_h19756f1c",1800,1800,5,10,89,0.5,150,8,20390509,20400509,20500509,2.5,1.5,5,"median_abs_prediction_error","within_1.05_best_then_min_budget"
"TS","linear",0.5,0.5,0.5,150,8,900,900,112,5,38,38,8,8,135896,76,TRUE,25.8,0.207338365368457,"TS",NA,NA,NA,NA,NA,NA,NA,"E2_linear_s_sweep","E__linear_s_sweep_n1800_p1800_sstar5_s10_h19756f1c",1800,1800,5,10,90,0.5,150,8,20390510,20400510,20500510,2.5,1.5,5,"median_abs_prediction_error","within_1.05_best_then_min_budget"
"FD","linear",NA,NA,NA,NA,NA,NA,NA,NA,5,NA,NA,NA,NA,NA,76,TRUE,16.5,0.324936623686895,"FD_budget",76,38,38,NA,NA,NA,NA,"E2_linear_s_sweep","E__linear_s_sweep_n1800_p1800_sstar5_s10_h19756f1c",1800,1800,5,10,90,0.5,150,8,20390510,20400510,20500510,2.5,1.5,5,"median_abs_prediction_error","within_1.05_best_then_min_budget"
"FS","linear",NA,NA,NA,NA,NA,NA,NA,NA,NA,NA,NA,NA,NA,NA,76,TRUE,2.90000000000009,6.97258653650614,"FS",NA,NA,NA,22,81,8,8,"E2_linear_s_sweep","E__linear_s_sweep_n1800_p1800_sstar5_s10_h19756f1c",1800,1800,5,10,90,0.5,150,8,20390510,20400510,20500510,2.5,1.5,5,"median_abs_prediction_error","within_1.05_best_then_min_budget"
"TS","linear",0.5,0.5,0.5,150,8,900,900,112,5,38,38,8,8,135896,76,TRUE,25.79,0.168557490720956,"TS",NA,NA,NA,NA,NA,NA,NA,"E2_linear_s_sweep","E__linear_s_sweep_n1800_p1800_sstar5_s10_h19756f1c",1800,1800,5,10,91,0.5,150,8,20390511,20400511,20500511,2.5,1.5,5,"median_abs_prediction_error","within_1.05_best_then_min_budget"
"FD","linear",NA,NA,NA,NA,NA,NA,NA,NA,5,NA,NA,NA,NA,NA,76,TRUE,15.48,0.337205721169359,"FD_budget",76,38,38,NA,NA,NA,NA,"E2_linear_s_sweep","E__linear_s_sweep_n1800_p1800_sstar5_s10_h19756f1c",1800,1800,5,10,91,0.5,150,8,20390511,20400511,20500511,2.5,1.5,5,"median_abs_prediction_error","within_1.05_best_then_min_budget"
"FS","linear",NA,NA,NA,NA,NA,NA,NA,NA,NA,NA,NA,NA,NA,NA,76,TRUE,3.42000000000007,8.10581622360223,"FS",NA,NA,NA,22,81,8,8,"E2_linear_s_sweep","E__linear_s_sweep_n1800_p1800_sstar5_s10_h19756f1c",1800,1800,5,10,91,0.5,150,8,20390511,20400511,20500511,2.5,1.5,5,"median_abs_prediction_error","within_1.05_best_then_min_budget"
"TS","linear",0.5,0.5,0.5,150,8,900,900,112,5,38,38,8,8,135896,76,TRUE,25.1400000000001,0.209946416727616,"TS",NA,NA,NA,NA,NA,NA,NA,"E2_linear_s_sweep","E__linear_s_sweep_n1800_p1800_sstar5_s10_h19756f1c",1800,1800,5,10,92,0.5,150,8,20390512,20400512,20500512,2.5,1.5,5,"median_abs_prediction_error","within_1.05_best_then_min_budget"
"FD","linear",NA,NA,NA,NA,NA,NA,NA,NA,5,NA,NA,NA,NA,NA,76,TRUE,19.03,0.28269994971228,"FD_budget",76,38,38,NA,NA,NA,NA,"E2_linear_s_sweep","E__linear_s_sweep_n1800_p1800_sstar5_s10_h19756f1c",1800,1800,5,10,92,0.5,150,8,20390512,20400512,20500512,2.5,1.5,5,"median_abs_prediction_error","within_1.05_best_then_min_budget"
"FS","linear",NA,NA,NA,NA,NA,NA,NA,NA,NA,NA,NA,NA,NA,NA,76,TRUE,3.1400000000001,5.14842751306124,"FS",NA,NA,NA,22,81,8,8,"E2_linear_s_sweep","E__linear_s_sweep_n1800_p1800_sstar5_s10_h19756f1c",1800,1800,5,10,92,0.5,150,8,20390512,20400512,20500512,2.5,1.5,5,"median_abs_prediction_error","within_1.05_best_then_min_budget"
"TS","linear",0.5,0.5,0.5,150,8,900,900,112,5,38,38,8,8,135896,76,TRUE,26.22,0.184605703484423,"TS",NA,NA,NA,NA,NA,NA,NA,"E2_linear_s_sweep","E__linear_s_sweep_n1800_p1800_sstar5_s10_h19756f1c",1800,1800,5,10,93,0.5,150,8,20390513,20400513,20500513,2.5,1.5,5,"median_abs_prediction_error","within_1.05_best_then_min_budget"
"FD","linear",NA,NA,NA,NA,NA,NA,NA,NA,5,NA,NA,NA,NA,NA,76,TRUE,17.0799999999999,0.331868719519102,"FD_budget",76,38,38,NA,NA,NA,NA,"E2_linear_s_sweep","E__linear_s_sweep_n1800_p1800_sstar5_s10_h19756f1c",1800,1800,5,10,93,0.5,150,8,20390513,20400513,20500513,2.5,1.5,5,"median_abs_prediction_error","within_1.05_best_then_min_budget"
"FS","linear",NA,NA,NA,NA,NA,NA,NA,NA,NA,NA,NA,NA,NA,NA,76,TRUE,3.33000000000015,5.84351121192779,"FS",NA,NA,NA,22,81,8,8,"E2_linear_s_sweep","E__linear_s_sweep_n1800_p1800_sstar5_s10_h19756f1c",1800,1800,5,10,93,0.5,150,8,20390513,20400513,20500513,2.5,1.5,5,"median_abs_prediction_error","within_1.05_best_then_min_budget"
"TS","linear",0.5,0.5,0.5,150,8,900,900,112,5,38,38,8,8,135896,76,TRUE,30.0599999999999,0.202825881344496,"TS",NA,NA,NA,NA,NA,NA,NA,"E2_linear_s_sweep","E__linear_s_sweep_n1800_p1800_sstar5_s10_h19756f1c",1800,1800,5,10,94,0.5,150,8,20390514,20400514,20500514,2.5,1.5,5,"median_abs_prediction_error","within_1.05_best_then_min_budget"
"FD","linear",NA,NA,NA,NA,NA,NA,NA,NA,5,NA,NA,NA,NA,NA,76,TRUE,15.1800000000001,0.475206030643984,"FD_budget",76,38,38,NA,NA,NA,NA,"E2_linear_s_sweep","E__linear_s_sweep_n1800_p1800_sstar5_s10_h19756f1c",1800,1800,5,10,94,0.5,150,8,20390514,20400514,20500514,2.5,1.5,5,"median_abs_prediction_error","within_1.05_best_then_min_budget"
"FS","linear",NA,NA,NA,NA,NA,NA,NA,NA,NA,NA,NA,NA,NA,NA,76,TRUE,2.77999999999997,6.40348583204249,"FS",NA,NA,NA,22,81,8,8,"E2_linear_s_sweep","E__linear_s_sweep_n1800_p1800_sstar5_s10_h19756f1c",1800,1800,5,10,94,0.5,150,8,20390514,20400514,20500514,2.5,1.5,5,"median_abs_prediction_error","within_1.05_best_then_min_budget"
"TS","linear",0.5,0.5,0.5,150,8,900,900,112,5,38,38,8,8,135896,76,TRUE,28.8099999999999,0.242538109879002,"TS",NA,NA,NA,NA,NA,NA,NA,"E2_linear_s_sweep","E__linear_s_sweep_n1800_p1800_sstar5_s10_h19756f1c",1800,1800,5,10,95,0.5,150,8,20390515,20400515,20500515,2.5,1.5,5,"median_abs_prediction_error","within_1.05_best_then_min_budget"
"FD","linear",NA,NA,NA,NA,NA,NA,NA,NA,5,NA,NA,NA,NA,NA,76,TRUE,15.2700000000002,0.306744407352881,"FD_budget",76,38,38,NA,NA,NA,NA,"E2_linear_s_sweep","E__linear_s_sweep_n1800_p1800_sstar5_s10_h19756f1c",1800,1800,5,10,95,0.5,150,8,20390515,20400515,20500515,2.5,1.5,5,"median_abs_prediction_error","within_1.05_best_then_min_budget"
"FS","linear",NA,NA,NA,NA,NA,NA,NA,NA,NA,NA,NA,NA,NA,NA,76,TRUE,2.51999999999998,4.57287886492271,"FS",NA,NA,NA,22,81,8,8,"E2_linear_s_sweep","E__linear_s_sweep_n1800_p1800_sstar5_s10_h19756f1c",1800,1800,5,10,95,0.5,150,8,20390515,20400515,20500515,2.5,1.5,5,"median_abs_prediction_error","within_1.05_best_then_min_budget"
"TS","linear",0.5,0.5,0.5,150,8,900,900,112,5,38,38,8,8,135896,76,TRUE,29.1199999999999,0.184587145564822,"TS",NA,NA,NA,NA,NA,NA,NA,"E2_linear_s_sweep","E__linear_s_sweep_n1800_p1800_sstar5_s10_h19756f1c",1800,1800,5,10,96,0.5,150,8,20390516,20400516,20500516,2.5,1.5,5,"median_abs_prediction_error","within_1.05_best_then_min_budget"
"FD","linear",NA,NA,NA,NA,NA,NA,NA,NA,5,NA,NA,NA,NA,NA,76,TRUE,15.76,0.408652518332759,"FD_budget",76,38,38,NA,NA,NA,NA,"E2_linear_s_sweep","E__linear_s_sweep_n1800_p1800_sstar5_s10_h19756f1c",1800,1800,5,10,96,0.5,150,8,20390516,20400516,20500516,2.5,1.5,5,"median_abs_prediction_error","within_1.05_best_then_min_budget"
"FS","linear",NA,NA,NA,NA,NA,NA,NA,NA,NA,NA,NA,NA,NA,NA,76,TRUE,2.53999999999996,8.87501219197056,"FS",NA,NA,NA,22,81,8,8,"E2_linear_s_sweep","E__linear_s_sweep_n1800_p1800_sstar5_s10_h19756f1c",1800,1800,5,10,96,0.5,150,8,20390516,20400516,20500516,2.5,1.5,5,"median_abs_prediction_error","within_1.05_best_then_min_budget"
"TS","linear",0.5,0.5,0.5,150,8,900,900,112,5,38,38,8,8,135896,76,TRUE,28.75,0.264816594671782,"TS",NA,NA,NA,NA,NA,NA,NA,"E2_linear_s_sweep","E__linear_s_sweep_n1800_p1800_sstar5_s10_h19756f1c",1800,1800,5,10,97,0.5,150,8,20390517,20400517,20500517,2.5,1.5,5,"median_abs_prediction_error","within_1.05_best_then_min_budget"
"FD","linear",NA,NA,NA,NA,NA,NA,NA,NA,5,NA,NA,NA,NA,NA,76,TRUE,15.47,0.370988874586396,"FD_budget",76,38,38,NA,NA,NA,NA,"E2_linear_s_sweep","E__linear_s_sweep_n1800_p1800_sstar5_s10_h19756f1c",1800,1800,5,10,97,0.5,150,8,20390517,20400517,20500517,2.5,1.5,5,"median_abs_prediction_error","within_1.05_best_then_min_budget"
"FS","linear",NA,NA,NA,NA,NA,NA,NA,NA,NA,NA,NA,NA,NA,NA,76,TRUE,2.8599999999999,5.23688049227859,"FS",NA,NA,NA,22,81,8,8,"E2_linear_s_sweep","E__linear_s_sweep_n1800_p1800_sstar5_s10_h19756f1c",1800,1800,5,10,97,0.5,150,8,20390517,20400517,20500517,2.5,1.5,5,"median_abs_prediction_error","within_1.05_best_then_min_budget"
"TS","linear",0.5,0.5,0.5,150,8,900,900,112,5,38,38,8,8,135896,76,TRUE,26.99,0.159634864589017,"TS",NA,NA,NA,NA,NA,NA,NA,"E2_linear_s_sweep","E__linear_s_sweep_n1800_p1800_sstar5_s10_h19756f1c",1800,1800,5,10,98,0.5,150,8,20390518,20400518,20500518,2.5,1.5,5,"median_abs_prediction_error","within_1.05_best_then_min_budget"
"FD","linear",NA,NA,NA,NA,NA,NA,NA,NA,5,NA,NA,NA,NA,NA,76,TRUE,15.04,0.555401306476815,"FD_budget",76,38,38,NA,NA,NA,NA,"E2_linear_s_sweep","E__linear_s_sweep_n1800_p1800_sstar5_s10_h19756f1c",1800,1800,5,10,98,0.5,150,8,20390518,20400518,20500518,2.5,1.5,5,"median_abs_prediction_error","within_1.05_best_then_min_budget"
"FS","linear",NA,NA,NA,NA,NA,NA,NA,NA,NA,NA,NA,NA,NA,NA,76,TRUE,2.96000000000004,5.28015841791498,"FS",NA,NA,NA,22,81,8,8,"E2_linear_s_sweep","E__linear_s_sweep_n1800_p1800_sstar5_s10_h19756f1c",1800,1800,5,10,98,0.5,150,8,20390518,20400518,20500518,2.5,1.5,5,"median_abs_prediction_error","within_1.05_best_then_min_budget"
"TS","linear",0.5,0.5,0.5,150,8,900,900,112,5,38,38,8,8,135896,76,TRUE,28.0800000000002,0.212120004649585,"TS",NA,NA,NA,NA,NA,NA,NA,"E2_linear_s_sweep","E__linear_s_sweep_n1800_p1800_sstar5_s10_h19756f1c",1800,1800,5,10,99,0.5,150,8,20390519,20400519,20500519,2.5,1.5,5,"median_abs_prediction_error","within_1.05_best_then_min_budget"
"FD","linear",NA,NA,NA,NA,NA,NA,NA,NA,5,NA,NA,NA,NA,NA,76,TRUE,15.1899999999998,0.400390915271509,"FD_budget",76,38,38,NA,NA,NA,NA,"E2_linear_s_sweep","E__linear_s_sweep_n1800_p1800_sstar5_s10_h19756f1c",1800,1800,5,10,99,0.5,150,8,20390519,20400519,20500519,2.5,1.5,5,"median_abs_prediction_error","within_1.05_best_then_min_budget"
"FS","linear",NA,NA,NA,NA,NA,NA,NA,NA,NA,NA,NA,NA,NA,NA,76,TRUE,3.05000000000018,7.85132498395129,"FS",NA,NA,NA,22,81,8,8,"E2_linear_s_sweep","E__linear_s_sweep_n1800_p1800_sstar5_s10_h19756f1c",1800,1800,5,10,99,0.5,150,8,20390519,20400519,20500519,2.5,1.5,5,"median_abs_prediction_error","within_1.05_best_then_min_budget"
"TS","linear",0.5,0.5,0.5,150,8,900,900,112,5,38,38,8,8,135896,76,TRUE,27.4200000000001,0.182369028648087,"TS",NA,NA,NA,NA,NA,NA,NA,"E2_linear_s_sweep","E__linear_s_sweep_n1800_p1800_sstar5_s10_h19756f1c",1800,1800,5,10,100,0.5,150,8,20390520,20400520,20500520,2.5,1.5,5,"median_abs_prediction_error","within_1.05_best_then_min_budget"
"FD","linear",NA,NA,NA,NA,NA,NA,NA,NA,5,NA,NA,NA,NA,NA,76,TRUE,15.3599999999999,0.294199139170686,"FD_budget",76,38,38,NA,NA,NA,NA,"E2_linear_s_sweep","E__linear_s_sweep_n1800_p1800_sstar5_s10_h19756f1c",1800,1800,5,10,100,0.5,150,8,20390520,20400520,20500520,2.5,1.5,5,"median_abs_prediction_error","within_1.05_best_then_min_budget"
"FS","linear",NA,NA,NA,NA,NA,NA,NA,NA,NA,NA,NA,NA,NA,NA,76,TRUE,2.22000000000003,5.92753405222673,"FS",NA,NA,NA,22,81,8,8,"E2_linear_s_sweep","E__linear_s_sweep_n1800_p1800_sstar5_s10_h19756f1c",1800,1800,5,10,100,0.5,150,8,20390520,20400520,20500520,2.5,1.5,5,"median_abs_prediction_error","within_1.05_best_then_min_budget"
"TS","linear",0.5,0.5,0.5,200,8,900,900,112,15,113,90,8,8,180896,101,TRUE,37.3799999999999,0.499811774395942,"TS",NA,NA,NA,NA,NA,NA,NA,"E2_linear_s_sweep","E__linear_s_sweep_n1800_p1800_sstar15_s30_h6812e0cb",1800,1800,15,30,1,0.5,200,8,20490421,20500421,20700421,2.5,1.5,5,"median_abs_prediction_error","within_1.05_best_then_min_budget"
"FD","linear",NA,NA,NA,NA,NA,NA,NA,NA,15,NA,NA,NA,NA,NA,101,TRUE,19.6700000000001,0.727446184011897,"FD_budget",101,113,113,NA,NA,NA,NA,"E2_linear_s_sweep","E__linear_s_sweep_n1800_p1800_sstar15_s30_h6812e0cb",1800,1800,15,30,1,0.5,200,8,20490421,20500421,20700421,2.5,1.5,5,"median_abs_prediction_error","within_1.05_best_then_min_budget"
"FS","linear",NA,NA,NA,NA,NA,NA,NA,NA,NA,NA,NA,NA,NA,NA,101,TRUE,3.1099999999999,16.4971422359945,"FS",NA,NA,NA,22,81,8,8,"E2_linear_s_sweep","E__linear_s_sweep_n1800_p1800_sstar15_s30_h6812e0cb",1800,1800,15,30,1,0.5,200,8,20490421,20500421,20700421,2.5,1.5,5,"median_abs_prediction_error","within_1.05_best_then_min_budget"
"TS","linear",0.5,0.5,0.5,200,8,900,900,112,15,113,90,8,8,180896,101,TRUE,35.7,0.428983199571563,"TS",NA,NA,NA,NA,NA,NA,NA,"E2_linear_s_sweep","E__linear_s_sweep_n1800_p1800_sstar15_s30_h6812e0cb",1800,1800,15,30,2,0.5,200,8,20490422,20500422,20700422,2.5,1.5,5,"median_abs_prediction_error","within_1.05_best_then_min_budget"
"FD","linear",NA,NA,NA,NA,NA,NA,NA,NA,15,NA,NA,NA,NA,NA,101,TRUE,19.97,0.85813240584281,"FD_budget",101,113,113,NA,NA,NA,NA,"E2_linear_s_sweep","E__linear_s_sweep_n1800_p1800_sstar15_s30_h6812e0cb",1800,1800,15,30,2,0.5,200,8,20490422,20500422,20700422,2.5,1.5,5,"median_abs_prediction_error","within_1.05_best_then_min_budget"
"FS","linear",NA,NA,NA,NA,NA,NA,NA,NA,NA,NA,NA,NA,NA,NA,101,TRUE,3.22000000000003,15.7214256501507,"FS",NA,NA,NA,22,81,8,8,"E2_linear_s_sweep","E__linear_s_sweep_n1800_p1800_sstar15_s30_h6812e0cb",1800,1800,15,30,2,0.5,200,8,20490422,20500422,20700422,2.5,1.5,5,"median_abs_prediction_error","within_1.05_best_then_min_budget"
"TS","linear",0.5,0.5,0.5,200,8,900,900,112,15,113,90,8,8,180896,101,TRUE,38.1299999999999,0.509607766136131,"TS",NA,NA,NA,NA,NA,NA,NA,"E2_linear_s_sweep","E__linear_s_sweep_n1800_p1800_sstar15_s30_h6812e0cb",1800,1800,15,30,3,0.5,200,8,20490423,20500423,20700423,2.5,1.5,5,"median_abs_prediction_error","within_1.05_best_then_min_budget"
"FD","linear",NA,NA,NA,NA,NA,NA,NA,NA,15,NA,NA,NA,NA,NA,101,TRUE,18.8300000000002,1.21348909571928,"FD_budget",101,113,113,NA,NA,NA,NA,"E2_linear_s_sweep","E__linear_s_sweep_n1800_p1800_sstar15_s30_h6812e0cb",1800,1800,15,30,3,0.5,200,8,20490423,20500423,20700423,2.5,1.5,5,"median_abs_prediction_error","within_1.05_best_then_min_budget"
"FS","linear",NA,NA,NA,NA,NA,NA,NA,NA,NA,NA,NA,NA,NA,NA,101,TRUE,3.25,12.8078655337908,"FS",NA,NA,NA,22,81,8,8,"E2_linear_s_sweep","E__linear_s_sweep_n1800_p1800_sstar15_s30_h6812e0cb",1800,1800,15,30,3,0.5,200,8,20490423,20500423,20700423,2.5,1.5,5,"median_abs_prediction_error","within_1.05_best_then_min_budget"
"TS","linear",0.5,0.5,0.5,200,8,900,900,112,15,113,90,8,8,180896,101,TRUE,37.0899999999999,0.306175857041255,"TS",NA,NA,NA,NA,NA,NA,NA,"E2_linear_s_sweep","E__linear_s_sweep_n1800_p1800_sstar15_s30_h6812e0cb",1800,1800,15,30,4,0.5,200,8,20490424,20500424,20700424,2.5,1.5,5,"median_abs_prediction_error","within_1.05_best_then_min_budget"
"FD","linear",NA,NA,NA,NA,NA,NA,NA,NA,15,NA,NA,NA,NA,NA,101,TRUE,20.75,0.913962179206764,"FD_budget",101,113,113,NA,NA,NA,NA,"E2_linear_s_sweep","E__linear_s_sweep_n1800_p1800_sstar15_s30_h6812e0cb",1800,1800,15,30,4,0.5,200,8,20490424,20500424,20700424,2.5,1.5,5,"median_abs_prediction_error","within_1.05_best_then_min_budget"
"FS","linear",NA,NA,NA,NA,NA,NA,NA,NA,NA,NA,NA,NA,NA,NA,101,TRUE,2.96000000000004,13.9473448796902,"FS",NA,NA,NA,22,81,8,8,"E2_linear_s_sweep","E__linear_s_sweep_n1800_p1800_sstar15_s30_h6812e0cb",1800,1800,15,30,4,0.5,200,8,20490424,20500424,20700424,2.5,1.5,5,"median_abs_prediction_error","within_1.05_best_then_min_budget"
"TS","linear",0.5,0.5,0.5,200,8,900,900,112,15,113,90,8,8,180896,101,TRUE,38.21,0.353061545278067,"TS",NA,NA,NA,NA,NA,NA,NA,"E2_linear_s_sweep","E__linear_s_sweep_n1800_p1800_sstar15_s30_h6812e0cb",1800,1800,15,30,5,0.5,200,8,20490425,20500425,20700425,2.5,1.5,5,"median_abs_prediction_error","within_1.05_best_then_min_budget"
"FD","linear",NA,NA,NA,NA,NA,NA,NA,NA,15,NA,NA,NA,NA,NA,101,TRUE,19.75,0.941597137330607,"FD_budget",101,113,113,NA,NA,NA,NA,"E2_linear_s_sweep","E__linear_s_sweep_n1800_p1800_sstar15_s30_h6812e0cb",1800,1800,15,30,5,0.5,200,8,20490425,20500425,20700425,2.5,1.5,5,"median_abs_prediction_error","within_1.05_best_then_min_budget"
"FS","linear",NA,NA,NA,NA,NA,NA,NA,NA,NA,NA,NA,NA,NA,NA,101,TRUE,2.72000000000003,16.130930327292,"FS",NA,NA,NA,22,81,8,8,"E2_linear_s_sweep","E__linear_s_sweep_n1800_p1800_sstar15_s30_h6812e0cb",1800,1800,15,30,5,0.5,200,8,20490425,20500425,20700425,2.5,1.5,5,"median_abs_prediction_error","within_1.05_best_then_min_budget"
"TS","linear",0.5,0.5,0.5,200,8,900,900,112,15,113,90,8,8,180896,101,TRUE,35.8599999999999,0.359129803324291,"TS",NA,NA,NA,NA,NA,NA,NA,"E2_linear_s_sweep","E__linear_s_sweep_n1800_p1800_sstar15_s30_h6812e0cb",1800,1800,15,30,6,0.5,200,8,20490426,20500426,20700426,2.5,1.5,5,"median_abs_prediction_error","within_1.05_best_then_min_budget"
"FD","linear",NA,NA,NA,NA,NA,NA,NA,NA,15,NA,NA,NA,NA,NA,101,TRUE,20.72,1.08729103327336,"FD_budget",101,113,113,NA,NA,NA,NA,"E2_linear_s_sweep","E__linear_s_sweep_n1800_p1800_sstar15_s30_h6812e0cb",1800,1800,15,30,6,0.5,200,8,20490426,20500426,20700426,2.5,1.5,5,"median_abs_prediction_error","within_1.05_best_then_min_budget"
"FS","linear",NA,NA,NA,NA,NA,NA,NA,NA,NA,NA,NA,NA,NA,NA,101,TRUE,2.52999999999997,17.970420661355,"FS",NA,NA,NA,22,81,8,8,"E2_linear_s_sweep","E__linear_s_sweep_n1800_p1800_sstar15_s30_h6812e0cb",1800,1800,15,30,6,0.5,200,8,20490426,20500426,20700426,2.5,1.5,5,"median_abs_prediction_error","within_1.05_best_then_min_budget"
"TS","linear",0.5,0.5,0.5,200,8,900,900,112,15,113,90,8,8,180896,101,TRUE,36.47,0.366475510717663,"TS",NA,NA,NA,NA,NA,NA,NA,"E2_linear_s_sweep","E__linear_s_sweep_n1800_p1800_sstar15_s30_h6812e0cb",1800,1800,15,30,7,0.5,200,8,20490427,20500427,20700427,2.5,1.5,5,"median_abs_prediction_error","within_1.05_best_then_min_budget"
"FD","linear",NA,NA,NA,NA,NA,NA,NA,NA,15,NA,NA,NA,NA,NA,101,TRUE,20.6699999999998,0.91392430025,"FD_budget",101,113,113,NA,NA,NA,NA,"E2_linear_s_sweep","E__linear_s_sweep_n1800_p1800_sstar15_s30_h6812e0cb",1800,1800,15,30,7,0.5,200,8,20490427,20500427,20700427,2.5,1.5,5,"median_abs_prediction_error","within_1.05_best_then_min_budget"
"FS","linear",NA,NA,NA,NA,NA,NA,NA,NA,NA,NA,NA,NA,NA,NA,101,TRUE,2.91000000000008,15.0719328843113,"FS",NA,NA,NA,22,81,8,8,"E2_linear_s_sweep","E__linear_s_sweep_n1800_p1800_sstar15_s30_h6812e0cb",1800,1800,15,30,7,0.5,200,8,20490427,20500427,20700427,2.5,1.5,5,"median_abs_prediction_error","within_1.05_best_then_min_budget"
"TS","linear",0.5,0.5,0.5,200,8,900,900,112,15,113,90,8,8,180896,101,TRUE,38.5599999999999,0.390975507397598,"TS",NA,NA,NA,NA,NA,NA,NA,"E2_linear_s_sweep","E__linear_s_sweep_n1800_p1800_sstar15_s30_h6812e0cb",1800,1800,15,30,8,0.5,200,8,20490428,20500428,20700428,2.5,1.5,5,"median_abs_prediction_error","within_1.05_best_then_min_budget"
"FD","linear",NA,NA,NA,NA,NA,NA,NA,NA,15,NA,NA,NA,NA,NA,101,TRUE,20.1700000000001,0.772703307421269,"FD_budget",101,113,113,NA,NA,NA,NA,"E2_linear_s_sweep","E__linear_s_sweep_n1800_p1800_sstar15_s30_h6812e0cb",1800,1800,15,30,8,0.5,200,8,20490428,20500428,20700428,2.5,1.5,5,"median_abs_prediction_error","within_1.05_best_then_min_budget"
"FS","linear",NA,NA,NA,NA,NA,NA,NA,NA,NA,NA,NA,NA,NA,NA,101,TRUE,3.27999999999997,17.7256738052062,"FS",NA,NA,NA,22,81,8,8,"E2_linear_s_sweep","E__linear_s_sweep_n1800_p1800_sstar15_s30_h6812e0cb",1800,1800,15,30,8,0.5,200,8,20490428,20500428,20700428,2.5,1.5,5,"median_abs_prediction_error","within_1.05_best_then_min_budget"
"TS","linear",0.5,0.5,0.5,200,8,900,900,112,15,113,90,8,8,180896,101,TRUE,35.1099999999999,0.469919379541069,"TS",NA,NA,NA,NA,NA,NA,NA,"E2_linear_s_sweep","E__linear_s_sweep_n1800_p1800_sstar15_s30_h6812e0cb",1800,1800,15,30,9,0.5,200,8,20490429,20500429,20700429,2.5,1.5,5,"median_abs_prediction_error","within_1.05_best_then_min_budget"
"FD","linear",NA,NA,NA,NA,NA,NA,NA,NA,15,NA,NA,NA,NA,NA,101,TRUE,19.75,0.89978305227571,"FD_budget",101,113,113,NA,NA,NA,NA,"E2_linear_s_sweep","E__linear_s_sweep_n1800_p1800_sstar15_s30_h6812e0cb",1800,1800,15,30,9,0.5,200,8,20490429,20500429,20700429,2.5,1.5,5,"median_abs_prediction_error","within_1.05_best_then_min_budget"
"FS","linear",NA,NA,NA,NA,NA,NA,NA,NA,NA,NA,NA,NA,NA,NA,101,TRUE,3.06999999999994,14.1846048300979,"FS",NA,NA,NA,22,81,8,8,"E2_linear_s_sweep","E__linear_s_sweep_n1800_p1800_sstar15_s30_h6812e0cb",1800,1800,15,30,9,0.5,200,8,20490429,20500429,20700429,2.5,1.5,5,"median_abs_prediction_error","within_1.05_best_then_min_budget"
"TS","linear",0.5,0.5,0.5,200,8,900,900,112,15,113,90,8,8,180896,101,TRUE,35.6699999999998,0.589619679491199,"TS",NA,NA,NA,NA,NA,NA,NA,"E2_linear_s_sweep","E__linear_s_sweep_n1800_p1800_sstar15_s30_h6812e0cb",1800,1800,15,30,10,0.5,200,8,20490430,20500430,20700430,2.5,1.5,5,"median_abs_prediction_error","within_1.05_best_then_min_budget"
"FD","linear",NA,NA,NA,NA,NA,NA,NA,NA,15,NA,NA,NA,NA,NA,101,TRUE,19.9299999999998,1.06425124935499,"FD_budget",101,113,113,NA,NA,NA,NA,"E2_linear_s_sweep","E__linear_s_sweep_n1800_p1800_sstar15_s30_h6812e0cb",1800,1800,15,30,10,0.5,200,8,20490430,20500430,20700430,2.5,1.5,5,"median_abs_prediction_error","within_1.05_best_then_min_budget"
"FS","linear",NA,NA,NA,NA,NA,NA,NA,NA,NA,NA,NA,NA,NA,NA,101,TRUE,2.87000000000012,16.8466174875963,"FS",NA,NA,NA,22,81,8,8,"E2_linear_s_sweep","E__linear_s_sweep_n1800_p1800_sstar15_s30_h6812e0cb",1800,1800,15,30,10,0.5,200,8,20490430,20500430,20700430,2.5,1.5,5,"median_abs_prediction_error","within_1.05_best_then_min_budget"
"TS","linear",0.5,0.5,0.5,200,8,900,900,112,15,113,90,8,8,180896,101,TRUE,36.29,0.628106445540336,"TS",NA,NA,NA,NA,NA,NA,NA,"E2_linear_s_sweep","E__linear_s_sweep_n1800_p1800_sstar15_s30_h6812e0cb",1800,1800,15,30,11,0.5,200,8,20490431,20500431,20700431,2.5,1.5,5,"median_abs_prediction_error","within_1.05_best_then_min_budget"
"FD","linear",NA,NA,NA,NA,NA,NA,NA,NA,15,NA,NA,NA,NA,NA,101,TRUE,19.5799999999999,0.95449038350909,"FD_budget",101,113,113,NA,NA,NA,NA,"E2_linear_s_sweep","E__linear_s_sweep_n1800_p1800_sstar15_s30_h6812e0cb",1800,1800,15,30,11,0.5,200,8,20490431,20500431,20700431,2.5,1.5,5,"median_abs_prediction_error","within_1.05_best_then_min_budget"
"FS","linear",NA,NA,NA,NA,NA,NA,NA,NA,NA,NA,NA,NA,NA,NA,101,TRUE,3.06999999999994,18.166047787481,"FS",NA,NA,NA,22,81,8,8,"E2_linear_s_sweep","E__linear_s_sweep_n1800_p1800_sstar15_s30_h6812e0cb",1800,1800,15,30,11,0.5,200,8,20490431,20500431,20700431,2.5,1.5,5,"median_abs_prediction_error","within_1.05_best_then_min_budget"
"TS","linear",0.5,0.5,0.5,200,8,900,900,112,15,113,90,8,8,180896,101,TRUE,35.6800000000001,0.387116698379369,"TS",NA,NA,NA,NA,NA,NA,NA,"E2_linear_s_sweep","E__linear_s_sweep_n1800_p1800_sstar15_s30_h6812e0cb",1800,1800,15,30,12,0.5,200,8,20490432,20500432,20700432,2.5,1.5,5,"median_abs_prediction_error","within_1.05_best_then_min_budget"
"FD","linear",NA,NA,NA,NA,NA,NA,NA,NA,15,NA,NA,NA,NA,NA,101,TRUE,19.47,1.26838450944142,"FD_budget",101,113,113,NA,NA,NA,NA,"E2_linear_s_sweep","E__linear_s_sweep_n1800_p1800_sstar15_s30_h6812e0cb",1800,1800,15,30,12,0.5,200,8,20490432,20500432,20700432,2.5,1.5,5,"median_abs_prediction_error","within_1.05_best_then_min_budget"
"FS","linear",NA,NA,NA,NA,NA,NA,NA,NA,NA,NA,NA,NA,NA,NA,101,TRUE,2.99000000000001,17.5466543597733,"FS",NA,NA,NA,22,81,8,8,"E2_linear_s_sweep","E__linear_s_sweep_n1800_p1800_sstar15_s30_h6812e0cb",1800,1800,15,30,12,0.5,200,8,20490432,20500432,20700432,2.5,1.5,5,"median_abs_prediction_error","within_1.05_best_then_min_budget"
"TS","linear",0.5,0.5,0.5,200,8,900,900,112,15,113,90,8,8,180896,101,TRUE,35.5799999999999,0.311502096140492,"TS",NA,NA,NA,NA,NA,NA,NA,"E2_linear_s_sweep","E__linear_s_sweep_n1800_p1800_sstar15_s30_h6812e0cb",1800,1800,15,30,13,0.5,200,8,20490433,20500433,20700433,2.5,1.5,5,"median_abs_prediction_error","within_1.05_best_then_min_budget"
"FD","linear",NA,NA,NA,NA,NA,NA,NA,NA,15,NA,NA,NA,NA,NA,101,TRUE,21.03,0.897363006807992,"FD_budget",101,113,113,NA,NA,NA,NA,"E2_linear_s_sweep","E__linear_s_sweep_n1800_p1800_sstar15_s30_h6812e0cb",1800,1800,15,30,13,0.5,200,8,20490433,20500433,20700433,2.5,1.5,5,"median_abs_prediction_error","within_1.05_best_then_min_budget"
"FS","linear",NA,NA,NA,NA,NA,NA,NA,NA,NA,NA,NA,NA,NA,NA,101,TRUE,3.02999999999997,14.5216851878005,"FS",NA,NA,NA,22,81,8,8,"E2_linear_s_sweep","E__linear_s_sweep_n1800_p1800_sstar15_s30_h6812e0cb",1800,1800,15,30,13,0.5,200,8,20490433,20500433,20700433,2.5,1.5,5,"median_abs_prediction_error","within_1.05_best_then_min_budget"
"TS","linear",0.5,0.5,0.5,200,8,900,900,112,15,113,90,8,8,180896,101,TRUE,36.78,0.338095658760882,"TS",NA,NA,NA,NA,NA,NA,NA,"E2_linear_s_sweep","E__linear_s_sweep_n1800_p1800_sstar15_s30_h6812e0cb",1800,1800,15,30,14,0.5,200,8,20490434,20500434,20700434,2.5,1.5,5,"median_abs_prediction_error","within_1.05_best_then_min_budget"
"FD","linear",NA,NA,NA,NA,NA,NA,NA,NA,15,NA,NA,NA,NA,NA,101,TRUE,19.95,1.04334979432486,"FD_budget",101,113,113,NA,NA,NA,NA,"E2_linear_s_sweep","E__linear_s_sweep_n1800_p1800_sstar15_s30_h6812e0cb",1800,1800,15,30,14,0.5,200,8,20490434,20500434,20700434,2.5,1.5,5,"median_abs_prediction_error","within_1.05_best_then_min_budget"
"FS","linear",NA,NA,NA,NA,NA,NA,NA,NA,NA,NA,NA,NA,NA,NA,101,TRUE,2.6099999999999,16.8236620693659,"FS",NA,NA,NA,22,81,8,8,"E2_linear_s_sweep","E__linear_s_sweep_n1800_p1800_sstar15_s30_h6812e0cb",1800,1800,15,30,14,0.5,200,8,20490434,20500434,20700434,2.5,1.5,5,"median_abs_prediction_error","within_1.05_best_then_min_budget"
"TS","linear",0.5,0.5,0.5,200,8,900,900,112,15,113,90,8,8,180896,101,TRUE,37.0799999999999,0.264706209558339,"TS",NA,NA,NA,NA,NA,NA,NA,"E2_linear_s_sweep","E__linear_s_sweep_n1800_p1800_sstar15_s30_h6812e0cb",1800,1800,15,30,15,0.5,200,8,20490435,20500435,20700435,2.5,1.5,5,"median_abs_prediction_error","within_1.05_best_then_min_budget"
"FD","linear",NA,NA,NA,NA,NA,NA,NA,NA,15,NA,NA,NA,NA,NA,101,TRUE,20.77,0.705660976774729,"FD_budget",101,113,113,NA,NA,NA,NA,"E2_linear_s_sweep","E__linear_s_sweep_n1800_p1800_sstar15_s30_h6812e0cb",1800,1800,15,30,15,0.5,200,8,20490435,20500435,20700435,2.5,1.5,5,"median_abs_prediction_error","within_1.05_best_then_min_budget"
"FS","linear",NA,NA,NA,NA,NA,NA,NA,NA,NA,NA,NA,NA,NA,NA,101,TRUE,3.30000000000018,15.0018071350863,"FS",NA,NA,NA,22,81,8,8,"E2_linear_s_sweep","E__linear_s_sweep_n1800_p1800_sstar15_s30_h6812e0cb",1800,1800,15,30,15,0.5,200,8,20490435,20500435,20700435,2.5,1.5,5,"median_abs_prediction_error","within_1.05_best_then_min_budget"
"TS","linear",0.5,0.5,0.5,200,8,900,900,112,15,113,90,8,8,180896,101,TRUE,35.4799999999998,0.424933052552794,"TS",NA,NA,NA,NA,NA,NA,NA,"E2_linear_s_sweep","E__linear_s_sweep_n1800_p1800_sstar15_s30_h6812e0cb",1800,1800,15,30,16,0.5,200,8,20490436,20500436,20700436,2.5,1.5,5,"median_abs_prediction_error","within_1.05_best_then_min_budget"
"FD","linear",NA,NA,NA,NA,NA,NA,NA,NA,15,NA,NA,NA,NA,NA,101,TRUE,20.3400000000001,1.06005743907371,"FD_budget",101,113,113,NA,NA,NA,NA,"E2_linear_s_sweep","E__linear_s_sweep_n1800_p1800_sstar15_s30_h6812e0cb",1800,1800,15,30,16,0.5,200,8,20490436,20500436,20700436,2.5,1.5,5,"median_abs_prediction_error","within_1.05_best_then_min_budget"
"FS","linear",NA,NA,NA,NA,NA,NA,NA,NA,NA,NA,NA,NA,NA,NA,101,TRUE,3.03999999999996,13.4370468849378,"FS",NA,NA,NA,22,81,8,8,"E2_linear_s_sweep","E__linear_s_sweep_n1800_p1800_sstar15_s30_h6812e0cb",1800,1800,15,30,16,0.5,200,8,20490436,20500436,20700436,2.5,1.5,5,"median_abs_prediction_error","within_1.05_best_then_min_budget"
"TS","linear",0.5,0.5,0.5,200,8,900,900,112,15,113,90,8,8,180896,101,TRUE,36.6300000000001,0.33702664711149,"TS",NA,NA,NA,NA,NA,NA,NA,"E2_linear_s_sweep","E__linear_s_sweep_n1800_p1800_sstar15_s30_h6812e0cb",1800,1800,15,30,17,0.5,200,8,20490437,20500437,20700437,2.5,1.5,5,"median_abs_prediction_error","within_1.05_best_then_min_budget"
"FD","linear",NA,NA,NA,NA,NA,NA,NA,NA,15,NA,NA,NA,NA,NA,101,TRUE,20.3699999999999,0.812640177525401,"FD_budget",101,113,113,NA,NA,NA,NA,"E2_linear_s_sweep","E__linear_s_sweep_n1800_p1800_sstar15_s30_h6812e0cb",1800,1800,15,30,17,0.5,200,8,20490437,20500437,20700437,2.5,1.5,5,"median_abs_prediction_error","within_1.05_best_then_min_budget"
"FS","linear",NA,NA,NA,NA,NA,NA,NA,NA,NA,NA,NA,NA,NA,NA,101,TRUE,3.16000000000008,16.8510002348457,"FS",NA,NA,NA,22,81,8,8,"E2_linear_s_sweep","E__linear_s_sweep_n1800_p1800_sstar15_s30_h6812e0cb",1800,1800,15,30,17,0.5,200,8,20490437,20500437,20700437,2.5,1.5,5,"median_abs_prediction_error","within_1.05_best_then_min_budget"
"TS","linear",0.5,0.5,0.5,200,8,900,900,112,15,113,90,8,8,180896,101,TRUE,37.3099999999999,0.448011843948612,"TS",NA,NA,NA,NA,NA,NA,NA,"E2_linear_s_sweep","E__linear_s_sweep_n1800_p1800_sstar15_s30_h6812e0cb",1800,1800,15,30,18,0.5,200,8,20490438,20500438,20700438,2.5,1.5,5,"median_abs_prediction_error","within_1.05_best_then_min_budget"
"FD","linear",NA,NA,NA,NA,NA,NA,NA,NA,15,NA,NA,NA,NA,NA,101,TRUE,21.6900000000001,1.06089148404892,"FD_budget",101,113,113,NA,NA,NA,NA,"E2_linear_s_sweep","E__linear_s_sweep_n1800_p1800_sstar15_s30_h6812e0cb",1800,1800,15,30,18,0.5,200,8,20490438,20500438,20700438,2.5,1.5,5,"median_abs_prediction_error","within_1.05_best_then_min_budget"
"FS","linear",NA,NA,NA,NA,NA,NA,NA,NA,NA,NA,NA,NA,NA,NA,101,TRUE,3.49000000000001,16.1667913473302,"FS",NA,NA,NA,22,81,8,8,"E2_linear_s_sweep","E__linear_s_sweep_n1800_p1800_sstar15_s30_h6812e0cb",1800,1800,15,30,18,0.5,200,8,20490438,20500438,20700438,2.5,1.5,5,"median_abs_prediction_error","within_1.05_best_then_min_budget"
"TS","linear",0.5,0.5,0.5,200,8,900,900,112,15,113,90,8,8,180896,101,TRUE,36.8800000000001,0.325675020366337,"TS",NA,NA,NA,NA,NA,NA,NA,"E2_linear_s_sweep","E__linear_s_sweep_n1800_p1800_sstar15_s30_h6812e0cb",1800,1800,15,30,19,0.5,200,8,20490439,20500439,20700439,2.5,1.5,5,"median_abs_prediction_error","within_1.05_best_then_min_budget"
"FD","linear",NA,NA,NA,NA,NA,NA,NA,NA,15,NA,NA,NA,NA,NA,101,TRUE,20.46,1.03770928660503,"FD_budget",101,113,113,NA,NA,NA,NA,"E2_linear_s_sweep","E__linear_s_sweep_n1800_p1800_sstar15_s30_h6812e0cb",1800,1800,15,30,19,0.5,200,8,20490439,20500439,20700439,2.5,1.5,5,"median_abs_prediction_error","within_1.05_best_then_min_budget"
"FS","linear",NA,NA,NA,NA,NA,NA,NA,NA,NA,NA,NA,NA,NA,NA,101,TRUE,3.21000000000004,15.340109083951,"FS",NA,NA,NA,22,81,8,8,"E2_linear_s_sweep","E__linear_s_sweep_n1800_p1800_sstar15_s30_h6812e0cb",1800,1800,15,30,19,0.5,200,8,20490439,20500439,20700439,2.5,1.5,5,"median_abs_prediction_error","within_1.05_best_then_min_budget"
"TS","linear",0.5,0.5,0.5,200,8,900,900,112,15,113,90,8,8,180896,101,TRUE,36.1599999999999,0.288495132802444,"TS",NA,NA,NA,NA,NA,NA,NA,"E2_linear_s_sweep","E__linear_s_sweep_n1800_p1800_sstar15_s30_h6812e0cb",1800,1800,15,30,20,0.5,200,8,20490440,20500440,20700440,2.5,1.5,5,"median_abs_prediction_error","within_1.05_best_then_min_budget"
"FD","linear",NA,NA,NA,NA,NA,NA,NA,NA,15,NA,NA,NA,NA,NA,101,TRUE,22.75,0.817664187114229,"FD_budget",101,113,113,NA,NA,NA,NA,"E2_linear_s_sweep","E__linear_s_sweep_n1800_p1800_sstar15_s30_h6812e0cb",1800,1800,15,30,20,0.5,200,8,20490440,20500440,20700440,2.5,1.5,5,"median_abs_prediction_error","within_1.05_best_then_min_budget"
"FS","linear",NA,NA,NA,NA,NA,NA,NA,NA,NA,NA,NA,NA,NA,NA,101,TRUE,3.06000000000017,15.1889019675317,"FS",NA,NA,NA,22,81,8,8,"E2_linear_s_sweep","E__linear_s_sweep_n1800_p1800_sstar15_s30_h6812e0cb",1800,1800,15,30,20,0.5,200,8,20490440,20500440,20700440,2.5,1.5,5,"median_abs_prediction_error","within_1.05_best_then_min_budget"
"TS","linear",0.5,0.5,0.5,200,8,900,900,112,15,113,90,8,8,180896,101,TRUE,36.6099999999999,0.427534082210153,"TS",NA,NA,NA,NA,NA,NA,NA,"E2_linear_s_sweep","E__linear_s_sweep_n1800_p1800_sstar15_s30_h6812e0cb",1800,1800,15,30,21,0.5,200,8,20490441,20500441,20700441,2.5,1.5,5,"median_abs_prediction_error","within_1.05_best_then_min_budget"
"FD","linear",NA,NA,NA,NA,NA,NA,NA,NA,15,NA,NA,NA,NA,NA,101,TRUE,22.3600000000001,1.25006102922076,"FD_budget",101,113,113,NA,NA,NA,NA,"E2_linear_s_sweep","E__linear_s_sweep_n1800_p1800_sstar15_s30_h6812e0cb",1800,1800,15,30,21,0.5,200,8,20490441,20500441,20700441,2.5,1.5,5,"median_abs_prediction_error","within_1.05_best_then_min_budget"
"FS","linear",NA,NA,NA,NA,NA,NA,NA,NA,NA,NA,NA,NA,NA,NA,101,TRUE,3.25,17.0284059753011,"FS",NA,NA,NA,22,81,8,8,"E2_linear_s_sweep","E__linear_s_sweep_n1800_p1800_sstar15_s30_h6812e0cb",1800,1800,15,30,21,0.5,200,8,20490441,20500441,20700441,2.5,1.5,5,"median_abs_prediction_error","within_1.05_best_then_min_budget"
"TS","linear",0.5,0.5,0.5,200,8,900,900,112,15,113,90,8,8,180896,101,TRUE,36.4100000000001,0.3932071924073,"TS",NA,NA,NA,NA,NA,NA,NA,"E2_linear_s_sweep","E__linear_s_sweep_n1800_p1800_sstar15_s30_h6812e0cb",1800,1800,15,30,22,0.5,200,8,20490442,20500442,20700442,2.5,1.5,5,"median_abs_prediction_error","within_1.05_best_then_min_budget"
"FD","linear",NA,NA,NA,NA,NA,NA,NA,NA,15,NA,NA,NA,NA,NA,101,TRUE,22.28,0.794878512352267,"FD_budget",101,113,113,NA,NA,NA,NA,"E2_linear_s_sweep","E__linear_s_sweep_n1800_p1800_sstar15_s30_h6812e0cb",1800,1800,15,30,22,0.5,200,8,20490442,20500442,20700442,2.5,1.5,5,"median_abs_prediction_error","within_1.05_best_then_min_budget"
"FS","linear",NA,NA,NA,NA,NA,NA,NA,NA,NA,NA,NA,NA,NA,NA,101,TRUE,3.42000000000007,16.7092756020598,"FS",NA,NA,NA,22,81,8,8,"E2_linear_s_sweep","E__linear_s_sweep_n1800_p1800_sstar15_s30_h6812e0cb",1800,1800,15,30,22,0.5,200,8,20490442,20500442,20700442,2.5,1.5,5,"median_abs_prediction_error","within_1.05_best_then_min_budget"
"TS","linear",0.5,0.5,0.5,200,8,900,900,112,15,113,90,8,8,180896,101,TRUE,35.72,0.378201187946663,"TS",NA,NA,NA,NA,NA,NA,NA,"E2_linear_s_sweep","E__linear_s_sweep_n1800_p1800_sstar15_s30_h6812e0cb",1800,1800,15,30,23,0.5,200,8,20490443,20500443,20700443,2.5,1.5,5,"median_abs_prediction_error","within_1.05_best_then_min_budget"
"FD","linear",NA,NA,NA,NA,NA,NA,NA,NA,15,NA,NA,NA,NA,NA,101,TRUE,21.72,1.05952022118669,"FD_budget",101,113,113,NA,NA,NA,NA,"E2_linear_s_sweep","E__linear_s_sweep_n1800_p1800_sstar15_s30_h6812e0cb",1800,1800,15,30,23,0.5,200,8,20490443,20500443,20700443,2.5,1.5,5,"median_abs_prediction_error","within_1.05_best_then_min_budget"
"FS","linear",NA,NA,NA,NA,NA,NA,NA,NA,NA,NA,NA,NA,NA,NA,101,TRUE,2.97000000000003,19.1316554712178,"FS",NA,NA,NA,22,81,8,8,"E2_linear_s_sweep","E__linear_s_sweep_n1800_p1800_sstar15_s30_h6812e0cb",1800,1800,15,30,23,0.5,200,8,20490443,20500443,20700443,2.5,1.5,5,"median_abs_prediction_error","within_1.05_best_then_min_budget"
"TS","linear",0.5,0.5,0.5,200,8,900,900,112,15,113,90,8,8,180896,101,TRUE,37.48,0.443788167150913,"TS",NA,NA,NA,NA,NA,NA,NA,"E2_linear_s_sweep","E__linear_s_sweep_n1800_p1800_sstar15_s30_h6812e0cb",1800,1800,15,30,24,0.5,200,8,20490444,20500444,20700444,2.5,1.5,5,"median_abs_prediction_error","within_1.05_best_then_min_budget"
"FD","linear",NA,NA,NA,NA,NA,NA,NA,NA,15,NA,NA,NA,NA,NA,101,TRUE,21.5800000000002,0.902493791460331,"FD_budget",101,113,113,NA,NA,NA,NA,"E2_linear_s_sweep","E__linear_s_sweep_n1800_p1800_sstar15_s30_h6812e0cb",1800,1800,15,30,24,0.5,200,8,20490444,20500444,20700444,2.5,1.5,5,"median_abs_prediction_error","within_1.05_best_then_min_budget"
"FS","linear",NA,NA,NA,NA,NA,NA,NA,NA,NA,NA,NA,NA,NA,NA,101,TRUE,2.86999999999989,15.3843664639217,"FS",NA,NA,NA,22,81,8,8,"E2_linear_s_sweep","E__linear_s_sweep_n1800_p1800_sstar15_s30_h6812e0cb",1800,1800,15,30,24,0.5,200,8,20490444,20500444,20700444,2.5,1.5,5,"median_abs_prediction_error","within_1.05_best_then_min_budget"
"TS","linear",0.5,0.5,0.5,200,8,900,900,112,15,113,90,8,8,180896,101,TRUE,42.3099999999999,0.338137229717609,"TS",NA,NA,NA,NA,NA,NA,NA,"E2_linear_s_sweep","E__linear_s_sweep_n1800_p1800_sstar15_s30_h6812e0cb",1800,1800,15,30,25,0.5,200,8,20490445,20500445,20700445,2.5,1.5,5,"median_abs_prediction_error","within_1.05_best_then_min_budget"
"FD","linear",NA,NA,NA,NA,NA,NA,NA,NA,15,NA,NA,NA,NA,NA,101,TRUE,19.3100000000002,1.15553700212421,"FD_budget",101,113,113,NA,NA,NA,NA,"E2_linear_s_sweep","E__linear_s_sweep_n1800_p1800_sstar15_s30_h6812e0cb",1800,1800,15,30,25,0.5,200,8,20490445,20500445,20700445,2.5,1.5,5,"median_abs_prediction_error","within_1.05_best_then_min_budget"
"FS","linear",NA,NA,NA,NA,NA,NA,NA,NA,NA,NA,NA,NA,NA,NA,101,TRUE,2.7199999999998,13.6317999472616,"FS",NA,NA,NA,22,81,8,8,"E2_linear_s_sweep","E__linear_s_sweep_n1800_p1800_sstar15_s30_h6812e0cb",1800,1800,15,30,25,0.5,200,8,20490445,20500445,20700445,2.5,1.5,5,"median_abs_prediction_error","within_1.05_best_then_min_budget"
"TS","linear",0.5,0.5,0.5,200,8,900,900,112,15,113,90,8,8,180896,101,TRUE,41.7099999999998,0.432829765670211,"TS",NA,NA,NA,NA,NA,NA,NA,"E2_linear_s_sweep","E__linear_s_sweep_n1800_p1800_sstar15_s30_h6812e0cb",1800,1800,15,30,26,0.5,200,8,20490446,20500446,20700446,2.5,1.5,5,"median_abs_prediction_error","within_1.05_best_then_min_budget"
"FD","linear",NA,NA,NA,NA,NA,NA,NA,NA,15,NA,NA,NA,NA,NA,101,TRUE,19.5600000000002,1.07319560535919,"FD_budget",101,113,113,NA,NA,NA,NA,"E2_linear_s_sweep","E__linear_s_sweep_n1800_p1800_sstar15_s30_h6812e0cb",1800,1800,15,30,26,0.5,200,8,20490446,20500446,20700446,2.5,1.5,5,"median_abs_prediction_error","within_1.05_best_then_min_budget"
"FS","linear",NA,NA,NA,NA,NA,NA,NA,NA,NA,NA,NA,NA,NA,NA,101,TRUE,2.24000000000001,15.5926314823454,"FS",NA,NA,NA,22,81,8,8,"E2_linear_s_sweep","E__linear_s_sweep_n1800_p1800_sstar15_s30_h6812e0cb",1800,1800,15,30,26,0.5,200,8,20490446,20500446,20700446,2.5,1.5,5,"median_abs_prediction_error","within_1.05_best_then_min_budget"
"TS","linear",0.5,0.5,0.5,200,8,900,900,112,15,113,90,8,8,180896,101,TRUE,41.54,0.449473192711854,"TS",NA,NA,NA,NA,NA,NA,NA,"E2_linear_s_sweep","E__linear_s_sweep_n1800_p1800_sstar15_s30_h6812e0cb",1800,1800,15,30,27,0.5,200,8,20490447,20500447,20700447,2.5,1.5,5,"median_abs_prediction_error","within_1.05_best_then_min_budget"
"FD","linear",NA,NA,NA,NA,NA,NA,NA,NA,15,NA,NA,NA,NA,NA,101,TRUE,19.55,0.733535371547688,"FD_budget",101,113,113,NA,NA,NA,NA,"E2_linear_s_sweep","E__linear_s_sweep_n1800_p1800_sstar15_s30_h6812e0cb",1800,1800,15,30,27,0.5,200,8,20490447,20500447,20700447,2.5,1.5,5,"median_abs_prediction_error","within_1.05_best_then_min_budget"
"FS","linear",NA,NA,NA,NA,NA,NA,NA,NA,NA,NA,NA,NA,NA,NA,101,TRUE,2.44000000000005,16.2138346929317,"FS",NA,NA,NA,22,81,8,8,"E2_linear_s_sweep","E__linear_s_sweep_n1800_p1800_sstar15_s30_h6812e0cb",1800,1800,15,30,27,0.5,200,8,20490447,20500447,20700447,2.5,1.5,5,"median_abs_prediction_error","within_1.05_best_then_min_budget"
"TS","linear",0.5,0.5,0.5,200,8,900,900,112,15,113,90,8,8,180896,101,TRUE,40.8,0.37105601551043,"TS",NA,NA,NA,NA,NA,NA,NA,"E2_linear_s_sweep","E__linear_s_sweep_n1800_p1800_sstar15_s30_h6812e0cb",1800,1800,15,30,28,0.5,200,8,20490448,20500448,20700448,2.5,1.5,5,"median_abs_prediction_error","within_1.05_best_then_min_budget"
"FD","linear",NA,NA,NA,NA,NA,NA,NA,NA,15,NA,NA,NA,NA,NA,101,TRUE,18.8700000000001,0.803491075768217,"FD_budget",101,113,113,NA,NA,NA,NA,"E2_linear_s_sweep","E__linear_s_sweep_n1800_p1800_sstar15_s30_h6812e0cb",1800,1800,15,30,28,0.5,200,8,20490448,20500448,20700448,2.5,1.5,5,"median_abs_prediction_error","within_1.05_best_then_min_budget"
"FS","linear",NA,NA,NA,NA,NA,NA,NA,NA,NA,NA,NA,NA,NA,NA,101,TRUE,2.67999999999984,16.5380452040658,"FS",NA,NA,NA,22,81,8,8,"E2_linear_s_sweep","E__linear_s_sweep_n1800_p1800_sstar15_s30_h6812e0cb",1800,1800,15,30,28,0.5,200,8,20490448,20500448,20700448,2.5,1.5,5,"median_abs_prediction_error","within_1.05_best_then_min_budget"
"TS","linear",0.5,0.5,0.5,200,8,900,900,112,15,113,90,8,8,180896,101,TRUE,41.46,0.34441758746973,"TS",NA,NA,NA,NA,NA,NA,NA,"E2_linear_s_sweep","E__linear_s_sweep_n1800_p1800_sstar15_s30_h6812e0cb",1800,1800,15,30,29,0.5,200,8,20490449,20500449,20700449,2.5,1.5,5,"median_abs_prediction_error","within_1.05_best_then_min_budget"
"FD","linear",NA,NA,NA,NA,NA,NA,NA,NA,15,NA,NA,NA,NA,NA,101,TRUE,19.2199999999998,1.0490557008808,"FD_budget",101,113,113,NA,NA,NA,NA,"E2_linear_s_sweep","E__linear_s_sweep_n1800_p1800_sstar15_s30_h6812e0cb",1800,1800,15,30,29,0.5,200,8,20490449,20500449,20700449,2.5,1.5,5,"median_abs_prediction_error","within_1.05_best_then_min_budget"
"FS","linear",NA,NA,NA,NA,NA,NA,NA,NA,NA,NA,NA,NA,NA,NA,101,TRUE,2.34000000000015,17.3671447627658,"FS",NA,NA,NA,22,81,8,8,"E2_linear_s_sweep","E__linear_s_sweep_n1800_p1800_sstar15_s30_h6812e0cb",1800,1800,15,30,29,0.5,200,8,20490449,20500449,20700449,2.5,1.5,5,"median_abs_prediction_error","within_1.05_best_then_min_budget"
"TS","linear",0.5,0.5,0.5,200,8,900,900,112,15,113,90,8,8,180896,101,TRUE,41.6100000000001,0.313209355770817,"TS",NA,NA,NA,NA,NA,NA,NA,"E2_linear_s_sweep","E__linear_s_sweep_n1800_p1800_sstar15_s30_h6812e0cb",1800,1800,15,30,30,0.5,200,8,20490450,20500450,20700450,2.5,1.5,5,"median_abs_prediction_error","within_1.05_best_then_min_budget"
"FD","linear",NA,NA,NA,NA,NA,NA,NA,NA,15,NA,NA,NA,NA,NA,101,TRUE,18.4499999999998,0.926850782140576,"FD_budget",101,113,113,NA,NA,NA,NA,"E2_linear_s_sweep","E__linear_s_sweep_n1800_p1800_sstar15_s30_h6812e0cb",1800,1800,15,30,30,0.5,200,8,20490450,20500450,20700450,2.5,1.5,5,"median_abs_prediction_error","within_1.05_best_then_min_budget"
"FS","linear",NA,NA,NA,NA,NA,NA,NA,NA,NA,NA,NA,NA,NA,NA,101,TRUE,2.80000000000018,16.2044587839504,"FS",NA,NA,NA,22,81,8,8,"E2_linear_s_sweep","E__linear_s_sweep_n1800_p1800_sstar15_s30_h6812e0cb",1800,1800,15,30,30,0.5,200,8,20490450,20500450,20700450,2.5,1.5,5,"median_abs_prediction_error","within_1.05_best_then_min_budget"
"TS","linear",0.5,0.5,0.5,200,8,900,900,112,15,113,90,8,8,180896,101,TRUE,40.6700000000001,0.409041515008917,"TS",NA,NA,NA,NA,NA,NA,NA,"E2_linear_s_sweep","E__linear_s_sweep_n1800_p1800_sstar15_s30_h6812e0cb",1800,1800,15,30,31,0.5,200,8,20490451,20500451,20700451,2.5,1.5,5,"median_abs_prediction_error","within_1.05_best_then_min_budget"
"FD","linear",NA,NA,NA,NA,NA,NA,NA,NA,15,NA,NA,NA,NA,NA,101,TRUE,18.6900000000001,1.38411929100991,"FD_budget",101,113,113,NA,NA,NA,NA,"E2_linear_s_sweep","E__linear_s_sweep_n1800_p1800_sstar15_s30_h6812e0cb",1800,1800,15,30,31,0.5,200,8,20490451,20500451,20700451,2.5,1.5,5,"median_abs_prediction_error","within_1.05_best_then_min_budget"
"FS","linear",NA,NA,NA,NA,NA,NA,NA,NA,NA,NA,NA,NA,NA,NA,101,TRUE,2.68000000000006,16.5333722129798,"FS",NA,NA,NA,22,81,8,8,"E2_linear_s_sweep","E__linear_s_sweep_n1800_p1800_sstar15_s30_h6812e0cb",1800,1800,15,30,31,0.5,200,8,20490451,20500451,20700451,2.5,1.5,5,"median_abs_prediction_error","within_1.05_best_then_min_budget"
"TS","linear",0.5,0.5,0.5,200,8,900,900,112,15,113,90,8,8,180896,101,TRUE,37.7900000000002,0.434246780083194,"TS",NA,NA,NA,NA,NA,NA,NA,"E2_linear_s_sweep","E__linear_s_sweep_n1800_p1800_sstar15_s30_h6812e0cb",1800,1800,15,30,32,0.5,200,8,20490452,20500452,20700452,2.5,1.5,5,"median_abs_prediction_error","within_1.05_best_then_min_budget"
"FD","linear",NA,NA,NA,NA,NA,NA,NA,NA,15,NA,NA,NA,NA,NA,101,TRUE,20.0599999999999,0.925950596860607,"FD_budget",101,113,113,NA,NA,NA,NA,"E2_linear_s_sweep","E__linear_s_sweep_n1800_p1800_sstar15_s30_h6812e0cb",1800,1800,15,30,32,0.5,200,8,20490452,20500452,20700452,2.5,1.5,5,"median_abs_prediction_error","within_1.05_best_then_min_budget"
"FS","linear",NA,NA,NA,NA,NA,NA,NA,NA,NA,NA,NA,NA,NA,NA,101,TRUE,2.62999999999988,15.1938486134636,"FS",NA,NA,NA,22,81,8,8,"E2_linear_s_sweep","E__linear_s_sweep_n1800_p1800_sstar15_s30_h6812e0cb",1800,1800,15,30,32,0.5,200,8,20490452,20500452,20700452,2.5,1.5,5,"median_abs_prediction_error","within_1.05_best_then_min_budget"
"TS","linear",0.5,0.5,0.5,200,8,900,900,112,15,113,90,8,8,180896,101,TRUE,37.47,0.353585562453322,"TS",NA,NA,NA,NA,NA,NA,NA,"E2_linear_s_sweep","E__linear_s_sweep_n1800_p1800_sstar15_s30_h6812e0cb",1800,1800,15,30,33,0.5,200,8,20490453,20500453,20700453,2.5,1.5,5,"median_abs_prediction_error","within_1.05_best_then_min_budget"
"FD","linear",NA,NA,NA,NA,NA,NA,NA,NA,15,NA,NA,NA,NA,NA,101,TRUE,19.8899999999999,0.798827245615342,"FD_budget",101,113,113,NA,NA,NA,NA,"E2_linear_s_sweep","E__linear_s_sweep_n1800_p1800_sstar15_s30_h6812e0cb",1800,1800,15,30,33,0.5,200,8,20490453,20500453,20700453,2.5,1.5,5,"median_abs_prediction_error","within_1.05_best_then_min_budget"
"FS","linear",NA,NA,NA,NA,NA,NA,NA,NA,NA,NA,NA,NA,NA,NA,101,TRUE,3.25999999999999,14.9189934723975,"FS",NA,NA,NA,22,81,8,8,"E2_linear_s_sweep","E__linear_s_sweep_n1800_p1800_sstar15_s30_h6812e0cb",1800,1800,15,30,33,0.5,200,8,20490453,20500453,20700453,2.5,1.5,5,"median_abs_prediction_error","within_1.05_best_then_min_budget"
"TS","linear",0.5,0.5,0.5,200,8,900,900,112,15,113,90,8,8,180896,101,TRUE,38.46,0.611476555642815,"TS",NA,NA,NA,NA,NA,NA,NA,"E2_linear_s_sweep","E__linear_s_sweep_n1800_p1800_sstar15_s30_h6812e0cb",1800,1800,15,30,34,0.5,200,8,20490454,20500454,20700454,2.5,1.5,5,"median_abs_prediction_error","within_1.05_best_then_min_budget"
"FD","linear",NA,NA,NA,NA,NA,NA,NA,NA,15,NA,NA,NA,NA,NA,101,TRUE,19.6800000000001,1.34042438325957,"FD_budget",101,113,113,NA,NA,NA,NA,"E2_linear_s_sweep","E__linear_s_sweep_n1800_p1800_sstar15_s30_h6812e0cb",1800,1800,15,30,34,0.5,200,8,20490454,20500454,20700454,2.5,1.5,5,"median_abs_prediction_error","within_1.05_best_then_min_budget"
"FS","linear",NA,NA,NA,NA,NA,NA,NA,NA,NA,NA,NA,NA,NA,NA,101,TRUE,2.81999999999994,16.4146755375767,"FS",NA,NA,NA,22,81,8,8,"E2_linear_s_sweep","E__linear_s_sweep_n1800_p1800_sstar15_s30_h6812e0cb",1800,1800,15,30,34,0.5,200,8,20490454,20500454,20700454,2.5,1.5,5,"median_abs_prediction_error","within_1.05_best_then_min_budget"
"TS","linear",0.5,0.5,0.5,200,8,900,900,112,15,113,90,8,8,180896,101,TRUE,37.8299999999999,0.3646045139634,"TS",NA,NA,NA,NA,NA,NA,NA,"E2_linear_s_sweep","E__linear_s_sweep_n1800_p1800_sstar15_s30_h6812e0cb",1800,1800,15,30,35,0.5,200,8,20490455,20500455,20700455,2.5,1.5,5,"median_abs_prediction_error","within_1.05_best_then_min_budget"
"FD","linear",NA,NA,NA,NA,NA,NA,NA,NA,15,NA,NA,NA,NA,NA,101,TRUE,21.3400000000001,0.718489822296896,"FD_budget",101,113,113,NA,NA,NA,NA,"E2_linear_s_sweep","E__linear_s_sweep_n1800_p1800_sstar15_s30_h6812e0cb",1800,1800,15,30,35,0.5,200,8,20490455,20500455,20700455,2.5,1.5,5,"median_abs_prediction_error","within_1.05_best_then_min_budget"
"FS","linear",NA,NA,NA,NA,NA,NA,NA,NA,NA,NA,NA,NA,NA,NA,101,TRUE,2.90999999999985,17.7564829678483,"FS",NA,NA,NA,22,81,8,8,"E2_linear_s_sweep","E__linear_s_sweep_n1800_p1800_sstar15_s30_h6812e0cb",1800,1800,15,30,35,0.5,200,8,20490455,20500455,20700455,2.5,1.5,5,"median_abs_prediction_error","within_1.05_best_then_min_budget"
"TS","linear",0.5,0.5,0.5,200,8,900,900,112,15,113,90,8,8,180896,101,TRUE,37.2199999999998,0.323274254836197,"TS",NA,NA,NA,NA,NA,NA,NA,"E2_linear_s_sweep","E__linear_s_sweep_n1800_p1800_sstar15_s30_h6812e0cb",1800,1800,15,30,36,0.5,200,8,20490456,20500456,20700456,2.5,1.5,5,"median_abs_prediction_error","within_1.05_best_then_min_budget"
"FD","linear",NA,NA,NA,NA,NA,NA,NA,NA,15,NA,NA,NA,NA,NA,101,TRUE,19.6900000000001,0.682952747099661,"FD_budget",101,113,113,NA,NA,NA,NA,"E2_linear_s_sweep","E__linear_s_sweep_n1800_p1800_sstar15_s30_h6812e0cb",1800,1800,15,30,36,0.5,200,8,20490456,20500456,20700456,2.5,1.5,5,"median_abs_prediction_error","within_1.05_best_then_min_budget"
"FS","linear",NA,NA,NA,NA,NA,NA,NA,NA,NA,NA,NA,NA,NA,NA,101,TRUE,2.74000000000001,15.7167959898189,"FS",NA,NA,NA,22,81,8,8,"E2_linear_s_sweep","E__linear_s_sweep_n1800_p1800_sstar15_s30_h6812e0cb",1800,1800,15,30,36,0.5,200,8,20490456,20500456,20700456,2.5,1.5,5,"median_abs_prediction_error","within_1.05_best_then_min_budget"
"TS","linear",0.5,0.5,0.5,200,8,900,900,112,15,113,90,8,8,180896,101,TRUE,36.6600000000001,0.370746563876824,"TS",NA,NA,NA,NA,NA,NA,NA,"E2_linear_s_sweep","E__linear_s_sweep_n1800_p1800_sstar15_s30_h6812e0cb",1800,1800,15,30,37,0.5,200,8,20490457,20500457,20700457,2.5,1.5,5,"median_abs_prediction_error","within_1.05_best_then_min_budget"
"FD","linear",NA,NA,NA,NA,NA,NA,NA,NA,15,NA,NA,NA,NA,NA,101,TRUE,21.1199999999999,1.00154912161191,"FD_budget",101,113,113,NA,NA,NA,NA,"E2_linear_s_sweep","E__linear_s_sweep_n1800_p1800_sstar15_s30_h6812e0cb",1800,1800,15,30,37,0.5,200,8,20490457,20500457,20700457,2.5,1.5,5,"median_abs_prediction_error","within_1.05_best_then_min_budget"
"FS","linear",NA,NA,NA,NA,NA,NA,NA,NA,NA,NA,NA,NA,NA,NA,101,TRUE,2.68000000000006,15.6570514901522,"FS",NA,NA,NA,22,81,8,8,"E2_linear_s_sweep","E__linear_s_sweep_n1800_p1800_sstar15_s30_h6812e0cb",1800,1800,15,30,37,0.5,200,8,20490457,20500457,20700457,2.5,1.5,5,"median_abs_prediction_error","within_1.05_best_then_min_budget"
"TS","linear",0.5,0.5,0.5,200,8,900,900,112,15,113,90,8,8,180896,101,TRUE,35.3,0.49506155817335,"TS",NA,NA,NA,NA,NA,NA,NA,"E2_linear_s_sweep","E__linear_s_sweep_n1800_p1800_sstar15_s30_h6812e0cb",1800,1800,15,30,38,0.5,200,8,20490458,20500458,20700458,2.5,1.5,5,"median_abs_prediction_error","within_1.05_best_then_min_budget"
"FD","linear",NA,NA,NA,NA,NA,NA,NA,NA,15,NA,NA,NA,NA,NA,101,TRUE,20.6400000000001,1.22935262621849,"FD_budget",101,113,113,NA,NA,NA,NA,"E2_linear_s_sweep","E__linear_s_sweep_n1800_p1800_sstar15_s30_h6812e0cb",1800,1800,15,30,38,0.5,200,8,20490458,20500458,20700458,2.5,1.5,5,"median_abs_prediction_error","within_1.05_best_then_min_budget"
"FS","linear",NA,NA,NA,NA,NA,NA,NA,NA,NA,NA,NA,NA,NA,NA,101,TRUE,3.16999999999985,14.2974873539554,"FS",NA,NA,NA,22,81,8,8,"E2_linear_s_sweep","E__linear_s_sweep_n1800_p1800_sstar15_s30_h6812e0cb",1800,1800,15,30,38,0.5,200,8,20490458,20500458,20700458,2.5,1.5,5,"median_abs_prediction_error","within_1.05_best_then_min_budget"
"TS","linear",0.5,0.5,0.5,200,8,900,900,112,15,113,90,8,8,180896,101,TRUE,36.48,0.406670673437409,"TS",NA,NA,NA,NA,NA,NA,NA,"E2_linear_s_sweep","E__linear_s_sweep_n1800_p1800_sstar15_s30_h6812e0cb",1800,1800,15,30,39,0.5,200,8,20490459,20500459,20700459,2.5,1.5,5,"median_abs_prediction_error","within_1.05_best_then_min_budget"
"FD","linear",NA,NA,NA,NA,NA,NA,NA,NA,15,NA,NA,NA,NA,NA,101,TRUE,21.53,1.00613224841487,"FD_budget",101,113,113,NA,NA,NA,NA,"E2_linear_s_sweep","E__linear_s_sweep_n1800_p1800_sstar15_s30_h6812e0cb",1800,1800,15,30,39,0.5,200,8,20490459,20500459,20700459,2.5,1.5,5,"median_abs_prediction_error","within_1.05_best_then_min_budget"
"FS","linear",NA,NA,NA,NA,NA,NA,NA,NA,NA,NA,NA,NA,NA,NA,101,TRUE,3.11000000000013,15.2066105673143,"FS",NA,NA,NA,22,81,8,8,"E2_linear_s_sweep","E__linear_s_sweep_n1800_p1800_sstar15_s30_h6812e0cb",1800,1800,15,30,39,0.5,200,8,20490459,20500459,20700459,2.5,1.5,5,"median_abs_prediction_error","within_1.05_best_then_min_budget"
"TS","linear",0.5,0.5,0.5,200,8,900,900,112,15,113,90,8,8,180896,101,TRUE,36.8700000000001,0.415597803690177,"TS",NA,NA,NA,NA,NA,NA,NA,"E2_linear_s_sweep","E__linear_s_sweep_n1800_p1800_sstar15_s30_h6812e0cb",1800,1800,15,30,40,0.5,200,8,20490460,20500460,20700460,2.5,1.5,5,"median_abs_prediction_error","within_1.05_best_then_min_budget"
"FD","linear",NA,NA,NA,NA,NA,NA,NA,NA,15,NA,NA,NA,NA,NA,101,TRUE,20.3499999999999,0.965101673773634,"FD_budget",101,113,113,NA,NA,NA,NA,"E2_linear_s_sweep","E__linear_s_sweep_n1800_p1800_sstar15_s30_h6812e0cb",1800,1800,15,30,40,0.5,200,8,20490460,20500460,20700460,2.5,1.5,5,"median_abs_prediction_error","within_1.05_best_then_min_budget"
"FS","linear",NA,NA,NA,NA,NA,NA,NA,NA,NA,NA,NA,NA,NA,NA,101,TRUE,2.96000000000004,16.8991344386868,"FS",NA,NA,NA,22,81,8,8,"E2_linear_s_sweep","E__linear_s_sweep_n1800_p1800_sstar15_s30_h6812e0cb",1800,1800,15,30,40,0.5,200,8,20490460,20500460,20700460,2.5,1.5,5,"median_abs_prediction_error","within_1.05_best_then_min_budget"
"TS","linear",0.5,0.5,0.5,200,8,900,900,112,15,113,90,8,8,180896,101,TRUE,35.8900000000001,0.505187854818021,"TS",NA,NA,NA,NA,NA,NA,NA,"E2_linear_s_sweep","E__linear_s_sweep_n1800_p1800_sstar15_s30_h6812e0cb",1800,1800,15,30,41,0.5,200,8,20490461,20500461,20700461,2.5,1.5,5,"median_abs_prediction_error","within_1.05_best_then_min_budget"
"FD","linear",NA,NA,NA,NA,NA,NA,NA,NA,15,NA,NA,NA,NA,NA,101,TRUE,20.78,1.15875331056689,"FD_budget",101,113,113,NA,NA,NA,NA,"E2_linear_s_sweep","E__linear_s_sweep_n1800_p1800_sstar15_s30_h6812e0cb",1800,1800,15,30,41,0.5,200,8,20490461,20500461,20700461,2.5,1.5,5,"median_abs_prediction_error","within_1.05_best_then_min_budget"
"FS","linear",NA,NA,NA,NA,NA,NA,NA,NA,NA,NA,NA,NA,NA,NA,101,TRUE,2.92000000000007,14.3210931218526,"FS",NA,NA,NA,22,81,8,8,"E2_linear_s_sweep","E__linear_s_sweep_n1800_p1800_sstar15_s30_h6812e0cb",1800,1800,15,30,41,0.5,200,8,20490461,20500461,20700461,2.5,1.5,5,"median_abs_prediction_error","within_1.05_best_then_min_budget"
"TS","linear",0.5,0.5,0.5,200,8,900,900,112,15,113,90,8,8,180896,101,TRUE,37.6900000000001,0.453064198293288,"TS",NA,NA,NA,NA,NA,NA,NA,"E2_linear_s_sweep","E__linear_s_sweep_n1800_p1800_sstar15_s30_h6812e0cb",1800,1800,15,30,42,0.5,200,8,20490462,20500462,20700462,2.5,1.5,5,"median_abs_prediction_error","within_1.05_best_then_min_budget"
"FD","linear",NA,NA,NA,NA,NA,NA,NA,NA,15,NA,NA,NA,NA,NA,101,TRUE,19.8,1.13634539028551,"FD_budget",101,113,113,NA,NA,NA,NA,"E2_linear_s_sweep","E__linear_s_sweep_n1800_p1800_sstar15_s30_h6812e0cb",1800,1800,15,30,42,0.5,200,8,20490462,20500462,20700462,2.5,1.5,5,"median_abs_prediction_error","within_1.05_best_then_min_budget"
"FS","linear",NA,NA,NA,NA,NA,NA,NA,NA,NA,NA,NA,NA,NA,NA,101,TRUE,2.81000000000017,17.260010976806,"FS",NA,NA,NA,22,81,8,8,"E2_linear_s_sweep","E__linear_s_sweep_n1800_p1800_sstar15_s30_h6812e0cb",1800,1800,15,30,42,0.5,200,8,20490462,20500462,20700462,2.5,1.5,5,"median_abs_prediction_error","within_1.05_best_then_min_budget"
"TS","linear",0.5,0.5,0.5,200,8,900,900,112,15,113,90,8,8,180896,101,TRUE,36.51,0.406558753331417,"TS",NA,NA,NA,NA,NA,NA,NA,"E2_linear_s_sweep","E__linear_s_sweep_n1800_p1800_sstar15_s30_h6812e0cb",1800,1800,15,30,43,0.5,200,8,20490463,20500463,20700463,2.5,1.5,5,"median_abs_prediction_error","within_1.05_best_then_min_budget"
"FD","linear",NA,NA,NA,NA,NA,NA,NA,NA,15,NA,NA,NA,NA,NA,101,TRUE,21.05,0.994368079418665,"FD_budget",101,113,113,NA,NA,NA,NA,"E2_linear_s_sweep","E__linear_s_sweep_n1800_p1800_sstar15_s30_h6812e0cb",1800,1800,15,30,43,0.5,200,8,20490463,20500463,20700463,2.5,1.5,5,"median_abs_prediction_error","within_1.05_best_then_min_budget"
"FS","linear",NA,NA,NA,NA,NA,NA,NA,NA,NA,NA,NA,NA,NA,NA,101,TRUE,3.00999999999999,15.7540179590408,"FS",NA,NA,NA,22,81,8,8,"E2_linear_s_sweep","E__linear_s_sweep_n1800_p1800_sstar15_s30_h6812e0cb",1800,1800,15,30,43,0.5,200,8,20490463,20500463,20700463,2.5,1.5,5,"median_abs_prediction_error","within_1.05_best_then_min_budget"
"TS","linear",0.5,0.5,0.5,200,8,900,900,112,15,113,90,8,8,180896,101,TRUE,37.01,0.334151441179761,"TS",NA,NA,NA,NA,NA,NA,NA,"E2_linear_s_sweep","E__linear_s_sweep_n1800_p1800_sstar15_s30_h6812e0cb",1800,1800,15,30,44,0.5,200,8,20490464,20500464,20700464,2.5,1.5,5,"median_abs_prediction_error","within_1.05_best_then_min_budget"
"FD","linear",NA,NA,NA,NA,NA,NA,NA,NA,15,NA,NA,NA,NA,NA,101,TRUE,21.49,1.52258530018503,"FD_budget",101,113,113,NA,NA,NA,NA,"E2_linear_s_sweep","E__linear_s_sweep_n1800_p1800_sstar15_s30_h6812e0cb",1800,1800,15,30,44,0.5,200,8,20490464,20500464,20700464,2.5,1.5,5,"median_abs_prediction_error","within_1.05_best_then_min_budget"
"FS","linear",NA,NA,NA,NA,NA,NA,NA,NA,NA,NA,NA,NA,NA,NA,101,TRUE,3,17.0411155978372,"FS",NA,NA,NA,22,81,8,8,"E2_linear_s_sweep","E__linear_s_sweep_n1800_p1800_sstar15_s30_h6812e0cb",1800,1800,15,30,44,0.5,200,8,20490464,20500464,20700464,2.5,1.5,5,"median_abs_prediction_error","within_1.05_best_then_min_budget"
"TS","linear",0.5,0.5,0.5,200,8,900,900,112,15,113,90,8,8,180896,101,TRUE,36.9200000000001,0.591187628719537,"TS",NA,NA,NA,NA,NA,NA,NA,"E2_linear_s_sweep","E__linear_s_sweep_n1800_p1800_sstar15_s30_h6812e0cb",1800,1800,15,30,45,0.5,200,8,20490465,20500465,20700465,2.5,1.5,5,"median_abs_prediction_error","within_1.05_best_then_min_budget"
"FD","linear",NA,NA,NA,NA,NA,NA,NA,NA,15,NA,NA,NA,NA,NA,101,TRUE,21.73,1.22065189271271,"FD_budget",101,113,113,NA,NA,NA,NA,"E2_linear_s_sweep","E__linear_s_sweep_n1800_p1800_sstar15_s30_h6812e0cb",1800,1800,15,30,45,0.5,200,8,20490465,20500465,20700465,2.5,1.5,5,"median_abs_prediction_error","within_1.05_best_then_min_budget"
"FS","linear",NA,NA,NA,NA,NA,NA,NA,NA,NA,NA,NA,NA,NA,NA,101,TRUE,3.1099999999999,14.0667903119036,"FS",NA,NA,NA,22,81,8,8,"E2_linear_s_sweep","E__linear_s_sweep_n1800_p1800_sstar15_s30_h6812e0cb",1800,1800,15,30,45,0.5,200,8,20490465,20500465,20700465,2.5,1.5,5,"median_abs_prediction_error","within_1.05_best_then_min_budget"
"TS","linear",0.5,0.5,0.5,200,8,900,900,112,15,113,90,8,8,180896,101,TRUE,37,0.44546871863426,"TS",NA,NA,NA,NA,NA,NA,NA,"E2_linear_s_sweep","E__linear_s_sweep_n1800_p1800_sstar15_s30_h6812e0cb",1800,1800,15,30,46,0.5,200,8,20490466,20500466,20700466,2.5,1.5,5,"median_abs_prediction_error","within_1.05_best_then_min_budget"
"FD","linear",NA,NA,NA,NA,NA,NA,NA,NA,15,NA,NA,NA,NA,NA,101,TRUE,20.3899999999999,0.841768066994647,"FD_budget",101,113,113,NA,NA,NA,NA,"E2_linear_s_sweep","E__linear_s_sweep_n1800_p1800_sstar15_s30_h6812e0cb",1800,1800,15,30,46,0.5,200,8,20490466,20500466,20700466,2.5,1.5,5,"median_abs_prediction_error","within_1.05_best_then_min_budget"
"FS","linear",NA,NA,NA,NA,NA,NA,NA,NA,NA,NA,NA,NA,NA,NA,101,TRUE,3.21000000000004,13.345191855354,"FS",NA,NA,NA,22,81,8,8,"E2_linear_s_sweep","E__linear_s_sweep_n1800_p1800_sstar15_s30_h6812e0cb",1800,1800,15,30,46,0.5,200,8,20490466,20500466,20700466,2.5,1.5,5,"median_abs_prediction_error","within_1.05_best_then_min_budget"
"TS","linear",0.5,0.5,0.5,200,8,900,900,112,15,113,90,8,8,180896,101,TRUE,36.5599999999999,0.356119608221548,"TS",NA,NA,NA,NA,NA,NA,NA,"E2_linear_s_sweep","E__linear_s_sweep_n1800_p1800_sstar15_s30_h6812e0cb",1800,1800,15,30,47,0.5,200,8,20490467,20500467,20700467,2.5,1.5,5,"median_abs_prediction_error","within_1.05_best_then_min_budget"
"FD","linear",NA,NA,NA,NA,NA,NA,NA,NA,15,NA,NA,NA,NA,NA,101,TRUE,20.8,1.08348306609603,"FD_budget",101,113,113,NA,NA,NA,NA,"E2_linear_s_sweep","E__linear_s_sweep_n1800_p1800_sstar15_s30_h6812e0cb",1800,1800,15,30,47,0.5,200,8,20490467,20500467,20700467,2.5,1.5,5,"median_abs_prediction_error","within_1.05_best_then_min_budget"
"FS","linear",NA,NA,NA,NA,NA,NA,NA,NA,NA,NA,NA,NA,NA,NA,101,TRUE,2.86999999999989,12.9442877339149,"FS",NA,NA,NA,22,81,8,8,"E2_linear_s_sweep","E__linear_s_sweep_n1800_p1800_sstar15_s30_h6812e0cb",1800,1800,15,30,47,0.5,200,8,20490467,20500467,20700467,2.5,1.5,5,"median_abs_prediction_error","within_1.05_best_then_min_budget"
"TS","linear",0.5,0.5,0.5,200,8,900,900,112,15,113,90,8,8,180896,101,TRUE,37.2,0.312913725138363,"TS",NA,NA,NA,NA,NA,NA,NA,"E2_linear_s_sweep","E__linear_s_sweep_n1800_p1800_sstar15_s30_h6812e0cb",1800,1800,15,30,48,0.5,200,8,20490468,20500468,20700468,2.5,1.5,5,"median_abs_prediction_error","within_1.05_best_then_min_budget"
"FD","linear",NA,NA,NA,NA,NA,NA,NA,NA,15,NA,NA,NA,NA,NA,101,TRUE,21.3499999999999,0.652680288061907,"FD_budget",101,113,113,NA,NA,NA,NA,"E2_linear_s_sweep","E__linear_s_sweep_n1800_p1800_sstar15_s30_h6812e0cb",1800,1800,15,30,48,0.5,200,8,20490468,20500468,20700468,2.5,1.5,5,"median_abs_prediction_error","within_1.05_best_then_min_budget"
"FS","linear",NA,NA,NA,NA,NA,NA,NA,NA,NA,NA,NA,NA,NA,NA,101,TRUE,2.99000000000001,13.2218866289155,"FS",NA,NA,NA,22,81,8,8,"E2_linear_s_sweep","E__linear_s_sweep_n1800_p1800_sstar15_s30_h6812e0cb",1800,1800,15,30,48,0.5,200,8,20490468,20500468,20700468,2.5,1.5,5,"median_abs_prediction_error","within_1.05_best_then_min_budget"
"TS","linear",0.5,0.5,0.5,200,8,900,900,112,15,113,90,8,8,180896,101,TRUE,37.6300000000001,0.329885707945286,"TS",NA,NA,NA,NA,NA,NA,NA,"E2_linear_s_sweep","E__linear_s_sweep_n1800_p1800_sstar15_s30_h6812e0cb",1800,1800,15,30,49,0.5,200,8,20490469,20500469,20700469,2.5,1.5,5,"median_abs_prediction_error","within_1.05_best_then_min_budget"
"FD","linear",NA,NA,NA,NA,NA,NA,NA,NA,15,NA,NA,NA,NA,NA,101,TRUE,21.54,0.848582096276736,"FD_budget",101,113,113,NA,NA,NA,NA,"E2_linear_s_sweep","E__linear_s_sweep_n1800_p1800_sstar15_s30_h6812e0cb",1800,1800,15,30,49,0.5,200,8,20490469,20500469,20700469,2.5,1.5,5,"median_abs_prediction_error","within_1.05_best_then_min_budget"
"FS","linear",NA,NA,NA,NA,NA,NA,NA,NA,NA,NA,NA,NA,NA,NA,101,TRUE,2.99000000000001,18.3185911257559,"FS",NA,NA,NA,22,81,8,8,"E2_linear_s_sweep","E__linear_s_sweep_n1800_p1800_sstar15_s30_h6812e0cb",1800,1800,15,30,49,0.5,200,8,20490469,20500469,20700469,2.5,1.5,5,"median_abs_prediction_error","within_1.05_best_then_min_budget"
"TS","linear",0.5,0.5,0.5,200,8,900,900,112,15,113,90,8,8,180896,101,TRUE,35.7800000000002,0.509629390569577,"TS",NA,NA,NA,NA,NA,NA,NA,"E2_linear_s_sweep","E__linear_s_sweep_n1800_p1800_sstar15_s30_h6812e0cb",1800,1800,15,30,50,0.5,200,8,20490470,20500470,20700470,2.5,1.5,5,"median_abs_prediction_error","within_1.05_best_then_min_budget"
"FD","linear",NA,NA,NA,NA,NA,NA,NA,NA,15,NA,NA,NA,NA,NA,101,TRUE,21.76,0.784023279501059,"FD_budget",101,113,113,NA,NA,NA,NA,"E2_linear_s_sweep","E__linear_s_sweep_n1800_p1800_sstar15_s30_h6812e0cb",1800,1800,15,30,50,0.5,200,8,20490470,20500470,20700470,2.5,1.5,5,"median_abs_prediction_error","within_1.05_best_then_min_budget"
"FS","linear",NA,NA,NA,NA,NA,NA,NA,NA,NA,NA,NA,NA,NA,NA,101,TRUE,2.87999999999988,14.097428662599,"FS",NA,NA,NA,22,81,8,8,"E2_linear_s_sweep","E__linear_s_sweep_n1800_p1800_sstar15_s30_h6812e0cb",1800,1800,15,30,50,0.5,200,8,20490470,20500470,20700470,2.5,1.5,5,"median_abs_prediction_error","within_1.05_best_then_min_budget"
"TS","linear",0.5,0.5,0.5,200,8,900,900,112,15,113,90,8,8,180896,101,TRUE,36.3599999999999,0.587963530319412,"TS",NA,NA,NA,NA,NA,NA,NA,"E2_linear_s_sweep","E__linear_s_sweep_n1800_p1800_sstar15_s30_h6812e0cb",1800,1800,15,30,51,0.5,200,8,20490471,20500471,20700471,2.5,1.5,5,"median_abs_prediction_error","within_1.05_best_then_min_budget"
"FD","linear",NA,NA,NA,NA,NA,NA,NA,NA,15,NA,NA,NA,NA,NA,101,TRUE,22.1600000000001,1.14386643915383,"FD_budget",101,113,113,NA,NA,NA,NA,"E2_linear_s_sweep","E__linear_s_sweep_n1800_p1800_sstar15_s30_h6812e0cb",1800,1800,15,30,51,0.5,200,8,20490471,20500471,20700471,2.5,1.5,5,"median_abs_prediction_error","within_1.05_best_then_min_budget"
"FS","linear",NA,NA,NA,NA,NA,NA,NA,NA,NA,NA,NA,NA,NA,NA,101,TRUE,3.32999999999993,16.3605033282506,"FS",NA,NA,NA,22,81,8,8,"E2_linear_s_sweep","E__linear_s_sweep_n1800_p1800_sstar15_s30_h6812e0cb",1800,1800,15,30,51,0.5,200,8,20490471,20500471,20700471,2.5,1.5,5,"median_abs_prediction_error","within_1.05_best_then_min_budget"
"TS","linear",0.5,0.5,0.5,200,8,900,900,112,15,113,90,8,8,180896,101,TRUE,35.2,0.305388318634057,"TS",NA,NA,NA,NA,NA,NA,NA,"E2_linear_s_sweep","E__linear_s_sweep_n1800_p1800_sstar15_s30_h6812e0cb",1800,1800,15,30,52,0.5,200,8,20490472,20500472,20700472,2.5,1.5,5,"median_abs_prediction_error","within_1.05_best_then_min_budget"
"FD","linear",NA,NA,NA,NA,NA,NA,NA,NA,15,NA,NA,NA,NA,NA,101,TRUE,21.53,0.852156629192912,"FD_budget",101,113,113,NA,NA,NA,NA,"E2_linear_s_sweep","E__linear_s_sweep_n1800_p1800_sstar15_s30_h6812e0cb",1800,1800,15,30,52,0.5,200,8,20490472,20500472,20700472,2.5,1.5,5,"median_abs_prediction_error","within_1.05_best_then_min_budget"
"FS","linear",NA,NA,NA,NA,NA,NA,NA,NA,NA,NA,NA,NA,NA,NA,101,TRUE,3.02999999999997,15.1796379941511,"FS",NA,NA,NA,22,81,8,8,"E2_linear_s_sweep","E__linear_s_sweep_n1800_p1800_sstar15_s30_h6812e0cb",1800,1800,15,30,52,0.5,200,8,20490472,20500472,20700472,2.5,1.5,5,"median_abs_prediction_error","within_1.05_best_then_min_budget"
"TS","linear",0.5,0.5,0.5,200,8,900,900,112,15,113,90,8,8,180896,101,TRUE,36.5800000000002,0.396576532617595,"TS",NA,NA,NA,NA,NA,NA,NA,"E2_linear_s_sweep","E__linear_s_sweep_n1800_p1800_sstar15_s30_h6812e0cb",1800,1800,15,30,53,0.5,200,8,20490473,20500473,20700473,2.5,1.5,5,"median_abs_prediction_error","within_1.05_best_then_min_budget"
"FD","linear",NA,NA,NA,NA,NA,NA,NA,NA,15,NA,NA,NA,NA,NA,101,TRUE,21.96,1.21397315103094,"FD_budget",101,113,113,NA,NA,NA,NA,"E2_linear_s_sweep","E__linear_s_sweep_n1800_p1800_sstar15_s30_h6812e0cb",1800,1800,15,30,53,0.5,200,8,20490473,20500473,20700473,2.5,1.5,5,"median_abs_prediction_error","within_1.05_best_then_min_budget"
"FS","linear",NA,NA,NA,NA,NA,NA,NA,NA,NA,NA,NA,NA,NA,NA,101,TRUE,3.3599999999999,18.0649284033105,"FS",NA,NA,NA,22,81,8,8,"E2_linear_s_sweep","E__linear_s_sweep_n1800_p1800_sstar15_s30_h6812e0cb",1800,1800,15,30,53,0.5,200,8,20490473,20500473,20700473,2.5,1.5,5,"median_abs_prediction_error","within_1.05_best_then_min_budget"
"TS","linear",0.5,0.5,0.5,200,8,900,900,112,15,113,90,8,8,180896,101,TRUE,37.28,0.381015274172495,"TS",NA,NA,NA,NA,NA,NA,NA,"E2_linear_s_sweep","E__linear_s_sweep_n1800_p1800_sstar15_s30_h6812e0cb",1800,1800,15,30,54,0.5,200,8,20490474,20500474,20700474,2.5,1.5,5,"median_abs_prediction_error","within_1.05_best_then_min_budget"
"FD","linear",NA,NA,NA,NA,NA,NA,NA,NA,15,NA,NA,NA,NA,NA,101,TRUE,21.98,1.07976201030691,"FD_budget",101,113,113,NA,NA,NA,NA,"E2_linear_s_sweep","E__linear_s_sweep_n1800_p1800_sstar15_s30_h6812e0cb",1800,1800,15,30,54,0.5,200,8,20490474,20500474,20700474,2.5,1.5,5,"median_abs_prediction_error","within_1.05_best_then_min_budget"
"FS","linear",NA,NA,NA,NA,NA,NA,NA,NA,NA,NA,NA,NA,NA,NA,101,TRUE,3.5,17.1112409198167,"FS",NA,NA,NA,22,81,8,8,"E2_linear_s_sweep","E__linear_s_sweep_n1800_p1800_sstar15_s30_h6812e0cb",1800,1800,15,30,54,0.5,200,8,20490474,20500474,20700474,2.5,1.5,5,"median_abs_prediction_error","within_1.05_best_then_min_budget"
"TS","linear",0.5,0.5,0.5,200,8,900,900,112,15,113,90,8,8,180896,101,TRUE,36.47,0.472855048554268,"TS",NA,NA,NA,NA,NA,NA,NA,"E2_linear_s_sweep","E__linear_s_sweep_n1800_p1800_sstar15_s30_h6812e0cb",1800,1800,15,30,55,0.5,200,8,20490475,20500475,20700475,2.5,1.5,5,"median_abs_prediction_error","within_1.05_best_then_min_budget"
"FD","linear",NA,NA,NA,NA,NA,NA,NA,NA,15,NA,NA,NA,NA,NA,101,TRUE,22.1899999999998,0.911162868593808,"FD_budget",101,113,113,NA,NA,NA,NA,"E2_linear_s_sweep","E__linear_s_sweep_n1800_p1800_sstar15_s30_h6812e0cb",1800,1800,15,30,55,0.5,200,8,20490475,20500475,20700475,2.5,1.5,5,"median_abs_prediction_error","within_1.05_best_then_min_budget"
"FS","linear",NA,NA,NA,NA,NA,NA,NA,NA,NA,NA,NA,NA,NA,NA,101,TRUE,3.20000000000005,15.4939299606891,"FS",NA,NA,NA,22,81,8,8,"E2_linear_s_sweep","E__linear_s_sweep_n1800_p1800_sstar15_s30_h6812e0cb",1800,1800,15,30,55,0.5,200,8,20490475,20500475,20700475,2.5,1.5,5,"median_abs_prediction_error","within_1.05_best_then_min_budget"
"TS","linear",0.5,0.5,0.5,200,8,900,900,112,15,113,90,8,8,180896,101,TRUE,44.9100000000001,0.331979757711766,"TS",NA,NA,NA,NA,NA,NA,NA,"E2_linear_s_sweep","E__linear_s_sweep_n1800_p1800_sstar15_s30_h6812e0cb",1800,1800,15,30,56,0.5,200,8,20490476,20500476,20700476,2.5,1.5,5,"median_abs_prediction_error","within_1.05_best_then_min_budget"
"FD","linear",NA,NA,NA,NA,NA,NA,NA,NA,15,NA,NA,NA,NA,NA,101,TRUE,17.3599999999999,0.82888650538766,"FD_budget",101,113,113,NA,NA,NA,NA,"E2_linear_s_sweep","E__linear_s_sweep_n1800_p1800_sstar15_s30_h6812e0cb",1800,1800,15,30,56,0.5,200,8,20490476,20500476,20700476,2.5,1.5,5,"median_abs_prediction_error","within_1.05_best_then_min_budget"
"FS","linear",NA,NA,NA,NA,NA,NA,NA,NA,NA,NA,NA,NA,NA,NA,101,TRUE,2.86999999999989,18.3108700076555,"FS",NA,NA,NA,22,81,8,8,"E2_linear_s_sweep","E__linear_s_sweep_n1800_p1800_sstar15_s30_h6812e0cb",1800,1800,15,30,56,0.5,200,8,20490476,20500476,20700476,2.5,1.5,5,"median_abs_prediction_error","within_1.05_best_then_min_budget"
"TS","linear",0.5,0.5,0.5,200,8,900,900,112,15,113,90,8,8,180896,101,TRUE,43.48,0.399505408372855,"TS",NA,NA,NA,NA,NA,NA,NA,"E2_linear_s_sweep","E__linear_s_sweep_n1800_p1800_sstar15_s30_h6812e0cb",1800,1800,15,30,57,0.5,200,8,20490477,20500477,20700477,2.5,1.5,5,"median_abs_prediction_error","within_1.05_best_then_min_budget"
"FD","linear",NA,NA,NA,NA,NA,NA,NA,NA,15,NA,NA,NA,NA,NA,101,TRUE,17.8799999999999,0.853109015103393,"FD_budget",101,113,113,NA,NA,NA,NA,"E2_linear_s_sweep","E__linear_s_sweep_n1800_p1800_sstar15_s30_h6812e0cb",1800,1800,15,30,57,0.5,200,8,20490477,20500477,20700477,2.5,1.5,5,"median_abs_prediction_error","within_1.05_best_then_min_budget"
"FS","linear",NA,NA,NA,NA,NA,NA,NA,NA,NA,NA,NA,NA,NA,NA,101,TRUE,2.69000000000005,14.4207950710791,"FS",NA,NA,NA,22,81,8,8,"E2_linear_s_sweep","E__linear_s_sweep_n1800_p1800_sstar15_s30_h6812e0cb",1800,1800,15,30,57,0.5,200,8,20490477,20500477,20700477,2.5,1.5,5,"median_abs_prediction_error","within_1.05_best_then_min_budget"
"TS","linear",0.5,0.5,0.5,200,8,900,900,112,15,113,90,8,8,180896,101,TRUE,42.76,0.355077148866717,"TS",NA,NA,NA,NA,NA,NA,NA,"E2_linear_s_sweep","E__linear_s_sweep_n1800_p1800_sstar15_s30_h6812e0cb",1800,1800,15,30,58,0.5,200,8,20490478,20500478,20700478,2.5,1.5,5,"median_abs_prediction_error","within_1.05_best_then_min_budget"
"FD","linear",NA,NA,NA,NA,NA,NA,NA,NA,15,NA,NA,NA,NA,NA,101,TRUE,17.9300000000001,0.773741165985944,"FD_budget",101,113,113,NA,NA,NA,NA,"E2_linear_s_sweep","E__linear_s_sweep_n1800_p1800_sstar15_s30_h6812e0cb",1800,1800,15,30,58,0.5,200,8,20490478,20500478,20700478,2.5,1.5,5,"median_abs_prediction_error","within_1.05_best_then_min_budget"
"FS","linear",NA,NA,NA,NA,NA,NA,NA,NA,NA,NA,NA,NA,NA,NA,101,TRUE,2.55999999999995,18.4859158790765,"FS",NA,NA,NA,22,81,8,8,"E2_linear_s_sweep","E__linear_s_sweep_n1800_p1800_sstar15_s30_h6812e0cb",1800,1800,15,30,58,0.5,200,8,20490478,20500478,20700478,2.5,1.5,5,"median_abs_prediction_error","within_1.05_best_then_min_budget"
"TS","linear",0.5,0.5,0.5,200,8,900,900,112,15,113,90,8,8,180896,101,TRUE,39.2,0.340960586111581,"TS",NA,NA,NA,NA,NA,NA,NA,"E2_linear_s_sweep","E__linear_s_sweep_n1800_p1800_sstar15_s30_h6812e0cb",1800,1800,15,30,59,0.5,200,8,20490479,20500479,20700479,2.5,1.5,5,"median_abs_prediction_error","within_1.05_best_then_min_budget"
"FD","linear",NA,NA,NA,NA,NA,NA,NA,NA,15,NA,NA,NA,NA,NA,101,TRUE,19.0900000000001,0.881327617515836,"FD_budget",101,113,113,NA,NA,NA,NA,"E2_linear_s_sweep","E__linear_s_sweep_n1800_p1800_sstar15_s30_h6812e0cb",1800,1800,15,30,59,0.5,200,8,20490479,20500479,20700479,2.5,1.5,5,"median_abs_prediction_error","within_1.05_best_then_min_budget"
"FS","linear",NA,NA,NA,NA,NA,NA,NA,NA,NA,NA,NA,NA,NA,NA,101,TRUE,2.74000000000001,16.2388495902069,"FS",NA,NA,NA,22,81,8,8,"E2_linear_s_sweep","E__linear_s_sweep_n1800_p1800_sstar15_s30_h6812e0cb",1800,1800,15,30,59,0.5,200,8,20490479,20500479,20700479,2.5,1.5,5,"median_abs_prediction_error","within_1.05_best_then_min_budget"
"TS","linear",0.5,0.5,0.5,200,8,900,900,112,15,113,90,8,8,180896,101,TRUE,39.3099999999999,0.375180647652882,"TS",NA,NA,NA,NA,NA,NA,NA,"E2_linear_s_sweep","E__linear_s_sweep_n1800_p1800_sstar15_s30_h6812e0cb",1800,1800,15,30,60,0.5,200,8,20490480,20500480,20700480,2.5,1.5,5,"median_abs_prediction_error","within_1.05_best_then_min_budget"
"FD","linear",NA,NA,NA,NA,NA,NA,NA,NA,15,NA,NA,NA,NA,NA,101,TRUE,18.45,0.943708764381648,"FD_budget",101,113,113,NA,NA,NA,NA,"E2_linear_s_sweep","E__linear_s_sweep_n1800_p1800_sstar15_s30_h6812e0cb",1800,1800,15,30,60,0.5,200,8,20490480,20500480,20700480,2.5,1.5,5,"median_abs_prediction_error","within_1.05_best_then_min_budget"
"FS","linear",NA,NA,NA,NA,NA,NA,NA,NA,NA,NA,NA,NA,NA,NA,101,TRUE,3,13.4046691327025,"FS",NA,NA,NA,22,81,8,8,"E2_linear_s_sweep","E__linear_s_sweep_n1800_p1800_sstar15_s30_h6812e0cb",1800,1800,15,30,60,0.5,200,8,20490480,20500480,20700480,2.5,1.5,5,"median_abs_prediction_error","within_1.05_best_then_min_budget"
"TS","linear",0.5,0.5,0.5,200,8,900,900,112,15,113,90,8,8,180896,101,TRUE,38.47,0.381289271897718,"TS",NA,NA,NA,NA,NA,NA,NA,"E2_linear_s_sweep","E__linear_s_sweep_n1800_p1800_sstar15_s30_h6812e0cb",1800,1800,15,30,61,0.5,200,8,20490481,20500481,20700481,2.5,1.5,5,"median_abs_prediction_error","within_1.05_best_then_min_budget"
"FD","linear",NA,NA,NA,NA,NA,NA,NA,NA,15,NA,NA,NA,NA,NA,101,TRUE,19.4400000000001,0.979778372794602,"FD_budget",101,113,113,NA,NA,NA,NA,"E2_linear_s_sweep","E__linear_s_sweep_n1800_p1800_sstar15_s30_h6812e0cb",1800,1800,15,30,61,0.5,200,8,20490481,20500481,20700481,2.5,1.5,5,"median_abs_prediction_error","within_1.05_best_then_min_budget"
"FS","linear",NA,NA,NA,NA,NA,NA,NA,NA,NA,NA,NA,NA,NA,NA,101,TRUE,2.83999999999992,16.4498955806104,"FS",NA,NA,NA,22,81,8,8,"E2_linear_s_sweep","E__linear_s_sweep_n1800_p1800_sstar15_s30_h6812e0cb",1800,1800,15,30,61,0.5,200,8,20490481,20500481,20700481,2.5,1.5,5,"median_abs_prediction_error","within_1.05_best_then_min_budget"
"TS","linear",0.5,0.5,0.5,200,8,900,900,112,15,113,90,8,8,180896,101,TRUE,40.1499999999999,0.337435063027304,"TS",NA,NA,NA,NA,NA,NA,NA,"E2_linear_s_sweep","E__linear_s_sweep_n1800_p1800_sstar15_s30_h6812e0cb",1800,1800,15,30,62,0.5,200,8,20490482,20500482,20700482,2.5,1.5,5,"median_abs_prediction_error","within_1.05_best_then_min_budget"
"FD","linear",NA,NA,NA,NA,NA,NA,NA,NA,15,NA,NA,NA,NA,NA,101,TRUE,18.3000000000002,0.899088477062099,"FD_budget",101,113,113,NA,NA,NA,NA,"E2_linear_s_sweep","E__linear_s_sweep_n1800_p1800_sstar15_s30_h6812e0cb",1800,1800,15,30,62,0.5,200,8,20490482,20500482,20700482,2.5,1.5,5,"median_abs_prediction_error","within_1.05_best_then_min_budget"
"FS","linear",NA,NA,NA,NA,NA,NA,NA,NA,NA,NA,NA,NA,NA,NA,101,TRUE,2.42999999999984,16.3392562310953,"FS",NA,NA,NA,22,81,8,8,"E2_linear_s_sweep","E__linear_s_sweep_n1800_p1800_sstar15_s30_h6812e0cb",1800,1800,15,30,62,0.5,200,8,20490482,20500482,20700482,2.5,1.5,5,"median_abs_prediction_error","within_1.05_best_then_min_budget"
"TS","linear",0.5,0.5,0.5,200,8,900,900,112,15,113,90,8,8,180896,101,TRUE,35.25,0.373042905505402,"TS",NA,NA,NA,NA,NA,NA,NA,"E2_linear_s_sweep","E__linear_s_sweep_n1800_p1800_sstar15_s30_h6812e0cb",1800,1800,15,30,63,0.5,200,8,20490483,20500483,20700483,2.5,1.5,5,"median_abs_prediction_error","within_1.05_best_then_min_budget"
"FD","linear",NA,NA,NA,NA,NA,NA,NA,NA,15,NA,NA,NA,NA,NA,101,TRUE,20.77,0.991743230038327,"FD_budget",101,113,113,NA,NA,NA,NA,"E2_linear_s_sweep","E__linear_s_sweep_n1800_p1800_sstar15_s30_h6812e0cb",1800,1800,15,30,63,0.5,200,8,20490483,20500483,20700483,2.5,1.5,5,"median_abs_prediction_error","within_1.05_best_then_min_budget"
"FS","linear",NA,NA,NA,NA,NA,NA,NA,NA,NA,NA,NA,NA,NA,NA,101,TRUE,2.86000000000013,14.7023805112375,"FS",NA,NA,NA,22,81,8,8,"E2_linear_s_sweep","E__linear_s_sweep_n1800_p1800_sstar15_s30_h6812e0cb",1800,1800,15,30,63,0.5,200,8,20490483,20500483,20700483,2.5,1.5,5,"median_abs_prediction_error","within_1.05_best_then_min_budget"
"TS","linear",0.5,0.5,0.5,200,8,900,900,112,15,113,90,8,8,180896,101,TRUE,34.3800000000001,0.331845862881708,"TS",NA,NA,NA,NA,NA,NA,NA,"E2_linear_s_sweep","E__linear_s_sweep_n1800_p1800_sstar15_s30_h6812e0cb",1800,1800,15,30,64,0.5,200,8,20490484,20500484,20700484,2.5,1.5,5,"median_abs_prediction_error","within_1.05_best_then_min_budget"
"FD","linear",NA,NA,NA,NA,NA,NA,NA,NA,15,NA,NA,NA,NA,NA,101,TRUE,20.27,0.973102906467943,"FD_budget",101,113,113,NA,NA,NA,NA,"E2_linear_s_sweep","E__linear_s_sweep_n1800_p1800_sstar15_s30_h6812e0cb",1800,1800,15,30,64,0.5,200,8,20490484,20500484,20700484,2.5,1.5,5,"median_abs_prediction_error","within_1.05_best_then_min_budget"
"FS","linear",NA,NA,NA,NA,NA,NA,NA,NA,NA,NA,NA,NA,NA,NA,101,TRUE,2.86999999999989,17.5691391717591,"FS",NA,NA,NA,22,81,8,8,"E2_linear_s_sweep","E__linear_s_sweep_n1800_p1800_sstar15_s30_h6812e0cb",1800,1800,15,30,64,0.5,200,8,20490484,20500484,20700484,2.5,1.5,5,"median_abs_prediction_error","within_1.05_best_then_min_budget"
"TS","linear",0.5,0.5,0.5,200,8,900,900,112,15,113,90,8,8,180896,101,TRUE,35.5900000000001,0.399516980104075,"TS",NA,NA,NA,NA,NA,NA,NA,"E2_linear_s_sweep","E__linear_s_sweep_n1800_p1800_sstar15_s30_h6812e0cb",1800,1800,15,30,65,0.5,200,8,20490485,20500485,20700485,2.5,1.5,5,"median_abs_prediction_error","within_1.05_best_then_min_budget"
"FD","linear",NA,NA,NA,NA,NA,NA,NA,NA,15,NA,NA,NA,NA,NA,101,TRUE,20.4100000000001,0.728293667239682,"FD_budget",101,113,113,NA,NA,NA,NA,"E2_linear_s_sweep","E__linear_s_sweep_n1800_p1800_sstar15_s30_h6812e0cb",1800,1800,15,30,65,0.5,200,8,20490485,20500485,20700485,2.5,1.5,5,"median_abs_prediction_error","within_1.05_best_then_min_budget"
"FS","linear",NA,NA,NA,NA,NA,NA,NA,NA,NA,NA,NA,NA,NA,NA,101,TRUE,2.89999999999986,16.6703216006708,"FS",NA,NA,NA,22,81,8,8,"E2_linear_s_sweep","E__linear_s_sweep_n1800_p1800_sstar15_s30_h6812e0cb",1800,1800,15,30,65,0.5,200,8,20490485,20500485,20700485,2.5,1.5,5,"median_abs_prediction_error","within_1.05_best_then_min_budget"
"TS","linear",0.5,0.5,0.5,200,8,900,900,112,15,113,90,8,8,180896,101,TRUE,34.48,0.513911795765513,"TS",NA,NA,NA,NA,NA,NA,NA,"E2_linear_s_sweep","E__linear_s_sweep_n1800_p1800_sstar15_s30_h6812e0cb",1800,1800,15,30,66,0.5,200,8,20490486,20500486,20700486,2.5,1.5,5,"median_abs_prediction_error","within_1.05_best_then_min_budget"
"FD","linear",NA,NA,NA,NA,NA,NA,NA,NA,15,NA,NA,NA,NA,NA,101,TRUE,20.1299999999999,0.916343802104304,"FD_budget",101,113,113,NA,NA,NA,NA,"E2_linear_s_sweep","E__linear_s_sweep_n1800_p1800_sstar15_s30_h6812e0cb",1800,1800,15,30,66,0.5,200,8,20490486,20500486,20700486,2.5,1.5,5,"median_abs_prediction_error","within_1.05_best_then_min_budget"
"FS","linear",NA,NA,NA,NA,NA,NA,NA,NA,NA,NA,NA,NA,NA,NA,101,TRUE,2.82000000000016,15.9872323451921,"FS",NA,NA,NA,22,81,8,8,"E2_linear_s_sweep","E__linear_s_sweep_n1800_p1800_sstar15_s30_h6812e0cb",1800,1800,15,30,66,0.5,200,8,20490486,20500486,20700486,2.5,1.5,5,"median_abs_prediction_error","within_1.05_best_then_min_budget"
"TS","linear",0.5,0.5,0.5,200,8,900,900,112,15,113,90,8,8,180896,101,TRUE,33.1900000000001,0.392442781060786,"TS",NA,NA,NA,NA,NA,NA,NA,"E2_linear_s_sweep","E__linear_s_sweep_n1800_p1800_sstar15_s30_h6812e0cb",1800,1800,15,30,67,0.5,200,8,20490487,20500487,20700487,2.5,1.5,5,"median_abs_prediction_error","within_1.05_best_then_min_budget"
"FD","linear",NA,NA,NA,NA,NA,NA,NA,NA,15,NA,NA,NA,NA,NA,101,TRUE,19.28,1.0774546173486,"FD_budget",101,113,113,NA,NA,NA,NA,"E2_linear_s_sweep","E__linear_s_sweep_n1800_p1800_sstar15_s30_h6812e0cb",1800,1800,15,30,67,0.5,200,8,20490487,20500487,20700487,2.5,1.5,5,"median_abs_prediction_error","within_1.05_best_then_min_budget"
"FS","linear",NA,NA,NA,NA,NA,NA,NA,NA,NA,NA,NA,NA,NA,NA,101,TRUE,2.97000000000003,13.4619552082069,"FS",NA,NA,NA,22,81,8,8,"E2_linear_s_sweep","E__linear_s_sweep_n1800_p1800_sstar15_s30_h6812e0cb",1800,1800,15,30,67,0.5,200,8,20490487,20500487,20700487,2.5,1.5,5,"median_abs_prediction_error","within_1.05_best_then_min_budget"
"TS","linear",0.5,0.5,0.5,200,8,900,900,112,15,113,90,8,8,180896,101,TRUE,34.8499999999999,0.426695502203508,"TS",NA,NA,NA,NA,NA,NA,NA,"E2_linear_s_sweep","E__linear_s_sweep_n1800_p1800_sstar15_s30_h6812e0cb",1800,1800,15,30,68,0.5,200,8,20490488,20500488,20700488,2.5,1.5,5,"median_abs_prediction_error","within_1.05_best_then_min_budget"
"FD","linear",NA,NA,NA,NA,NA,NA,NA,NA,15,NA,NA,NA,NA,NA,101,TRUE,20.3400000000001,0.801245592110863,"FD_budget",101,113,113,NA,NA,NA,NA,"E2_linear_s_sweep","E__linear_s_sweep_n1800_p1800_sstar15_s30_h6812e0cb",1800,1800,15,30,68,0.5,200,8,20490488,20500488,20700488,2.5,1.5,5,"median_abs_prediction_error","within_1.05_best_then_min_budget"
"FS","linear",NA,NA,NA,NA,NA,NA,NA,NA,NA,NA,NA,NA,NA,NA,101,TRUE,2.96000000000004,17.8857286116953,"FS",NA,NA,NA,22,81,8,8,"E2_linear_s_sweep","E__linear_s_sweep_n1800_p1800_sstar15_s30_h6812e0cb",1800,1800,15,30,68,0.5,200,8,20490488,20500488,20700488,2.5,1.5,5,"median_abs_prediction_error","within_1.05_best_then_min_budget"
"TS","linear",0.5,0.5,0.5,200,8,900,900,112,15,113,90,8,8,180896,101,TRUE,33.27,0.358659475107362,"TS",NA,NA,NA,NA,NA,NA,NA,"E2_linear_s_sweep","E__linear_s_sweep_n1800_p1800_sstar15_s30_h6812e0cb",1800,1800,15,30,69,0.5,200,8,20490489,20500489,20700489,2.5,1.5,5,"median_abs_prediction_error","within_1.05_best_then_min_budget"
"FD","linear",NA,NA,NA,NA,NA,NA,NA,NA,15,NA,NA,NA,NA,NA,101,TRUE,19.72,0.90038525643394,"FD_budget",101,113,113,NA,NA,NA,NA,"E2_linear_s_sweep","E__linear_s_sweep_n1800_p1800_sstar15_s30_h6812e0cb",1800,1800,15,30,69,0.5,200,8,20490489,20500489,20700489,2.5,1.5,5,"median_abs_prediction_error","within_1.05_best_then_min_budget"
"FS","linear",NA,NA,NA,NA,NA,NA,NA,NA,NA,NA,NA,NA,NA,NA,101,TRUE,3.11999999999989,16.3652465279853,"FS",NA,NA,NA,22,81,8,8,"E2_linear_s_sweep","E__linear_s_sweep_n1800_p1800_sstar15_s30_h6812e0cb",1800,1800,15,30,69,0.5,200,8,20490489,20500489,20700489,2.5,1.5,5,"median_abs_prediction_error","within_1.05_best_then_min_budget"
"TS","linear",0.5,0.5,0.5,200,8,900,900,112,15,113,90,8,8,180896,101,TRUE,33.1199999999999,0.394203669757283,"TS",NA,NA,NA,NA,NA,NA,NA,"E2_linear_s_sweep","E__linear_s_sweep_n1800_p1800_sstar15_s30_h6812e0cb",1800,1800,15,30,70,0.5,200,8,20490490,20500490,20700490,2.5,1.5,5,"median_abs_prediction_error","within_1.05_best_then_min_budget"
"FD","linear",NA,NA,NA,NA,NA,NA,NA,NA,15,NA,NA,NA,NA,NA,101,TRUE,20.2,0.92693913164955,"FD_budget",101,113,113,NA,NA,NA,NA,"E2_linear_s_sweep","E__linear_s_sweep_n1800_p1800_sstar15_s30_h6812e0cb",1800,1800,15,30,70,0.5,200,8,20490490,20500490,20700490,2.5,1.5,5,"median_abs_prediction_error","within_1.05_best_then_min_budget"
"FS","linear",NA,NA,NA,NA,NA,NA,NA,NA,NA,NA,NA,NA,NA,NA,101,TRUE,2.35000000000014,15.7882823979118,"FS",NA,NA,NA,22,81,8,8,"E2_linear_s_sweep","E__linear_s_sweep_n1800_p1800_sstar15_s30_h6812e0cb",1800,1800,15,30,70,0.5,200,8,20490490,20500490,20700490,2.5,1.5,5,"median_abs_prediction_error","within_1.05_best_then_min_budget"
"TS","linear",0.5,0.5,0.5,200,8,900,900,112,15,113,90,8,8,180896,101,TRUE,33.3599999999999,0.507964284858766,"TS",NA,NA,NA,NA,NA,NA,NA,"E2_linear_s_sweep","E__linear_s_sweep_n1800_p1800_sstar15_s30_h6812e0cb",1800,1800,15,30,71,0.5,200,8,20490491,20500491,20700491,2.5,1.5,5,"median_abs_prediction_error","within_1.05_best_then_min_budget"
"FD","linear",NA,NA,NA,NA,NA,NA,NA,NA,15,NA,NA,NA,NA,NA,101,TRUE,20.5,0.715181979863923,"FD_budget",101,113,113,NA,NA,NA,NA,"E2_linear_s_sweep","E__linear_s_sweep_n1800_p1800_sstar15_s30_h6812e0cb",1800,1800,15,30,71,0.5,200,8,20490491,20500491,20700491,2.5,1.5,5,"median_abs_prediction_error","within_1.05_best_then_min_budget"
"FS","linear",NA,NA,NA,NA,NA,NA,NA,NA,NA,NA,NA,NA,NA,NA,101,TRUE,2.69000000000005,15.9346415893035,"FS",NA,NA,NA,22,81,8,8,"E2_linear_s_sweep","E__linear_s_sweep_n1800_p1800_sstar15_s30_h6812e0cb",1800,1800,15,30,71,0.5,200,8,20490491,20500491,20700491,2.5,1.5,5,"median_abs_prediction_error","within_1.05_best_then_min_budget"
"TS","linear",0.5,0.5,0.5,200,8,900,900,112,15,113,90,8,8,180896,101,TRUE,33.03,0.385111424995399,"TS",NA,NA,NA,NA,NA,NA,NA,"E2_linear_s_sweep","E__linear_s_sweep_n1800_p1800_sstar15_s30_h6812e0cb",1800,1800,15,30,72,0.5,200,8,20490492,20500492,20700492,2.5,1.5,5,"median_abs_prediction_error","within_1.05_best_then_min_budget"
"FD","linear",NA,NA,NA,NA,NA,NA,NA,NA,15,NA,NA,NA,NA,NA,101,TRUE,20.3300000000002,1.09666806326107,"FD_budget",101,113,113,NA,NA,NA,NA,"E2_linear_s_sweep","E__linear_s_sweep_n1800_p1800_sstar15_s30_h6812e0cb",1800,1800,15,30,72,0.5,200,8,20490492,20500492,20700492,2.5,1.5,5,"median_abs_prediction_error","within_1.05_best_then_min_budget"
"FS","linear",NA,NA,NA,NA,NA,NA,NA,NA,NA,NA,NA,NA,NA,NA,101,TRUE,2.76999999999998,16.4521690207785,"FS",NA,NA,NA,22,81,8,8,"E2_linear_s_sweep","E__linear_s_sweep_n1800_p1800_sstar15_s30_h6812e0cb",1800,1800,15,30,72,0.5,200,8,20490492,20500492,20700492,2.5,1.5,5,"median_abs_prediction_error","within_1.05_best_then_min_budget"
"TS","linear",0.5,0.5,0.5,200,8,900,900,112,15,113,90,8,8,180896,101,TRUE,33.8900000000001,0.381062839020592,"TS",NA,NA,NA,NA,NA,NA,NA,"E2_linear_s_sweep","E__linear_s_sweep_n1800_p1800_sstar15_s30_h6812e0cb",1800,1800,15,30,73,0.5,200,8,20490493,20500493,20700493,2.5,1.5,5,"median_abs_prediction_error","within_1.05_best_then_min_budget"
"FD","linear",NA,NA,NA,NA,NA,NA,NA,NA,15,NA,NA,NA,NA,NA,101,TRUE,19.6999999999998,0.851717079105537,"FD_budget",101,113,113,NA,NA,NA,NA,"E2_linear_s_sweep","E__linear_s_sweep_n1800_p1800_sstar15_s30_h6812e0cb",1800,1800,15,30,73,0.5,200,8,20490493,20500493,20700493,2.5,1.5,5,"median_abs_prediction_error","within_1.05_best_then_min_budget"
"FS","linear",NA,NA,NA,NA,NA,NA,NA,NA,NA,NA,NA,NA,NA,NA,101,TRUE,2.83000000000015,18.6422580554228,"FS",NA,NA,NA,22,81,8,8,"E2_linear_s_sweep","E__linear_s_sweep_n1800_p1800_sstar15_s30_h6812e0cb",1800,1800,15,30,73,0.5,200,8,20490493,20500493,20700493,2.5,1.5,5,"median_abs_prediction_error","within_1.05_best_then_min_budget"
"TS","linear",0.5,0.5,0.5,200,8,900,900,112,15,113,90,8,8,180896,101,TRUE,35.21,0.345797632119343,"TS",NA,NA,NA,NA,NA,NA,NA,"E2_linear_s_sweep","E__linear_s_sweep_n1800_p1800_sstar15_s30_h6812e0cb",1800,1800,15,30,74,0.5,200,8,20490494,20500494,20700494,2.5,1.5,5,"median_abs_prediction_error","within_1.05_best_then_min_budget"
"FD","linear",NA,NA,NA,NA,NA,NA,NA,NA,15,NA,NA,NA,NA,NA,101,TRUE,20.8500000000001,1.07758865874168,"FD_budget",101,113,113,NA,NA,NA,NA,"E2_linear_s_sweep","E__linear_s_sweep_n1800_p1800_sstar15_s30_h6812e0cb",1800,1800,15,30,74,0.5,200,8,20490494,20500494,20700494,2.5,1.5,5,"median_abs_prediction_error","within_1.05_best_then_min_budget"
"FS","linear",NA,NA,NA,NA,NA,NA,NA,NA,NA,NA,NA,NA,NA,NA,101,TRUE,2.73000000000002,15.8984880601939,"FS",NA,NA,NA,22,81,8,8,"E2_linear_s_sweep","E__linear_s_sweep_n1800_p1800_sstar15_s30_h6812e0cb",1800,1800,15,30,74,0.5,200,8,20490494,20500494,20700494,2.5,1.5,5,"median_abs_prediction_error","within_1.05_best_then_min_budget"
"TS","linear",0.5,0.5,0.5,200,8,900,900,112,15,113,90,8,8,180896,101,TRUE,34.5699999999999,0.44848467096139,"TS",NA,NA,NA,NA,NA,NA,NA,"E2_linear_s_sweep","E__linear_s_sweep_n1800_p1800_sstar15_s30_h6812e0cb",1800,1800,15,30,75,0.5,200,8,20490495,20500495,20700495,2.5,1.5,5,"median_abs_prediction_error","within_1.05_best_then_min_budget"
"FD","linear",NA,NA,NA,NA,NA,NA,NA,NA,15,NA,NA,NA,NA,NA,101,TRUE,20.3700000000001,1.1434834944764,"FD_budget",101,113,113,NA,NA,NA,NA,"E2_linear_s_sweep","E__linear_s_sweep_n1800_p1800_sstar15_s30_h6812e0cb",1800,1800,15,30,75,0.5,200,8,20490495,20500495,20700495,2.5,1.5,5,"median_abs_prediction_error","within_1.05_best_then_min_budget"
"FS","linear",NA,NA,NA,NA,NA,NA,NA,NA,NA,NA,NA,NA,NA,NA,101,TRUE,2.87999999999988,16.0198617206758,"FS",NA,NA,NA,22,81,8,8,"E2_linear_s_sweep","E__linear_s_sweep_n1800_p1800_sstar15_s30_h6812e0cb",1800,1800,15,30,75,0.5,200,8,20490495,20500495,20700495,2.5,1.5,5,"median_abs_prediction_error","within_1.05_best_then_min_budget"
"TS","linear",0.5,0.5,0.5,200,8,900,900,112,15,113,90,8,8,180896,101,TRUE,33.8900000000001,0.427768037537129,"TS",NA,NA,NA,NA,NA,NA,NA,"E2_linear_s_sweep","E__linear_s_sweep_n1800_p1800_sstar15_s30_h6812e0cb",1800,1800,15,30,76,0.5,200,8,20490496,20500496,20700496,2.5,1.5,5,"median_abs_prediction_error","within_1.05_best_then_min_budget"
"FD","linear",NA,NA,NA,NA,NA,NA,NA,NA,15,NA,NA,NA,NA,NA,101,TRUE,20.78,1.094531065669,"FD_budget",101,113,113,NA,NA,NA,NA,"E2_linear_s_sweep","E__linear_s_sweep_n1800_p1800_sstar15_s30_h6812e0cb",1800,1800,15,30,76,0.5,200,8,20490496,20500496,20700496,2.5,1.5,5,"median_abs_prediction_error","within_1.05_best_then_min_budget"
"FS","linear",NA,NA,NA,NA,NA,NA,NA,NA,NA,NA,NA,NA,NA,NA,101,TRUE,2.80999999999995,15.2496485139701,"FS",NA,NA,NA,22,81,8,8,"E2_linear_s_sweep","E__linear_s_sweep_n1800_p1800_sstar15_s30_h6812e0cb",1800,1800,15,30,76,0.5,200,8,20490496,20500496,20700496,2.5,1.5,5,"median_abs_prediction_error","within_1.05_best_then_min_budget"
"TS","linear",0.5,0.5,0.5,200,8,900,900,112,15,113,90,8,8,180896,101,TRUE,34.03,0.372726079727434,"TS",NA,NA,NA,NA,NA,NA,NA,"E2_linear_s_sweep","E__linear_s_sweep_n1800_p1800_sstar15_s30_h6812e0cb",1800,1800,15,30,77,0.5,200,8,20490497,20500497,20700497,2.5,1.5,5,"median_abs_prediction_error","within_1.05_best_then_min_budget"
"FD","linear",NA,NA,NA,NA,NA,NA,NA,NA,15,NA,NA,NA,NA,NA,101,TRUE,21.0900000000001,0.922541742976505,"FD_budget",101,113,113,NA,NA,NA,NA,"E2_linear_s_sweep","E__linear_s_sweep_n1800_p1800_sstar15_s30_h6812e0cb",1800,1800,15,30,77,0.5,200,8,20490497,20500497,20700497,2.5,1.5,5,"median_abs_prediction_error","within_1.05_best_then_min_budget"
"FS","linear",NA,NA,NA,NA,NA,NA,NA,NA,NA,NA,NA,NA,NA,NA,101,TRUE,2.74000000000001,12.882759713008,"FS",NA,NA,NA,22,81,8,8,"E2_linear_s_sweep","E__linear_s_sweep_n1800_p1800_sstar15_s30_h6812e0cb",1800,1800,15,30,77,0.5,200,8,20490497,20500497,20700497,2.5,1.5,5,"median_abs_prediction_error","within_1.05_best_then_min_budget"
"TS","linear",0.5,0.5,0.5,200,8,900,900,112,15,113,90,8,8,180896,101,TRUE,37.45,0.365751609583678,"TS",NA,NA,NA,NA,NA,NA,NA,"E2_linear_s_sweep","E__linear_s_sweep_n1800_p1800_sstar15_s30_h6812e0cb",1800,1800,15,30,78,0.5,200,8,20490498,20500498,20700498,2.5,1.5,5,"median_abs_prediction_error","within_1.05_best_then_min_budget"
"FD","linear",NA,NA,NA,NA,NA,NA,NA,NA,15,NA,NA,NA,NA,NA,101,TRUE,20.71,0.798234691242359,"FD_budget",101,113,113,NA,NA,NA,NA,"E2_linear_s_sweep","E__linear_s_sweep_n1800_p1800_sstar15_s30_h6812e0cb",1800,1800,15,30,78,0.5,200,8,20490498,20500498,20700498,2.5,1.5,5,"median_abs_prediction_error","within_1.05_best_then_min_budget"
"FS","linear",NA,NA,NA,NA,NA,NA,NA,NA,NA,NA,NA,NA,NA,NA,101,TRUE,3.1400000000001,13.9941077533125,"FS",NA,NA,NA,22,81,8,8,"E2_linear_s_sweep","E__linear_s_sweep_n1800_p1800_sstar15_s30_h6812e0cb",1800,1800,15,30,78,0.5,200,8,20490498,20500498,20700498,2.5,1.5,5,"median_abs_prediction_error","within_1.05_best_then_min_budget"
"TS","linear",0.5,0.5,0.5,200,8,900,900,112,15,113,90,8,8,180896,101,TRUE,35.8600000000001,0.297231841312872,"TS",NA,NA,NA,NA,NA,NA,NA,"E2_linear_s_sweep","E__linear_s_sweep_n1800_p1800_sstar15_s30_h6812e0cb",1800,1800,15,30,79,0.5,200,8,20490499,20500499,20700499,2.5,1.5,5,"median_abs_prediction_error","within_1.05_best_then_min_budget"
"FD","linear",NA,NA,NA,NA,NA,NA,NA,NA,15,NA,NA,NA,NA,NA,101,TRUE,21.24,1.14072835230382,"FD_budget",101,113,113,NA,NA,NA,NA,"E2_linear_s_sweep","E__linear_s_sweep_n1800_p1800_sstar15_s30_h6812e0cb",1800,1800,15,30,79,0.5,200,8,20490499,20500499,20700499,2.5,1.5,5,"median_abs_prediction_error","within_1.05_best_then_min_budget"
"FS","linear",NA,NA,NA,NA,NA,NA,NA,NA,NA,NA,NA,NA,NA,NA,101,TRUE,3.00999999999999,18.1759026580279,"FS",NA,NA,NA,22,81,8,8,"E2_linear_s_sweep","E__linear_s_sweep_n1800_p1800_sstar15_s30_h6812e0cb",1800,1800,15,30,79,0.5,200,8,20490499,20500499,20700499,2.5,1.5,5,"median_abs_prediction_error","within_1.05_best_then_min_budget"
"TS","linear",0.5,0.5,0.5,200,8,900,900,112,15,113,90,8,8,180896,101,TRUE,36.3399999999999,0.420388155716705,"TS",NA,NA,NA,NA,NA,NA,NA,"E2_linear_s_sweep","E__linear_s_sweep_n1800_p1800_sstar15_s30_h6812e0cb",1800,1800,15,30,80,0.5,200,8,20490500,20500500,20700500,2.5,1.5,5,"median_abs_prediction_error","within_1.05_best_then_min_budget"
"FD","linear",NA,NA,NA,NA,NA,NA,NA,NA,15,NA,NA,NA,NA,NA,101,TRUE,22.05,0.771612367812092,"FD_budget",101,113,113,NA,NA,NA,NA,"E2_linear_s_sweep","E__linear_s_sweep_n1800_p1800_sstar15_s30_h6812e0cb",1800,1800,15,30,80,0.5,200,8,20490500,20500500,20700500,2.5,1.5,5,"median_abs_prediction_error","within_1.05_best_then_min_budget"
"FS","linear",NA,NA,NA,NA,NA,NA,NA,NA,NA,NA,NA,NA,NA,NA,101,TRUE,3.32999999999993,16.2946180227161,"FS",NA,NA,NA,22,81,8,8,"E2_linear_s_sweep","E__linear_s_sweep_n1800_p1800_sstar15_s30_h6812e0cb",1800,1800,15,30,80,0.5,200,8,20490500,20500500,20700500,2.5,1.5,5,"median_abs_prediction_error","within_1.05_best_then_min_budget"
"TS","linear",0.5,0.5,0.5,200,8,900,900,112,15,113,90,8,8,180896,101,TRUE,37.5900000000001,0.35159227406874,"TS",NA,NA,NA,NA,NA,NA,NA,"E2_linear_s_sweep","E__linear_s_sweep_n1800_p1800_sstar15_s30_h6812e0cb",1800,1800,15,30,81,0.5,200,8,20490501,20500501,20700501,2.5,1.5,5,"median_abs_prediction_error","within_1.05_best_then_min_budget"
"FD","linear",NA,NA,NA,NA,NA,NA,NA,NA,15,NA,NA,NA,NA,NA,101,TRUE,22.3799999999999,0.821000442970835,"FD_budget",101,113,113,NA,NA,NA,NA,"E2_linear_s_sweep","E__linear_s_sweep_n1800_p1800_sstar15_s30_h6812e0cb",1800,1800,15,30,81,0.5,200,8,20490501,20500501,20700501,2.5,1.5,5,"median_abs_prediction_error","within_1.05_best_then_min_budget"
"FS","linear",NA,NA,NA,NA,NA,NA,NA,NA,NA,NA,NA,NA,NA,NA,101,TRUE,3.19000000000005,17.3665399195395,"FS",NA,NA,NA,22,81,8,8,"E2_linear_s_sweep","E__linear_s_sweep_n1800_p1800_sstar15_s30_h6812e0cb",1800,1800,15,30,81,0.5,200,8,20490501,20500501,20700501,2.5,1.5,5,"median_abs_prediction_error","within_1.05_best_then_min_budget"
"TS","linear",0.5,0.5,0.5,200,8,900,900,112,15,113,90,8,8,180896,101,TRUE,36.3299999999999,0.538730469516942,"TS",NA,NA,NA,NA,NA,NA,NA,"E2_linear_s_sweep","E__linear_s_sweep_n1800_p1800_sstar15_s30_h6812e0cb",1800,1800,15,30,82,0.5,200,8,20490502,20500502,20700502,2.5,1.5,5,"median_abs_prediction_error","within_1.05_best_then_min_budget"
"FD","linear",NA,NA,NA,NA,NA,NA,NA,NA,15,NA,NA,NA,NA,NA,101,TRUE,23.0699999999999,0.874347321822238,"FD_budget",101,113,113,NA,NA,NA,NA,"E2_linear_s_sweep","E__linear_s_sweep_n1800_p1800_sstar15_s30_h6812e0cb",1800,1800,15,30,82,0.5,200,8,20490502,20500502,20700502,2.5,1.5,5,"median_abs_prediction_error","within_1.05_best_then_min_budget"
"FS","linear",NA,NA,NA,NA,NA,NA,NA,NA,NA,NA,NA,NA,NA,NA,101,TRUE,3.80000000000018,16.1600359619675,"FS",NA,NA,NA,22,81,8,8,"E2_linear_s_sweep","E__linear_s_sweep_n1800_p1800_sstar15_s30_h6812e0cb",1800,1800,15,30,82,0.5,200,8,20490502,20500502,20700502,2.5,1.5,5,"median_abs_prediction_error","within_1.05_best_then_min_budget"
"TS","linear",0.5,0.5,0.5,200,8,900,900,112,15,113,90,8,8,180896,101,TRUE,38.0799999999999,0.328545414548577,"TS",NA,NA,NA,NA,NA,NA,NA,"E2_linear_s_sweep","E__linear_s_sweep_n1800_p1800_sstar15_s30_h6812e0cb",1800,1800,15,30,83,0.5,200,8,20490503,20500503,20700503,2.5,1.5,5,"median_abs_prediction_error","within_1.05_best_then_min_budget"
"FD","linear",NA,NA,NA,NA,NA,NA,NA,NA,15,NA,NA,NA,NA,NA,101,TRUE,22.45,1.23547920810778,"FD_budget",101,113,113,NA,NA,NA,NA,"E2_linear_s_sweep","E__linear_s_sweep_n1800_p1800_sstar15_s30_h6812e0cb",1800,1800,15,30,83,0.5,200,8,20490503,20500503,20700503,2.5,1.5,5,"median_abs_prediction_error","within_1.05_best_then_min_budget"
"FS","linear",NA,NA,NA,NA,NA,NA,NA,NA,NA,NA,NA,NA,NA,NA,101,TRUE,3.22000000000003,13.3961641543404,"FS",NA,NA,NA,22,81,8,8,"E2_linear_s_sweep","E__linear_s_sweep_n1800_p1800_sstar15_s30_h6812e0cb",1800,1800,15,30,83,0.5,200,8,20490503,20500503,20700503,2.5,1.5,5,"median_abs_prediction_error","within_1.05_best_then_min_budget"
"TS","linear",0.5,0.5,0.5,200,8,900,900,112,15,113,90,8,8,180896,101,TRUE,37.6699999999998,0.337624123590298,"TS",NA,NA,NA,NA,NA,NA,NA,"E2_linear_s_sweep","E__linear_s_sweep_n1800_p1800_sstar15_s30_h6812e0cb",1800,1800,15,30,84,0.5,200,8,20490504,20500504,20700504,2.5,1.5,5,"median_abs_prediction_error","within_1.05_best_then_min_budget"
"FD","linear",NA,NA,NA,NA,NA,NA,NA,NA,15,NA,NA,NA,NA,NA,101,TRUE,23.0300000000002,1.13874036557027,"FD_budget",101,113,113,NA,NA,NA,NA,"E2_linear_s_sweep","E__linear_s_sweep_n1800_p1800_sstar15_s30_h6812e0cb",1800,1800,15,30,84,0.5,200,8,20490504,20500504,20700504,2.5,1.5,5,"median_abs_prediction_error","within_1.05_best_then_min_budget"
"FS","linear",NA,NA,NA,NA,NA,NA,NA,NA,NA,NA,NA,NA,NA,NA,101,TRUE,3.69999999999982,16.918100268042,"FS",NA,NA,NA,22,81,8,8,"E2_linear_s_sweep","E__linear_s_sweep_n1800_p1800_sstar15_s30_h6812e0cb",1800,1800,15,30,84,0.5,200,8,20490504,20500504,20700504,2.5,1.5,5,"median_abs_prediction_error","within_1.05_best_then_min_budget"
"TS","linear",0.5,0.5,0.5,200,8,900,900,112,15,113,90,8,8,180896,101,TRUE,36.0599999999999,0.369169512406651,"TS",NA,NA,NA,NA,NA,NA,NA,"E2_linear_s_sweep","E__linear_s_sweep_n1800_p1800_sstar15_s30_h6812e0cb",1800,1800,15,30,85,0.5,200,8,20490505,20500505,20700505,2.5,1.5,5,"median_abs_prediction_error","within_1.05_best_then_min_budget"
"FD","linear",NA,NA,NA,NA,NA,NA,NA,NA,15,NA,NA,NA,NA,NA,101,TRUE,20.98,0.974450658511916,"FD_budget",101,113,113,NA,NA,NA,NA,"E2_linear_s_sweep","E__linear_s_sweep_n1800_p1800_sstar15_s30_h6812e0cb",1800,1800,15,30,85,0.5,200,8,20490505,20500505,20700505,2.5,1.5,5,"median_abs_prediction_error","within_1.05_best_then_min_budget"
"FS","linear",NA,NA,NA,NA,NA,NA,NA,NA,NA,NA,NA,NA,NA,NA,101,TRUE,3.1099999999999,17.660830656434,"FS",NA,NA,NA,22,81,8,8,"E2_linear_s_sweep","E__linear_s_sweep_n1800_p1800_sstar15_s30_h6812e0cb",1800,1800,15,30,85,0.5,200,8,20490505,20500505,20700505,2.5,1.5,5,"median_abs_prediction_error","within_1.05_best_then_min_budget"
"TS","linear",0.5,0.5,0.5,200,8,900,900,112,15,113,90,8,8,180896,101,TRUE,38.28,0.407935425656268,"TS",NA,NA,NA,NA,NA,NA,NA,"E2_linear_s_sweep","E__linear_s_sweep_n1800_p1800_sstar15_s30_h6812e0cb",1800,1800,15,30,86,0.5,200,8,20490506,20500506,20700506,2.5,1.5,5,"median_abs_prediction_error","within_1.05_best_then_min_budget"
"FD","linear",NA,NA,NA,NA,NA,NA,NA,NA,15,NA,NA,NA,NA,NA,101,TRUE,23.5899999999999,0.932708283398473,"FD_budget",101,113,113,NA,NA,NA,NA,"E2_linear_s_sweep","E__linear_s_sweep_n1800_p1800_sstar15_s30_h6812e0cb",1800,1800,15,30,86,0.5,200,8,20490506,20500506,20700506,2.5,1.5,5,"median_abs_prediction_error","within_1.05_best_then_min_budget"
"FS","linear",NA,NA,NA,NA,NA,NA,NA,NA,NA,NA,NA,NA,NA,NA,101,TRUE,3.42000000000007,14.5117235966318,"FS",NA,NA,NA,22,81,8,8,"E2_linear_s_sweep","E__linear_s_sweep_n1800_p1800_sstar15_s30_h6812e0cb",1800,1800,15,30,86,0.5,200,8,20490506,20500506,20700506,2.5,1.5,5,"median_abs_prediction_error","within_1.05_best_then_min_budget"
"TS","linear",0.5,0.5,0.5,200,8,900,900,112,15,113,90,8,8,180896,101,TRUE,43.99,0.392473799362771,"TS",NA,NA,NA,NA,NA,NA,NA,"E2_linear_s_sweep","E__linear_s_sweep_n1800_p1800_sstar15_s30_h6812e0cb",1800,1800,15,30,87,0.5,200,8,20490507,20500507,20700507,2.5,1.5,5,"median_abs_prediction_error","within_1.05_best_then_min_budget"
"FD","linear",NA,NA,NA,NA,NA,NA,NA,NA,15,NA,NA,NA,NA,NA,101,TRUE,21.1100000000001,0.901796640158739,"FD_budget",101,113,113,NA,NA,NA,NA,"E2_linear_s_sweep","E__linear_s_sweep_n1800_p1800_sstar15_s30_h6812e0cb",1800,1800,15,30,87,0.5,200,8,20490507,20500507,20700507,2.5,1.5,5,"median_abs_prediction_error","within_1.05_best_then_min_budget"
"FS","linear",NA,NA,NA,NA,NA,NA,NA,NA,NA,NA,NA,NA,NA,NA,101,TRUE,2.66999999999985,17.0827103413678,"FS",NA,NA,NA,22,81,8,8,"E2_linear_s_sweep","E__linear_s_sweep_n1800_p1800_sstar15_s30_h6812e0cb",1800,1800,15,30,87,0.5,200,8,20490507,20500507,20700507,2.5,1.5,5,"median_abs_prediction_error","within_1.05_best_then_min_budget"
"TS","linear",0.5,0.5,0.5,200,8,900,900,112,15,113,90,8,8,180896,101,TRUE,43.27,0.499518228976758,"TS",NA,NA,NA,NA,NA,NA,NA,"E2_linear_s_sweep","E__linear_s_sweep_n1800_p1800_sstar15_s30_h6812e0cb",1800,1800,15,30,88,0.5,200,8,20490508,20500508,20700508,2.5,1.5,5,"median_abs_prediction_error","within_1.05_best_then_min_budget"
"FD","linear",NA,NA,NA,NA,NA,NA,NA,NA,15,NA,NA,NA,NA,NA,101,TRUE,21.28,1.38679443348125,"FD_budget",101,113,113,NA,NA,NA,NA,"E2_linear_s_sweep","E__linear_s_sweep_n1800_p1800_sstar15_s30_h6812e0cb",1800,1800,15,30,88,0.5,200,8,20490508,20500508,20700508,2.5,1.5,5,"median_abs_prediction_error","within_1.05_best_then_min_budget"
"FS","linear",NA,NA,NA,NA,NA,NA,NA,NA,NA,NA,NA,NA,NA,NA,101,TRUE,2.3900000000001,13.873012006793,"FS",NA,NA,NA,22,81,8,8,"E2_linear_s_sweep","E__linear_s_sweep_n1800_p1800_sstar15_s30_h6812e0cb",1800,1800,15,30,88,0.5,200,8,20490508,20500508,20700508,2.5,1.5,5,"median_abs_prediction_error","within_1.05_best_then_min_budget"
"TS","linear",0.5,0.5,0.5,200,8,900,900,112,15,113,90,8,8,180896,101,TRUE,43.78,0.331926640585449,"TS",NA,NA,NA,NA,NA,NA,NA,"E2_linear_s_sweep","E__linear_s_sweep_n1800_p1800_sstar15_s30_h6812e0cb",1800,1800,15,30,89,0.5,200,8,20490509,20500509,20700509,2.5,1.5,5,"median_abs_prediction_error","within_1.05_best_then_min_budget"
"FD","linear",NA,NA,NA,NA,NA,NA,NA,NA,15,NA,NA,NA,NA,NA,101,TRUE,20.8299999999999,0.891223092623746,"FD_budget",101,113,113,NA,NA,NA,NA,"E2_linear_s_sweep","E__linear_s_sweep_n1800_p1800_sstar15_s30_h6812e0cb",1800,1800,15,30,89,0.5,200,8,20490509,20500509,20700509,2.5,1.5,5,"median_abs_prediction_error","within_1.05_best_then_min_budget"
"FS","linear",NA,NA,NA,NA,NA,NA,NA,NA,NA,NA,NA,NA,NA,NA,101,TRUE,2.80000000000018,15.3190029227152,"FS",NA,NA,NA,22,81,8,8,"E2_linear_s_sweep","E__linear_s_sweep_n1800_p1800_sstar15_s30_h6812e0cb",1800,1800,15,30,89,0.5,200,8,20490509,20500509,20700509,2.5,1.5,5,"median_abs_prediction_error","within_1.05_best_then_min_budget"
"TS","linear",0.5,0.5,0.5,200,8,900,900,112,15,113,90,8,8,180896,101,TRUE,42.9100000000001,0.403718405663917,"TS",NA,NA,NA,NA,NA,NA,NA,"E2_linear_s_sweep","E__linear_s_sweep_n1800_p1800_sstar15_s30_h6812e0cb",1800,1800,15,30,90,0.5,200,8,20490510,20500510,20700510,2.5,1.5,5,"median_abs_prediction_error","within_1.05_best_then_min_budget"
"FD","linear",NA,NA,NA,NA,NA,NA,NA,NA,15,NA,NA,NA,NA,NA,101,TRUE,20.6900000000001,0.726429915291369,"FD_budget",101,113,113,NA,NA,NA,NA,"E2_linear_s_sweep","E__linear_s_sweep_n1800_p1800_sstar15_s30_h6812e0cb",1800,1800,15,30,90,0.5,200,8,20490510,20500510,20700510,2.5,1.5,5,"median_abs_prediction_error","within_1.05_best_then_min_budget"
"FS","linear",NA,NA,NA,NA,NA,NA,NA,NA,NA,NA,NA,NA,NA,NA,101,TRUE,2.55999999999995,16.0906623293755,"FS",NA,NA,NA,22,81,8,8,"E2_linear_s_sweep","E__linear_s_sweep_n1800_p1800_sstar15_s30_h6812e0cb",1800,1800,15,30,90,0.5,200,8,20490510,20500510,20700510,2.5,1.5,5,"median_abs_prediction_error","within_1.05_best_then_min_budget"
"TS","linear",0.5,0.5,0.5,200,8,900,900,112,15,113,90,8,8,180896,101,TRUE,41.99,0.354221982827189,"TS",NA,NA,NA,NA,NA,NA,NA,"E2_linear_s_sweep","E__linear_s_sweep_n1800_p1800_sstar15_s30_h6812e0cb",1800,1800,15,30,91,0.5,200,8,20490511,20500511,20700511,2.5,1.5,5,"median_abs_prediction_error","within_1.05_best_then_min_budget"
"FD","linear",NA,NA,NA,NA,NA,NA,NA,NA,15,NA,NA,NA,NA,NA,101,TRUE,20.75,0.653892443885004,"FD_budget",101,113,113,NA,NA,NA,NA,"E2_linear_s_sweep","E__linear_s_sweep_n1800_p1800_sstar15_s30_h6812e0cb",1800,1800,15,30,91,0.5,200,8,20490511,20500511,20700511,2.5,1.5,5,"median_abs_prediction_error","within_1.05_best_then_min_budget"
"FS","linear",NA,NA,NA,NA,NA,NA,NA,NA,NA,NA,NA,NA,NA,NA,101,TRUE,2.68999999999983,14.6105806782027,"FS",NA,NA,NA,22,81,8,8,"E2_linear_s_sweep","E__linear_s_sweep_n1800_p1800_sstar15_s30_h6812e0cb",1800,1800,15,30,91,0.5,200,8,20490511,20500511,20700511,2.5,1.5,5,"median_abs_prediction_error","within_1.05_best_then_min_budget"
"TS","linear",0.5,0.5,0.5,200,8,900,900,112,15,113,90,8,8,180896,101,TRUE,41.6600000000001,0.387632892058838,"TS",NA,NA,NA,NA,NA,NA,NA,"E2_linear_s_sweep","E__linear_s_sweep_n1800_p1800_sstar15_s30_h6812e0cb",1800,1800,15,30,92,0.5,200,8,20490512,20500512,20700512,2.5,1.5,5,"median_abs_prediction_error","within_1.05_best_then_min_budget"
"FD","linear",NA,NA,NA,NA,NA,NA,NA,NA,15,NA,NA,NA,NA,NA,101,TRUE,18.9099999999999,0.834654560375033,"FD_budget",101,113,113,NA,NA,NA,NA,"E2_linear_s_sweep","E__linear_s_sweep_n1800_p1800_sstar15_s30_h6812e0cb",1800,1800,15,30,92,0.5,200,8,20490512,20500512,20700512,2.5,1.5,5,"median_abs_prediction_error","within_1.05_best_then_min_budget"
"FS","linear",NA,NA,NA,NA,NA,NA,NA,NA,NA,NA,NA,NA,NA,NA,101,TRUE,2.59000000000015,13.0741321508507,"FS",NA,NA,NA,22,81,8,8,"E2_linear_s_sweep","E__linear_s_sweep_n1800_p1800_sstar15_s30_h6812e0cb",1800,1800,15,30,92,0.5,200,8,20490512,20500512,20700512,2.5,1.5,5,"median_abs_prediction_error","within_1.05_best_then_min_budget"
"TS","linear",0.5,0.5,0.5,200,8,900,900,112,15,113,90,8,8,180896,101,TRUE,42.4199999999998,0.332014140844414,"TS",NA,NA,NA,NA,NA,NA,NA,"E2_linear_s_sweep","E__linear_s_sweep_n1800_p1800_sstar15_s30_h6812e0cb",1800,1800,15,30,93,0.5,200,8,20490513,20500513,20700513,2.5,1.5,5,"median_abs_prediction_error","within_1.05_best_then_min_budget"
"FD","linear",NA,NA,NA,NA,NA,NA,NA,NA,15,NA,NA,NA,NA,NA,101,TRUE,19.5,1.22780000750311,"FD_budget",101,113,113,NA,NA,NA,NA,"E2_linear_s_sweep","E__linear_s_sweep_n1800_p1800_sstar15_s30_h6812e0cb",1800,1800,15,30,93,0.5,200,8,20490513,20500513,20700513,2.5,1.5,5,"median_abs_prediction_error","within_1.05_best_then_min_budget"
"FS","linear",NA,NA,NA,NA,NA,NA,NA,NA,NA,NA,NA,NA,NA,NA,101,TRUE,2.75999999999999,15.7444965033956,"FS",NA,NA,NA,22,81,8,8,"E2_linear_s_sweep","E__linear_s_sweep_n1800_p1800_sstar15_s30_h6812e0cb",1800,1800,15,30,93,0.5,200,8,20490513,20500513,20700513,2.5,1.5,5,"median_abs_prediction_error","within_1.05_best_then_min_budget"
"TS","linear",0.5,0.5,0.5,200,8,900,900,112,15,113,90,8,8,180896,101,TRUE,38.28,0.416578649610723,"TS",NA,NA,NA,NA,NA,NA,NA,"E2_linear_s_sweep","E__linear_s_sweep_n1800_p1800_sstar15_s30_h6812e0cb",1800,1800,15,30,94,0.5,200,8,20490514,20500514,20700514,2.5,1.5,5,"median_abs_prediction_error","within_1.05_best_then_min_budget"
"FD","linear",NA,NA,NA,NA,NA,NA,NA,NA,15,NA,NA,NA,NA,NA,101,TRUE,19.3699999999999,0.962363089058538,"FD_budget",101,113,113,NA,NA,NA,NA,"E2_linear_s_sweep","E__linear_s_sweep_n1800_p1800_sstar15_s30_h6812e0cb",1800,1800,15,30,94,0.5,200,8,20490514,20500514,20700514,2.5,1.5,5,"median_abs_prediction_error","within_1.05_best_then_min_budget"
"FS","linear",NA,NA,NA,NA,NA,NA,NA,NA,NA,NA,NA,NA,NA,NA,101,TRUE,2.6400000000001,16.0651207228436,"FS",NA,NA,NA,22,81,8,8,"E2_linear_s_sweep","E__linear_s_sweep_n1800_p1800_sstar15_s30_h6812e0cb",1800,1800,15,30,94,0.5,200,8,20490514,20500514,20700514,2.5,1.5,5,"median_abs_prediction_error","within_1.05_best_then_min_budget"
"TS","linear",0.5,0.5,0.5,200,8,900,900,112,15,113,90,8,8,180896,101,TRUE,41.28,0.297441475703688,"TS",NA,NA,NA,NA,NA,NA,NA,"E2_linear_s_sweep","E__linear_s_sweep_n1800_p1800_sstar15_s30_h6812e0cb",1800,1800,15,30,95,0.5,200,8,20490515,20500515,20700515,2.5,1.5,5,"median_abs_prediction_error","within_1.05_best_then_min_budget"
"FD","linear",NA,NA,NA,NA,NA,NA,NA,NA,15,NA,NA,NA,NA,NA,101,TRUE,20.99,1.08888762497254,"FD_budget",101,113,113,NA,NA,NA,NA,"E2_linear_s_sweep","E__linear_s_sweep_n1800_p1800_sstar15_s30_h6812e0cb",1800,1800,15,30,95,0.5,200,8,20490515,20500515,20700515,2.5,1.5,5,"median_abs_prediction_error","within_1.05_best_then_min_budget"
"FS","linear",NA,NA,NA,NA,NA,NA,NA,NA,NA,NA,NA,NA,NA,NA,101,TRUE,2.8599999999999,16.8001744865672,"FS",NA,NA,NA,22,81,8,8,"E2_linear_s_sweep","E__linear_s_sweep_n1800_p1800_sstar15_s30_h6812e0cb",1800,1800,15,30,95,0.5,200,8,20490515,20500515,20700515,2.5,1.5,5,"median_abs_prediction_error","within_1.05_best_then_min_budget"
"TS","linear",0.5,0.5,0.5,200,8,900,900,112,15,113,90,8,8,180896,101,TRUE,38.5999999999999,0.384134329059579,"TS",NA,NA,NA,NA,NA,NA,NA,"E2_linear_s_sweep","E__linear_s_sweep_n1800_p1800_sstar15_s30_h6812e0cb",1800,1800,15,30,96,0.5,200,8,20490516,20500516,20700516,2.5,1.5,5,"median_abs_prediction_error","within_1.05_best_then_min_budget"
"FD","linear",NA,NA,NA,NA,NA,NA,NA,NA,15,NA,NA,NA,NA,NA,101,TRUE,21.4000000000001,0.906975299212002,"FD_budget",101,113,113,NA,NA,NA,NA,"E2_linear_s_sweep","E__linear_s_sweep_n1800_p1800_sstar15_s30_h6812e0cb",1800,1800,15,30,96,0.5,200,8,20490516,20500516,20700516,2.5,1.5,5,"median_abs_prediction_error","within_1.05_best_then_min_budget"
"FS","linear",NA,NA,NA,NA,NA,NA,NA,NA,NA,NA,NA,NA,NA,NA,101,TRUE,2.61999999999989,15.7610101322819,"FS",NA,NA,NA,22,81,8,8,"E2_linear_s_sweep","E__linear_s_sweep_n1800_p1800_sstar15_s30_h6812e0cb",1800,1800,15,30,96,0.5,200,8,20490516,20500516,20700516,2.5,1.5,5,"median_abs_prediction_error","within_1.05_best_then_min_budget"
"TS","linear",0.5,0.5,0.5,200,8,900,900,112,15,113,90,8,8,180896,101,TRUE,38.6900000000001,0.305932877828851,"TS",NA,NA,NA,NA,NA,NA,NA,"E2_linear_s_sweep","E__linear_s_sweep_n1800_p1800_sstar15_s30_h6812e0cb",1800,1800,15,30,97,0.5,200,8,20490517,20500517,20700517,2.5,1.5,5,"median_abs_prediction_error","within_1.05_best_then_min_budget"
"FD","linear",NA,NA,NA,NA,NA,NA,NA,NA,15,NA,NA,NA,NA,NA,101,TRUE,20.0599999999999,0.785250627626726,"FD_budget",101,113,113,NA,NA,NA,NA,"E2_linear_s_sweep","E__linear_s_sweep_n1800_p1800_sstar15_s30_h6812e0cb",1800,1800,15,30,97,0.5,200,8,20490517,20500517,20700517,2.5,1.5,5,"median_abs_prediction_error","within_1.05_best_then_min_budget"
"FS","linear",NA,NA,NA,NA,NA,NA,NA,NA,NA,NA,NA,NA,NA,NA,101,TRUE,3.21000000000004,17.1325559863908,"FS",NA,NA,NA,22,81,8,8,"E2_linear_s_sweep","E__linear_s_sweep_n1800_p1800_sstar15_s30_h6812e0cb",1800,1800,15,30,97,0.5,200,8,20490517,20500517,20700517,2.5,1.5,5,"median_abs_prediction_error","within_1.05_best_then_min_budget"
"TS","linear",0.5,0.5,0.5,200,8,900,900,112,15,113,90,8,8,180896,101,TRUE,39.6100000000001,0.387230789564543,"TS",NA,NA,NA,NA,NA,NA,NA,"E2_linear_s_sweep","E__linear_s_sweep_n1800_p1800_sstar15_s30_h6812e0cb",1800,1800,15,30,98,0.5,200,8,20490518,20500518,20700518,2.5,1.5,5,"median_abs_prediction_error","within_1.05_best_then_min_budget"
"FD","linear",NA,NA,NA,NA,NA,NA,NA,NA,15,NA,NA,NA,NA,NA,101,TRUE,21.05,0.725229168413971,"FD_budget",101,113,113,NA,NA,NA,NA,"E2_linear_s_sweep","E__linear_s_sweep_n1800_p1800_sstar15_s30_h6812e0cb",1800,1800,15,30,98,0.5,200,8,20490518,20500518,20700518,2.5,1.5,5,"median_abs_prediction_error","within_1.05_best_then_min_budget"
"FS","linear",NA,NA,NA,NA,NA,NA,NA,NA,NA,NA,NA,NA,NA,NA,101,TRUE,3.18000000000006,15.5902590266361,"FS",NA,NA,NA,22,81,8,8,"E2_linear_s_sweep","E__linear_s_sweep_n1800_p1800_sstar15_s30_h6812e0cb",1800,1800,15,30,98,0.5,200,8,20490518,20500518,20700518,2.5,1.5,5,"median_abs_prediction_error","within_1.05_best_then_min_budget"
"TS","linear",0.5,0.5,0.5,200,8,900,900,112,15,113,90,8,8,180896,101,TRUE,38.2800000000002,0.349620918805282,"TS",NA,NA,NA,NA,NA,NA,NA,"E2_linear_s_sweep","E__linear_s_sweep_n1800_p1800_sstar15_s30_h6812e0cb",1800,1800,15,30,99,0.5,200,8,20490519,20500519,20700519,2.5,1.5,5,"median_abs_prediction_error","within_1.05_best_then_min_budget"
"FD","linear",NA,NA,NA,NA,NA,NA,NA,NA,15,NA,NA,NA,NA,NA,101,TRUE,21.8,1.16522264441827,"FD_budget",101,113,113,NA,NA,NA,NA,"E2_linear_s_sweep","E__linear_s_sweep_n1800_p1800_sstar15_s30_h6812e0cb",1800,1800,15,30,99,0.5,200,8,20490519,20500519,20700519,2.5,1.5,5,"median_abs_prediction_error","within_1.05_best_then_min_budget"
"FS","linear",NA,NA,NA,NA,NA,NA,NA,NA,NA,NA,NA,NA,NA,NA,101,TRUE,3.36999999999989,15.1982356778397,"FS",NA,NA,NA,22,81,8,8,"E2_linear_s_sweep","E__linear_s_sweep_n1800_p1800_sstar15_s30_h6812e0cb",1800,1800,15,30,99,0.5,200,8,20490519,20500519,20700519,2.5,1.5,5,"median_abs_prediction_error","within_1.05_best_then_min_budget"
"TS","linear",0.5,0.5,0.5,200,8,900,900,112,15,113,90,8,8,180896,101,TRUE,38.6400000000001,0.663672179069651,"TS",NA,NA,NA,NA,NA,NA,NA,"E2_linear_s_sweep","E__linear_s_sweep_n1800_p1800_sstar15_s30_h6812e0cb",1800,1800,15,30,100,0.5,200,8,20490520,20500520,20700520,2.5,1.5,5,"median_abs_prediction_error","within_1.05_best_then_min_budget"
"FD","linear",NA,NA,NA,NA,NA,NA,NA,NA,15,NA,NA,NA,NA,NA,101,TRUE,19.8599999999999,1.39113584978192,"FD_budget",101,113,113,NA,NA,NA,NA,"E2_linear_s_sweep","E__linear_s_sweep_n1800_p1800_sstar15_s30_h6812e0cb",1800,1800,15,30,100,0.5,200,8,20490520,20500520,20700520,2.5,1.5,5,"median_abs_prediction_error","within_1.05_best_then_min_budget"
"FS","linear",NA,NA,NA,NA,NA,NA,NA,NA,NA,NA,NA,NA,NA,NA,101,TRUE,2.81000000000017,16.9417851545652,"FS",NA,NA,NA,22,81,8,8,"E2_linear_s_sweep","E__linear_s_sweep_n1800_p1800_sstar15_s30_h6812e0cb",1800,1800,15,30,100,0.5,200,8,20490520,20500520,20700520,2.5,1.5,5,"median_abs_prediction_error","within_1.05_best_then_min_budget"
"TS","linear",0.5,0.5,0.5,200,12,900,900,75,20,150,90,8,7,180900,101,TRUE,38.3100000000002,0.591320832574817,"TS",NA,NA,NA,NA,NA,NA,NA,"E2_linear_s_sweep","E__linear_s_sweep_n1800_p1800_sstar20_s40_h09446984",1800,1800,20,40,1,0.5,200,12,20590421,20600421,20900421,2.5,1.5,5,"median_abs_prediction_error","within_1.05_best_then_min_budget"
"FD","linear",NA,NA,NA,NA,NA,NA,NA,NA,20,NA,NA,NA,NA,NA,101,TRUE,24.8999999999999,1.48412129666655,"FD_budget",101,150,150,NA,NA,NA,NA,"E2_linear_s_sweep","E__linear_s_sweep_n1800_p1800_sstar20_s40_h09446984",1800,1800,20,40,1,0.5,200,12,20590421,20600421,20900421,2.5,1.5,5,"median_abs_prediction_error","within_1.05_best_then_min_budget"
"FS","linear",NA,NA,NA,NA,NA,NA,NA,NA,NA,NA,NA,NA,NA,NA,101,TRUE,2.8900000000001,21.1134087481546,"FS",NA,NA,NA,22,81,8,8,"E2_linear_s_sweep","E__linear_s_sweep_n1800_p1800_sstar20_s40_h09446984",1800,1800,20,40,1,0.5,200,12,20590421,20600421,20900421,2.5,1.5,5,"median_abs_prediction_error","within_1.05_best_then_min_budget"
"TS","linear",0.5,0.5,0.5,200,12,900,900,75,20,150,90,8,7,180900,101,TRUE,39.52,0.53220419077299,"TS",NA,NA,NA,NA,NA,NA,NA,"E2_linear_s_sweep","E__linear_s_sweep_n1800_p1800_sstar20_s40_h09446984",1800,1800,20,40,2,0.5,200,12,20590422,20600422,20900422,2.5,1.5,5,"median_abs_prediction_error","within_1.05_best_then_min_budget"
"FD","linear",NA,NA,NA,NA,NA,NA,NA,NA,20,NA,NA,NA,NA,NA,101,TRUE,24.28,1.31921114921552,"FD_budget",101,150,150,NA,NA,NA,NA,"E2_linear_s_sweep","E__linear_s_sweep_n1800_p1800_sstar20_s40_h09446984",1800,1800,20,40,2,0.5,200,12,20590422,20600422,20900422,2.5,1.5,5,"median_abs_prediction_error","within_1.05_best_then_min_budget"
"FS","linear",NA,NA,NA,NA,NA,NA,NA,NA,NA,NA,NA,NA,NA,NA,101,TRUE,2.8900000000001,18.7649865344657,"FS",NA,NA,NA,22,81,8,8,"E2_linear_s_sweep","E__linear_s_sweep_n1800_p1800_sstar20_s40_h09446984",1800,1800,20,40,2,0.5,200,12,20590422,20600422,20900422,2.5,1.5,5,"median_abs_prediction_error","within_1.05_best_then_min_budget"
"TS","linear",0.5,0.5,0.5,200,12,900,900,75,20,150,90,8,7,180900,101,TRUE,37.9400000000001,0.498128065997626,"TS",NA,NA,NA,NA,NA,NA,NA,"E2_linear_s_sweep","E__linear_s_sweep_n1800_p1800_sstar20_s40_h09446984",1800,1800,20,40,3,0.5,200,12,20590423,20600423,20900423,2.5,1.5,5,"median_abs_prediction_error","within_1.05_best_then_min_budget"
"FD","linear",NA,NA,NA,NA,NA,NA,NA,NA,20,NA,NA,NA,NA,NA,101,TRUE,24.74,1.41216605860073,"FD_budget",101,150,150,NA,NA,NA,NA,"E2_linear_s_sweep","E__linear_s_sweep_n1800_p1800_sstar20_s40_h09446984",1800,1800,20,40,3,0.5,200,12,20590423,20600423,20900423,2.5,1.5,5,"median_abs_prediction_error","within_1.05_best_then_min_budget"
"FS","linear",NA,NA,NA,NA,NA,NA,NA,NA,NA,NA,NA,NA,NA,NA,101,TRUE,3.09999999999991,20.0336765158015,"FS",NA,NA,NA,22,81,8,8,"E2_linear_s_sweep","E__linear_s_sweep_n1800_p1800_sstar20_s40_h09446984",1800,1800,20,40,3,0.5,200,12,20590423,20600423,20900423,2.5,1.5,5,"median_abs_prediction_error","within_1.05_best_then_min_budget"
"TS","linear",0.5,0.5,0.5,200,12,900,900,75,20,150,90,8,7,180900,101,TRUE,37.8700000000001,0.454181124646151,"TS",NA,NA,NA,NA,NA,NA,NA,"E2_linear_s_sweep","E__linear_s_sweep_n1800_p1800_sstar20_s40_h09446984",1800,1800,20,40,4,0.5,200,12,20590424,20600424,20900424,2.5,1.5,5,"median_abs_prediction_error","within_1.05_best_then_min_budget"
"FD","linear",NA,NA,NA,NA,NA,NA,NA,NA,20,NA,NA,NA,NA,NA,101,TRUE,24.6099999999999,1.5417877591575,"FD_budget",101,150,150,NA,NA,NA,NA,"E2_linear_s_sweep","E__linear_s_sweep_n1800_p1800_sstar20_s40_h09446984",1800,1800,20,40,4,0.5,200,12,20590424,20600424,20900424,2.5,1.5,5,"median_abs_prediction_error","within_1.05_best_then_min_budget"
"FS","linear",NA,NA,NA,NA,NA,NA,NA,NA,NA,NA,NA,NA,NA,NA,101,TRUE,3.08000000000015,18.4148994767427,"FS",NA,NA,NA,22,81,8,8,"E2_linear_s_sweep","E__linear_s_sweep_n1800_p1800_sstar20_s40_h09446984",1800,1800,20,40,4,0.5,200,12,20590424,20600424,20900424,2.5,1.5,5,"median_abs_prediction_error","within_1.05_best_then_min_budget"
"TS","linear",0.5,0.5,0.5,200,12,900,900,75,20,150,90,8,7,180900,101,TRUE,37.24,0.493477434091016,"TS",NA,NA,NA,NA,NA,NA,NA,"E2_linear_s_sweep","E__linear_s_sweep_n1800_p1800_sstar20_s40_h09446984",1800,1800,20,40,5,0.5,200,12,20590425,20600425,20900425,2.5,1.5,5,"median_abs_prediction_error","within_1.05_best_then_min_budget"
"FD","linear",NA,NA,NA,NA,NA,NA,NA,NA,20,NA,NA,NA,NA,NA,101,TRUE,24.7,1.26139761973337,"FD_budget",101,150,150,NA,NA,NA,NA,"E2_linear_s_sweep","E__linear_s_sweep_n1800_p1800_sstar20_s40_h09446984",1800,1800,20,40,5,0.5,200,12,20590425,20600425,20900425,2.5,1.5,5,"median_abs_prediction_error","within_1.05_best_then_min_budget"
"FS","linear",NA,NA,NA,NA,NA,NA,NA,NA,NA,NA,NA,NA,NA,NA,101,TRUE,3.58000000000015,21.3519357483239,"FS",NA,NA,NA,22,81,8,8,"E2_linear_s_sweep","E__linear_s_sweep_n1800_p1800_sstar20_s40_h09446984",1800,1800,20,40,5,0.5,200,12,20590425,20600425,20900425,2.5,1.5,5,"median_abs_prediction_error","within_1.05_best_then_min_budget"
"TS","linear",0.5,0.5,0.5,200,12,900,900,75,20,150,90,8,7,180900,101,TRUE,37.48,0.668234661225911,"TS",NA,NA,NA,NA,NA,NA,NA,"E2_linear_s_sweep","E__linear_s_sweep_n1800_p1800_sstar20_s40_h09446984",1800,1800,20,40,6,0.5,200,12,20590426,20600426,20900426,2.5,1.5,5,"median_abs_prediction_error","within_1.05_best_then_min_budget"
"FD","linear",NA,NA,NA,NA,NA,NA,NA,NA,20,NA,NA,NA,NA,NA,101,TRUE,25.8399999999999,1.36098028920456,"FD_budget",101,150,150,NA,NA,NA,NA,"E2_linear_s_sweep","E__linear_s_sweep_n1800_p1800_sstar20_s40_h09446984",1800,1800,20,40,6,0.5,200,12,20590426,20600426,20900426,2.5,1.5,5,"median_abs_prediction_error","within_1.05_best_then_min_budget"
"FS","linear",NA,NA,NA,NA,NA,NA,NA,NA,NA,NA,NA,NA,NA,NA,101,TRUE,3.25,23.1305225489259,"FS",NA,NA,NA,22,81,8,8,"E2_linear_s_sweep","E__linear_s_sweep_n1800_p1800_sstar20_s40_h09446984",1800,1800,20,40,6,0.5,200,12,20590426,20600426,20900426,2.5,1.5,5,"median_abs_prediction_error","within_1.05_best_then_min_budget"
"TS","linear",0.5,0.5,0.5,200,12,900,900,75,20,150,90,8,7,180900,101,TRUE,37.6700000000001,0.47968568328046,"TS",NA,NA,NA,NA,NA,NA,NA,"E2_linear_s_sweep","E__linear_s_sweep_n1800_p1800_sstar20_s40_h09446984",1800,1800,20,40,7,0.5,200,12,20590427,20600427,20900427,2.5,1.5,5,"median_abs_prediction_error","within_1.05_best_then_min_budget"
"FD","linear",NA,NA,NA,NA,NA,NA,NA,NA,20,NA,NA,NA,NA,NA,101,TRUE,25.5899999999999,1.12805892955123,"FD_budget",101,150,150,NA,NA,NA,NA,"E2_linear_s_sweep","E__linear_s_sweep_n1800_p1800_sstar20_s40_h09446984",1800,1800,20,40,7,0.5,200,12,20590427,20600427,20900427,2.5,1.5,5,"median_abs_prediction_error","within_1.05_best_then_min_budget"
"FS","linear",NA,NA,NA,NA,NA,NA,NA,NA,NA,NA,NA,NA,NA,NA,101,TRUE,2.85000000000014,19.1869003049891,"FS",NA,NA,NA,22,81,8,8,"E2_linear_s_sweep","E__linear_s_sweep_n1800_p1800_sstar20_s40_h09446984",1800,1800,20,40,7,0.5,200,12,20590427,20600427,20900427,2.5,1.5,5,"median_abs_prediction_error","within_1.05_best_then_min_budget"
"TS","linear",0.5,0.5,0.5,200,12,900,900,75,20,150,90,8,7,180900,101,TRUE,37.3300000000002,0.526565408610062,"TS",NA,NA,NA,NA,NA,NA,NA,"E2_linear_s_sweep","E__linear_s_sweep_n1800_p1800_sstar20_s40_h09446984",1800,1800,20,40,8,0.5,200,12,20590428,20600428,20900428,2.5,1.5,5,"median_abs_prediction_error","within_1.05_best_then_min_budget"
"FD","linear",NA,NA,NA,NA,NA,NA,NA,NA,20,NA,NA,NA,NA,NA,101,TRUE,26.5599999999999,1.22670537356805,"FD_budget",101,150,150,NA,NA,NA,NA,"E2_linear_s_sweep","E__linear_s_sweep_n1800_p1800_sstar20_s40_h09446984",1800,1800,20,40,8,0.5,200,12,20590428,20600428,20900428,2.5,1.5,5,"median_abs_prediction_error","within_1.05_best_then_min_budget"
"FS","linear",NA,NA,NA,NA,NA,NA,NA,NA,NA,NA,NA,NA,NA,NA,101,TRUE,3.18000000000006,18.5319216589527,"FS",NA,NA,NA,22,81,8,8,"E2_linear_s_sweep","E__linear_s_sweep_n1800_p1800_sstar20_s40_h09446984",1800,1800,20,40,8,0.5,200,12,20590428,20600428,20900428,2.5,1.5,5,"median_abs_prediction_error","within_1.05_best_then_min_budget"
"TS","linear",0.5,0.5,0.5,200,12,900,900,75,20,150,90,8,7,180900,101,TRUE,36.6399999999999,0.81892566043576,"TS",NA,NA,NA,NA,NA,NA,NA,"E2_linear_s_sweep","E__linear_s_sweep_n1800_p1800_sstar20_s40_h09446984",1800,1800,20,40,9,0.5,200,12,20590429,20600429,20900429,2.5,1.5,5,"median_abs_prediction_error","within_1.05_best_then_min_budget"
"FD","linear",NA,NA,NA,NA,NA,NA,NA,NA,20,NA,NA,NA,NA,NA,101,TRUE,26.25,1.64255971198769,"FD_budget",101,150,150,NA,NA,NA,NA,"E2_linear_s_sweep","E__linear_s_sweep_n1800_p1800_sstar20_s40_h09446984",1800,1800,20,40,9,0.5,200,12,20590429,20600429,20900429,2.5,1.5,5,"median_abs_prediction_error","within_1.05_best_then_min_budget"
"FS","linear",NA,NA,NA,NA,NA,NA,NA,NA,NA,NA,NA,NA,NA,NA,101,TRUE,3.29999999999995,17.2945937317771,"FS",NA,NA,NA,22,81,8,8,"E2_linear_s_sweep","E__linear_s_sweep_n1800_p1800_sstar20_s40_h09446984",1800,1800,20,40,9,0.5,200,12,20590429,20600429,20900429,2.5,1.5,5,"median_abs_prediction_error","within_1.05_best_then_min_budget"
"TS","linear",0.5,0.5,0.5,200,12,900,900,75,20,150,90,8,7,180900,101,TRUE,39.6099999999999,0.435315987977679,"TS",NA,NA,NA,NA,NA,NA,NA,"E2_linear_s_sweep","E__linear_s_sweep_n1800_p1800_sstar20_s40_h09446984",1800,1800,20,40,10,0.5,200,12,20590430,20600430,20900430,2.5,1.5,5,"median_abs_prediction_error","within_1.05_best_then_min_budget"
"FD","linear",NA,NA,NA,NA,NA,NA,NA,NA,20,NA,NA,NA,NA,NA,101,TRUE,24.5400000000002,1.38812597178162,"FD_budget",101,150,150,NA,NA,NA,NA,"E2_linear_s_sweep","E__linear_s_sweep_n1800_p1800_sstar20_s40_h09446984",1800,1800,20,40,10,0.5,200,12,20590430,20600430,20900430,2.5,1.5,5,"median_abs_prediction_error","within_1.05_best_then_min_budget"
"FS","linear",NA,NA,NA,NA,NA,NA,NA,NA,NA,NA,NA,NA,NA,NA,101,TRUE,3.18999999999983,17.7750607646081,"FS",NA,NA,NA,22,81,8,8,"E2_linear_s_sweep","E__linear_s_sweep_n1800_p1800_sstar20_s40_h09446984",1800,1800,20,40,10,0.5,200,12,20590430,20600430,20900430,2.5,1.5,5,"median_abs_prediction_error","within_1.05_best_then_min_budget"
"TS","linear",0.5,0.5,0.5,200,12,900,900,75,20,150,90,8,7,180900,101,TRUE,37.55,0.486038542827959,"TS",NA,NA,NA,NA,NA,NA,NA,"E2_linear_s_sweep","E__linear_s_sweep_n1800_p1800_sstar20_s40_h09446984",1800,1800,20,40,11,0.5,200,12,20590431,20600431,20900431,2.5,1.5,5,"median_abs_prediction_error","within_1.05_best_then_min_budget"
"FD","linear",NA,NA,NA,NA,NA,NA,NA,NA,20,NA,NA,NA,NA,NA,101,TRUE,25.3600000000001,1.18511034257614,"FD_budget",101,150,150,NA,NA,NA,NA,"E2_linear_s_sweep","E__linear_s_sweep_n1800_p1800_sstar20_s40_h09446984",1800,1800,20,40,11,0.5,200,12,20590431,20600431,20900431,2.5,1.5,5,"median_abs_prediction_error","within_1.05_best_then_min_budget"
"FS","linear",NA,NA,NA,NA,NA,NA,NA,NA,NA,NA,NA,NA,NA,NA,101,TRUE,3.65999999999985,20.1833474594649,"FS",NA,NA,NA,22,81,8,8,"E2_linear_s_sweep","E__linear_s_sweep_n1800_p1800_sstar20_s40_h09446984",1800,1800,20,40,11,0.5,200,12,20590431,20600431,20900431,2.5,1.5,5,"median_abs_prediction_error","within_1.05_best_then_min_budget"
"TS","linear",0.5,0.5,0.5,200,12,900,900,75,20,150,90,8,7,180900,101,TRUE,35.9200000000001,0.430869972609203,"TS",NA,NA,NA,NA,NA,NA,NA,"E2_linear_s_sweep","E__linear_s_sweep_n1800_p1800_sstar20_s40_h09446984",1800,1800,20,40,12,0.5,200,12,20590432,20600432,20900432,2.5,1.5,5,"median_abs_prediction_error","within_1.05_best_then_min_budget"
"FD","linear",NA,NA,NA,NA,NA,NA,NA,NA,20,NA,NA,NA,NA,NA,101,TRUE,26.0599999999999,1.74904542063151,"FD_budget",101,150,150,NA,NA,NA,NA,"E2_linear_s_sweep","E__linear_s_sweep_n1800_p1800_sstar20_s40_h09446984",1800,1800,20,40,12,0.5,200,12,20590432,20600432,20900432,2.5,1.5,5,"median_abs_prediction_error","within_1.05_best_then_min_budget"
"FS","linear",NA,NA,NA,NA,NA,NA,NA,NA,NA,NA,NA,NA,NA,NA,101,TRUE,3.22000000000003,17.8235491147626,"FS",NA,NA,NA,22,81,8,8,"E2_linear_s_sweep","E__linear_s_sweep_n1800_p1800_sstar20_s40_h09446984",1800,1800,20,40,12,0.5,200,12,20590432,20600432,20900432,2.5,1.5,5,"median_abs_prediction_error","within_1.05_best_then_min_budget"
"TS","linear",0.5,0.5,0.5,200,12,900,900,75,20,150,90,8,7,180900,101,TRUE,37.2,0.568722468365629,"TS",NA,NA,NA,NA,NA,NA,NA,"E2_linear_s_sweep","E__linear_s_sweep_n1800_p1800_sstar20_s40_h09446984",1800,1800,20,40,13,0.5,200,12,20590433,20600433,20900433,2.5,1.5,5,"median_abs_prediction_error","within_1.05_best_then_min_budget"
"FD","linear",NA,NA,NA,NA,NA,NA,NA,NA,20,NA,NA,NA,NA,NA,101,TRUE,25.4200000000001,1.44018734022633,"FD_budget",101,150,150,NA,NA,NA,NA,"E2_linear_s_sweep","E__linear_s_sweep_n1800_p1800_sstar20_s40_h09446984",1800,1800,20,40,13,0.5,200,12,20590433,20600433,20900433,2.5,1.5,5,"median_abs_prediction_error","within_1.05_best_then_min_budget"
"FS","linear",NA,NA,NA,NA,NA,NA,NA,NA,NA,NA,NA,NA,NA,NA,101,TRUE,3.50999999999999,19.3068852041844,"FS",NA,NA,NA,22,81,8,8,"E2_linear_s_sweep","E__linear_s_sweep_n1800_p1800_sstar20_s40_h09446984",1800,1800,20,40,13,0.5,200,12,20590433,20600433,20900433,2.5,1.5,5,"median_abs_prediction_error","within_1.05_best_then_min_budget"
"TS","linear",0.5,0.5,0.5,200,12,900,900,75,20,150,90,8,7,180900,101,TRUE,37.8,0.668641535568437,"TS",NA,NA,NA,NA,NA,NA,NA,"E2_linear_s_sweep","E__linear_s_sweep_n1800_p1800_sstar20_s40_h09446984",1800,1800,20,40,14,0.5,200,12,20590434,20600434,20900434,2.5,1.5,5,"median_abs_prediction_error","within_1.05_best_then_min_budget"
"FD","linear",NA,NA,NA,NA,NA,NA,NA,NA,20,NA,NA,NA,NA,NA,101,TRUE,27.6500000000001,1.25755877030416,"FD_budget",101,150,150,NA,NA,NA,NA,"E2_linear_s_sweep","E__linear_s_sweep_n1800_p1800_sstar20_s40_h09446984",1800,1800,20,40,14,0.5,200,12,20590434,20600434,20900434,2.5,1.5,5,"median_abs_prediction_error","within_1.05_best_then_min_budget"
"FS","linear",NA,NA,NA,NA,NA,NA,NA,NA,NA,NA,NA,NA,NA,NA,101,TRUE,3.12999999999988,22.1337198353171,"FS",NA,NA,NA,22,81,8,8,"E2_linear_s_sweep","E__linear_s_sweep_n1800_p1800_sstar20_s40_h09446984",1800,1800,20,40,14,0.5,200,12,20590434,20600434,20900434,2.5,1.5,5,"median_abs_prediction_error","within_1.05_best_then_min_budget"
"TS","linear",0.5,0.5,0.5,200,12,900,900,75,20,150,90,8,7,180900,101,TRUE,38.3400000000001,0.650875903336259,"TS",NA,NA,NA,NA,NA,NA,NA,"E2_linear_s_sweep","E__linear_s_sweep_n1800_p1800_sstar20_s40_h09446984",1800,1800,20,40,15,0.5,200,12,20590435,20600435,20900435,2.5,1.5,5,"median_abs_prediction_error","within_1.05_best_then_min_budget"
"FD","linear",NA,NA,NA,NA,NA,NA,NA,NA,20,NA,NA,NA,NA,NA,101,TRUE,25.5,1.67893142340658,"FD_budget",101,150,150,NA,NA,NA,NA,"E2_linear_s_sweep","E__linear_s_sweep_n1800_p1800_sstar20_s40_h09446984",1800,1800,20,40,15,0.5,200,12,20590435,20600435,20900435,2.5,1.5,5,"median_abs_prediction_error","within_1.05_best_then_min_budget"
"FS","linear",NA,NA,NA,NA,NA,NA,NA,NA,NA,NA,NA,NA,NA,NA,101,TRUE,3.16999999999985,19.6430990934214,"FS",NA,NA,NA,22,81,8,8,"E2_linear_s_sweep","E__linear_s_sweep_n1800_p1800_sstar20_s40_h09446984",1800,1800,20,40,15,0.5,200,12,20590435,20600435,20900435,2.5,1.5,5,"median_abs_prediction_error","within_1.05_best_then_min_budget"
"TS","linear",0.5,0.5,0.5,200,12,900,900,75,20,150,90,8,7,180900,101,TRUE,37.9699999999998,1.03513868454089,"TS",NA,NA,NA,NA,NA,NA,NA,"E2_linear_s_sweep","E__linear_s_sweep_n1800_p1800_sstar20_s40_h09446984",1800,1800,20,40,16,0.5,200,12,20590436,20600436,20900436,2.5,1.5,5,"median_abs_prediction_error","within_1.05_best_then_min_budget"
"FD","linear",NA,NA,NA,NA,NA,NA,NA,NA,20,NA,NA,NA,NA,NA,101,TRUE,26.53,1.31141514147567,"FD_budget",101,150,150,NA,NA,NA,NA,"E2_linear_s_sweep","E__linear_s_sweep_n1800_p1800_sstar20_s40_h09446984",1800,1800,20,40,16,0.5,200,12,20590436,20600436,20900436,2.5,1.5,5,"median_abs_prediction_error","within_1.05_best_then_min_budget"
"FS","linear",NA,NA,NA,NA,NA,NA,NA,NA,NA,NA,NA,NA,NA,NA,101,TRUE,3.88999999999987,19.2218473295574,"FS",NA,NA,NA,22,81,8,8,"E2_linear_s_sweep","E__linear_s_sweep_n1800_p1800_sstar20_s40_h09446984",1800,1800,20,40,16,0.5,200,12,20590436,20600436,20900436,2.5,1.5,5,"median_abs_prediction_error","within_1.05_best_then_min_budget"
"TS","linear",0.5,0.5,0.5,200,12,900,900,75,20,150,90,8,7,180900,101,TRUE,38.3699999999999,0.755222187893154,"TS",NA,NA,NA,NA,NA,NA,NA,"E2_linear_s_sweep","E__linear_s_sweep_n1800_p1800_sstar20_s40_h09446984",1800,1800,20,40,17,0.5,200,12,20590437,20600437,20900437,2.5,1.5,5,"median_abs_prediction_error","within_1.05_best_then_min_budget"
"FD","linear",NA,NA,NA,NA,NA,NA,NA,NA,20,NA,NA,NA,NA,NA,101,TRUE,26.3500000000001,1.50262044110114,"FD_budget",101,150,150,NA,NA,NA,NA,"E2_linear_s_sweep","E__linear_s_sweep_n1800_p1800_sstar20_s40_h09446984",1800,1800,20,40,17,0.5,200,12,20590437,20600437,20900437,2.5,1.5,5,"median_abs_prediction_error","within_1.05_best_then_min_budget"
"FS","linear",NA,NA,NA,NA,NA,NA,NA,NA,NA,NA,NA,NA,NA,NA,101,TRUE,3.31999999999994,21.1409235527566,"FS",NA,NA,NA,22,81,8,8,"E2_linear_s_sweep","E__linear_s_sweep_n1800_p1800_sstar20_s40_h09446984",1800,1800,20,40,17,0.5,200,12,20590437,20600437,20900437,2.5,1.5,5,"median_abs_prediction_error","within_1.05_best_then_min_budget"
"TS","linear",0.5,0.5,0.5,200,12,900,900,75,20,150,90,8,7,180900,101,TRUE,43.3399999999999,0.750356288310186,"TS",NA,NA,NA,NA,NA,NA,NA,"E2_linear_s_sweep","E__linear_s_sweep_n1800_p1800_sstar20_s40_h09446984",1800,1800,20,40,18,0.5,200,12,20590438,20600438,20900438,2.5,1.5,5,"median_abs_prediction_error","within_1.05_best_then_min_budget"
"FD","linear",NA,NA,NA,NA,NA,NA,NA,NA,20,NA,NA,NA,NA,NA,101,TRUE,22.4599999999998,1.79555114525902,"FD_budget",101,150,150,NA,NA,NA,NA,"E2_linear_s_sweep","E__linear_s_sweep_n1800_p1800_sstar20_s40_h09446984",1800,1800,20,40,18,0.5,200,12,20590438,20600438,20900438,2.5,1.5,5,"median_abs_prediction_error","within_1.05_best_then_min_budget"
"FS","linear",NA,NA,NA,NA,NA,NA,NA,NA,NA,NA,NA,NA,NA,NA,101,TRUE,2.68000000000006,18.8739238625467,"FS",NA,NA,NA,22,81,8,8,"E2_linear_s_sweep","E__linear_s_sweep_n1800_p1800_sstar20_s40_h09446984",1800,1800,20,40,18,0.5,200,12,20590438,20600438,20900438,2.5,1.5,5,"median_abs_prediction_error","within_1.05_best_then_min_budget"
"TS","linear",0.5,0.5,0.5,200,12,900,900,75,20,150,90,8,7,180900,101,TRUE,42.9100000000001,0.790195258888417,"TS",NA,NA,NA,NA,NA,NA,NA,"E2_linear_s_sweep","E__linear_s_sweep_n1800_p1800_sstar20_s40_h09446984",1800,1800,20,40,19,0.5,200,12,20590439,20600439,20900439,2.5,1.5,5,"median_abs_prediction_error","within_1.05_best_then_min_budget"
"FD","linear",NA,NA,NA,NA,NA,NA,NA,NA,20,NA,NA,NA,NA,NA,101,TRUE,23.5899999999999,1.54567530598197,"FD_budget",101,150,150,NA,NA,NA,NA,"E2_linear_s_sweep","E__linear_s_sweep_n1800_p1800_sstar20_s40_h09446984",1800,1800,20,40,19,0.5,200,12,20590439,20600439,20900439,2.5,1.5,5,"median_abs_prediction_error","within_1.05_best_then_min_budget"
"FS","linear",NA,NA,NA,NA,NA,NA,NA,NA,NA,NA,NA,NA,NA,NA,101,TRUE,2.5,18.3183525343782,"FS",NA,NA,NA,22,81,8,8,"E2_linear_s_sweep","E__linear_s_sweep_n1800_p1800_sstar20_s40_h09446984",1800,1800,20,40,19,0.5,200,12,20590439,20600439,20900439,2.5,1.5,5,"median_abs_prediction_error","within_1.05_best_then_min_budget"
"TS","linear",0.5,0.5,0.5,200,12,900,900,75,20,150,90,8,7,180900,101,TRUE,42.9200000000001,0.446396839150923,"TS",NA,NA,NA,NA,NA,NA,NA,"E2_linear_s_sweep","E__linear_s_sweep_n1800_p1800_sstar20_s40_h09446984",1800,1800,20,40,20,0.5,200,12,20590440,20600440,20900440,2.5,1.5,5,"median_abs_prediction_error","within_1.05_best_then_min_budget"
"FD","linear",NA,NA,NA,NA,NA,NA,NA,NA,20,NA,NA,NA,NA,NA,101,TRUE,24.8599999999999,1.50282364581362,"FD_budget",101,150,150,NA,NA,NA,NA,"E2_linear_s_sweep","E__linear_s_sweep_n1800_p1800_sstar20_s40_h09446984",1800,1800,20,40,20,0.5,200,12,20590440,20600440,20900440,2.5,1.5,5,"median_abs_prediction_error","within_1.05_best_then_min_budget"
"FS","linear",NA,NA,NA,NA,NA,NA,NA,NA,NA,NA,NA,NA,NA,NA,101,TRUE,2.7800000000002,17.9229129370124,"FS",NA,NA,NA,22,81,8,8,"E2_linear_s_sweep","E__linear_s_sweep_n1800_p1800_sstar20_s40_h09446984",1800,1800,20,40,20,0.5,200,12,20590440,20600440,20900440,2.5,1.5,5,"median_abs_prediction_error","within_1.05_best_then_min_budget"
"TS","linear",0.5,0.5,0.5,200,12,900,900,75,20,150,90,8,7,180900,101,TRUE,43.4400000000001,0.514803070766967,"TS",NA,NA,NA,NA,NA,NA,NA,"E2_linear_s_sweep","E__linear_s_sweep_n1800_p1800_sstar20_s40_h09446984",1800,1800,20,40,21,0.5,200,12,20590441,20600441,20900441,2.5,1.5,5,"median_abs_prediction_error","within_1.05_best_then_min_budget"
"FD","linear",NA,NA,NA,NA,NA,NA,NA,NA,20,NA,NA,NA,NA,NA,101,TRUE,22.8599999999999,1.23172957181062,"FD_budget",101,150,150,NA,NA,NA,NA,"E2_linear_s_sweep","E__linear_s_sweep_n1800_p1800_sstar20_s40_h09446984",1800,1800,20,40,21,0.5,200,12,20590441,20600441,20900441,2.5,1.5,5,"median_abs_prediction_error","within_1.05_best_then_min_budget"
"FS","linear",NA,NA,NA,NA,NA,NA,NA,NA,NA,NA,NA,NA,NA,NA,101,TRUE,2.20000000000005,16.6348359779866,"FS",NA,NA,NA,22,81,8,8,"E2_linear_s_sweep","E__linear_s_sweep_n1800_p1800_sstar20_s40_h09446984",1800,1800,20,40,21,0.5,200,12,20590441,20600441,20900441,2.5,1.5,5,"median_abs_prediction_error","within_1.05_best_then_min_budget"
"TS","linear",0.5,0.5,0.5,200,12,900,900,75,20,150,90,8,7,180900,101,TRUE,42.9099999999999,0.71676182420584,"TS",NA,NA,NA,NA,NA,NA,NA,"E2_linear_s_sweep","E__linear_s_sweep_n1800_p1800_sstar20_s40_h09446984",1800,1800,20,40,22,0.5,200,12,20590442,20600442,20900442,2.5,1.5,5,"median_abs_prediction_error","within_1.05_best_then_min_budget"
"FD","linear",NA,NA,NA,NA,NA,NA,NA,NA,20,NA,NA,NA,NA,NA,101,TRUE,22.4400000000001,1.23056194296303,"FD_budget",101,150,150,NA,NA,NA,NA,"E2_linear_s_sweep","E__linear_s_sweep_n1800_p1800_sstar20_s40_h09446984",1800,1800,20,40,22,0.5,200,12,20590442,20600442,20900442,2.5,1.5,5,"median_abs_prediction_error","within_1.05_best_then_min_budget"
"FS","linear",NA,NA,NA,NA,NA,NA,NA,NA,NA,NA,NA,NA,NA,NA,101,TRUE,3.02999999999997,20.1918808659597,"FS",NA,NA,NA,22,81,8,8,"E2_linear_s_sweep","E__linear_s_sweep_n1800_p1800_sstar20_s40_h09446984",1800,1800,20,40,22,0.5,200,12,20590442,20600442,20900442,2.5,1.5,5,"median_abs_prediction_error","within_1.05_best_then_min_budget"
"TS","linear",0.5,0.5,0.5,200,12,900,900,75,20,150,90,8,7,180900,101,TRUE,42.0700000000002,0.7099496479373,"TS",NA,NA,NA,NA,NA,NA,NA,"E2_linear_s_sweep","E__linear_s_sweep_n1800_p1800_sstar20_s40_h09446984",1800,1800,20,40,23,0.5,200,12,20590443,20600443,20900443,2.5,1.5,5,"median_abs_prediction_error","within_1.05_best_then_min_budget"
"FD","linear",NA,NA,NA,NA,NA,NA,NA,NA,20,NA,NA,NA,NA,NA,101,TRUE,23.29,1.20221086607744,"FD_budget",101,150,150,NA,NA,NA,NA,"E2_linear_s_sweep","E__linear_s_sweep_n1800_p1800_sstar20_s40_h09446984",1800,1800,20,40,23,0.5,200,12,20590443,20600443,20900443,2.5,1.5,5,"median_abs_prediction_error","within_1.05_best_then_min_budget"
"FS","linear",NA,NA,NA,NA,NA,NA,NA,NA,NA,NA,NA,NA,NA,NA,101,TRUE,2.94000000000005,19.2569330830621,"FS",NA,NA,NA,22,81,8,8,"E2_linear_s_sweep","E__linear_s_sweep_n1800_p1800_sstar20_s40_h09446984",1800,1800,20,40,23,0.5,200,12,20590443,20600443,20900443,2.5,1.5,5,"median_abs_prediction_error","within_1.05_best_then_min_budget"
"TS","linear",0.5,0.5,0.5,200,12,900,900,75,20,150,90,8,7,180900,101,TRUE,41.1200000000001,0.550158384765677,"TS",NA,NA,NA,NA,NA,NA,NA,"E2_linear_s_sweep","E__linear_s_sweep_n1800_p1800_sstar20_s40_h09446984",1800,1800,20,40,24,0.5,200,12,20590444,20600444,20900444,2.5,1.5,5,"median_abs_prediction_error","within_1.05_best_then_min_budget"
"FD","linear",NA,NA,NA,NA,NA,NA,NA,NA,20,NA,NA,NA,NA,NA,101,TRUE,22.6399999999999,1.43849559008952,"FD_budget",101,150,150,NA,NA,NA,NA,"E2_linear_s_sweep","E__linear_s_sweep_n1800_p1800_sstar20_s40_h09446984",1800,1800,20,40,24,0.5,200,12,20590444,20600444,20900444,2.5,1.5,5,"median_abs_prediction_error","within_1.05_best_then_min_budget"
"FS","linear",NA,NA,NA,NA,NA,NA,NA,NA,NA,NA,NA,NA,NA,NA,101,TRUE,3.07999999999993,19.8759998321845,"FS",NA,NA,NA,22,81,8,8,"E2_linear_s_sweep","E__linear_s_sweep_n1800_p1800_sstar20_s40_h09446984",1800,1800,20,40,24,0.5,200,12,20590444,20600444,20900444,2.5,1.5,5,"median_abs_prediction_error","within_1.05_best_then_min_budget"
"TS","linear",0.5,0.5,0.5,200,12,900,900,75,20,150,90,8,7,180900,101,TRUE,40.1199999999999,0.379928542755915,"TS",NA,NA,NA,NA,NA,NA,NA,"E2_linear_s_sweep","E__linear_s_sweep_n1800_p1800_sstar20_s40_h09446984",1800,1800,20,40,25,0.5,200,12,20590445,20600445,20900445,2.5,1.5,5,"median_abs_prediction_error","within_1.05_best_then_min_budget"
"FD","linear",NA,NA,NA,NA,NA,NA,NA,NA,20,NA,NA,NA,NA,NA,101,TRUE,23.3099999999999,1.31657227685217,"FD_budget",101,150,150,NA,NA,NA,NA,"E2_linear_s_sweep","E__linear_s_sweep_n1800_p1800_sstar20_s40_h09446984",1800,1800,20,40,25,0.5,200,12,20590445,20600445,20900445,2.5,1.5,5,"median_abs_prediction_error","within_1.05_best_then_min_budget"
"FS","linear",NA,NA,NA,NA,NA,NA,NA,NA,NA,NA,NA,NA,NA,NA,101,TRUE,2.86000000000013,19.8502804690432,"FS",NA,NA,NA,22,81,8,8,"E2_linear_s_sweep","E__linear_s_sweep_n1800_p1800_sstar20_s40_h09446984",1800,1800,20,40,25,0.5,200,12,20590445,20600445,20900445,2.5,1.5,5,"median_abs_prediction_error","within_1.05_best_then_min_budget"
"TS","linear",0.5,0.5,0.5,200,12,900,900,75,20,150,90,8,7,180900,101,TRUE,38.78,0.913702944756703,"TS",NA,NA,NA,NA,NA,NA,NA,"E2_linear_s_sweep","E__linear_s_sweep_n1800_p1800_sstar20_s40_h09446984",1800,1800,20,40,26,0.5,200,12,20590446,20600446,20900446,2.5,1.5,5,"median_abs_prediction_error","within_1.05_best_then_min_budget"
"FD","linear",NA,NA,NA,NA,NA,NA,NA,NA,20,NA,NA,NA,NA,NA,101,TRUE,23.1300000000001,1.70639126000159,"FD_budget",101,150,150,NA,NA,NA,NA,"E2_linear_s_sweep","E__linear_s_sweep_n1800_p1800_sstar20_s40_h09446984",1800,1800,20,40,26,0.5,200,12,20590446,20600446,20900446,2.5,1.5,5,"median_abs_prediction_error","within_1.05_best_then_min_budget"
"FS","linear",NA,NA,NA,NA,NA,NA,NA,NA,NA,NA,NA,NA,NA,NA,101,TRUE,3,19.4610536860981,"FS",NA,NA,NA,22,81,8,8,"E2_linear_s_sweep","E__linear_s_sweep_n1800_p1800_sstar20_s40_h09446984",1800,1800,20,40,26,0.5,200,12,20590446,20600446,20900446,2.5,1.5,5,"median_abs_prediction_error","within_1.05_best_then_min_budget"
"TS","linear",0.5,0.5,0.5,200,12,900,900,75,20,150,90,8,7,180900,101,TRUE,36.73,0.579647389636912,"TS",NA,NA,NA,NA,NA,NA,NA,"E2_linear_s_sweep","E__linear_s_sweep_n1800_p1800_sstar20_s40_h09446984",1800,1800,20,40,27,0.5,200,12,20590447,20600447,20900447,2.5,1.5,5,"median_abs_prediction_error","within_1.05_best_then_min_budget"
"FD","linear",NA,NA,NA,NA,NA,NA,NA,NA,20,NA,NA,NA,NA,NA,101,TRUE,23.9400000000001,1.57777321693813,"FD_budget",101,150,150,NA,NA,NA,NA,"E2_linear_s_sweep","E__linear_s_sweep_n1800_p1800_sstar20_s40_h09446984",1800,1800,20,40,27,0.5,200,12,20590447,20600447,20900447,2.5,1.5,5,"median_abs_prediction_error","within_1.05_best_then_min_budget"
"FS","linear",NA,NA,NA,NA,NA,NA,NA,NA,NA,NA,NA,NA,NA,NA,101,TRUE,2.94999999999982,20.2518632001198,"FS",NA,NA,NA,22,81,8,8,"E2_linear_s_sweep","E__linear_s_sweep_n1800_p1800_sstar20_s40_h09446984",1800,1800,20,40,27,0.5,200,12,20590447,20600447,20900447,2.5,1.5,5,"median_abs_prediction_error","within_1.05_best_then_min_budget"
"TS","linear",0.5,0.5,0.5,200,12,900,900,75,20,150,90,8,7,180900,101,TRUE,38.72,0.326367035329234,"TS",NA,NA,NA,NA,NA,NA,NA,"E2_linear_s_sweep","E__linear_s_sweep_n1800_p1800_sstar20_s40_h09446984",1800,1800,20,40,28,0.5,200,12,20590448,20600448,20900448,2.5,1.5,5,"median_abs_prediction_error","within_1.05_best_then_min_budget"
"FD","linear",NA,NA,NA,NA,NA,NA,NA,NA,20,NA,NA,NA,NA,NA,101,TRUE,23.3599999999999,1.01485810488307,"FD_budget",101,150,150,NA,NA,NA,NA,"E2_linear_s_sweep","E__linear_s_sweep_n1800_p1800_sstar20_s40_h09446984",1800,1800,20,40,28,0.5,200,12,20590448,20600448,20900448,2.5,1.5,5,"median_abs_prediction_error","within_1.05_best_then_min_budget"
"FS","linear",NA,NA,NA,NA,NA,NA,NA,NA,NA,NA,NA,NA,NA,NA,101,TRUE,2.61000000000013,15.6877900717631,"FS",NA,NA,NA,22,81,8,8,"E2_linear_s_sweep","E__linear_s_sweep_n1800_p1800_sstar20_s40_h09446984",1800,1800,20,40,28,0.5,200,12,20590448,20600448,20900448,2.5,1.5,5,"median_abs_prediction_error","within_1.05_best_then_min_budget"
"TS","linear",0.5,0.5,0.5,200,12,900,900,75,20,150,90,8,7,180900,101,TRUE,38.22,0.941391438823366,"TS",NA,NA,NA,NA,NA,NA,NA,"E2_linear_s_sweep","E__linear_s_sweep_n1800_p1800_sstar20_s40_h09446984",1800,1800,20,40,29,0.5,200,12,20590449,20600449,20900449,2.5,1.5,5,"median_abs_prediction_error","within_1.05_best_then_min_budget"
"FD","linear",NA,NA,NA,NA,NA,NA,NA,NA,20,NA,NA,NA,NA,NA,101,TRUE,23.95,1.9621589178288,"FD_budget",101,150,150,NA,NA,NA,NA,"E2_linear_s_sweep","E__linear_s_sweep_n1800_p1800_sstar20_s40_h09446984",1800,1800,20,40,29,0.5,200,12,20590449,20600449,20900449,2.5,1.5,5,"median_abs_prediction_error","within_1.05_best_then_min_budget"
"FS","linear",NA,NA,NA,NA,NA,NA,NA,NA,NA,NA,NA,NA,NA,NA,101,TRUE,2.92000000000007,19.7806509501897,"FS",NA,NA,NA,22,81,8,8,"E2_linear_s_sweep","E__linear_s_sweep_n1800_p1800_sstar20_s40_h09446984",1800,1800,20,40,29,0.5,200,12,20590449,20600449,20900449,2.5,1.5,5,"median_abs_prediction_error","within_1.05_best_then_min_budget"
"TS","linear",0.5,0.5,0.5,200,12,900,900,75,20,150,90,8,7,180900,101,TRUE,35.9399999999998,0.522459028352183,"TS",NA,NA,NA,NA,NA,NA,NA,"E2_linear_s_sweep","E__linear_s_sweep_n1800_p1800_sstar20_s40_h09446984",1800,1800,20,40,30,0.5,200,12,20590450,20600450,20900450,2.5,1.5,5,"median_abs_prediction_error","within_1.05_best_then_min_budget"
"FD","linear",NA,NA,NA,NA,NA,NA,NA,NA,20,NA,NA,NA,NA,NA,101,TRUE,23.8600000000001,1.50818827101955,"FD_budget",101,150,150,NA,NA,NA,NA,"E2_linear_s_sweep","E__linear_s_sweep_n1800_p1800_sstar20_s40_h09446984",1800,1800,20,40,30,0.5,200,12,20590450,20600450,20900450,2.5,1.5,5,"median_abs_prediction_error","within_1.05_best_then_min_budget"
"FS","linear",NA,NA,NA,NA,NA,NA,NA,NA,NA,NA,NA,NA,NA,NA,101,TRUE,3.0300000000002,18.4825135108764,"FS",NA,NA,NA,22,81,8,8,"E2_linear_s_sweep","E__linear_s_sweep_n1800_p1800_sstar20_s40_h09446984",1800,1800,20,40,30,0.5,200,12,20590450,20600450,20900450,2.5,1.5,5,"median_abs_prediction_error","within_1.05_best_then_min_budget"
"TS","linear",0.5,0.5,0.5,200,12,900,900,75,20,150,90,8,7,180900,101,TRUE,37.4400000000001,0.523504004198203,"TS",NA,NA,NA,NA,NA,NA,NA,"E2_linear_s_sweep","E__linear_s_sweep_n1800_p1800_sstar20_s40_h09446984",1800,1800,20,40,31,0.5,200,12,20590451,20600451,20900451,2.5,1.5,5,"median_abs_prediction_error","within_1.05_best_then_min_budget"
"FD","linear",NA,NA,NA,NA,NA,NA,NA,NA,20,NA,NA,NA,NA,NA,101,TRUE,23.8200000000002,1.33194075460054,"FD_budget",101,150,150,NA,NA,NA,NA,"E2_linear_s_sweep","E__linear_s_sweep_n1800_p1800_sstar20_s40_h09446984",1800,1800,20,40,31,0.5,200,12,20590451,20600451,20900451,2.5,1.5,5,"median_abs_prediction_error","within_1.05_best_then_min_budget"
"FS","linear",NA,NA,NA,NA,NA,NA,NA,NA,NA,NA,NA,NA,NA,NA,101,TRUE,2.86999999999989,18.6140823886591,"FS",NA,NA,NA,22,81,8,8,"E2_linear_s_sweep","E__linear_s_sweep_n1800_p1800_sstar20_s40_h09446984",1800,1800,20,40,31,0.5,200,12,20590451,20600451,20900451,2.5,1.5,5,"median_abs_prediction_error","within_1.05_best_then_min_budget"
"TS","linear",0.5,0.5,0.5,200,12,900,900,75,20,150,90,8,7,180900,101,TRUE,38.27,0.487286566676917,"TS",NA,NA,NA,NA,NA,NA,NA,"E2_linear_s_sweep","E__linear_s_sweep_n1800_p1800_sstar20_s40_h09446984",1800,1800,20,40,32,0.5,200,12,20590452,20600452,20900452,2.5,1.5,5,"median_abs_prediction_error","within_1.05_best_then_min_budget"
"FD","linear",NA,NA,NA,NA,NA,NA,NA,NA,20,NA,NA,NA,NA,NA,101,TRUE,25.2900000000002,1.26027294126383,"FD_budget",101,150,150,NA,NA,NA,NA,"E2_linear_s_sweep","E__linear_s_sweep_n1800_p1800_sstar20_s40_h09446984",1800,1800,20,40,32,0.5,200,12,20590452,20600452,20900452,2.5,1.5,5,"median_abs_prediction_error","within_1.05_best_then_min_budget"
"FS","linear",NA,NA,NA,NA,NA,NA,NA,NA,NA,NA,NA,NA,NA,NA,101,TRUE,3.07999999999993,19.6065675014427,"FS",NA,NA,NA,22,81,8,8,"E2_linear_s_sweep","E__linear_s_sweep_n1800_p1800_sstar20_s40_h09446984",1800,1800,20,40,32,0.5,200,12,20590452,20600452,20900452,2.5,1.5,5,"median_abs_prediction_error","within_1.05_best_then_min_budget"
"TS","linear",0.5,0.5,0.5,200,12,900,900,75,20,150,90,8,7,180900,101,TRUE,36.96,0.700699660718739,"TS",NA,NA,NA,NA,NA,NA,NA,"E2_linear_s_sweep","E__linear_s_sweep_n1800_p1800_sstar20_s40_h09446984",1800,1800,20,40,33,0.5,200,12,20590453,20600453,20900453,2.5,1.5,5,"median_abs_prediction_error","within_1.05_best_then_min_budget"
"FD","linear",NA,NA,NA,NA,NA,NA,NA,NA,20,NA,NA,NA,NA,NA,101,TRUE,24.7699999999998,1.61446193975516,"FD_budget",101,150,150,NA,NA,NA,NA,"E2_linear_s_sweep","E__linear_s_sweep_n1800_p1800_sstar20_s40_h09446984",1800,1800,20,40,33,0.5,200,12,20590453,20600453,20900453,2.5,1.5,5,"median_abs_prediction_error","within_1.05_best_then_min_budget"
"FS","linear",NA,NA,NA,NA,NA,NA,NA,NA,NA,NA,NA,NA,NA,NA,101,TRUE,3.01000000000022,20.5116737434192,"FS",NA,NA,NA,22,81,8,8,"E2_linear_s_sweep","E__linear_s_sweep_n1800_p1800_sstar20_s40_h09446984",1800,1800,20,40,33,0.5,200,12,20590453,20600453,20900453,2.5,1.5,5,"median_abs_prediction_error","within_1.05_best_then_min_budget"
"TS","linear",0.5,0.5,0.5,200,12,900,900,75,20,150,90,8,7,180900,101,TRUE,36.3,0.546427939330904,"TS",NA,NA,NA,NA,NA,NA,NA,"E2_linear_s_sweep","E__linear_s_sweep_n1800_p1800_sstar20_s40_h09446984",1800,1800,20,40,34,0.5,200,12,20590454,20600454,20900454,2.5,1.5,5,"median_abs_prediction_error","within_1.05_best_then_min_budget"
"FD","linear",NA,NA,NA,NA,NA,NA,NA,NA,20,NA,NA,NA,NA,NA,101,TRUE,23.7600000000002,1.36132651350244,"FD_budget",101,150,150,NA,NA,NA,NA,"E2_linear_s_sweep","E__linear_s_sweep_n1800_p1800_sstar20_s40_h09446984",1800,1800,20,40,34,0.5,200,12,20590454,20600454,20900454,2.5,1.5,5,"median_abs_prediction_error","within_1.05_best_then_min_budget"
"FS","linear",NA,NA,NA,NA,NA,NA,NA,NA,NA,NA,NA,NA,NA,NA,101,TRUE,2.90999999999985,18.5346117679864,"FS",NA,NA,NA,22,81,8,8,"E2_linear_s_sweep","E__linear_s_sweep_n1800_p1800_sstar20_s40_h09446984",1800,1800,20,40,34,0.5,200,12,20590454,20600454,20900454,2.5,1.5,5,"median_abs_prediction_error","within_1.05_best_then_min_budget"
"TS","linear",0.5,0.5,0.5,200,12,900,900,75,20,150,90,8,7,180900,101,TRUE,37.3500000000001,0.518430079254038,"TS",NA,NA,NA,NA,NA,NA,NA,"E2_linear_s_sweep","E__linear_s_sweep_n1800_p1800_sstar20_s40_h09446984",1800,1800,20,40,35,0.5,200,12,20590455,20600455,20900455,2.5,1.5,5,"median_abs_prediction_error","within_1.05_best_then_min_budget"
"FD","linear",NA,NA,NA,NA,NA,NA,NA,NA,20,NA,NA,NA,NA,NA,101,TRUE,25.5600000000002,1.65060596366631,"FD_budget",101,150,150,NA,NA,NA,NA,"E2_linear_s_sweep","E__linear_s_sweep_n1800_p1800_sstar20_s40_h09446984",1800,1800,20,40,35,0.5,200,12,20590455,20600455,20900455,2.5,1.5,5,"median_abs_prediction_error","within_1.05_best_then_min_budget"
"FS","linear",NA,NA,NA,NA,NA,NA,NA,NA,NA,NA,NA,NA,NA,NA,101,TRUE,3.08999999999969,16.095681304342,"FS",NA,NA,NA,22,81,8,8,"E2_linear_s_sweep","E__linear_s_sweep_n1800_p1800_sstar20_s40_h09446984",1800,1800,20,40,35,0.5,200,12,20590455,20600455,20900455,2.5,1.5,5,"median_abs_prediction_error","within_1.05_best_then_min_budget"
"TS","linear",0.5,0.5,0.5,200,12,900,900,75,20,150,90,8,7,180900,101,TRUE,36.3399999999999,0.640005814583385,"TS",NA,NA,NA,NA,NA,NA,NA,"E2_linear_s_sweep","E__linear_s_sweep_n1800_p1800_sstar20_s40_h09446984",1800,1800,20,40,36,0.5,200,12,20590456,20600456,20900456,2.5,1.5,5,"median_abs_prediction_error","within_1.05_best_then_min_budget"
"FD","linear",NA,NA,NA,NA,NA,NA,NA,NA,20,NA,NA,NA,NA,NA,101,TRUE,23.8400000000001,1.42125787711636,"FD_budget",101,150,150,NA,NA,NA,NA,"E2_linear_s_sweep","E__linear_s_sweep_n1800_p1800_sstar20_s40_h09446984",1800,1800,20,40,36,0.5,200,12,20590456,20600456,20900456,2.5,1.5,5,"median_abs_prediction_error","within_1.05_best_then_min_budget"
"FS","linear",NA,NA,NA,NA,NA,NA,NA,NA,NA,NA,NA,NA,NA,NA,101,TRUE,2.80000000000018,20.5394391563591,"FS",NA,NA,NA,22,81,8,8,"E2_linear_s_sweep","E__linear_s_sweep_n1800_p1800_sstar20_s40_h09446984",1800,1800,20,40,36,0.5,200,12,20590456,20600456,20900456,2.5,1.5,5,"median_abs_prediction_error","within_1.05_best_then_min_budget"
"TS","linear",0.5,0.5,0.5,200,12,900,900,75,20,150,90,8,7,180900,101,TRUE,36.6199999999999,0.482456116019855,"TS",NA,NA,NA,NA,NA,NA,NA,"E2_linear_s_sweep","E__linear_s_sweep_n1800_p1800_sstar20_s40_h09446984",1800,1800,20,40,37,0.5,200,12,20590457,20600457,20900457,2.5,1.5,5,"median_abs_prediction_error","within_1.05_best_then_min_budget"
"FD","linear",NA,NA,NA,NA,NA,NA,NA,NA,20,NA,NA,NA,NA,NA,101,TRUE,25.9400000000001,1.60338809550119,"FD_budget",101,150,150,NA,NA,NA,NA,"E2_linear_s_sweep","E__linear_s_sweep_n1800_p1800_sstar20_s40_h09446984",1800,1800,20,40,37,0.5,200,12,20590457,20600457,20900457,2.5,1.5,5,"median_abs_prediction_error","within_1.05_best_then_min_budget"
"FS","linear",NA,NA,NA,NA,NA,NA,NA,NA,NA,NA,NA,NA,NA,NA,101,TRUE,3.15000000000009,18.1753453823347,"FS",NA,NA,NA,22,81,8,8,"E2_linear_s_sweep","E__linear_s_sweep_n1800_p1800_sstar20_s40_h09446984",1800,1800,20,40,37,0.5,200,12,20590457,20600457,20900457,2.5,1.5,5,"median_abs_prediction_error","within_1.05_best_then_min_budget"
"TS","linear",0.5,0.5,0.5,200,12,900,900,75,20,150,90,8,7,180900,101,TRUE,36.54,0.513930297473665,"TS",NA,NA,NA,NA,NA,NA,NA,"E2_linear_s_sweep","E__linear_s_sweep_n1800_p1800_sstar20_s40_h09446984",1800,1800,20,40,38,0.5,200,12,20590458,20600458,20900458,2.5,1.5,5,"median_abs_prediction_error","within_1.05_best_then_min_budget"
"FD","linear",NA,NA,NA,NA,NA,NA,NA,NA,20,NA,NA,NA,NA,NA,101,TRUE,24.1999999999998,1.53124648406487,"FD_budget",101,150,150,NA,NA,NA,NA,"E2_linear_s_sweep","E__linear_s_sweep_n1800_p1800_sstar20_s40_h09446984",1800,1800,20,40,38,0.5,200,12,20590458,20600458,20900458,2.5,1.5,5,"median_abs_prediction_error","within_1.05_best_then_min_budget"
"FS","linear",NA,NA,NA,NA,NA,NA,NA,NA,NA,NA,NA,NA,NA,NA,101,TRUE,3.0300000000002,20.2745962206644,"FS",NA,NA,NA,22,81,8,8,"E2_linear_s_sweep","E__linear_s_sweep_n1800_p1800_sstar20_s40_h09446984",1800,1800,20,40,38,0.5,200,12,20590458,20600458,20900458,2.5,1.5,5,"median_abs_prediction_error","within_1.05_best_then_min_budget"
"TS","linear",0.5,0.5,0.5,200,12,900,900,75,20,150,90,8,7,180900,101,TRUE,35.4200000000001,0.577337573022241,"TS",NA,NA,NA,NA,NA,NA,NA,"E2_linear_s_sweep","E__linear_s_sweep_n1800_p1800_sstar20_s40_h09446984",1800,1800,20,40,39,0.5,200,12,20590459,20600459,20900459,2.5,1.5,5,"median_abs_prediction_error","within_1.05_best_then_min_budget"
"FD","linear",NA,NA,NA,NA,NA,NA,NA,NA,20,NA,NA,NA,NA,NA,101,TRUE,24.5599999999999,1.56032176649401,"FD_budget",101,150,150,NA,NA,NA,NA,"E2_linear_s_sweep","E__linear_s_sweep_n1800_p1800_sstar20_s40_h09446984",1800,1800,20,40,39,0.5,200,12,20590459,20600459,20900459,2.5,1.5,5,"median_abs_prediction_error","within_1.05_best_then_min_budget"
"FS","linear",NA,NA,NA,NA,NA,NA,NA,NA,NA,NA,NA,NA,NA,NA,101,TRUE,3.09999999999991,17.4399726399994,"FS",NA,NA,NA,22,81,8,8,"E2_linear_s_sweep","E__linear_s_sweep_n1800_p1800_sstar20_s40_h09446984",1800,1800,20,40,39,0.5,200,12,20590459,20600459,20900459,2.5,1.5,5,"median_abs_prediction_error","within_1.05_best_then_min_budget"
"TS","linear",0.5,0.5,0.5,200,12,900,900,75,20,150,90,8,7,180900,101,TRUE,37.6099999999999,0.450445804858551,"TS",NA,NA,NA,NA,NA,NA,NA,"E2_linear_s_sweep","E__linear_s_sweep_n1800_p1800_sstar20_s40_h09446984",1800,1800,20,40,40,0.5,200,12,20590460,20600460,20900460,2.5,1.5,5,"median_abs_prediction_error","within_1.05_best_then_min_budget"
"FD","linear",NA,NA,NA,NA,NA,NA,NA,NA,20,NA,NA,NA,NA,NA,101,TRUE,25.4200000000001,1.92796046448845,"FD_budget",101,150,150,NA,NA,NA,NA,"E2_linear_s_sweep","E__linear_s_sweep_n1800_p1800_sstar20_s40_h09446984",1800,1800,20,40,40,0.5,200,12,20590460,20600460,20900460,2.5,1.5,5,"median_abs_prediction_error","within_1.05_best_then_min_budget"
"FS","linear",NA,NA,NA,NA,NA,NA,NA,NA,NA,NA,NA,NA,NA,NA,101,TRUE,3.09000000000015,19.2408680419953,"FS",NA,NA,NA,22,81,8,8,"E2_linear_s_sweep","E__linear_s_sweep_n1800_p1800_sstar20_s40_h09446984",1800,1800,20,40,40,0.5,200,12,20590460,20600460,20900460,2.5,1.5,5,"median_abs_prediction_error","within_1.05_best_then_min_budget"
"TS","linear",0.5,0.5,0.5,200,12,900,900,75,20,150,90,8,7,180900,101,TRUE,36.25,0.551497369088878,"TS",NA,NA,NA,NA,NA,NA,NA,"E2_linear_s_sweep","E__linear_s_sweep_n1800_p1800_sstar20_s40_h09446984",1800,1800,20,40,41,0.5,200,12,20590461,20600461,20900461,2.5,1.5,5,"median_abs_prediction_error","within_1.05_best_then_min_budget"
"FD","linear",NA,NA,NA,NA,NA,NA,NA,NA,20,NA,NA,NA,NA,NA,101,TRUE,25.5599999999999,1.31409231705066,"FD_budget",101,150,150,NA,NA,NA,NA,"E2_linear_s_sweep","E__linear_s_sweep_n1800_p1800_sstar20_s40_h09446984",1800,1800,20,40,41,0.5,200,12,20590461,20600461,20900461,2.5,1.5,5,"median_abs_prediction_error","within_1.05_best_then_min_budget"
"FS","linear",NA,NA,NA,NA,NA,NA,NA,NA,NA,NA,NA,NA,NA,NA,101,TRUE,3.44000000000005,19.5598207565846,"FS",NA,NA,NA,22,81,8,8,"E2_linear_s_sweep","E__linear_s_sweep_n1800_p1800_sstar20_s40_h09446984",1800,1800,20,40,41,0.5,200,12,20590461,20600461,20900461,2.5,1.5,5,"median_abs_prediction_error","within_1.05_best_then_min_budget"
"TS","linear",0.5,0.5,0.5,200,12,900,900,75,20,150,90,8,7,180900,101,TRUE,36.3100000000002,1.31952115833521,"TS",NA,NA,NA,NA,NA,NA,NA,"E2_linear_s_sweep","E__linear_s_sweep_n1800_p1800_sstar20_s40_h09446984",1800,1800,20,40,42,0.5,200,12,20590462,20600462,20900462,2.5,1.5,5,"median_abs_prediction_error","within_1.05_best_then_min_budget"
"FD","linear",NA,NA,NA,NA,NA,NA,NA,NA,20,NA,NA,NA,NA,NA,101,TRUE,24.8400000000001,1.66343567374915,"FD_budget",101,150,150,NA,NA,NA,NA,"E2_linear_s_sweep","E__linear_s_sweep_n1800_p1800_sstar20_s40_h09446984",1800,1800,20,40,42,0.5,200,12,20590462,20600462,20900462,2.5,1.5,5,"median_abs_prediction_error","within_1.05_best_then_min_budget"
"FS","linear",NA,NA,NA,NA,NA,NA,NA,NA,NA,NA,NA,NA,NA,NA,101,TRUE,3,18.0821819212886,"FS",NA,NA,NA,22,81,8,8,"E2_linear_s_sweep","E__linear_s_sweep_n1800_p1800_sstar20_s40_h09446984",1800,1800,20,40,42,0.5,200,12,20590462,20600462,20900462,2.5,1.5,5,"median_abs_prediction_error","within_1.05_best_then_min_budget"
"TS","linear",0.5,0.5,0.5,200,12,900,900,75,20,150,90,8,7,180900,101,TRUE,37.8599999999999,0.456137174164693,"TS",NA,NA,NA,NA,NA,NA,NA,"E2_linear_s_sweep","E__linear_s_sweep_n1800_p1800_sstar20_s40_h09446984",1800,1800,20,40,43,0.5,200,12,20590463,20600463,20900463,2.5,1.5,5,"median_abs_prediction_error","within_1.05_best_then_min_budget"
"FD","linear",NA,NA,NA,NA,NA,NA,NA,NA,20,NA,NA,NA,NA,NA,101,TRUE,26,1.13537713006197,"FD_budget",101,150,150,NA,NA,NA,NA,"E2_linear_s_sweep","E__linear_s_sweep_n1800_p1800_sstar20_s40_h09446984",1800,1800,20,40,43,0.5,200,12,20590463,20600463,20900463,2.5,1.5,5,"median_abs_prediction_error","within_1.05_best_then_min_budget"
"FS","linear",NA,NA,NA,NA,NA,NA,NA,NA,NA,NA,NA,NA,NA,NA,101,TRUE,3.17000000000007,21.4045828774351,"FS",NA,NA,NA,22,81,8,8,"E2_linear_s_sweep","E__linear_s_sweep_n1800_p1800_sstar20_s40_h09446984",1800,1800,20,40,43,0.5,200,12,20590463,20600463,20900463,2.5,1.5,5,"median_abs_prediction_error","within_1.05_best_then_min_budget"
"TS","linear",0.5,0.5,0.5,200,12,900,900,75,20,150,90,8,7,180900,101,TRUE,36.8499999999999,0.586398318543155,"TS",NA,NA,NA,NA,NA,NA,NA,"E2_linear_s_sweep","E__linear_s_sweep_n1800_p1800_sstar20_s40_h09446984",1800,1800,20,40,44,0.5,200,12,20590464,20600464,20900464,2.5,1.5,5,"median_abs_prediction_error","within_1.05_best_then_min_budget"
"FD","linear",NA,NA,NA,NA,NA,NA,NA,NA,20,NA,NA,NA,NA,NA,101,TRUE,26.5999999999999,1.62924713298423,"FD_budget",101,150,150,NA,NA,NA,NA,"E2_linear_s_sweep","E__linear_s_sweep_n1800_p1800_sstar20_s40_h09446984",1800,1800,20,40,44,0.5,200,12,20590464,20600464,20900464,2.5,1.5,5,"median_abs_prediction_error","within_1.05_best_then_min_budget"
"FS","linear",NA,NA,NA,NA,NA,NA,NA,NA,NA,NA,NA,NA,NA,NA,101,TRUE,3.23000000000002,19.7067344113814,"FS",NA,NA,NA,22,81,8,8,"E2_linear_s_sweep","E__linear_s_sweep_n1800_p1800_sstar20_s40_h09446984",1800,1800,20,40,44,0.5,200,12,20590464,20600464,20900464,2.5,1.5,5,"median_abs_prediction_error","within_1.05_best_then_min_budget"
"TS","linear",0.5,0.5,0.5,200,12,900,900,75,20,150,90,8,7,180900,101,TRUE,37.1400000000003,0.947696307472292,"TS",NA,NA,NA,NA,NA,NA,NA,"E2_linear_s_sweep","E__linear_s_sweep_n1800_p1800_sstar20_s40_h09446984",1800,1800,20,40,45,0.5,200,12,20590465,20600465,20900465,2.5,1.5,5,"median_abs_prediction_error","within_1.05_best_then_min_budget"
"FD","linear",NA,NA,NA,NA,NA,NA,NA,NA,20,NA,NA,NA,NA,NA,101,TRUE,25.3799999999997,1.16982847015229,"FD_budget",101,150,150,NA,NA,NA,NA,"E2_linear_s_sweep","E__linear_s_sweep_n1800_p1800_sstar20_s40_h09446984",1800,1800,20,40,45,0.5,200,12,20590465,20600465,20900465,2.5,1.5,5,"median_abs_prediction_error","within_1.05_best_then_min_budget"
"FS","linear",NA,NA,NA,NA,NA,NA,NA,NA,NA,NA,NA,NA,NA,NA,101,TRUE,2.73000000000002,19.1813308801896,"FS",NA,NA,NA,22,81,8,8,"E2_linear_s_sweep","E__linear_s_sweep_n1800_p1800_sstar20_s40_h09446984",1800,1800,20,40,45,0.5,200,12,20590465,20600465,20900465,2.5,1.5,5,"median_abs_prediction_error","within_1.05_best_then_min_budget"
"TS","linear",0.5,0.5,0.5,200,12,900,900,75,20,150,90,8,7,180900,101,TRUE,37.3799999999999,0.489341474573354,"TS",NA,NA,NA,NA,NA,NA,NA,"E2_linear_s_sweep","E__linear_s_sweep_n1800_p1800_sstar20_s40_h09446984",1800,1800,20,40,46,0.5,200,12,20590466,20600466,20900466,2.5,1.5,5,"median_abs_prediction_error","within_1.05_best_then_min_budget"
"FD","linear",NA,NA,NA,NA,NA,NA,NA,NA,20,NA,NA,NA,NA,NA,101,TRUE,25.9899999999998,1.01992417902299,"FD_budget",101,150,150,NA,NA,NA,NA,"E2_linear_s_sweep","E__linear_s_sweep_n1800_p1800_sstar20_s40_h09446984",1800,1800,20,40,46,0.5,200,12,20590466,20600466,20900466,2.5,1.5,5,"median_abs_prediction_error","within_1.05_best_then_min_budget"
"FS","linear",NA,NA,NA,NA,NA,NA,NA,NA,NA,NA,NA,NA,NA,NA,101,TRUE,3.55000000000018,20.7567354010353,"FS",NA,NA,NA,22,81,8,8,"E2_linear_s_sweep","E__linear_s_sweep_n1800_p1800_sstar20_s40_h09446984",1800,1800,20,40,46,0.5,200,12,20590466,20600466,20900466,2.5,1.5,5,"median_abs_prediction_error","within_1.05_best_then_min_budget"
"TS","linear",0.5,0.5,0.5,200,12,900,900,75,20,150,90,8,7,180900,101,TRUE,37.8400000000001,0.685593230316401,"TS",NA,NA,NA,NA,NA,NA,NA,"E2_linear_s_sweep","E__linear_s_sweep_n1800_p1800_sstar20_s40_h09446984",1800,1800,20,40,47,0.5,200,12,20590467,20600467,20900467,2.5,1.5,5,"median_abs_prediction_error","within_1.05_best_then_min_budget"
"FD","linear",NA,NA,NA,NA,NA,NA,NA,NA,20,NA,NA,NA,NA,NA,101,TRUE,26.4100000000003,1.43191336675476,"FD_budget",101,150,150,NA,NA,NA,NA,"E2_linear_s_sweep","E__linear_s_sweep_n1800_p1800_sstar20_s40_h09446984",1800,1800,20,40,47,0.5,200,12,20590467,20600467,20900467,2.5,1.5,5,"median_abs_prediction_error","within_1.05_best_then_min_budget"
"FS","linear",NA,NA,NA,NA,NA,NA,NA,NA,NA,NA,NA,NA,NA,NA,101,TRUE,3.32999999999993,19.8585562555975,"FS",NA,NA,NA,22,81,8,8,"E2_linear_s_sweep","E__linear_s_sweep_n1800_p1800_sstar20_s40_h09446984",1800,1800,20,40,47,0.5,200,12,20590467,20600467,20900467,2.5,1.5,5,"median_abs_prediction_error","within_1.05_best_then_min_budget"
"TS","linear",0.5,0.5,0.5,200,12,900,900,75,20,150,90,8,7,180900,101,TRUE,37.3399999999999,0.43002302132888,"TS",NA,NA,NA,NA,NA,NA,NA,"E2_linear_s_sweep","E__linear_s_sweep_n1800_p1800_sstar20_s40_h09446984",1800,1800,20,40,48,0.5,200,12,20590468,20600468,20900468,2.5,1.5,5,"median_abs_prediction_error","within_1.05_best_then_min_budget"
"FD","linear",NA,NA,NA,NA,NA,NA,NA,NA,20,NA,NA,NA,NA,NA,101,TRUE,25.5,1.48660182128275,"FD_budget",101,150,150,NA,NA,NA,NA,"E2_linear_s_sweep","E__linear_s_sweep_n1800_p1800_sstar20_s40_h09446984",1800,1800,20,40,48,0.5,200,12,20590468,20600468,20900468,2.5,1.5,5,"median_abs_prediction_error","within_1.05_best_then_min_budget"
"FS","linear",NA,NA,NA,NA,NA,NA,NA,NA,NA,NA,NA,NA,NA,NA,101,TRUE,2.76000000000022,17.7175789884007,"FS",NA,NA,NA,22,81,8,8,"E2_linear_s_sweep","E__linear_s_sweep_n1800_p1800_sstar20_s40_h09446984",1800,1800,20,40,48,0.5,200,12,20590468,20600468,20900468,2.5,1.5,5,"median_abs_prediction_error","within_1.05_best_then_min_budget"
"TS","linear",0.5,0.5,0.5,200,12,900,900,75,20,150,90,8,7,180900,101,TRUE,44.75,0.755332698836142,"TS",NA,NA,NA,NA,NA,NA,NA,"E2_linear_s_sweep","E__linear_s_sweep_n1800_p1800_sstar20_s40_h09446984",1800,1800,20,40,49,0.5,200,12,20590469,20600469,20900469,2.5,1.5,5,"median_abs_prediction_error","within_1.05_best_then_min_budget"
"FD","linear",NA,NA,NA,NA,NA,NA,NA,NA,20,NA,NA,NA,NA,NA,101,TRUE,23.6500000000001,1.52108932814187,"FD_budget",101,150,150,NA,NA,NA,NA,"E2_linear_s_sweep","E__linear_s_sweep_n1800_p1800_sstar20_s40_h09446984",1800,1800,20,40,49,0.5,200,12,20590469,20600469,20900469,2.5,1.5,5,"median_abs_prediction_error","within_1.05_best_then_min_budget"
"FS","linear",NA,NA,NA,NA,NA,NA,NA,NA,NA,NA,NA,NA,NA,NA,101,TRUE,2.61999999999989,18.1460742358724,"FS",NA,NA,NA,22,81,8,8,"E2_linear_s_sweep","E__linear_s_sweep_n1800_p1800_sstar20_s40_h09446984",1800,1800,20,40,49,0.5,200,12,20590469,20600469,20900469,2.5,1.5,5,"median_abs_prediction_error","within_1.05_best_then_min_budget"
"TS","linear",0.5,0.5,0.5,200,12,900,900,75,20,150,90,8,7,180900,101,TRUE,44.1600000000003,0.529388680678662,"TS",NA,NA,NA,NA,NA,NA,NA,"E2_linear_s_sweep","E__linear_s_sweep_n1800_p1800_sstar20_s40_h09446984",1800,1800,20,40,50,0.5,200,12,20590470,20600470,20900470,2.5,1.5,5,"median_abs_prediction_error","within_1.05_best_then_min_budget"
"FD","linear",NA,NA,NA,NA,NA,NA,NA,NA,20,NA,NA,NA,NA,NA,101,TRUE,23.1399999999999,1.51030400015856,"FD_budget",101,150,150,NA,NA,NA,NA,"E2_linear_s_sweep","E__linear_s_sweep_n1800_p1800_sstar20_s40_h09446984",1800,1800,20,40,50,0.5,200,12,20590470,20600470,20900470,2.5,1.5,5,"median_abs_prediction_error","within_1.05_best_then_min_budget"
"FS","linear",NA,NA,NA,NA,NA,NA,NA,NA,NA,NA,NA,NA,NA,NA,101,TRUE,2.67000000000007,17.0400125782732,"FS",NA,NA,NA,22,81,8,8,"E2_linear_s_sweep","E__linear_s_sweep_n1800_p1800_sstar20_s40_h09446984",1800,1800,20,40,50,0.5,200,12,20590470,20600470,20900470,2.5,1.5,5,"median_abs_prediction_error","within_1.05_best_then_min_budget"
"TS","linear",0.5,0.5,0.5,200,12,900,900,75,20,150,90,8,7,180900,101,TRUE,43.6900000000001,0.686058510918398,"TS",NA,NA,NA,NA,NA,NA,NA,"E2_linear_s_sweep","E__linear_s_sweep_n1800_p1800_sstar20_s40_h09446984",1800,1800,20,40,51,0.5,200,12,20590471,20600471,20900471,2.5,1.5,5,"median_abs_prediction_error","within_1.05_best_then_min_budget"
"FD","linear",NA,NA,NA,NA,NA,NA,NA,NA,20,NA,NA,NA,NA,NA,101,TRUE,24.73,1.62502991359954,"FD_budget",101,150,150,NA,NA,NA,NA,"E2_linear_s_sweep","E__linear_s_sweep_n1800_p1800_sstar20_s40_h09446984",1800,1800,20,40,51,0.5,200,12,20590471,20600471,20900471,2.5,1.5,5,"median_abs_prediction_error","within_1.05_best_then_min_budget"
"FS","linear",NA,NA,NA,NA,NA,NA,NA,NA,NA,NA,NA,NA,NA,NA,101,TRUE,3.06999999999971,19.8494068901137,"FS",NA,NA,NA,22,81,8,8,"E2_linear_s_sweep","E__linear_s_sweep_n1800_p1800_sstar20_s40_h09446984",1800,1800,20,40,51,0.5,200,12,20590471,20600471,20900471,2.5,1.5,5,"median_abs_prediction_error","within_1.05_best_then_min_budget"
"TS","linear",0.5,0.5,0.5,200,12,900,900,75,20,150,90,8,7,180900,101,TRUE,41.21,0.797377705780851,"TS",NA,NA,NA,NA,NA,NA,NA,"E2_linear_s_sweep","E__linear_s_sweep_n1800_p1800_sstar20_s40_h09446984",1800,1800,20,40,52,0.5,200,12,20590472,20600472,20900472,2.5,1.5,5,"median_abs_prediction_error","within_1.05_best_then_min_budget"
"FD","linear",NA,NA,NA,NA,NA,NA,NA,NA,20,NA,NA,NA,NA,NA,101,TRUE,22.54,1.32862807484939,"FD_budget",101,150,150,NA,NA,NA,NA,"E2_linear_s_sweep","E__linear_s_sweep_n1800_p1800_sstar20_s40_h09446984",1800,1800,20,40,52,0.5,200,12,20590472,20600472,20900472,2.5,1.5,5,"median_abs_prediction_error","within_1.05_best_then_min_budget"
"FS","linear",NA,NA,NA,NA,NA,NA,NA,NA,NA,NA,NA,NA,NA,NA,101,TRUE,2.79999999999973,19.0017614159822,"FS",NA,NA,NA,22,81,8,8,"E2_linear_s_sweep","E__linear_s_sweep_n1800_p1800_sstar20_s40_h09446984",1800,1800,20,40,52,0.5,200,12,20590472,20600472,20900472,2.5,1.5,5,"median_abs_prediction_error","within_1.05_best_then_min_budget"
"TS","linear",0.5,0.5,0.5,200,12,900,900,75,20,150,90,8,7,180900,101,TRUE,42.48,0.478479141636764,"TS",NA,NA,NA,NA,NA,NA,NA,"E2_linear_s_sweep","E__linear_s_sweep_n1800_p1800_sstar20_s40_h09446984",1800,1800,20,40,53,0.5,200,12,20590473,20600473,20900473,2.5,1.5,5,"median_abs_prediction_error","within_1.05_best_then_min_budget"
"FD","linear",NA,NA,NA,NA,NA,NA,NA,NA,20,NA,NA,NA,NA,NA,101,TRUE,22.3499999999999,1.29490736210656,"FD_budget",101,150,150,NA,NA,NA,NA,"E2_linear_s_sweep","E__linear_s_sweep_n1800_p1800_sstar20_s40_h09446984",1800,1800,20,40,53,0.5,200,12,20590473,20600473,20900473,2.5,1.5,5,"median_abs_prediction_error","within_1.05_best_then_min_budget"
"FS","linear",NA,NA,NA,NA,NA,NA,NA,NA,NA,NA,NA,NA,NA,NA,101,TRUE,2.73000000000002,17.5931463238659,"FS",NA,NA,NA,22,81,8,8,"E2_linear_s_sweep","E__linear_s_sweep_n1800_p1800_sstar20_s40_h09446984",1800,1800,20,40,53,0.5,200,12,20590473,20600473,20900473,2.5,1.5,5,"median_abs_prediction_error","within_1.05_best_then_min_budget"
"TS","linear",0.5,0.5,0.5,200,12,900,900,75,20,150,90,8,7,180900,101,TRUE,42.6400000000003,0.552167170666569,"TS",NA,NA,NA,NA,NA,NA,NA,"E2_linear_s_sweep","E__linear_s_sweep_n1800_p1800_sstar20_s40_h09446984",1800,1800,20,40,54,0.5,200,12,20590474,20600474,20900474,2.5,1.5,5,"median_abs_prediction_error","within_1.05_best_then_min_budget"
"FD","linear",NA,NA,NA,NA,NA,NA,NA,NA,20,NA,NA,NA,NA,NA,101,TRUE,22.1299999999997,1.01054928042437,"FD_budget",101,150,150,NA,NA,NA,NA,"E2_linear_s_sweep","E__linear_s_sweep_n1800_p1800_sstar20_s40_h09446984",1800,1800,20,40,54,0.5,200,12,20590474,20600474,20900474,2.5,1.5,5,"median_abs_prediction_error","within_1.05_best_then_min_budget"
"FS","linear",NA,NA,NA,NA,NA,NA,NA,NA,NA,NA,NA,NA,NA,NA,101,TRUE,2.80999999999995,20.1865518222886,"FS",NA,NA,NA,22,81,8,8,"E2_linear_s_sweep","E__linear_s_sweep_n1800_p1800_sstar20_s40_h09446984",1800,1800,20,40,54,0.5,200,12,20590474,20600474,20900474,2.5,1.5,5,"median_abs_prediction_error","within_1.05_best_then_min_budget"
"TS","linear",0.5,0.5,0.5,200,12,900,900,75,20,150,90,8,7,180900,101,TRUE,42.6299999999997,0.655805049488342,"TS",NA,NA,NA,NA,NA,NA,NA,"E2_linear_s_sweep","E__linear_s_sweep_n1800_p1800_sstar20_s40_h09446984",1800,1800,20,40,55,0.5,200,12,20590475,20600475,20900475,2.5,1.5,5,"median_abs_prediction_error","within_1.05_best_then_min_budget"
"FD","linear",NA,NA,NA,NA,NA,NA,NA,NA,20,NA,NA,NA,NA,NA,101,TRUE,23.9700000000003,2.35799158980972,"FD_budget",101,150,150,NA,NA,NA,NA,"E2_linear_s_sweep","E__linear_s_sweep_n1800_p1800_sstar20_s40_h09446984",1800,1800,20,40,55,0.5,200,12,20590475,20600475,20900475,2.5,1.5,5,"median_abs_prediction_error","within_1.05_best_then_min_budget"
"FS","linear",NA,NA,NA,NA,NA,NA,NA,NA,NA,NA,NA,NA,NA,NA,101,TRUE,2.86000000000013,18.7014003207543,"FS",NA,NA,NA,22,81,8,8,"E2_linear_s_sweep","E__linear_s_sweep_n1800_p1800_sstar20_s40_h09446984",1800,1800,20,40,55,0.5,200,12,20590475,20600475,20900475,2.5,1.5,5,"median_abs_prediction_error","within_1.05_best_then_min_budget"
"TS","linear",0.5,0.5,0.5,200,12,900,900,75,20,150,90,8,7,180900,101,TRUE,38.6399999999999,0.468892350245412,"TS",NA,NA,NA,NA,NA,NA,NA,"E2_linear_s_sweep","E__linear_s_sweep_n1800_p1800_sstar20_s40_h09446984",1800,1800,20,40,56,0.5,200,12,20590476,20600476,20900476,2.5,1.5,5,"median_abs_prediction_error","within_1.05_best_then_min_budget"
"FD","linear",NA,NA,NA,NA,NA,NA,NA,NA,20,NA,NA,NA,NA,NA,101,TRUE,22.75,2.00036876292737,"FD_budget",101,150,150,NA,NA,NA,NA,"E2_linear_s_sweep","E__linear_s_sweep_n1800_p1800_sstar20_s40_h09446984",1800,1800,20,40,56,0.5,200,12,20590476,20600476,20900476,2.5,1.5,5,"median_abs_prediction_error","within_1.05_best_then_min_budget"
"FS","linear",NA,NA,NA,NA,NA,NA,NA,NA,NA,NA,NA,NA,NA,NA,101,TRUE,3.0300000000002,18.8710196423131,"FS",NA,NA,NA,22,81,8,8,"E2_linear_s_sweep","E__linear_s_sweep_n1800_p1800_sstar20_s40_h09446984",1800,1800,20,40,56,0.5,200,12,20590476,20600476,20900476,2.5,1.5,5,"median_abs_prediction_error","within_1.05_best_then_min_budget"
"TS","linear",0.5,0.5,0.5,200,12,900,900,75,20,150,90,8,7,180900,101,TRUE,37.0599999999999,0.864034496962725,"TS",NA,NA,NA,NA,NA,NA,NA,"E2_linear_s_sweep","E__linear_s_sweep_n1800_p1800_sstar20_s40_h09446984",1800,1800,20,40,57,0.5,200,12,20590477,20600477,20900477,2.5,1.5,5,"median_abs_prediction_error","within_1.05_best_then_min_budget"
"FD","linear",NA,NA,NA,NA,NA,NA,NA,NA,20,NA,NA,NA,NA,NA,101,TRUE,22.8699999999999,1.70016472191007,"FD_budget",101,150,150,NA,NA,NA,NA,"E2_linear_s_sweep","E__linear_s_sweep_n1800_p1800_sstar20_s40_h09446984",1800,1800,20,40,57,0.5,200,12,20590477,20600477,20900477,2.5,1.5,5,"median_abs_prediction_error","within_1.05_best_then_min_budget"
"FS","linear",NA,NA,NA,NA,NA,NA,NA,NA,NA,NA,NA,NA,NA,NA,101,TRUE,3.14000000000033,20.8963457954819,"FS",NA,NA,NA,22,81,8,8,"E2_linear_s_sweep","E__linear_s_sweep_n1800_p1800_sstar20_s40_h09446984",1800,1800,20,40,57,0.5,200,12,20590477,20600477,20900477,2.5,1.5,5,"median_abs_prediction_error","within_1.05_best_then_min_budget"
"TS","linear",0.5,0.5,0.5,200,12,900,900,75,20,150,90,8,7,180900,101,TRUE,37.8299999999999,0.867743920754188,"TS",NA,NA,NA,NA,NA,NA,NA,"E2_linear_s_sweep","E__linear_s_sweep_n1800_p1800_sstar20_s40_h09446984",1800,1800,20,40,58,0.5,200,12,20590478,20600478,20900478,2.5,1.5,5,"median_abs_prediction_error","within_1.05_best_then_min_budget"
"FD","linear",NA,NA,NA,NA,NA,NA,NA,NA,20,NA,NA,NA,NA,NA,101,TRUE,22.8000000000002,1.31842380788312,"FD_budget",101,150,150,NA,NA,NA,NA,"E2_linear_s_sweep","E__linear_s_sweep_n1800_p1800_sstar20_s40_h09446984",1800,1800,20,40,58,0.5,200,12,20590478,20600478,20900478,2.5,1.5,5,"median_abs_prediction_error","within_1.05_best_then_min_budget"
"FS","linear",NA,NA,NA,NA,NA,NA,NA,NA,NA,NA,NA,NA,NA,NA,101,TRUE,2.81999999999971,19.6778284837401,"FS",NA,NA,NA,22,81,8,8,"E2_linear_s_sweep","E__linear_s_sweep_n1800_p1800_sstar20_s40_h09446984",1800,1800,20,40,58,0.5,200,12,20590478,20600478,20900478,2.5,1.5,5,"median_abs_prediction_error","within_1.05_best_then_min_budget"
"TS","linear",0.5,0.5,0.5,200,12,900,900,75,20,150,90,8,7,180900,101,TRUE,37.8599999999997,0.858937771690478,"TS",NA,NA,NA,NA,NA,NA,NA,"E2_linear_s_sweep","E__linear_s_sweep_n1800_p1800_sstar20_s40_h09446984",1800,1800,20,40,59,0.5,200,12,20590479,20600479,20900479,2.5,1.5,5,"median_abs_prediction_error","within_1.05_best_then_min_budget"
"FD","linear",NA,NA,NA,NA,NA,NA,NA,NA,20,NA,NA,NA,NA,NA,101,TRUE,23.3300000000004,1.43244221501101,"FD_budget",101,150,150,NA,NA,NA,NA,"E2_linear_s_sweep","E__linear_s_sweep_n1800_p1800_sstar20_s40_h09446984",1800,1800,20,40,59,0.5,200,12,20590479,20600479,20900479,2.5,1.5,5,"median_abs_prediction_error","within_1.05_best_then_min_budget"
"FS","linear",NA,NA,NA,NA,NA,NA,NA,NA,NA,NA,NA,NA,NA,NA,101,TRUE,2.75,20.620632256701,"FS",NA,NA,NA,22,81,8,8,"E2_linear_s_sweep","E__linear_s_sweep_n1800_p1800_sstar20_s40_h09446984",1800,1800,20,40,59,0.5,200,12,20590479,20600479,20900479,2.5,1.5,5,"median_abs_prediction_error","within_1.05_best_then_min_budget"
"TS","linear",0.5,0.5,0.5,200,12,900,900,75,20,150,90,8,7,180900,101,TRUE,37.75,0.49576950111752,"TS",NA,NA,NA,NA,NA,NA,NA,"E2_linear_s_sweep","E__linear_s_sweep_n1800_p1800_sstar20_s40_h09446984",1800,1800,20,40,60,0.5,200,12,20590480,20600480,20900480,2.5,1.5,5,"median_abs_prediction_error","within_1.05_best_then_min_budget"
"FD","linear",NA,NA,NA,NA,NA,NA,NA,NA,20,NA,NA,NA,NA,NA,101,TRUE,24.2199999999998,1.50152459844633,"FD_budget",101,150,150,NA,NA,NA,NA,"E2_linear_s_sweep","E__linear_s_sweep_n1800_p1800_sstar20_s40_h09446984",1800,1800,20,40,60,0.5,200,12,20590480,20600480,20900480,2.5,1.5,5,"median_abs_prediction_error","within_1.05_best_then_min_budget"
"FS","linear",NA,NA,NA,NA,NA,NA,NA,NA,NA,NA,NA,NA,NA,NA,101,TRUE,3.11000000000013,21.0563781546191,"FS",NA,NA,NA,22,81,8,8,"E2_linear_s_sweep","E__linear_s_sweep_n1800_p1800_sstar20_s40_h09446984",1800,1800,20,40,60,0.5,200,12,20590480,20600480,20900480,2.5,1.5,5,"median_abs_prediction_error","within_1.05_best_then_min_budget"
"TS","linear",0.5,0.5,0.5,200,12,900,900,75,20,150,90,8,7,180900,101,TRUE,36.9200000000001,0.462160127509048,"TS",NA,NA,NA,NA,NA,NA,NA,"E2_linear_s_sweep","E__linear_s_sweep_n1800_p1800_sstar20_s40_h09446984",1800,1800,20,40,61,0.5,200,12,20590481,20600481,20900481,2.5,1.5,5,"median_abs_prediction_error","within_1.05_best_then_min_budget"
"FD","linear",NA,NA,NA,NA,NA,NA,NA,NA,20,NA,NA,NA,NA,NA,101,TRUE,23.1599999999999,1.29889563396446,"FD_budget",101,150,150,NA,NA,NA,NA,"E2_linear_s_sweep","E__linear_s_sweep_n1800_p1800_sstar20_s40_h09446984",1800,1800,20,40,61,0.5,200,12,20590481,20600481,20900481,2.5,1.5,5,"median_abs_prediction_error","within_1.05_best_then_min_budget"
"FS","linear",NA,NA,NA,NA,NA,NA,NA,NA,NA,NA,NA,NA,NA,NA,101,TRUE,2.84999999999991,18.8278467570598,"FS",NA,NA,NA,22,81,8,8,"E2_linear_s_sweep","E__linear_s_sweep_n1800_p1800_sstar20_s40_h09446984",1800,1800,20,40,61,0.5,200,12,20590481,20600481,20900481,2.5,1.5,5,"median_abs_prediction_error","within_1.05_best_then_min_budget"
"TS","linear",0.5,0.5,0.5,200,12,900,900,75,20,150,90,8,7,180900,101,TRUE,36.75,0.450506590317711,"TS",NA,NA,NA,NA,NA,NA,NA,"E2_linear_s_sweep","E__linear_s_sweep_n1800_p1800_sstar20_s40_h09446984",1800,1800,20,40,62,0.5,200,12,20590482,20600482,20900482,2.5,1.5,5,"median_abs_prediction_error","within_1.05_best_then_min_budget"
"FD","linear",NA,NA,NA,NA,NA,NA,NA,NA,20,NA,NA,NA,NA,NA,101,TRUE,22.9700000000003,1.39305085907641,"FD_budget",101,150,150,NA,NA,NA,NA,"E2_linear_s_sweep","E__linear_s_sweep_n1800_p1800_sstar20_s40_h09446984",1800,1800,20,40,62,0.5,200,12,20590482,20600482,20900482,2.5,1.5,5,"median_abs_prediction_error","within_1.05_best_then_min_budget"
"FS","linear",NA,NA,NA,NA,NA,NA,NA,NA,NA,NA,NA,NA,NA,NA,101,TRUE,3.29999999999973,20.2343378071725,"FS",NA,NA,NA,22,81,8,8,"E2_linear_s_sweep","E__linear_s_sweep_n1800_p1800_sstar20_s40_h09446984",1800,1800,20,40,62,0.5,200,12,20590482,20600482,20900482,2.5,1.5,5,"median_abs_prediction_error","within_1.05_best_then_min_budget"
"TS","linear",0.5,0.5,0.5,200,12,900,900,75,20,150,90,8,7,180900,101,TRUE,37.0100000000002,0.515339192443105,"TS",NA,NA,NA,NA,NA,NA,NA,"E2_linear_s_sweep","E__linear_s_sweep_n1800_p1800_sstar20_s40_h09446984",1800,1800,20,40,63,0.5,200,12,20590483,20600483,20900483,2.5,1.5,5,"median_abs_prediction_error","within_1.05_best_then_min_budget"
"FD","linear",NA,NA,NA,NA,NA,NA,NA,NA,20,NA,NA,NA,NA,NA,101,TRUE,24.7399999999998,1.46834048148742,"FD_budget",101,150,150,NA,NA,NA,NA,"E2_linear_s_sweep","E__linear_s_sweep_n1800_p1800_sstar20_s40_h09446984",1800,1800,20,40,63,0.5,200,12,20590483,20600483,20900483,2.5,1.5,5,"median_abs_prediction_error","within_1.05_best_then_min_budget"
"FS","linear",NA,NA,NA,NA,NA,NA,NA,NA,NA,NA,NA,NA,NA,NA,101,TRUE,2.82000000000016,21.6137226369633,"FS",NA,NA,NA,22,81,8,8,"E2_linear_s_sweep","E__linear_s_sweep_n1800_p1800_sstar20_s40_h09446984",1800,1800,20,40,63,0.5,200,12,20590483,20600483,20900483,2.5,1.5,5,"median_abs_prediction_error","within_1.05_best_then_min_budget"
"TS","linear",0.5,0.5,0.5,200,12,900,900,75,20,150,90,8,7,180900,101,TRUE,37.1999999999998,0.338991050092144,"TS",NA,NA,NA,NA,NA,NA,NA,"E2_linear_s_sweep","E__linear_s_sweep_n1800_p1800_sstar20_s40_h09446984",1800,1800,20,40,64,0.5,200,12,20590484,20600484,20900484,2.5,1.5,5,"median_abs_prediction_error","within_1.05_best_then_min_budget"
"FD","linear",NA,NA,NA,NA,NA,NA,NA,NA,20,NA,NA,NA,NA,NA,101,TRUE,23.6999999999998,1.66901108364224,"FD_budget",101,150,150,NA,NA,NA,NA,"E2_linear_s_sweep","E__linear_s_sweep_n1800_p1800_sstar20_s40_h09446984",1800,1800,20,40,64,0.5,200,12,20590484,20600484,20900484,2.5,1.5,5,"median_abs_prediction_error","within_1.05_best_then_min_budget"
"FS","linear",NA,NA,NA,NA,NA,NA,NA,NA,NA,NA,NA,NA,NA,NA,101,TRUE,2.7800000000002,16.5325464245165,"FS",NA,NA,NA,22,81,8,8,"E2_linear_s_sweep","E__linear_s_sweep_n1800_p1800_sstar20_s40_h09446984",1800,1800,20,40,64,0.5,200,12,20590484,20600484,20900484,2.5,1.5,5,"median_abs_prediction_error","within_1.05_best_then_min_budget"
"TS","linear",0.5,0.5,0.5,200,12,900,900,75,20,150,90,8,7,180900,101,TRUE,37.1700000000001,0.614245687456253,"TS",NA,NA,NA,NA,NA,NA,NA,"E2_linear_s_sweep","E__linear_s_sweep_n1800_p1800_sstar20_s40_h09446984",1800,1800,20,40,65,0.5,200,12,20590485,20600485,20900485,2.5,1.5,5,"median_abs_prediction_error","within_1.05_best_then_min_budget"
"FD","linear",NA,NA,NA,NA,NA,NA,NA,NA,20,NA,NA,NA,NA,NA,101,TRUE,24.73,1.62061747216806,"FD_budget",101,150,150,NA,NA,NA,NA,"E2_linear_s_sweep","E__linear_s_sweep_n1800_p1800_sstar20_s40_h09446984",1800,1800,20,40,65,0.5,200,12,20590485,20600485,20900485,2.5,1.5,5,"median_abs_prediction_error","within_1.05_best_then_min_budget"
"FS","linear",NA,NA,NA,NA,NA,NA,NA,NA,NA,NA,NA,NA,NA,NA,101,TRUE,2.96000000000004,21.494815228541,"FS",NA,NA,NA,22,81,8,8,"E2_linear_s_sweep","E__linear_s_sweep_n1800_p1800_sstar20_s40_h09446984",1800,1800,20,40,65,0.5,200,12,20590485,20600485,20900485,2.5,1.5,5,"median_abs_prediction_error","within_1.05_best_then_min_budget"
"TS","linear",0.5,0.5,0.5,200,12,900,900,75,20,150,90,8,7,180900,101,TRUE,36.4400000000001,0.602386587102722,"TS",NA,NA,NA,NA,NA,NA,NA,"E2_linear_s_sweep","E__linear_s_sweep_n1800_p1800_sstar20_s40_h09446984",1800,1800,20,40,66,0.5,200,12,20590486,20600486,20900486,2.5,1.5,5,"median_abs_prediction_error","within_1.05_best_then_min_budget"
"FD","linear",NA,NA,NA,NA,NA,NA,NA,NA,20,NA,NA,NA,NA,NA,101,TRUE,24.1399999999999,1.52680689896486,"FD_budget",101,150,150,NA,NA,NA,NA,"E2_linear_s_sweep","E__linear_s_sweep_n1800_p1800_sstar20_s40_h09446984",1800,1800,20,40,66,0.5,200,12,20590486,20600486,20900486,2.5,1.5,5,"median_abs_prediction_error","within_1.05_best_then_min_budget"
"FS","linear",NA,NA,NA,NA,NA,NA,NA,NA,NA,NA,NA,NA,NA,NA,101,TRUE,2.92000000000007,18.1935549336635,"FS",NA,NA,NA,22,81,8,8,"E2_linear_s_sweep","E__linear_s_sweep_n1800_p1800_sstar20_s40_h09446984",1800,1800,20,40,66,0.5,200,12,20590486,20600486,20900486,2.5,1.5,5,"median_abs_prediction_error","within_1.05_best_then_min_budget"
"TS","linear",0.5,0.5,0.5,200,12,900,900,75,20,150,90,8,7,180900,101,TRUE,37.1100000000001,0.473856735279305,"TS",NA,NA,NA,NA,NA,NA,NA,"E2_linear_s_sweep","E__linear_s_sweep_n1800_p1800_sstar20_s40_h09446984",1800,1800,20,40,67,0.5,200,12,20590487,20600487,20900487,2.5,1.5,5,"median_abs_prediction_error","within_1.05_best_then_min_budget"
"FD","linear",NA,NA,NA,NA,NA,NA,NA,NA,20,NA,NA,NA,NA,NA,101,TRUE,25.5899999999997,1.29603278544502,"FD_budget",101,150,150,NA,NA,NA,NA,"E2_linear_s_sweep","E__linear_s_sweep_n1800_p1800_sstar20_s40_h09446984",1800,1800,20,40,67,0.5,200,12,20590487,20600487,20900487,2.5,1.5,5,"median_abs_prediction_error","within_1.05_best_then_min_budget"
"FS","linear",NA,NA,NA,NA,NA,NA,NA,NA,NA,NA,NA,NA,NA,NA,101,TRUE,3.23999999999978,19.2050236621521,"FS",NA,NA,NA,22,81,8,8,"E2_linear_s_sweep","E__linear_s_sweep_n1800_p1800_sstar20_s40_h09446984",1800,1800,20,40,67,0.5,200,12,20590487,20600487,20900487,2.5,1.5,5,"median_abs_prediction_error","within_1.05_best_then_min_budget"
"TS","linear",0.5,0.5,0.5,200,12,900,900,75,20,150,90,8,7,180900,101,TRUE,36.02,0.511535593592821,"TS",NA,NA,NA,NA,NA,NA,NA,"E2_linear_s_sweep","E__linear_s_sweep_n1800_p1800_sstar20_s40_h09446984",1800,1800,20,40,68,0.5,200,12,20590488,20600488,20900488,2.5,1.5,5,"median_abs_prediction_error","within_1.05_best_then_min_budget"
"FD","linear",NA,NA,NA,NA,NA,NA,NA,NA,20,NA,NA,NA,NA,NA,101,TRUE,24.5299999999997,2.53580063540214,"FD_budget",101,150,150,NA,NA,NA,NA,"E2_linear_s_sweep","E__linear_s_sweep_n1800_p1800_sstar20_s40_h09446984",1800,1800,20,40,68,0.5,200,12,20590488,20600488,20900488,2.5,1.5,5,"median_abs_prediction_error","within_1.05_best_then_min_budget"
"FS","linear",NA,NA,NA,NA,NA,NA,NA,NA,NA,NA,NA,NA,NA,NA,101,TRUE,3.01000000000022,17.5675381805999,"FS",NA,NA,NA,22,81,8,8,"E2_linear_s_sweep","E__linear_s_sweep_n1800_p1800_sstar20_s40_h09446984",1800,1800,20,40,68,0.5,200,12,20590488,20600488,20900488,2.5,1.5,5,"median_abs_prediction_error","within_1.05_best_then_min_budget"
"TS","linear",0.5,0.5,0.5,200,12,900,900,75,20,150,90,8,7,180900,101,TRUE,37.02,0.54992930631808,"TS",NA,NA,NA,NA,NA,NA,NA,"E2_linear_s_sweep","E__linear_s_sweep_n1800_p1800_sstar20_s40_h09446984",1800,1800,20,40,69,0.5,200,12,20590489,20600489,20900489,2.5,1.5,5,"median_abs_prediction_error","within_1.05_best_then_min_budget"
"FD","linear",NA,NA,NA,NA,NA,NA,NA,NA,20,NA,NA,NA,NA,NA,101,TRUE,23.48,1.71412233038382,"FD_budget",101,150,150,NA,NA,NA,NA,"E2_linear_s_sweep","E__linear_s_sweep_n1800_p1800_sstar20_s40_h09446984",1800,1800,20,40,69,0.5,200,12,20590489,20600489,20900489,2.5,1.5,5,"median_abs_prediction_error","within_1.05_best_then_min_budget"
"FS","linear",NA,NA,NA,NA,NA,NA,NA,NA,NA,NA,NA,NA,NA,NA,101,TRUE,3.32999999999993,18.8985213540947,"FS",NA,NA,NA,22,81,8,8,"E2_linear_s_sweep","E__linear_s_sweep_n1800_p1800_sstar20_s40_h09446984",1800,1800,20,40,69,0.5,200,12,20590489,20600489,20900489,2.5,1.5,5,"median_abs_prediction_error","within_1.05_best_then_min_budget"
"TS","linear",0.5,0.5,0.5,200,12,900,900,75,20,150,90,8,7,180900,101,TRUE,36.5099999999998,0.668090559993632,"TS",NA,NA,NA,NA,NA,NA,NA,"E2_linear_s_sweep","E__linear_s_sweep_n1800_p1800_sstar20_s40_h09446984",1800,1800,20,40,70,0.5,200,12,20590490,20600490,20900490,2.5,1.5,5,"median_abs_prediction_error","within_1.05_best_then_min_budget"
"FD","linear",NA,NA,NA,NA,NA,NA,NA,NA,20,NA,NA,NA,NA,NA,101,TRUE,24.6700000000001,1.64141918926405,"FD_budget",101,150,150,NA,NA,NA,NA,"E2_linear_s_sweep","E__linear_s_sweep_n1800_p1800_sstar20_s40_h09446984",1800,1800,20,40,70,0.5,200,12,20590490,20600490,20900490,2.5,1.5,5,"median_abs_prediction_error","within_1.05_best_then_min_budget"
"FS","linear",NA,NA,NA,NA,NA,NA,NA,NA,NA,NA,NA,NA,NA,NA,101,TRUE,3.07999999999993,18.151877825776,"FS",NA,NA,NA,22,81,8,8,"E2_linear_s_sweep","E__linear_s_sweep_n1800_p1800_sstar20_s40_h09446984",1800,1800,20,40,70,0.5,200,12,20590490,20600490,20900490,2.5,1.5,5,"median_abs_prediction_error","within_1.05_best_then_min_budget"
"TS","linear",0.5,0.5,0.5,200,12,900,900,75,20,150,90,8,7,180900,101,TRUE,37.2000000000003,0.734665581599376,"TS",NA,NA,NA,NA,NA,NA,NA,"E2_linear_s_sweep","E__linear_s_sweep_n1800_p1800_sstar20_s40_h09446984",1800,1800,20,40,71,0.5,200,12,20590491,20600491,20900491,2.5,1.5,5,"median_abs_prediction_error","within_1.05_best_then_min_budget"
"FD","linear",NA,NA,NA,NA,NA,NA,NA,NA,20,NA,NA,NA,NA,NA,101,TRUE,24.1099999999997,1.30660651889076,"FD_budget",101,150,150,NA,NA,NA,NA,"E2_linear_s_sweep","E__linear_s_sweep_n1800_p1800_sstar20_s40_h09446984",1800,1800,20,40,71,0.5,200,12,20590491,20600491,20900491,2.5,1.5,5,"median_abs_prediction_error","within_1.05_best_then_min_budget"
"FS","linear",NA,NA,NA,NA,NA,NA,NA,NA,NA,NA,NA,NA,NA,NA,101,TRUE,3,23.9834410172613,"FS",NA,NA,NA,22,81,8,8,"E2_linear_s_sweep","E__linear_s_sweep_n1800_p1800_sstar20_s40_h09446984",1800,1800,20,40,71,0.5,200,12,20590491,20600491,20900491,2.5,1.5,5,"median_abs_prediction_error","within_1.05_best_then_min_budget"
"TS","linear",0.5,0.5,0.5,200,12,900,900,75,20,150,90,8,7,180900,101,TRUE,36.9299999999998,0.506755696575435,"TS",NA,NA,NA,NA,NA,NA,NA,"E2_linear_s_sweep","E__linear_s_sweep_n1800_p1800_sstar20_s40_h09446984",1800,1800,20,40,72,0.5,200,12,20590492,20600492,20900492,2.5,1.5,5,"median_abs_prediction_error","within_1.05_best_then_min_budget"
"FD","linear",NA,NA,NA,NA,NA,NA,NA,NA,20,NA,NA,NA,NA,NA,101,TRUE,23.6100000000001,1.45995139511865,"FD_budget",101,150,150,NA,NA,NA,NA,"E2_linear_s_sweep","E__linear_s_sweep_n1800_p1800_sstar20_s40_h09446984",1800,1800,20,40,72,0.5,200,12,20590492,20600492,20900492,2.5,1.5,5,"median_abs_prediction_error","within_1.05_best_then_min_budget"
"FS","linear",NA,NA,NA,NA,NA,NA,NA,NA,NA,NA,NA,NA,NA,NA,101,TRUE,3.28999999999996,17.1891867834248,"FS",NA,NA,NA,22,81,8,8,"E2_linear_s_sweep","E__linear_s_sweep_n1800_p1800_sstar20_s40_h09446984",1800,1800,20,40,72,0.5,200,12,20590492,20600492,20900492,2.5,1.5,5,"median_abs_prediction_error","within_1.05_best_then_min_budget"
"TS","linear",0.5,0.5,0.5,200,12,900,900,75,20,150,90,8,7,180900,101,TRUE,37.0299999999997,0.730710455243843,"TS",NA,NA,NA,NA,NA,NA,NA,"E2_linear_s_sweep","E__linear_s_sweep_n1800_p1800_sstar20_s40_h09446984",1800,1800,20,40,73,0.5,200,12,20590493,20600493,20900493,2.5,1.5,5,"median_abs_prediction_error","within_1.05_best_then_min_budget"
"FD","linear",NA,NA,NA,NA,NA,NA,NA,NA,20,NA,NA,NA,NA,NA,101,TRUE,24.7800000000002,1.66177276395902,"FD_budget",101,150,150,NA,NA,NA,NA,"E2_linear_s_sweep","E__linear_s_sweep_n1800_p1800_sstar20_s40_h09446984",1800,1800,20,40,73,0.5,200,12,20590493,20600493,20900493,2.5,1.5,5,"median_abs_prediction_error","within_1.05_best_then_min_budget"
"FS","linear",NA,NA,NA,NA,NA,NA,NA,NA,NA,NA,NA,NA,NA,NA,101,TRUE,3.32000000000016,18.135783877307,"FS",NA,NA,NA,22,81,8,8,"E2_linear_s_sweep","E__linear_s_sweep_n1800_p1800_sstar20_s40_h09446984",1800,1800,20,40,73,0.5,200,12,20590493,20600493,20900493,2.5,1.5,5,"median_abs_prediction_error","within_1.05_best_then_min_budget"
"TS","linear",0.5,0.5,0.5,200,12,900,900,75,20,150,90,8,7,180900,101,TRUE,35.79,0.906044162450399,"TS",NA,NA,NA,NA,NA,NA,NA,"E2_linear_s_sweep","E__linear_s_sweep_n1800_p1800_sstar20_s40_h09446984",1800,1800,20,40,74,0.5,200,12,20590494,20600494,20900494,2.5,1.5,5,"median_abs_prediction_error","within_1.05_best_then_min_budget"
"FD","linear",NA,NA,NA,NA,NA,NA,NA,NA,20,NA,NA,NA,NA,NA,101,TRUE,25.27,1.50299586755476,"FD_budget",101,150,150,NA,NA,NA,NA,"E2_linear_s_sweep","E__linear_s_sweep_n1800_p1800_sstar20_s40_h09446984",1800,1800,20,40,74,0.5,200,12,20590494,20600494,20900494,2.5,1.5,5,"median_abs_prediction_error","within_1.05_best_then_min_budget"
"FS","linear",NA,NA,NA,NA,NA,NA,NA,NA,NA,NA,NA,NA,NA,NA,101,TRUE,3.28999999999996,21.0526378845742,"FS",NA,NA,NA,22,81,8,8,"E2_linear_s_sweep","E__linear_s_sweep_n1800_p1800_sstar20_s40_h09446984",1800,1800,20,40,74,0.5,200,12,20590494,20600494,20900494,2.5,1.5,5,"median_abs_prediction_error","within_1.05_best_then_min_budget"
"TS","linear",0.5,0.5,0.5,200,12,900,900,75,20,150,90,8,7,180900,101,TRUE,37.1700000000001,0.831875919630584,"TS",NA,NA,NA,NA,NA,NA,NA,"E2_linear_s_sweep","E__linear_s_sweep_n1800_p1800_sstar20_s40_h09446984",1800,1800,20,40,75,0.5,200,12,20590495,20600495,20900495,2.5,1.5,5,"median_abs_prediction_error","within_1.05_best_then_min_budget"
"FD","linear",NA,NA,NA,NA,NA,NA,NA,NA,20,NA,NA,NA,NA,NA,101,TRUE,25.3700000000003,1.92311331309456,"FD_budget",101,150,150,NA,NA,NA,NA,"E2_linear_s_sweep","E__linear_s_sweep_n1800_p1800_sstar20_s40_h09446984",1800,1800,20,40,75,0.5,200,12,20590495,20600495,20900495,2.5,1.5,5,"median_abs_prediction_error","within_1.05_best_then_min_budget"
"FS","linear",NA,NA,NA,NA,NA,NA,NA,NA,NA,NA,NA,NA,NA,NA,101,TRUE,3.04999999999973,18.6812386973031,"FS",NA,NA,NA,22,81,8,8,"E2_linear_s_sweep","E__linear_s_sweep_n1800_p1800_sstar20_s40_h09446984",1800,1800,20,40,75,0.5,200,12,20590495,20600495,20900495,2.5,1.5,5,"median_abs_prediction_error","within_1.05_best_then_min_budget"
"TS","linear",0.5,0.5,0.5,200,12,900,900,75,20,150,90,8,7,180900,101,TRUE,36.8299999999999,0.541959215466924,"TS",NA,NA,NA,NA,NA,NA,NA,"E2_linear_s_sweep","E__linear_s_sweep_n1800_p1800_sstar20_s40_h09446984",1800,1800,20,40,76,0.5,200,12,20590496,20600496,20900496,2.5,1.5,5,"median_abs_prediction_error","within_1.05_best_then_min_budget"
"FD","linear",NA,NA,NA,NA,NA,NA,NA,NA,20,NA,NA,NA,NA,NA,101,TRUE,26.9200000000001,1.1269043678927,"FD_budget",101,150,150,NA,NA,NA,NA,"E2_linear_s_sweep","E__linear_s_sweep_n1800_p1800_sstar20_s40_h09446984",1800,1800,20,40,76,0.5,200,12,20590496,20600496,20900496,2.5,1.5,5,"median_abs_prediction_error","within_1.05_best_then_min_budget"
"FS","linear",NA,NA,NA,NA,NA,NA,NA,NA,NA,NA,NA,NA,NA,NA,101,TRUE,3.19000000000005,17.6884987520429,"FS",NA,NA,NA,22,81,8,8,"E2_linear_s_sweep","E__linear_s_sweep_n1800_p1800_sstar20_s40_h09446984",1800,1800,20,40,76,0.5,200,12,20590496,20600496,20900496,2.5,1.5,5,"median_abs_prediction_error","within_1.05_best_then_min_budget"
"TS","linear",0.5,0.5,0.5,200,12,900,900,75,20,150,90,8,7,180900,101,TRUE,37.8000000000002,0.628411995222605,"TS",NA,NA,NA,NA,NA,NA,NA,"E2_linear_s_sweep","E__linear_s_sweep_n1800_p1800_sstar20_s40_h09446984",1800,1800,20,40,77,0.5,200,12,20590497,20600497,20900497,2.5,1.5,5,"median_abs_prediction_error","within_1.05_best_then_min_budget"
"FD","linear",NA,NA,NA,NA,NA,NA,NA,NA,20,NA,NA,NA,NA,NA,101,TRUE,25.4699999999998,1.54896706235817,"FD_budget",101,150,150,NA,NA,NA,NA,"E2_linear_s_sweep","E__linear_s_sweep_n1800_p1800_sstar20_s40_h09446984",1800,1800,20,40,77,0.5,200,12,20590497,20600497,20900497,2.5,1.5,5,"median_abs_prediction_error","within_1.05_best_then_min_budget"
"FS","linear",NA,NA,NA,NA,NA,NA,NA,NA,NA,NA,NA,NA,NA,NA,101,TRUE,3.10999999999967,20.0813410926854,"FS",NA,NA,NA,22,81,8,8,"E2_linear_s_sweep","E__linear_s_sweep_n1800_p1800_sstar20_s40_h09446984",1800,1800,20,40,77,0.5,200,12,20590497,20600497,20900497,2.5,1.5,5,"median_abs_prediction_error","within_1.05_best_then_min_budget"
"TS","linear",0.5,0.5,0.5,200,12,900,900,75,20,150,90,8,7,180900,101,TRUE,37.6900000000001,0.432600814873191,"TS",NA,NA,NA,NA,NA,NA,NA,"E2_linear_s_sweep","E__linear_s_sweep_n1800_p1800_sstar20_s40_h09446984",1800,1800,20,40,78,0.5,200,12,20590498,20600498,20900498,2.5,1.5,5,"median_abs_prediction_error","within_1.05_best_then_min_budget"
"FD","linear",NA,NA,NA,NA,NA,NA,NA,NA,20,NA,NA,NA,NA,NA,101,TRUE,25.29,1.46846887747862,"FD_budget",101,150,150,NA,NA,NA,NA,"E2_linear_s_sweep","E__linear_s_sweep_n1800_p1800_sstar20_s40_h09446984",1800,1800,20,40,78,0.5,200,12,20590498,20600498,20900498,2.5,1.5,5,"median_abs_prediction_error","within_1.05_best_then_min_budget"
"FS","linear",NA,NA,NA,NA,NA,NA,NA,NA,NA,NA,NA,NA,NA,NA,101,TRUE,3.25,20.6068203287384,"FS",NA,NA,NA,22,81,8,8,"E2_linear_s_sweep","E__linear_s_sweep_n1800_p1800_sstar20_s40_h09446984",1800,1800,20,40,78,0.5,200,12,20590498,20600498,20900498,2.5,1.5,5,"median_abs_prediction_error","within_1.05_best_then_min_budget"
"TS","linear",0.5,0.5,0.5,200,12,900,900,75,20,150,90,8,7,180900,101,TRUE,38.0500000000002,0.473595537424021,"TS",NA,NA,NA,NA,NA,NA,NA,"E2_linear_s_sweep","E__linear_s_sweep_n1800_p1800_sstar20_s40_h09446984",1800,1800,20,40,79,0.5,200,12,20590499,20600499,20900499,2.5,1.5,5,"median_abs_prediction_error","within_1.05_best_then_min_budget"
"FD","linear",NA,NA,NA,NA,NA,NA,NA,NA,20,NA,NA,NA,NA,NA,101,TRUE,26.3699999999999,1.44654462871724,"FD_budget",101,150,150,NA,NA,NA,NA,"E2_linear_s_sweep","E__linear_s_sweep_n1800_p1800_sstar20_s40_h09446984",1800,1800,20,40,79,0.5,200,12,20590499,20600499,20900499,2.5,1.5,5,"median_abs_prediction_error","within_1.05_best_then_min_budget"
"FS","linear",NA,NA,NA,NA,NA,NA,NA,NA,NA,NA,NA,NA,NA,NA,101,TRUE,3.32999999999993,20.8895875608526,"FS",NA,NA,NA,22,81,8,8,"E2_linear_s_sweep","E__linear_s_sweep_n1800_p1800_sstar20_s40_h09446984",1800,1800,20,40,79,0.5,200,12,20590499,20600499,20900499,2.5,1.5,5,"median_abs_prediction_error","within_1.05_best_then_min_budget"
"TS","linear",0.5,0.5,0.5,200,12,900,900,75,20,150,90,8,7,180900,101,TRUE,43.1100000000001,0.748596484193059,"TS",NA,NA,NA,NA,NA,NA,NA,"E2_linear_s_sweep","E__linear_s_sweep_n1800_p1800_sstar20_s40_h09446984",1800,1800,20,40,80,0.5,200,12,20590500,20600500,20900500,2.5,1.5,5,"median_abs_prediction_error","within_1.05_best_then_min_budget"
"FD","linear",NA,NA,NA,NA,NA,NA,NA,NA,20,NA,NA,NA,NA,NA,101,TRUE,24.75,1.7457964416186,"FD_budget",101,150,150,NA,NA,NA,NA,"E2_linear_s_sweep","E__linear_s_sweep_n1800_p1800_sstar20_s40_h09446984",1800,1800,20,40,80,0.5,200,12,20590500,20600500,20900500,2.5,1.5,5,"median_abs_prediction_error","within_1.05_best_then_min_budget"
"FS","linear",NA,NA,NA,NA,NA,NA,NA,NA,NA,NA,NA,NA,NA,NA,101,TRUE,2.84000000000015,18.5813879680499,"FS",NA,NA,NA,22,81,8,8,"E2_linear_s_sweep","E__linear_s_sweep_n1800_p1800_sstar20_s40_h09446984",1800,1800,20,40,80,0.5,200,12,20590500,20600500,20900500,2.5,1.5,5,"median_abs_prediction_error","within_1.05_best_then_min_budget"
"TS","linear",0.5,0.5,0.5,200,12,900,900,75,20,150,90,8,7,180900,101,TRUE,41.0700000000002,0.593484154807803,"TS",NA,NA,NA,NA,NA,NA,NA,"E2_linear_s_sweep","E__linear_s_sweep_n1800_p1800_sstar20_s40_h09446984",1800,1800,20,40,81,0.5,200,12,20590501,20600501,20900501,2.5,1.5,5,"median_abs_prediction_error","within_1.05_best_then_min_budget"
"FD","linear",NA,NA,NA,NA,NA,NA,NA,NA,20,NA,NA,NA,NA,NA,101,TRUE,24.2400000000002,1.71759982556782,"FD_budget",101,150,150,NA,NA,NA,NA,"E2_linear_s_sweep","E__linear_s_sweep_n1800_p1800_sstar20_s40_h09446984",1800,1800,20,40,81,0.5,200,12,20590501,20600501,20900501,2.5,1.5,5,"median_abs_prediction_error","within_1.05_best_then_min_budget"
"FS","linear",NA,NA,NA,NA,NA,NA,NA,NA,NA,NA,NA,NA,NA,NA,101,TRUE,2.77999999999975,18.578730358837,"FS",NA,NA,NA,22,81,8,8,"E2_linear_s_sweep","E__linear_s_sweep_n1800_p1800_sstar20_s40_h09446984",1800,1800,20,40,81,0.5,200,12,20590501,20600501,20900501,2.5,1.5,5,"median_abs_prediction_error","within_1.05_best_then_min_budget"
"TS","linear",0.5,0.5,0.5,200,12,900,900,75,20,150,90,8,7,180900,101,TRUE,42.1100000000001,0.595003224226914,"TS",NA,NA,NA,NA,NA,NA,NA,"E2_linear_s_sweep","E__linear_s_sweep_n1800_p1800_sstar20_s40_h09446984",1800,1800,20,40,82,0.5,200,12,20590502,20600502,20900502,2.5,1.5,5,"median_abs_prediction_error","within_1.05_best_then_min_budget"
"FD","linear",NA,NA,NA,NA,NA,NA,NA,NA,20,NA,NA,NA,NA,NA,101,TRUE,24.7000000000003,2.59588939544693,"FD_budget",101,150,150,NA,NA,NA,NA,"E2_linear_s_sweep","E__linear_s_sweep_n1800_p1800_sstar20_s40_h09446984",1800,1800,20,40,82,0.5,200,12,20590502,20600502,20900502,2.5,1.5,5,"median_abs_prediction_error","within_1.05_best_then_min_budget"
"FS","linear",NA,NA,NA,NA,NA,NA,NA,NA,NA,NA,NA,NA,NA,NA,101,TRUE,2.94999999999982,19.1499369985234,"FS",NA,NA,NA,22,81,8,8,"E2_linear_s_sweep","E__linear_s_sweep_n1800_p1800_sstar20_s40_h09446984",1800,1800,20,40,82,0.5,200,12,20590502,20600502,20900502,2.5,1.5,5,"median_abs_prediction_error","within_1.05_best_then_min_budget"
"TS","linear",0.5,0.5,0.5,200,12,900,900,75,20,150,90,8,7,180900,101,TRUE,42.1399999999999,0.372277857545737,"TS",NA,NA,NA,NA,NA,NA,NA,"E2_linear_s_sweep","E__linear_s_sweep_n1800_p1800_sstar20_s40_h09446984",1800,1800,20,40,83,0.5,200,12,20590503,20600503,20900503,2.5,1.5,5,"median_abs_prediction_error","within_1.05_best_then_min_budget"
"FD","linear",NA,NA,NA,NA,NA,NA,NA,NA,20,NA,NA,NA,NA,NA,101,TRUE,23.25,1.18195291394775,"FD_budget",101,150,150,NA,NA,NA,NA,"E2_linear_s_sweep","E__linear_s_sweep_n1800_p1800_sstar20_s40_h09446984",1800,1800,20,40,83,0.5,200,12,20590503,20600503,20900503,2.5,1.5,5,"median_abs_prediction_error","within_1.05_best_then_min_budget"
"FS","linear",NA,NA,NA,NA,NA,NA,NA,NA,NA,NA,NA,NA,NA,NA,101,TRUE,3.01000000000022,22.1251162636556,"FS",NA,NA,NA,22,81,8,8,"E2_linear_s_sweep","E__linear_s_sweep_n1800_p1800_sstar20_s40_h09446984",1800,1800,20,40,83,0.5,200,12,20590503,20600503,20900503,2.5,1.5,5,"median_abs_prediction_error","within_1.05_best_then_min_budget"
"TS","linear",0.5,0.5,0.5,200,12,900,900,75,20,150,90,8,7,180900,101,TRUE,43.5599999999999,0.471035341172117,"TS",NA,NA,NA,NA,NA,NA,NA,"E2_linear_s_sweep","E__linear_s_sweep_n1800_p1800_sstar20_s40_h09446984",1800,1800,20,40,84,0.5,200,12,20590504,20600504,20900504,2.5,1.5,5,"median_abs_prediction_error","within_1.05_best_then_min_budget"
"FD","linear",NA,NA,NA,NA,NA,NA,NA,NA,20,NA,NA,NA,NA,NA,101,TRUE,23.2199999999998,1.4267494318895,"FD_budget",101,150,150,NA,NA,NA,NA,"E2_linear_s_sweep","E__linear_s_sweep_n1800_p1800_sstar20_s40_h09446984",1800,1800,20,40,84,0.5,200,12,20590504,20600504,20900504,2.5,1.5,5,"median_abs_prediction_error","within_1.05_best_then_min_budget"
"FS","linear",NA,NA,NA,NA,NA,NA,NA,NA,NA,NA,NA,NA,NA,NA,101,TRUE,2.7800000000002,18.5663069460717,"FS",NA,NA,NA,22,81,8,8,"E2_linear_s_sweep","E__linear_s_sweep_n1800_p1800_sstar20_s40_h09446984",1800,1800,20,40,84,0.5,200,12,20590504,20600504,20900504,2.5,1.5,5,"median_abs_prediction_error","within_1.05_best_then_min_budget"
"TS","linear",0.5,0.5,0.5,200,12,900,900,75,20,150,90,8,7,180900,101,TRUE,42.77,0.557411075805048,"TS",NA,NA,NA,NA,NA,NA,NA,"E2_linear_s_sweep","E__linear_s_sweep_n1800_p1800_sstar20_s40_h09446984",1800,1800,20,40,85,0.5,200,12,20590505,20600505,20900505,2.5,1.5,5,"median_abs_prediction_error","within_1.05_best_then_min_budget"
"FD","linear",NA,NA,NA,NA,NA,NA,NA,NA,20,NA,NA,NA,NA,NA,101,TRUE,23.04,1.39774659694238,"FD_budget",101,150,150,NA,NA,NA,NA,"E2_linear_s_sweep","E__linear_s_sweep_n1800_p1800_sstar20_s40_h09446984",1800,1800,20,40,85,0.5,200,12,20590505,20600505,20900505,2.5,1.5,5,"median_abs_prediction_error","within_1.05_best_then_min_budget"
"FS","linear",NA,NA,NA,NA,NA,NA,NA,NA,NA,NA,NA,NA,NA,NA,101,TRUE,2.82000000000016,18.405314211284,"FS",NA,NA,NA,22,81,8,8,"E2_linear_s_sweep","E__linear_s_sweep_n1800_p1800_sstar20_s40_h09446984",1800,1800,20,40,85,0.5,200,12,20590505,20600505,20900505,2.5,1.5,5,"median_abs_prediction_error","within_1.05_best_then_min_budget"
"TS","linear",0.5,0.5,0.5,200,12,900,900,75,20,150,90,8,7,180900,101,TRUE,39.9400000000001,0.499105944084838,"TS",NA,NA,NA,NA,NA,NA,NA,"E2_linear_s_sweep","E__linear_s_sweep_n1800_p1800_sstar20_s40_h09446984",1800,1800,20,40,86,0.5,200,12,20590506,20600506,20900506,2.5,1.5,5,"median_abs_prediction_error","within_1.05_best_then_min_budget"
"FD","linear",NA,NA,NA,NA,NA,NA,NA,NA,20,NA,NA,NA,NA,NA,101,TRUE,22.9099999999999,1.38383641739651,"FD_budget",101,150,150,NA,NA,NA,NA,"E2_linear_s_sweep","E__linear_s_sweep_n1800_p1800_sstar20_s40_h09446984",1800,1800,20,40,86,0.5,200,12,20590506,20600506,20900506,2.5,1.5,5,"median_abs_prediction_error","within_1.05_best_then_min_budget"
"FS","linear",NA,NA,NA,NA,NA,NA,NA,NA,NA,NA,NA,NA,NA,NA,101,TRUE,2.61999999999989,18.8032776412689,"FS",NA,NA,NA,22,81,8,8,"E2_linear_s_sweep","E__linear_s_sweep_n1800_p1800_sstar20_s40_h09446984",1800,1800,20,40,86,0.5,200,12,20590506,20600506,20900506,2.5,1.5,5,"median_abs_prediction_error","within_1.05_best_then_min_budget"
"TS","linear",0.5,0.5,0.5,200,12,900,900,75,20,150,90,8,7,180900,101,TRUE,38.3000000000002,0.401245555295022,"TS",NA,NA,NA,NA,NA,NA,NA,"E2_linear_s_sweep","E__linear_s_sweep_n1800_p1800_sstar20_s40_h09446984",1800,1800,20,40,87,0.5,200,12,20590507,20600507,20900507,2.5,1.5,5,"median_abs_prediction_error","within_1.05_best_then_min_budget"
"FD","linear",NA,NA,NA,NA,NA,NA,NA,NA,20,NA,NA,NA,NA,NA,101,TRUE,22.04,1.90723346122242,"FD_budget",101,150,150,NA,NA,NA,NA,"E2_linear_s_sweep","E__linear_s_sweep_n1800_p1800_sstar20_s40_h09446984",1800,1800,20,40,87,0.5,200,12,20590507,20600507,20900507,2.5,1.5,5,"median_abs_prediction_error","within_1.05_best_then_min_budget"
"FS","linear",NA,NA,NA,NA,NA,NA,NA,NA,NA,NA,NA,NA,NA,NA,101,TRUE,2.72000000000025,19.3742790916082,"FS",NA,NA,NA,22,81,8,8,"E2_linear_s_sweep","E__linear_s_sweep_n1800_p1800_sstar20_s40_h09446984",1800,1800,20,40,87,0.5,200,12,20590507,20600507,20900507,2.5,1.5,5,"median_abs_prediction_error","within_1.05_best_then_min_budget"
"TS","linear",0.5,0.5,0.5,200,12,900,900,75,20,150,90,8,7,180900,101,TRUE,38.0599999999999,0.426253375257022,"TS",NA,NA,NA,NA,NA,NA,NA,"E2_linear_s_sweep","E__linear_s_sweep_n1800_p1800_sstar20_s40_h09446984",1800,1800,20,40,88,0.5,200,12,20590508,20600508,20900508,2.5,1.5,5,"median_abs_prediction_error","within_1.05_best_then_min_budget"
"FD","linear",NA,NA,NA,NA,NA,NA,NA,NA,20,NA,NA,NA,NA,NA,101,TRUE,23.54,1.26815098341741,"FD_budget",101,150,150,NA,NA,NA,NA,"E2_linear_s_sweep","E__linear_s_sweep_n1800_p1800_sstar20_s40_h09446984",1800,1800,20,40,88,0.5,200,12,20590508,20600508,20900508,2.5,1.5,5,"median_abs_prediction_error","within_1.05_best_then_min_budget"
"FS","linear",NA,NA,NA,NA,NA,NA,NA,NA,NA,NA,NA,NA,NA,NA,101,TRUE,2.86999999999989,20.6269260924631,"FS",NA,NA,NA,22,81,8,8,"E2_linear_s_sweep","E__linear_s_sweep_n1800_p1800_sstar20_s40_h09446984",1800,1800,20,40,88,0.5,200,12,20590508,20600508,20900508,2.5,1.5,5,"median_abs_prediction_error","within_1.05_best_then_min_budget"
"TS","linear",0.5,0.5,0.5,200,12,900,900,75,20,150,90,8,7,180900,101,TRUE,37.1399999999999,0.413524941072893,"TS",NA,NA,NA,NA,NA,NA,NA,"E2_linear_s_sweep","E__linear_s_sweep_n1800_p1800_sstar20_s40_h09446984",1800,1800,20,40,89,0.5,200,12,20590509,20600509,20900509,2.5,1.5,5,"median_abs_prediction_error","within_1.05_best_then_min_budget"
"FD","linear",NA,NA,NA,NA,NA,NA,NA,NA,20,NA,NA,NA,NA,NA,101,TRUE,24.52,2.29202053328862,"FD_budget",101,150,150,NA,NA,NA,NA,"E2_linear_s_sweep","E__linear_s_sweep_n1800_p1800_sstar20_s40_h09446984",1800,1800,20,40,89,0.5,200,12,20590509,20600509,20900509,2.5,1.5,5,"median_abs_prediction_error","within_1.05_best_then_min_budget"
"FS","linear",NA,NA,NA,NA,NA,NA,NA,NA,NA,NA,NA,NA,NA,NA,101,TRUE,2.75,19.7522060692467,"FS",NA,NA,NA,22,81,8,8,"E2_linear_s_sweep","E__linear_s_sweep_n1800_p1800_sstar20_s40_h09446984",1800,1800,20,40,89,0.5,200,12,20590509,20600509,20900509,2.5,1.5,5,"median_abs_prediction_error","within_1.05_best_then_min_budget"
"TS","linear",0.5,0.5,0.5,200,12,900,900,75,20,150,90,8,7,180900,101,TRUE,36.9699999999998,0.529858770160706,"TS",NA,NA,NA,NA,NA,NA,NA,"E2_linear_s_sweep","E__linear_s_sweep_n1800_p1800_sstar20_s40_h09446984",1800,1800,20,40,90,0.5,200,12,20590510,20600510,20900510,2.5,1.5,5,"median_abs_prediction_error","within_1.05_best_then_min_budget"
"FD","linear",NA,NA,NA,NA,NA,NA,NA,NA,20,NA,NA,NA,NA,NA,101,TRUE,24.3400000000001,1.16523043278735,"FD_budget",101,150,150,NA,NA,NA,NA,"E2_linear_s_sweep","E__linear_s_sweep_n1800_p1800_sstar20_s40_h09446984",1800,1800,20,40,90,0.5,200,12,20590510,20600510,20900510,2.5,1.5,5,"median_abs_prediction_error","within_1.05_best_then_min_budget"
"FS","linear",NA,NA,NA,NA,NA,NA,NA,NA,NA,NA,NA,NA,NA,NA,101,TRUE,2.76999999999998,19.7518175672193,"FS",NA,NA,NA,22,81,8,8,"E2_linear_s_sweep","E__linear_s_sweep_n1800_p1800_sstar20_s40_h09446984",1800,1800,20,40,90,0.5,200,12,20590510,20600510,20900510,2.5,1.5,5,"median_abs_prediction_error","within_1.05_best_then_min_budget"
"TS","linear",0.5,0.5,0.5,200,12,900,900,75,20,150,90,8,7,180900,101,TRUE,37.6900000000001,0.724033114200998,"TS",NA,NA,NA,NA,NA,NA,NA,"E2_linear_s_sweep","E__linear_s_sweep_n1800_p1800_sstar20_s40_h09446984",1800,1800,20,40,91,0.5,200,12,20590511,20600511,20900511,2.5,1.5,5,"median_abs_prediction_error","within_1.05_best_then_min_budget"
"FD","linear",NA,NA,NA,NA,NA,NA,NA,NA,20,NA,NA,NA,NA,NA,101,TRUE,23.9700000000003,1.34037591837986,"FD_budget",101,150,150,NA,NA,NA,NA,"E2_linear_s_sweep","E__linear_s_sweep_n1800_p1800_sstar20_s40_h09446984",1800,1800,20,40,91,0.5,200,12,20590511,20600511,20900511,2.5,1.5,5,"median_abs_prediction_error","within_1.05_best_then_min_budget"
"FS","linear",NA,NA,NA,NA,NA,NA,NA,NA,NA,NA,NA,NA,NA,NA,101,TRUE,3,18.7747960674006,"FS",NA,NA,NA,22,81,8,8,"E2_linear_s_sweep","E__linear_s_sweep_n1800_p1800_sstar20_s40_h09446984",1800,1800,20,40,91,0.5,200,12,20590511,20600511,20900511,2.5,1.5,5,"median_abs_prediction_error","within_1.05_best_then_min_budget"
"TS","linear",0.5,0.5,0.5,200,12,900,900,75,20,150,90,8,7,180900,101,TRUE,38.6900000000001,0.506245286484283,"TS",NA,NA,NA,NA,NA,NA,NA,"E2_linear_s_sweep","E__linear_s_sweep_n1800_p1800_sstar20_s40_h09446984",1800,1800,20,40,92,0.5,200,12,20590512,20600512,20900512,2.5,1.5,5,"median_abs_prediction_error","within_1.05_best_then_min_budget"
"FD","linear",NA,NA,NA,NA,NA,NA,NA,NA,20,NA,NA,NA,NA,NA,101,TRUE,24.3299999999999,1.41738389916159,"FD_budget",101,150,150,NA,NA,NA,NA,"E2_linear_s_sweep","E__linear_s_sweep_n1800_p1800_sstar20_s40_h09446984",1800,1800,20,40,92,0.5,200,12,20590512,20600512,20900512,2.5,1.5,5,"median_abs_prediction_error","within_1.05_best_then_min_budget"
"FS","linear",NA,NA,NA,NA,NA,NA,NA,NA,NA,NA,NA,NA,NA,NA,101,TRUE,2.98000000000002,18.7749834024408,"FS",NA,NA,NA,22,81,8,8,"E2_linear_s_sweep","E__linear_s_sweep_n1800_p1800_sstar20_s40_h09446984",1800,1800,20,40,92,0.5,200,12,20590512,20600512,20900512,2.5,1.5,5,"median_abs_prediction_error","within_1.05_best_then_min_budget"
"TS","linear",0.5,0.5,0.5,200,12,900,900,75,20,150,90,8,7,180900,101,TRUE,38.75,0.593755996963214,"TS",NA,NA,NA,NA,NA,NA,NA,"E2_linear_s_sweep","E__linear_s_sweep_n1800_p1800_sstar20_s40_h09446984",1800,1800,20,40,93,0.5,200,12,20590513,20600513,20900513,2.5,1.5,5,"median_abs_prediction_error","within_1.05_best_then_min_budget"
"FD","linear",NA,NA,NA,NA,NA,NA,NA,NA,20,NA,NA,NA,NA,NA,101,TRUE,24.6400000000003,1.13196521641915,"FD_budget",101,150,150,NA,NA,NA,NA,"E2_linear_s_sweep","E__linear_s_sweep_n1800_p1800_sstar20_s40_h09446984",1800,1800,20,40,93,0.5,200,12,20590513,20600513,20900513,2.5,1.5,5,"median_abs_prediction_error","within_1.05_best_then_min_budget"
"FS","linear",NA,NA,NA,NA,NA,NA,NA,NA,NA,NA,NA,NA,NA,NA,101,TRUE,2.59999999999991,17.7403168489776,"FS",NA,NA,NA,22,81,8,8,"E2_linear_s_sweep","E__linear_s_sweep_n1800_p1800_sstar20_s40_h09446984",1800,1800,20,40,93,0.5,200,12,20590513,20600513,20900513,2.5,1.5,5,"median_abs_prediction_error","within_1.05_best_then_min_budget"
"TS","linear",0.5,0.5,0.5,200,12,900,900,75,20,150,90,8,7,180900,101,TRUE,36.0900000000001,0.506398375240883,"TS",NA,NA,NA,NA,NA,NA,NA,"E2_linear_s_sweep","E__linear_s_sweep_n1800_p1800_sstar20_s40_h09446984",1800,1800,20,40,94,0.5,200,12,20590514,20600514,20900514,2.5,1.5,5,"median_abs_prediction_error","within_1.05_best_then_min_budget"
"FD","linear",NA,NA,NA,NA,NA,NA,NA,NA,20,NA,NA,NA,NA,NA,101,TRUE,23.6299999999997,1.7913035462801,"FD_budget",101,150,150,NA,NA,NA,NA,"E2_linear_s_sweep","E__linear_s_sweep_n1800_p1800_sstar20_s40_h09446984",1800,1800,20,40,94,0.5,200,12,20590514,20600514,20900514,2.5,1.5,5,"median_abs_prediction_error","within_1.05_best_then_min_budget"
"FS","linear",NA,NA,NA,NA,NA,NA,NA,NA,NA,NA,NA,NA,NA,NA,101,TRUE,3.36000000000013,18.1195702848766,"FS",NA,NA,NA,22,81,8,8,"E2_linear_s_sweep","E__linear_s_sweep_n1800_p1800_sstar20_s40_h09446984",1800,1800,20,40,94,0.5,200,12,20590514,20600514,20900514,2.5,1.5,5,"median_abs_prediction_error","within_1.05_best_then_min_budget"
"TS","linear",0.5,0.5,0.5,200,12,900,900,75,20,150,90,8,7,180900,101,TRUE,37.5299999999997,0.553728738970274,"TS",NA,NA,NA,NA,NA,NA,NA,"E2_linear_s_sweep","E__linear_s_sweep_n1800_p1800_sstar20_s40_h09446984",1800,1800,20,40,95,0.5,200,12,20590515,20600515,20900515,2.5,1.5,5,"median_abs_prediction_error","within_1.05_best_then_min_budget"
"FD","linear",NA,NA,NA,NA,NA,NA,NA,NA,20,NA,NA,NA,NA,NA,101,TRUE,24.3099999999999,1.55057108067834,"FD_budget",101,150,150,NA,NA,NA,NA,"E2_linear_s_sweep","E__linear_s_sweep_n1800_p1800_sstar20_s40_h09446984",1800,1800,20,40,95,0.5,200,12,20590515,20600515,20900515,2.5,1.5,5,"median_abs_prediction_error","within_1.05_best_then_min_budget"
"FS","linear",NA,NA,NA,NA,NA,NA,NA,NA,NA,NA,NA,NA,NA,NA,101,TRUE,2.74000000000024,18.9905076556084,"FS",NA,NA,NA,22,81,8,8,"E2_linear_s_sweep","E__linear_s_sweep_n1800_p1800_sstar20_s40_h09446984",1800,1800,20,40,95,0.5,200,12,20590515,20600515,20900515,2.5,1.5,5,"median_abs_prediction_error","within_1.05_best_then_min_budget"
"TS","linear",0.5,0.5,0.5,200,12,900,900,75,20,150,90,8,7,180900,101,TRUE,37.5500000000002,0.61266545277687,"TS",NA,NA,NA,NA,NA,NA,NA,"E2_linear_s_sweep","E__linear_s_sweep_n1800_p1800_sstar20_s40_h09446984",1800,1800,20,40,96,0.5,200,12,20590516,20600516,20900516,2.5,1.5,5,"median_abs_prediction_error","within_1.05_best_then_min_budget"
"FD","linear",NA,NA,NA,NA,NA,NA,NA,NA,20,NA,NA,NA,NA,NA,101,TRUE,24.6900000000001,1.66597760514725,"FD_budget",101,150,150,NA,NA,NA,NA,"E2_linear_s_sweep","E__linear_s_sweep_n1800_p1800_sstar20_s40_h09446984",1800,1800,20,40,96,0.5,200,12,20590516,20600516,20900516,2.5,1.5,5,"median_abs_prediction_error","within_1.05_best_then_min_budget"
"FS","linear",NA,NA,NA,NA,NA,NA,NA,NA,NA,NA,NA,NA,NA,NA,101,TRUE,3.2199999999998,18.0784513744856,"FS",NA,NA,NA,22,81,8,8,"E2_linear_s_sweep","E__linear_s_sweep_n1800_p1800_sstar20_s40_h09446984",1800,1800,20,40,96,0.5,200,12,20590516,20600516,20900516,2.5,1.5,5,"median_abs_prediction_error","within_1.05_best_then_min_budget"
"TS","linear",0.5,0.5,0.5,200,12,900,900,75,20,150,90,8,7,180900,101,TRUE,37.3900000000003,0.807123682521323,"TS",NA,NA,NA,NA,NA,NA,NA,"E2_linear_s_sweep","E__linear_s_sweep_n1800_p1800_sstar20_s40_h09446984",1800,1800,20,40,97,0.5,200,12,20590517,20600517,20900517,2.5,1.5,5,"median_abs_prediction_error","within_1.05_best_then_min_budget"
"FD","linear",NA,NA,NA,NA,NA,NA,NA,NA,20,NA,NA,NA,NA,NA,101,TRUE,24.21,1.76979798617107,"FD_budget",101,150,150,NA,NA,NA,NA,"E2_linear_s_sweep","E__linear_s_sweep_n1800_p1800_sstar20_s40_h09446984",1800,1800,20,40,97,0.5,200,12,20590517,20600517,20900517,2.5,1.5,5,"median_abs_prediction_error","within_1.05_best_then_min_budget"
"FS","linear",NA,NA,NA,NA,NA,NA,NA,NA,NA,NA,NA,NA,NA,NA,101,TRUE,2.71000000000004,19.527386093983,"FS",NA,NA,NA,22,81,8,8,"E2_linear_s_sweep","E__linear_s_sweep_n1800_p1800_sstar20_s40_h09446984",1800,1800,20,40,97,0.5,200,12,20590517,20600517,20900517,2.5,1.5,5,"median_abs_prediction_error","within_1.05_best_then_min_budget"
"TS","linear",0.5,0.5,0.5,200,12,900,900,75,20,150,90,8,7,180900,101,TRUE,36.6100000000001,0.480981397872146,"TS",NA,NA,NA,NA,NA,NA,NA,"E2_linear_s_sweep","E__linear_s_sweep_n1800_p1800_sstar20_s40_h09446984",1800,1800,20,40,98,0.5,200,12,20590518,20600518,20900518,2.5,1.5,5,"median_abs_prediction_error","within_1.05_best_then_min_budget"
"FD","linear",NA,NA,NA,NA,NA,NA,NA,NA,20,NA,NA,NA,NA,NA,101,TRUE,25.5,1.47562307238914,"FD_budget",101,150,150,NA,NA,NA,NA,"E2_linear_s_sweep","E__linear_s_sweep_n1800_p1800_sstar20_s40_h09446984",1800,1800,20,40,98,0.5,200,12,20590518,20600518,20900518,2.5,1.5,5,"median_abs_prediction_error","within_1.05_best_then_min_budget"
"FS","linear",NA,NA,NA,NA,NA,NA,NA,NA,NA,NA,NA,NA,NA,NA,101,TRUE,2.83999999999969,19.490039114723,"FS",NA,NA,NA,22,81,8,8,"E2_linear_s_sweep","E__linear_s_sweep_n1800_p1800_sstar20_s40_h09446984",1800,1800,20,40,98,0.5,200,12,20590518,20600518,20900518,2.5,1.5,5,"median_abs_prediction_error","within_1.05_best_then_min_budget"
"TS","linear",0.5,0.5,0.5,200,12,900,900,75,20,150,90,8,7,180900,101,TRUE,38.0500000000002,0.610653863776026,"TS",NA,NA,NA,NA,NA,NA,NA,"E2_linear_s_sweep","E__linear_s_sweep_n1800_p1800_sstar20_s40_h09446984",1800,1800,20,40,99,0.5,200,12,20590519,20600519,20900519,2.5,1.5,5,"median_abs_prediction_error","within_1.05_best_then_min_budget"
"FD","linear",NA,NA,NA,NA,NA,NA,NA,NA,20,NA,NA,NA,NA,NA,101,TRUE,24.54,1.2314133712094,"FD_budget",101,150,150,NA,NA,NA,NA,"E2_linear_s_sweep","E__linear_s_sweep_n1800_p1800_sstar20_s40_h09446984",1800,1800,20,40,99,0.5,200,12,20590519,20600519,20900519,2.5,1.5,5,"median_abs_prediction_error","within_1.05_best_then_min_budget"
"FS","linear",NA,NA,NA,NA,NA,NA,NA,NA,NA,NA,NA,NA,NA,NA,101,TRUE,3.61000000000013,21.2865971043672,"FS",NA,NA,NA,22,81,8,8,"E2_linear_s_sweep","E__linear_s_sweep_n1800_p1800_sstar20_s40_h09446984",1800,1800,20,40,99,0.5,200,12,20590519,20600519,20900519,2.5,1.5,5,"median_abs_prediction_error","within_1.05_best_then_min_budget"
"TS","linear",0.5,0.5,0.5,200,12,900,900,75,20,150,90,8,7,180900,101,TRUE,37.75,0.459088921972602,"TS",NA,NA,NA,NA,NA,NA,NA,"E2_linear_s_sweep","E__linear_s_sweep_n1800_p1800_sstar20_s40_h09446984",1800,1800,20,40,100,0.5,200,12,20590520,20600520,20900520,2.5,1.5,5,"median_abs_prediction_error","within_1.05_best_then_min_budget"
"FD","linear",NA,NA,NA,NA,NA,NA,NA,NA,20,NA,NA,NA,NA,NA,101,TRUE,25.1100000000001,1.48580458089629,"FD_budget",101,150,150,NA,NA,NA,NA,"E2_linear_s_sweep","E__linear_s_sweep_n1800_p1800_sstar20_s40_h09446984",1800,1800,20,40,100,0.5,200,12,20590520,20600520,20900520,2.5,1.5,5,"median_abs_prediction_error","within_1.05_best_then_min_budget"
"FS","linear",NA,NA,NA,NA,NA,NA,NA,NA,NA,NA,NA,NA,NA,NA,101,TRUE,3.32000000000016,17.9153477498254,"FS",NA,NA,NA,22,81,8,8,"E2_linear_s_sweep","E__linear_s_sweep_n1800_p1800_sstar20_s40_h09446984",1800,1800,20,40,100,0.5,200,12,20590520,20600520,20900520,2.5,1.5,5,"median_abs_prediction_error","within_1.05_best_then_min_budget"
"TS","linear",0.25,0.75,0.25,200,8,1350,450,56,30,225,135,8,5,270448,151,TRUE,37.0800000000004,0.448328281727733,"TS",NA,NA,NA,NA,NA,NA,NA,"E2_linear_s_sweep","E__linear_s_sweep_n1800_p1800_sstar30_s60_h54e54a86",1800,1800,30,60,1,0.25,200,8,20690421,20700421,21100421,2.5,1.5,5,"median_abs_prediction_error","within_1.05_best_then_min_budget"
"FD","linear",NA,NA,NA,NA,NA,NA,NA,NA,30,NA,NA,NA,NA,NA,151,TRUE,39.25,0.906506169402146,"FD_budget",151,225,180,NA,NA,NA,NA,"E2_linear_s_sweep","E__linear_s_sweep_n1800_p1800_sstar30_s60_h54e54a86",1800,1800,30,60,1,0.25,200,8,20690421,20700421,21100421,2.5,1.5,5,"median_abs_prediction_error","within_1.05_best_then_min_budget"
"FS","linear",NA,NA,NA,NA,NA,NA,NA,NA,NA,NA,NA,NA,NA,NA,151,TRUE,2.94999999999982,25.8106198289193,"FS",NA,NA,NA,22,81,8,8,"E2_linear_s_sweep","E__linear_s_sweep_n1800_p1800_sstar30_s60_h54e54a86",1800,1800,30,60,1,0.25,200,8,20690421,20700421,21100421,2.5,1.5,5,"median_abs_prediction_error","within_1.05_best_then_min_budget"
"TS","linear",0.25,0.75,0.25,200,8,1350,450,56,30,225,135,8,5,270448,151,TRUE,37.0900000000001,0.610504208663011,"TS",NA,NA,NA,NA,NA,NA,NA,"E2_linear_s_sweep","E__linear_s_sweep_n1800_p1800_sstar30_s60_h54e54a86",1800,1800,30,60,2,0.25,200,8,20690422,20700422,21100422,2.5,1.5,5,"median_abs_prediction_error","within_1.05_best_then_min_budget"
"FD","linear",NA,NA,NA,NA,NA,NA,NA,NA,30,NA,NA,NA,NA,NA,151,TRUE,38.8599999999997,0.775893699671882,"FD_budget",151,225,180,NA,NA,NA,NA,"E2_linear_s_sweep","E__linear_s_sweep_n1800_p1800_sstar30_s60_h54e54a86",1800,1800,30,60,2,0.25,200,8,20690422,20700422,21100422,2.5,1.5,5,"median_abs_prediction_error","within_1.05_best_then_min_budget"
"FS","linear",NA,NA,NA,NA,NA,NA,NA,NA,NA,NA,NA,NA,NA,NA,151,TRUE,2.73999999999978,25.0392293486308,"FS",NA,NA,NA,22,81,8,8,"E2_linear_s_sweep","E__linear_s_sweep_n1800_p1800_sstar30_s60_h54e54a86",1800,1800,30,60,2,0.25,200,8,20690422,20700422,21100422,2.5,1.5,5,"median_abs_prediction_error","within_1.05_best_then_min_budget"
"TS","linear",0.25,0.75,0.25,200,8,1350,450,56,30,225,135,8,5,270448,151,TRUE,37.9499999999998,1.05473878042474,"TS",NA,NA,NA,NA,NA,NA,NA,"E2_linear_s_sweep","E__linear_s_sweep_n1800_p1800_sstar30_s60_h54e54a86",1800,1800,30,60,3,0.25,200,8,20690423,20700423,21100423,2.5,1.5,5,"median_abs_prediction_error","within_1.05_best_then_min_budget"
"FD","linear",NA,NA,NA,NA,NA,NA,NA,NA,30,NA,NA,NA,NA,NA,151,TRUE,39.04,1.27106025624565,"FD_budget",151,225,180,NA,NA,NA,NA,"E2_linear_s_sweep","E__linear_s_sweep_n1800_p1800_sstar30_s60_h54e54a86",1800,1800,30,60,3,0.25,200,8,20690423,20700423,21100423,2.5,1.5,5,"median_abs_prediction_error","within_1.05_best_then_min_budget"
"FS","linear",NA,NA,NA,NA,NA,NA,NA,NA,NA,NA,NA,NA,NA,NA,151,TRUE,2.59000000000015,22.5023129719975,"FS",NA,NA,NA,22,81,8,8,"E2_linear_s_sweep","E__linear_s_sweep_n1800_p1800_sstar30_s60_h54e54a86",1800,1800,30,60,3,0.25,200,8,20690423,20700423,21100423,2.5,1.5,5,"median_abs_prediction_error","within_1.05_best_then_min_budget"
"TS","linear",0.25,0.75,0.25,200,8,1350,450,56,30,225,135,8,5,270448,151,TRUE,37.5599999999999,0.885636151754533,"TS",NA,NA,NA,NA,NA,NA,NA,"E2_linear_s_sweep","E__linear_s_sweep_n1800_p1800_sstar30_s60_h54e54a86",1800,1800,30,60,4,0.25,200,8,20690424,20700424,21100424,2.5,1.5,5,"median_abs_prediction_error","within_1.05_best_then_min_budget"
"FD","linear",NA,NA,NA,NA,NA,NA,NA,NA,30,NA,NA,NA,NA,NA,151,TRUE,38.5500000000002,1.17234228787284,"FD_budget",151,225,180,NA,NA,NA,NA,"E2_linear_s_sweep","E__linear_s_sweep_n1800_p1800_sstar30_s60_h54e54a86",1800,1800,30,60,4,0.25,200,8,20690424,20700424,21100424,2.5,1.5,5,"median_abs_prediction_error","within_1.05_best_then_min_budget"
"FS","linear",NA,NA,NA,NA,NA,NA,NA,NA,NA,NA,NA,NA,NA,NA,151,TRUE,3.44999999999982,23.9774076926772,"FS",NA,NA,NA,22,81,8,8,"E2_linear_s_sweep","E__linear_s_sweep_n1800_p1800_sstar30_s60_h54e54a86",1800,1800,30,60,4,0.25,200,8,20690424,20700424,21100424,2.5,1.5,5,"median_abs_prediction_error","within_1.05_best_then_min_budget"
"TS","linear",0.25,0.75,0.25,200,8,1350,450,56,30,225,135,8,5,270448,151,TRUE,38.3099999999999,0.745078350558012,"TS",NA,NA,NA,NA,NA,NA,NA,"E2_linear_s_sweep","E__linear_s_sweep_n1800_p1800_sstar30_s60_h54e54a86",1800,1800,30,60,5,0.25,200,8,20690425,20700425,21100425,2.5,1.5,5,"median_abs_prediction_error","within_1.05_best_then_min_budget"
"FD","linear",NA,NA,NA,NA,NA,NA,NA,NA,30,NA,NA,NA,NA,NA,151,TRUE,37.4900000000002,1.14062613632975,"FD_budget",151,225,180,NA,NA,NA,NA,"E2_linear_s_sweep","E__linear_s_sweep_n1800_p1800_sstar30_s60_h54e54a86",1800,1800,30,60,5,0.25,200,8,20690425,20700425,21100425,2.5,1.5,5,"median_abs_prediction_error","within_1.05_best_then_min_budget"
"FS","linear",NA,NA,NA,NA,NA,NA,NA,NA,NA,NA,NA,NA,NA,NA,151,TRUE,3.03999999999996,23.4838708627085,"FS",NA,NA,NA,22,81,8,8,"E2_linear_s_sweep","E__linear_s_sweep_n1800_p1800_sstar30_s60_h54e54a86",1800,1800,30,60,5,0.25,200,8,20690425,20700425,21100425,2.5,1.5,5,"median_abs_prediction_error","within_1.05_best_then_min_budget"
"TS","linear",0.25,0.75,0.25,200,8,1350,450,56,30,225,135,8,5,270448,151,TRUE,36.8699999999999,0.650180900993333,"TS",NA,NA,NA,NA,NA,NA,NA,"E2_linear_s_sweep","E__linear_s_sweep_n1800_p1800_sstar30_s60_h54e54a86",1800,1800,30,60,6,0.25,200,8,20690426,20700426,21100426,2.5,1.5,5,"median_abs_prediction_error","within_1.05_best_then_min_budget"
"FD","linear",NA,NA,NA,NA,NA,NA,NA,NA,30,NA,NA,NA,NA,NA,151,TRUE,38.4100000000003,1.07186907819859,"FD_budget",151,225,180,NA,NA,NA,NA,"E2_linear_s_sweep","E__linear_s_sweep_n1800_p1800_sstar30_s60_h54e54a86",1800,1800,30,60,6,0.25,200,8,20690426,20700426,21100426,2.5,1.5,5,"median_abs_prediction_error","within_1.05_best_then_min_budget"
"FS","linear",NA,NA,NA,NA,NA,NA,NA,NA,NA,NA,NA,NA,NA,NA,151,TRUE,2.97000000000025,25.5245334687535,"FS",NA,NA,NA,22,81,8,8,"E2_linear_s_sweep","E__linear_s_sweep_n1800_p1800_sstar30_s60_h54e54a86",1800,1800,30,60,6,0.25,200,8,20690426,20700426,21100426,2.5,1.5,5,"median_abs_prediction_error","within_1.05_best_then_min_budget"
"TS","linear",0.25,0.75,0.25,200,8,1350,450,56,30,225,135,8,5,270448,151,TRUE,37.5799999999999,0.630439898352515,"TS",NA,NA,NA,NA,NA,NA,NA,"E2_linear_s_sweep","E__linear_s_sweep_n1800_p1800_sstar30_s60_h54e54a86",1800,1800,30,60,7,0.25,200,8,20690427,20700427,21100427,2.5,1.5,5,"median_abs_prediction_error","within_1.05_best_then_min_budget"
"FD","linear",NA,NA,NA,NA,NA,NA,NA,NA,30,NA,NA,NA,NA,NA,151,TRUE,39.5799999999999,0.999686066951204,"FD_budget",151,225,180,NA,NA,NA,NA,"E2_linear_s_sweep","E__linear_s_sweep_n1800_p1800_sstar30_s60_h54e54a86",1800,1800,30,60,7,0.25,200,8,20690427,20700427,21100427,2.5,1.5,5,"median_abs_prediction_error","within_1.05_best_then_min_budget"
"FS","linear",NA,NA,NA,NA,NA,NA,NA,NA,NA,NA,NA,NA,NA,NA,151,TRUE,3.36999999999989,24.0031989951618,"FS",NA,NA,NA,22,81,8,8,"E2_linear_s_sweep","E__linear_s_sweep_n1800_p1800_sstar30_s60_h54e54a86",1800,1800,30,60,7,0.25,200,8,20690427,20700427,21100427,2.5,1.5,5,"median_abs_prediction_error","within_1.05_best_then_min_budget"
"TS","linear",0.25,0.75,0.25,200,8,1350,450,56,30,225,135,8,5,270448,151,TRUE,38.7599999999998,0.628558140212909,"TS",NA,NA,NA,NA,NA,NA,NA,"E2_linear_s_sweep","E__linear_s_sweep_n1800_p1800_sstar30_s60_h54e54a86",1800,1800,30,60,8,0.25,200,8,20690428,20700428,21100428,2.5,1.5,5,"median_abs_prediction_error","within_1.05_best_then_min_budget"
"FD","linear",NA,NA,NA,NA,NA,NA,NA,NA,30,NA,NA,NA,NA,NA,151,TRUE,39.5,1.17836621360828,"FD_budget",151,225,180,NA,NA,NA,NA,"E2_linear_s_sweep","E__linear_s_sweep_n1800_p1800_sstar30_s60_h54e54a86",1800,1800,30,60,8,0.25,200,8,20690428,20700428,21100428,2.5,1.5,5,"median_abs_prediction_error","within_1.05_best_then_min_budget"
"FS","linear",NA,NA,NA,NA,NA,NA,NA,NA,NA,NA,NA,NA,NA,NA,151,TRUE,3.09999999999991,23.3849212475138,"FS",NA,NA,NA,22,81,8,8,"E2_linear_s_sweep","E__linear_s_sweep_n1800_p1800_sstar30_s60_h54e54a86",1800,1800,30,60,8,0.25,200,8,20690428,20700428,21100428,2.5,1.5,5,"median_abs_prediction_error","within_1.05_best_then_min_budget"
"TS","linear",0.25,0.75,0.25,200,8,1350,450,56,30,225,135,8,5,270448,151,TRUE,38.75,0.884228207151804,"TS",NA,NA,NA,NA,NA,NA,NA,"E2_linear_s_sweep","E__linear_s_sweep_n1800_p1800_sstar30_s60_h54e54a86",1800,1800,30,60,9,0.25,200,8,20690429,20700429,21100429,2.5,1.5,5,"median_abs_prediction_error","within_1.05_best_then_min_budget"
"FD","linear",NA,NA,NA,NA,NA,NA,NA,NA,30,NA,NA,NA,NA,NA,151,TRUE,40.4200000000001,0.935325512468224,"FD_budget",151,225,180,NA,NA,NA,NA,"E2_linear_s_sweep","E__linear_s_sweep_n1800_p1800_sstar30_s60_h54e54a86",1800,1800,30,60,9,0.25,200,8,20690429,20700429,21100429,2.5,1.5,5,"median_abs_prediction_error","within_1.05_best_then_min_budget"
"FS","linear",NA,NA,NA,NA,NA,NA,NA,NA,NA,NA,NA,NA,NA,NA,151,TRUE,3.2800000000002,24.3624578895824,"FS",NA,NA,NA,22,81,8,8,"E2_linear_s_sweep","E__linear_s_sweep_n1800_p1800_sstar30_s60_h54e54a86",1800,1800,30,60,9,0.25,200,8,20690429,20700429,21100429,2.5,1.5,5,"median_abs_prediction_error","within_1.05_best_then_min_budget"
"TS","linear",0.25,0.75,0.25,200,8,1350,450,56,30,225,135,8,5,270448,151,TRUE,38.0700000000002,0.679590399154972,"TS",NA,NA,NA,NA,NA,NA,NA,"E2_linear_s_sweep","E__linear_s_sweep_n1800_p1800_sstar30_s60_h54e54a86",1800,1800,30,60,10,0.25,200,8,20690430,20700430,21100430,2.5,1.5,5,"median_abs_prediction_error","within_1.05_best_then_min_budget"
"FD","linear",NA,NA,NA,NA,NA,NA,NA,NA,30,NA,NA,NA,NA,NA,151,TRUE,39.3299999999999,1.09684523576193,"FD_budget",151,225,180,NA,NA,NA,NA,"E2_linear_s_sweep","E__linear_s_sweep_n1800_p1800_sstar30_s60_h54e54a86",1800,1800,30,60,10,0.25,200,8,20690430,20700430,21100430,2.5,1.5,5,"median_abs_prediction_error","within_1.05_best_then_min_budget"
"FS","linear",NA,NA,NA,NA,NA,NA,NA,NA,NA,NA,NA,NA,NA,NA,151,TRUE,3.30999999999995,21.1732276252999,"FS",NA,NA,NA,22,81,8,8,"E2_linear_s_sweep","E__linear_s_sweep_n1800_p1800_sstar30_s60_h54e54a86",1800,1800,30,60,10,0.25,200,8,20690430,20700430,21100430,2.5,1.5,5,"median_abs_prediction_error","within_1.05_best_then_min_budget"
"TS","linear",0.25,0.75,0.25,200,8,1350,450,56,30,225,135,8,5,270448,151,TRUE,41.2200000000003,0.791353086063114,"TS",NA,NA,NA,NA,NA,NA,NA,"E2_linear_s_sweep","E__linear_s_sweep_n1800_p1800_sstar30_s60_h54e54a86",1800,1800,30,60,11,0.25,200,8,20690431,20700431,21100431,2.5,1.5,5,"median_abs_prediction_error","within_1.05_best_then_min_budget"
"FD","linear",NA,NA,NA,NA,NA,NA,NA,NA,30,NA,NA,NA,NA,NA,151,TRUE,39.2799999999997,0.869413872648606,"FD_budget",151,225,180,NA,NA,NA,NA,"E2_linear_s_sweep","E__linear_s_sweep_n1800_p1800_sstar30_s60_h54e54a86",1800,1800,30,60,11,0.25,200,8,20690431,20700431,21100431,2.5,1.5,5,"median_abs_prediction_error","within_1.05_best_then_min_budget"
"FS","linear",NA,NA,NA,NA,NA,NA,NA,NA,NA,NA,NA,NA,NA,NA,151,TRUE,2.89000000000033,24.6102729806595,"FS",NA,NA,NA,22,81,8,8,"E2_linear_s_sweep","E__linear_s_sweep_n1800_p1800_sstar30_s60_h54e54a86",1800,1800,30,60,11,0.25,200,8,20690431,20700431,21100431,2.5,1.5,5,"median_abs_prediction_error","within_1.05_best_then_min_budget"
"TS","linear",0.25,0.75,0.25,200,8,1350,450,56,30,225,135,8,5,270448,151,TRUE,41.6200000000003,1.06581083126212,"TS",NA,NA,NA,NA,NA,NA,NA,"E2_linear_s_sweep","E__linear_s_sweep_n1800_p1800_sstar30_s60_h54e54a86",1800,1800,30,60,12,0.25,200,8,20690432,20700432,21100432,2.5,1.5,5,"median_abs_prediction_error","within_1.05_best_then_min_budget"
"FD","linear",NA,NA,NA,NA,NA,NA,NA,NA,30,NA,NA,NA,NA,NA,151,TRUE,38.8599999999997,0.920748525408186,"FD_budget",151,225,180,NA,NA,NA,NA,"E2_linear_s_sweep","E__linear_s_sweep_n1800_p1800_sstar30_s60_h54e54a86",1800,1800,30,60,12,0.25,200,8,20690432,20700432,21100432,2.5,1.5,5,"median_abs_prediction_error","within_1.05_best_then_min_budget"
"FS","linear",NA,NA,NA,NA,NA,NA,NA,NA,NA,NA,NA,NA,NA,NA,151,TRUE,2.98000000000002,24.6688216488644,"FS",NA,NA,NA,22,81,8,8,"E2_linear_s_sweep","E__linear_s_sweep_n1800_p1800_sstar30_s60_h54e54a86",1800,1800,30,60,12,0.25,200,8,20690432,20700432,21100432,2.5,1.5,5,"median_abs_prediction_error","within_1.05_best_then_min_budget"
"TS","linear",0.25,0.75,0.25,200,8,1350,450,56,30,225,135,8,5,270448,151,TRUE,43.3699999999999,0.698346423443577,"TS",NA,NA,NA,NA,NA,NA,NA,"E2_linear_s_sweep","E__linear_s_sweep_n1800_p1800_sstar30_s60_h54e54a86",1800,1800,30,60,13,0.25,200,8,20690433,20700433,21100433,2.5,1.5,5,"median_abs_prediction_error","within_1.05_best_then_min_budget"
"FD","linear",NA,NA,NA,NA,NA,NA,NA,NA,30,NA,NA,NA,NA,NA,151,TRUE,40.1599999999999,0.972249161470963,"FD_budget",151,225,180,NA,NA,NA,NA,"E2_linear_s_sweep","E__linear_s_sweep_n1800_p1800_sstar30_s60_h54e54a86",1800,1800,30,60,13,0.25,200,8,20690433,20700433,21100433,2.5,1.5,5,"median_abs_prediction_error","within_1.05_best_then_min_budget"
"FS","linear",NA,NA,NA,NA,NA,NA,NA,NA,NA,NA,NA,NA,NA,NA,151,TRUE,2.76999999999998,24.6477175085727,"FS",NA,NA,NA,22,81,8,8,"E2_linear_s_sweep","E__linear_s_sweep_n1800_p1800_sstar30_s60_h54e54a86",1800,1800,30,60,13,0.25,200,8,20690433,20700433,21100433,2.5,1.5,5,"median_abs_prediction_error","within_1.05_best_then_min_budget"
"TS","linear",0.25,0.75,0.25,200,8,1350,450,56,30,225,135,8,5,270448,151,TRUE,41.4199999999996,0.644100980337244,"TS",NA,NA,NA,NA,NA,NA,NA,"E2_linear_s_sweep","E__linear_s_sweep_n1800_p1800_sstar30_s60_h54e54a86",1800,1800,30,60,14,0.25,200,8,20690434,20700434,21100434,2.5,1.5,5,"median_abs_prediction_error","within_1.05_best_then_min_budget"
"FD","linear",NA,NA,NA,NA,NA,NA,NA,NA,30,NA,NA,NA,NA,NA,151,TRUE,37.9500000000003,0.829349216100919,"FD_budget",151,225,180,NA,NA,NA,NA,"E2_linear_s_sweep","E__linear_s_sweep_n1800_p1800_sstar30_s60_h54e54a86",1800,1800,30,60,14,0.25,200,8,20690434,20700434,21100434,2.5,1.5,5,"median_abs_prediction_error","within_1.05_best_then_min_budget"
"FS","linear",NA,NA,NA,NA,NA,NA,NA,NA,NA,NA,NA,NA,NA,NA,151,TRUE,2.54999999999973,21.5761015965071,"FS",NA,NA,NA,22,81,8,8,"E2_linear_s_sweep","E__linear_s_sweep_n1800_p1800_sstar30_s60_h54e54a86",1800,1800,30,60,14,0.25,200,8,20690434,20700434,21100434,2.5,1.5,5,"median_abs_prediction_error","within_1.05_best_then_min_budget"
"TS","linear",0.25,0.75,0.25,200,8,1350,450,56,30,225,135,8,5,270448,151,TRUE,42.3600000000001,1.35213384117798,"TS",NA,NA,NA,NA,NA,NA,NA,"E2_linear_s_sweep","E__linear_s_sweep_n1800_p1800_sstar30_s60_h54e54a86",1800,1800,30,60,15,0.25,200,8,20690435,20700435,21100435,2.5,1.5,5,"median_abs_prediction_error","within_1.05_best_then_min_budget"
"FD","linear",NA,NA,NA,NA,NA,NA,NA,NA,30,NA,NA,NA,NA,NA,151,TRUE,36.1999999999998,1.12455216000634,"FD_budget",151,225,180,NA,NA,NA,NA,"E2_linear_s_sweep","E__linear_s_sweep_n1800_p1800_sstar30_s60_h54e54a86",1800,1800,30,60,15,0.25,200,8,20690435,20700435,21100435,2.5,1.5,5,"median_abs_prediction_error","within_1.05_best_then_min_budget"
"FS","linear",NA,NA,NA,NA,NA,NA,NA,NA,NA,NA,NA,NA,NA,NA,151,TRUE,3.05000000000018,24.8166787654414,"FS",NA,NA,NA,22,81,8,8,"E2_linear_s_sweep","E__linear_s_sweep_n1800_p1800_sstar30_s60_h54e54a86",1800,1800,30,60,15,0.25,200,8,20690435,20700435,21100435,2.5,1.5,5,"median_abs_prediction_error","within_1.05_best_then_min_budget"
"TS","linear",0.25,0.75,0.25,200,8,1350,450,56,30,225,135,8,5,270448,151,TRUE,40.1999999999998,0.765964549204466,"TS",NA,NA,NA,NA,NA,NA,NA,"E2_linear_s_sweep","E__linear_s_sweep_n1800_p1800_sstar30_s60_h54e54a86",1800,1800,30,60,16,0.25,200,8,20690436,20700436,21100436,2.5,1.5,5,"median_abs_prediction_error","within_1.05_best_then_min_budget"
"FD","linear",NA,NA,NA,NA,NA,NA,NA,NA,30,NA,NA,NA,NA,NA,151,TRUE,37.8000000000002,0.841731778978639,"FD_budget",151,225,180,NA,NA,NA,NA,"E2_linear_s_sweep","E__linear_s_sweep_n1800_p1800_sstar30_s60_h54e54a86",1800,1800,30,60,16,0.25,200,8,20690436,20700436,21100436,2.5,1.5,5,"median_abs_prediction_error","within_1.05_best_then_min_budget"
"FS","linear",NA,NA,NA,NA,NA,NA,NA,NA,NA,NA,NA,NA,NA,NA,151,TRUE,3.19000000000005,22.759904242334,"FS",NA,NA,NA,22,81,8,8,"E2_linear_s_sweep","E__linear_s_sweep_n1800_p1800_sstar30_s60_h54e54a86",1800,1800,30,60,16,0.25,200,8,20690436,20700436,21100436,2.5,1.5,5,"median_abs_prediction_error","within_1.05_best_then_min_budget"
"TS","linear",0.25,0.75,0.25,200,8,1350,450,56,30,225,135,8,5,270448,151,TRUE,42.6500000000001,0.680689312626638,"TS",NA,NA,NA,NA,NA,NA,NA,"E2_linear_s_sweep","E__linear_s_sweep_n1800_p1800_sstar30_s60_h54e54a86",1800,1800,30,60,17,0.25,200,8,20690437,20700437,21100437,2.5,1.5,5,"median_abs_prediction_error","within_1.05_best_then_min_budget"
"FD","linear",NA,NA,NA,NA,NA,NA,NA,NA,30,NA,NA,NA,NA,NA,151,TRUE,38.4699999999998,1.29207725243056,"FD_budget",151,225,180,NA,NA,NA,NA,"E2_linear_s_sweep","E__linear_s_sweep_n1800_p1800_sstar30_s60_h54e54a86",1800,1800,30,60,17,0.25,200,8,20690437,20700437,21100437,2.5,1.5,5,"median_abs_prediction_error","within_1.05_best_then_min_budget"
"FS","linear",NA,NA,NA,NA,NA,NA,NA,NA,NA,NA,NA,NA,NA,NA,151,TRUE,2.97000000000025,23.1567291041572,"FS",NA,NA,NA,22,81,8,8,"E2_linear_s_sweep","E__linear_s_sweep_n1800_p1800_sstar30_s60_h54e54a86",1800,1800,30,60,17,0.25,200,8,20690437,20700437,21100437,2.5,1.5,5,"median_abs_prediction_error","within_1.05_best_then_min_budget"
"TS","linear",0.25,0.75,0.25,200,8,1350,450,56,30,225,135,8,5,270448,151,TRUE,40.3099999999999,0.698769260945391,"TS",NA,NA,NA,NA,NA,NA,NA,"E2_linear_s_sweep","E__linear_s_sweep_n1800_p1800_sstar30_s60_h54e54a86",1800,1800,30,60,18,0.25,200,8,20690438,20700438,21100438,2.5,1.5,5,"median_abs_prediction_error","within_1.05_best_then_min_budget"
"FD","linear",NA,NA,NA,NA,NA,NA,NA,NA,30,NA,NA,NA,NA,NA,151,TRUE,38.6799999999998,0.815989450607556,"FD_budget",151,225,180,NA,NA,NA,NA,"E2_linear_s_sweep","E__linear_s_sweep_n1800_p1800_sstar30_s60_h54e54a86",1800,1800,30,60,18,0.25,200,8,20690438,20700438,21100438,2.5,1.5,5,"median_abs_prediction_error","within_1.05_best_then_min_budget"
"FS","linear",NA,NA,NA,NA,NA,NA,NA,NA,NA,NA,NA,NA,NA,NA,151,TRUE,2.9699999999998,25.469506963802,"FS",NA,NA,NA,22,81,8,8,"E2_linear_s_sweep","E__linear_s_sweep_n1800_p1800_sstar30_s60_h54e54a86",1800,1800,30,60,18,0.25,200,8,20690438,20700438,21100438,2.5,1.5,5,"median_abs_prediction_error","within_1.05_best_then_min_budget"
"TS","linear",0.25,0.75,0.25,200,8,1350,450,56,30,225,135,8,5,270448,151,TRUE,41.2199999999998,1.04708812882848,"TS",NA,NA,NA,NA,NA,NA,NA,"E2_linear_s_sweep","E__linear_s_sweep_n1800_p1800_sstar30_s60_h54e54a86",1800,1800,30,60,19,0.25,200,8,20690439,20700439,21100439,2.5,1.5,5,"median_abs_prediction_error","within_1.05_best_then_min_budget"
"FD","linear",NA,NA,NA,NA,NA,NA,NA,NA,30,NA,NA,NA,NA,NA,151,TRUE,35.6300000000001,0.844188581664817,"FD_budget",151,225,180,NA,NA,NA,NA,"E2_linear_s_sweep","E__linear_s_sweep_n1800_p1800_sstar30_s60_h54e54a86",1800,1800,30,60,19,0.25,200,8,20690439,20700439,21100439,2.5,1.5,5,"median_abs_prediction_error","within_1.05_best_then_min_budget"
"FS","linear",NA,NA,NA,NA,NA,NA,NA,NA,NA,NA,NA,NA,NA,NA,151,TRUE,2.84999999999991,23.9455493721281,"FS",NA,NA,NA,22,81,8,8,"E2_linear_s_sweep","E__linear_s_sweep_n1800_p1800_sstar30_s60_h54e54a86",1800,1800,30,60,19,0.25,200,8,20690439,20700439,21100439,2.5,1.5,5,"median_abs_prediction_error","within_1.05_best_then_min_budget"
"TS","linear",0.25,0.75,0.25,200,8,1350,450,56,30,225,135,8,5,270448,151,TRUE,39.54,0.757160449355119,"TS",NA,NA,NA,NA,NA,NA,NA,"E2_linear_s_sweep","E__linear_s_sweep_n1800_p1800_sstar30_s60_h54e54a86",1800,1800,30,60,20,0.25,200,8,20690440,20700440,21100440,2.5,1.5,5,"median_abs_prediction_error","within_1.05_best_then_min_budget"
"FD","linear",NA,NA,NA,NA,NA,NA,NA,NA,30,NA,NA,NA,NA,NA,151,TRUE,38.1399999999999,1.41912118465151,"FD_budget",151,225,180,NA,NA,NA,NA,"E2_linear_s_sweep","E__linear_s_sweep_n1800_p1800_sstar30_s60_h54e54a86",1800,1800,30,60,20,0.25,200,8,20690440,20700440,21100440,2.5,1.5,5,"median_abs_prediction_error","within_1.05_best_then_min_budget"
"FS","linear",NA,NA,NA,NA,NA,NA,NA,NA,NA,NA,NA,NA,NA,NA,151,TRUE,3.13999999999987,24.166450438385,"FS",NA,NA,NA,22,81,8,8,"E2_linear_s_sweep","E__linear_s_sweep_n1800_p1800_sstar30_s60_h54e54a86",1800,1800,30,60,20,0.25,200,8,20690440,20700440,21100440,2.5,1.5,5,"median_abs_prediction_error","within_1.05_best_then_min_budget"
"TS","linear",0.25,0.75,0.25,200,8,1350,450,56,30,225,135,8,5,270448,151,TRUE,39.3400000000001,0.754844896937765,"TS",NA,NA,NA,NA,NA,NA,NA,"E2_linear_s_sweep","E__linear_s_sweep_n1800_p1800_sstar30_s60_h54e54a86",1800,1800,30,60,21,0.25,200,8,20690441,20700441,21100441,2.5,1.5,5,"median_abs_prediction_error","within_1.05_best_then_min_budget"
"FD","linear",NA,NA,NA,NA,NA,NA,NA,NA,30,NA,NA,NA,NA,NA,151,TRUE,36.1700000000001,1.44970200072528,"FD_budget",151,225,180,NA,NA,NA,NA,"E2_linear_s_sweep","E__linear_s_sweep_n1800_p1800_sstar30_s60_h54e54a86",1800,1800,30,60,21,0.25,200,8,20690441,20700441,21100441,2.5,1.5,5,"median_abs_prediction_error","within_1.05_best_then_min_budget"
"FS","linear",NA,NA,NA,NA,NA,NA,NA,NA,NA,NA,NA,NA,NA,NA,151,TRUE,2.67000000000007,22.0239284324586,"FS",NA,NA,NA,22,81,8,8,"E2_linear_s_sweep","E__linear_s_sweep_n1800_p1800_sstar30_s60_h54e54a86",1800,1800,30,60,21,0.25,200,8,20690441,20700441,21100441,2.5,1.5,5,"median_abs_prediction_error","within_1.05_best_then_min_budget"
"TS","linear",0.25,0.75,0.25,200,8,1350,450,56,30,225,135,8,5,270448,151,TRUE,40.5599999999999,0.786821539418123,"TS",NA,NA,NA,NA,NA,NA,NA,"E2_linear_s_sweep","E__linear_s_sweep_n1800_p1800_sstar30_s60_h54e54a86",1800,1800,30,60,22,0.25,200,8,20690442,20700442,21100442,2.5,1.5,5,"median_abs_prediction_error","within_1.05_best_then_min_budget"
"FD","linear",NA,NA,NA,NA,NA,NA,NA,NA,30,NA,NA,NA,NA,NA,151,TRUE,35.8499999999999,0.744256363839678,"FD_budget",151,225,180,NA,NA,NA,NA,"E2_linear_s_sweep","E__linear_s_sweep_n1800_p1800_sstar30_s60_h54e54a86",1800,1800,30,60,22,0.25,200,8,20690442,20700442,21100442,2.5,1.5,5,"median_abs_prediction_error","within_1.05_best_then_min_budget"
"FS","linear",NA,NA,NA,NA,NA,NA,NA,NA,NA,NA,NA,NA,NA,NA,151,TRUE,2.82999999999993,25.4250130577336,"FS",NA,NA,NA,22,81,8,8,"E2_linear_s_sweep","E__linear_s_sweep_n1800_p1800_sstar30_s60_h54e54a86",1800,1800,30,60,22,0.25,200,8,20690442,20700442,21100442,2.5,1.5,5,"median_abs_prediction_error","within_1.05_best_then_min_budget"
"TS","linear",0.25,0.75,0.25,200,8,1350,450,56,30,225,135,8,5,270448,151,TRUE,40.77,0.644863251457581,"TS",NA,NA,NA,NA,NA,NA,NA,"E2_linear_s_sweep","E__linear_s_sweep_n1800_p1800_sstar30_s60_h54e54a86",1800,1800,30,60,23,0.25,200,8,20690443,20700443,21100443,2.5,1.5,5,"median_abs_prediction_error","within_1.05_best_then_min_budget"
"FD","linear",NA,NA,NA,NA,NA,NA,NA,NA,30,NA,NA,NA,NA,NA,151,TRUE,36.9899999999998,0.868323985954699,"FD_budget",151,225,180,NA,NA,NA,NA,"E2_linear_s_sweep","E__linear_s_sweep_n1800_p1800_sstar30_s60_h54e54a86",1800,1800,30,60,23,0.25,200,8,20690443,20700443,21100443,2.5,1.5,5,"median_abs_prediction_error","within_1.05_best_then_min_budget"
"FS","linear",NA,NA,NA,NA,NA,NA,NA,NA,NA,NA,NA,NA,NA,NA,151,TRUE,3.04999999999973,22.4275635487307,"FS",NA,NA,NA,22,81,8,8,"E2_linear_s_sweep","E__linear_s_sweep_n1800_p1800_sstar30_s60_h54e54a86",1800,1800,30,60,23,0.25,200,8,20690443,20700443,21100443,2.5,1.5,5,"median_abs_prediction_error","within_1.05_best_then_min_budget"
"TS","linear",0.25,0.75,0.25,200,8,1350,450,56,30,225,135,8,5,270448,151,TRUE,41.0300000000002,0.842397953714752,"TS",NA,NA,NA,NA,NA,NA,NA,"E2_linear_s_sweep","E__linear_s_sweep_n1800_p1800_sstar30_s60_h54e54a86",1800,1800,30,60,24,0.25,200,8,20690444,20700444,21100444,2.5,1.5,5,"median_abs_prediction_error","within_1.05_best_then_min_budget"
"FD","linear",NA,NA,NA,NA,NA,NA,NA,NA,30,NA,NA,NA,NA,NA,151,TRUE,37.8699999999999,0.88909888655937,"FD_budget",151,225,180,NA,NA,NA,NA,"E2_linear_s_sweep","E__linear_s_sweep_n1800_p1800_sstar30_s60_h54e54a86",1800,1800,30,60,24,0.25,200,8,20690444,20700444,21100444,2.5,1.5,5,"median_abs_prediction_error","within_1.05_best_then_min_budget"
"FS","linear",NA,NA,NA,NA,NA,NA,NA,NA,NA,NA,NA,NA,NA,NA,151,TRUE,2.47000000000025,25.11835047632,"FS",NA,NA,NA,22,81,8,8,"E2_linear_s_sweep","E__linear_s_sweep_n1800_p1800_sstar30_s60_h54e54a86",1800,1800,30,60,24,0.25,200,8,20690444,20700444,21100444,2.5,1.5,5,"median_abs_prediction_error","within_1.05_best_then_min_budget"
"TS","linear",0.25,0.75,0.25,200,8,1350,450,56,30,225,135,8,5,270448,151,TRUE,38.6900000000001,1.34530931299228,"TS",NA,NA,NA,NA,NA,NA,NA,"E2_linear_s_sweep","E__linear_s_sweep_n1800_p1800_sstar30_s60_h54e54a86",1800,1800,30,60,25,0.25,200,8,20690445,20700445,21100445,2.5,1.5,5,"median_abs_prediction_error","within_1.05_best_then_min_budget"
"FD","linear",NA,NA,NA,NA,NA,NA,NA,NA,30,NA,NA,NA,NA,NA,151,TRUE,36.6399999999999,1.32881831644973,"FD_budget",151,225,180,NA,NA,NA,NA,"E2_linear_s_sweep","E__linear_s_sweep_n1800_p1800_sstar30_s60_h54e54a86",1800,1800,30,60,25,0.25,200,8,20690445,20700445,21100445,2.5,1.5,5,"median_abs_prediction_error","within_1.05_best_then_min_budget"
"FS","linear",NA,NA,NA,NA,NA,NA,NA,NA,NA,NA,NA,NA,NA,NA,151,TRUE,3.17000000000007,23.4723280251315,"FS",NA,NA,NA,22,81,8,8,"E2_linear_s_sweep","E__linear_s_sweep_n1800_p1800_sstar30_s60_h54e54a86",1800,1800,30,60,25,0.25,200,8,20690445,20700445,21100445,2.5,1.5,5,"median_abs_prediction_error","within_1.05_best_then_min_budget"
"TS","linear",0.25,0.75,0.25,200,8,1350,450,56,30,225,135,8,5,270448,151,TRUE,39.98,0.947586405041909,"TS",NA,NA,NA,NA,NA,NA,NA,"E2_linear_s_sweep","E__linear_s_sweep_n1800_p1800_sstar30_s60_h54e54a86",1800,1800,30,60,26,0.25,200,8,20690446,20700446,21100446,2.5,1.5,5,"median_abs_prediction_error","within_1.05_best_then_min_budget"
"FD","linear",NA,NA,NA,NA,NA,NA,NA,NA,30,NA,NA,NA,NA,NA,151,TRUE,37.3600000000001,1.86001198072874,"FD_budget",151,225,180,NA,NA,NA,NA,"E2_linear_s_sweep","E__linear_s_sweep_n1800_p1800_sstar30_s60_h54e54a86",1800,1800,30,60,26,0.25,200,8,20690446,20700446,21100446,2.5,1.5,5,"median_abs_prediction_error","within_1.05_best_then_min_budget"
"FS","linear",NA,NA,NA,NA,NA,NA,NA,NA,NA,NA,NA,NA,NA,NA,151,TRUE,3.25999999999976,25.955603700285,"FS",NA,NA,NA,22,81,8,8,"E2_linear_s_sweep","E__linear_s_sweep_n1800_p1800_sstar30_s60_h54e54a86",1800,1800,30,60,26,0.25,200,8,20690446,20700446,21100446,2.5,1.5,5,"median_abs_prediction_error","within_1.05_best_then_min_budget"
"TS","linear",0.25,0.75,0.25,200,8,1350,450,56,30,225,135,8,5,270448,151,TRUE,40.79,0.622004543917431,"TS",NA,NA,NA,NA,NA,NA,NA,"E2_linear_s_sweep","E__linear_s_sweep_n1800_p1800_sstar30_s60_h54e54a86",1800,1800,30,60,27,0.25,200,8,20690447,20700447,21100447,2.5,1.5,5,"median_abs_prediction_error","within_1.05_best_then_min_budget"
"FD","linear",NA,NA,NA,NA,NA,NA,NA,NA,30,NA,NA,NA,NA,NA,151,TRUE,38.8099999999999,1.22573574176733,"FD_budget",151,225,180,NA,NA,NA,NA,"E2_linear_s_sweep","E__linear_s_sweep_n1800_p1800_sstar30_s60_h54e54a86",1800,1800,30,60,27,0.25,200,8,20690447,20700447,21100447,2.5,1.5,5,"median_abs_prediction_error","within_1.05_best_then_min_budget"
"FS","linear",NA,NA,NA,NA,NA,NA,NA,NA,NA,NA,NA,NA,NA,NA,151,TRUE,3.0300000000002,23.8360493870926,"FS",NA,NA,NA,22,81,8,8,"E2_linear_s_sweep","E__linear_s_sweep_n1800_p1800_sstar30_s60_h54e54a86",1800,1800,30,60,27,0.25,200,8,20690447,20700447,21100447,2.5,1.5,5,"median_abs_prediction_error","within_1.05_best_then_min_budget"
"TS","linear",0.25,0.75,0.25,200,8,1350,450,56,30,225,135,8,5,270448,151,TRUE,39.3600000000001,0.776916673185016,"TS",NA,NA,NA,NA,NA,NA,NA,"E2_linear_s_sweep","E__linear_s_sweep_n1800_p1800_sstar30_s60_h54e54a86",1800,1800,30,60,28,0.25,200,8,20690448,20700448,21100448,2.5,1.5,5,"median_abs_prediction_error","within_1.05_best_then_min_budget"
"FD","linear",NA,NA,NA,NA,NA,NA,NA,NA,30,NA,NA,NA,NA,NA,151,TRUE,37.5,2.05659529136627,"FD_budget",151,225,180,NA,NA,NA,NA,"E2_linear_s_sweep","E__linear_s_sweep_n1800_p1800_sstar30_s60_h54e54a86",1800,1800,30,60,28,0.25,200,8,20690448,20700448,21100448,2.5,1.5,5,"median_abs_prediction_error","within_1.05_best_then_min_budget"
"FS","linear",NA,NA,NA,NA,NA,NA,NA,NA,NA,NA,NA,NA,NA,NA,151,TRUE,3.01000000000022,25.0110651871492,"FS",NA,NA,NA,22,81,8,8,"E2_linear_s_sweep","E__linear_s_sweep_n1800_p1800_sstar30_s60_h54e54a86",1800,1800,30,60,28,0.25,200,8,20690448,20700448,21100448,2.5,1.5,5,"median_abs_prediction_error","within_1.05_best_then_min_budget"
"TS","linear",0.25,0.75,0.25,200,8,1350,450,56,30,225,135,8,5,270448,151,TRUE,38.5799999999999,0.814200160819053,"TS",NA,NA,NA,NA,NA,NA,NA,"E2_linear_s_sweep","E__linear_s_sweep_n1800_p1800_sstar30_s60_h54e54a86",1800,1800,30,60,29,0.25,200,8,20690449,20700449,21100449,2.5,1.5,5,"median_abs_prediction_error","within_1.05_best_then_min_budget"
"FD","linear",NA,NA,NA,NA,NA,NA,NA,NA,30,NA,NA,NA,NA,NA,151,TRUE,36.9500000000003,1.04126938947088,"FD_budget",151,225,180,NA,NA,NA,NA,"E2_linear_s_sweep","E__linear_s_sweep_n1800_p1800_sstar30_s60_h54e54a86",1800,1800,30,60,29,0.25,200,8,20690449,20700449,21100449,2.5,1.5,5,"median_abs_prediction_error","within_1.05_best_then_min_budget"
"FS","linear",NA,NA,NA,NA,NA,NA,NA,NA,NA,NA,NA,NA,NA,NA,151,TRUE,2.69000000000005,23.8005247793093,"FS",NA,NA,NA,22,81,8,8,"E2_linear_s_sweep","E__linear_s_sweep_n1800_p1800_sstar30_s60_h54e54a86",1800,1800,30,60,29,0.25,200,8,20690449,20700449,21100449,2.5,1.5,5,"median_abs_prediction_error","within_1.05_best_then_min_budget"
"TS","linear",0.25,0.75,0.25,200,8,1350,450,56,30,225,135,8,5,270448,151,TRUE,39.3299999999999,1.40048407370825,"TS",NA,NA,NA,NA,NA,NA,NA,"E2_linear_s_sweep","E__linear_s_sweep_n1800_p1800_sstar30_s60_h54e54a86",1800,1800,30,60,30,0.25,200,8,20690450,20700450,21100450,2.5,1.5,5,"median_abs_prediction_error","within_1.05_best_then_min_budget"
"FD","linear",NA,NA,NA,NA,NA,NA,NA,NA,30,NA,NA,NA,NA,NA,151,TRUE,37.0599999999999,1.36178071913687,"FD_budget",151,225,180,NA,NA,NA,NA,"E2_linear_s_sweep","E__linear_s_sweep_n1800_p1800_sstar30_s60_h54e54a86",1800,1800,30,60,30,0.25,200,8,20690450,20700450,21100450,2.5,1.5,5,"median_abs_prediction_error","within_1.05_best_then_min_budget"
"FS","linear",NA,NA,NA,NA,NA,NA,NA,NA,NA,NA,NA,NA,NA,NA,151,TRUE,2.87999999999965,28.0581004906142,"FS",NA,NA,NA,22,81,8,8,"E2_linear_s_sweep","E__linear_s_sweep_n1800_p1800_sstar30_s60_h54e54a86",1800,1800,30,60,30,0.25,200,8,20690450,20700450,21100450,2.5,1.5,5,"median_abs_prediction_error","within_1.05_best_then_min_budget"
"TS","linear",0.25,0.75,0.25,200,8,1350,450,56,30,225,135,8,5,270448,151,TRUE,40.3599999999997,0.61287814739305,"TS",NA,NA,NA,NA,NA,NA,NA,"E2_linear_s_sweep","E__linear_s_sweep_n1800_p1800_sstar30_s60_h54e54a86",1800,1800,30,60,31,0.25,200,8,20690451,20700451,21100451,2.5,1.5,5,"median_abs_prediction_error","within_1.05_best_then_min_budget"
"FD","linear",NA,NA,NA,NA,NA,NA,NA,NA,30,NA,NA,NA,NA,NA,151,TRUE,36.6700000000001,1.06489415434584,"FD_budget",151,225,180,NA,NA,NA,NA,"E2_linear_s_sweep","E__linear_s_sweep_n1800_p1800_sstar30_s60_h54e54a86",1800,1800,30,60,31,0.25,200,8,20690451,20700451,21100451,2.5,1.5,5,"median_abs_prediction_error","within_1.05_best_then_min_budget"
"FS","linear",NA,NA,NA,NA,NA,NA,NA,NA,NA,NA,NA,NA,NA,NA,151,TRUE,3.05999999999995,25.9025063677613,"FS",NA,NA,NA,22,81,8,8,"E2_linear_s_sweep","E__linear_s_sweep_n1800_p1800_sstar30_s60_h54e54a86",1800,1800,30,60,31,0.25,200,8,20690451,20700451,21100451,2.5,1.5,5,"median_abs_prediction_error","within_1.05_best_then_min_budget"
"TS","linear",0.25,0.75,0.25,200,8,1350,450,56,30,225,135,8,5,270448,151,TRUE,36.75,0.920405707931707,"TS",NA,NA,NA,NA,NA,NA,NA,"E2_linear_s_sweep","E__linear_s_sweep_n1800_p1800_sstar30_s60_h54e54a86",1800,1800,30,60,32,0.25,200,8,20690452,20700452,21100452,2.5,1.5,5,"median_abs_prediction_error","within_1.05_best_then_min_budget"
"FD","linear",NA,NA,NA,NA,NA,NA,NA,NA,30,NA,NA,NA,NA,NA,151,TRUE,38.1900000000001,1.18639939109097,"FD_budget",151,225,180,NA,NA,NA,NA,"E2_linear_s_sweep","E__linear_s_sweep_n1800_p1800_sstar30_s60_h54e54a86",1800,1800,30,60,32,0.25,200,8,20690452,20700452,21100452,2.5,1.5,5,"median_abs_prediction_error","within_1.05_best_then_min_budget"
"FS","linear",NA,NA,NA,NA,NA,NA,NA,NA,NA,NA,NA,NA,NA,NA,151,TRUE,2.80999999999995,25.7410438561855,"FS",NA,NA,NA,22,81,8,8,"E2_linear_s_sweep","E__linear_s_sweep_n1800_p1800_sstar30_s60_h54e54a86",1800,1800,30,60,32,0.25,200,8,20690452,20700452,21100452,2.5,1.5,5,"median_abs_prediction_error","within_1.05_best_then_min_budget"
"TS","linear",0.25,0.75,0.25,200,8,1350,450,56,30,225,135,8,5,270448,151,TRUE,39.7200000000003,0.619376322945571,"TS",NA,NA,NA,NA,NA,NA,NA,"E2_linear_s_sweep","E__linear_s_sweep_n1800_p1800_sstar30_s60_h54e54a86",1800,1800,30,60,33,0.25,200,8,20690453,20700453,21100453,2.5,1.5,5,"median_abs_prediction_error","within_1.05_best_then_min_budget"
"FD","linear",NA,NA,NA,NA,NA,NA,NA,NA,30,NA,NA,NA,NA,NA,151,TRUE,39.8899999999999,0.961256737679034,"FD_budget",151,225,180,NA,NA,NA,NA,"E2_linear_s_sweep","E__linear_s_sweep_n1800_p1800_sstar30_s60_h54e54a86",1800,1800,30,60,33,0.25,200,8,20690453,20700453,21100453,2.5,1.5,5,"median_abs_prediction_error","within_1.05_best_then_min_budget"
"FS","linear",NA,NA,NA,NA,NA,NA,NA,NA,NA,NA,NA,NA,NA,NA,151,TRUE,3.0300000000002,23.0318577232797,"FS",NA,NA,NA,22,81,8,8,"E2_linear_s_sweep","E__linear_s_sweep_n1800_p1800_sstar30_s60_h54e54a86",1800,1800,30,60,33,0.25,200,8,20690453,20700453,21100453,2.5,1.5,5,"median_abs_prediction_error","within_1.05_best_then_min_budget"
"TS","linear",0.25,0.75,0.25,200,8,1350,450,56,30,225,135,8,5,270448,151,TRUE,37.4200000000001,1.7624680380217,"TS",NA,NA,NA,NA,NA,NA,NA,"E2_linear_s_sweep","E__linear_s_sweep_n1800_p1800_sstar30_s60_h54e54a86",1800,1800,30,60,34,0.25,200,8,20690454,20700454,21100454,2.5,1.5,5,"median_abs_prediction_error","within_1.05_best_then_min_budget"
"FD","linear",NA,NA,NA,NA,NA,NA,NA,NA,30,NA,NA,NA,NA,NA,151,TRUE,39.9199999999996,1.15213486848881,"FD_budget",151,225,180,NA,NA,NA,NA,"E2_linear_s_sweep","E__linear_s_sweep_n1800_p1800_sstar30_s60_h54e54a86",1800,1800,30,60,34,0.25,200,8,20690454,20700454,21100454,2.5,1.5,5,"median_abs_prediction_error","within_1.05_best_then_min_budget"
"FS","linear",NA,NA,NA,NA,NA,NA,NA,NA,NA,NA,NA,NA,NA,NA,151,TRUE,2.97000000000025,24.157136972506,"FS",NA,NA,NA,22,81,8,8,"E2_linear_s_sweep","E__linear_s_sweep_n1800_p1800_sstar30_s60_h54e54a86",1800,1800,30,60,34,0.25,200,8,20690454,20700454,21100454,2.5,1.5,5,"median_abs_prediction_error","within_1.05_best_then_min_budget"
"TS","linear",0.25,0.75,0.25,200,8,1350,450,56,30,225,135,8,5,270448,151,TRUE,37.04,0.688891866109536,"TS",NA,NA,NA,NA,NA,NA,NA,"E2_linear_s_sweep","E__linear_s_sweep_n1800_p1800_sstar30_s60_h54e54a86",1800,1800,30,60,35,0.25,200,8,20690455,20700455,21100455,2.5,1.5,5,"median_abs_prediction_error","within_1.05_best_then_min_budget"
"FD","linear",NA,NA,NA,NA,NA,NA,NA,NA,30,NA,NA,NA,NA,NA,151,TRUE,38.52,0.728819172308877,"FD_budget",151,225,180,NA,NA,NA,NA,"E2_linear_s_sweep","E__linear_s_sweep_n1800_p1800_sstar30_s60_h54e54a86",1800,1800,30,60,35,0.25,200,8,20690455,20700455,21100455,2.5,1.5,5,"median_abs_prediction_error","within_1.05_best_then_min_budget"
"FS","linear",NA,NA,NA,NA,NA,NA,NA,NA,NA,NA,NA,NA,NA,NA,151,TRUE,3.0300000000002,24.0040316481406,"FS",NA,NA,NA,22,81,8,8,"E2_linear_s_sweep","E__linear_s_sweep_n1800_p1800_sstar30_s60_h54e54a86",1800,1800,30,60,35,0.25,200,8,20690455,20700455,21100455,2.5,1.5,5,"median_abs_prediction_error","within_1.05_best_then_min_budget"
"TS","linear",0.25,0.75,0.25,200,8,1350,450,56,30,225,135,8,5,270448,151,TRUE,39.4699999999998,0.742052004540913,"TS",NA,NA,NA,NA,NA,NA,NA,"E2_linear_s_sweep","E__linear_s_sweep_n1800_p1800_sstar30_s60_h54e54a86",1800,1800,30,60,36,0.25,200,8,20690456,20700456,21100456,2.5,1.5,5,"median_abs_prediction_error","within_1.05_best_then_min_budget"
"FD","linear",NA,NA,NA,NA,NA,NA,NA,NA,30,NA,NA,NA,NA,NA,151,TRUE,38.4899999999998,1.0377955701332,"FD_budget",151,225,180,NA,NA,NA,NA,"E2_linear_s_sweep","E__linear_s_sweep_n1800_p1800_sstar30_s60_h54e54a86",1800,1800,30,60,36,0.25,200,8,20690456,20700456,21100456,2.5,1.5,5,"median_abs_prediction_error","within_1.05_best_then_min_budget"
"FS","linear",NA,NA,NA,NA,NA,NA,NA,NA,NA,NA,NA,NA,NA,NA,151,TRUE,3.17000000000007,23.6604905357327,"FS",NA,NA,NA,22,81,8,8,"E2_linear_s_sweep","E__linear_s_sweep_n1800_p1800_sstar30_s60_h54e54a86",1800,1800,30,60,36,0.25,200,8,20690456,20700456,21100456,2.5,1.5,5,"median_abs_prediction_error","within_1.05_best_then_min_budget"
"TS","linear",0.25,0.75,0.25,200,8,1350,450,56,30,225,135,8,5,270448,151,TRUE,38.1100000000001,0.557287150917631,"TS",NA,NA,NA,NA,NA,NA,NA,"E2_linear_s_sweep","E__linear_s_sweep_n1800_p1800_sstar30_s60_h54e54a86",1800,1800,30,60,37,0.25,200,8,20690457,20700457,21100457,2.5,1.5,5,"median_abs_prediction_error","within_1.05_best_then_min_budget"
"FD","linear",NA,NA,NA,NA,NA,NA,NA,NA,30,NA,NA,NA,NA,NA,151,TRUE,39.1100000000001,1.04805841206248,"FD_budget",151,225,180,NA,NA,NA,NA,"E2_linear_s_sweep","E__linear_s_sweep_n1800_p1800_sstar30_s60_h54e54a86",1800,1800,30,60,37,0.25,200,8,20690457,20700457,21100457,2.5,1.5,5,"median_abs_prediction_error","within_1.05_best_then_min_budget"
"FS","linear",NA,NA,NA,NA,NA,NA,NA,NA,NA,NA,NA,NA,NA,NA,151,TRUE,3.23000000000002,23.7697699960564,"FS",NA,NA,NA,22,81,8,8,"E2_linear_s_sweep","E__linear_s_sweep_n1800_p1800_sstar30_s60_h54e54a86",1800,1800,30,60,37,0.25,200,8,20690457,20700457,21100457,2.5,1.5,5,"median_abs_prediction_error","within_1.05_best_then_min_budget"
"TS","linear",0.25,0.75,0.25,200,8,1350,450,56,30,225,135,8,5,270448,151,TRUE,38.0499999999997,0.606833111961168,"TS",NA,NA,NA,NA,NA,NA,NA,"E2_linear_s_sweep","E__linear_s_sweep_n1800_p1800_sstar30_s60_h54e54a86",1800,1800,30,60,38,0.25,200,8,20690458,20700458,21100458,2.5,1.5,5,"median_abs_prediction_error","within_1.05_best_then_min_budget"
"FD","linear",NA,NA,NA,NA,NA,NA,NA,NA,30,NA,NA,NA,NA,NA,151,TRUE,39.5799999999999,0.719548855840521,"FD_budget",151,225,180,NA,NA,NA,NA,"E2_linear_s_sweep","E__linear_s_sweep_n1800_p1800_sstar30_s60_h54e54a86",1800,1800,30,60,38,0.25,200,8,20690458,20700458,21100458,2.5,1.5,5,"median_abs_prediction_error","within_1.05_best_then_min_budget"
"FS","linear",NA,NA,NA,NA,NA,NA,NA,NA,NA,NA,NA,NA,NA,NA,151,TRUE,3.17999999999984,23.6373476673661,"FS",NA,NA,NA,22,81,8,8,"E2_linear_s_sweep","E__linear_s_sweep_n1800_p1800_sstar30_s60_h54e54a86",1800,1800,30,60,38,0.25,200,8,20690458,20700458,21100458,2.5,1.5,5,"median_abs_prediction_error","within_1.05_best_then_min_budget"
"TS","linear",0.25,0.75,0.25,200,8,1350,450,56,30,225,135,8,5,270448,151,TRUE,38.1999999999998,1.03637543131142,"TS",NA,NA,NA,NA,NA,NA,NA,"E2_linear_s_sweep","E__linear_s_sweep_n1800_p1800_sstar30_s60_h54e54a86",1800,1800,30,60,39,0.25,200,8,20690459,20700459,21100459,2.5,1.5,5,"median_abs_prediction_error","within_1.05_best_then_min_budget"
"FD","linear",NA,NA,NA,NA,NA,NA,NA,NA,30,NA,NA,NA,NA,NA,151,TRUE,38.9900000000002,1.02965184645542,"FD_budget",151,225,180,NA,NA,NA,NA,"E2_linear_s_sweep","E__linear_s_sweep_n1800_p1800_sstar30_s60_h54e54a86",1800,1800,30,60,39,0.25,200,8,20690459,20700459,21100459,2.5,1.5,5,"median_abs_prediction_error","within_1.05_best_then_min_budget"
"FS","linear",NA,NA,NA,NA,NA,NA,NA,NA,NA,NA,NA,NA,NA,NA,151,TRUE,2.55000000000018,22.7958881026959,"FS",NA,NA,NA,22,81,8,8,"E2_linear_s_sweep","E__linear_s_sweep_n1800_p1800_sstar30_s60_h54e54a86",1800,1800,30,60,39,0.25,200,8,20690459,20700459,21100459,2.5,1.5,5,"median_abs_prediction_error","within_1.05_best_then_min_budget"
"TS","linear",0.25,0.75,0.25,200,8,1350,450,56,30,225,135,8,5,270448,151,TRUE,40.5,0.755331914654701,"TS",NA,NA,NA,NA,NA,NA,NA,"E2_linear_s_sweep","E__linear_s_sweep_n1800_p1800_sstar30_s60_h54e54a86",1800,1800,30,60,40,0.25,200,8,20690460,20700460,21100460,2.5,1.5,5,"median_abs_prediction_error","within_1.05_best_then_min_budget"
"FD","linear",NA,NA,NA,NA,NA,NA,NA,NA,30,NA,NA,NA,NA,NA,151,TRUE,39.8099999999999,0.913681522202431,"FD_budget",151,225,180,NA,NA,NA,NA,"E2_linear_s_sweep","E__linear_s_sweep_n1800_p1800_sstar30_s60_h54e54a86",1800,1800,30,60,40,0.25,200,8,20690460,20700460,21100460,2.5,1.5,5,"median_abs_prediction_error","within_1.05_best_then_min_budget"
"FS","linear",NA,NA,NA,NA,NA,NA,NA,NA,NA,NA,NA,NA,NA,NA,151,TRUE,1.76999999999998,22.3488561362175,"FS",NA,NA,NA,22,81,8,8,"E2_linear_s_sweep","E__linear_s_sweep_n1800_p1800_sstar30_s60_h54e54a86",1800,1800,30,60,40,0.25,200,8,20690460,20700460,21100460,2.5,1.5,5,"median_abs_prediction_error","within_1.05_best_then_min_budget"
"TS","linear",0.25,0.75,0.25,200,8,1350,450,56,30,225,135,8,5,270448,151,TRUE,38.4700000000003,0.81850283134171,"TS",NA,NA,NA,NA,NA,NA,NA,"E2_linear_s_sweep","E__linear_s_sweep_n1800_p1800_sstar30_s60_h54e54a86",1800,1800,30,60,41,0.25,200,8,20690461,20700461,21100461,2.5,1.5,5,"median_abs_prediction_error","within_1.05_best_then_min_budget"
"FD","linear",NA,NA,NA,NA,NA,NA,NA,NA,30,NA,NA,NA,NA,NA,151,TRUE,38.5,0.79569738992668,"FD_budget",151,225,180,NA,NA,NA,NA,"E2_linear_s_sweep","E__linear_s_sweep_n1800_p1800_sstar30_s60_h54e54a86",1800,1800,30,60,41,0.25,200,8,20690461,20700461,21100461,2.5,1.5,5,"median_abs_prediction_error","within_1.05_best_then_min_budget"
"FS","linear",NA,NA,NA,NA,NA,NA,NA,NA,NA,NA,NA,NA,NA,NA,151,TRUE,1.76999999999998,23.819480826504,"FS",NA,NA,NA,22,81,8,8,"E2_linear_s_sweep","E__linear_s_sweep_n1800_p1800_sstar30_s60_h54e54a86",1800,1800,30,60,41,0.25,200,8,20690461,20700461,21100461,2.5,1.5,5,"median_abs_prediction_error","within_1.05_best_then_min_budget"
"TS","linear",0.25,0.75,0.25,200,8,1350,450,56,30,225,135,8,5,270448,151,TRUE,34.71,0.731823629154999,"TS",NA,NA,NA,NA,NA,NA,NA,"E2_linear_s_sweep","E__linear_s_sweep_n1800_p1800_sstar30_s60_h54e54a86",1800,1800,30,60,42,0.25,200,8,20690462,20700462,21100462,2.5,1.5,5,"median_abs_prediction_error","within_1.05_best_then_min_budget"
"FD","linear",NA,NA,NA,NA,NA,NA,NA,NA,30,NA,NA,NA,NA,NA,151,TRUE,24.6899999999996,1.13827153683538,"FD_budget",151,225,180,NA,NA,NA,NA,"E2_linear_s_sweep","E__linear_s_sweep_n1800_p1800_sstar30_s60_h54e54a86",1800,1800,30,60,42,0.25,200,8,20690462,20700462,21100462,2.5,1.5,5,"median_abs_prediction_error","within_1.05_best_then_min_budget"
"FS","linear",NA,NA,NA,NA,NA,NA,NA,NA,NA,NA,NA,NA,NA,NA,151,TRUE,1.62000000000035,26.486643165231,"FS",NA,NA,NA,22,81,8,8,"E2_linear_s_sweep","E__linear_s_sweep_n1800_p1800_sstar30_s60_h54e54a86",1800,1800,30,60,42,0.25,200,8,20690462,20700462,21100462,2.5,1.5,5,"median_abs_prediction_error","within_1.05_best_then_min_budget"
"TS","linear",0.25,0.75,0.25,200,8,1350,450,56,30,225,135,8,5,270448,151,TRUE,35.1899999999996,0.554579302384374,"TS",NA,NA,NA,NA,NA,NA,NA,"E2_linear_s_sweep","E__linear_s_sweep_n1800_p1800_sstar30_s60_h54e54a86",1800,1800,30,60,43,0.25,200,8,20690463,20700463,21100463,2.5,1.5,5,"median_abs_prediction_error","within_1.05_best_then_min_budget"
"FD","linear",NA,NA,NA,NA,NA,NA,NA,NA,30,NA,NA,NA,NA,NA,151,TRUE,25.8000000000002,0.751353672489641,"FD_budget",151,225,180,NA,NA,NA,NA,"E2_linear_s_sweep","E__linear_s_sweep_n1800_p1800_sstar30_s60_h54e54a86",1800,1800,30,60,43,0.25,200,8,20690463,20700463,21100463,2.5,1.5,5,"median_abs_prediction_error","within_1.05_best_then_min_budget"
"FS","linear",NA,NA,NA,NA,NA,NA,NA,NA,NA,NA,NA,NA,NA,NA,151,TRUE,1.76000000000022,22.8471557887787,"FS",NA,NA,NA,22,81,8,8,"E2_linear_s_sweep","E__linear_s_sweep_n1800_p1800_sstar30_s60_h54e54a86",1800,1800,30,60,43,0.25,200,8,20690463,20700463,21100463,2.5,1.5,5,"median_abs_prediction_error","within_1.05_best_then_min_budget"
"TS","linear",0.25,0.75,0.25,200,8,1350,450,56,30,225,135,8,5,270448,151,TRUE,32.1500000000001,0.695345157705226,"TS",NA,NA,NA,NA,NA,NA,NA,"E2_linear_s_sweep","E__linear_s_sweep_n1800_p1800_sstar30_s60_h54e54a86",1800,1800,30,60,44,0.25,200,8,20690464,20700464,21100464,2.5,1.5,5,"median_abs_prediction_error","within_1.05_best_then_min_budget"
"FD","linear",NA,NA,NA,NA,NA,NA,NA,NA,30,NA,NA,NA,NA,NA,151,TRUE,23.7199999999998,1.05694382310894,"FD_budget",151,225,180,NA,NA,NA,NA,"E2_linear_s_sweep","E__linear_s_sweep_n1800_p1800_sstar30_s60_h54e54a86",1800,1800,30,60,44,0.25,200,8,20690464,20700464,21100464,2.5,1.5,5,"median_abs_prediction_error","within_1.05_best_then_min_budget"
"FS","linear",NA,NA,NA,NA,NA,NA,NA,NA,NA,NA,NA,NA,NA,NA,151,TRUE,1.92000000000007,24.6157417544398,"FS",NA,NA,NA,22,81,8,8,"E2_linear_s_sweep","E__linear_s_sweep_n1800_p1800_sstar30_s60_h54e54a86",1800,1800,30,60,44,0.25,200,8,20690464,20700464,21100464,2.5,1.5,5,"median_abs_prediction_error","within_1.05_best_then_min_budget"
"TS","linear",0.25,0.75,0.25,200,8,1350,450,56,30,225,135,8,5,270448,151,TRUE,33.6100000000001,0.741963659610869,"TS",NA,NA,NA,NA,NA,NA,NA,"E2_linear_s_sweep","E__linear_s_sweep_n1800_p1800_sstar30_s60_h54e54a86",1800,1800,30,60,45,0.25,200,8,20690465,20700465,21100465,2.5,1.5,5,"median_abs_prediction_error","within_1.05_best_then_min_budget"
"FD","linear",NA,NA,NA,NA,NA,NA,NA,NA,30,NA,NA,NA,NA,NA,151,TRUE,23.48,0.752995386154591,"FD_budget",151,225,180,NA,NA,NA,NA,"E2_linear_s_sweep","E__linear_s_sweep_n1800_p1800_sstar30_s60_h54e54a86",1800,1800,30,60,45,0.25,200,8,20690465,20700465,21100465,2.5,1.5,5,"median_abs_prediction_error","within_1.05_best_then_min_budget"
"FS","linear",NA,NA,NA,NA,NA,NA,NA,NA,NA,NA,NA,NA,NA,NA,151,TRUE,1.69999999999982,24.13194637008,"FS",NA,NA,NA,22,81,8,8,"E2_linear_s_sweep","E__linear_s_sweep_n1800_p1800_sstar30_s60_h54e54a86",1800,1800,30,60,45,0.25,200,8,20690465,20700465,21100465,2.5,1.5,5,"median_abs_prediction_error","within_1.05_best_then_min_budget"
"TS","linear",0.25,0.75,0.25,200,8,1350,450,56,30,225,135,8,5,270448,151,TRUE,30.3200000000002,0.585760012468981,"TS",NA,NA,NA,NA,NA,NA,NA,"E2_linear_s_sweep","E__linear_s_sweep_n1800_p1800_sstar30_s60_h54e54a86",1800,1800,30,60,46,0.25,200,8,20690466,20700466,21100466,2.5,1.5,5,"median_abs_prediction_error","within_1.05_best_then_min_budget"
"FD","linear",NA,NA,NA,NA,NA,NA,NA,NA,30,NA,NA,NA,NA,NA,151,TRUE,24.6199999999999,0.664388731651457,"FD_budget",151,225,180,NA,NA,NA,NA,"E2_linear_s_sweep","E__linear_s_sweep_n1800_p1800_sstar30_s60_h54e54a86",1800,1800,30,60,46,0.25,200,8,20690466,20700466,21100466,2.5,1.5,5,"median_abs_prediction_error","within_1.05_best_then_min_budget"
"FS","linear",NA,NA,NA,NA,NA,NA,NA,NA,NA,NA,NA,NA,NA,NA,151,TRUE,1.64000000000033,27.5923327831304,"FS",NA,NA,NA,22,81,8,8,"E2_linear_s_sweep","E__linear_s_sweep_n1800_p1800_sstar30_s60_h54e54a86",1800,1800,30,60,46,0.25,200,8,20690466,20700466,21100466,2.5,1.5,5,"median_abs_prediction_error","within_1.05_best_then_min_budget"
"TS","linear",0.25,0.75,0.25,200,8,1350,450,56,30,225,135,8,5,270448,151,TRUE,29.3800000000001,0.69384671062652,"TS",NA,NA,NA,NA,NA,NA,NA,"E2_linear_s_sweep","E__linear_s_sweep_n1800_p1800_sstar30_s60_h54e54a86",1800,1800,30,60,47,0.25,200,8,20690467,20700467,21100467,2.5,1.5,5,"median_abs_prediction_error","within_1.05_best_then_min_budget"
"FD","linear",NA,NA,NA,NA,NA,NA,NA,NA,30,NA,NA,NA,NA,NA,151,TRUE,24.2599999999998,0.893666770007683,"FD_budget",151,225,180,NA,NA,NA,NA,"E2_linear_s_sweep","E__linear_s_sweep_n1800_p1800_sstar30_s60_h54e54a86",1800,1800,30,60,47,0.25,200,8,20690467,20700467,21100467,2.5,1.5,5,"median_abs_prediction_error","within_1.05_best_then_min_budget"
"FS","linear",NA,NA,NA,NA,NA,NA,NA,NA,NA,NA,NA,NA,NA,NA,151,TRUE,1.53999999999996,25.5374901639155,"FS",NA,NA,NA,22,81,8,8,"E2_linear_s_sweep","E__linear_s_sweep_n1800_p1800_sstar30_s60_h54e54a86",1800,1800,30,60,47,0.25,200,8,20690467,20700467,21100467,2.5,1.5,5,"median_abs_prediction_error","within_1.05_best_then_min_budget"
"TS","linear",0.25,0.75,0.25,200,8,1350,450,56,30,225,135,8,5,270448,151,TRUE,26.25,1.27479054170234,"TS",NA,NA,NA,NA,NA,NA,NA,"E2_linear_s_sweep","E__linear_s_sweep_n1800_p1800_sstar30_s60_h54e54a86",1800,1800,30,60,48,0.25,200,8,20690468,20700468,21100468,2.5,1.5,5,"median_abs_prediction_error","within_1.05_best_then_min_budget"
"FD","linear",NA,NA,NA,NA,NA,NA,NA,NA,30,NA,NA,NA,NA,NA,151,TRUE,24.0100000000002,1.96790471663842,"FD_budget",151,225,180,NA,NA,NA,NA,"E2_linear_s_sweep","E__linear_s_sweep_n1800_p1800_sstar30_s60_h54e54a86",1800,1800,30,60,48,0.25,200,8,20690468,20700468,21100468,2.5,1.5,5,"median_abs_prediction_error","within_1.05_best_then_min_budget"
"FS","linear",NA,NA,NA,NA,NA,NA,NA,NA,NA,NA,NA,NA,NA,NA,151,TRUE,1.73999999999978,25.0264547633476,"FS",NA,NA,NA,22,81,8,8,"E2_linear_s_sweep","E__linear_s_sweep_n1800_p1800_sstar30_s60_h54e54a86",1800,1800,30,60,48,0.25,200,8,20690468,20700468,21100468,2.5,1.5,5,"median_abs_prediction_error","within_1.05_best_then_min_budget"
"TS","linear",0.25,0.75,0.25,200,8,1350,450,56,30,225,135,8,5,270448,151,TRUE,25.23,0.504642778933328,"TS",NA,NA,NA,NA,NA,NA,NA,"E2_linear_s_sweep","E__linear_s_sweep_n1800_p1800_sstar30_s60_h54e54a86",1800,1800,30,60,49,0.25,200,8,20690469,20700469,21100469,2.5,1.5,5,"median_abs_prediction_error","within_1.05_best_then_min_budget"
"FD","linear",NA,NA,NA,NA,NA,NA,NA,NA,30,NA,NA,NA,NA,NA,151,TRUE,24.2800000000002,0.835090242909636,"FD_budget",151,225,180,NA,NA,NA,NA,"E2_linear_s_sweep","E__linear_s_sweep_n1800_p1800_sstar30_s60_h54e54a86",1800,1800,30,60,49,0.25,200,8,20690469,20700469,21100469,2.5,1.5,5,"median_abs_prediction_error","within_1.05_best_then_min_budget"
"FS","linear",NA,NA,NA,NA,NA,NA,NA,NA,NA,NA,NA,NA,NA,NA,151,TRUE,1.96000000000004,24.0490874400462,"FS",NA,NA,NA,22,81,8,8,"E2_linear_s_sweep","E__linear_s_sweep_n1800_p1800_sstar30_s60_h54e54a86",1800,1800,30,60,49,0.25,200,8,20690469,20700469,21100469,2.5,1.5,5,"median_abs_prediction_error","within_1.05_best_then_min_budget"
"TS","linear",0.25,0.75,0.25,200,8,1350,450,56,30,225,135,8,5,270448,151,TRUE,27.0100000000002,1.02295638027074,"TS",NA,NA,NA,NA,NA,NA,NA,"E2_linear_s_sweep","E__linear_s_sweep_n1800_p1800_sstar30_s60_h54e54a86",1800,1800,30,60,50,0.25,200,8,20690470,20700470,21100470,2.5,1.5,5,"median_abs_prediction_error","within_1.05_best_then_min_budget"
"FD","linear",NA,NA,NA,NA,NA,NA,NA,NA,30,NA,NA,NA,NA,NA,151,TRUE,24.1700000000001,0.969491359037709,"FD_budget",151,225,180,NA,NA,NA,NA,"E2_linear_s_sweep","E__linear_s_sweep_n1800_p1800_sstar30_s60_h54e54a86",1800,1800,30,60,50,0.25,200,8,20690470,20700470,21100470,2.5,1.5,5,"median_abs_prediction_error","within_1.05_best_then_min_budget"
"FS","linear",NA,NA,NA,NA,NA,NA,NA,NA,NA,NA,NA,NA,NA,NA,151,TRUE,1.52999999999975,25.6747929017761,"FS",NA,NA,NA,22,81,8,8,"E2_linear_s_sweep","E__linear_s_sweep_n1800_p1800_sstar30_s60_h54e54a86",1800,1800,30,60,50,0.25,200,8,20690470,20700470,21100470,2.5,1.5,5,"median_abs_prediction_error","within_1.05_best_then_min_budget"
"TS","linear",0.25,0.75,0.25,200,8,1350,450,56,30,225,135,8,5,270448,151,TRUE,24.5999999999999,0.794700150899535,"TS",NA,NA,NA,NA,NA,NA,NA,"E2_linear_s_sweep","E__linear_s_sweep_n1800_p1800_sstar30_s60_h54e54a86",1800,1800,30,60,51,0.25,200,8,20690471,20700471,21100471,2.5,1.5,5,"median_abs_prediction_error","within_1.05_best_then_min_budget"
"FD","linear",NA,NA,NA,NA,NA,NA,NA,NA,30,NA,NA,NA,NA,NA,151,TRUE,24.8099999999999,1.21873525128604,"FD_budget",151,225,180,NA,NA,NA,NA,"E2_linear_s_sweep","E__linear_s_sweep_n1800_p1800_sstar30_s60_h54e54a86",1800,1800,30,60,51,0.25,200,8,20690471,20700471,21100471,2.5,1.5,5,"median_abs_prediction_error","within_1.05_best_then_min_budget"
"FS","linear",NA,NA,NA,NA,NA,NA,NA,NA,NA,NA,NA,NA,NA,NA,151,TRUE,1.82000000000016,25.1345546352086,"FS",NA,NA,NA,22,81,8,8,"E2_linear_s_sweep","E__linear_s_sweep_n1800_p1800_sstar30_s60_h54e54a86",1800,1800,30,60,51,0.25,200,8,20690471,20700471,21100471,2.5,1.5,5,"median_abs_prediction_error","within_1.05_best_then_min_budget"
"TS","linear",0.25,0.75,0.25,200,8,1350,450,56,30,225,135,8,5,270448,151,TRUE,24.3299999999999,0.895308013057926,"TS",NA,NA,NA,NA,NA,NA,NA,"E2_linear_s_sweep","E__linear_s_sweep_n1800_p1800_sstar30_s60_h54e54a86",1800,1800,30,60,52,0.25,200,8,20690472,20700472,21100472,2.5,1.5,5,"median_abs_prediction_error","within_1.05_best_then_min_budget"
"FD","linear",NA,NA,NA,NA,NA,NA,NA,NA,30,NA,NA,NA,NA,NA,151,TRUE,24.6799999999998,1.07907317728309,"FD_budget",151,225,180,NA,NA,NA,NA,"E2_linear_s_sweep","E__linear_s_sweep_n1800_p1800_sstar30_s60_h54e54a86",1800,1800,30,60,52,0.25,200,8,20690472,20700472,21100472,2.5,1.5,5,"median_abs_prediction_error","within_1.05_best_then_min_budget"
"FS","linear",NA,NA,NA,NA,NA,NA,NA,NA,NA,NA,NA,NA,NA,NA,151,TRUE,1.82000000000016,23.3567434502736,"FS",NA,NA,NA,22,81,8,8,"E2_linear_s_sweep","E__linear_s_sweep_n1800_p1800_sstar30_s60_h54e54a86",1800,1800,30,60,52,0.25,200,8,20690472,20700472,21100472,2.5,1.5,5,"median_abs_prediction_error","within_1.05_best_then_min_budget"
"TS","linear",0.25,0.75,0.25,200,8,1350,450,56,30,225,135,8,5,270448,151,TRUE,26.3599999999997,0.790081591869264,"TS",NA,NA,NA,NA,NA,NA,NA,"E2_linear_s_sweep","E__linear_s_sweep_n1800_p1800_sstar30_s60_h54e54a86",1800,1800,30,60,53,0.25,200,8,20690473,20700473,21100473,2.5,1.5,5,"median_abs_prediction_error","within_1.05_best_then_min_budget"
"FD","linear",NA,NA,NA,NA,NA,NA,NA,NA,30,NA,NA,NA,NA,NA,151,TRUE,24.75,1.23163122312192,"FD_budget",151,225,180,NA,NA,NA,NA,"E2_linear_s_sweep","E__linear_s_sweep_n1800_p1800_sstar30_s60_h54e54a86",1800,1800,30,60,53,0.25,200,8,20690473,20700473,21100473,2.5,1.5,5,"median_abs_prediction_error","within_1.05_best_then_min_budget"
"FS","linear",NA,NA,NA,NA,NA,NA,NA,NA,NA,NA,NA,NA,NA,NA,151,TRUE,1.67000000000007,25.183263550924,"FS",NA,NA,NA,22,81,8,8,"E2_linear_s_sweep","E__linear_s_sweep_n1800_p1800_sstar30_s60_h54e54a86",1800,1800,30,60,53,0.25,200,8,20690473,20700473,21100473,2.5,1.5,5,"median_abs_prediction_error","within_1.05_best_then_min_budget"
"TS","linear",0.25,0.75,0.25,200,8,1350,450,56,30,225,135,8,5,270448,151,TRUE,25.8900000000003,0.955787480345595,"TS",NA,NA,NA,NA,NA,NA,NA,"E2_linear_s_sweep","E__linear_s_sweep_n1800_p1800_sstar30_s60_h54e54a86",1800,1800,30,60,54,0.25,200,8,20690474,20700474,21100474,2.5,1.5,5,"median_abs_prediction_error","within_1.05_best_then_min_budget"
"FD","linear",NA,NA,NA,NA,NA,NA,NA,NA,30,NA,NA,NA,NA,NA,151,TRUE,24.4499999999998,0.967680489695089,"FD_budget",151,225,180,NA,NA,NA,NA,"E2_linear_s_sweep","E__linear_s_sweep_n1800_p1800_sstar30_s60_h54e54a86",1800,1800,30,60,54,0.25,200,8,20690474,20700474,21100474,2.5,1.5,5,"median_abs_prediction_error","within_1.05_best_then_min_budget"
"FS","linear",NA,NA,NA,NA,NA,NA,NA,NA,NA,NA,NA,NA,NA,NA,151,TRUE,1.80999999999995,23.4886059689996,"FS",NA,NA,NA,22,81,8,8,"E2_linear_s_sweep","E__linear_s_sweep_n1800_p1800_sstar30_s60_h54e54a86",1800,1800,30,60,54,0.25,200,8,20690474,20700474,21100474,2.5,1.5,5,"median_abs_prediction_error","within_1.05_best_then_min_budget"
"TS","linear",0.25,0.75,0.25,200,8,1350,450,56,30,225,135,8,5,270448,151,TRUE,24.3900000000003,1.00109869472873,"TS",NA,NA,NA,NA,NA,NA,NA,"E2_linear_s_sweep","E__linear_s_sweep_n1800_p1800_sstar30_s60_h54e54a86",1800,1800,30,60,55,0.25,200,8,20690475,20700475,21100475,2.5,1.5,5,"median_abs_prediction_error","within_1.05_best_then_min_budget"
"FD","linear",NA,NA,NA,NA,NA,NA,NA,NA,30,NA,NA,NA,NA,NA,151,TRUE,25.1299999999997,1.07800468528643,"FD_budget",151,225,180,NA,NA,NA,NA,"E2_linear_s_sweep","E__linear_s_sweep_n1800_p1800_sstar30_s60_h54e54a86",1800,1800,30,60,55,0.25,200,8,20690475,20700475,21100475,2.5,1.5,5,"median_abs_prediction_error","within_1.05_best_then_min_budget"
"FS","linear",NA,NA,NA,NA,NA,NA,NA,NA,NA,NA,NA,NA,NA,NA,151,TRUE,1.70000000000027,26.3135382419157,"FS",NA,NA,NA,22,81,8,8,"E2_linear_s_sweep","E__linear_s_sweep_n1800_p1800_sstar30_s60_h54e54a86",1800,1800,30,60,55,0.25,200,8,20690475,20700475,21100475,2.5,1.5,5,"median_abs_prediction_error","within_1.05_best_then_min_budget"
"TS","linear",0.25,0.75,0.25,200,8,1350,450,56,30,225,135,8,5,270448,151,TRUE,24.8800000000001,1.17529656784502,"TS",NA,NA,NA,NA,NA,NA,NA,"E2_linear_s_sweep","E__linear_s_sweep_n1800_p1800_sstar30_s60_h54e54a86",1800,1800,30,60,56,0.25,200,8,20690476,20700476,21100476,2.5,1.5,5,"median_abs_prediction_error","within_1.05_best_then_min_budget"
"FD","linear",NA,NA,NA,NA,NA,NA,NA,NA,30,NA,NA,NA,NA,NA,151,TRUE,25.5,1.3968196657143,"FD_budget",151,225,180,NA,NA,NA,NA,"E2_linear_s_sweep","E__linear_s_sweep_n1800_p1800_sstar30_s60_h54e54a86",1800,1800,30,60,56,0.25,200,8,20690476,20700476,21100476,2.5,1.5,5,"median_abs_prediction_error","within_1.05_best_then_min_budget"
"FS","linear",NA,NA,NA,NA,NA,NA,NA,NA,NA,NA,NA,NA,NA,NA,151,TRUE,1.72000000000025,23.3155137369393,"FS",NA,NA,NA,22,81,8,8,"E2_linear_s_sweep","E__linear_s_sweep_n1800_p1800_sstar30_s60_h54e54a86",1800,1800,30,60,56,0.25,200,8,20690476,20700476,21100476,2.5,1.5,5,"median_abs_prediction_error","within_1.05_best_then_min_budget"
"TS","linear",0.25,0.75,0.25,200,8,1350,450,56,30,225,135,8,5,270448,151,TRUE,25.6699999999996,0.873144164429529,"TS",NA,NA,NA,NA,NA,NA,NA,"E2_linear_s_sweep","E__linear_s_sweep_n1800_p1800_sstar30_s60_h54e54a86",1800,1800,30,60,57,0.25,200,8,20690477,20700477,21100477,2.5,1.5,5,"median_abs_prediction_error","within_1.05_best_then_min_budget"
"FD","linear",NA,NA,NA,NA,NA,NA,NA,NA,30,NA,NA,NA,NA,NA,151,TRUE,25.3400000000001,0.920258814477973,"FD_budget",151,225,180,NA,NA,NA,NA,"E2_linear_s_sweep","E__linear_s_sweep_n1800_p1800_sstar30_s60_h54e54a86",1800,1800,30,60,57,0.25,200,8,20690477,20700477,21100477,2.5,1.5,5,"median_abs_prediction_error","within_1.05_best_then_min_budget"
"FS","linear",NA,NA,NA,NA,NA,NA,NA,NA,NA,NA,NA,NA,NA,NA,151,TRUE,1.84999999999991,23.7705994355051,"FS",NA,NA,NA,22,81,8,8,"E2_linear_s_sweep","E__linear_s_sweep_n1800_p1800_sstar30_s60_h54e54a86",1800,1800,30,60,57,0.25,200,8,20690477,20700477,21100477,2.5,1.5,5,"median_abs_prediction_error","within_1.05_best_then_min_budget"
"TS","linear",0.25,0.75,0.25,200,8,1350,450,56,30,225,135,8,5,270448,151,TRUE,25.5599999999999,0.569640556691818,"TS",NA,NA,NA,NA,NA,NA,NA,"E2_linear_s_sweep","E__linear_s_sweep_n1800_p1800_sstar30_s60_h54e54a86",1800,1800,30,60,58,0.25,200,8,20690478,20700478,21100478,2.5,1.5,5,"median_abs_prediction_error","within_1.05_best_then_min_budget"
"FD","linear",NA,NA,NA,NA,NA,NA,NA,NA,30,NA,NA,NA,NA,NA,151,TRUE,24.6500000000001,0.681335657811304,"FD_budget",151,225,180,NA,NA,NA,NA,"E2_linear_s_sweep","E__linear_s_sweep_n1800_p1800_sstar30_s60_h54e54a86",1800,1800,30,60,58,0.25,200,8,20690478,20700478,21100478,2.5,1.5,5,"median_abs_prediction_error","within_1.05_best_then_min_budget"
"FS","linear",NA,NA,NA,NA,NA,NA,NA,NA,NA,NA,NA,NA,NA,NA,151,TRUE,1.53999999999996,24.9154593935024,"FS",NA,NA,NA,22,81,8,8,"E2_linear_s_sweep","E__linear_s_sweep_n1800_p1800_sstar30_s60_h54e54a86",1800,1800,30,60,58,0.25,200,8,20690478,20700478,21100478,2.5,1.5,5,"median_abs_prediction_error","within_1.05_best_then_min_budget"
"TS","linear",0.25,0.75,0.25,200,8,1350,450,56,30,225,135,8,5,270448,151,TRUE,25.7800000000002,0.809901263110002,"TS",NA,NA,NA,NA,NA,NA,NA,"E2_linear_s_sweep","E__linear_s_sweep_n1800_p1800_sstar30_s60_h54e54a86",1800,1800,30,60,59,0.25,200,8,20690479,20700479,21100479,2.5,1.5,5,"median_abs_prediction_error","within_1.05_best_then_min_budget"
"FD","linear",NA,NA,NA,NA,NA,NA,NA,NA,30,NA,NA,NA,NA,NA,151,TRUE,24.5900000000001,1.57549869040508,"FD_budget",151,225,180,NA,NA,NA,NA,"E2_linear_s_sweep","E__linear_s_sweep_n1800_p1800_sstar30_s60_h54e54a86",1800,1800,30,60,59,0.25,200,8,20690479,20700479,21100479,2.5,1.5,5,"median_abs_prediction_error","within_1.05_best_then_min_budget"
"FS","linear",NA,NA,NA,NA,NA,NA,NA,NA,NA,NA,NA,NA,NA,NA,151,TRUE,1.79999999999973,25.8656740145285,"FS",NA,NA,NA,22,81,8,8,"E2_linear_s_sweep","E__linear_s_sweep_n1800_p1800_sstar30_s60_h54e54a86",1800,1800,30,60,59,0.25,200,8,20690479,20700479,21100479,2.5,1.5,5,"median_abs_prediction_error","within_1.05_best_then_min_budget"
"TS","linear",0.25,0.75,0.25,200,8,1350,450,56,30,225,135,8,5,270448,151,TRUE,25.4500000000003,0.629911264353189,"TS",NA,NA,NA,NA,NA,NA,NA,"E2_linear_s_sweep","E__linear_s_sweep_n1800_p1800_sstar30_s60_h54e54a86",1800,1800,30,60,60,0.25,200,8,20690480,20700480,21100480,2.5,1.5,5,"median_abs_prediction_error","within_1.05_best_then_min_budget"
"FD","linear",NA,NA,NA,NA,NA,NA,NA,NA,30,NA,NA,NA,NA,NA,151,TRUE,23.8299999999999,0.686548476442409,"FD_budget",151,225,180,NA,NA,NA,NA,"E2_linear_s_sweep","E__linear_s_sweep_n1800_p1800_sstar30_s60_h54e54a86",1800,1800,30,60,60,0.25,200,8,20690480,20700480,21100480,2.5,1.5,5,"median_abs_prediction_error","within_1.05_best_then_min_budget"
"FS","linear",NA,NA,NA,NA,NA,NA,NA,NA,NA,NA,NA,NA,NA,NA,151,TRUE,1.44999999999982,23.5811891015043,"FS",NA,NA,NA,22,81,8,8,"E2_linear_s_sweep","E__linear_s_sweep_n1800_p1800_sstar30_s60_h54e54a86",1800,1800,30,60,60,0.25,200,8,20690480,20700480,21100480,2.5,1.5,5,"median_abs_prediction_error","within_1.05_best_then_min_budget"
"TS","linear",0.25,0.75,0.25,200,8,1350,450,56,30,225,135,8,5,270448,151,TRUE,27.5100000000002,0.77973309161514,"TS",NA,NA,NA,NA,NA,NA,NA,"E2_linear_s_sweep","E__linear_s_sweep_n1800_p1800_sstar30_s60_h54e54a86",1800,1800,30,60,61,0.25,200,8,20690481,20700481,21100481,2.5,1.5,5,"median_abs_prediction_error","within_1.05_best_then_min_budget"
"FD","linear",NA,NA,NA,NA,NA,NA,NA,NA,30,NA,NA,NA,NA,NA,151,TRUE,23.2800000000002,0.68815909438182,"FD_budget",151,225,180,NA,NA,NA,NA,"E2_linear_s_sweep","E__linear_s_sweep_n1800_p1800_sstar30_s60_h54e54a86",1800,1800,30,60,61,0.25,200,8,20690481,20700481,21100481,2.5,1.5,5,"median_abs_prediction_error","within_1.05_best_then_min_budget"
"FS","linear",NA,NA,NA,NA,NA,NA,NA,NA,NA,NA,NA,NA,NA,NA,151,TRUE,1.69999999999982,27.1500432078999,"FS",NA,NA,NA,22,81,8,8,"E2_linear_s_sweep","E__linear_s_sweep_n1800_p1800_sstar30_s60_h54e54a86",1800,1800,30,60,61,0.25,200,8,20690481,20700481,21100481,2.5,1.5,5,"median_abs_prediction_error","within_1.05_best_then_min_budget"
"TS","linear",0.25,0.75,0.25,200,8,1350,450,56,30,225,135,8,5,270448,151,TRUE,25.3099999999999,0.876116273089718,"TS",NA,NA,NA,NA,NA,NA,NA,"E2_linear_s_sweep","E__linear_s_sweep_n1800_p1800_sstar30_s60_h54e54a86",1800,1800,30,60,62,0.25,200,8,20690482,20700482,21100482,2.5,1.5,5,"median_abs_prediction_error","within_1.05_best_then_min_budget"
"FD","linear",NA,NA,NA,NA,NA,NA,NA,NA,30,NA,NA,NA,NA,NA,151,TRUE,24.6100000000001,0.852990025590094,"FD_budget",151,225,180,NA,NA,NA,NA,"E2_linear_s_sweep","E__linear_s_sweep_n1800_p1800_sstar30_s60_h54e54a86",1800,1800,30,60,62,0.25,200,8,20690482,20700482,21100482,2.5,1.5,5,"median_abs_prediction_error","within_1.05_best_then_min_budget"
"FS","linear",NA,NA,NA,NA,NA,NA,NA,NA,NA,NA,NA,NA,NA,NA,151,TRUE,1.5,23.5860806193472,"FS",NA,NA,NA,22,81,8,8,"E2_linear_s_sweep","E__linear_s_sweep_n1800_p1800_sstar30_s60_h54e54a86",1800,1800,30,60,62,0.25,200,8,20690482,20700482,21100482,2.5,1.5,5,"median_abs_prediction_error","within_1.05_best_then_min_budget"
"TS","linear",0.25,0.75,0.25,200,8,1350,450,56,30,225,135,8,5,270448,151,TRUE,25.6900000000001,0.749686846147746,"TS",NA,NA,NA,NA,NA,NA,NA,"E2_linear_s_sweep","E__linear_s_sweep_n1800_p1800_sstar30_s60_h54e54a86",1800,1800,30,60,63,0.25,200,8,20690483,20700483,21100483,2.5,1.5,5,"median_abs_prediction_error","within_1.05_best_then_min_budget"
"FD","linear",NA,NA,NA,NA,NA,NA,NA,NA,30,NA,NA,NA,NA,NA,151,TRUE,22.8899999999999,0.979090616371052,"FD_budget",151,225,180,NA,NA,NA,NA,"E2_linear_s_sweep","E__linear_s_sweep_n1800_p1800_sstar30_s60_h54e54a86",1800,1800,30,60,63,0.25,200,8,20690483,20700483,21100483,2.5,1.5,5,"median_abs_prediction_error","within_1.05_best_then_min_budget"
"FS","linear",NA,NA,NA,NA,NA,NA,NA,NA,NA,NA,NA,NA,NA,NA,151,TRUE,2.19000000000005,25.5785725407304,"FS",NA,NA,NA,22,81,8,8,"E2_linear_s_sweep","E__linear_s_sweep_n1800_p1800_sstar30_s60_h54e54a86",1800,1800,30,60,63,0.25,200,8,20690483,20700483,21100483,2.5,1.5,5,"median_abs_prediction_error","within_1.05_best_then_min_budget"
"TS","linear",0.25,0.75,0.25,200,8,1350,450,56,30,225,135,8,5,270448,151,TRUE,25.4099999999999,0.551098077822432,"TS",NA,NA,NA,NA,NA,NA,NA,"E2_linear_s_sweep","E__linear_s_sweep_n1800_p1800_sstar30_s60_h54e54a86",1800,1800,30,60,64,0.25,200,8,20690484,20700484,21100484,2.5,1.5,5,"median_abs_prediction_error","within_1.05_best_then_min_budget"
"FD","linear",NA,NA,NA,NA,NA,NA,NA,NA,30,NA,NA,NA,NA,NA,151,TRUE,22.0799999999999,1.12403952894516,"FD_budget",151,225,180,NA,NA,NA,NA,"E2_linear_s_sweep","E__linear_s_sweep_n1800_p1800_sstar30_s60_h54e54a86",1800,1800,30,60,64,0.25,200,8,20690484,20700484,21100484,2.5,1.5,5,"median_abs_prediction_error","within_1.05_best_then_min_budget"
"FS","linear",NA,NA,NA,NA,NA,NA,NA,NA,NA,NA,NA,NA,NA,NA,151,TRUE,1.57999999999993,23.6507456696202,"FS",NA,NA,NA,22,81,8,8,"E2_linear_s_sweep","E__linear_s_sweep_n1800_p1800_sstar30_s60_h54e54a86",1800,1800,30,60,64,0.25,200,8,20690484,20700484,21100484,2.5,1.5,5,"median_abs_prediction_error","within_1.05_best_then_min_budget"
"TS","linear",0.25,0.75,0.25,200,8,1350,450,56,30,225,135,8,5,270448,151,TRUE,24.6399999999999,0.688881020631628,"TS",NA,NA,NA,NA,NA,NA,NA,"E2_linear_s_sweep","E__linear_s_sweep_n1800_p1800_sstar30_s60_h54e54a86",1800,1800,30,60,65,0.25,200,8,20690485,20700485,21100485,2.5,1.5,5,"median_abs_prediction_error","within_1.05_best_then_min_budget"
"FD","linear",NA,NA,NA,NA,NA,NA,NA,NA,30,NA,NA,NA,NA,NA,151,TRUE,23.3299999999999,0.996958347267427,"FD_budget",151,225,180,NA,NA,NA,NA,"E2_linear_s_sweep","E__linear_s_sweep_n1800_p1800_sstar30_s60_h54e54a86",1800,1800,30,60,65,0.25,200,8,20690485,20700485,21100485,2.5,1.5,5,"median_abs_prediction_error","within_1.05_best_then_min_budget"
"FS","linear",NA,NA,NA,NA,NA,NA,NA,NA,NA,NA,NA,NA,NA,NA,151,TRUE,1.44000000000005,25.695808846985,"FS",NA,NA,NA,22,81,8,8,"E2_linear_s_sweep","E__linear_s_sweep_n1800_p1800_sstar30_s60_h54e54a86",1800,1800,30,60,65,0.25,200,8,20690485,20700485,21100485,2.5,1.5,5,"median_abs_prediction_error","within_1.05_best_then_min_budget"
"TS","linear",0.25,0.75,0.25,200,8,1350,450,56,30,225,135,8,5,270448,151,TRUE,25.9200000000001,0.50409899508424,"TS",NA,NA,NA,NA,NA,NA,NA,"E2_linear_s_sweep","E__linear_s_sweep_n1800_p1800_sstar30_s60_h54e54a86",1800,1800,30,60,66,0.25,200,8,20690486,20700486,21100486,2.5,1.5,5,"median_abs_prediction_error","within_1.05_best_then_min_budget"
"FD","linear",NA,NA,NA,NA,NA,NA,NA,NA,30,NA,NA,NA,NA,NA,151,TRUE,23.3899999999999,0.734206004060378,"FD_budget",151,225,180,NA,NA,NA,NA,"E2_linear_s_sweep","E__linear_s_sweep_n1800_p1800_sstar30_s60_h54e54a86",1800,1800,30,60,66,0.25,200,8,20690486,20700486,21100486,2.5,1.5,5,"median_abs_prediction_error","within_1.05_best_then_min_budget"
"FS","linear",NA,NA,NA,NA,NA,NA,NA,NA,NA,NA,NA,NA,NA,NA,151,TRUE,1.57000000000016,20.9174144328619,"FS",NA,NA,NA,22,81,8,8,"E2_linear_s_sweep","E__linear_s_sweep_n1800_p1800_sstar30_s60_h54e54a86",1800,1800,30,60,66,0.25,200,8,20690486,20700486,21100486,2.5,1.5,5,"median_abs_prediction_error","within_1.05_best_then_min_budget"
"TS","linear",0.25,0.75,0.25,200,8,1350,450,56,30,225,135,8,5,270448,151,TRUE,25.3200000000002,0.622201898922893,"TS",NA,NA,NA,NA,NA,NA,NA,"E2_linear_s_sweep","E__linear_s_sweep_n1800_p1800_sstar30_s60_h54e54a86",1800,1800,30,60,67,0.25,200,8,20690487,20700487,21100487,2.5,1.5,5,"median_abs_prediction_error","within_1.05_best_then_min_budget"
"FD","linear",NA,NA,NA,NA,NA,NA,NA,NA,30,NA,NA,NA,NA,NA,151,TRUE,22.5700000000002,0.866347966258124,"FD_budget",151,225,180,NA,NA,NA,NA,"E2_linear_s_sweep","E__linear_s_sweep_n1800_p1800_sstar30_s60_h54e54a86",1800,1800,30,60,67,0.25,200,8,20690487,20700487,21100487,2.5,1.5,5,"median_abs_prediction_error","within_1.05_best_then_min_budget"
"FS","linear",NA,NA,NA,NA,NA,NA,NA,NA,NA,NA,NA,NA,NA,NA,151,TRUE,1.53999999999996,24.3001269943993,"FS",NA,NA,NA,22,81,8,8,"E2_linear_s_sweep","E__linear_s_sweep_n1800_p1800_sstar30_s60_h54e54a86",1800,1800,30,60,67,0.25,200,8,20690487,20700487,21100487,2.5,1.5,5,"median_abs_prediction_error","within_1.05_best_then_min_budget"
"TS","linear",0.25,0.75,0.25,200,8,1350,450,56,30,225,135,8,5,270448,151,TRUE,25.4699999999998,0.495296866912341,"TS",NA,NA,NA,NA,NA,NA,NA,"E2_linear_s_sweep","E__linear_s_sweep_n1800_p1800_sstar30_s60_h54e54a86",1800,1800,30,60,68,0.25,200,8,20690488,20700488,21100488,2.5,1.5,5,"median_abs_prediction_error","within_1.05_best_then_min_budget"
"FD","linear",NA,NA,NA,NA,NA,NA,NA,NA,30,NA,NA,NA,NA,NA,151,TRUE,24.21,0.912395114029039,"FD_budget",151,225,180,NA,NA,NA,NA,"E2_linear_s_sweep","E__linear_s_sweep_n1800_p1800_sstar30_s60_h54e54a86",1800,1800,30,60,68,0.25,200,8,20690488,20700488,21100488,2.5,1.5,5,"median_abs_prediction_error","within_1.05_best_then_min_budget"
"FS","linear",NA,NA,NA,NA,NA,NA,NA,NA,NA,NA,NA,NA,NA,NA,151,TRUE,1.67000000000007,23.6803634085572,"FS",NA,NA,NA,22,81,8,8,"E2_linear_s_sweep","E__linear_s_sweep_n1800_p1800_sstar30_s60_h54e54a86",1800,1800,30,60,68,0.25,200,8,20690488,20700488,21100488,2.5,1.5,5,"median_abs_prediction_error","within_1.05_best_then_min_budget"
"TS","linear",0.25,0.75,0.25,200,8,1350,450,56,30,225,135,8,5,270448,151,TRUE,25.4500000000003,0.906276578604551,"TS",NA,NA,NA,NA,NA,NA,NA,"E2_linear_s_sweep","E__linear_s_sweep_n1800_p1800_sstar30_s60_h54e54a86",1800,1800,30,60,69,0.25,200,8,20690489,20700489,21100489,2.5,1.5,5,"median_abs_prediction_error","within_1.05_best_then_min_budget"
"FD","linear",NA,NA,NA,NA,NA,NA,NA,NA,30,NA,NA,NA,NA,NA,151,TRUE,21.8399999999997,0.946495868204772,"FD_budget",151,225,180,NA,NA,NA,NA,"E2_linear_s_sweep","E__linear_s_sweep_n1800_p1800_sstar30_s60_h54e54a86",1800,1800,30,60,69,0.25,200,8,20690489,20700489,21100489,2.5,1.5,5,"median_abs_prediction_error","within_1.05_best_then_min_budget"
"FS","linear",NA,NA,NA,NA,NA,NA,NA,NA,NA,NA,NA,NA,NA,NA,151,TRUE,1.63000000000011,25.7453713666142,"FS",NA,NA,NA,22,81,8,8,"E2_linear_s_sweep","E__linear_s_sweep_n1800_p1800_sstar30_s60_h54e54a86",1800,1800,30,60,69,0.25,200,8,20690489,20700489,21100489,2.5,1.5,5,"median_abs_prediction_error","within_1.05_best_then_min_budget"
"TS","linear",0.25,0.75,0.25,200,8,1350,450,56,30,225,135,8,5,270448,151,TRUE,24.2800000000002,0.592515774409218,"TS",NA,NA,NA,NA,NA,NA,NA,"E2_linear_s_sweep","E__linear_s_sweep_n1800_p1800_sstar30_s60_h54e54a86",1800,1800,30,60,70,0.25,200,8,20690490,20700490,21100490,2.5,1.5,5,"median_abs_prediction_error","within_1.05_best_then_min_budget"
"FD","linear",NA,NA,NA,NA,NA,NA,NA,NA,30,NA,NA,NA,NA,NA,151,TRUE,21.75,1.13753315685036,"FD_budget",151,225,180,NA,NA,NA,NA,"E2_linear_s_sweep","E__linear_s_sweep_n1800_p1800_sstar30_s60_h54e54a86",1800,1800,30,60,70,0.25,200,8,20690490,20700490,21100490,2.5,1.5,5,"median_abs_prediction_error","within_1.05_best_then_min_budget"
"FS","linear",NA,NA,NA,NA,NA,NA,NA,NA,NA,NA,NA,NA,NA,NA,151,TRUE,1.61000000000013,25.4407676308846,"FS",NA,NA,NA,22,81,8,8,"E2_linear_s_sweep","E__linear_s_sweep_n1800_p1800_sstar30_s60_h54e54a86",1800,1800,30,60,70,0.25,200,8,20690490,20700490,21100490,2.5,1.5,5,"median_abs_prediction_error","within_1.05_best_then_min_budget"
"TS","linear",0.25,0.75,0.25,200,8,1350,450,56,30,225,135,8,5,270448,151,TRUE,26.3299999999999,0.732892701377645,"TS",NA,NA,NA,NA,NA,NA,NA,"E2_linear_s_sweep","E__linear_s_sweep_n1800_p1800_sstar30_s60_h54e54a86",1800,1800,30,60,71,0.25,200,8,20690491,20700491,21100491,2.5,1.5,5,"median_abs_prediction_error","within_1.05_best_then_min_budget"
"FD","linear",NA,NA,NA,NA,NA,NA,NA,NA,30,NA,NA,NA,NA,NA,151,TRUE,23.79,0.839786512183001,"FD_budget",151,225,180,NA,NA,NA,NA,"E2_linear_s_sweep","E__linear_s_sweep_n1800_p1800_sstar30_s60_h54e54a86",1800,1800,30,60,71,0.25,200,8,20690491,20700491,21100491,2.5,1.5,5,"median_abs_prediction_error","within_1.05_best_then_min_budget"
"FS","linear",NA,NA,NA,NA,NA,NA,NA,NA,NA,NA,NA,NA,NA,NA,151,TRUE,1.66000000000031,22.8479542275024,"FS",NA,NA,NA,22,81,8,8,"E2_linear_s_sweep","E__linear_s_sweep_n1800_p1800_sstar30_s60_h54e54a86",1800,1800,30,60,71,0.25,200,8,20690491,20700491,21100491,2.5,1.5,5,"median_abs_prediction_error","within_1.05_best_then_min_budget"
"TS","linear",0.25,0.75,0.25,200,8,1350,450,56,30,225,135,8,5,270448,151,TRUE,25.2200000000003,0.632249974618642,"TS",NA,NA,NA,NA,NA,NA,NA,"E2_linear_s_sweep","E__linear_s_sweep_n1800_p1800_sstar30_s60_h54e54a86",1800,1800,30,60,72,0.25,200,8,20690492,20700492,21100492,2.5,1.5,5,"median_abs_prediction_error","within_1.05_best_then_min_budget"
"FD","linear",NA,NA,NA,NA,NA,NA,NA,NA,30,NA,NA,NA,NA,NA,151,TRUE,24.3999999999996,0.98311826079362,"FD_budget",151,225,180,NA,NA,NA,NA,"E2_linear_s_sweep","E__linear_s_sweep_n1800_p1800_sstar30_s60_h54e54a86",1800,1800,30,60,72,0.25,200,8,20690492,20700492,21100492,2.5,1.5,5,"median_abs_prediction_error","within_1.05_best_then_min_budget"
"FS","linear",NA,NA,NA,NA,NA,NA,NA,NA,NA,NA,NA,NA,NA,NA,151,TRUE,1.69000000000005,24.7804530588728,"FS",NA,NA,NA,22,81,8,8,"E2_linear_s_sweep","E__linear_s_sweep_n1800_p1800_sstar30_s60_h54e54a86",1800,1800,30,60,72,0.25,200,8,20690492,20700492,21100492,2.5,1.5,5,"median_abs_prediction_error","within_1.05_best_then_min_budget"
"TS","linear",0.25,0.75,0.25,200,8,1350,450,56,30,225,135,8,5,270448,151,TRUE,24.5,0.59052019170042,"TS",NA,NA,NA,NA,NA,NA,NA,"E2_linear_s_sweep","E__linear_s_sweep_n1800_p1800_sstar30_s60_h54e54a86",1800,1800,30,60,73,0.25,200,8,20690493,20700493,21100493,2.5,1.5,5,"median_abs_prediction_error","within_1.05_best_then_min_budget"
"FD","linear",NA,NA,NA,NA,NA,NA,NA,NA,30,NA,NA,NA,NA,NA,151,TRUE,22.4100000000003,0.753504615501777,"FD_budget",151,225,180,NA,NA,NA,NA,"E2_linear_s_sweep","E__linear_s_sweep_n1800_p1800_sstar30_s60_h54e54a86",1800,1800,30,60,73,0.25,200,8,20690493,20700493,21100493,2.5,1.5,5,"median_abs_prediction_error","within_1.05_best_then_min_budget"
"FS","linear",NA,NA,NA,NA,NA,NA,NA,NA,NA,NA,NA,NA,NA,NA,151,TRUE,1.5,23.4991784201541,"FS",NA,NA,NA,22,81,8,8,"E2_linear_s_sweep","E__linear_s_sweep_n1800_p1800_sstar30_s60_h54e54a86",1800,1800,30,60,73,0.25,200,8,20690493,20700493,21100493,2.5,1.5,5,"median_abs_prediction_error","within_1.05_best_then_min_budget"
"TS","linear",0.25,0.75,0.25,200,8,1350,450,56,30,225,135,8,5,270448,151,TRUE,24.4699999999998,0.759810095779564,"TS",NA,NA,NA,NA,NA,NA,NA,"E2_linear_s_sweep","E__linear_s_sweep_n1800_p1800_sstar30_s60_h54e54a86",1800,1800,30,60,74,0.25,200,8,20690494,20700494,21100494,2.5,1.5,5,"median_abs_prediction_error","within_1.05_best_then_min_budget"
"FD","linear",NA,NA,NA,NA,NA,NA,NA,NA,30,NA,NA,NA,NA,NA,151,TRUE,21.9200000000001,1.08498505550815,"FD_budget",151,225,180,NA,NA,NA,NA,"E2_linear_s_sweep","E__linear_s_sweep_n1800_p1800_sstar30_s60_h54e54a86",1800,1800,30,60,74,0.25,200,8,20690494,20700494,21100494,2.5,1.5,5,"median_abs_prediction_error","within_1.05_best_then_min_budget"
"FS","linear",NA,NA,NA,NA,NA,NA,NA,NA,NA,NA,NA,NA,NA,NA,151,TRUE,1.44000000000005,25.1273580118801,"FS",NA,NA,NA,22,81,8,8,"E2_linear_s_sweep","E__linear_s_sweep_n1800_p1800_sstar30_s60_h54e54a86",1800,1800,30,60,74,0.25,200,8,20690494,20700494,21100494,2.5,1.5,5,"median_abs_prediction_error","within_1.05_best_then_min_budget"
"TS","linear",0.25,0.75,0.25,200,8,1350,450,56,30,225,135,8,5,270448,151,TRUE,25.0500000000002,0.769548220444173,"TS",NA,NA,NA,NA,NA,NA,NA,"E2_linear_s_sweep","E__linear_s_sweep_n1800_p1800_sstar30_s60_h54e54a86",1800,1800,30,60,75,0.25,200,8,20690495,20700495,21100495,2.5,1.5,5,"median_abs_prediction_error","within_1.05_best_then_min_budget"
"FD","linear",NA,NA,NA,NA,NA,NA,NA,NA,30,NA,NA,NA,NA,NA,151,TRUE,21.2999999999997,1.25877925912814,"FD_budget",151,225,180,NA,NA,NA,NA,"E2_linear_s_sweep","E__linear_s_sweep_n1800_p1800_sstar30_s60_h54e54a86",1800,1800,30,60,75,0.25,200,8,20690495,20700495,21100495,2.5,1.5,5,"median_abs_prediction_error","within_1.05_best_then_min_budget"
"FS","linear",NA,NA,NA,NA,NA,NA,NA,NA,NA,NA,NA,NA,NA,NA,151,TRUE,1.45000000000027,23.8215337897049,"FS",NA,NA,NA,22,81,8,8,"E2_linear_s_sweep","E__linear_s_sweep_n1800_p1800_sstar30_s60_h54e54a86",1800,1800,30,60,75,0.25,200,8,20690495,20700495,21100495,2.5,1.5,5,"median_abs_prediction_error","within_1.05_best_then_min_budget"
"TS","linear",0.25,0.75,0.25,200,8,1350,450,56,30,225,135,8,5,270448,151,TRUE,24.1900000000001,0.893935729598543,"TS",NA,NA,NA,NA,NA,NA,NA,"E2_linear_s_sweep","E__linear_s_sweep_n1800_p1800_sstar30_s60_h54e54a86",1800,1800,30,60,76,0.25,200,8,20690496,20700496,21100496,2.5,1.5,5,"median_abs_prediction_error","within_1.05_best_then_min_budget"
"FD","linear",NA,NA,NA,NA,NA,NA,NA,NA,30,NA,NA,NA,NA,NA,151,TRUE,21.9500000000003,1.23717598960071,"FD_budget",151,225,180,NA,NA,NA,NA,"E2_linear_s_sweep","E__linear_s_sweep_n1800_p1800_sstar30_s60_h54e54a86",1800,1800,30,60,76,0.25,200,8,20690496,20700496,21100496,2.5,1.5,5,"median_abs_prediction_error","within_1.05_best_then_min_budget"
"FS","linear",NA,NA,NA,NA,NA,NA,NA,NA,NA,NA,NA,NA,NA,NA,151,TRUE,1.41999999999962,23.9721846412857,"FS",NA,NA,NA,22,81,8,8,"E2_linear_s_sweep","E__linear_s_sweep_n1800_p1800_sstar30_s60_h54e54a86",1800,1800,30,60,76,0.25,200,8,20690496,20700496,21100496,2.5,1.5,5,"median_abs_prediction_error","within_1.05_best_then_min_budget"
"TS","linear",0.25,0.75,0.25,200,8,1350,450,56,30,225,135,8,5,270448,151,TRUE,24.1699999999996,0.962004876590686,"TS",NA,NA,NA,NA,NA,NA,NA,"E2_linear_s_sweep","E__linear_s_sweep_n1800_p1800_sstar30_s60_h54e54a86",1800,1800,30,60,77,0.25,200,8,20690497,20700497,21100497,2.5,1.5,5,"median_abs_prediction_error","within_1.05_best_then_min_budget"
"FD","linear",NA,NA,NA,NA,NA,NA,NA,NA,30,NA,NA,NA,NA,NA,151,TRUE,20.5,1.05884518473161,"FD_budget",151,225,180,NA,NA,NA,NA,"E2_linear_s_sweep","E__linear_s_sweep_n1800_p1800_sstar30_s60_h54e54a86",1800,1800,30,60,77,0.25,200,8,20690497,20700497,21100497,2.5,1.5,5,"median_abs_prediction_error","within_1.05_best_then_min_budget"
"FS","linear",NA,NA,NA,NA,NA,NA,NA,NA,NA,NA,NA,NA,NA,NA,151,TRUE,1.2800000000002,20.7979104329274,"FS",NA,NA,NA,22,81,8,8,"E2_linear_s_sweep","E__linear_s_sweep_n1800_p1800_sstar30_s60_h54e54a86",1800,1800,30,60,77,0.25,200,8,20690497,20700497,21100497,2.5,1.5,5,"median_abs_prediction_error","within_1.05_best_then_min_budget"
"TS","linear",0.25,0.75,0.25,200,8,1350,450,56,30,225,135,8,5,270448,151,TRUE,24.0599999999999,0.923214898566745,"TS",NA,NA,NA,NA,NA,NA,NA,"E2_linear_s_sweep","E__linear_s_sweep_n1800_p1800_sstar30_s60_h54e54a86",1800,1800,30,60,78,0.25,200,8,20690498,20700498,21100498,2.5,1.5,5,"median_abs_prediction_error","within_1.05_best_then_min_budget"
"FD","linear",NA,NA,NA,NA,NA,NA,NA,NA,30,NA,NA,NA,NA,NA,151,TRUE,21.0799999999999,1.07623088476454,"FD_budget",151,225,180,NA,NA,NA,NA,"E2_linear_s_sweep","E__linear_s_sweep_n1800_p1800_sstar30_s60_h54e54a86",1800,1800,30,60,78,0.25,200,8,20690498,20700498,21100498,2.5,1.5,5,"median_abs_prediction_error","within_1.05_best_then_min_budget"
"FS","linear",NA,NA,NA,NA,NA,NA,NA,NA,NA,NA,NA,NA,NA,NA,151,TRUE,1.28999999999996,23.5454753815515,"FS",NA,NA,NA,22,81,8,8,"E2_linear_s_sweep","E__linear_s_sweep_n1800_p1800_sstar30_s60_h54e54a86",1800,1800,30,60,78,0.25,200,8,20690498,20700498,21100498,2.5,1.5,5,"median_abs_prediction_error","within_1.05_best_then_min_budget"
"TS","linear",0.25,0.75,0.25,200,8,1350,450,56,30,225,135,8,5,270448,151,TRUE,23.3600000000001,0.958932109035282,"TS",NA,NA,NA,NA,NA,NA,NA,"E2_linear_s_sweep","E__linear_s_sweep_n1800_p1800_sstar30_s60_h54e54a86",1800,1800,30,60,79,0.25,200,8,20690499,20700499,21100499,2.5,1.5,5,"median_abs_prediction_error","within_1.05_best_then_min_budget"
"FD","linear",NA,NA,NA,NA,NA,NA,NA,NA,30,NA,NA,NA,NA,NA,151,TRUE,19.4099999999999,1.19905534082688,"FD_budget",151,225,180,NA,NA,NA,NA,"E2_linear_s_sweep","E__linear_s_sweep_n1800_p1800_sstar30_s60_h54e54a86",1800,1800,30,60,79,0.25,200,8,20690499,20700499,21100499,2.5,1.5,5,"median_abs_prediction_error","within_1.05_best_then_min_budget"
"FS","linear",NA,NA,NA,NA,NA,NA,NA,NA,NA,NA,NA,NA,NA,NA,151,TRUE,1.23999999999978,25.4981541778968,"FS",NA,NA,NA,22,81,8,8,"E2_linear_s_sweep","E__linear_s_sweep_n1800_p1800_sstar30_s60_h54e54a86",1800,1800,30,60,79,0.25,200,8,20690499,20700499,21100499,2.5,1.5,5,"median_abs_prediction_error","within_1.05_best_then_min_budget"
"TS","linear",0.25,0.75,0.25,200,8,1350,450,56,30,225,135,8,5,270448,151,TRUE,22.6300000000001,0.681164497871639,"TS",NA,NA,NA,NA,NA,NA,NA,"E2_linear_s_sweep","E__linear_s_sweep_n1800_p1800_sstar30_s60_h54e54a86",1800,1800,30,60,80,0.25,200,8,20690500,20700500,21100500,2.5,1.5,5,"median_abs_prediction_error","within_1.05_best_then_min_budget"
"FD","linear",NA,NA,NA,NA,NA,NA,NA,NA,30,NA,NA,NA,NA,NA,151,TRUE,17.1100000000001,1.01440350296946,"FD_budget",151,225,180,NA,NA,NA,NA,"E2_linear_s_sweep","E__linear_s_sweep_n1800_p1800_sstar30_s60_h54e54a86",1800,1800,30,60,80,0.25,200,8,20690500,20700500,21100500,2.5,1.5,5,"median_abs_prediction_error","within_1.05_best_then_min_budget"
"FS","linear",NA,NA,NA,NA,NA,NA,NA,NA,NA,NA,NA,NA,NA,NA,151,TRUE,1.26999999999998,24.5225130667477,"FS",NA,NA,NA,22,81,8,8,"E2_linear_s_sweep","E__linear_s_sweep_n1800_p1800_sstar30_s60_h54e54a86",1800,1800,30,60,80,0.25,200,8,20690500,20700500,21100500,2.5,1.5,5,"median_abs_prediction_error","within_1.05_best_then_min_budget"
"TS","linear",0.25,0.75,0.25,200,8,1350,450,56,30,225,135,8,5,270448,151,TRUE,22.6200000000003,0.666945849697559,"TS",NA,NA,NA,NA,NA,NA,NA,"E2_linear_s_sweep","E__linear_s_sweep_n1800_p1800_sstar30_s60_h54e54a86",1800,1800,30,60,81,0.25,200,8,20690501,20700501,21100501,2.5,1.5,5,"median_abs_prediction_error","within_1.05_best_then_min_budget"
"FD","linear",NA,NA,NA,NA,NA,NA,NA,NA,30,NA,NA,NA,NA,NA,151,TRUE,17.3599999999997,0.863680970009892,"FD_budget",151,225,180,NA,NA,NA,NA,"E2_linear_s_sweep","E__linear_s_sweep_n1800_p1800_sstar30_s60_h54e54a86",1800,1800,30,60,81,0.25,200,8,20690501,20700501,21100501,2.5,1.5,5,"median_abs_prediction_error","within_1.05_best_then_min_budget"
"FS","linear",NA,NA,NA,NA,NA,NA,NA,NA,NA,NA,NA,NA,NA,NA,151,TRUE,1.20000000000027,25.2770085712468,"FS",NA,NA,NA,22,81,8,8,"E2_linear_s_sweep","E__linear_s_sweep_n1800_p1800_sstar30_s60_h54e54a86",1800,1800,30,60,81,0.25,200,8,20690501,20700501,21100501,2.5,1.5,5,"median_abs_prediction_error","within_1.05_best_then_min_budget"
"TS","linear",0.25,0.75,0.25,200,8,1350,450,56,30,225,135,8,5,270448,151,TRUE,22.4699999999998,0.590501472539494,"TS",NA,NA,NA,NA,NA,NA,NA,"E2_linear_s_sweep","E__linear_s_sweep_n1800_p1800_sstar30_s60_h54e54a86",1800,1800,30,60,82,0.25,200,8,20690502,20700502,21100502,2.5,1.5,5,"median_abs_prediction_error","within_1.05_best_then_min_budget"
"FD","linear",NA,NA,NA,NA,NA,NA,NA,NA,30,NA,NA,NA,NA,NA,151,TRUE,16.5900000000001,1.0463692130454,"FD_budget",151,225,180,NA,NA,NA,NA,"E2_linear_s_sweep","E__linear_s_sweep_n1800_p1800_sstar30_s60_h54e54a86",1800,1800,30,60,82,0.25,200,8,20690502,20700502,21100502,2.5,1.5,5,"median_abs_prediction_error","within_1.05_best_then_min_budget"
"FS","linear",NA,NA,NA,NA,NA,NA,NA,NA,NA,NA,NA,NA,NA,NA,151,TRUE,1.23000000000002,24.4326300449022,"FS",NA,NA,NA,22,81,8,8,"E2_linear_s_sweep","E__linear_s_sweep_n1800_p1800_sstar30_s60_h54e54a86",1800,1800,30,60,82,0.25,200,8,20690502,20700502,21100502,2.5,1.5,5,"median_abs_prediction_error","within_1.05_best_then_min_budget"
"TS","linear",0.25,0.75,0.25,200,8,1350,450,56,30,225,135,8,5,270448,151,TRUE,22.1699999999996,0.91947829093024,"TS",NA,NA,NA,NA,NA,NA,NA,"E2_linear_s_sweep","E__linear_s_sweep_n1800_p1800_sstar30_s60_h54e54a86",1800,1800,30,60,83,0.25,200,8,20690503,20700503,21100503,2.5,1.5,5,"median_abs_prediction_error","within_1.05_best_then_min_budget"
"FD","linear",NA,NA,NA,NA,NA,NA,NA,NA,30,NA,NA,NA,NA,NA,151,TRUE,17.1400000000003,0.893378784708915,"FD_budget",151,225,180,NA,NA,NA,NA,"E2_linear_s_sweep","E__linear_s_sweep_n1800_p1800_sstar30_s60_h54e54a86",1800,1800,30,60,83,0.25,200,8,20690503,20700503,21100503,2.5,1.5,5,"median_abs_prediction_error","within_1.05_best_then_min_budget"
"FS","linear",NA,NA,NA,NA,NA,NA,NA,NA,NA,NA,NA,NA,NA,NA,151,TRUE,1.09999999999991,25.1668556041618,"FS",NA,NA,NA,22,81,8,8,"E2_linear_s_sweep","E__linear_s_sweep_n1800_p1800_sstar30_s60_h54e54a86",1800,1800,30,60,83,0.25,200,8,20690503,20700503,21100503,2.5,1.5,5,"median_abs_prediction_error","within_1.05_best_then_min_budget"
"TS","linear",0.25,0.75,0.25,200,8,1350,450,56,30,225,135,8,5,270448,151,TRUE,21.29,0.753379917626087,"TS",NA,NA,NA,NA,NA,NA,NA,"E2_linear_s_sweep","E__linear_s_sweep_n1800_p1800_sstar30_s60_h54e54a86",1800,1800,30,60,84,0.25,200,8,20690504,20700504,21100504,2.5,1.5,5,"median_abs_prediction_error","within_1.05_best_then_min_budget"
"FD","linear",NA,NA,NA,NA,NA,NA,NA,NA,30,NA,NA,NA,NA,NA,151,TRUE,15.9900000000002,0.750118185997385,"FD_budget",151,225,180,NA,NA,NA,NA,"E2_linear_s_sweep","E__linear_s_sweep_n1800_p1800_sstar30_s60_h54e54a86",1800,1800,30,60,84,0.25,200,8,20690504,20700504,21100504,2.5,1.5,5,"median_abs_prediction_error","within_1.05_best_then_min_budget"
"FS","linear",NA,NA,NA,NA,NA,NA,NA,NA,NA,NA,NA,NA,NA,NA,151,TRUE,0.799999999999727,25.4572913773949,"FS",NA,NA,NA,22,81,8,8,"E2_linear_s_sweep","E__linear_s_sweep_n1800_p1800_sstar30_s60_h54e54a86",1800,1800,30,60,84,0.25,200,8,20690504,20700504,21100504,2.5,1.5,5,"median_abs_prediction_error","within_1.05_best_then_min_budget"
"TS","linear",0.25,0.75,0.25,200,8,1350,450,56,30,225,135,8,5,270448,151,TRUE,22.3000000000002,0.7115560160106,"TS",NA,NA,NA,NA,NA,NA,NA,"E2_linear_s_sweep","E__linear_s_sweep_n1800_p1800_sstar30_s60_h54e54a86",1800,1800,30,60,85,0.25,200,8,20690505,20700505,21100505,2.5,1.5,5,"median_abs_prediction_error","within_1.05_best_then_min_budget"
"FD","linear",NA,NA,NA,NA,NA,NA,NA,NA,30,NA,NA,NA,NA,NA,151,TRUE,16.9199999999996,0.791416342982015,"FD_budget",151,225,180,NA,NA,NA,NA,"E2_linear_s_sweep","E__linear_s_sweep_n1800_p1800_sstar30_s60_h54e54a86",1800,1800,30,60,85,0.25,200,8,20690505,20700505,21100505,2.5,1.5,5,"median_abs_prediction_error","within_1.05_best_then_min_budget"
"FS","linear",NA,NA,NA,NA,NA,NA,NA,NA,NA,NA,NA,NA,NA,NA,151,TRUE,1.08000000000038,26.1036552418301,"FS",NA,NA,NA,22,81,8,8,"E2_linear_s_sweep","E__linear_s_sweep_n1800_p1800_sstar30_s60_h54e54a86",1800,1800,30,60,85,0.25,200,8,20690505,20700505,21100505,2.5,1.5,5,"median_abs_prediction_error","within_1.05_best_then_min_budget"
"TS","linear",0.25,0.75,0.25,200,8,1350,450,56,30,225,135,8,5,270448,151,TRUE,22.1399999999999,0.989380658267023,"TS",NA,NA,NA,NA,NA,NA,NA,"E2_linear_s_sweep","E__linear_s_sweep_n1800_p1800_sstar30_s60_h54e54a86",1800,1800,30,60,86,0.25,200,8,20690506,20700506,21100506,2.5,1.5,5,"median_abs_prediction_error","within_1.05_best_then_min_budget"
"FD","linear",NA,NA,NA,NA,NA,NA,NA,NA,30,NA,NA,NA,NA,NA,151,TRUE,16.04,0.893968013568111,"FD_budget",151,225,180,NA,NA,NA,NA,"E2_linear_s_sweep","E__linear_s_sweep_n1800_p1800_sstar30_s60_h54e54a86",1800,1800,30,60,86,0.25,200,8,20690506,20700506,21100506,2.5,1.5,5,"median_abs_prediction_error","within_1.05_best_then_min_budget"
"FS","linear",NA,NA,NA,NA,NA,NA,NA,NA,NA,NA,NA,NA,NA,NA,151,TRUE,0.960000000000036,24.8621899219916,"FS",NA,NA,NA,22,81,8,8,"E2_linear_s_sweep","E__linear_s_sweep_n1800_p1800_sstar30_s60_h54e54a86",1800,1800,30,60,86,0.25,200,8,20690506,20700506,21100506,2.5,1.5,5,"median_abs_prediction_error","within_1.05_best_then_min_budget"
"TS","linear",0.25,0.75,0.25,200,8,1350,450,56,30,225,135,8,5,270448,151,TRUE,21.8899999999999,0.804436400302418,"TS",NA,NA,NA,NA,NA,NA,NA,"E2_linear_s_sweep","E__linear_s_sweep_n1800_p1800_sstar30_s60_h54e54a86",1800,1800,30,60,87,0.25,200,8,20690507,20700507,21100507,2.5,1.5,5,"median_abs_prediction_error","within_1.05_best_then_min_budget"
"FD","linear",NA,NA,NA,NA,NA,NA,NA,NA,30,NA,NA,NA,NA,NA,151,TRUE,16.46,0.853612424102048,"FD_budget",151,225,180,NA,NA,NA,NA,"E2_linear_s_sweep","E__linear_s_sweep_n1800_p1800_sstar30_s60_h54e54a86",1800,1800,30,60,87,0.25,200,8,20690507,20700507,21100507,2.5,1.5,5,"median_abs_prediction_error","within_1.05_best_then_min_budget"
"FS","linear",NA,NA,NA,NA,NA,NA,NA,NA,NA,NA,NA,NA,NA,NA,151,TRUE,1.07999999999993,25.6154003944237,"FS",NA,NA,NA,22,81,8,8,"E2_linear_s_sweep","E__linear_s_sweep_n1800_p1800_sstar30_s60_h54e54a86",1800,1800,30,60,87,0.25,200,8,20690507,20700507,21100507,2.5,1.5,5,"median_abs_prediction_error","within_1.05_best_then_min_budget"
"TS","linear",0.25,0.75,0.25,200,8,1350,450,56,30,225,135,8,5,270448,151,TRUE,22.3599999999997,1.10750519308004,"TS",NA,NA,NA,NA,NA,NA,NA,"E2_linear_s_sweep","E__linear_s_sweep_n1800_p1800_sstar30_s60_h54e54a86",1800,1800,30,60,88,0.25,200,8,20690508,20700508,21100508,2.5,1.5,5,"median_abs_prediction_error","within_1.05_best_then_min_budget"
"FD","linear",NA,NA,NA,NA,NA,NA,NA,NA,30,NA,NA,NA,NA,NA,151,TRUE,15.6900000000001,1.81043438777902,"FD_budget",151,225,180,NA,NA,NA,NA,"E2_linear_s_sweep","E__linear_s_sweep_n1800_p1800_sstar30_s60_h54e54a86",1800,1800,30,60,88,0.25,200,8,20690508,20700508,21100508,2.5,1.5,5,"median_abs_prediction_error","within_1.05_best_then_min_budget"
"FS","linear",NA,NA,NA,NA,NA,NA,NA,NA,NA,NA,NA,NA,NA,NA,151,TRUE,0.920000000000073,23.63269120465,"FS",NA,NA,NA,22,81,8,8,"E2_linear_s_sweep","E__linear_s_sweep_n1800_p1800_sstar30_s60_h54e54a86",1800,1800,30,60,88,0.25,200,8,20690508,20700508,21100508,2.5,1.5,5,"median_abs_prediction_error","within_1.05_best_then_min_budget"
"TS","linear",0.25,0.75,0.25,200,8,1350,450,56,30,225,135,8,5,270448,151,TRUE,20.7599999999998,0.653229993222759,"TS",NA,NA,NA,NA,NA,NA,NA,"E2_linear_s_sweep","E__linear_s_sweep_n1800_p1800_sstar30_s60_h54e54a86",1800,1800,30,60,89,0.25,200,8,20690509,20700509,21100509,2.5,1.5,5,"median_abs_prediction_error","within_1.05_best_then_min_budget"
"FD","linear",NA,NA,NA,NA,NA,NA,NA,NA,30,NA,NA,NA,NA,NA,151,TRUE,14.4000000000001,0.841894684269831,"FD_budget",151,225,180,NA,NA,NA,NA,"E2_linear_s_sweep","E__linear_s_sweep_n1800_p1800_sstar30_s60_h54e54a86",1800,1800,30,60,89,0.25,200,8,20690509,20700509,21100509,2.5,1.5,5,"median_abs_prediction_error","within_1.05_best_then_min_budget"
"FS","linear",NA,NA,NA,NA,NA,NA,NA,NA,NA,NA,NA,NA,NA,NA,151,TRUE,0.840000000000146,23.4998117347919,"FS",NA,NA,NA,22,81,8,8,"E2_linear_s_sweep","E__linear_s_sweep_n1800_p1800_sstar30_s60_h54e54a86",1800,1800,30,60,89,0.25,200,8,20690509,20700509,21100509,2.5,1.5,5,"median_abs_prediction_error","within_1.05_best_then_min_budget"
"TS","linear",0.25,0.75,0.25,200,8,1350,450,56,30,225,135,8,5,270448,151,TRUE,20.8299999999999,1.20595122958784,"TS",NA,NA,NA,NA,NA,NA,NA,"E2_linear_s_sweep","E__linear_s_sweep_n1800_p1800_sstar30_s60_h54e54a86",1800,1800,30,60,90,0.25,200,8,20690510,20700510,21100510,2.5,1.5,5,"median_abs_prediction_error","within_1.05_best_then_min_budget"
"FD","linear",NA,NA,NA,NA,NA,NA,NA,NA,30,NA,NA,NA,NA,NA,151,TRUE,14.4200000000001,1.47364872159849,"FD_budget",151,225,180,NA,NA,NA,NA,"E2_linear_s_sweep","E__linear_s_sweep_n1800_p1800_sstar30_s60_h54e54a86",1800,1800,30,60,90,0.25,200,8,20690510,20700510,21100510,2.5,1.5,5,"median_abs_prediction_error","within_1.05_best_then_min_budget"
"FS","linear",NA,NA,NA,NA,NA,NA,NA,NA,NA,NA,NA,NA,NA,NA,151,TRUE,0.829999999999927,24.8737146457774,"FS",NA,NA,NA,22,81,8,8,"E2_linear_s_sweep","E__linear_s_sweep_n1800_p1800_sstar30_s60_h54e54a86",1800,1800,30,60,90,0.25,200,8,20690510,20700510,21100510,2.5,1.5,5,"median_abs_prediction_error","within_1.05_best_then_min_budget"
"TS","linear",0.25,0.75,0.25,200,8,1350,450,56,30,225,135,8,5,270448,151,TRUE,19.9000000000001,0.69019701810639,"TS",NA,NA,NA,NA,NA,NA,NA,"E2_linear_s_sweep","E__linear_s_sweep_n1800_p1800_sstar30_s60_h54e54a86",1800,1800,30,60,91,0.25,200,8,20690511,20700511,21100511,2.5,1.5,5,"median_abs_prediction_error","within_1.05_best_then_min_budget"
"FD","linear",NA,NA,NA,NA,NA,NA,NA,NA,30,NA,NA,NA,NA,NA,151,TRUE,13.8600000000001,1.45478001098258,"FD_budget",151,225,180,NA,NA,NA,NA,"E2_linear_s_sweep","E__linear_s_sweep_n1800_p1800_sstar30_s60_h54e54a86",1800,1800,30,60,91,0.25,200,8,20690511,20700511,21100511,2.5,1.5,5,"median_abs_prediction_error","within_1.05_best_then_min_budget"
"FS","linear",NA,NA,NA,NA,NA,NA,NA,NA,NA,NA,NA,NA,NA,NA,151,TRUE,0.7199999999998,25.7812974382624,"FS",NA,NA,NA,22,81,8,8,"E2_linear_s_sweep","E__linear_s_sweep_n1800_p1800_sstar30_s60_h54e54a86",1800,1800,30,60,91,0.25,200,8,20690511,20700511,21100511,2.5,1.5,5,"median_abs_prediction_error","within_1.05_best_then_min_budget"
"TS","linear",0.25,0.75,0.25,200,8,1350,450,56,30,225,135,8,5,270448,151,TRUE,19.9000000000001,0.769199211560802,"TS",NA,NA,NA,NA,NA,NA,NA,"E2_linear_s_sweep","E__linear_s_sweep_n1800_p1800_sstar30_s60_h54e54a86",1800,1800,30,60,92,0.25,200,8,20690512,20700512,21100512,2.5,1.5,5,"median_abs_prediction_error","within_1.05_best_then_min_budget"
"FD","linear",NA,NA,NA,NA,NA,NA,NA,NA,30,NA,NA,NA,NA,NA,151,TRUE,12.8899999999999,0.920055293705941,"FD_budget",151,225,180,NA,NA,NA,NA,"E2_linear_s_sweep","E__linear_s_sweep_n1800_p1800_sstar30_s60_h54e54a86",1800,1800,30,60,92,0.25,200,8,20690512,20700512,21100512,2.5,1.5,5,"median_abs_prediction_error","within_1.05_best_then_min_budget"
"FS","linear",NA,NA,NA,NA,NA,NA,NA,NA,NA,NA,NA,NA,NA,NA,151,TRUE,0.630000000000109,26.5615283276964,"FS",NA,NA,NA,22,81,8,8,"E2_linear_s_sweep","E__linear_s_sweep_n1800_p1800_sstar30_s60_h54e54a86",1800,1800,30,60,92,0.25,200,8,20690512,20700512,21100512,2.5,1.5,5,"median_abs_prediction_error","within_1.05_best_then_min_budget"
"TS","linear",0.25,0.75,0.25,200,8,1350,450,56,30,225,135,8,5,270448,151,TRUE,20.1700000000001,0.839738075160344,"TS",NA,NA,NA,NA,NA,NA,NA,"E2_linear_s_sweep","E__linear_s_sweep_n1800_p1800_sstar30_s60_h54e54a86",1800,1800,30,60,93,0.25,200,8,20690513,20700513,21100513,2.5,1.5,5,"median_abs_prediction_error","within_1.05_best_then_min_budget"
"FD","linear",NA,NA,NA,NA,NA,NA,NA,NA,30,NA,NA,NA,NA,NA,151,TRUE,12.3399999999997,1.24444898620027,"FD_budget",151,225,180,NA,NA,NA,NA,"E2_linear_s_sweep","E__linear_s_sweep_n1800_p1800_sstar30_s60_h54e54a86",1800,1800,30,60,93,0.25,200,8,20690513,20700513,21100513,2.5,1.5,5,"median_abs_prediction_error","within_1.05_best_then_min_budget"
"FS","linear",NA,NA,NA,NA,NA,NA,NA,NA,NA,NA,NA,NA,NA,NA,151,TRUE,0.670000000000073,22.7049225082276,"FS",NA,NA,NA,22,81,8,8,"E2_linear_s_sweep","E__linear_s_sweep_n1800_p1800_sstar30_s60_h54e54a86",1800,1800,30,60,93,0.25,200,8,20690513,20700513,21100513,2.5,1.5,5,"median_abs_prediction_error","within_1.05_best_then_min_budget"
"TS","linear",0.25,0.75,0.25,200,8,1350,450,56,30,225,135,8,5,270448,151,TRUE,19.3700000000003,1.03900484026058,"TS",NA,NA,NA,NA,NA,NA,NA,"E2_linear_s_sweep","E__linear_s_sweep_n1800_p1800_sstar30_s60_h54e54a86",1800,1800,30,60,94,0.25,200,8,20690514,20700514,21100514,2.5,1.5,5,"median_abs_prediction_error","within_1.05_best_then_min_budget"
"FD","linear",NA,NA,NA,NA,NA,NA,NA,NA,30,NA,NA,NA,NA,NA,151,TRUE,11.2999999999997,1.33870564601096,"FD_budget",151,225,180,NA,NA,NA,NA,"E2_linear_s_sweep","E__linear_s_sweep_n1800_p1800_sstar30_s60_h54e54a86",1800,1800,30,60,94,0.25,200,8,20690514,20700514,21100514,2.5,1.5,5,"median_abs_prediction_error","within_1.05_best_then_min_budget"
"FS","linear",NA,NA,NA,NA,NA,NA,NA,NA,NA,NA,NA,NA,NA,NA,151,TRUE,0.559999999999945,26.1122598149125,"FS",NA,NA,NA,22,81,8,8,"E2_linear_s_sweep","E__linear_s_sweep_n1800_p1800_sstar30_s60_h54e54a86",1800,1800,30,60,94,0.25,200,8,20690514,20700514,21100514,2.5,1.5,5,"median_abs_prediction_error","within_1.05_best_then_min_budget"
"TS","linear",0.25,0.75,0.25,200,8,1350,450,56,30,225,135,8,5,270448,151,TRUE,18.2200000000003,0.732879874910272,"TS",NA,NA,NA,NA,NA,NA,NA,"E2_linear_s_sweep","E__linear_s_sweep_n1800_p1800_sstar30_s60_h54e54a86",1800,1800,30,60,95,0.25,200,8,20690515,20700515,21100515,2.5,1.5,5,"median_abs_prediction_error","within_1.05_best_then_min_budget"
"FD","linear",NA,NA,NA,NA,NA,NA,NA,NA,30,NA,NA,NA,NA,NA,151,TRUE,9.92000000000007,0.96680927233069,"FD_budget",151,225,180,NA,NA,NA,NA,"E2_linear_s_sweep","E__linear_s_sweep_n1800_p1800_sstar30_s60_h54e54a86",1800,1800,30,60,95,0.25,200,8,20690515,20700515,21100515,2.5,1.5,5,"median_abs_prediction_error","within_1.05_best_then_min_budget"
"FS","linear",NA,NA,NA,NA,NA,NA,NA,NA,NA,NA,NA,NA,NA,NA,151,TRUE,0.579999999999927,21.3201120647843,"FS",NA,NA,NA,22,81,8,8,"E2_linear_s_sweep","E__linear_s_sweep_n1800_p1800_sstar30_s60_h54e54a86",1800,1800,30,60,95,0.25,200,8,20690515,20700515,21100515,2.5,1.5,5,"median_abs_prediction_error","within_1.05_best_then_min_budget"
"TS","linear",0.25,0.75,0.25,200,8,1350,450,56,30,225,135,8,5,270448,151,TRUE,17.3300000000004,0.57651328879001,"TS",NA,NA,NA,NA,NA,NA,NA,"E2_linear_s_sweep","E__linear_s_sweep_n1800_p1800_sstar30_s60_h54e54a86",1800,1800,30,60,96,0.25,200,8,20690516,20700516,21100516,2.5,1.5,5,"median_abs_prediction_error","within_1.05_best_then_min_budget"
"FD","linear",NA,NA,NA,NA,NA,NA,NA,NA,30,NA,NA,NA,NA,NA,151,TRUE,8.67999999999984,0.99139201061887,"FD_budget",151,225,180,NA,NA,NA,NA,"E2_linear_s_sweep","E__linear_s_sweep_n1800_p1800_sstar30_s60_h54e54a86",1800,1800,30,60,96,0.25,200,8,20690516,20700516,21100516,2.5,1.5,5,"median_abs_prediction_error","within_1.05_best_then_min_budget"
"FS","linear",NA,NA,NA,NA,NA,NA,NA,NA,NA,NA,NA,NA,NA,NA,151,TRUE,0.550000000000182,26.2227915807151,"FS",NA,NA,NA,22,81,8,8,"E2_linear_s_sweep","E__linear_s_sweep_n1800_p1800_sstar30_s60_h54e54a86",1800,1800,30,60,96,0.25,200,8,20690516,20700516,21100516,2.5,1.5,5,"median_abs_prediction_error","within_1.05_best_then_min_budget"
"TS","linear",0.25,0.75,0.25,200,8,1350,450,56,30,225,135,8,5,270448,151,TRUE,17.1100000000001,0.524170029951339,"TS",NA,NA,NA,NA,NA,NA,NA,"E2_linear_s_sweep","E__linear_s_sweep_n1800_p1800_sstar30_s60_h54e54a86",1800,1800,30,60,97,0.25,200,8,20690517,20700517,21100517,2.5,1.5,5,"median_abs_prediction_error","within_1.05_best_then_min_budget"
"FD","linear",NA,NA,NA,NA,NA,NA,NA,NA,30,NA,NA,NA,NA,NA,151,TRUE,8.59000000000015,0.904837154976055,"FD_budget",151,225,180,NA,NA,NA,NA,"E2_linear_s_sweep","E__linear_s_sweep_n1800_p1800_sstar30_s60_h54e54a86",1800,1800,30,60,97,0.25,200,8,20690517,20700517,21100517,2.5,1.5,5,"median_abs_prediction_error","within_1.05_best_then_min_budget"
"FS","linear",NA,NA,NA,NA,NA,NA,NA,NA,NA,NA,NA,NA,NA,NA,151,TRUE,0.559999999999945,23.1884191686496,"FS",NA,NA,NA,22,81,8,8,"E2_linear_s_sweep","E__linear_s_sweep_n1800_p1800_sstar30_s60_h54e54a86",1800,1800,30,60,97,0.25,200,8,20690517,20700517,21100517,2.5,1.5,5,"median_abs_prediction_error","within_1.05_best_then_min_budget"
"TS","linear",0.25,0.75,0.25,200,8,1350,450,56,30,225,135,8,5,270448,151,TRUE,16.8400000000001,0.514416974964645,"TS",NA,NA,NA,NA,NA,NA,NA,"E2_linear_s_sweep","E__linear_s_sweep_n1800_p1800_sstar30_s60_h54e54a86",1800,1800,30,60,98,0.25,200,8,20690518,20700518,21100518,2.5,1.5,5,"median_abs_prediction_error","within_1.05_best_then_min_budget"
"FD","linear",NA,NA,NA,NA,NA,NA,NA,NA,30,NA,NA,NA,NA,NA,151,TRUE,8.61000000000013,0.875489020369272,"FD_budget",151,225,180,NA,NA,NA,NA,"E2_linear_s_sweep","E__linear_s_sweep_n1800_p1800_sstar30_s60_h54e54a86",1800,1800,30,60,98,0.25,200,8,20690518,20700518,21100518,2.5,1.5,5,"median_abs_prediction_error","within_1.05_best_then_min_budget"
"FS","linear",NA,NA,NA,NA,NA,NA,NA,NA,NA,NA,NA,NA,NA,NA,151,TRUE,0.549999999999727,23.0343910576006,"FS",NA,NA,NA,22,81,8,8,"E2_linear_s_sweep","E__linear_s_sweep_n1800_p1800_sstar30_s60_h54e54a86",1800,1800,30,60,98,0.25,200,8,20690518,20700518,21100518,2.5,1.5,5,"median_abs_prediction_error","within_1.05_best_then_min_budget"
"TS","linear",0.25,0.75,0.25,200,8,1350,450,56,30,225,135,8,5,270448,151,TRUE,17.1199999999999,1.0973199936496,"TS",NA,NA,NA,NA,NA,NA,NA,"E2_linear_s_sweep","E__linear_s_sweep_n1800_p1800_sstar30_s60_h54e54a86",1800,1800,30,60,99,0.25,200,8,20690519,20700519,21100519,2.5,1.5,5,"median_abs_prediction_error","within_1.05_best_then_min_budget"
"FD","linear",NA,NA,NA,NA,NA,NA,NA,NA,30,NA,NA,NA,NA,NA,151,TRUE,9.15999999999985,1.33305023153502,"FD_budget",151,225,180,NA,NA,NA,NA,"E2_linear_s_sweep","E__linear_s_sweep_n1800_p1800_sstar30_s60_h54e54a86",1800,1800,30,60,99,0.25,200,8,20690519,20700519,21100519,2.5,1.5,5,"median_abs_prediction_error","within_1.05_best_then_min_budget"
"FS","linear",NA,NA,NA,NA,NA,NA,NA,NA,NA,NA,NA,NA,NA,NA,151,TRUE,0.559999999999945,27.503043824635,"FS",NA,NA,NA,22,81,8,8,"E2_linear_s_sweep","E__linear_s_sweep_n1800_p1800_sstar30_s60_h54e54a86",1800,1800,30,60,99,0.25,200,8,20690519,20700519,21100519,2.5,1.5,5,"median_abs_prediction_error","within_1.05_best_then_min_budget"
"TS","linear",0.25,0.75,0.25,200,8,1350,450,56,30,225,135,8,5,270448,151,TRUE,16.02,1.08513531033031,"TS",NA,NA,NA,NA,NA,NA,NA,"E2_linear_s_sweep","E__linear_s_sweep_n1800_p1800_sstar30_s60_h54e54a86",1800,1800,30,60,100,0.25,200,8,20690520,20700520,21100520,2.5,1.5,5,"median_abs_prediction_error","within_1.05_best_then_min_budget"
"FD","linear",NA,NA,NA,NA,NA,NA,NA,NA,30,NA,NA,NA,NA,NA,151,TRUE,8.36999999999989,1.13243318405273,"FD_budget",151,225,180,NA,NA,NA,NA,"E2_linear_s_sweep","E__linear_s_sweep_n1800_p1800_sstar30_s60_h54e54a86",1800,1800,30,60,100,0.25,200,8,20690520,20700520,21100520,2.5,1.5,5,"median_abs_prediction_error","within_1.05_best_then_min_budget"
"FS","linear",NA,NA,NA,NA,NA,NA,NA,NA,NA,NA,NA,NA,NA,NA,151,TRUE,0.550000000000182,24.9719311050017,"FS",NA,NA,NA,22,81,8,8,"E2_linear_s_sweep","E__linear_s_sweep_n1800_p1800_sstar30_s60_h54e54a86",1800,1800,30,60,100,0.25,200,8,20690520,20700520,21100520,2.5,1.5,5,"median_abs_prediction_error","within_1.05_best_then_min_budget"
