"n","p","rep_id","method","l2_error","runtime_sec","seed_data","seed_split","seed_algo","tuning_config_id","q","T1","T2","T_fd_budget","eta","T","lambda","tau","tau_q"
800,800,1,"TS-RIGHT",0.279570397929356,6.58,20870508,20970508,21070508,"TS_n800_h155f087a",0.5,200,8,101,0.02,NA,NA,NA,NA
800,800,1,"IHT",0.46731315607626,1.95,20870508,20970508,NA,"IHT_n800_h17021d83",NA,NA,NA,NA,0.01,200,NA,NA,NA
800,800,1,"Lasso",0.856324969609338,0.52,20870508,20970508,21170508,NA,NA,NA,NA,NA,NA,NA,0.918324502682497,NA,NA
800,800,1,"Adaptive Huber",0.244473667744082,132.14,20870508,20970508,21270508,NA,NA,NA,NA,NA,NA,NA,0.372759372031494,5.87690511223405,0.95
800,800,1,"Shrinkage",1.23903856970257,1.90000000000001,20870508,20970508,21370508,NA,NA,NA,NA,NA,NA,NA,0.822546082120084,2.54272088367358,0.9
1200,800,1,"TS-RIGHT",0.135023482048629,6.01,20880508,20980508,21080508,"TS_n1200_h069793c2",0.5,150,8,76,0.02,NA,NA,NA,NA
1200,800,1,"IHT",0.373278199749278,2.77,20880508,20980508,NA,"IHT_n1200_h2051495b",NA,NA,NA,NA,0.01,200,NA,NA,NA
1200,800,1,"Lasso",0.321068625629431,4.12,20880508,20980508,21180508,NA,NA,NA,NA,NA,NA,NA,0.519114800308175,NA,NA
1200,800,1,"Adaptive Huber",0.212966727231927,206.61,20880508,20980508,21280508,NA,NA,NA,NA,NA,NA,NA,0.372759372031494,5.54422538278425,0.95
1200,800,1,"Shrinkage",1.05961232659256,5.97,20880508,20980508,21380508,NA,NA,NA,NA,NA,NA,NA,0.69118358121797,5.62055357140742,0.98
1600,800,1,"TS-RIGHT",0.187290509170439,5.97,20890508,20990508,21090508,"TS_n1600_h21db9f6b",0.5,150,8,76,0.02,NA,NA,NA,NA
1600,800,1,"IHT",1.4837235446874,5.68,20890508,20990508,NA,"IHT_n1600_h06b009d4",NA,NA,NA,NA,0.01,200,NA,NA,NA
1600,800,1,"Lasso",0.424068880634692,3.87,20890508,20990508,21190508,NA,NA,NA,NA,NA,NA,NA,0.612883018942873,NA,NA
1600,800,1,"Adaptive Huber",0.272799963238659,282.52,20890508,20990508,21290508,NA,NA,NA,NA,NA,NA,NA,0.372759372031494,6.25469136467807,0.95
1600,800,1,"Shrinkage",1.23733847130554,13.51,20890508,20990508,21390508,NA,NA,NA,NA,NA,NA,NA,0.746494293455863,3.66703366965556,0.95
2000,800,1,"TS-RIGHT",0.253439088090165,7.73,20900508,21000508,21100508,"TS_n2000_h06bee7e5",0.5,150,8,76,0.02,NA,NA,NA,NA
2000,800,1,"IHT",0.466689517655855,8.81,20900508,21000508,NA,"IHT_n2000_h371ec77d",NA,NA,NA,NA,0.01,200,NA,NA,NA
2000,800,1,"Lasso",0.362662541190651,6.5,20900508,21000508,21200508,NA,NA,NA,NA,NA,NA,NA,0.752629404503879,NA,NA
2000,800,1,"Adaptive Huber",0.170384185278546,365.03,20900508,21000508,21300508,NA,NA,NA,NA,NA,NA,NA,0.138949549437314,6.24434374549658,0.95
2000,800,1,"Shrinkage",1.03908858413405,14.13,20900508,21000508,21400508,NA,NA,NA,NA,NA,NA,NA,0.887016324622859,5.1654018177123,0.98
2400,800,1,"TS-RIGHT",0.138946818150984,7.18,20910508,21010508,21110508,"TS_n2400_h2202f38e",0.5,150,8,76,0.02,NA,NA,NA,NA
2400,800,1,"IHT",0.734912675023944,7.75,20910508,21010508,NA,"IHT_n2400_h1d7d87f6",NA,NA,NA,NA,0.01,200,NA,NA,NA
2400,800,1,"Lasso",1.22215380326692,10.13,20910508,21010508,21210508,NA,NA,NA,NA,NA,NA,NA,1.67757318168703,NA,NA
2400,800,1,"Adaptive Huber",0.248695493695543,425.12,20910508,21010508,21310508,NA,NA,NA,NA,NA,NA,NA,0.372759372031494,8.07844389180685,0.95
2400,800,1,"Shrinkage",1.02140882712948,16.17,20910508,21010508,21410508,NA,NA,NA,NA,NA,NA,NA,0.950676335696374,5.5720523800457,0.98
800,800,2,"TS-RIGHT",0.444856454310444,7,20870509,20970509,21070509,"TS_n800_h155f087a",0.5,200,8,101,0.02,NA,NA,NA,NA
800,800,2,"IHT",1.88072334188948e+111,2.23,20870509,20970509,NA,"IHT_n800_h17021d83",NA,NA,NA,NA,0.01,200,NA,NA,NA
800,800,2,"Lasso",2.63261166862888,0.809999999999999,20870509,20970509,21170509,NA,NA,NA,NA,NA,NA,NA,0.506150394077199,NA,NA
800,800,2,"Adaptive Huber",0.338398480103084,150.5,20870509,20970509,21270509,NA,NA,NA,NA,NA,NA,NA,0.372759372031494,7.30448242198109,0.95
800,800,2,"Shrinkage",1.82599013441595,2.19,20870509,20970509,21370509,NA,NA,NA,NA,NA,NA,NA,0.467064489283965,3.54152823500304,0.95
1200,800,2,"TS-RIGHT",0.282809031946141,5.68,20880509,20980509,21080509,"TS_n1200_h069793c2",0.5,150,8,76,0.02,NA,NA,NA,NA
1200,800,2,"IHT",0.54435152637506,3.23,20880509,20980509,NA,"IHT_n1200_h2051495b",NA,NA,NA,NA,0.01,200,NA,NA,NA
1200,800,2,"Lasso",0.579882506252719,6.36,20880509,20980509,21180509,NA,NA,NA,NA,NA,NA,NA,0.623632071707726,NA,NA
1200,800,2,"Adaptive Huber",0.306328622098353,202.5,20880509,20980509,21280509,NA,NA,NA,NA,NA,NA,NA,0.372759372031494,5.8775819634463,0.95
1200,800,2,"Shrinkage",1.30433107428357,5.62,20880509,20980509,21380509,NA,NA,NA,NA,NA,NA,NA,0.585477740050159,5.40759101660182,0.98
1600,800,2,"TS-RIGHT",0.276139301539617,6.41,20890509,20990509,21090509,"TS_n1600_h21db9f6b",0.5,150,8,76,0.02,NA,NA,NA,NA
1600,800,2,"IHT",0.335785017060424,5.88,20890509,20990509,NA,"IHT_n1600_h06b009d4",NA,NA,NA,NA,0.01,200,NA,NA,NA
1600,800,2,"Lasso",0.454188799833779,5.07,20890509,20990509,21190509,NA,NA,NA,NA,NA,NA,NA,0.481032255756821,NA,NA
1600,800,2,"Adaptive Huber",0.251849400758766,299.99,20890509,20990509,21290509,NA,NA,NA,NA,NA,NA,NA,0.372759372031494,6.64767887031821,0.95
1600,800,2,"Shrinkage",1.59066520959233,15.53,20890509,20990509,21390509,NA,NA,NA,NA,NA,NA,NA,0.864554306718874,3.45841884236289,0.95
2000,800,2,"TS-RIGHT",0.145484395392758,6.99,20900509,21000509,21100509,"TS_n2000_h06bee7e5",0.5,150,8,76,0.02,NA,NA,NA,NA
2000,800,2,"IHT",0.371539977884974,7.81,20900509,21000509,NA,"IHT_n2000_h371ec77d",NA,NA,NA,NA,0.01,200,NA,NA,NA
2000,800,2,"Lasso",0.445654185176205,6.51,20900509,21000509,21200509,NA,NA,NA,NA,NA,NA,NA,0.621046446738886,NA,NA
2000,800,2,"Adaptive Huber",0.216968679857416,364.91,20900509,21000509,21300509,NA,NA,NA,NA,NA,NA,NA,0.372759372031494,10.2696696686701,0.98
2000,800,2,"Shrinkage",0.901522128925303,14.59,20900509,21000509,21400509,NA,NA,NA,NA,NA,NA,NA,0.953771219924598,5.53302799817418,0.98
2400,800,2,"TS-RIGHT",0.199944167244541,7.78,20910509,21010509,21110509,"TS_n2400_h2202f38e",0.5,150,8,76,0.02,NA,NA,NA,NA
2400,800,2,"IHT",0.284380185985704,8.81,20910509,21010509,NA,"IHT_n2400_h1d7d87f6",NA,NA,NA,NA,0.01,200,NA,NA,NA
2400,800,2,"Lasso",0.392318480041788,4.58,20910509,21010509,21210509,NA,NA,NA,NA,NA,NA,NA,0.572622287142258,NA,NA
2400,800,2,"Adaptive Huber",0.254055468971751,435.37,20910509,21010509,21310509,NA,NA,NA,NA,NA,NA,NA,0.372759372031494,6.07032936505617,0.95
2400,800,2,"Shrinkage",0.96534453728249,15.64,20910509,21010509,21410509,NA,NA,NA,NA,NA,NA,NA,0.612247723561544,3.49740791981916,0.95
800,800,3,"TS-RIGHT",0.301566661210193,6.89,20870510,20970510,21070510,"TS_n800_h155f087a",0.5,200,8,101,0.02,NA,NA,NA,NA
800,800,3,"IHT",0.302392064341514,2.34,20870510,20970510,NA,"IHT_n800_h17021d83",NA,NA,NA,NA,0.01,200,NA,NA,NA
800,800,3,"Lasso",0.505029411338074,1.36,20870510,20970510,21170510,NA,NA,NA,NA,NA,NA,NA,0.677498696325857,NA,NA
800,800,3,"Adaptive Huber",0.251203511699806,126.28,20870510,20970510,21270510,NA,NA,NA,NA,NA,NA,NA,0.372759372031494,5.98984241845501,0.95
800,800,3,"Shrinkage",1.4338731732695,2.34999999999999,20870510,20970510,21370510,NA,NA,NA,NA,NA,NA,NA,0.922161397309949,3.52688736790964,0.95
1200,800,3,"TS-RIGHT",0.34191368003796,5.77,20880510,20980510,21080510,"TS_n1200_h069793c2",0.5,150,8,76,0.02,NA,NA,NA,NA
1200,800,3,"IHT",0.404565214274524,3.55,20880510,20980510,NA,"IHT_n1200_h2051495b",NA,NA,NA,NA,0.01,200,NA,NA,NA
1200,800,3,"Lasso",0.540997389765017,5.32,20880510,20980510,21180510,NA,NA,NA,NA,NA,NA,NA,0.712495496707731,NA,NA
1200,800,3,"Adaptive Huber",0.28458056682726,209.43,20880510,20980510,21280510,NA,NA,NA,NA,NA,NA,NA,0.372759372031494,6.11794691739821,0.95
1200,800,3,"Shrinkage",1.25046831265629,5.75,20880510,20980510,21380510,NA,NA,NA,NA,NA,NA,NA,1.22587235846797,5.33441444110696,0.98
1600,800,3,"TS-RIGHT",0.33024978674646,6.45,20890510,20990510,21090510,"TS_n1600_h21db9f6b",0.5,150,8,76,0.02,NA,NA,NA,NA
1600,800,3,"IHT",0.324444910671349,6.73,20890510,20990510,NA,"IHT_n1600_h06b009d4",NA,NA,NA,NA,0.01,200,NA,NA,NA
1600,800,3,"Lasso",0.467840464163191,5.71,20890510,20990510,21190510,NA,NA,NA,NA,NA,NA,NA,0.528764519424873,NA,NA
1600,800,3,"Adaptive Huber",0.363573678023448,281.83,20890510,20990510,21290510,NA,NA,NA,NA,NA,NA,NA,0.372759372031494,6.40309986596136,0.95
1600,800,3,"Shrinkage",1.10185762635126,14.11,20890510,20990510,21390510,NA,NA,NA,NA,NA,NA,NA,0.645570210765627,4.97801821614283,0.98
2000,800,3,"TS-RIGHT",0.232632488632358,7.08,20900510,21000510,21100510,"TS_n2000_h06bee7e5",0.5,150,8,76,0.02,NA,NA,NA,NA
2000,800,3,"IHT",0.398412622742166,7.86,20900510,21000510,NA,"IHT_n2000_h371ec77d",NA,NA,NA,NA,0.01,200,NA,NA,NA
2000,800,3,"Lasso",0.565441830077935,8,20900510,21000510,21200510,NA,NA,NA,NA,NA,NA,NA,0.550166722533036,NA,NA
2000,800,3,"Adaptive Huber",0.17904407966568,370.95,20900510,21000510,21300510,NA,NA,NA,NA,NA,NA,NA,0.138949549437314,5.73526695367044,0.95
2000,800,3,"Shrinkage",0.762998071734855,14.94,20900510,21000510,21400510,NA,NA,NA,NA,NA,NA,NA,0.544475051860918,5.14159245748908,0.98
2400,800,3,"TS-RIGHT",0.247830481827268,7.08,20910510,21010510,21110510,"TS_n2400_h2202f38e",0.5,150,8,76,0.02,NA,NA,NA,NA
2400,800,3,"IHT",0.523020280608271,8.89,20910510,21010510,NA,"IHT_n2400_h1d7d87f6",NA,NA,NA,NA,0.01,200,NA,NA,NA
2400,800,3,"Lasso",0.710310401596908,6.56,20910510,21010510,21210510,NA,NA,NA,NA,NA,NA,NA,0.711189113439382,NA,NA
2400,800,3,"Adaptive Huber",0.224721377047442,461.67,20910510,21010510,21310510,NA,NA,NA,NA,NA,NA,NA,0.138949549437314,6.03770862783118,0.95
2400,800,3,"Shrinkage",1.54004286106306,16.44,20910510,21010510,21410510,NA,NA,NA,NA,NA,NA,NA,0.614672909998506,3.51636064323325,0.95
800,800,4,"TS-RIGHT",0.233226582329099,6.97,20870511,20970511,21070511,"TS_n800_h155f087a",0.5,200,8,101,0.02,NA,NA,NA,NA
800,800,4,"IHT",0.571459246488325,2.5,20870511,20970511,NA,"IHT_n800_h17021d83",NA,NA,NA,NA,0.01,200,NA,NA,NA
800,800,4,"Lasso",0.768874678899535,1.38,20870511,20970511,21170511,NA,NA,NA,NA,NA,NA,NA,0.746674931625136,NA,NA
800,800,4,"Adaptive Huber",0.309097838137611,126.53,20870511,20970511,21270511,NA,NA,NA,NA,NA,NA,NA,0.372759372031494,5.37286105273446,0.95
800,800,4,"Shrinkage",1.28123405293667,1.87,20870511,20970511,21370511,NA,NA,NA,NA,NA,NA,NA,0.788431551380925,3.50197371093258,0.95
1200,800,4,"TS-RIGHT",0.263852657165142,5.92,20880511,20980511,21080511,"TS_n1200_h069793c2",0.5,150,8,76,0.02,NA,NA,NA,NA
1200,800,4,"IHT",0.259334052279205,2.89,20880511,20980511,NA,"IHT_n1200_h2051495b",NA,NA,NA,NA,0.01,200,NA,NA,NA
1200,800,4,"Lasso",0.361157131924126,3.3,20880511,20980511,21180511,NA,NA,NA,NA,NA,NA,NA,0.495604502603317,NA,NA
1200,800,4,"Adaptive Huber",0.248583107370145,207,20880511,20980511,21280511,NA,NA,NA,NA,NA,NA,NA,0.372759372031494,5.54963542263565,0.95
1200,800,4,"Shrinkage",1.32986999023199,5.41,20880511,20980511,21380511,NA,NA,NA,NA,NA,NA,NA,0.758380056481214,3.5171371520809,0.95
1600,800,4,"TS-RIGHT",0.227004773840995,5.91,20890511,20990511,21090511,"TS_n1600_h21db9f6b",0.5,150,8,76,0.02,NA,NA,NA,NA
1600,800,4,"IHT",0.333124527936711,6.36,20890511,20990511,NA,"IHT_n1600_h06b009d4",NA,NA,NA,NA,0.01,200,NA,NA,NA
1600,800,4,"Lasso",0.388081645786677,4.42,20890511,20990511,21190511,NA,NA,NA,NA,NA,NA,NA,0.507101647403995,NA,NA
1600,800,4,"Adaptive Huber",0.23753897773202,286.19,20890511,20990511,21290511,NA,NA,NA,NA,NA,NA,NA,0.372759372031494,6.38997851959988,0.95
1600,800,4,"Shrinkage",1.64458610269886,16.33,20890511,20990511,21390511,NA,NA,NA,NA,NA,NA,NA,0.797424449152994,3.55901552915155,0.95
2000,800,4,"TS-RIGHT",0.116875483908824,6.86,20900511,21000511,21100511,"TS_n2000_h06bee7e5",0.5,150,8,76,0.02,NA,NA,NA,NA
2000,800,4,"IHT",0.268819401914744,7.81,20900511,21000511,NA,"IHT_n2000_h371ec77d",NA,NA,NA,NA,0.01,200,NA,NA,NA
2000,800,4,"Lasso",0.338424289310127,5.2,20900511,21000511,21200511,NA,NA,NA,NA,NA,NA,NA,0.508263264855271,NA,NA
2000,800,4,"Adaptive Huber",0.238969534389921,369.61,20900511,21000511,21300511,NA,NA,NA,NA,NA,NA,NA,0.372759372031494,5.7243760360535,0.95
2000,800,4,"Shrinkage",1.12831554947136,15.71,20900511,21000511,21400511,NA,NA,NA,NA,NA,NA,NA,0.620145424020566,3.55546486668644,0.95
2400,800,4,"TS-RIGHT",0.204699582803694,7.28,20910511,21010511,21110511,"TS_n2400_h2202f38e",0.5,150,8,76,0.02,NA,NA,NA,NA
2400,800,4,"IHT",1.82489662924995,9.6,20910511,21010511,NA,"IHT_n2400_h1d7d87f6",NA,NA,NA,NA,0.01,200,NA,NA,NA
2400,800,4,"Lasso",3.23841378242493,11.88,20910511,21010511,21210511,NA,NA,NA,NA,NA,NA,NA,4.14891004873215,NA,NA
2400,800,4,"Adaptive Huber",0.276029979227161,441.34,20910511,21010511,21310511,NA,NA,NA,NA,NA,NA,NA,0.372759372031494,13.4065675078324,0.95
2400,800,4,"Shrinkage",1.03758590508821,15.63,20910511,21010511,21410511,NA,NA,NA,NA,NA,NA,NA,0.629991482389281,3.6198118161871,0.95
800,800,5,"TS-RIGHT",0.27843337525687,7.17,20870512,20970512,21070512,"TS_n800_h155f087a",0.5,200,8,101,0.02,NA,NA,NA,NA
800,800,5,"IHT",0.248175932909989,2.1,20870512,20970512,NA,"IHT_n800_h17021d83",NA,NA,NA,NA,0.01,200,NA,NA,NA
800,800,5,"Lasso",0.385855842417634,0.68,20870512,20970512,21170512,NA,NA,NA,NA,NA,NA,NA,0.369468569958656,NA,NA
800,800,5,"Adaptive Huber",0.293838078523092,130.05,20870512,20970512,21270512,NA,NA,NA,NA,NA,NA,NA,0.372759372031494,4.80575588824744,0.95
800,800,5,"Shrinkage",1.90208264420887,1.82000000000002,20870512,20970512,21370512,NA,NA,NA,NA,NA,NA,NA,0.681665025042453,3.82423025089598,0.95
1200,800,5,"TS-RIGHT",0.283188319179067,5.82,20880512,20980512,21080512,"TS_n1200_h069793c2",0.5,150,8,76,0.02,NA,NA,NA,NA
1200,800,5,"IHT",0.369810576708001,2.93,20880512,20980512,NA,"IHT_n1200_h2051495b",NA,NA,NA,NA,0.01,200,NA,NA,NA
1200,800,5,"Lasso",0.631274763723311,8.19,20880512,20980512,21180512,NA,NA,NA,NA,NA,NA,NA,0.842585598786385,NA,NA
1200,800,5,"Adaptive Huber",0.282194679059851,207.56,20880512,20980512,21280512,NA,NA,NA,NA,NA,NA,NA,0.138949549437314,3.99622150113532,0.9
1200,800,5,"Shrinkage",1.13970523140089,4.54999999999998,20880512,20980512,21380512,NA,NA,NA,NA,NA,NA,NA,0.936282620772045,5.33865305185723,0.98
1600,800,5,"TS-RIGHT",0.22537701741885,6.56,20890512,20990512,21090512,"TS_n1600_h21db9f6b",0.5,150,8,76,0.02,NA,NA,NA,NA
1600,800,5,"IHT",0.253812255034162,7.21,20890512,20990512,NA,"IHT_n1600_h06b009d4",NA,NA,NA,NA,0.01,200,NA,NA,NA
1600,800,5,"Lasso",0.541337768154462,5.25,20890512,20990512,21190512,NA,NA,NA,NA,NA,NA,NA,0.822841347371768,NA,NA
1600,800,5,"Adaptive Huber",0.240432165384054,281.79,20890512,20990512,21290512,NA,NA,NA,NA,NA,NA,NA,0.372759372031494,6.6135482763021,0.95
1600,800,5,"Shrinkage",1.35296682194276,14.38,20890512,20990512,21390512,NA,NA,NA,NA,NA,NA,NA,0.559408672417265,5.13601065939419,0.98
2000,800,5,"TS-RIGHT",0.183740926972855,7.11,20900512,21000512,21100512,"TS_n2000_h06bee7e5",0.5,150,8,76,0.02,NA,NA,NA,NA
2000,800,5,"IHT",Inf,7.41,20900512,21000512,NA,"IHT_n2000_h371ec77d",NA,NA,NA,NA,0.01,200,NA,NA,NA
2000,800,5,"Lasso",0.515312353881026,8,20900512,21000512,21200512,NA,NA,NA,NA,NA,NA,NA,0.439510446485898,NA,NA
2000,800,5,"Adaptive Huber",0.227635801904285,365.77,20900512,21000512,21300512,NA,NA,NA,NA,NA,NA,NA,0.372759372031494,6.57320277822876,0.95
2000,800,5,"Shrinkage",1.06874596912243,14.69,20900512,21000512,21400512,NA,NA,NA,NA,NA,NA,NA,0.790557943139739,3.59112526179734,0.95
2400,800,5,"TS-RIGHT",0.179718537533387,7.62,20910512,21010512,21110512,"TS_n2400_h2202f38e",0.5,150,8,76,0.02,NA,NA,NA,NA
2400,800,5,"IHT",0.702371249561788,10.67,20910512,21010512,NA,"IHT_n2400_h1d7d87f6",NA,NA,NA,NA,0.01,200,NA,NA,NA
2400,800,5,"Lasso",1.02520942852915,10.11,20910512,21010512,21210512,NA,NA,NA,NA,NA,NA,NA,1.44981096062318,NA,NA
2400,800,5,"Adaptive Huber",0.163843475599388,436.72,20910512,21010512,21310512,NA,NA,NA,NA,NA,NA,NA,0.138949549437314,7.78951936255057,0.95
2400,800,5,"Shrinkage",1.13754369321866,15.08,20910512,21010512,21410512,NA,NA,NA,NA,NA,NA,NA,0.656110525269747,3.52347413020815,0.95
800,800,6,"TS-RIGHT",0.256319037176973,6.97,20870513,20970513,21070513,"TS_n800_h155f087a",0.5,200,8,101,0.02,NA,NA,NA,NA
800,800,6,"IHT",1.3118322115215e+73,1.87,20870513,20970513,NA,"IHT_n800_h17021d83",NA,NA,NA,NA,0.01,200,NA,NA,NA
800,800,6,"Lasso",0.680007652274989,2.63,20870513,20970513,21170513,NA,NA,NA,NA,NA,NA,NA,1.11123375326006,NA,NA
800,800,6,"Adaptive Huber",0.251398653307438,132.22,20870513,20970513,21270513,NA,NA,NA,NA,NA,NA,NA,0.372759372031494,6.22735233008522,0.95
800,800,6,"Shrinkage",1.65936653877813,2.28999999999999,20870513,20970513,21370513,NA,NA,NA,NA,NA,NA,NA,1.22918405825614,3.71326861285044,0.95
1200,800,6,"TS-RIGHT",0.271147895164953,5.87,20880513,20980513,21080513,"TS_n1200_h069793c2",0.5,150,8,76,0.02,NA,NA,NA,NA
1200,800,6,"IHT",0.393962248803269,3.25,20880513,20980513,NA,"IHT_n1200_h2051495b",NA,NA,NA,NA,0.01,200,NA,NA,NA
1200,800,6,"Lasso",0.558213504123056,3.5,20880513,20980513,21180513,NA,NA,NA,NA,NA,NA,NA,0.526710117276674,NA,NA
1200,800,6,"Adaptive Huber",0.334824861450702,205.53,20880513,20980513,21280513,NA,NA,NA,NA,NA,NA,NA,0.372759372031494,3.75914038305611,0.9
1200,800,6,"Shrinkage",1.65746531020384,5.53,20880513,20980513,21380513,NA,NA,NA,NA,NA,NA,NA,0.764226847765544,5.17309723374228,0.98
1600,800,6,"TS-RIGHT",0.263517212665442,6.08,20890513,20990513,21090513,"TS_n1600_h21db9f6b",0.5,150,8,76,0.02,NA,NA,NA,NA
1600,800,6,"IHT",0.321745605501058,5.89,20890513,20990513,NA,"IHT_n1600_h06b009d4",NA,NA,NA,NA,0.01,200,NA,NA,NA
1600,800,6,"Lasso",0.5057596962566,6.07,20890513,20990513,21190513,NA,NA,NA,NA,NA,NA,NA,0.527492243603497,NA,NA
1600,800,6,"Adaptive Huber",0.305543737721957,287.42,20890513,20990513,21290513,NA,NA,NA,NA,NA,NA,NA,0.372759372031494,5.6836368261618,0.95
1600,800,6,"Shrinkage",1.50587180328532,13.45,20890513,20990513,21390513,NA,NA,NA,NA,NA,NA,NA,0.862882043057934,5.14613700554523,0.98
2000,800,6,"TS-RIGHT",0.179914077695439,7.14,20900513,21000513,21100513,"TS_n2000_h06bee7e5",0.5,150,8,76,0.02,NA,NA,NA,NA
2000,800,6,"IHT",0.320362760545085,7.03,20900513,21000513,NA,"IHT_n2000_h371ec77d",NA,NA,NA,NA,0.01,200,NA,NA,NA
2000,800,6,"Lasso",0.264095592666865,6.16,20900513,21000513,21200513,NA,NA,NA,NA,NA,NA,NA,0.59845687518216,NA,NA
2000,800,6,"Adaptive Huber",0.181091260343937,363.28,20900513,21000513,21300513,NA,NA,NA,NA,NA,NA,NA,0.372759372031494,6.30011928163588,0.95
2000,800,6,"Shrinkage",1.00654684728075,15.28,20900513,21000513,21400513,NA,NA,NA,NA,NA,NA,NA,0.740045288744149,3.67705474367812,0.95
2400,800,6,"TS-RIGHT",0.203992354111515,7.56,20910513,21010513,21110513,"TS_n2400_h2202f38e",0.5,150,8,76,0.02,NA,NA,NA,NA
2400,800,6,"IHT",0.487080711915795,9.55,20910513,21010513,NA,"IHT_n2400_h1d7d87f6",NA,NA,NA,NA,0.01,200,NA,NA,NA
2400,800,6,"Lasso",0.522699014300593,5.65,20910513,21010513,21210513,NA,NA,NA,NA,NA,NA,NA,0.926502690168856,NA,NA
2400,800,6,"Adaptive Huber",0.228376218935773,422.14,20910513,21010513,21310513,NA,NA,NA,NA,NA,NA,NA,0.372759372031494,6.88186910744741,0.95
2400,800,6,"Shrinkage",1.00176911564831,16.36,20910513,21010513,21410513,NA,NA,NA,NA,NA,NA,NA,0.797569139422244,5.45144121310894,0.98
800,800,7,"TS-RIGHT",0.297770735991651,7.07,20870514,20970514,21070514,"TS_n800_h155f087a",0.5,200,8,101,0.02,NA,NA,NA,NA
800,800,7,"IHT",0.352161637554128,2.2,20870514,20970514,NA,"IHT_n800_h17021d83",NA,NA,NA,NA,0.01,200,NA,NA,NA
800,800,7,"Lasso",0.658414024854344,0.909999999999998,20870514,20970514,21170514,NA,NA,NA,NA,NA,NA,NA,0.797384924841178,NA,NA
800,800,7,"Adaptive Huber",0.379644795841291,131.59,20870514,20970514,21270514,NA,NA,NA,NA,NA,NA,NA,0.372759372031494,12.3317321781461,0.98
800,800,7,"Shrinkage",2.04629495562996,1.89000000000001,20870514,20970514,21370514,NA,NA,NA,NA,NA,NA,NA,1.08329761282725,3.77823840254557,0.95
1200,800,7,"TS-RIGHT",0.197745414391236,7.22999999999999,20880514,20980514,21080514,"TS_n1200_h069793c2",0.5,150,8,76,0.02,NA,NA,NA,NA
1200,800,7,"IHT",0.866556148306136,3.44,20880514,20980514,NA,"IHT_n1200_h2051495b",NA,NA,NA,NA,0.01,200,NA,NA,NA
1200,800,7,"Lasso",1.05438038005417,5.05000000000001,20880514,20980514,21180514,NA,NA,NA,NA,NA,NA,NA,1.53884440084208,NA,NA
1200,800,7,"Adaptive Huber",0.259963623627674,206.2,20880514,20980514,21280514,NA,NA,NA,NA,NA,NA,NA,0.372759372031494,7.02408361051535,0.95
1200,800,7,"Shrinkage",1.51025421180836,5.22000000000003,20880514,20980514,21380514,NA,NA,NA,NA,NA,NA,NA,0.665777368137129,5.18889416824831,0.98
1600,800,7,"TS-RIGHT",0.176960078706713,8.01000000000002,20890514,20990514,21090514,"TS_n1600_h21db9f6b",0.5,150,8,76,0.02,NA,NA,NA,NA
1600,800,7,"IHT",0.306389536036864,7.13,20890514,20990514,NA,"IHT_n1600_h06b009d4",NA,NA,NA,NA,0.01,200,NA,NA,NA
1600,800,7,"Lasso",0.27963067577012,5.38999999999999,20890514,20990514,21190514,NA,NA,NA,NA,NA,NA,NA,0.488546727413434,NA,NA
1600,800,7,"Adaptive Huber",0.169749768206348,287.34,20890514,20990514,21290514,NA,NA,NA,NA,NA,NA,NA,0.372759372031494,6.3423970013107,0.95
1600,800,7,"Shrinkage",1.34960286179029,13.64,20890514,20990514,21390514,NA,NA,NA,NA,NA,NA,NA,0.696977886010132,3.74965518493343,0.95
2000,800,7,"TS-RIGHT",0.17196366758752,9,20900514,21000514,21100514,"TS_n2000_h06bee7e5",0.5,150,8,76,0.02,NA,NA,NA,NA
2000,800,7,"IHT",0.183787780161464,7.72999999999999,20900514,21000514,NA,"IHT_n2000_h371ec77d",NA,NA,NA,NA,0.01,200,NA,NA,NA
2000,800,7,"Lasso",0.320169544417602,4.74000000000001,20900514,21000514,21200514,NA,NA,NA,NA,NA,NA,NA,0.474403000875264,NA,NA
2000,800,7,"Adaptive Huber",0.172346323886646,355.55,20900514,21000514,21300514,NA,NA,NA,NA,NA,NA,NA,0.138949549437314,6.49166572831043,0.95
2000,800,7,"Shrinkage",1.28117469133402,14.4200000000001,20900514,21000514,21400514,NA,NA,NA,NA,NA,NA,NA,0.704629768048574,3.79190273059219,0.95
2400,800,7,"TS-RIGHT",0.171124538461706,9.59999999999999,20910514,21010514,21110514,"TS_n2400_h2202f38e",0.5,150,8,76,0.02,NA,NA,NA,NA
2400,800,7,"IHT",0.447759845784728,8.59,20910514,21010514,NA,"IHT_n2400_h1d7d87f6",NA,NA,NA,NA,0.01,200,NA,NA,NA
2400,800,7,"Lasso",0.418519200035883,5.56,20910514,21010514,21210514,NA,NA,NA,NA,NA,NA,NA,0.6633566406372,NA,NA
2400,800,7,"Adaptive Huber",0.302575024912359,432.38,20910514,21010514,21310514,NA,NA,NA,NA,NA,NA,NA,0.372759372031494,4.00916562833344,0.9
2400,800,7,"Shrinkage",1.05355028822423,13.1999999999999,20910514,21010514,21410514,NA,NA,NA,NA,NA,NA,NA,0.726499624215088,5.18910335872809,0.98
800,800,8,"TS-RIGHT",0.273973591290451,8.76999999999998,20870515,20970515,21070515,"TS_n800_h155f087a",0.5,200,8,101,0.02,NA,NA,NA,NA
800,800,8,"IHT",1.97505741614973,2.92000000000002,20870515,20970515,NA,"IHT_n800_h17021d83",NA,NA,NA,NA,0.01,200,NA,NA,NA
800,800,8,"Lasso",2.02103631244814,0.780000000000001,20870515,20970515,21170515,NA,NA,NA,NA,NA,NA,NA,1.02264801726568,NA,NA
800,800,8,"Adaptive Huber",0.260975001484498,130.45,20870515,20970515,21270515,NA,NA,NA,NA,NA,NA,NA,0.372759372031494,8.20440626418377,0.95
800,800,8,"Shrinkage",1.26844407061846,1.41000000000003,20870515,20970515,21370515,NA,NA,NA,NA,NA,NA,NA,1.16768045630926,5.19542183908812,0.98
1200,800,8,"TS-RIGHT",0.225645832229956,7.41999999999999,20880515,20980515,21080515,"TS_n1200_h069793c2",0.5,150,8,76,0.02,NA,NA,NA,NA
1200,800,8,"IHT",0.308032390706936,3.64000000000001,20880515,20980515,NA,"IHT_n1200_h2051495b",NA,NA,NA,NA,0.01,200,NA,NA,NA
1200,800,8,"Lasso",0.24879064133796,3.63999999999999,20880515,20980515,21180515,NA,NA,NA,NA,NA,NA,NA,0.476280163708331,NA,NA
1200,800,8,"Adaptive Huber",0.235337016706751,207.08,20880515,20980515,21280515,NA,NA,NA,NA,NA,NA,NA,0.372759372031494,6.33150184807769,0.95
1200,800,8,"Shrinkage",0.935552132283921,4.79000000000002,20880515,20980515,21380515,NA,NA,NA,NA,NA,NA,NA,0.642738118377381,3.4458111385387,0.95
1600,800,8,"TS-RIGHT",0.164481560556442,9.32999999999998,20890515,20990515,21090515,"TS_n1600_h21db9f6b",0.5,150,8,76,0.02,NA,NA,NA,NA
1600,800,8,"IHT",0.370444791115201,6.31,20890515,20990515,NA,"IHT_n1600_h06b009d4",NA,NA,NA,NA,0.01,200,NA,NA,NA
1600,800,8,"Lasso",0.366906176011924,4.93000000000001,20890515,20990515,21190515,NA,NA,NA,NA,NA,NA,NA,0.59059900993323,NA,NA
1600,800,8,"Adaptive Huber",0.236556229311592,280.06,20890515,20990515,21290515,NA,NA,NA,NA,NA,NA,NA,0.372759372031494,5.87248468534368,0.95
1600,800,8,"Shrinkage",1.08885410327677,10.73,20890515,20990515,21390515,NA,NA,NA,NA,NA,NA,NA,0.485786978772627,5.05241949614201,0.98
2000,800,8,"TS-RIGHT",0.191411289432382,8.94,20900515,21000515,21100515,"TS_n2000_h06bee7e5",0.5,150,8,76,0.02,NA,NA,NA,NA
2000,800,8,"IHT",0.296614452799664,6.04999999999998,20900515,21000515,NA,"IHT_n2000_h371ec77d",NA,NA,NA,NA,0.01,200,NA,NA,NA
2000,800,8,"Lasso",0.375939369392018,4.91,20900515,21000515,21200515,NA,NA,NA,NA,NA,NA,NA,0.443306051418737,NA,NA
2000,800,8,"Adaptive Huber",0.175970575767279,375.63,20900515,21000515,21300515,NA,NA,NA,NA,NA,NA,NA,0.372759372031494,5.59326456602981,0.95
2000,800,8,"Shrinkage",1.1006920382292,15.29,20900515,21000515,21400515,NA,NA,NA,NA,NA,NA,NA,0.84514029165411,5.70574306351427,0.98
2400,800,8,"TS-RIGHT",0.170774948066503,9.98999999999998,20910515,21010515,21110515,"TS_n2400_h2202f38e",0.5,150,8,76,0.02,NA,NA,NA,NA
2400,800,8,"IHT",0.227791669418797,8.92000000000002,20910515,21010515,NA,"IHT_n2400_h1d7d87f6",NA,NA,NA,NA,0.01,200,NA,NA,NA
2400,800,8,"Lasso",0.335596355069161,5.69,20910515,21010515,21210515,NA,NA,NA,NA,NA,NA,NA,0.405069314004888,NA,NA
2400,800,8,"Adaptive Huber",0.146704616267966,427.17,20910515,21010515,21310515,NA,NA,NA,NA,NA,NA,NA,0.138949549437314,5.28440064181811,0.95
2400,800,8,"Shrinkage",0.818299874203034,15.83,20910515,21010515,21410515,NA,NA,NA,NA,NA,NA,NA,0.623472730532908,5.41815007134782,0.98
800,800,9,"TS-RIGHT",0.318943184373683,9.28,20870516,20970516,21070516,"TS_n800_h155f087a",0.5,200,8,101,0.02,NA,NA,NA,NA
800,800,9,"IHT",3.32120619507578,2.74000000000001,20870516,20970516,NA,"IHT_n800_h17021d83",NA,NA,NA,NA,0.01,200,NA,NA,NA
800,800,9,"Lasso",0.375479236300873,0.5,20870516,20970516,21170516,NA,NA,NA,NA,NA,NA,NA,0.441317685890268,NA,NA
800,800,9,"Adaptive Huber",0.160726011435266,127.95,20870516,20970516,21270516,NA,NA,NA,NA,NA,NA,NA,0.372759372031494,6.73952493181323,0.95
800,800,9,"Shrinkage",2.15612810033501,1.55000000000001,20870516,20970516,21370516,NA,NA,NA,NA,NA,NA,NA,0.97315711929414,3.55179244507242,0.95
1200,800,9,"TS-RIGHT",0.259761823102346,7.31999999999999,20880516,20980516,21080516,"TS_n1200_h069793c2",0.5,150,8,76,0.02,NA,NA,NA,NA
1200,800,9,"IHT",0.408815163112232,3.69999999999999,20880516,20980516,NA,"IHT_n1200_h2051495b",NA,NA,NA,NA,0.01,200,NA,NA,NA
1200,800,9,"Lasso",0.619140132685291,4.14000000000001,20880516,20980516,21180516,NA,NA,NA,NA,NA,NA,NA,0.398988530104244,NA,NA
1200,800,9,"Adaptive Huber",0.244832744704055,208.81,20880516,20980516,21280516,NA,NA,NA,NA,NA,NA,NA,0.138949549437314,3.75615565846624,0.9
1200,800,9,"Shrinkage",0.968047782197212,5.85000000000002,20880516,20980516,21380516,NA,NA,NA,NA,NA,NA,NA,0.59652850357925,4.86583444397133,0.98
1600,800,9,"TS-RIGHT",0.252440440779303,8.33000000000001,20890516,20990516,21090516,"TS_n1600_h21db9f6b",0.5,150,8,76,0.02,NA,NA,NA,NA
1600,800,9,"IHT",0.372807098469315,5.34999999999999,20890516,20990516,NA,"IHT_n1600_h06b009d4",NA,NA,NA,NA,0.01,200,NA,NA,NA
1600,800,9,"Lasso",0.509490768337314,4.12,20890516,20990516,21190516,NA,NA,NA,NA,NA,NA,NA,0.676932199357928,NA,NA
1600,800,9,"Adaptive Huber",0.329361421517745,283.74,20890516,20990516,21290516,NA,NA,NA,NA,NA,NA,NA,0.372759372031494,12.0769942091654,0.98
1600,800,9,"Shrinkage",1.12269472733786,14.0599999999999,20890516,20990516,21390516,NA,NA,NA,NA,NA,NA,NA,0.633174049217956,5.10198929976259,0.98
2000,800,9,"TS-RIGHT",0.15703348825827,9.61000000000001,20900516,21000516,21100516,"TS_n2000_h06bee7e5",0.5,150,8,76,0.02,NA,NA,NA,NA
2000,800,9,"IHT",0.420562240166713,6.34999999999999,20900516,21000516,NA,"IHT_n2000_h371ec77d",NA,NA,NA,NA,0.01,200,NA,NA,NA
2000,800,9,"Lasso",0.441224520040892,8.72000000000003,20900516,21000516,21200516,NA,NA,NA,NA,NA,NA,NA,0.635497788967506,NA,NA
2000,800,9,"Adaptive Huber",0.199392858413684,379.14,20900516,21000516,21300516,NA,NA,NA,NA,NA,NA,NA,0.372759372031494,6.66833633109265,0.95
2000,800,9,"Shrinkage",1.01988964953392,13.6500000000001,20900516,21000516,21400516,NA,NA,NA,NA,NA,NA,NA,0.850827547205293,5.8912936830839,0.98
2400,800,9,"TS-RIGHT",0.153664573596254,10.11,20910516,21010516,21110516,"TS_n2400_h2202f38e",0.5,150,8,76,0.02,NA,NA,NA,NA
2400,800,9,"IHT",0.311303687846901,8.54000000000002,20910516,21010516,NA,"IHT_n2400_h1d7d87f6",NA,NA,NA,NA,0.01,200,NA,NA,NA
2400,800,9,"Lasso",0.331682972178505,5.17000000000002,20910516,21010516,21210516,NA,NA,NA,NA,NA,NA,NA,0.678660411178744,NA,NA
2400,800,9,"Adaptive Huber",0.136509199210369,444.73,20910516,21010516,21310516,NA,NA,NA,NA,NA,NA,NA,0.372759372031494,5.85832434259641,0.95
2400,800,9,"Shrinkage",1.14921261776797,17.74,20910516,21010516,21410516,NA,NA,NA,NA,NA,NA,NA,0.582901821705049,3.59921575064088,0.95
800,800,10,"TS-RIGHT",0.428914888244407,9.37,20870517,20970517,21070517,"TS_n800_h155f087a",0.5,200,8,101,0.02,NA,NA,NA,NA
800,800,10,"IHT",0.2637323212379,2.25,20870517,20970517,NA,"IHT_n800_h17021d83",NA,NA,NA,NA,0.01,200,NA,NA,NA
800,800,10,"Lasso",0.562136867168106,0.71999999999997,20870517,20970517,21170517,NA,NA,NA,NA,NA,NA,NA,0.855776536087482,NA,NA
800,800,10,"Adaptive Huber",0.277560938662979,126.97,20870517,20970517,21270517,NA,NA,NA,NA,NA,NA,NA,0.372759372031494,7.33790767107693,0.95
800,800,10,"Shrinkage",1.25492666298258,1.84000000000003,20870517,20970517,21370517,NA,NA,NA,NA,NA,NA,NA,0.851058752391871,5.58524518856446,0.98
1200,800,10,"TS-RIGHT",0.263213023414527,7.55000000000001,20880517,20980517,21080517,"TS_n1200_h069793c2",0.5,150,8,76,0.02,NA,NA,NA,NA
1200,800,10,"IHT",0.544607036512991,4.18000000000001,20880517,20980517,NA,"IHT_n1200_h2051495b",NA,NA,NA,NA,0.01,200,NA,NA,NA
1200,800,10,"Lasso",0.748492257893266,8.29000000000002,20880517,20980517,21180517,NA,NA,NA,NA,NA,NA,NA,1.02953066171996,NA,NA
1200,800,10,"Adaptive Huber",0.291970131271188,211.74,20880517,20980517,21280517,NA,NA,NA,NA,NA,NA,NA,0.372759372031494,6.96188910278057,0.95
1200,800,10,"Shrinkage",1.0909897446581,4.39999999999998,20880517,20980517,21380517,NA,NA,NA,NA,NA,NA,NA,0.825171190924595,3.44035666824908,0.95
1600,800,10,"TS-RIGHT",0.169952564127478,7.31,20890517,20990517,21090517,"TS_n1600_h21db9f6b",0.5,150,8,76,0.02,NA,NA,NA,NA
1600,800,10,"IHT",0.291221224254406,5.85999999999996,20890517,20990517,NA,"IHT_n1600_h06b009d4",NA,NA,NA,NA,0.01,200,NA,NA,NA
1600,800,10,"Lasso",0.364607535241811,3.61000000000001,20890517,20990517,21190517,NA,NA,NA,NA,NA,NA,NA,0.466732400780608,NA,NA
1600,800,10,"Adaptive Huber",0.248929069351277,283.86,20890517,20990517,21290517,NA,NA,NA,NA,NA,NA,NA,0.138949549437314,6.40463426630065,0.95
1600,800,10,"Shrinkage",1.10004086779491,13.91,20890517,20990517,21390517,NA,NA,NA,NA,NA,NA,NA,0.715378570992496,3.72677226187283,0.95
2000,800,10,"TS-RIGHT",0.177800729580057,8.25,20900517,21000517,21100517,"TS_n2000_h06bee7e5",0.5,150,8,76,0.02,NA,NA,NA,NA
2000,800,10,"IHT",0.393206328353407,8.19999999999999,20900517,21000517,NA,"IHT_n2000_h371ec77d",NA,NA,NA,NA,0.01,200,NA,NA,NA
2000,800,10,"Lasso",0.437856147386864,6.74000000000001,20900517,21000517,21200517,NA,NA,NA,NA,NA,NA,NA,0.655042291931492,NA,NA
2000,800,10,"Adaptive Huber",0.224309998569775,361.48,20900517,21000517,21300517,NA,NA,NA,NA,NA,NA,NA,0.372759372031494,5.89672089415818,0.95
2000,800,10,"Shrinkage",1.33827911486662,15.26,20900517,21000517,21400517,NA,NA,NA,NA,NA,NA,NA,0.700478790027117,3.57532769186856,0.95
2400,800,10,"TS-RIGHT",0.15791965359884,9.83999999999997,20910517,21010517,21110517,"TS_n2400_h2202f38e",0.5,150,8,76,0.02,NA,NA,NA,NA
2400,800,10,"IHT",6.30339390489039e+76,8.97000000000003,20910517,21010517,NA,"IHT_n2400_h1d7d87f6",NA,NA,NA,NA,0.01,200,NA,NA,NA
2400,800,10,"Lasso",1.13771251399167,9.38,20910517,21010517,21210517,NA,NA,NA,NA,NA,NA,NA,1.54436880675189,NA,NA
2400,800,10,"Adaptive Huber",0.143001549473349,451.34,20910517,21010517,21310517,NA,NA,NA,NA,NA,NA,NA,0.372759372031494,7.09420621425095,0.95
2400,800,10,"Shrinkage",1.22313363317427,17.41,20910517,21010517,21410517,NA,NA,NA,NA,NA,NA,NA,1.14421350906099,5.48660789396999,0.98
800,800,11,"TS-RIGHT",0.369134247952308,10,20870518,20970518,21070518,"TS_n800_h155f087a",0.5,200,8,101,0.02,NA,NA,NA,NA
800,800,11,"IHT",0.385810505129971,2.5,20870518,20970518,NA,"IHT_n800_h17021d83",NA,NA,NA,NA,0.01,200,NA,NA,NA
800,800,11,"Lasso",0.370934085663933,0.909999999999968,20870518,20970518,21170518,NA,NA,NA,NA,NA,NA,NA,0.498575704367024,NA,NA
800,800,11,"Adaptive Huber",0.275219188965282,127.7,20870518,20970518,21270518,NA,NA,NA,NA,NA,NA,NA,0.372759372031494,5.68242025709861,0.95
800,800,11,"Shrinkage",1.12163742621056,1.55000000000001,20870518,20970518,21370518,NA,NA,NA,NA,NA,NA,NA,0.496747708119455,5.04308548692889,0.98
1200,800,11,"TS-RIGHT",0.226957745655609,7.02999999999997,20880518,20980518,21080518,"TS_n1200_h069793c2",0.5,150,8,76,0.02,NA,NA,NA,NA
1200,800,11,"IHT",0.661564231003034,3.59000000000003,20880518,20980518,NA,"IHT_n1200_h2051495b",NA,NA,NA,NA,0.01,200,NA,NA,NA
1200,800,11,"Lasso",0.789057029836789,6.71999999999997,20880518,20980518,21180518,NA,NA,NA,NA,NA,NA,NA,1.02266523272313,NA,NA
1200,800,11,"Adaptive Huber",0.199279078968054,207.58,20880518,20980518,21280518,NA,NA,NA,NA,NA,NA,NA,0.372759372031494,7.69197986799541,0.95
1200,800,11,"Shrinkage",1.17369046941859,5.75,20880518,20980518,21380518,NA,NA,NA,NA,NA,NA,NA,0.724870681730304,5.56416443767499,0.98
1600,800,11,"TS-RIGHT",0.196545189317258,8.11000000000001,20890518,20990518,21090518,"TS_n1600_h21db9f6b",0.5,150,8,76,0.02,NA,NA,NA,NA
1600,800,11,"IHT",0.373632936275612,5,20890518,20990518,NA,"IHT_n1600_h06b009d4",NA,NA,NA,NA,0.01,200,NA,NA,NA
1600,800,11,"Lasso",0.223940518299658,4.81,20890518,20990518,21190518,NA,NA,NA,NA,NA,NA,NA,0.5216441060013,NA,NA
1600,800,11,"Adaptive Huber",0.182061811228167,270.2,20890518,20990518,21290518,NA,NA,NA,NA,NA,NA,NA,0.372759372031494,11.6165768594896,0.98
1600,800,11,"Shrinkage",1.07906355900093,13.6700000000001,20890518,20990518,21390518,NA,NA,NA,NA,NA,NA,NA,0.645831597990615,5.47123808130636,0.98
2000,800,11,"TS-RIGHT",0.130473899342554,9.20999999999998,20900518,21000518,21100518,"TS_n2000_h06bee7e5",0.5,150,8,76,0.02,NA,NA,NA,NA
2000,800,11,"IHT",0.30603965631443,6.56,20900518,21000518,NA,"IHT_n2000_h371ec77d",NA,NA,NA,NA,0.01,200,NA,NA,NA
2000,800,11,"Lasso",0.411685269515319,4.42999999999995,20900518,21000518,21200518,NA,NA,NA,NA,NA,NA,NA,0.487131812166616,NA,NA
2000,800,11,"Adaptive Huber",0.303156256887374,367.82,20900518,21000518,21300518,NA,NA,NA,NA,NA,NA,NA,0.372759372031494,5.7753662498673,0.95
2000,800,11,"Shrinkage",0.940805967904572,16.2099999999999,20900518,21000518,21400518,NA,NA,NA,NA,NA,NA,NA,0.698191319278209,5.17867438178812,0.98
2400,800,11,"TS-RIGHT",0.233728720937781,8.78000000000003,20910518,21010518,21110518,"TS_n2400_h2202f38e",0.5,150,8,76,0.02,NA,NA,NA,NA
2400,800,11,"IHT",0.518939610286625,9.02999999999997,20910518,21010518,NA,"IHT_n2400_h1d7d87f6",NA,NA,NA,NA,0.01,200,NA,NA,NA
2400,800,11,"Lasso",0.893185328478364,8.61000000000001,20910518,21010518,21210518,NA,NA,NA,NA,NA,NA,NA,1.71243235738243,NA,NA
2400,800,11,"Adaptive Huber",0.223813465843135,434.11,20910518,21010518,21310518,NA,NA,NA,NA,NA,NA,NA,0.372759372031494,6.39204251020107,0.95
2400,800,11,"Shrinkage",1.20890733866232,16.48,20910518,21010518,21410518,NA,NA,NA,NA,NA,NA,NA,0.937334985786248,5.63576757361333,0.98
800,800,12,"TS-RIGHT",0.25830207512702,9.11000000000001,20870519,20970519,21070519,"TS_n800_h155f087a",0.5,200,8,101,0.02,NA,NA,NA,NA
800,800,12,"IHT",2.58669546220355e+84,2.44999999999999,20870519,20970519,NA,"IHT_n800_h17021d83",NA,NA,NA,NA,0.01,200,NA,NA,NA
800,800,12,"Lasso",0.479138195400017,0.45999999999998,20870519,20970519,21170519,NA,NA,NA,NA,NA,NA,NA,0.312281398752547,NA,NA
800,800,12,"Adaptive Huber",0.264147238292446,128.14,20870519,20970519,21270519,NA,NA,NA,NA,NA,NA,NA,0.372759372031494,5.14107810819294,0.95
800,800,12,"Shrinkage",1.61176508186226,1.31000000000006,20870519,20970519,21370519,NA,NA,NA,NA,NA,NA,NA,1.09164819596308,5.52662890911152,0.98
1200,800,12,"TS-RIGHT",0.274711911240553,7.02000000000004,20880519,20980519,21080519,"TS_n1200_h069793c2",0.5,150,8,76,0.02,NA,NA,NA,NA
1200,800,12,"IHT",0.168980301730008,3.58999999999997,20880519,20980519,NA,"IHT_n1200_h2051495b",NA,NA,NA,NA,0.01,200,NA,NA,NA
1200,800,12,"Lasso",0.302125068176104,2.91000000000003,20880519,20980519,21180519,NA,NA,NA,NA,NA,NA,NA,0.502773976605215,NA,NA
1200,800,12,"Adaptive Huber",0.229306526487766,205.67,20880519,20980519,21280519,NA,NA,NA,NA,NA,NA,NA,0.372759372031494,5.93816440824708,0.95
1200,800,12,"Shrinkage",1.34951873190238,5.25,20880519,20980519,21380519,NA,NA,NA,NA,NA,NA,NA,0.793665447498456,3.45680034884278,0.95
1600,800,12,"TS-RIGHT",0.148176363530479,8.25999999999999,20890519,20990519,21090519,"TS_n1600_h21db9f6b",0.5,150,8,76,0.02,NA,NA,NA,NA
1600,800,12,"IHT",8.157924261405e+99,6.51999999999998,20890519,20990519,NA,"IHT_n1600_h06b009d4",NA,NA,NA,NA,0.01,200,NA,NA,NA
1600,800,12,"Lasso",0.522927732396435,7.19999999999999,20890519,20990519,21190519,NA,NA,NA,NA,NA,NA,NA,0.324650842028924,NA,NA
1600,800,12,"Adaptive Huber",0.220963982814172,284.11,20890519,20990519,21290519,NA,NA,NA,NA,NA,NA,NA,0.372759372031494,6.34841450555147,0.95
1600,800,12,"Shrinkage",0.984348684877561,13.38,20890519,20990519,21390519,NA,NA,NA,NA,NA,NA,NA,0.811213119378579,5.52924318185793,0.98
2000,800,12,"TS-RIGHT",0.20751398760991,9.32999999999998,20900519,21000519,21100519,"TS_n2000_h06bee7e5",0.5,150,8,76,0.02,NA,NA,NA,NA
2000,800,12,"IHT",0.570773715422115,6.69999999999999,20900519,21000519,NA,"IHT_n2000_h371ec77d",NA,NA,NA,NA,0.01,200,NA,NA,NA
2000,800,12,"Lasso",0.498104743930915,7.83000000000004,20900519,21000519,21200519,NA,NA,NA,NA,NA,NA,NA,1.01821354996919,NA,NA
2000,800,12,"Adaptive Huber",0.192001198940338,364.16,20900519,21000519,21300519,NA,NA,NA,NA,NA,NA,NA,0.372759372031494,6.64763233651083,0.95
2000,800,12,"Shrinkage",0.738665059788188,14.46,20900519,21000519,21400519,NA,NA,NA,NA,NA,NA,NA,0.627318005837199,5.12895345752828,0.98
2400,800,12,"TS-RIGHT",0.211058448952745,8.83000000000004,20910519,21010519,21110519,"TS_n2400_h2202f38e",0.5,150,8,76,0.02,NA,NA,NA,NA
2400,800,12,"IHT",0.306346047540224,10.36,20910519,21010519,NA,"IHT_n2400_h1d7d87f6",NA,NA,NA,NA,0.01,200,NA,NA,NA
2400,800,12,"Lasso",0.334031431310739,7.48000000000002,20910519,21010519,21210519,NA,NA,NA,NA,NA,NA,NA,0.365928392153398,NA,NA
2400,800,12,"Adaptive Huber",0.246923967066455,420.6,20910519,21010519,21310519,NA,NA,NA,NA,NA,NA,NA,0.372759372031494,6.10219251461697,0.95
2400,800,12,"Shrinkage",1.19951384322943,16.76,20910519,21010519,21410519,NA,NA,NA,NA,NA,NA,NA,0.662318326403527,3.59127880589271,0.95
800,800,13,"TS-RIGHT",0.274838552130061,8.97999999999996,20870520,20970520,21070520,"TS_n800_h155f087a",0.5,200,8,101,0.02,NA,NA,NA,NA
800,800,13,"IHT",0.320551171601168,2.75,20870520,20970520,NA,"IHT_n800_h17021d83",NA,NA,NA,NA,0.01,200,NA,NA,NA
800,800,13,"Lasso",0.424351660833581,0.54000000000002,20870520,20970520,21170520,NA,NA,NA,NA,NA,NA,NA,0.493762820288224,NA,NA
800,800,13,"Adaptive Huber",0.280952278984725,126.32,20870520,20970520,21270520,NA,NA,NA,NA,NA,NA,NA,0.372759372031494,5.44777099682877,0.95
800,800,13,"Shrinkage",1.31300778245922,1.90999999999997,20870520,20970520,21370520,NA,NA,NA,NA,NA,NA,NA,0.877688272000357,3.63472138684189,0.95
1200,800,13,"TS-RIGHT",0.278589308221768,7.62,20880520,20980520,21080520,"TS_n1200_h069793c2",0.5,150,8,76,0.02,NA,NA,NA,NA
1200,800,13,"IHT",0.249152316711063,3.49000000000001,20880520,20980520,NA,"IHT_n1200_h2051495b",NA,NA,NA,NA,0.01,200,NA,NA,NA
1200,800,13,"Lasso",0.329630967599978,5.08999999999997,20880520,20980520,21180520,NA,NA,NA,NA,NA,NA,NA,0.486325808474762,NA,NA
1200,800,13,"Adaptive Huber",0.248804931314792,199.78,20880520,20980520,21280520,NA,NA,NA,NA,NA,NA,NA,0.372759372031494,6.23771056918725,0.95
1200,800,13,"Shrinkage",0.985063027364254,5.41999999999996,20880520,20980520,21380520,NA,NA,NA,NA,NA,NA,NA,0.779394341900164,3.5476200919958,0.95
1600,800,13,"TS-RIGHT",0.245173330997282,8.21999999999997,20890520,20990520,21090520,"TS_n1600_h21db9f6b",0.5,150,8,76,0.02,NA,NA,NA,NA
1600,800,13,"IHT",0.528362784245222,7.03999999999996,20890520,20990520,NA,"IHT_n1600_h06b009d4",NA,NA,NA,NA,0.01,200,NA,NA,NA
1600,800,13,"Lasso",0.504021614338344,5.10000000000002,20890520,20990520,21190520,NA,NA,NA,NA,NA,NA,NA,0.83777493291649,NA,NA
1600,800,13,"Adaptive Huber",0.202819339241485,290.39,20890520,20990520,21290520,NA,NA,NA,NA,NA,NA,NA,0.138949549437314,5.86050644361766,0.95
1600,800,13,"Shrinkage",1.09446002718094,13.0799999999999,20890520,20990520,21390520,NA,NA,NA,NA,NA,NA,NA,0.545012447997136,3.47807127431858,0.95
2000,800,13,"TS-RIGHT",0.181275120222175,8.12,20900520,21000520,21100520,"TS_n2000_h06bee7e5",0.5,150,8,76,0.02,NA,NA,NA,NA
2000,800,13,"IHT",0.396207722223739,8.25,20900520,21000520,NA,"IHT_n2000_h371ec77d",NA,NA,NA,NA,0.01,200,NA,NA,NA
2000,800,13,"Lasso",0.484795320330129,6,20900520,21000520,21200520,NA,NA,NA,NA,NA,NA,NA,0.769105928004216,NA,NA
2000,800,13,"Adaptive Huber",0.27173878881975,372.08,20900520,21000520,21300520,NA,NA,NA,NA,NA,NA,NA,0.372759372031494,6.28504931511755,0.95
2000,800,13,"Shrinkage",1.3620640273507,17.5,20900520,21000520,21400520,NA,NA,NA,NA,NA,NA,NA,0.865861962057398,5.43548015925055,0.98
2400,800,13,"TS-RIGHT",0.224100160647455,9.47999999999996,20910520,21010520,21110520,"TS_n2400_h2202f38e",0.5,150,8,76,0.02,NA,NA,NA,NA
2400,800,13,"IHT",3.09119225344638e+58,7.44,20910520,21010520,NA,"IHT_n2400_h1d7d87f6",NA,NA,NA,NA,0.01,200,NA,NA,NA
2400,800,13,"Lasso",0.28332809665745,4.87,20910520,21010520,21210520,NA,NA,NA,NA,NA,NA,NA,0.579009364007577,NA,NA
2400,800,13,"Adaptive Huber",0.117689203719237,407.04,20910520,21010520,21310520,NA,NA,NA,NA,NA,NA,NA,0.372759372031494,6.34277972822787,0.95
2400,800,13,"Shrinkage",0.902449797906821,15.3099999999999,20910520,21010520,21410520,NA,NA,NA,NA,NA,NA,NA,0.913002704558115,5.44364548680834,0.98
800,800,14,"TS-RIGHT",0.514306248830422,9.88999999999999,20870521,20970521,21070521,"TS_n800_h155f087a",0.5,200,8,101,0.02,NA,NA,NA,NA
800,800,14,"IHT",0.885681441757399,2.72000000000003,20870521,20970521,NA,"IHT_n800_h17021d83",NA,NA,NA,NA,0.01,200,NA,NA,NA
800,800,14,"Lasso",0.688974179356471,0.949999999999989,20870521,20970521,21170521,NA,NA,NA,NA,NA,NA,NA,0.781714308017503,NA,NA
800,800,14,"Adaptive Huber",0.357793903194961,127.33,20870521,20970521,21270521,NA,NA,NA,NA,NA,NA,NA,0.372759372031494,3.76054667030509,0.9
800,800,14,"Shrinkage",1.34362476157839,1.79999999999995,20870521,20970521,21370521,NA,NA,NA,NA,NA,NA,NA,0.679395771118787,5.45703013661724,0.98
1200,800,14,"TS-RIGHT",0.209356712321635,7.87,20880521,20980521,21080521,"TS_n1200_h069793c2",0.5,150,8,76,0.02,NA,NA,NA,NA
1200,800,14,"IHT",0.293295416537967,3.83999999999997,20880521,20980521,NA,"IHT_n1200_h2051495b",NA,NA,NA,NA,0.01,200,NA,NA,NA
1200,800,14,"Lasso",0.287604637654036,3.76999999999998,20880521,20980521,21180521,NA,NA,NA,NA,NA,NA,NA,0.407735329991463,NA,NA
1200,800,14,"Adaptive Huber",0.482039825082368,208.09,20880521,20980521,21280521,NA,NA,NA,NA,NA,NA,NA,1,11.4666917081527,0.98
1200,800,14,"Shrinkage",1.62592620751065,3.93999999999994,20880521,20980521,21380521,NA,NA,NA,NA,NA,NA,NA,0.933592560457477,3.6725928443298,0.95
1600,800,14,"TS-RIGHT",0.180763099639214,7.43000000000001,20890521,20990521,21090521,"TS_n1600_h21db9f6b",0.5,150,8,76,0.02,NA,NA,NA,NA
1600,800,14,"IHT",0.286815423981788,6.70999999999998,20890521,20990521,NA,"IHT_n1600_h06b009d4",NA,NA,NA,NA,0.01,200,NA,NA,NA
1600,800,14,"Lasso",0.333380726282698,4.19999999999993,20890521,20990521,21190521,NA,NA,NA,NA,NA,NA,NA,0.29335416387622,NA,NA
1600,800,14,"Adaptive Huber",0.344156853858562,285.93,20890521,20990521,21290521,NA,NA,NA,NA,NA,NA,NA,0.372759372031494,5.39963644602415,0.95
1600,800,14,"Shrinkage",1.2857837176435,12.39,20890521,20990521,21390521,NA,NA,NA,NA,NA,NA,NA,0.588374821500421,4.7788417908733,0.98
2000,800,14,"TS-RIGHT",0.215203482177605,8.43000000000001,20900521,21000521,21100521,"TS_n2000_h06bee7e5",0.5,150,8,76,0.02,NA,NA,NA,NA
2000,800,14,"IHT",0.235813663681393,6.32999999999998,20900521,21000521,NA,"IHT_n2000_h371ec77d",NA,NA,NA,NA,0.01,200,NA,NA,NA
2000,800,14,"Lasso",0.338492429284732,4.90999999999997,20900521,21000521,21200521,NA,NA,NA,NA,NA,NA,NA,0.383538835105019,NA,NA
2000,800,14,"Adaptive Huber",0.263886228760936,369.47,20900521,21000521,21300521,NA,NA,NA,NA,NA,NA,NA,0.372759372031494,5.99219633238895,0.95
2000,800,14,"Shrinkage",1.24560851852088,15.39,20900521,21000521,21400521,NA,NA,NA,NA,NA,NA,NA,0.96293756281498,5.30417575715973,0.98
2400,800,14,"TS-RIGHT",0.155862648563414,8.92000000000002,20910521,21010521,21110521,"TS_n2400_h2202f38e",0.5,150,8,76,0.02,NA,NA,NA,NA
2400,800,14,"IHT",0.237251945045873,8.23000000000002,20910521,21010521,NA,"IHT_n2400_h1d7d87f6",NA,NA,NA,NA,0.01,200,NA,NA,NA
2400,800,14,"Lasso",0.277332822671654,4.15999999999997,20910521,21010521,21210521,NA,NA,NA,NA,NA,NA,NA,0.355181924762008,NA,NA
2400,800,14,"Adaptive Huber",0.296097755818641,434.17,20910521,21010521,21310521,NA,NA,NA,NA,NA,NA,NA,0.372759372031494,5.8733699876819,0.95
2400,800,14,"Shrinkage",0.942411975545914,16,20910521,21010521,21410521,NA,NA,NA,NA,NA,NA,NA,0.897918287123295,5.0716353053161,0.98
800,800,15,"TS-RIGHT",0.481686292542141,9.76999999999998,20870522,20970522,21070522,"TS_n800_h155f087a",0.5,200,8,101,0.02,NA,NA,NA,NA
800,800,15,"IHT",0.711103353737922,2.90999999999997,20870522,20970522,NA,"IHT_n800_h17021d83",NA,NA,NA,NA,0.01,200,NA,NA,NA
800,800,15,"Lasso",1.14063480175321,0.649999999999977,20870522,20970522,21170522,NA,NA,NA,NA,NA,NA,NA,1.01883161721779,NA,NA
800,800,15,"Adaptive Huber",0.295855309383317,127.61,20870522,20970522,21270522,NA,NA,NA,NA,NA,NA,NA,0.372759372031494,7.54809368854749,0.95
800,800,15,"Shrinkage",1.93883311610705,2.46000000000004,20870522,20970522,21370522,NA,NA,NA,NA,NA,NA,NA,0.760291662031772,5.99334930115935,0.98
1200,800,15,"TS-RIGHT",0.29402032567513,8.65999999999997,20880522,20980522,21080522,"TS_n1200_h069793c2",0.5,150,8,76,0.02,NA,NA,NA,NA
1200,800,15,"IHT",0.401270372454306,4.08000000000004,20880522,20980522,NA,"IHT_n1200_h2051495b",NA,NA,NA,NA,0.01,200,NA,NA,NA
1200,800,15,"Lasso",0.421484718208302,3.63,20880522,20980522,21180522,NA,NA,NA,NA,NA,NA,NA,0.367394719006331,NA,NA
1200,800,15,"Adaptive Huber",0.298092564368067,203.95,20880522,20980522,21280522,NA,NA,NA,NA,NA,NA,NA,0.372759372031494,5.43939093056087,0.95
1200,800,15,"Shrinkage",1.27904603098059,4.58999999999992,20880522,20980522,21380522,NA,NA,NA,NA,NA,NA,NA,0.421572368145913,5.20995507829812,0.98
1600,800,15,"TS-RIGHT",0.237750473124098,8.44999999999993,20890522,20990522,21090522,"TS_n1600_h21db9f6b",0.5,150,8,76,0.02,NA,NA,NA,NA
1600,800,15,"IHT",1.64392251880034e+100,6.69000000000005,20890522,20990522,NA,"IHT_n1600_h06b009d4",NA,NA,NA,NA,0.01,200,NA,NA,NA
1600,800,15,"Lasso",0.379790840344161,6.04999999999995,20890522,20990522,21190522,NA,NA,NA,NA,NA,NA,NA,0.424837868874571,NA,NA
1600,800,15,"Adaptive Huber",0.22925140041561,281.2,20890522,20990522,21290522,NA,NA,NA,NA,NA,NA,NA,0.372759372031494,6.0779066040712,0.95
1600,800,15,"Shrinkage",1.18292027902539,14.1899999999999,20890522,20990522,21390522,NA,NA,NA,NA,NA,NA,NA,0.734306773967975,5.71107244917298,0.98
2000,800,15,"TS-RIGHT",0.236691224835314,8.58000000000004,20900522,21000522,21100522,"TS_n2000_h06bee7e5",0.5,150,8,76,0.02,NA,NA,NA,NA
2000,800,15,"IHT",0.229660270375681,6.25,20900522,21000522,NA,"IHT_n2000_h371ec77d",NA,NA,NA,NA,0.01,200,NA,NA,NA
2000,800,15,"Lasso",0.276705108895664,4.52999999999997,20900522,21000522,21200522,NA,NA,NA,NA,NA,NA,NA,0.401433093655389,NA,NA
2000,800,15,"Adaptive Huber",0.227523309876771,360.17,20900522,21000522,21300522,NA,NA,NA,NA,NA,NA,NA,0.372759372031494,5.79504122207762,0.95
2000,800,15,"Shrinkage",0.897803713228972,13.1500000000001,20900522,21000522,21400522,NA,NA,NA,NA,NA,NA,NA,0.64558733766809,3.62841717152005,0.95
2400,800,15,"TS-RIGHT",0.137208844288636,9.91999999999996,20910522,21010522,21110522,"TS_n2400_h2202f38e",0.5,150,8,76,0.02,NA,NA,NA,NA
2400,800,15,"IHT",0.607089971656405,7.51999999999998,20910522,21010522,NA,"IHT_n2400_h1d7d87f6",NA,NA,NA,NA,0.01,200,NA,NA,NA
2400,800,15,"Lasso",1.10920316216165,8.05000000000007,20910522,21010522,21210522,NA,NA,NA,NA,NA,NA,NA,1.60372275679598,NA,NA
2400,800,15,"Adaptive Huber",0.232499248781104,439.53,20910522,21010522,21310522,NA,NA,NA,NA,NA,NA,NA,0.372759372031494,7.23796808042909,0.95
2400,800,15,"Shrinkage",1.49894367913915,16.1499999999999,20910522,21010522,21410522,NA,NA,NA,NA,NA,NA,NA,0.893821229501377,3.5986389753175,0.95
800,800,16,"TS-RIGHT",0.268086040801108,8.99000000000001,20870523,20970523,21070523,"TS_n800_h155f087a",0.5,200,8,101,0.02,NA,NA,NA,NA
800,800,16,"IHT",0.432818191022958,2.53999999999996,20870523,20970523,NA,"IHT_n800_h17021d83",NA,NA,NA,NA,0.01,200,NA,NA,NA
800,800,16,"Lasso",0.544936143518213,0.779999999999973,20870523,20970523,21170523,NA,NA,NA,NA,NA,NA,NA,0.713838150584423,NA,NA
800,800,16,"Adaptive Huber",0.254098325455969,131.64,20870523,20970523,21270523,NA,NA,NA,NA,NA,NA,NA,0.372759372031494,6.91640540544763,0.95
800,800,16,"Shrinkage",1.63863817017926,1.45000000000005,20870523,20970523,21370523,NA,NA,NA,NA,NA,NA,NA,1.21587733375365,3.50205722915066,0.95
1200,800,16,"TS-RIGHT",0.261381247057861,7.85000000000002,20880523,20980523,21080523,"TS_n1200_h069793c2",0.5,150,8,76,0.02,NA,NA,NA,NA
1200,800,16,"IHT",0.434988977913396,3.95999999999992,20880523,20980523,NA,"IHT_n1200_h2051495b",NA,NA,NA,NA,0.01,200,NA,NA,NA
1200,800,16,"Lasso",0.457220732063243,4.42000000000007,20880523,20980523,21180523,NA,NA,NA,NA,NA,NA,NA,0.67702642783981,NA,NA
1200,800,16,"Adaptive Huber",0.202887553724137,209.23,20880523,20980523,21280523,NA,NA,NA,NA,NA,NA,NA,0.372759372031494,6.28261203607225,0.95
1200,800,16,"Shrinkage",1.31964829789767,4.25,20880523,20980523,21380523,NA,NA,NA,NA,NA,NA,NA,0.827136332554233,3.47249007179024,0.95
1600,800,16,"TS-RIGHT",0.196429121100831,7.38999999999999,20890523,20990523,21090523,"TS_n1600_h21db9f6b",0.5,150,8,76,0.02,NA,NA,NA,NA
1600,800,16,"IHT",14.7980701967823,5.85000000000002,20890523,20990523,NA,"IHT_n1600_h06b009d4",NA,NA,NA,NA,0.01,200,NA,NA,NA
1600,800,16,"Lasso",11.2709356259856,9.59000000000003,20890523,20990523,21190523,NA,NA,NA,NA,NA,NA,NA,34.6019460743972,NA,NA
1600,800,16,"Adaptive Huber",0.370447069504022,287.5,20890523,20990523,21290523,NA,NA,NA,NA,NA,NA,NA,0.372759372031494,39.6608045568999,0.95
1600,800,16,"Shrinkage",0.79037338952016,11.62,20890523,20990523,21390523,NA,NA,NA,NA,NA,NA,NA,0.964869932840553,5.20099812167575,0.98
2000,800,16,"TS-RIGHT",0.212398327763534,9.32999999999993,20900523,21000523,21100523,"TS_n2000_h06bee7e5",0.5,150,8,76,0.02,NA,NA,NA,NA
2000,800,16,"IHT",1.07778317176791,7.08000000000004,20900523,21000523,NA,"IHT_n2000_h371ec77d",NA,NA,NA,NA,0.01,200,NA,NA,NA
2000,800,16,"Lasso",1.01993180587593,6.45000000000005,20900523,21000523,21200523,NA,NA,NA,NA,NA,NA,NA,1.48902780259833,NA,NA
2000,800,16,"Adaptive Huber",0.263940535100444,360.67,20900523,21000523,21300523,NA,NA,NA,NA,NA,NA,NA,0.372759372031494,6.67192337373584,0.95
2000,800,16,"Shrinkage",1.15491021368401,13.3299999999999,20900523,21000523,21400523,NA,NA,NA,NA,NA,NA,NA,0.600884431341202,3.48936597498586,0.95
2400,800,16,"TS-RIGHT",0.221541258007872,9.94999999999993,20910523,21010523,21110523,"TS_n2400_h2202f38e",0.5,150,8,76,0.02,NA,NA,NA,NA
2400,800,16,"IHT",0.316230586090721,9.28000000000009,20910523,21010523,NA,"IHT_n2400_h1d7d87f6",NA,NA,NA,NA,0.01,200,NA,NA,NA
2400,800,16,"Lasso",0.341692545471894,5.44999999999993,20910523,21010523,21210523,NA,NA,NA,NA,NA,NA,NA,0.319754255328025,NA,NA
2400,800,16,"Adaptive Huber",0.189087583681447,427.78,20910523,21010523,21310523,NA,NA,NA,NA,NA,NA,NA,0.138949549437314,6.84308791642269,0.95
2400,800,16,"Shrinkage",1.15644976213656,13.4100000000001,20910523,21010523,21410523,NA,NA,NA,NA,NA,NA,NA,0.579075835890143,3.41899941685354,0.95
800,800,17,"TS-RIGHT",0.429873725086994,9.38,20870524,20970524,21070524,"TS_n800_h155f087a",0.5,200,8,101,0.02,NA,NA,NA,NA
800,800,17,"IHT",0.490000870575478,2.81999999999994,20870524,20970524,NA,"IHT_n800_h17021d83",NA,NA,NA,NA,0.01,200,NA,NA,NA
800,800,17,"Lasso",0.669099398309691,0.589999999999918,20870524,20970524,21170524,NA,NA,NA,NA,NA,NA,NA,0.538433755488245,NA,NA
800,800,17,"Adaptive Huber",0.403909321424196,128.42,20870524,20970524,21270524,NA,NA,NA,NA,NA,NA,NA,0.372759372031494,6.37842049582357,0.95
800,800,17,"Shrinkage",1.31010131003124,1.32999999999993,20870524,20970524,21370524,NA,NA,NA,NA,NA,NA,NA,0.478548726121859,5.05237500709667,0.98
1200,800,17,"TS-RIGHT",0.236922934732557,7.53999999999996,20880524,20980524,21080524,"TS_n1200_h069793c2",0.5,150,8,76,0.02,NA,NA,NA,NA
1200,800,17,"IHT",0.490070169500111,4.36000000000001,20880524,20980524,NA,"IHT_n1200_h2051495b",NA,NA,NA,NA,0.01,200,NA,NA,NA
1200,800,17,"Lasso",0.714348466632394,3.66999999999996,20880524,20980524,21180524,NA,NA,NA,NA,NA,NA,NA,0.684910622587549,NA,NA
1200,800,17,"Adaptive Huber",0.292062844665576,210.06,20880524,20980524,21280524,NA,NA,NA,NA,NA,NA,NA,0.138949549437314,5.91789824366578,0.95
1200,800,17,"Shrinkage",1.19210450102025,4.14999999999998,20880524,20980524,21380524,NA,NA,NA,NA,NA,NA,NA,0.562987702337234,5.12168830574107,0.98
1600,800,17,"TS-RIGHT",0.177754791534747,7.63,20890524,20990524,21090524,"TS_n1600_h21db9f6b",0.5,150,8,76,0.02,NA,NA,NA,NA
1600,800,17,"IHT",0.245973773811032,6.56999999999994,20890524,20990524,NA,"IHT_n1600_h06b009d4",NA,NA,NA,NA,0.01,200,NA,NA,NA
1600,800,17,"Lasso",0.355250165983532,5.70000000000005,20890524,20990524,21190524,NA,NA,NA,NA,NA,NA,NA,0.421236247242784,NA,NA
1600,800,17,"Adaptive Huber",0.231863061631471,288.78,20890524,20990524,21290524,NA,NA,NA,NA,NA,NA,NA,0.372759372031494,6.44533402614734,0.95
1600,800,17,"Shrinkage",1.26879793595947,12.95,20890524,20990524,21390524,NA,NA,NA,NA,NA,NA,NA,0.468850970417195,3.63412641156777,0.95
2000,800,17,"TS-RIGHT",0.244122855787451,9.41999999999996,20900524,21000524,21100524,"TS_n2000_h06bee7e5",0.5,150,8,76,0.02,NA,NA,NA,NA
2000,800,17,"IHT",0.249462481906591,6.67000000000007,20900524,21000524,NA,"IHT_n2000_h371ec77d",NA,NA,NA,NA,0.01,200,NA,NA,NA
2000,800,17,"Lasso",0.37684987190822,4.54999999999995,20900524,21000524,21200524,NA,NA,NA,NA,NA,NA,NA,0.599579870308581,NA,NA
2000,800,17,"Adaptive Huber",0.283387115338181,360.55,20900524,21000524,21300524,NA,NA,NA,NA,NA,NA,NA,0.372759372031494,5.83622116633586,0.95
2000,800,17,"Shrinkage",1.14917203867512,13.48,20900524,21000524,21400524,NA,NA,NA,NA,NA,NA,NA,0.651940802097311,3.55181837922067,0.95
2400,800,17,"TS-RIGHT",0.126535611153686,10.09,20910524,21010524,21110524,"TS_n2400_h2202f38e",0.5,150,8,76,0.02,NA,NA,NA,NA
2400,800,17,"IHT",0.216739000443603,8.12,20910524,21010524,NA,"IHT_n2400_h1d7d87f6",NA,NA,NA,NA,0.01,200,NA,NA,NA
2400,800,17,"Lasso",0.215123219886405,4.38,20910524,21010524,21210524,NA,NA,NA,NA,NA,NA,NA,0.347258637043011,NA,NA
2400,800,17,"Adaptive Huber",0.130206123127469,433.78,20910524,21010524,21310524,NA,NA,NA,NA,NA,NA,NA,0.138949549437314,6.17649723641803,0.95
2400,800,17,"Shrinkage",1.11454148364038,16.3300000000002,20910524,21010524,21410524,NA,NA,NA,NA,NA,NA,NA,0.74630924526694,5.50398533707398,0.98
800,800,18,"TS-RIGHT",0.277738008074014,9.95000000000005,20870525,20970525,21070525,"TS_n800_h155f087a",0.5,200,8,101,0.02,NA,NA,NA,NA
800,800,18,"IHT",0.363029746173808,3.22000000000003,20870525,20970525,NA,"IHT_n800_h17021d83",NA,NA,NA,NA,0.01,200,NA,NA,NA
800,800,18,"Lasso",0.485666065180403,0.509999999999991,20870525,20970525,21170525,NA,NA,NA,NA,NA,NA,NA,0.601346286958771,NA,NA
800,800,18,"Adaptive Huber",0.341441893048365,126.49,20870525,20970525,21270525,NA,NA,NA,NA,NA,NA,NA,0.372759372031494,5.76404816078323,0.95
800,800,18,"Shrinkage",1.43035928931998,1.71999999999991,20870525,20970525,21370525,NA,NA,NA,NA,NA,NA,NA,0.728021117614505,5.32847145013584,0.98
1200,800,18,"TS-RIGHT",0.304778913340406,7.13,20880525,20980525,21080525,"TS_n1200_h069793c2",0.5,150,8,76,0.02,NA,NA,NA,NA
1200,800,18,"IHT",0.231921087007974,3.61000000000001,20880525,20980525,NA,"IHT_n1200_h2051495b",NA,NA,NA,NA,0.01,200,NA,NA,NA
1200,800,18,"Lasso",0.216604130667902,2.54000000000008,20880525,20980525,21180525,NA,NA,NA,NA,NA,NA,NA,0.306907238209695,NA,NA
1200,800,18,"Adaptive Huber",0.264421967196167,206.08,20880525,20980525,21280525,NA,NA,NA,NA,NA,NA,NA,0.138949549437314,8.49470101051938,0.98
1200,800,18,"Shrinkage",0.847814847606975,4.05000000000007,20880525,20980525,21380525,NA,NA,NA,NA,NA,NA,NA,0.679661211681443,4.95071716306407,0.98
1600,800,18,"TS-RIGHT",0.172822801253065,8.46000000000004,20890525,20990525,21090525,"TS_n1600_h21db9f6b",0.5,150,8,76,0.02,NA,NA,NA,NA
1600,800,18,"IHT",1.73522113006518,6.25,20890525,20990525,NA,"IHT_n1600_h06b009d4",NA,NA,NA,NA,0.01,200,NA,NA,NA
1600,800,18,"Lasso",3.60581769508379,9.25999999999999,20890525,20990525,21190525,NA,NA,NA,NA,NA,NA,NA,4.97217153958671,NA,NA
1600,800,18,"Adaptive Huber",0.378974126311124,279.44,20890525,20990525,21290525,NA,NA,NA,NA,NA,NA,NA,0.372759372031494,15.258474423992,0.95
1600,800,18,"Shrinkage",1.28456428512363,13.55,20890525,20990525,21390525,NA,NA,NA,NA,NA,NA,NA,0.629907147758536,2.58722647713791,0.9
2000,800,18,"TS-RIGHT",0.180920645343902,8.93999999999994,20900525,21000525,21100525,"TS_n2000_h06bee7e5",0.5,150,8,76,0.02,NA,NA,NA,NA
2000,800,18,"IHT",3.49380608110898,6.65000000000009,20900525,21000525,NA,"IHT_n2000_h371ec77d",NA,NA,NA,NA,0.01,200,NA,NA,NA
2000,800,18,"Lasso",3.42145699052527,9.06999999999994,20900525,21000525,21200525,NA,NA,NA,NA,NA,NA,NA,5.57212635307396,NA,NA
2000,800,18,"Adaptive Huber",0.271169674020172,363.82,20900525,21000525,21300525,NA,NA,NA,NA,NA,NA,NA,0.372759372031494,13.9936069164347,0.95
2000,800,18,"Shrinkage",1.19923418938029,13.9400000000001,20900525,21000525,21400525,NA,NA,NA,NA,NA,NA,NA,0.645457968687767,5.29151204298315,0.98
2400,800,18,"TS-RIGHT",0.19081202236146,9.40999999999997,20910525,21010525,21110525,"TS_n2400_h2202f38e",0.5,150,8,76,0.02,NA,NA,NA,NA
2400,800,18,"IHT",0.180603455290244,10.09,20910525,21010525,NA,"IHT_n2400_h1d7d87f6",NA,NA,NA,NA,0.01,200,NA,NA,NA
2400,800,18,"Lasso",0.303076421483387,5.03000000000009,20910525,21010525,21210525,NA,NA,NA,NA,NA,NA,NA,0.51927257444252,NA,NA
2400,800,18,"Adaptive Huber",0.216644492972775,431.22,20910525,21010525,21310525,NA,NA,NA,NA,NA,NA,NA,0.372759372031494,5.59843460670191,0.95
2400,800,18,"Shrinkage",1.23198844185871,16.8299999999999,20910525,21010525,21410525,NA,NA,NA,NA,NA,NA,NA,0.614348345451826,3.61467355054764,0.95
800,800,19,"TS-RIGHT",0.354239475358926,10.3200000000001,20870526,20970526,21070526,"TS_n800_h155f087a",0.5,200,8,101,0.02,NA,NA,NA,NA
800,800,19,"IHT",0.414437777589575,2.25999999999999,20870526,20970526,NA,"IHT_n800_h17021d83",NA,NA,NA,NA,0.01,200,NA,NA,NA
800,800,19,"Lasso",0.62276237683722,0.590000000000032,20870526,20970526,21170526,NA,NA,NA,NA,NA,NA,NA,0.608495296469379,NA,NA
800,800,19,"Adaptive Huber",0.323796936292093,131.54,20870526,20970526,21270526,NA,NA,NA,NA,NA,NA,NA,0.372759372031494,5.86560837976098,0.95
800,800,19,"Shrinkage",2.16591169772909,2,20870526,20970526,21370526,NA,NA,NA,NA,NA,NA,NA,0.505752623425025,6.03696545742328,0.98
1200,800,19,"TS-RIGHT",0.295361597807226,7.23000000000002,20880526,20980526,21080526,"TS_n1200_h069793c2",0.5,150,8,76,0.02,NA,NA,NA,NA
1200,800,19,"IHT",0.248229173307143,4.46999999999991,20880526,20980526,NA,"IHT_n1200_h2051495b",NA,NA,NA,NA,0.01,200,NA,NA,NA
1200,800,19,"Lasso",0.346123954855432,3.97000000000003,20880526,20980526,21180526,NA,NA,NA,NA,NA,NA,NA,0.506435150986022,NA,NA
1200,800,19,"Adaptive Huber",0.254366255196466,201.3,20880526,20980526,21280526,NA,NA,NA,NA,NA,NA,NA,0.372759372031494,5.77149016826374,0.95
1200,800,19,"Shrinkage",1.24265852841135,3.96999999999991,20880526,20980526,21380526,NA,NA,NA,NA,NA,NA,NA,0.460290150227959,5.36563409376953,0.98
1600,800,19,"TS-RIGHT",0.139299649780024,8.38999999999999,20890526,20990526,21090526,"TS_n1600_h21db9f6b",0.5,150,8,76,0.02,NA,NA,NA,NA
1600,800,19,"IHT",0.316474959472532,6.31000000000006,20890526,20990526,NA,"IHT_n1600_h06b009d4",NA,NA,NA,NA,0.01,200,NA,NA,NA
1600,800,19,"Lasso",0.300055632589413,3.87,20890526,20990526,21190526,NA,NA,NA,NA,NA,NA,NA,0.423022996679936,NA,NA
1600,800,19,"Adaptive Huber",0.172059016877742,286.93,20890526,20990526,21290526,NA,NA,NA,NA,NA,NA,NA,0.372759372031494,6.10485881829519,0.95
1600,800,19,"Shrinkage",1.18878210830095,12.3900000000001,20890526,20990526,21390526,NA,NA,NA,NA,NA,NA,NA,0.390652909607718,3.53552241890648,0.95
2000,800,19,"TS-RIGHT",0.195233289678764,8.62,20900526,21000526,21100526,"TS_n2000_h06bee7e5",0.5,150,8,76,0.02,NA,NA,NA,NA
2000,800,19,"IHT",0.445941109860213,8.42000000000007,20900526,21000526,NA,"IHT_n2000_h371ec77d",NA,NA,NA,NA,0.01,200,NA,NA,NA
2000,800,19,"Lasso",0.476028182000325,6.15999999999997,20900526,21000526,21200526,NA,NA,NA,NA,NA,NA,NA,0.744565392343538,NA,NA
2000,800,19,"Adaptive Huber",0.206187824612103,373.75,20900526,21000526,21300526,NA,NA,NA,NA,NA,NA,NA,0.372759372031494,5.67177256188688,0.95
2000,800,19,"Shrinkage",0.981755368225093,13.3099999999999,20900526,21000526,21400526,NA,NA,NA,NA,NA,NA,NA,0.524158019131106,3.71412362147967,0.95
2400,800,19,"TS-RIGHT",0.116623636180397,9.29000000000008,20910526,21010526,21110526,"TS_n2400_h2202f38e",0.5,150,8,76,0.02,NA,NA,NA,NA
2400,800,19,"IHT",0.325904749401613,8.46999999999991,20910526,21010526,NA,"IHT_n2400_h1d7d87f6",NA,NA,NA,NA,0.01,200,NA,NA,NA
2400,800,19,"Lasso",0.532530065792084,5.54000000000008,20910526,21010526,21210526,NA,NA,NA,NA,NA,NA,NA,0.661833555541188,NA,NA
2400,800,19,"Adaptive Huber",0.183318524575213,437.79,20910526,21010526,21310526,NA,NA,NA,NA,NA,NA,NA,0.138949549437314,5.85386203576198,0.95
2400,800,19,"Shrinkage",0.869295045900253,14.1399999999999,20910526,21010526,21410526,NA,NA,NA,NA,NA,NA,NA,0.824102879949476,5.31561280066967,0.98
800,800,20,"TS-RIGHT",0.317665622426084,9.41999999999996,20870527,20970527,21070527,"TS_n800_h155f087a",0.5,200,8,101,0.02,NA,NA,NA,NA
800,800,20,"IHT",0.637731937316091,2.77999999999997,20870527,20970527,NA,"IHT_n800_h17021d83",NA,NA,NA,NA,0.01,200,NA,NA,NA
800,800,20,"Lasso",0.581704335161839,0.659999999999968,20870527,20970527,21170527,NA,NA,NA,NA,NA,NA,NA,0.579362069432118,NA,NA
800,800,20,"Adaptive Huber",0.423528507086883,129.11,20870527,20970527,21270527,NA,NA,NA,NA,NA,NA,NA,0.138949549437314,4.44216268934659,0.9
800,800,20,"Shrinkage",1.43117057442518,1.5200000000001,20870527,20970527,21370527,NA,NA,NA,NA,NA,NA,NA,0.731792886926787,3.3959385332968,0.95
1200,800,20,"TS-RIGHT",0.228033245444958,8.09999999999991,20880527,20980527,21080527,"TS_n1200_h069793c2",0.5,150,8,76,0.02,NA,NA,NA,NA
1200,800,20,"IHT",0.341659116363222,4.59999999999991,20880527,20980527,NA,"IHT_n1200_h2051495b",NA,NA,NA,NA,0.01,200,NA,NA,NA
1200,800,20,"Lasso",0.479621848254922,5.84000000000003,20880527,20980527,21180527,NA,NA,NA,NA,NA,NA,NA,0.538846047885997,NA,NA
1200,800,20,"Adaptive Huber",0.238957861546976,210.67,20880527,20980527,21280527,NA,NA,NA,NA,NA,NA,NA,0.372759372031494,5.89011445660664,0.95
1200,800,20,"Shrinkage",1.39764595775446,3.93999999999983,20880527,20980527,21380527,NA,NA,NA,NA,NA,NA,NA,0.910511004140652,3.61029214468872,0.95
1600,800,20,"TS-RIGHT",0.298789508724429,8.54999999999995,20890527,20990527,21090527,"TS_n1600_h21db9f6b",0.5,150,8,76,0.02,NA,NA,NA,NA
1600,800,20,"IHT",1.07866474708949,6.63999999999999,20890527,20990527,NA,"IHT_n1600_h06b009d4",NA,NA,NA,NA,0.01,200,NA,NA,NA
1600,800,20,"Lasso",1.07865260860407,4.46000000000004,20890527,20990527,21190527,NA,NA,NA,NA,NA,NA,NA,1.47103859270415,NA,NA
1600,800,20,"Adaptive Huber",0.176109706575211,279.75,20890527,20990527,21290527,NA,NA,NA,NA,NA,NA,NA,0.372759372031494,7.21152363233373,0.95
1600,800,20,"Shrinkage",1.46484438634856,14.1700000000001,20890527,20990527,21390527,NA,NA,NA,NA,NA,NA,NA,0.970589634040752,3.56698126385256,0.95
2000,800,20,"TS-RIGHT",0.217495045736094,9.88,20900527,21000527,21100527,"TS_n2000_h06bee7e5",0.5,150,8,76,0.02,NA,NA,NA,NA
2000,800,20,"IHT",0.215558196014268,7.22000000000003,20900527,21000527,NA,"IHT_n2000_h371ec77d",NA,NA,NA,NA,0.01,200,NA,NA,NA
2000,800,20,"Lasso",0.32803043835775,4.37,20900527,21000527,21200527,NA,NA,NA,NA,NA,NA,NA,0.506410672511004,NA,NA
2000,800,20,"Adaptive Huber",0.220042056728872,367.18,20900527,21000527,21300527,NA,NA,NA,NA,NA,NA,NA,0.372759372031494,6.05939125907047,0.95
2000,800,20,"Shrinkage",1.48040041421481,14.7,20900527,21000527,21400527,NA,NA,NA,NA,NA,NA,NA,0.724119531676039,3.53616704988932,0.95
2400,800,20,"TS-RIGHT",0.16398795812431,9.50999999999999,20910527,21010527,21110527,"TS_n2400_h2202f38e",0.5,150,8,76,0.02,NA,NA,NA,NA
2400,800,20,"IHT",0.440208808137125,10,20910527,21010527,NA,"IHT_n2400_h1d7d87f6",NA,NA,NA,NA,0.01,200,NA,NA,NA
2400,800,20,"Lasso",0.423541114236969,7.80000000000007,20910527,21010527,21210527,NA,NA,NA,NA,NA,NA,NA,0.798954779975439,NA,NA
2400,800,20,"Adaptive Huber",0.183793523104764,425.12,20910527,21010527,21310527,NA,NA,NA,NA,NA,NA,NA,0.372759372031494,6.34108601360496,0.95
2400,800,20,"Shrinkage",1.17030985015469,18.3200000000002,20910527,21010527,21410527,NA,NA,NA,NA,NA,NA,NA,0.684948487838813,3.47830115252591,0.95
800,800,21,"TS-RIGHT",0.321633505914244,9.07999999999993,20870528,20970528,21070528,"TS_n800_h155f087a",0.5,200,8,101,0.02,NA,NA,NA,NA
800,800,21,"IHT",0.85357100500891,2.88999999999999,20870528,20970528,NA,"IHT_n800_h17021d83",NA,NA,NA,NA,0.01,200,NA,NA,NA
800,800,21,"Lasso",0.745130879451161,1.72000000000003,20870528,20970528,21170528,NA,NA,NA,NA,NA,NA,NA,1.66922361206442,NA,NA
800,800,21,"Adaptive Huber",0.221824018045492,128.01,20870528,20970528,21270528,NA,NA,NA,NA,NA,NA,NA,0.372759372031494,4.15733481702749,0.9
800,800,21,"Shrinkage",1.48680895522025,1.53000000000009,20870528,20970528,21370528,NA,NA,NA,NA,NA,NA,NA,0.790512709031524,5.71451120080285,0.98
1200,800,21,"TS-RIGHT",0.200204147221317,7.47000000000003,20880528,20980528,21080528,"TS_n1200_h069793c2",0.5,150,8,76,0.02,NA,NA,NA,NA
1200,800,21,"IHT",1.38748307275819,4.25,20880528,20980528,NA,"IHT_n1200_h2051495b",NA,NA,NA,NA,0.01,200,NA,NA,NA
1200,800,21,"Lasso",1.57716701124486,3.84000000000003,20880528,20980528,21180528,NA,NA,NA,NA,NA,NA,NA,1.833909964725,NA,NA
1200,800,21,"Adaptive Huber",0.260351211549553,205.07,20880528,20980528,21280528,NA,NA,NA,NA,NA,NA,NA,0.372759372031494,8.13206899994169,0.95
1200,800,21,"Shrinkage",1.70820501002645,4.57000000000016,20880528,20980528,21380528,NA,NA,NA,NA,NA,NA,NA,0.461307211961765,5.26149566049584,0.98
1600,800,21,"TS-RIGHT",0.240322584775229,8.54999999999995,20890528,20990528,21090528,"TS_n1600_h21db9f6b",0.5,150,8,76,0.02,NA,NA,NA,NA
1600,800,21,"IHT",0.280730558980796,5.20000000000005,20890528,20990528,NA,"IHT_n1600_h06b009d4",NA,NA,NA,NA,0.01,200,NA,NA,NA
1600,800,21,"Lasso",0.44701377040565,3.54999999999995,20890528,20990528,21190528,NA,NA,NA,NA,NA,NA,NA,0.597234268835955,NA,NA
1600,800,21,"Adaptive Huber",0.277898378088118,287.47,20890528,20990528,21290528,NA,NA,NA,NA,NA,NA,NA,0.372759372031494,11.9546891508832,0.98
1600,800,21,"Shrinkage",1.10422019590178,13.53,20890528,20990528,21390528,NA,NA,NA,NA,NA,NA,NA,0.963842187242461,5.53896176446183,0.98
2000,800,21,"TS-RIGHT",0.156134901839137,8.46000000000004,20900528,21000528,21100528,"TS_n2000_h06bee7e5",0.5,150,8,76,0.02,NA,NA,NA,NA
2000,800,21,"IHT",0.174564579616041,7.63,20900528,21000528,NA,"IHT_n2000_h371ec77d",NA,NA,NA,NA,0.01,200,NA,NA,NA
2000,800,21,"Lasso",0.230087287769943,4.98000000000002,20900528,21000528,21200528,NA,NA,NA,NA,NA,NA,NA,0.404110058674099,NA,NA
2000,800,21,"Adaptive Huber",0.223575692049765,369.14,20900528,21000528,21300528,NA,NA,NA,NA,NA,NA,NA,0.372759372031494,6.14294002544239,0.95
2000,800,21,"Shrinkage",0.990765482149279,14.1099999999999,20900528,21000528,21400528,NA,NA,NA,NA,NA,NA,NA,0.634607576209074,5.5883845441017,0.98
2400,800,21,"TS-RIGHT",0.221169740730927,8.86000000000001,20910528,21010528,21110528,"TS_n2400_h2202f38e",0.5,150,8,76,0.02,NA,NA,NA,NA
2400,800,21,"IHT",0.507354105716296,9.63999999999999,20910528,21010528,NA,"IHT_n2400_h1d7d87f6",NA,NA,NA,NA,0.01,200,NA,NA,NA
2400,800,21,"Lasso",0.554590703154437,7.8900000000001,20910528,21010528,21210528,NA,NA,NA,NA,NA,NA,NA,1.0038081806089,NA,NA
2400,800,21,"Adaptive Huber",0.204953179772992,437.58,20910528,21010528,21310528,NA,NA,NA,NA,NA,NA,NA,0.372759372031494,5.90860377866517,0.95
2400,800,21,"Shrinkage",0.799726090644624,15.55,20910528,21010528,21410528,NA,NA,NA,NA,NA,NA,NA,0.679235758320918,3.68294633836135,0.95
800,800,22,"TS-RIGHT",0.266908319316123,9.20000000000005,20870529,20970529,21070529,"TS_n800_h155f087a",0.5,200,8,101,0.02,NA,NA,NA,NA
800,800,22,"IHT",2.35127089230954,2.68999999999994,20870529,20970529,NA,"IHT_n800_h17021d83",NA,NA,NA,NA,0.01,200,NA,NA,NA
800,800,22,"Lasso",3.74216726011751,2.29000000000008,20870529,20970529,21170529,NA,NA,NA,NA,NA,NA,NA,3.33762766250342,NA,NA
800,800,22,"Adaptive Huber",0.657177487288157,125.89,20870529,20970529,21270529,NA,NA,NA,NA,NA,NA,NA,0.138949549437314,14.2066098067667,0.95
800,800,22,"Shrinkage",1.95372725552772,1.6400000000001,20870529,20970529,21370529,NA,NA,NA,NA,NA,NA,NA,0.292126126902855,4.97220378331953,0.98
1200,800,22,"TS-RIGHT",0.139188529689039,7.59999999999991,20880529,20980529,21080529,"TS_n1200_h069793c2",0.5,150,8,76,0.02,NA,NA,NA,NA
1200,800,22,"IHT",0.235274156350549,4.03000000000009,20880529,20980529,NA,"IHT_n1200_h2051495b",NA,NA,NA,NA,0.01,200,NA,NA,NA
1200,800,22,"Lasso",0.372924906305305,3.5,20880529,20980529,21180529,NA,NA,NA,NA,NA,NA,NA,0.490278797103657,NA,NA
1200,800,22,"Adaptive Huber",0.176036068585041,204.61,20880529,20980529,21280529,NA,NA,NA,NA,NA,NA,NA,0.138949549437314,4.72024739163313,0.95
1200,800,22,"Shrinkage",1.06918929296798,3.95000000000005,20880529,20980529,21380529,NA,NA,NA,NA,NA,NA,NA,0.599175768290969,5.30723309760786,0.98
1600,800,22,"TS-RIGHT",0.225065265148823,8.45000000000005,20890529,20990529,21090529,"TS_n1600_h21db9f6b",0.5,150,8,76,0.02,NA,NA,NA,NA
1600,800,22,"IHT",1.70822932651779e+76,5.39999999999998,20890529,20990529,NA,"IHT_n1600_h06b009d4",NA,NA,NA,NA,0.01,200,NA,NA,NA
1600,800,22,"Lasso",1.1288406614779,4.51999999999998,20890529,20990529,21190529,NA,NA,NA,NA,NA,NA,NA,0.218950011298532,NA,NA
1600,800,22,"Adaptive Huber",0.159694488641829,282.47,20890529,20990529,21290529,NA,NA,NA,NA,NA,NA,NA,0.138949549437314,5.40312121686761,0.95
1600,800,22,"Shrinkage",0.850425402838568,14.28,20890529,20990529,21390529,NA,NA,NA,NA,NA,NA,NA,0.609389536567216,5.18553969457884,0.98
2000,800,22,"TS-RIGHT",0.221044951076739,8.59000000000003,20900529,21000529,21100529,"TS_n2000_h06bee7e5",0.5,150,8,76,0.02,NA,NA,NA,NA
2000,800,22,"IHT",0.476195287368751,8.66999999999996,20900529,21000529,NA,"IHT_n2000_h371ec77d",NA,NA,NA,NA,0.01,200,NA,NA,NA
2000,800,22,"Lasso",0.496885184821272,5.5100000000001,20900529,21000529,21200529,NA,NA,NA,NA,NA,NA,NA,0.71130196295827,NA,NA
2000,800,22,"Adaptive Huber",0.247847653754779,361.71,20900529,21000529,21300529,NA,NA,NA,NA,NA,NA,NA,0.372759372031494,6.9231932197991,0.95
2000,800,22,"Shrinkage",1.27004823963994,13.6900000000001,20900529,21000529,21400529,NA,NA,NA,NA,NA,NA,NA,0.497218440752239,3.57702567279418,0.95
2400,800,22,"TS-RIGHT",0.246206128107134,8.65999999999997,20910529,21010529,21110529,"TS_n2400_h2202f38e",0.5,150,8,76,0.02,NA,NA,NA,NA
2400,800,22,"IHT",0.540678533446881,9.73000000000002,20910529,21010529,NA,"IHT_n2400_h1d7d87f6",NA,NA,NA,NA,0.01,200,NA,NA,NA
2400,800,22,"Lasso",0.502014064068177,7.56999999999994,20910529,21010529,21210529,NA,NA,NA,NA,NA,NA,NA,1.04460980705322,NA,NA
2400,800,22,"Adaptive Huber",0.220100300136497,404.4,20910529,21010529,21310529,NA,NA,NA,NA,NA,NA,NA,0.372759372031494,6.94175646298685,0.95
2400,800,22,"Shrinkage",0.971327764271754,15.6299999999999,20910529,21010529,21410529,NA,NA,NA,NA,NA,NA,NA,0.548605529336807,3.53093183508761,0.95
800,800,23,"TS-RIGHT",0.323954887688619,8.5,20870530,20970530,21070530,"TS_n800_h155f087a",0.5,200,8,101,0.02,NA,NA,NA,NA
800,800,23,"IHT",0.552998865055907,2.41000000000008,20870530,20970530,NA,"IHT_n800_h17021d83",NA,NA,NA,NA,0.01,200,NA,NA,NA
800,800,23,"Lasso",0.399108048634918,0.439999999999941,20870530,20970530,21170530,NA,NA,NA,NA,NA,NA,NA,0.441172683479384,NA,NA
800,800,23,"Adaptive Huber",0.194296825662788,129.22,20870530,20970530,21270530,NA,NA,NA,NA,NA,NA,NA,0.372759372031494,3.33498995643947,0.9
800,800,23,"Shrinkage",1.63850079012074,1.09999999999991,20870530,20970530,21370530,NA,NA,NA,NA,NA,NA,NA,1.19232006373712,3.72230989761105,0.95
1200,800,23,"TS-RIGHT",0.253556063352437,7.23000000000002,20880530,20980530,21080530,"TS_n1200_h069793c2",0.5,150,8,76,0.02,NA,NA,NA,NA
1200,800,23,"IHT",1.11724003858693,4.52999999999997,20880530,20980530,NA,"IHT_n1200_h2051495b",NA,NA,NA,NA,0.01,200,NA,NA,NA
1200,800,23,"Lasso",1.27948505565923,10.3099999999999,20880530,20980530,21180530,NA,NA,NA,NA,NA,NA,NA,1.8444196005716,NA,NA
1200,800,23,"Adaptive Huber",0.291322367262375,215.96,20880530,20980530,21280530,NA,NA,NA,NA,NA,NA,NA,0.372759372031494,7.64626399177509,0.95
1200,800,23,"Shrinkage",1.12626778924438,5.07999999999993,20880530,20980530,21380530,NA,NA,NA,NA,NA,NA,NA,0.777673469528562,5.28172867620673,0.98
1600,800,23,"TS-RIGHT",0.22073196400679,8.09000000000003,20890530,20990530,21090530,"TS_n1600_h21db9f6b",0.5,150,8,76,0.02,NA,NA,NA,NA
1600,800,23,"IHT",0.361112809473899,4.86000000000001,20890530,20990530,NA,"IHT_n1600_h06b009d4",NA,NA,NA,NA,0.01,200,NA,NA,NA
1600,800,23,"Lasso",0.422638210514101,3.03999999999996,20890530,20990530,21190530,NA,NA,NA,NA,NA,NA,NA,0.441157929969456,NA,NA
1600,800,23,"Adaptive Huber",0.171899049493793,276.87,20890530,20990530,21290530,NA,NA,NA,NA,NA,NA,NA,0.138949549437314,3.76108445003786,0.9
1600,800,23,"Shrinkage",1.09227357768796,11.22,20890530,20990530,21390530,NA,NA,NA,NA,NA,NA,NA,0.625398654606616,3.61735520981436,0.95
2000,800,23,"TS-RIGHT",0.183668211777431,8.86000000000001,20900530,21000530,21100530,"TS_n2000_h06bee7e5",0.5,150,8,76,0.02,NA,NA,NA,NA
2000,800,23,"IHT",6.00191100265961e+125,6.75,20900530,21000530,NA,"IHT_n2000_h371ec77d",NA,NA,NA,NA,0.01,200,NA,NA,NA
2000,800,23,"Lasso",0.269434470959999,6.5,20900530,21000530,21200530,NA,NA,NA,NA,NA,NA,NA,0.407441015053727,NA,NA
2000,800,23,"Adaptive Huber",0.200371732772064,357.08,20900530,21000530,21300530,NA,NA,NA,NA,NA,NA,NA,0.372759372031494,5.73040467389908,0.95
2000,800,23,"Shrinkage",1.22006126859275,13.9200000000001,20900530,21000530,21400530,NA,NA,NA,NA,NA,NA,NA,0.555204060908509,3.71885774602814,0.95
2400,800,23,"TS-RIGHT",0.161857113195817,9.21999999999991,20910530,21010530,21110530,"TS_n2400_h2202f38e",0.5,150,8,76,0.02,NA,NA,NA,NA
2400,800,23,"IHT",0.353022173842274,7.47000000000003,20910530,21010530,NA,"IHT_n2400_h1d7d87f6",NA,NA,NA,NA,0.01,200,NA,NA,NA
2400,800,23,"Lasso",0.392860647418925,6.81000000000006,20910530,21010530,21210530,NA,NA,NA,NA,NA,NA,NA,0.507189701562754,NA,NA
2400,800,23,"Adaptive Huber",0.224252044695229,428.81,20910530,21010530,21310530,NA,NA,NA,NA,NA,NA,NA,0.372759372031494,5.99047241215247,0.95
2400,800,23,"Shrinkage",0.627679372620673,15.9200000000001,20910530,21010530,21410530,NA,NA,NA,NA,NA,NA,NA,0.550226857254965,4.98558105981895,0.98
800,800,24,"TS-RIGHT",0.440345205977207,9.29000000000008,20870531,20970531,21070531,"TS_n800_h155f087a",0.5,200,8,101,0.02,NA,NA,NA,NA
800,800,24,"IHT",0.707365195489288,2.84999999999991,20870531,20970531,NA,"IHT_n800_h17021d83",NA,NA,NA,NA,0.01,200,NA,NA,NA
800,800,24,"Lasso",1.05038916693794,0.670000000000073,20870531,20970531,21170531,NA,NA,NA,NA,NA,NA,NA,0.562026961006206,NA,NA
800,800,24,"Adaptive Huber",0.49279594965108,126.19,20870531,20970531,21270531,NA,NA,NA,NA,NA,NA,NA,0.372759372031494,6.85722239832793,0.95
800,800,24,"Shrinkage",1.38365222498933,1.78999999999996,20870531,20970531,21370531,NA,NA,NA,NA,NA,NA,NA,0.93057295135985,5.13801191734724,0.98
1200,800,24,"TS-RIGHT",0.262163410723847,7.74000000000001,20880531,20980531,21080531,"TS_n1200_h069793c2",0.5,150,8,76,0.02,NA,NA,NA,NA
1200,800,24,"IHT",0.696905065505778,4.16999999999996,20880531,20980531,NA,"IHT_n1200_h2051495b",NA,NA,NA,NA,0.01,200,NA,NA,NA
1200,800,24,"Lasso",0.570562419421849,4.02999999999997,20880531,20980531,21180531,NA,NA,NA,NA,NA,NA,NA,1.04998568707587,NA,NA
1200,800,24,"Adaptive Huber",0.126074938260059,214.33,20880531,20980531,21280531,NA,NA,NA,NA,NA,NA,NA,0.372759372031494,6.75926222152787,0.95
1200,800,24,"Shrinkage",1.77820279110225,4.39999999999986,20880531,20980531,21380531,NA,NA,NA,NA,NA,NA,NA,0.608595782414602,2.62367453658367,0.9
1600,800,24,"TS-RIGHT",0.241588673712444,8.19000000000005,20890531,20990531,21090531,"TS_n1600_h21db9f6b",0.5,150,8,76,0.02,NA,NA,NA,NA
1600,800,24,"IHT",0.302813809703963,6.61999999999989,20890531,20990531,NA,"IHT_n1600_h06b009d4",NA,NA,NA,NA,0.01,200,NA,NA,NA
1600,800,24,"Lasso",0.387177039051938,4.86000000000013,20890531,20990531,21190531,NA,NA,NA,NA,NA,NA,NA,0.507698705469878,NA,NA
1600,800,24,"Adaptive Huber",0.277897839820657,292.07,20890531,20990531,21290531,NA,NA,NA,NA,NA,NA,NA,0.372759372031494,6.99797332339695,0.95
1600,800,24,"Shrinkage",1.02206582922679,14.01,20890531,20990531,21390531,NA,NA,NA,NA,NA,NA,NA,0.735729760058004,3.53214792494433,0.95
2000,800,24,"TS-RIGHT",0.169017417265053,7.96000000000004,20900531,21000531,21100531,"TS_n2000_h06bee7e5",0.5,150,8,76,0.02,NA,NA,NA,NA
2000,800,24,"IHT",0.250907067494076,6.9699999999998,20900531,21000531,NA,"IHT_n2000_h371ec77d",NA,NA,NA,NA,0.01,200,NA,NA,NA
2000,800,24,"Lasso",0.478529562400369,3.92000000000007,20900531,21000531,21200531,NA,NA,NA,NA,NA,NA,NA,0.472575057546686,NA,NA
2000,800,24,"Adaptive Huber",0.184933889659241,359.86,20900531,21000531,21300531,NA,NA,NA,NA,NA,NA,NA,0.372759372031494,5.75842507073576,0.95
2000,800,24,"Shrinkage",0.918612511933161,13.6799999999998,20900531,21000531,21400531,NA,NA,NA,NA,NA,NA,NA,0.951214491071008,5.1745457255369,0.98
2400,800,24,"TS-RIGHT",0.139164715794897,8.97000000000003,20910531,21010531,21110531,"TS_n2400_h2202f38e",0.5,150,8,76,0.02,NA,NA,NA,NA
2400,800,24,"IHT",0.32989920918288,10.28,20910531,21010531,NA,"IHT_n2400_h1d7d87f6",NA,NA,NA,NA,0.01,200,NA,NA,NA
2400,800,24,"Lasso",0.483420480727504,6.29999999999995,20910531,21010531,21210531,NA,NA,NA,NA,NA,NA,NA,0.65548530190623,NA,NA
2400,800,24,"Adaptive Huber",0.115994638407188,450.28,20910531,21010531,21310531,NA,NA,NA,NA,NA,NA,NA,0.138949549437314,5.73556883805816,0.95
2400,800,24,"Shrinkage",0.844881017802494,14.97,20910531,21010531,21410531,NA,NA,NA,NA,NA,NA,NA,0.661741606266013,5.5845344450224,0.98
800,800,25,"TS-RIGHT",0.448914852916069,9.60000000000014,20870532,20970532,21070532,"TS_n800_h155f087a",0.5,200,8,101,0.02,NA,NA,NA,NA
800,800,25,"IHT",1.52447796464653,2.69999999999982,20870532,20970532,NA,"IHT_n800_h17021d83",NA,NA,NA,NA,0.01,200,NA,NA,NA
800,800,25,"Lasso",1.52441423272966,1.20000000000005,20870532,20970532,21170532,NA,NA,NA,NA,NA,NA,NA,2.18368461936852,NA,NA
800,800,25,"Adaptive Huber",0.208039252591199,130.46,20870532,20970532,21270532,NA,NA,NA,NA,NA,NA,NA,0.372759372031494,7.65884106063364,0.95
800,800,25,"Shrinkage",1.59044605595938,1.46000000000004,20870532,20970532,21370532,NA,NA,NA,NA,NA,NA,NA,0.642663380917052,3.48295347187218,0.95
1200,800,25,"TS-RIGHT",0.251551444489747,7.18999999999983,20880532,20980532,21080532,"TS_n1200_h069793c2",0.5,150,8,76,0.02,NA,NA,NA,NA
1200,800,25,"IHT",0.26374160832562,4.6400000000001,20880532,20980532,NA,"IHT_n1200_h2051495b",NA,NA,NA,NA,0.01,200,NA,NA,NA
1200,800,25,"Lasso",0.276646551702543,3.24000000000001,20880532,20980532,21180532,NA,NA,NA,NA,NA,NA,NA,0.410650360367272,NA,NA
1200,800,25,"Adaptive Huber",0.19014504362278,200.25,20880532,20980532,21280532,NA,NA,NA,NA,NA,NA,NA,0.138949549437314,3.65964076024466,0.9
1200,800,25,"Shrinkage",0.893254969844096,3.70000000000005,20880532,20980532,21380532,NA,NA,NA,NA,NA,NA,NA,0.528747998170279,5.13792666489079,0.98
1600,800,25,"TS-RIGHT",0.193823401109854,8.33999999999992,20890532,20990532,21090532,"TS_n1600_h21db9f6b",0.5,150,8,76,0.02,NA,NA,NA,NA
1600,800,25,"IHT",0.246020457732217,6.26999999999998,20890532,20990532,NA,"IHT_n1600_h06b009d4",NA,NA,NA,NA,0.01,200,NA,NA,NA
1600,800,25,"Lasso",0.346401150593942,4.08999999999992,20890532,20990532,21190532,NA,NA,NA,NA,NA,NA,NA,0.518086659194413,NA,NA
1600,800,25,"Adaptive Huber",0.260923555102643,282.63,20890532,20990532,21290532,NA,NA,NA,NA,NA,NA,NA,0.372759372031494,5.96844484670309,0.95
1600,800,25,"Shrinkage",1.56524087957709,13.0899999999999,20890532,20990532,21390532,NA,NA,NA,NA,NA,NA,NA,0.930393372056762,3.65959325486029,0.95
2000,800,25,"TS-RIGHT",0.143962522612706,8.8900000000001,20900532,21000532,21100532,"TS_n2000_h06bee7e5",0.5,150,8,76,0.02,NA,NA,NA,NA
2000,800,25,"IHT",0.301950340598874,7.01999999999998,20900532,21000532,NA,"IHT_n2000_h371ec77d",NA,NA,NA,NA,0.01,200,NA,NA,NA
2000,800,25,"Lasso",0.354710173413894,4.80999999999995,20900532,21000532,21200532,NA,NA,NA,NA,NA,NA,NA,0.536558667584646,NA,NA
2000,800,25,"Adaptive Huber",0.252302712209569,371.13,20900532,21000532,21300532,NA,NA,NA,NA,NA,NA,NA,0.372759372031494,5.78287061484179,0.95
2000,800,25,"Shrinkage",1.16548982752151,13.98,20900532,21000532,21400532,NA,NA,NA,NA,NA,NA,NA,0.590259772780435,3.59818967944818,0.95
2400,800,25,"TS-RIGHT",0.163556196293432,9.01999999999998,20910532,21010532,21110532,"TS_n2400_h2202f38e",0.5,150,8,76,0.02,NA,NA,NA,NA
2400,800,25,"IHT",0.250253763831485,7.88000000000011,20910532,21010532,NA,"IHT_n2400_h1d7d87f6",NA,NA,NA,NA,0.01,200,NA,NA,NA
2400,800,25,"Lasso",0.327298928613487,4.42000000000007,20910532,21010532,21210532,NA,NA,NA,NA,NA,NA,NA,0.362084088127649,NA,NA
2400,800,25,"Adaptive Huber",0.255412117354053,436.08,20910532,21010532,21310532,NA,NA,NA,NA,NA,NA,NA,0.372759372031494,6.33398413746528,0.95
2400,800,25,"Shrinkage",1.20022113860781,15.51,20910532,21010532,21410532,NA,NA,NA,NA,NA,NA,NA,0.971940105930489,5.54129606258654,0.98
800,800,26,"TS-RIGHT",0.534267571529942,10.46,20870533,20970533,21070533,"TS_n800_h155f087a",0.5,200,8,101,0.02,NA,NA,NA,NA
800,800,26,"IHT",5.309448653429,2.28999999999996,20870533,20970533,NA,"IHT_n800_h17021d83",NA,NA,NA,NA,0.01,200,NA,NA,NA
800,800,26,"Lasso",0.784402490223434,0.75,20870533,20970533,21170533,NA,NA,NA,NA,NA,NA,NA,0.550010388746123,NA,NA
800,800,26,"Adaptive Huber",0.362475735732366,132.87,20870533,20970533,21270533,NA,NA,NA,NA,NA,NA,NA,0.372759372031494,3.85067959532252,0.9
800,800,26,"Shrinkage",1.83128112461013,1.48000000000002,20870533,20970533,21370533,NA,NA,NA,NA,NA,NA,NA,0.970865104103805,3.569609347616,0.95
1200,800,26,"TS-RIGHT",0.275006310667651,6.92000000000007,20880533,20980533,21080533,"TS_n1200_h069793c2",0.5,150,8,76,0.02,NA,NA,NA,NA
1200,800,26,"IHT",4.360120128247e+24,4.76999999999998,20880533,20980533,NA,"IHT_n1200_h2051495b",NA,NA,NA,NA,0.01,200,NA,NA,NA
1200,800,26,"Lasso",0.397043147527911,4.70000000000005,20880533,20980533,21180533,NA,NA,NA,NA,NA,NA,NA,0.735737575878407,NA,NA
1200,800,26,"Adaptive Huber",0.269263972898809,208.32,20880533,20980533,21280533,NA,NA,NA,NA,NA,NA,NA,0.372759372031494,5.97458943600166,0.95
1200,800,26,"Shrinkage",1.42120766285832,3.81999999999994,20880533,20980533,21380533,NA,NA,NA,NA,NA,NA,NA,0.945227659992033,3.60901283627753,0.95
1600,800,26,"TS-RIGHT",0.222552763251119,7.88999999999987,20890533,20990533,21090533,"TS_n1600_h21db9f6b",0.5,150,8,76,0.02,NA,NA,NA,NA
1600,800,26,"IHT",0.380793238948194,6.8900000000001,20890533,20990533,NA,"IHT_n1600_h06b009d4",NA,NA,NA,NA,0.01,200,NA,NA,NA
1600,800,26,"Lasso",0.395927835023476,4.62999999999988,20890533,20990533,21190533,NA,NA,NA,NA,NA,NA,NA,0.43570501969066,NA,NA
1600,800,26,"Adaptive Huber",0.268616735480166,288.95,20890533,20990533,21290533,NA,NA,NA,NA,NA,NA,NA,0.372759372031494,6.29549176805602,0.95
1600,800,26,"Shrinkage",1.15414433175606,13.01,20890533,20990533,21390533,NA,NA,NA,NA,NA,NA,NA,0.507946058703594,3.57809671369832,0.95
2000,800,26,"TS-RIGHT",0.115303508606372,7.69000000000005,20900533,21000533,21100533,"TS_n2000_h06bee7e5",0.5,150,8,76,0.02,NA,NA,NA,NA
2000,800,26,"IHT",0.531897782727757,6.88999999999987,20900533,21000533,NA,"IHT_n2000_h371ec77d",NA,NA,NA,NA,0.01,200,NA,NA,NA
2000,800,26,"Lasso",0.553309691641899,5.17000000000007,20900533,21000533,21200533,NA,NA,NA,NA,NA,NA,NA,0.559841839905372,NA,NA
2000,800,26,"Adaptive Huber",0.196712921754023,357.8,20900533,21000533,21300533,NA,NA,NA,NA,NA,NA,NA,0.372759372031494,6.5879406236747,0.95
2000,800,26,"Shrinkage",1.0823594567905,14.01,20900533,21000533,21400533,NA,NA,NA,NA,NA,NA,NA,0.601035345080674,5.44825786717843,0.98
2400,800,26,"TS-RIGHT",0.190969788395827,8.33000000000015,20910533,21010533,21110533,"TS_n2400_h2202f38e",0.5,150,8,76,0.02,NA,NA,NA,NA
2400,800,26,"IHT",0.554839688928736,9.5,20910533,21010533,NA,"IHT_n2400_h1d7d87f6",NA,NA,NA,NA,0.01,200,NA,NA,NA
2400,800,26,"Lasso",0.597672185518325,5.27999999999997,20910533,21010533,21210533,NA,NA,NA,NA,NA,NA,NA,0.851400253794625,NA,NA
2400,800,26,"Adaptive Huber",0.193966000354876,447.34,20910533,21010533,21310533,NA,NA,NA,NA,NA,NA,NA,0.372759372031494,10.2608413858078,0.98
2400,800,26,"Shrinkage",0.950052053425442,15.71,20910533,21010533,21410533,NA,NA,NA,NA,NA,NA,NA,0.587091503496293,3.5006801665071,0.95
800,800,27,"TS-RIGHT",0.256628882204846,9.01999999999998,20870534,20970534,21070534,"TS_n800_h155f087a",0.5,200,8,101,0.02,NA,NA,NA,NA
800,800,27,"IHT",0.396239653810421,2.59000000000015,20870534,20970534,NA,"IHT_n800_h17021d83",NA,NA,NA,NA,0.01,200,NA,NA,NA
800,800,27,"Lasso",0.462213818698768,0.740000000000009,20870534,20970534,21170534,NA,NA,NA,NA,NA,NA,NA,0.776466102496765,NA,NA
800,800,27,"Adaptive Huber",0.263680580982481,129.26,20870534,20970534,21270534,NA,NA,NA,NA,NA,NA,NA,0.372759372031494,6.469844425164,0.95
800,800,27,"Shrinkage",1.77253120655183,1.38999999999987,20870534,20970534,21370534,NA,NA,NA,NA,NA,NA,NA,0.598331433286125,3.74032782145493,0.95
1200,800,27,"TS-RIGHT",0.267805893219701,7.69000000000005,20880534,20980534,21080534,"TS_n1200_h069793c2",0.5,150,8,76,0.02,NA,NA,NA,NA
1200,800,27,"IHT",0.203515735164033,3.4699999999998,20880534,20980534,NA,"IHT_n1200_h2051495b",NA,NA,NA,NA,0.01,200,NA,NA,NA
1200,800,27,"Lasso",0.260439784101645,3.59000000000015,20880534,20980534,21180534,NA,NA,NA,NA,NA,NA,NA,0.350200269662531,NA,NA
1200,800,27,"Adaptive Huber",0.277903662886289,202.05,20880534,20980534,21280534,NA,NA,NA,NA,NA,NA,NA,0.372759372031494,6.24786811738762,0.95
1200,800,27,"Shrinkage",0.997951930265906,4.18000000000006,20880534,20980534,21380534,NA,NA,NA,NA,NA,NA,NA,0.582610035079975,5.20445007684044,0.98
1600,800,27,"TS-RIGHT",0.184811233522392,8.39999999999986,20890534,20990534,21090534,"TS_n1600_h21db9f6b",0.5,150,8,76,0.02,NA,NA,NA,NA
1600,800,27,"IHT",0.211479002265096,5.60000000000014,20890534,20990534,NA,"IHT_n1600_h06b009d4",NA,NA,NA,NA,0.01,200,NA,NA,NA
1600,800,27,"Lasso",0.264264039078074,4.59999999999991,20890534,20990534,21190534,NA,NA,NA,NA,NA,NA,NA,0.368056015687163,NA,NA
1600,800,27,"Adaptive Huber",0.276080581372298,290.51,20890534,20990534,21290534,NA,NA,NA,NA,NA,NA,NA,0.372759372031494,5.62201822417663,0.95
1600,800,27,"Shrinkage",0.697208201964143,12.5800000000002,20890534,20990534,21390534,NA,NA,NA,NA,NA,NA,NA,0.756732315973588,5.43333375876813,0.98
2000,800,27,"TS-RIGHT",0.192832072155736,8.30999999999995,20900534,21000534,21100534,"TS_n2000_h06bee7e5",0.5,150,8,76,0.02,NA,NA,NA,NA
2000,800,27,"IHT",0.265720865703618,7.61000000000013,20900534,21000534,NA,"IHT_n2000_h371ec77d",NA,NA,NA,NA,0.01,200,NA,NA,NA
2000,800,27,"Lasso",0.300225076448689,3.98000000000002,20900534,21000534,21200534,NA,NA,NA,NA,NA,NA,NA,0.394150118762691,NA,NA
2000,800,27,"Adaptive Huber",0.254523963251395,358.91,20900534,21000534,21300534,NA,NA,NA,NA,NA,NA,NA,0.372759372031494,5.33077213914559,0.95
2000,800,27,"Shrinkage",1.49967416208912,13.6900000000001,20900534,21000534,21400534,NA,NA,NA,NA,NA,NA,NA,0.889211592264597,3.62789629795417,0.95
2400,800,27,"TS-RIGHT",0.185717296459338,9.6099999999999,20910534,21010534,21110534,"TS_n2400_h2202f38e",0.5,150,8,76,0.02,NA,NA,NA,NA
2400,800,27,"IHT",0.647324902829523,7.27999999999997,20910534,21010534,NA,"IHT_n2400_h1d7d87f6",NA,NA,NA,NA,0.01,200,NA,NA,NA
2400,800,27,"Lasso",0.724026151076641,5.38000000000011,20910534,21010534,21210534,NA,NA,NA,NA,NA,NA,NA,0.605400142327073,NA,NA
2400,800,27,"Adaptive Huber",0.269149396153351,442.48,20910534,21010534,21310534,NA,NA,NA,NA,NA,NA,NA,0.372759372031494,5.79062602711957,0.95
2400,800,27,"Shrinkage",1.29907782310113,14.71,20910534,21010534,21410534,NA,NA,NA,NA,NA,NA,NA,0.538506894686219,3.52905982794476,0.95
800,800,28,"TS-RIGHT",0.32928190034262,9.75,20870535,20970535,21070535,"TS_n800_h155f087a",0.5,200,8,101,0.02,NA,NA,NA,NA
800,800,28,"IHT",0.470189150720093,2.47000000000003,20870535,20970535,NA,"IHT_n800_h17021d83",NA,NA,NA,NA,0.01,200,NA,NA,NA
800,800,28,"Lasso",0.68777380733303,0.769999999999982,20870535,20970535,21170535,NA,NA,NA,NA,NA,NA,NA,0.927436101116813,NA,NA
800,800,28,"Adaptive Huber",0.303902492062938,123.5,20870535,20970535,21270535,NA,NA,NA,NA,NA,NA,NA,0.372759372031494,7.10190325755045,0.95
800,800,28,"Shrinkage",1.44548118446295,1.39999999999986,20870535,20970535,21370535,NA,NA,NA,NA,NA,NA,NA,1.17058565515359,5.12814817439814,0.98
1200,800,28,"TS-RIGHT",0.147221834833857,7.88999999999987,20880535,20980535,21080535,"TS_n1200_h069793c2",0.5,150,8,76,0.02,NA,NA,NA,NA
1200,800,28,"IHT",0.382739858147166,4.91000000000008,20880535,20980535,NA,"IHT_n1200_h2051495b",NA,NA,NA,NA,0.01,200,NA,NA,NA
1200,800,28,"Lasso",0.417621766281663,3,20880535,20980535,21180535,NA,NA,NA,NA,NA,NA,NA,0.592947972226888,NA,NA
1200,800,28,"Adaptive Huber",0.226066040359271,200.58,20880535,20980535,21280535,NA,NA,NA,NA,NA,NA,NA,0.372759372031494,5.20482399746188,0.95
1200,800,28,"Shrinkage",1.33539865618088,3.87000000000012,20880535,20980535,21380535,NA,NA,NA,NA,NA,NA,NA,0.975041406702264,3.70775349699379,0.95
1600,800,28,"TS-RIGHT",0.13826964129754,8.02999999999997,20890535,20990535,21090535,"TS_n1600_h21db9f6b",0.5,150,8,76,0.02,NA,NA,NA,NA
1600,800,28,"IHT",0.36542056924651,5.49000000000001,20890535,20990535,NA,"IHT_n1600_h06b009d4",NA,NA,NA,NA,0.01,200,NA,NA,NA
1600,800,28,"Lasso",0.651612319109718,4.67000000000007,20890535,20990535,21190535,NA,NA,NA,NA,NA,NA,NA,0.821009541421436,NA,NA
1600,800,28,"Adaptive Huber",0.175254896357977,284.28,20890535,20990535,21290535,NA,NA,NA,NA,NA,NA,NA,0.138949549437314,4.23741572946528,0.9
1600,800,28,"Shrinkage",1.38017785280731,12.8899999999999,20890535,20990535,21390535,NA,NA,NA,NA,NA,NA,NA,0.52003941428377,5.48584107251731,0.98
2000,800,28,"TS-RIGHT",0.207087942869029,7.8599999999999,20900535,21000535,21100535,"TS_n2000_h06bee7e5",0.5,150,8,76,0.02,NA,NA,NA,NA
2000,800,28,"IHT",0.252695520125817,7.66000000000008,20900535,21000535,NA,"IHT_n2000_h371ec77d",NA,NA,NA,NA,0.01,200,NA,NA,NA
2000,800,28,"Lasso",0.297881139043896,4.13999999999987,20900535,21000535,21200535,NA,NA,NA,NA,NA,NA,NA,0.279456281019235,NA,NA
2000,800,28,"Adaptive Huber",0.272028163770385,351.67,20900535,21000535,21300535,NA,NA,NA,NA,NA,NA,NA,0.372759372031494,5.96813804890627,0.95
2000,800,28,"Shrinkage",0.851199349420292,13.9400000000001,20900535,21000535,21400535,NA,NA,NA,NA,NA,NA,NA,0.640223573035062,5.19810037461917,0.98
2400,800,28,"TS-RIGHT",0.22833005150179,10.2299999999998,20910535,21010535,21110535,"TS_n2400_h2202f38e",0.5,150,8,76,0.02,NA,NA,NA,NA
2400,800,28,"IHT",0.497294536006201,8.7800000000002,20910535,21010535,NA,"IHT_n2400_h1d7d87f6",NA,NA,NA,NA,0.01,200,NA,NA,NA
2400,800,28,"Lasso",0.282309081519316,5.66999999999985,20910535,21010535,21210535,NA,NA,NA,NA,NA,NA,NA,0.677439607170026,NA,NA
2400,800,28,"Adaptive Huber",0.139004628548537,437.53,20910535,21010535,21310535,NA,NA,NA,NA,NA,NA,NA,0.372759372031494,5.97785704670096,0.95
2400,800,28,"Shrinkage",1.11985365194056,17.6300000000001,20910535,21010535,21410535,NA,NA,NA,NA,NA,NA,NA,0.717080538004288,3.39701423707067,0.95
800,800,29,"TS-RIGHT",0.201009712364154,8.6099999999999,20870536,20970536,21070536,"TS_n800_h155f087a",0.5,200,8,101,0.02,NA,NA,NA,NA
800,800,29,"IHT",0.293813541518693,2.5,20870536,20970536,NA,"IHT_n800_h17021d83",NA,NA,NA,NA,0.01,200,NA,NA,NA
800,800,29,"Lasso",0.36993388727229,0.680000000000064,20870536,20970536,21170536,NA,NA,NA,NA,NA,NA,NA,0.572296729267462,NA,NA
800,800,29,"Adaptive Huber",0.264446459899123,130.07,20870536,20970536,21270536,NA,NA,NA,NA,NA,NA,NA,0.372759372031494,5.09175352565548,0.95
800,800,29,"Shrinkage",1.64516632112006,1.36000000000013,20870536,20970536,21370536,NA,NA,NA,NA,NA,NA,NA,0.999117046633839,5.47268507615511,0.98
1200,800,29,"TS-RIGHT",0.212307620562636,7.75,20880536,20980536,21080536,"TS_n1200_h069793c2",0.5,150,8,76,0.02,NA,NA,NA,NA
1200,800,29,"IHT",0.619068561744331,4.08999999999992,20880536,20980536,NA,"IHT_n1200_h2051495b",NA,NA,NA,NA,0.01,200,NA,NA,NA
1200,800,29,"Lasso",1.18583434289463,9.27999999999997,20880536,20980536,21180536,NA,NA,NA,NA,NA,NA,NA,1.73681587276637,NA,NA
1200,800,29,"Adaptive Huber",0.307980774282302,212.5,20880536,20980536,21280536,NA,NA,NA,NA,NA,NA,NA,0.372759372031494,7.51478816896659,0.95
1200,800,29,"Shrinkage",1.56497828066858,4.61000000000013,20880536,20980536,21380536,NA,NA,NA,NA,NA,NA,NA,0.798973397836419,2.54185194901768,0.9
1600,800,29,"TS-RIGHT",0.231941860841913,8.22000000000003,20890536,20990536,21090536,"TS_n1600_h21db9f6b",0.5,150,8,76,0.02,NA,NA,NA,NA
1600,800,29,"IHT",0.441655800748121,4.86999999999989,20890536,20990536,NA,"IHT_n1600_h06b009d4",NA,NA,NA,NA,0.01,200,NA,NA,NA
1600,800,29,"Lasso",0.549657164364188,5.0300000000002,20890536,20990536,21190536,NA,NA,NA,NA,NA,NA,NA,0.879258263056487,NA,NA
1600,800,29,"Adaptive Huber",0.204225673919172,283.8,20890536,20990536,21290536,NA,NA,NA,NA,NA,NA,NA,0.372759372031494,6.94936413045967,0.95
1600,800,29,"Shrinkage",1.16194575520079,12.51,20890536,20990536,21390536,NA,NA,NA,NA,NA,NA,NA,0.751334884272865,3.54812028462232,0.95
2000,800,29,"TS-RIGHT",0.176968326092423,9,20900536,21000536,21100536,"TS_n2000_h06bee7e5",0.5,150,8,76,0.02,NA,NA,NA,NA
2000,800,29,"IHT",0.195659705268229,7.88999999999987,20900536,21000536,NA,"IHT_n2000_h371ec77d",NA,NA,NA,NA,0.01,200,NA,NA,NA
2000,800,29,"Lasso",0.286688713684856,4.5,20900536,21000536,21200536,NA,NA,NA,NA,NA,NA,NA,0.343753458593203,NA,NA
2000,800,29,"Adaptive Huber",0.261910130521045,357.33,20900536,21000536,21300536,NA,NA,NA,NA,NA,NA,NA,0.372759372031494,6.2681862964539,0.95
2000,800,29,"Shrinkage",0.959295112491068,13.01,20900536,21000536,21400536,NA,NA,NA,NA,NA,NA,NA,0.47327607875803,4.9514915135879,0.98
2400,800,29,"TS-RIGHT",0.162671762752297,8.8599999999999,20910536,21010536,21110536,"TS_n2400_h2202f38e",0.5,150,8,76,0.02,NA,NA,NA,NA
2400,800,29,"IHT",0.382289587670573,10.25,20910536,21010536,NA,"IHT_n2400_h1d7d87f6",NA,NA,NA,NA,0.01,200,NA,NA,NA
2400,800,29,"Lasso",0.645106514459556,7.1400000000001,20910536,21010536,21210536,NA,NA,NA,NA,NA,NA,NA,0.840404364737805,NA,NA
2400,800,29,"Adaptive Huber",0.2253828277609,444.09,20910536,21010536,21310536,NA,NA,NA,NA,NA,NA,NA,0.372759372031494,7.15731392034869,0.95
2400,800,29,"Shrinkage",0.817488462192445,15.8600000000001,20910536,21010536,21410536,NA,NA,NA,NA,NA,NA,NA,0.535246313232549,5.31505105060828,0.98
800,800,30,"TS-RIGHT",0.253201130395239,9.27999999999997,20870537,20970537,21070537,"TS_n800_h155f087a",0.5,200,8,101,0.02,NA,NA,NA,NA
800,800,30,"IHT",0.269253853285686,3,20870537,20970537,NA,"IHT_n800_h17021d83",NA,NA,NA,NA,0.01,200,NA,NA,NA
800,800,30,"Lasso",0.350210462120965,0.6400000000001,20870537,20970537,21170537,NA,NA,NA,NA,NA,NA,NA,0.397803179927779,NA,NA
800,800,30,"Adaptive Huber",0.361710360146051,122.09,20870537,20970537,21270537,NA,NA,NA,NA,NA,NA,NA,0.372759372031494,5.14782273423157,0.95
800,800,30,"Shrinkage",1.00982009181541,1.30999999999995,20870537,20970537,21370537,NA,NA,NA,NA,NA,NA,NA,0.402939270055644,5.00764781888375,0.98
1200,800,30,"TS-RIGHT",0.247704664375035,8.27999999999997,20880537,20980537,21080537,"TS_n1200_h069793c2",0.5,150,8,76,0.02,NA,NA,NA,NA
1200,800,30,"IHT",0.331395704038035,4.61000000000013,20880537,20980537,NA,"IHT_n1200_h2051495b",NA,NA,NA,NA,0.01,200,NA,NA,NA
1200,800,30,"Lasso",0.613242019559407,5.07999999999993,20880537,20980537,21180537,NA,NA,NA,NA,NA,NA,NA,0.657076106395214,NA,NA
1200,800,30,"Adaptive Huber",0.271976588595877,207.56,20880537,20980537,21280537,NA,NA,NA,NA,NA,NA,NA,0.372759372031494,6.75202521104368,0.95
1200,800,30,"Shrinkage",1.41693458360714,4.75,20880537,20980537,21380537,NA,NA,NA,NA,NA,NA,NA,0.739479789782573,3.51966795073339,0.95
1600,800,30,"TS-RIGHT",0.303661773182391,8.69999999999982,20890537,20990537,21090537,"TS_n1600_h21db9f6b",0.5,150,8,76,0.02,NA,NA,NA,NA
1600,800,30,"IHT",1.76150110988082,6.95000000000005,20890537,20990537,NA,"IHT_n1600_h06b009d4",NA,NA,NA,NA,0.01,200,NA,NA,NA
1600,800,30,"Lasso",2.51736951368448,9.3900000000001,20890537,20990537,21190537,NA,NA,NA,NA,NA,NA,NA,3.19810581045071,NA,NA
1600,800,30,"Adaptive Huber",0.367983595750663,293.99,20890537,20990537,21290537,NA,NA,NA,NA,NA,NA,NA,0.372759372031494,11.6941331083455,0.95
1600,800,30,"Shrinkage",1.16216337096313,12.75,20890537,20990537,21390537,NA,NA,NA,NA,NA,NA,NA,0.756185590301974,4.93935477122744,0.98
2000,800,30,"TS-RIGHT",0.179240812325742,8.75999999999999,20900537,21000537,21100537,"TS_n2000_h06bee7e5",0.5,150,8,76,0.02,NA,NA,NA,NA
2000,800,30,"IHT",0.345709098472721,8.51999999999998,20900537,21000537,NA,"IHT_n2000_h371ec77d",NA,NA,NA,NA,0.01,200,NA,NA,NA
2000,800,30,"Lasso",0.474632728675733,5.5,20900537,21000537,21200537,NA,NA,NA,NA,NA,NA,NA,0.513782584229428,NA,NA
2000,800,30,"Adaptive Huber",0.218082837804215,352.16,20900537,21000537,21300537,NA,NA,NA,NA,NA,NA,NA,0.138949549437314,6.50215816910115,0.95
2000,800,30,"Shrinkage",1.14471933184776,15.23,20900537,21000537,21400537,NA,NA,NA,NA,NA,NA,NA,0.863774590223285,5.05344143413539,0.98
2400,800,30,"TS-RIGHT",0.170166874920701,9.62000000000012,20910537,21010537,21110537,"TS_n2400_h2202f38e",0.5,150,8,76,0.02,NA,NA,NA,NA
2400,800,30,"IHT",0.213147540057905,7.65999999999985,20910537,21010537,NA,"IHT_n2400_h1d7d87f6",NA,NA,NA,NA,0.01,200,NA,NA,NA
2400,800,30,"Lasso",0.283405971626406,5.30000000000018,20910537,21010537,21210537,NA,NA,NA,NA,NA,NA,NA,0.43353605133933,NA,NA
2400,800,30,"Adaptive Huber",0.254880653943364,431.06,20910537,21010537,21310537,NA,NA,NA,NA,NA,NA,NA,0.372759372031494,6.31366116159677,0.95
2400,800,30,"Shrinkage",0.969838572963709,16.6199999999999,20910537,21010537,21410537,NA,NA,NA,NA,NA,NA,NA,0.655846496853993,5.09369250219662,0.98
800,800,31,"TS-RIGHT",0.325324137391047,9.44999999999982,20870538,20970538,21070538,"TS_n800_h155f087a",0.5,200,8,101,0.02,NA,NA,NA,NA
800,800,31,"IHT",0.391000378588168,2.80000000000018,20870538,20970538,NA,"IHT_n800_h17021d83",NA,NA,NA,NA,0.01,200,NA,NA,NA
800,800,31,"Lasso",0.386266113434733,1.20999999999981,20870538,20970538,21170538,NA,NA,NA,NA,NA,NA,NA,0.70500404559663,NA,NA
800,800,31,"Adaptive Huber",0.273171897828787,129.38,20870538,20970538,21270538,NA,NA,NA,NA,NA,NA,NA,0.372759372031494,10.843288934104,0.98
800,800,31,"Shrinkage",1.48034555941805,1.57999999999993,20870538,20970538,21370538,NA,NA,NA,NA,NA,NA,NA,0.730063022503353,5.7759507944007,0.98
1200,800,31,"TS-RIGHT",0.287325404174646,7.42000000000007,20880538,20980538,21080538,"TS_n1200_h069793c2",0.5,150,8,76,0.02,NA,NA,NA,NA
1200,800,31,"IHT",0.362303516113293,4.18999999999983,20880538,20980538,NA,"IHT_n1200_h2051495b",NA,NA,NA,NA,0.01,200,NA,NA,NA
1200,800,31,"Lasso",0.421937672064691,2.5,20880538,20980538,21180538,NA,NA,NA,NA,NA,NA,NA,0.703036733815389,NA,NA
1200,800,31,"Adaptive Huber",0.250938094008348,203.67,20880538,20980538,21280538,NA,NA,NA,NA,NA,NA,NA,0.372759372031494,5.72528781059023,0.95
1200,800,31,"Shrinkage",1.6206970226701,3.45000000000005,20880538,20980538,21380538,NA,NA,NA,NA,NA,NA,NA,1.11379604241967,3.71670473111354,0.95
1600,800,31,"TS-RIGHT",0.158568324653858,8.19000000000005,20890538,20990538,21090538,"TS_n1600_h21db9f6b",0.5,150,8,76,0.02,NA,NA,NA,NA
1600,800,31,"IHT",0.269236136310494,5.00999999999999,20890538,20990538,NA,"IHT_n1600_h06b009d4",NA,NA,NA,NA,0.01,200,NA,NA,NA
1600,800,31,"Lasso",0.385430847184691,3.44000000000005,20890538,20990538,21190538,NA,NA,NA,NA,NA,NA,NA,0.459255345141838,NA,NA
1600,800,31,"Adaptive Huber",0.294601356189451,271.58,20890538,20990538,21290538,NA,NA,NA,NA,NA,NA,NA,0.372759372031494,11.084791806233,0.98
1600,800,31,"Shrinkage",1.31529535788423,11.28,20890538,20990538,21390538,NA,NA,NA,NA,NA,NA,NA,0.730357398287622,5.31286911088295,0.98
2000,800,31,"TS-RIGHT",0.18924884175302,8.62000000000012,20900538,21000538,21100538,"TS_n2000_h06bee7e5",0.5,150,8,76,0.02,NA,NA,NA,NA
2000,800,31,"IHT",0.292575614476636,7.3599999999999,20900538,21000538,NA,"IHT_n2000_h371ec77d",NA,NA,NA,NA,0.01,200,NA,NA,NA
2000,800,31,"Lasso",0.36654576757487,4.22000000000003,20900538,21000538,21200538,NA,NA,NA,NA,NA,NA,NA,0.6597518778578,NA,NA
2000,800,31,"Adaptive Huber",0.146072435942843,345.72,20900538,21000538,21300538,NA,NA,NA,NA,NA,NA,NA,0.372759372031494,6.39681818133182,0.95
2000,800,31,"Shrinkage",1.33097727845022,14.1199999999999,20900538,21000538,21400538,NA,NA,NA,NA,NA,NA,NA,0.794621562413946,3.67183468868833,0.95
2400,800,31,"TS-RIGHT",0.178881750445541,8.48000000000002,20910538,21010538,21110538,"TS_n2400_h2202f38e",0.5,150,8,76,0.02,NA,NA,NA,NA
2400,800,31,"IHT",0.266307199805154,9.05999999999995,20910538,21010538,NA,"IHT_n2400_h1d7d87f6",NA,NA,NA,NA,0.01,200,NA,NA,NA
2400,800,31,"Lasso",0.326108471470997,5.04999999999995,20910538,21010538,21210538,NA,NA,NA,NA,NA,NA,NA,0.35356349091267,NA,NA
2400,800,31,"Adaptive Huber",0.176546322776722,426.66,20910538,21010538,21310538,NA,NA,NA,NA,NA,NA,NA,0.138949549437314,5.99165211332266,0.95
2400,800,31,"Shrinkage",1.1401341624871,13.3399999999999,20910538,21010538,21410538,NA,NA,NA,NA,NA,NA,NA,0.568800222455506,3.4270595468953,0.95
800,800,32,"TS-RIGHT",0.311147591927391,9.33999999999992,20870539,20970539,21070539,"TS_n800_h155f087a",0.5,200,8,101,0.02,NA,NA,NA,NA
800,800,32,"IHT",0.562229474890723,2.51999999999998,20870539,20970539,NA,"IHT_n800_h17021d83",NA,NA,NA,NA,0.01,200,NA,NA,NA
800,800,32,"Lasso",0.583084836648802,0.650000000000091,20870539,20970539,21170539,NA,NA,NA,NA,NA,NA,NA,1.03060058424247,NA,NA
800,800,32,"Adaptive Huber",0.30474030671676,122.86,20870539,20970539,21270539,NA,NA,NA,NA,NA,NA,NA,0.372759372031494,6.47445315701651,0.95
800,800,32,"Shrinkage",1.33918085588677,1.27999999999997,20870539,20970539,21370539,NA,NA,NA,NA,NA,NA,NA,1.11597590065888,3.64470683961546,0.95
1200,800,32,"TS-RIGHT",0.290447629523023,7.86000000000013,20880539,20980539,21080539,"TS_n1200_h069793c2",0.5,150,8,76,0.02,NA,NA,NA,NA
1200,800,32,"IHT",0.974451289161839,4.40999999999985,20880539,20980539,NA,"IHT_n1200_h2051495b",NA,NA,NA,NA,0.01,200,NA,NA,NA
1200,800,32,"Lasso",0.812930600168606,4.30000000000018,20880539,20980539,21180539,NA,NA,NA,NA,NA,NA,NA,1.29083245119092,NA,NA
1200,800,32,"Adaptive Huber",0.231397668457318,200.5,20880539,20980539,21280539,NA,NA,NA,NA,NA,NA,NA,0.372759372031494,7.02502380169033,0.95
1200,800,32,"Shrinkage",1.38415508978344,4.89999999999986,20880539,20980539,21380539,NA,NA,NA,NA,NA,NA,NA,0.781129599994906,3.35415403214384,0.95
1600,800,32,"TS-RIGHT",0.205289095254396,8.06999999999994,20890539,20990539,21090539,"TS_n1600_h21db9f6b",0.5,150,8,76,0.02,NA,NA,NA,NA
1600,800,32,"IHT",0.506898992433647,5.04999999999995,20890539,20990539,NA,"IHT_n1600_h06b009d4",NA,NA,NA,NA,0.01,200,NA,NA,NA
1600,800,32,"Lasso",0.547398293308642,3.70000000000005,20890539,20990539,21190539,NA,NA,NA,NA,NA,NA,NA,0.691115601806439,NA,NA
1600,800,32,"Adaptive Huber",0.261090794112197,281.22,20890539,20990539,21290539,NA,NA,NA,NA,NA,NA,NA,0.372759372031494,6.56980325628707,0.95
1600,800,32,"Shrinkage",1.3310865455228,12.3600000000001,20890539,20990539,21390539,NA,NA,NA,NA,NA,NA,NA,0.915395362354464,5.0861757016909,0.98
2000,800,32,"TS-RIGHT",0.166549329989133,8.30999999999995,20900539,21000539,21100539,"TS_n2000_h06bee7e5",0.5,150,8,76,0.02,NA,NA,NA,NA
2000,800,32,"IHT",0.281605786802576,7.52999999999997,20900539,21000539,NA,"IHT_n2000_h371ec77d",NA,NA,NA,NA,0.01,200,NA,NA,NA
2000,800,32,"Lasso",0.248002705720135,6.08000000000015,20900539,21000539,21200539,NA,NA,NA,NA,NA,NA,NA,0.507970336812428,NA,NA
2000,800,32,"Adaptive Huber",0.217293129148127,351.41,20900539,21000539,21300539,NA,NA,NA,NA,NA,NA,NA,0.372759372031494,6.27317039842935,0.95
2000,800,32,"Shrinkage",0.937282313751081,14.76,20900539,21000539,21400539,NA,NA,NA,NA,NA,NA,NA,0.767172896353292,3.63622074592646,0.95
2400,800,32,"TS-RIGHT",0.204808428950826,9.13000000000011,20910539,21010539,21110539,"TS_n2400_h2202f38e",0.5,150,8,76,0.02,NA,NA,NA,NA
2400,800,32,"IHT",0.21133022102494,8.36999999999989,20910539,21010539,NA,"IHT_n2400_h1d7d87f6",NA,NA,NA,NA,0.01,200,NA,NA,NA
2400,800,32,"Lasso",0.224857207540297,4.71000000000004,20910539,21010539,21210539,NA,NA,NA,NA,NA,NA,NA,0.461065613186945,NA,NA
2400,800,32,"Adaptive Huber",0.1984048085833,433.42,20910539,21010539,21310539,NA,NA,NA,NA,NA,NA,NA,0.372759372031494,5.96769717995649,0.95
2400,800,32,"Shrinkage",0.818404871994885,15.4499999999998,20910539,21010539,21410539,NA,NA,NA,NA,NA,NA,NA,0.684563333631532,5.34972079342344,0.98
800,800,33,"TS-RIGHT",0.322657067563319,9,20870540,20970540,21070540,"TS_n800_h155f087a",0.5,200,8,101,0.02,NA,NA,NA,NA
800,800,33,"IHT",0.492516477781851,2.25999999999999,20870540,20970540,NA,"IHT_n800_h17021d83",NA,NA,NA,NA,0.01,200,NA,NA,NA
800,800,33,"Lasso",0.773849350780037,0.670000000000073,20870540,20970540,21170540,NA,NA,NA,NA,NA,NA,NA,0.48329819612968,NA,NA
800,800,33,"Adaptive Huber",0.397276892076742,125.47,20870540,20970540,21270540,NA,NA,NA,NA,NA,NA,NA,0.372759372031494,6.24923535849021,0.95
800,800,33,"Shrinkage",1.9734713596031,1.46000000000004,20870540,20970540,21370540,NA,NA,NA,NA,NA,NA,NA,0.86828914478793,5.2835466339044,0.98
1200,800,33,"TS-RIGHT",0.193494651938816,7.63999999999987,20880540,20980540,21080540,"TS_n1200_h069793c2",0.5,150,8,76,0.02,NA,NA,NA,NA
1200,800,33,"IHT",0.289303022466648,3.87000000000012,20880540,20980540,NA,"IHT_n1200_h2051495b",NA,NA,NA,NA,0.01,200,NA,NA,NA
1200,800,33,"Lasso",0.356645325914727,3.25,20880540,20980540,21180540,NA,NA,NA,NA,NA,NA,NA,0.433623875503106,NA,NA
1200,800,33,"Adaptive Huber",0.210626677415699,195.99,20880540,20980540,21280540,NA,NA,NA,NA,NA,NA,NA,0.372759372031494,5.60092912929182,0.95
1200,800,33,"Shrinkage",1.15264848544731,4.36999999999989,20880540,20980540,21380540,NA,NA,NA,NA,NA,NA,NA,0.642993066930742,5.50076622335003,0.98
1600,800,33,"TS-RIGHT",0.243308036328337,7.54000000000019,20890540,20990540,21090540,"TS_n1600_h21db9f6b",0.5,150,8,76,0.02,NA,NA,NA,NA
1600,800,33,"IHT",0.292159137684143,4.88999999999987,20890540,20990540,NA,"IHT_n1600_h06b009d4",NA,NA,NA,NA,0.01,200,NA,NA,NA
1600,800,33,"Lasso",0.432022874402989,3.81999999999994,20890540,20990540,21190540,NA,NA,NA,NA,NA,NA,NA,0.395582393515036,NA,NA
1600,800,33,"Adaptive Huber",0.248393140069966,287.82,20890540,20990540,21290540,NA,NA,NA,NA,NA,NA,NA,0.372759372031494,5.07042252780858,0.95
1600,800,33,"Shrinkage",1.42531365119491,11.29,20890540,20990540,21390540,NA,NA,NA,NA,NA,NA,NA,0.98522784418102,3.70306641411957,0.95
2000,800,33,"TS-RIGHT",0.120946187657929,7.91000000000008,20900540,21000540,21100540,"TS_n2000_h06bee7e5",0.5,150,8,76,0.02,NA,NA,NA,NA
2000,800,33,"IHT",0.34857095414305,6.3599999999999,20900540,21000540,NA,"IHT_n2000_h371ec77d",NA,NA,NA,NA,0.01,200,NA,NA,NA
2000,800,33,"Lasso",0.426425171289326,7.11000000000013,20900540,21000540,21200540,NA,NA,NA,NA,NA,NA,NA,0.7907940506694,NA,NA
2000,800,33,"Adaptive Huber",0.202839409637112,357.42,20900540,21000540,21300540,NA,NA,NA,NA,NA,NA,NA,0.372759372031494,8.92765984641062,0.98
2000,800,33,"Shrinkage",1.64810342906497,15.3400000000001,20900540,21000540,21400540,NA,NA,NA,NA,NA,NA,NA,0.705298359183324,3.59495294592657,0.95
2400,800,33,"TS-RIGHT",0.156427775605761,8.85000000000014,20910540,21010540,21110540,"TS_n2400_h2202f38e",0.5,150,8,76,0.02,NA,NA,NA,NA
2400,800,33,"IHT",1.07338186599752,9.16999999999985,20910540,21010540,NA,"IHT_n2400_h1d7d87f6",NA,NA,NA,NA,0.01,200,NA,NA,NA
2400,800,33,"Lasso",0.482672672510191,6.45000000000005,20910540,21010540,21210540,NA,NA,NA,NA,NA,NA,NA,0.497070175853353,NA,NA
2400,800,33,"Adaptive Huber",0.191342227997615,422.49,20910540,21010540,21310540,NA,NA,NA,NA,NA,NA,NA,0.138949549437314,5.38872973812116,0.95
2400,800,33,"Shrinkage",1.16371931866854,13.05,20910540,21010540,21410540,NA,NA,NA,NA,NA,NA,NA,0.657583158647186,3.60998130333519,0.95
800,800,34,"TS-RIGHT",0.287525977516709,9.26999999999998,20870541,20970541,21070541,"TS_n800_h155f087a",0.5,200,8,101,0.02,NA,NA,NA,NA
800,800,34,"IHT",0.625534349612406,2.50999999999999,20870541,20970541,NA,"IHT_n800_h17021d83",NA,NA,NA,NA,0.01,200,NA,NA,NA
800,800,34,"Lasso",1.12839578378152,0.670000000000073,20870541,20970541,21170541,NA,NA,NA,NA,NA,NA,NA,0.704327584660117,NA,NA
800,800,34,"Adaptive Huber",0.290233591079913,127.14,20870541,20970541,21270541,NA,NA,NA,NA,NA,NA,NA,0.372759372031494,4.32447152270004,0.9
800,800,34,"Shrinkage",1.94070107374556,1.94000000000005,20870541,20970541,21370541,NA,NA,NA,NA,NA,NA,NA,0.893096448148718,3.56739195976215,0.95
1200,800,34,"TS-RIGHT",0.220487352594391,7.37999999999988,20880541,20980541,21080541,"TS_n1200_h069793c2",0.5,150,8,76,0.02,NA,NA,NA,NA
1200,800,34,"IHT",1.52410144388662,4.50999999999999,20880541,20980541,NA,"IHT_n1200_h2051495b",NA,NA,NA,NA,0.01,200,NA,NA,NA
1200,800,34,"Lasso",2.18849575910129,4.70000000000005,20880541,20980541,21180541,NA,NA,NA,NA,NA,NA,NA,1.90353998760936,NA,NA
1200,800,34,"Adaptive Huber",0.298408186374009,202.77,20880541,20980541,21280541,NA,NA,NA,NA,NA,NA,NA,0.372759372031494,8.54234028525745,0.95
1200,800,34,"Shrinkage",1.53276646042943,4.05000000000018,20880541,20980541,21380541,NA,NA,NA,NA,NA,NA,NA,0.659889634147141,3.30191807573881,0.95
1600,800,34,"TS-RIGHT",0.188182179398876,8.1400000000001,20890541,20990541,21090541,"TS_n1600_h21db9f6b",0.5,150,8,76,0.02,NA,NA,NA,NA
1600,800,34,"IHT",0.187604147997053,5.92999999999984,20890541,20990541,NA,"IHT_n1600_h06b009d4",NA,NA,NA,NA,0.01,200,NA,NA,NA
1600,800,34,"Lasso",0.311097725088127,5.22000000000003,20890541,20990541,21190541,NA,NA,NA,NA,NA,NA,NA,0.379707315235147,NA,NA
1600,800,34,"Adaptive Huber",0.210624870379562,280.88,20890541,20990541,21290541,NA,NA,NA,NA,NA,NA,NA,0.138949549437314,5.78031006796318,0.95
1600,800,34,"Shrinkage",1.25346520484013,13.3099999999999,20890541,20990541,21390541,NA,NA,NA,NA,NA,NA,NA,0.680117128376985,5.2572801487771,0.98
2000,800,34,"TS-RIGHT",0.178405050426167,8.02999999999997,20900541,21000541,21100541,"TS_n2000_h06bee7e5",0.5,150,8,76,0.02,NA,NA,NA,NA
2000,800,34,"IHT",0.364453157777065,6.90999999999985,20900541,21000541,NA,"IHT_n2000_h371ec77d",NA,NA,NA,NA,0.01,200,NA,NA,NA
2000,800,34,"Lasso",0.385903341554467,5.34000000000015,20900541,21000541,21200541,NA,NA,NA,NA,NA,NA,NA,0.479801294114336,NA,NA
2000,800,34,"Adaptive Huber",0.239834016779316,360.58,20900541,21000541,21300541,NA,NA,NA,NA,NA,NA,NA,0.138949549437314,5.83911411260855,0.95
2000,800,34,"Shrinkage",1.20347987258963,14.47,20900541,21000541,21400541,NA,NA,NA,NA,NA,NA,NA,0.547939096504058,5.59396216221975,0.98
2400,800,34,"TS-RIGHT",0.145280636254155,8.80000000000018,20910541,21010541,21110541,"TS_n2400_h2202f38e",0.5,150,8,76,0.02,NA,NA,NA,NA
2400,800,34,"IHT",0.329337621141962,8.08999999999992,20910541,21010541,NA,"IHT_n2400_h1d7d87f6",NA,NA,NA,NA,0.01,200,NA,NA,NA
2400,800,34,"Lasso",0.344656149758889,6.88999999999987,20910541,21010541,21210541,NA,NA,NA,NA,NA,NA,NA,0.499995307379382,NA,NA
2400,800,34,"Adaptive Huber",0.231180910663779,412.7,20910541,21010541,21310541,NA,NA,NA,NA,NA,NA,NA,0.372759372031494,5.97061244810955,0.95
2400,800,34,"Shrinkage",0.945790888683885,14.05,20910541,21010541,21410541,NA,NA,NA,NA,NA,NA,NA,0.539489531112334,3.55141381984332,0.95
800,800,35,"TS-RIGHT",0.354270321765007,8.09999999999991,20870542,20970542,21070542,"TS_n800_h155f087a",0.5,200,8,101,0.02,NA,NA,NA,NA
800,800,35,"IHT",0.486855093397183,2.36999999999989,20870542,20970542,NA,"IHT_n800_h17021d83",NA,NA,NA,NA,0.01,200,NA,NA,NA
800,800,35,"Lasso",0.818208305547869,0.560000000000173,20870542,20970542,21170542,NA,NA,NA,NA,NA,NA,NA,0.315316581809245,NA,NA
800,800,35,"Adaptive Huber",0.420126755856655,124.77,20870542,20970542,21270542,NA,NA,NA,NA,NA,NA,NA,0.372759372031494,5.75068978820107,0.95
800,800,35,"Shrinkage",1.46875633394633,1.28999999999996,20870542,20970542,21370542,NA,NA,NA,NA,NA,NA,NA,0.733854702685013,5.38325414268023,0.98
1200,800,35,"TS-RIGHT",0.193396683601818,7.6400000000001,20880542,20980542,21080542,"TS_n1200_h069793c2",0.5,150,8,76,0.02,NA,NA,NA,NA
1200,800,35,"IHT",0.526313296655206,3.43000000000006,20880542,20980542,NA,"IHT_n1200_h2051495b",NA,NA,NA,NA,0.01,200,NA,NA,NA
1200,800,35,"Lasso",0.496175346182115,3.16999999999985,20880542,20980542,21180542,NA,NA,NA,NA,NA,NA,NA,0.570809454153903,NA,NA
1200,800,35,"Adaptive Huber",0.277946053303596,202.7,20880542,20980542,21280542,NA,NA,NA,NA,NA,NA,NA,0.372759372031494,3.86265306227196,0.9
1200,800,35,"Shrinkage",1.24752399527603,3.94000000000005,20880542,20980542,21380542,NA,NA,NA,NA,NA,NA,NA,0.792572789672103,3.69364641253403,0.95
1600,800,35,"TS-RIGHT",0.209669851398888,7.05999999999995,20890542,20990542,21090542,"TS_n1600_h21db9f6b",0.5,150,8,76,0.02,NA,NA,NA,NA
1600,800,35,"IHT",0.318024394238276,6.3599999999999,20890542,20990542,NA,"IHT_n1600_h06b009d4",NA,NA,NA,NA,0.01,200,NA,NA,NA
1600,800,35,"Lasso",0.703986460208085,8.72000000000003,20890542,20990542,21190542,NA,NA,NA,NA,NA,NA,NA,1.10573609904935,NA,NA
1600,800,35,"Adaptive Huber",0.228022448146462,296.03,20890542,20990542,21290542,NA,NA,NA,NA,NA,NA,NA,0.372759372031494,6.28587382599534,0.95
1600,800,35,"Shrinkage",1.20206100161597,12.1700000000001,20890542,20990542,21390542,NA,NA,NA,NA,NA,NA,NA,0.90674481762319,3.70458703715574,0.95
2000,800,35,"TS-RIGHT",0.22615365314797,7.29999999999995,20900542,21000542,21100542,"TS_n2000_h06bee7e5",0.5,150,8,76,0.02,NA,NA,NA,NA
2000,800,35,"IHT",0.247415243484062,8.63000000000011,20900542,21000542,NA,"IHT_n2000_h371ec77d",NA,NA,NA,NA,0.01,200,NA,NA,NA
2000,800,35,"Lasso",0.385648815850638,5.61999999999989,20900542,21000542,21200542,NA,NA,NA,NA,NA,NA,NA,0.657662174559153,NA,NA
2000,800,35,"Adaptive Huber",0.226602280285605,353.66,20900542,21000542,21300542,NA,NA,NA,NA,NA,NA,NA,0.372759372031494,9.96222715360115,0.98
2000,800,35,"Shrinkage",0.852020486852233,14.47,20900542,21000542,21400542,NA,NA,NA,NA,NA,NA,NA,0.838551731659329,5.43177022125448,0.98
2400,800,35,"TS-RIGHT",0.192917643529673,8.1400000000001,20910542,21010542,21110542,"TS_n2400_h2202f38e",0.5,150,8,76,0.02,NA,NA,NA,NA
2400,800,35,"IHT",0.587428155350226,10.3899999999999,20910542,21010542,NA,"IHT_n2400_h1d7d87f6",NA,NA,NA,NA,0.01,200,NA,NA,NA
2400,800,35,"Lasso",0.737220445575852,9.12000000000012,20910542,21010542,21210542,NA,NA,NA,NA,NA,NA,NA,1.3647033372328,NA,NA
2400,800,35,"Adaptive Huber",0.230054695315715,439.22,20910542,21010542,21310542,NA,NA,NA,NA,NA,NA,NA,0.372759372031494,6.78032875195832,0.95
2400,800,35,"Shrinkage",0.97459500945823,14,20910542,21010542,21410542,NA,NA,NA,NA,NA,NA,NA,0.676261210439095,3.56576040127917,0.95
800,800,36,"TS-RIGHT",0.423000437478157,9.57999999999993,20870543,20970543,21070543,"TS_n800_h155f087a",0.5,200,8,101,0.02,NA,NA,NA,NA
800,800,36,"IHT",0.344684734395433,2.74000000000001,20870543,20970543,NA,"IHT_n800_h17021d83",NA,NA,NA,NA,0.01,200,NA,NA,NA
800,800,36,"Lasso",0.742934539630067,0.680000000000064,20870543,20970543,21170543,NA,NA,NA,NA,NA,NA,NA,0.957946092224227,NA,NA
800,800,36,"Adaptive Huber",0.312956283517307,129.83,20870543,20970543,21270543,NA,NA,NA,NA,NA,NA,NA,0.372759372031494,4.3371611265112,0.9
800,800,36,"Shrinkage",1.58923512638611,1.52999999999997,20870543,20970543,21370543,NA,NA,NA,NA,NA,NA,NA,0.623599935322503,3.66923066761334,0.95
1200,800,36,"TS-RIGHT",0.303759411066007,7.61999999999989,20880543,20980543,21080543,"TS_n1200_h069793c2",0.5,150,8,76,0.02,NA,NA,NA,NA
1200,800,36,"IHT",0.359054908773087,3.38000000000011,20880543,20980543,NA,"IHT_n1200_h2051495b",NA,NA,NA,NA,0.01,200,NA,NA,NA
1200,800,36,"Lasso",0.223197998124426,6.00999999999999,20880543,20980543,21180543,NA,NA,NA,NA,NA,NA,NA,0.566090310773848,NA,NA
1200,800,36,"Adaptive Huber",0.184657529421053,206.88,20880543,20980543,21280543,NA,NA,NA,NA,NA,NA,NA,0.372759372031494,5.41553772315475,0.95
1200,800,36,"Shrinkage",1.16885139407805,4.51999999999998,20880543,20980543,21380543,NA,NA,NA,NA,NA,NA,NA,0.823604073616906,3.64036765950383,0.95
1600,800,36,"TS-RIGHT",0.300042773685851,7.96000000000004,20890543,20990543,21090543,"TS_n1600_h21db9f6b",0.5,150,8,76,0.02,NA,NA,NA,NA
1600,800,36,"IHT",0.268917528539754,5.78999999999996,20890543,20990543,NA,"IHT_n1600_h06b009d4",NA,NA,NA,NA,0.01,200,NA,NA,NA
1600,800,36,"Lasso",0.221892627199633,3.96000000000004,20890543,20990543,21190543,NA,NA,NA,NA,NA,NA,NA,0.395125892078497,NA,NA
1600,800,36,"Adaptive Huber",0.172723126712355,285.18,20890543,20990543,21290543,NA,NA,NA,NA,NA,NA,NA,0.138949549437314,5.31586912236187,0.95
1600,800,36,"Shrinkage",0.612661869474107,11.5400000000002,20890543,20990543,21390543,NA,NA,NA,NA,NA,NA,NA,0.628874351721962,5.06145640170827,0.98
2000,800,36,"TS-RIGHT",0.186651096483308,8.25999999999999,20900543,21000543,21100543,"TS_n2000_h06bee7e5",0.5,150,8,76,0.02,NA,NA,NA,NA
2000,800,36,"IHT",0.233125704675421,7.00999999999999,20900543,21000543,NA,"IHT_n2000_h371ec77d",NA,NA,NA,NA,0.01,200,NA,NA,NA
2000,800,36,"Lasso",0.287018434970743,4.75,20900543,21000543,21200543,NA,NA,NA,NA,NA,NA,NA,0.294457651798525,NA,NA
2000,800,36,"Adaptive Huber",0.177152434245555,351.05,20900543,21000543,21300543,NA,NA,NA,NA,NA,NA,NA,0.138949549437314,6.15244752080631,0.95
2000,800,36,"Shrinkage",0.838708790382948,12.8400000000001,20900543,21000543,21400543,NA,NA,NA,NA,NA,NA,NA,0.816635582123637,5.1296068631077,0.98
2400,800,36,"TS-RIGHT",0.161983602665094,8.46000000000004,20910543,21010543,21110543,"TS_n2400_h2202f38e",0.5,150,8,76,0.02,NA,NA,NA,NA
2400,800,36,"IHT",0.196795011064371,9.32999999999993,20910543,21010543,NA,"IHT_n2400_h1d7d87f6",NA,NA,NA,NA,0.01,200,NA,NA,NA
2400,800,36,"Lasso",0.29031617526417,6.22000000000003,20910543,21010543,21210543,NA,NA,NA,NA,NA,NA,NA,0.366323562670466,NA,NA
2400,800,36,"Adaptive Huber",0.293355932135746,442.72,20910543,21010543,21310543,NA,NA,NA,NA,NA,NA,NA,0.372759372031494,10.8275382769422,0.98
2400,800,36,"Shrinkage",0.920254350527603,14.9200000000001,20910543,21010543,21410543,NA,NA,NA,NA,NA,NA,NA,0.709344236272071,5.19177857129042,0.98
800,800,37,"TS-RIGHT",0.374887163241192,8.88999999999987,20870544,20970544,21070544,"TS_n800_h155f087a",0.5,200,8,101,0.02,NA,NA,NA,NA
800,800,37,"IHT",7.36809501117796,2.51999999999998,20870544,20970544,NA,"IHT_n800_h17021d83",NA,NA,NA,NA,0.01,200,NA,NA,NA
800,800,37,"Lasso",1.90850091592265,1.6400000000001,20870544,20970544,21170544,NA,NA,NA,NA,NA,NA,NA,2.22185316790612,NA,NA
800,800,37,"Adaptive Huber",0.368895822483382,124.43,20870544,20970544,21270544,NA,NA,NA,NA,NA,NA,NA,0.372759372031494,9.52260665718218,0.95
800,800,37,"Shrinkage",1.2430561193242,1.49000000000001,20870544,20970544,21370544,NA,NA,NA,NA,NA,NA,NA,0.768102470212074,3.52056096642036,0.95
1200,800,37,"TS-RIGHT",0.327617309144511,7.1400000000001,20880544,20980544,21080544,"TS_n1200_h069793c2",0.5,150,8,76,0.02,NA,NA,NA,NA
1200,800,37,"IHT",0.197560134492953,3.63999999999987,20880544,20980544,NA,"IHT_n1200_h2051495b",NA,NA,NA,NA,0.01,200,NA,NA,NA
1200,800,37,"Lasso",0.294941296008694,3.1400000000001,20880544,20980544,21180544,NA,NA,NA,NA,NA,NA,NA,0.406067265530618,NA,NA
1200,800,37,"Adaptive Huber",0.258144314549352,199.34,20880544,20980544,21280544,NA,NA,NA,NA,NA,NA,NA,0.372759372031494,5.2825975204138,0.95
1200,800,37,"Shrinkage",1.22201620781896,4.07000000000016,20880544,20980544,21380544,NA,NA,NA,NA,NA,NA,NA,0.719256645044564,5.53104472057421,0.98
1600,800,37,"TS-RIGHT",0.176730582364024,8.27999999999997,20890544,20990544,21090544,"TS_n1600_h21db9f6b",0.5,150,8,76,0.02,NA,NA,NA,NA
1600,800,37,"IHT",0.63146184152147,4.69000000000005,20890544,20990544,NA,"IHT_n1600_h06b009d4",NA,NA,NA,NA,0.01,200,NA,NA,NA
1600,800,37,"Lasso",0.580798576312593,4.84999999999991,20890544,20990544,21190544,NA,NA,NA,NA,NA,NA,NA,0.841153523995389,NA,NA
1600,800,37,"Adaptive Huber",0.217410112825647,292.65,20890544,20990544,21290544,NA,NA,NA,NA,NA,NA,NA,0.138949549437314,4.38735649044792,0.9
1600,800,37,"Shrinkage",1.39715531087673,13.52,20890544,20990544,21390544,NA,NA,NA,NA,NA,NA,NA,0.663203844573198,3.52325685433009,0.95
2000,800,37,"TS-RIGHT",0.20025816738056,8.82999999999993,20900544,21000544,21100544,"TS_n2000_h06bee7e5",0.5,150,8,76,0.02,NA,NA,NA,NA
2000,800,37,"IHT",0.416587593608252,7.63999999999987,20900544,21000544,NA,"IHT_n2000_h371ec77d",NA,NA,NA,NA,0.01,200,NA,NA,NA
2000,800,37,"Lasso",0.558744794164568,5.8900000000001,20900544,21000544,21200544,NA,NA,NA,NA,NA,NA,NA,0.697259636999332,NA,NA
2000,800,37,"Adaptive Huber",0.289717812301913,375.69,20900544,21000544,21300544,NA,NA,NA,NA,NA,NA,NA,0.372759372031494,5.95927390592801,0.95
2000,800,37,"Shrinkage",1.05030757171987,13.8700000000003,20900544,21000544,21400544,NA,NA,NA,NA,NA,NA,NA,0.985419197349902,5.17301311020465,0.98
2400,800,37,"TS-RIGHT",0.140252277575393,9.55000000000018,20910544,21010544,21110544,"TS_n2400_h2202f38e",0.5,150,8,76,0.02,NA,NA,NA,NA
2400,800,37,"IHT",0.19174354460375,7.37999999999988,20910544,21010544,NA,"IHT_n2400_h1d7d87f6",NA,NA,NA,NA,0.01,200,NA,NA,NA
2400,800,37,"Lasso",0.248788160354074,5.12000000000012,20910544,21010544,21210544,NA,NA,NA,NA,NA,NA,NA,0.359360496366688,NA,NA
2400,800,37,"Adaptive Huber",0.195992865506449,445.38,20910544,21010544,21310544,NA,NA,NA,NA,NA,NA,NA,0.372759372031494,6.16038896641562,0.95
2400,800,37,"Shrinkage",1.25378389337581,18.6700000000001,20910544,21010544,21410544,NA,NA,NA,NA,NA,NA,NA,0.792770352864314,3.64082535729619,0.95
800,800,38,"TS-RIGHT",0.323384987493972,9.20000000000005,20870545,20970545,21070545,"TS_n800_h155f087a",0.5,200,8,101,0.02,NA,NA,NA,NA
800,800,38,"IHT",0.266664913832638,2.22000000000003,20870545,20970545,NA,"IHT_n800_h17021d83",NA,NA,NA,NA,0.01,200,NA,NA,NA
800,800,38,"Lasso",0.405763438681582,0.559999999999945,20870545,20970545,21170545,NA,NA,NA,NA,NA,NA,NA,0.462964587078848,NA,NA
800,800,38,"Adaptive Huber",0.35220933210549,124.75,20870545,20970545,21270545,NA,NA,NA,NA,NA,NA,NA,0.372759372031494,5.28061732135678,0.95
800,800,38,"Shrinkage",0.896730525411819,1.52999999999997,20870545,20970545,21370545,NA,NA,NA,NA,NA,NA,NA,0.652019027623258,5.11876703477271,0.98
1200,800,38,"TS-RIGHT",0.272653770297718,7.05999999999995,20880545,20980545,21080545,"TS_n1200_h069793c2",0.5,150,8,76,0.02,NA,NA,NA,NA
1200,800,38,"IHT",0.289994810746138,4.69000000000005,20880545,20980545,NA,"IHT_n1200_h2051495b",NA,NA,NA,NA,0.01,200,NA,NA,NA
1200,800,38,"Lasso",0.347211435007688,3.50999999999999,20880545,20980545,21180545,NA,NA,NA,NA,NA,NA,NA,0.381175438417228,NA,NA
1200,800,38,"Adaptive Huber",0.329543391426894,201.22,20880545,20980545,21280545,NA,NA,NA,NA,NA,NA,NA,0.372759372031494,5.4030232218574,0.95
1200,800,38,"Shrinkage",1.42028934733478,4.19000000000005,20880545,20980545,21380545,NA,NA,NA,NA,NA,NA,NA,0.324814144560704,5.12320640230609,0.98
1600,800,38,"TS-RIGHT",0.141435683805568,6.91999999999985,20890545,20990545,21090545,"TS_n1600_h21db9f6b",0.5,150,8,76,0.02,NA,NA,NA,NA
1600,800,38,"IHT",0.567689799296001,5.11000000000013,20890545,20990545,NA,"IHT_n1600_h06b009d4",NA,NA,NA,NA,0.01,200,NA,NA,NA
1600,800,38,"Lasso",0.721451976305052,5.43999999999983,20890545,20990545,21190545,NA,NA,NA,NA,NA,NA,NA,1.23413298034962,NA,NA
1600,800,38,"Adaptive Huber",0.224819837442291,290.48,20890545,20990545,21290545,NA,NA,NA,NA,NA,NA,NA,0.138949549437314,6.28734162255555,0.95
1600,800,38,"Shrinkage",1.11525489371252,10.8899999999999,20890545,20990545,21390545,NA,NA,NA,NA,NA,NA,NA,0.784733910615623,3.62501120297486,0.95
2000,800,38,"TS-RIGHT",0.167229144220047,8.91000000000008,20900545,21000545,21100545,"TS_n2000_h06bee7e5",0.5,150,8,76,0.02,NA,NA,NA,NA
2000,800,38,"IHT",0.302685628118686,6.02999999999997,20900545,21000545,NA,"IHT_n2000_h371ec77d",NA,NA,NA,NA,0.01,200,NA,NA,NA
2000,800,38,"Lasso",0.329048877696252,5.25999999999999,20900545,21000545,21200545,NA,NA,NA,NA,NA,NA,NA,0.499159855243734,NA,NA
2000,800,38,"Adaptive Huber",0.105275884272463,352.6,20900545,21000545,21300545,NA,NA,NA,NA,NA,NA,NA,0.138949549437314,3.84749997231996,0.9
2000,800,38,"Shrinkage",1.26359545830437,14.9299999999998,20900545,21000545,21400545,NA,NA,NA,NA,NA,NA,NA,0.602186475235285,3.56163821519991,0.95
2400,800,38,"TS-RIGHT",0.199690229836207,8.32000000000016,20910545,21010545,21110545,"TS_n2400_h2202f38e",0.5,150,8,76,0.02,NA,NA,NA,NA
2400,800,38,"IHT",0.328146382029545,8.9699999999998,20910545,21010545,NA,"IHT_n2400_h1d7d87f6",NA,NA,NA,NA,0.01,200,NA,NA,NA
2400,800,38,"Lasso",0.451361506057717,5.45000000000005,20910545,21010545,21210545,NA,NA,NA,NA,NA,NA,NA,0.541981942710827,NA,NA
2400,800,38,"Adaptive Huber",0.129953902560171,451.04,20910545,21010545,21310545,NA,NA,NA,NA,NA,NA,NA,0.138949549437314,3.89426045734702,0.9
2400,800,38,"Shrinkage",0.902627497474635,15.1700000000001,20910545,21010545,21410545,NA,NA,NA,NA,NA,NA,NA,0.674778902898954,3.57676833379925,0.95
800,800,39,"TS-RIGHT",0.365867145028931,8.54999999999995,20870546,20970546,21070546,"TS_n800_h155f087a",0.5,200,8,101,0.02,NA,NA,NA,NA
800,800,39,"IHT",0.30013729464371,2.47000000000003,20870546,20970546,NA,"IHT_n800_h17021d83",NA,NA,NA,NA,0.01,200,NA,NA,NA
800,800,39,"Lasso",0.456889745020479,0.660000000000082,20870546,20970546,21170546,NA,NA,NA,NA,NA,NA,NA,0.549554161793751,NA,NA
800,800,39,"Adaptive Huber",0.2548983412284,123.48,20870546,20970546,21270546,NA,NA,NA,NA,NA,NA,NA,0.372759372031494,6.00998580873843,0.95
800,800,39,"Shrinkage",1.51678660082802,1.37999999999988,20870546,20970546,21370546,NA,NA,NA,NA,NA,NA,NA,0.397789108548336,5.56246498394676,0.98
1200,800,39,"TS-RIGHT",0.209081380470125,7.41999999999985,20880546,20980546,21080546,"TS_n1200_h069793c2",0.5,150,8,76,0.02,NA,NA,NA,NA
1200,800,39,"IHT",1.5313291617945,4.21000000000004,20880546,20980546,NA,"IHT_n1200_h2051495b",NA,NA,NA,NA,0.01,200,NA,NA,NA
1200,800,39,"Lasso",1.67597000278786,5.22000000000003,20880546,20980546,21180546,NA,NA,NA,NA,NA,NA,NA,2.46038147587942,NA,NA
1200,800,39,"Adaptive Huber",0.276252486356483,205.39,20880546,20980546,21280546,NA,NA,NA,NA,NA,NA,NA,0.372759372031494,9.68968323059453,0.95
1200,800,39,"Shrinkage",0.943410848055259,4.69999999999982,20880546,20980546,21380546,NA,NA,NA,NA,NA,NA,NA,1.01275270185423,5.51985866440849,0.98
1600,800,39,"TS-RIGHT",0.254128059155264,8.20000000000005,20890546,20990546,21090546,"TS_n1600_h21db9f6b",0.5,150,8,76,0.02,NA,NA,NA,NA
1600,800,39,"IHT",0.178151645631115,5.45000000000005,20890546,20990546,NA,"IHT_n1600_h06b009d4",NA,NA,NA,NA,0.01,200,NA,NA,NA
1600,800,39,"Lasso",0.206278457700232,3.59999999999991,20890546,20990546,21190546,NA,NA,NA,NA,NA,NA,NA,0.306097205062491,NA,NA
1600,800,39,"Adaptive Huber",0.281374872656098,267.03,20890546,20990546,21290546,NA,NA,NA,NA,NA,NA,NA,0.372759372031494,5.77875152021718,0.95
1600,800,39,"Shrinkage",0.592881478991896,12.3099999999999,20890546,20990546,21390546,NA,NA,NA,NA,NA,NA,NA,0.644900609251062,4.9520745064204,0.98
2000,800,39,"TS-RIGHT",0.171511378733012,8.58000000000015,20900546,21000546,21100546,"TS_n2000_h06bee7e5",0.5,150,8,76,0.02,NA,NA,NA,NA
2000,800,39,"IHT",0.233865084327387,6.20000000000005,20900546,21000546,NA,"IHT_n2000_h371ec77d",NA,NA,NA,NA,0.01,200,NA,NA,NA
2000,800,39,"Lasso",0.402738888525799,6.50999999999999,20900546,21000546,21200546,NA,NA,NA,NA,NA,NA,NA,0.546342476018249,NA,NA
2000,800,39,"Adaptive Huber",0.227160803313523,359.64,20900546,21000546,21300546,NA,NA,NA,NA,NA,NA,NA,0.372759372031494,9.73885604064408,0.98
2000,800,39,"Shrinkage",1.03320051499662,13.6799999999998,20900546,21000546,21400546,NA,NA,NA,NA,NA,NA,NA,0.478884437735974,3.54932123512278,0.95
2400,800,39,"TS-RIGHT",0.127646724829918,9.84000000000015,20910546,21010546,21110546,"TS_n2400_h2202f38e",0.5,150,8,76,0.02,NA,NA,NA,NA
2400,800,39,"IHT",0.234905118834193,9.95999999999981,20910546,21010546,NA,"IHT_n2400_h1d7d87f6",NA,NA,NA,NA,0.01,200,NA,NA,NA
2400,800,39,"Lasso",0.327265824920374,5.25,20910546,21010546,21210546,NA,NA,NA,NA,NA,NA,NA,0.506281398008793,NA,NA
2400,800,39,"Adaptive Huber",0.130984470170483,447.06,20910546,21010546,21310546,NA,NA,NA,NA,NA,NA,NA,0.138949549437314,5.52819824742387,0.95
2400,800,39,"Shrinkage",1.0090432089521,15.7200000000003,20910546,21010546,21410546,NA,NA,NA,NA,NA,NA,NA,0.656053052023802,3.72043010953367,0.95
800,800,40,"TS-RIGHT",0.404108330389922,9.5,20870547,20970547,21070547,"TS_n800_h155f087a",0.5,200,8,101,0.02,NA,NA,NA,NA
800,800,40,"IHT",0.59015177776806,2.42000000000007,20870547,20970547,NA,"IHT_n800_h17021d83",NA,NA,NA,NA,0.01,200,NA,NA,NA
800,800,40,"Lasso",0.544757821281036,0.700000000000045,20870547,20970547,21170547,NA,NA,NA,NA,NA,NA,NA,0.897731983851244,NA,NA
800,800,40,"Adaptive Huber",0.26375185729555,123.21,20870547,20970547,21270547,NA,NA,NA,NA,NA,NA,NA,0.372759372031494,4.27759449314039,0.9
800,800,40,"Shrinkage",1.36424682577237,1.88999999999987,20870547,20970547,21370547,NA,NA,NA,NA,NA,NA,NA,0.833027766347115,3.43416699633665,0.95
1200,800,40,"TS-RIGHT",0.269993781011351,7.54999999999995,20880547,20980547,21080547,"TS_n1200_h069793c2",0.5,150,8,76,0.02,NA,NA,NA,NA
1200,800,40,"IHT",0.23093701600024,3.62000000000012,20880547,20980547,NA,"IHT_n1200_h2051495b",NA,NA,NA,NA,0.01,200,NA,NA,NA
1200,800,40,"Lasso",0.34394739432711,3.99000000000001,20880547,20980547,21180547,NA,NA,NA,NA,NA,NA,NA,0.518382662525901,NA,NA
1200,800,40,"Adaptive Huber",0.233846183818315,206.86,20880547,20980547,21280547,NA,NA,NA,NA,NA,NA,NA,0.372759372031494,6.24205151860489,0.95
1200,800,40,"Shrinkage",1.11143651002717,4.48000000000002,20880547,20980547,21380547,NA,NA,NA,NA,NA,NA,NA,0.787045732798571,3.71039982259968,0.95
1600,800,40,"TS-RIGHT",0.160842541699974,7.92000000000007,20890547,20990547,21090547,"TS_n1600_h21db9f6b",0.5,150,8,76,0.02,NA,NA,NA,NA
1600,800,40,"IHT",0.277538487957705,6.02999999999997,20890547,20990547,NA,"IHT_n1600_h06b009d4",NA,NA,NA,NA,0.01,200,NA,NA,NA
1600,800,40,"Lasso",0.350499044632392,3.1400000000001,20890547,20990547,21190547,NA,NA,NA,NA,NA,NA,NA,0.526447457834793,NA,NA
1600,800,40,"Adaptive Huber",0.223941146108876,276.02,20890547,20990547,21290547,NA,NA,NA,NA,NA,NA,NA,0.372759372031494,12.2451763958782,0.98
1600,800,40,"Shrinkage",0.897056641730215,12.9499999999998,20890547,20990547,21390547,NA,NA,NA,NA,NA,NA,NA,0.79461156354002,3.45576690867182,0.95
2000,800,40,"TS-RIGHT",0.226149978813089,8.83000000000015,20900547,21000547,21100547,"TS_n2000_h06bee7e5",0.5,150,8,76,0.02,NA,NA,NA,NA
2000,800,40,"IHT",0.249509542359917,7.16999999999985,20900547,21000547,NA,"IHT_n2000_h371ec77d",NA,NA,NA,NA,0.01,200,NA,NA,NA
2000,800,40,"Lasso",0.27755346893516,4.18000000000006,20900547,21000547,21200547,NA,NA,NA,NA,NA,NA,NA,0.425707513247088,NA,NA
2000,800,40,"Adaptive Huber",0.25585065240356,352.89,20900547,21000547,21300547,NA,NA,NA,NA,NA,NA,NA,0.372759372031494,5.78482338813856,0.95
2000,800,40,"Shrinkage",1.05611622513414,13.0900000000001,20900547,21000547,21400547,NA,NA,NA,NA,NA,NA,NA,0.84470183274617,5.47742063786137,0.98
2400,800,40,"TS-RIGHT",0.183945966473547,9.5,20910547,21010547,21110547,"TS_n2400_h2202f38e",0.5,150,8,76,0.02,NA,NA,NA,NA
2400,800,40,"IHT",0.306237752560033,9.41999999999985,20910547,21010547,NA,"IHT_n2400_h1d7d87f6",NA,NA,NA,NA,0.01,200,NA,NA,NA
2400,800,40,"Lasso",0.499410835081575,7.01999999999998,20910547,21010547,21210547,NA,NA,NA,NA,NA,NA,NA,0.637447550144473,NA,NA
2400,800,40,"Adaptive Huber",0.161561998474408,452.09,20910547,21010547,21310547,NA,NA,NA,NA,NA,NA,NA,0.138949549437314,5.80088884812522,0.95
2400,800,40,"Shrinkage",1.08276604251851,13.96,20910547,21010547,21410547,NA,NA,NA,NA,NA,NA,NA,0.320349944753697,5.52466795490863,0.98
800,800,41,"TS-RIGHT",0.210549375635071,9.30999999999995,20870548,20970548,21070548,"TS_n800_h155f087a",0.5,200,8,101,0.02,NA,NA,NA,NA
800,800,41,"IHT",0.267081027237581,2.35000000000014,20870548,20970548,NA,"IHT_n800_h17021d83",NA,NA,NA,NA,0.01,200,NA,NA,NA
800,800,41,"Lasso",0.302274173986908,0.559999999999945,20870548,20970548,21170548,NA,NA,NA,NA,NA,NA,NA,0.338335536583118,NA,NA
800,800,41,"Adaptive Huber",0.207912829229781,129.17,20870548,20970548,21270548,NA,NA,NA,NA,NA,NA,NA,0.372759372031494,5.4021552842353,0.95
800,800,41,"Shrinkage",0.594263896075914,1.65999999999985,20870548,20970548,21370548,NA,NA,NA,NA,NA,NA,NA,0.907926149697009,5.35073611039139,0.98
1200,800,41,"TS-RIGHT",0.228497605509658,7.56999999999994,20880548,20980548,21080548,"TS_n1200_h069793c2",0.5,150,8,76,0.02,NA,NA,NA,NA
1200,800,41,"IHT",0.286696514589766,3.25,20880548,20980548,NA,"IHT_n1200_h2051495b",NA,NA,NA,NA,0.01,200,NA,NA,NA
1200,800,41,"Lasso",0.319514914360525,2.92000000000007,20880548,20980548,21180548,NA,NA,NA,NA,NA,NA,NA,0.307912003522005,NA,NA
1200,800,41,"Adaptive Huber",0.323021116316015,196.34,20880548,20980548,21280548,NA,NA,NA,NA,NA,NA,NA,0.372759372031494,5.83389438303077,0.95
1200,800,41,"Shrinkage",1.07941290116928,3.76999999999998,20880548,20980548,21380548,NA,NA,NA,NA,NA,NA,NA,0.655681520500363,3.61903236743679,0.95
1600,800,41,"TS-RIGHT",0.181505967920689,8.83000000000015,20890548,20990548,21090548,"TS_n1600_h21db9f6b",0.5,150,8,76,0.02,NA,NA,NA,NA
1600,800,41,"IHT",0.192852742141948,6.03999999999996,20890548,20990548,NA,"IHT_n1600_h06b009d4",NA,NA,NA,NA,0.01,200,NA,NA,NA
1600,800,41,"Lasso",0.222525116925094,3.40999999999985,20890548,20990548,21190548,NA,NA,NA,NA,NA,NA,NA,0.275029821587873,NA,NA
1600,800,41,"Adaptive Huber",0.234623525488418,276.42,20890548,20990548,21290548,NA,NA,NA,NA,NA,NA,NA,0.372759372031494,5.4331947831812,0.95
1600,800,41,"Shrinkage",1.07850041873501,11.9000000000001,20890548,20990548,21390548,NA,NA,NA,NA,NA,NA,NA,1.01270540381092,5.4842342421362,0.98
2000,800,41,"TS-RIGHT",0.182538110799143,8.09000000000015,20900548,21000548,21100548,"TS_n2000_h06bee7e5",0.5,150,8,76,0.02,NA,NA,NA,NA
2000,800,41,"IHT",0.37971588044506,8.88999999999987,20900548,21000548,NA,"IHT_n2000_h371ec77d",NA,NA,NA,NA,0.01,200,NA,NA,NA
2000,800,41,"Lasso",0.607615673855993,6.42000000000007,20900548,21000548,21200548,NA,NA,NA,NA,NA,NA,NA,0.556172078595113,NA,NA
2000,800,41,"Adaptive Huber",0.261501833906143,353.3,20900548,21000548,21300548,NA,NA,NA,NA,NA,NA,NA,0.372759372031494,6.48743891073391,0.95
2000,800,41,"Shrinkage",1.22038204148869,15.75,20900548,21000548,21400548,NA,NA,NA,NA,NA,NA,NA,0.716400923717765,3.61490706340461,0.95
2400,800,41,"TS-RIGHT",0.183476046930712,8.8900000000001,20910548,21010548,21110548,"TS_n2400_h2202f38e",0.5,150,8,76,0.02,NA,NA,NA,NA
2400,800,41,"IHT",0.546144102199057,7.3599999999999,20910548,21010548,NA,"IHT_n2400_h1d7d87f6",NA,NA,NA,NA,0.01,200,NA,NA,NA
2400,800,41,"Lasso",0.647807834416368,4.99000000000001,20910548,21010548,21210548,NA,NA,NA,NA,NA,NA,NA,0.667725544219365,NA,NA
2400,800,41,"Adaptive Huber",0.152199948392313,448.56,20910548,21010548,21310548,NA,NA,NA,NA,NA,NA,NA,0.138949549437314,4.14992042684896,0.9
2400,800,41,"Shrinkage",0.874666502012294,15.6199999999999,20910548,21010548,21410548,NA,NA,NA,NA,NA,NA,NA,0.715778804905399,5.28969994517116,0.98
800,800,42,"TS-RIGHT",4.14236927987965,9.22000000000003,20870549,20970549,21070549,"TS_n800_h155f087a",0.5,200,8,101,0.02,NA,NA,NA,NA
800,800,42,"IHT",Inf,2.60000000000014,20870549,20970549,NA,"IHT_n800_h17021d83",NA,NA,NA,NA,0.01,200,NA,NA,NA
800,800,42,"Lasso",1.93041048661251,0.479999999999791,20870549,20970549,21170549,NA,NA,NA,NA,NA,NA,NA,0.349264115082575,NA,NA
800,800,42,"Adaptive Huber",0.58293675468871,121.69,20870549,20970549,21270549,NA,NA,NA,NA,NA,NA,NA,1,7.02201780984317,0.95
800,800,42,"Shrinkage",1.98097375229095,1.23000000000002,20870549,20970549,21370549,NA,NA,NA,NA,NA,NA,NA,0.90457803611249,3.50879000260473,0.95
1200,800,42,"TS-RIGHT",0.199204473667162,7.69999999999982,20880549,20980549,21080549,"TS_n1200_h069793c2",0.5,150,8,76,0.02,NA,NA,NA,NA
1200,800,42,"IHT",0.315089858844777,3.3900000000001,20880549,20980549,NA,"IHT_n1200_h2051495b",NA,NA,NA,NA,0.01,200,NA,NA,NA
1200,800,42,"Lasso",0.481793211386167,3.67000000000007,20880549,20980549,21180549,NA,NA,NA,NA,NA,NA,NA,0.5126816262101,NA,NA
1200,800,42,"Adaptive Huber",0.235491117900638,203.67,20880549,20980549,21280549,NA,NA,NA,NA,NA,NA,NA,0.372759372031494,5.36770575218147,0.95
1200,800,42,"Shrinkage",1.58454385610853,4.19000000000005,20880549,20980549,21380549,NA,NA,NA,NA,NA,NA,NA,0.733060867243924,3.66719683585333,0.95
1600,800,42,"TS-RIGHT",0.18723258739315,8.20999999999981,20890549,20990549,21090549,"TS_n1600_h21db9f6b",0.5,150,8,76,0.02,NA,NA,NA,NA
1600,800,42,"IHT",0.181099108540892,5.52000000000021,20890549,20990549,NA,"IHT_n1600_h06b009d4",NA,NA,NA,NA,0.01,200,NA,NA,NA
1600,800,42,"Lasso",0.240553709947492,3.95999999999981,20890549,20990549,21190549,NA,NA,NA,NA,NA,NA,NA,0.325713325902049,NA,NA
1600,800,42,"Adaptive Huber",0.215338554550411,287.97,20890549,20990549,21290549,NA,NA,NA,NA,NA,NA,NA,0.372759372031494,5.20413057698948,0.95
1600,800,42,"Shrinkage",0.975132602994498,12.5099999999998,20890549,20990549,21390549,NA,NA,NA,NA,NA,NA,NA,0.643926599036736,3.59005535492211,0.95
2000,800,42,"TS-RIGHT",0.253429782852032,8.5,20900549,21000549,21100549,"TS_n2000_h06bee7e5",0.5,150,8,76,0.02,NA,NA,NA,NA
2000,800,42,"IHT",2.18453376556629e+69,6.2800000000002,20900549,21000549,NA,"IHT_n2000_h371ec77d",NA,NA,NA,NA,0.01,200,NA,NA,NA
2000,800,42,"Lasso",0.563561762996664,5.26999999999998,20900549,21000549,21200549,NA,NA,NA,NA,NA,NA,NA,0.667550455732382,NA,NA
2000,800,42,"Adaptive Huber",0.206230313309875,360.97,20900549,21000549,21300549,NA,NA,NA,NA,NA,NA,NA,0.138949549437314,5.98659938998246,0.95
2000,800,42,"Shrinkage",0.834321739674244,13.3400000000001,20900549,21000549,21400549,NA,NA,NA,NA,NA,NA,NA,0.674017542129279,3.49162252004713,0.95
2400,800,42,"TS-RIGHT",0.143174344490774,9.3900000000001,20910549,21010549,21110549,"TS_n2400_h2202f38e",0.5,150,8,76,0.02,NA,NA,NA,NA
2400,800,42,"IHT",0.508602395799759,7.90999999999985,20910549,21010549,NA,"IHT_n2400_h1d7d87f6",NA,NA,NA,NA,0.01,200,NA,NA,NA
2400,800,42,"Lasso",0.469059804052042,5.56000000000017,20910549,21010549,21210549,NA,NA,NA,NA,NA,NA,NA,0.683320768178007,NA,NA
2400,800,42,"Adaptive Huber",0.227386214601497,435.5,20910549,21010549,21310549,NA,NA,NA,NA,NA,NA,NA,0.372759372031494,6.25521630525039,0.95
2400,800,42,"Shrinkage",1.09818603692959,15.0499999999997,20910549,21010549,21410549,NA,NA,NA,NA,NA,NA,NA,0.65882478493063,3.49946065285592,0.95
800,800,43,"TS-RIGHT",0.328968437342782,8.75999999999999,20870550,20970550,21070550,"TS_n800_h155f087a",0.5,200,8,101,0.02,NA,NA,NA,NA
800,800,43,"IHT",0.423983593579665,2.60000000000014,20870550,20970550,NA,"IHT_n800_h17021d83",NA,NA,NA,NA,0.01,200,NA,NA,NA
800,800,43,"Lasso",0.338015351939049,1.47000000000003,20870550,20970550,21170550,NA,NA,NA,NA,NA,NA,NA,0.621051860480083,NA,NA
800,800,43,"Adaptive Huber",0.199237598942712,123.22,20870550,20970550,21270550,NA,NA,NA,NA,NA,NA,NA,0.372759372031494,6.33552406720369,0.95
800,800,43,"Shrinkage",1.61569810681638,1.17000000000007,20870550,20970550,21370550,NA,NA,NA,NA,NA,NA,NA,0.793963641931721,5.48399130009846,0.98
1200,800,43,"TS-RIGHT",0.313791485027595,7.06999999999994,20880550,20980550,21080550,"TS_n1200_h069793c2",0.5,150,8,76,0.02,NA,NA,NA,NA
1200,800,43,"IHT",0.54553919034712,4.45000000000005,20880550,20980550,NA,"IHT_n1200_h2051495b",NA,NA,NA,NA,0.01,200,NA,NA,NA
1200,800,43,"Lasso",0.707139078714891,12.3900000000001,20880550,20980550,21180550,NA,NA,NA,NA,NA,NA,NA,1.07173604945016,NA,NA
1200,800,43,"Adaptive Huber",0.313335491605886,206.85,20880550,20980550,21280550,NA,NA,NA,NA,NA,NA,NA,0.372759372031494,6.28080608143951,0.95
1200,800,43,"Shrinkage",1.32853527494132,4.83999999999969,20880550,20980550,21380550,NA,NA,NA,NA,NA,NA,NA,0.734873353263799,3.4856138292182,0.95
1600,800,43,"TS-RIGHT",0.253086998029369,7.96000000000004,20890550,20990550,21090550,"TS_n1600_h21db9f6b",0.5,150,8,76,0.02,NA,NA,NA,NA
1600,800,43,"IHT",0.453752113544609,5.73000000000002,20890550,20990550,NA,"IHT_n1600_h06b009d4",NA,NA,NA,NA,0.01,200,NA,NA,NA
1600,800,43,"Lasso",0.432514201478759,5.29999999999995,20890550,20990550,21190550,NA,NA,NA,NA,NA,NA,NA,0.591847482084481,NA,NA
1600,800,43,"Adaptive Huber",0.20681552677878,279.06,20890550,20990550,21290550,NA,NA,NA,NA,NA,NA,NA,0.138949549437314,5.49906718834825,0.95
1600,800,43,"Shrinkage",0.974613095793866,12.5799999999999,20890550,20990550,21390550,NA,NA,NA,NA,NA,NA,NA,0.508883824539187,5.39576729504816,0.98
2000,800,43,"TS-RIGHT",0.149695145764475,8.05000000000018,20900550,21000550,21100550,"TS_n2000_h06bee7e5",0.5,150,8,76,0.02,NA,NA,NA,NA
2000,800,43,"IHT",1.97658964925405,7.44999999999982,20900550,21000550,NA,"IHT_n2000_h371ec77d",NA,NA,NA,NA,0.01,200,NA,NA,NA
2000,800,43,"Lasso",2.07299773819325,5.6400000000001,20900550,21000550,21200550,NA,NA,NA,NA,NA,NA,NA,0.256173028137038,NA,NA
2000,800,43,"Adaptive Huber",0.125398669962053,355.16,20900550,21000550,21300550,NA,NA,NA,NA,NA,NA,NA,0.372759372031494,6.94515253440537,0.95
2000,800,43,"Shrinkage",1.57694616437018,13.71,20900550,21000550,21400550,NA,NA,NA,NA,NA,NA,NA,0.492490836054747,3.53990240890727,0.95
2400,800,43,"TS-RIGHT",0.166393393041886,8.38999999999987,20910550,21010550,21110550,"TS_n2400_h2202f38e",0.5,150,8,76,0.02,NA,NA,NA,NA
2400,800,43,"IHT",0.259825989411514,7.44000000000005,20910550,21010550,NA,"IHT_n2400_h1d7d87f6",NA,NA,NA,NA,0.01,200,NA,NA,NA
2400,800,43,"Lasso",0.379394785854089,5.43000000000006,20910550,21010550,21210550,NA,NA,NA,NA,NA,NA,NA,0.490174099705326,NA,NA
2400,800,43,"Adaptive Huber",0.293593109849848,420.29,20910550,21010550,21310550,NA,NA,NA,NA,NA,NA,NA,0.372759372031494,6.33344677791754,0.95
2400,800,43,"Shrinkage",0.857757712513101,15.4200000000001,20910550,21010550,21410550,NA,NA,NA,NA,NA,NA,NA,0.793027341170967,5.38278692787036,0.98
800,800,44,"TS-RIGHT",0.345889302413731,9.15000000000009,20870551,20970551,21070551,"TS_n800_h155f087a",0.5,200,8,101,0.02,NA,NA,NA,NA
800,800,44,"IHT",0.355573589650726,2.87999999999988,20870551,20970551,NA,"IHT_n800_h17021d83",NA,NA,NA,NA,0.01,200,NA,NA,NA
800,800,44,"Lasso",0.415905298296242,0.560000000000173,20870551,20970551,21170551,NA,NA,NA,NA,NA,NA,NA,0.350877396651581,NA,NA
800,800,44,"Adaptive Huber",0.314851607117417,125.46,20870551,20970551,21270551,NA,NA,NA,NA,NA,NA,NA,0.372759372031494,5.46336595962019,0.95
800,800,44,"Shrinkage",1.20486135592993,1.40000000000009,20870551,20970551,21370551,NA,NA,NA,NA,NA,NA,NA,0.92449263312836,5.15732872403966,0.98
1200,800,44,"TS-RIGHT",0.26726187352073,7.01999999999998,20880551,20980551,21080551,"TS_n1200_h069793c2",0.5,150,8,76,0.02,NA,NA,NA,NA
1200,800,44,"IHT",0.35909512060846,4.68000000000006,20880551,20980551,NA,"IHT_n1200_h2051495b",NA,NA,NA,NA,0.01,200,NA,NA,NA
1200,800,44,"Lasso",0.376436040967368,3.83999999999992,20880551,20980551,21180551,NA,NA,NA,NA,NA,NA,NA,0.354481130451388,NA,NA
1200,800,44,"Adaptive Huber",0.310937310493193,200.34,20880551,20980551,21280551,NA,NA,NA,NA,NA,NA,NA,0.138949549437314,5.68110327718587,0.95
1200,800,44,"Shrinkage",0.876634676430724,3.96000000000004,20880551,20980551,21380551,NA,NA,NA,NA,NA,NA,NA,0.553231773326446,5.22489884901633,0.98
1600,800,44,"TS-RIGHT",0.221888573306256,7.88000000000011,20890551,20990551,21090551,"TS_n1600_h21db9f6b",0.5,150,8,76,0.02,NA,NA,NA,NA
1600,800,44,"IHT",0.481871611457354,4.96000000000004,20890551,20990551,NA,"IHT_n1600_h06b009d4",NA,NA,NA,NA,0.01,200,NA,NA,NA
1600,800,44,"Lasso",0.572997913076201,6.21000000000004,20890551,20990551,21190551,NA,NA,NA,NA,NA,NA,NA,0.818623974098285,NA,NA
1600,800,44,"Adaptive Huber",0.189565678038846,281.34,20890551,20990551,21290551,NA,NA,NA,NA,NA,NA,NA,0.372759372031494,7.2786279569941,0.95
1600,800,44,"Shrinkage",1.14277700052435,13.8799999999997,20890551,20990551,21390551,NA,NA,NA,NA,NA,NA,NA,0.774374181284735,3.62952083637408,0.95
2000,800,44,"TS-RIGHT",0.147897313176228,8.09000000000015,20900551,21000551,21100551,"TS_n2000_h06bee7e5",0.5,150,8,76,0.02,NA,NA,NA,NA
2000,800,44,"IHT",0.21026920363077,8.02999999999975,20900551,21000551,NA,"IHT_n2000_h371ec77d",NA,NA,NA,NA,0.01,200,NA,NA,NA
2000,800,44,"Lasso",0.301224617200884,5.25,20900551,21000551,21200551,NA,NA,NA,NA,NA,NA,NA,0.39304855421229,NA,NA
2000,800,44,"Adaptive Huber",0.27820100680978,356.78,20900551,21000551,21300551,NA,NA,NA,NA,NA,NA,NA,0.372759372031494,5.57776116181881,0.95
2000,800,44,"Shrinkage",0.884754541238087,12.6799999999998,20900551,21000551,21400551,NA,NA,NA,NA,NA,NA,NA,0.620684752209139,5.24372470189926,0.98
2400,800,44,"TS-RIGHT",0.15484588909238,8.72000000000025,20910551,21010551,21110551,"TS_n2400_h2202f38e",0.5,150,8,76,0.02,NA,NA,NA,NA
2400,800,44,"IHT",0.173887559086818,8.42999999999984,20910551,21010551,NA,"IHT_n2400_h1d7d87f6",NA,NA,NA,NA,0.01,200,NA,NA,NA
2400,800,44,"Lasso",0.247084215443694,4.26999999999998,20910551,21010551,21210551,NA,NA,NA,NA,NA,NA,NA,0.319660823581687,NA,NA
2400,800,44,"Adaptive Huber",0.149341669859899,427.64,20910551,21010551,21310551,NA,NA,NA,NA,NA,NA,NA,0.138949549437314,5.36744603963006,0.95
2400,800,44,"Shrinkage",1.21796163441474,14.7000000000003,20910551,21010551,21410551,NA,NA,NA,NA,NA,NA,NA,0.690558552995164,5.39746373793982,0.98
800,800,45,"TS-RIGHT",0.371011556365744,9.15999999999985,20870552,20970552,21070552,"TS_n800_h155f087a",0.5,200,8,101,0.02,NA,NA,NA,NA
800,800,45,"IHT",0.449095068636684,3.03999999999996,20870552,20970552,NA,"IHT_n800_h17021d83",NA,NA,NA,NA,0.01,200,NA,NA,NA
800,800,45,"Lasso",1.10700518304101,1.94000000000005,20870552,20970552,21170552,NA,NA,NA,NA,NA,NA,NA,1.14851431299624,NA,NA
800,800,45,"Adaptive Huber",0.363833741864601,125.86,20870552,20970552,21270552,NA,NA,NA,NA,NA,NA,NA,0.372759372031494,7.04056881848643,0.95
800,800,45,"Shrinkage",1.43788274822565,1.4699999999998,20870552,20970552,21370552,NA,NA,NA,NA,NA,NA,NA,0.802444725312137,2.61850316872649,0.9
1200,800,45,"TS-RIGHT",0.221050199618521,7.54999999999973,20880552,20980552,21080552,"TS_n1200_h069793c2",0.5,150,8,76,0.02,NA,NA,NA,NA
1200,800,45,"IHT",0.614689863297473,3.99000000000024,20880552,20980552,NA,"IHT_n1200_h2051495b",NA,NA,NA,NA,0.01,200,NA,NA,NA
1200,800,45,"Lasso",0.786629838462745,2.98000000000002,20880552,20980552,21180552,NA,NA,NA,NA,NA,NA,NA,1.24776285102214,NA,NA
1200,800,45,"Adaptive Huber",0.201848585029089,206.8,20880552,20980552,21280552,NA,NA,NA,NA,NA,NA,NA,0.372759372031494,7.0801009005187,0.95
1200,800,45,"Shrinkage",1.55183376207766,3.84000000000015,20880552,20980552,21380552,NA,NA,NA,NA,NA,NA,NA,0.918699840763089,3.69618617580736,0.95
1600,800,45,"TS-RIGHT",0.206855274805149,8.60000000000036,20890552,20990552,21090552,"TS_n1600_h21db9f6b",0.5,150,8,76,0.02,NA,NA,NA,NA
1600,800,45,"IHT",0.796911072457949,6.11999999999989,20890552,20990552,NA,"IHT_n1600_h06b009d4",NA,NA,NA,NA,0.01,200,NA,NA,NA
1600,800,45,"Lasso",1.08314836395899,4.44999999999982,20890552,20990552,21190552,NA,NA,NA,NA,NA,NA,NA,1.09323909689955,NA,NA
1600,800,45,"Adaptive Huber",0.270492986996768,286.2,20890552,20990552,21290552,NA,NA,NA,NA,NA,NA,NA,0.372759372031494,6.90596699115047,0.95
1600,800,45,"Shrinkage",1.48059979142388,13.8499999999999,20890552,20990552,21390552,NA,NA,NA,NA,NA,NA,NA,0.432189381942822,5.1963589591132,0.98
2000,800,45,"TS-RIGHT",0.0866471530850421,8.51000000000022,20900552,21000552,21100552,"TS_n2000_h06bee7e5",0.5,150,8,76,0.02,NA,NA,NA,NA
2000,800,45,"IHT",0.258781974455195,6.11000000000013,20900552,21000552,NA,"IHT_n2000_h371ec77d",NA,NA,NA,NA,0.01,200,NA,NA,NA
2000,800,45,"Lasso",0.273598055459052,4.65999999999985,20900552,21000552,21200552,NA,NA,NA,NA,NA,NA,NA,0.39412346359176,NA,NA
2000,800,45,"Adaptive Huber",0.252939346785801,362.49,20900552,21000552,21300552,NA,NA,NA,NA,NA,NA,NA,0.372759372031494,5.65887292923017,0.95
2000,800,45,"Shrinkage",1.3707137494816,13.29,20900552,21000552,21400552,NA,NA,NA,NA,NA,NA,NA,0.632142138655648,3.53000654988159,0.95
2400,800,45,"TS-RIGHT",0.147614025354878,9.61000000000013,20910552,21010552,21110552,"TS_n2400_h2202f38e",0.5,150,8,76,0.02,NA,NA,NA,NA
2400,800,45,"IHT",0.179119130911731,8.46000000000004,20910552,21010552,NA,"IHT_n2400_h1d7d87f6",NA,NA,NA,NA,0.01,200,NA,NA,NA
2400,800,45,"Lasso",0.256394349584005,4.82000000000016,20910552,21010552,21210552,NA,NA,NA,NA,NA,NA,NA,0.260442636742996,NA,NA
2400,800,45,"Adaptive Huber",0.157958659027333,438.47,20910552,21010552,21310552,NA,NA,NA,NA,NA,NA,NA,0.138949549437314,5.58540826607062,0.95
2400,800,45,"Shrinkage",1.32171014290988,14.2800000000002,20910552,21010552,21410552,NA,NA,NA,NA,NA,NA,NA,0.861800851548312,5.49708136555788,0.98
800,800,46,"TS-RIGHT",0.350141517510439,9.5300000000002,20870553,20970553,21070553,"TS_n800_h155f087a",0.5,200,8,101,0.02,NA,NA,NA,NA
800,800,46,"IHT",0.752447495497627,3.34999999999991,20870553,20970553,NA,"IHT_n800_h17021d83",NA,NA,NA,NA,0.01,200,NA,NA,NA
800,800,46,"Lasso",1.21147924411593,3.69000000000005,20870553,20970553,21170553,NA,NA,NA,NA,NA,NA,NA,1.64504860598664,NA,NA
800,800,46,"Adaptive Huber",0.265731209574898,131.59,20870553,20970553,21270553,NA,NA,NA,NA,NA,NA,NA,0.372759372031494,7.56775743020534,0.95
800,800,46,"Shrinkage",1.51020709898751,2.17999999999984,20870553,20970553,21370553,NA,NA,NA,NA,NA,NA,NA,0.418756536141156,5.86848420198644,0.98
1200,800,46,"TS-RIGHT",0.182716967231397,8.0300000000002,20880553,20980553,21080553,"TS_n1200_h069793c2",0.5,150,8,76,0.02,NA,NA,NA,NA
1200,800,46,"IHT",0.550693959447292,3.42000000000007,20880553,20980553,NA,"IHT_n1200_h2051495b",NA,NA,NA,NA,0.01,200,NA,NA,NA
1200,800,46,"Lasso",0.602886251794781,3.94000000000005,20880553,20980553,21180553,NA,NA,NA,NA,NA,NA,NA,0.899667195964327,NA,NA
1200,800,46,"Adaptive Huber",0.257640407816441,201.1,20880553,20980553,21280553,NA,NA,NA,NA,NA,NA,NA,0.372759372031494,6.35433356599354,0.95
1200,800,46,"Shrinkage",0.935357541868736,3.72000000000025,20880553,20980553,21380553,NA,NA,NA,NA,NA,NA,NA,1.19131500117306,5.33652072822148,0.98
1600,800,46,"TS-RIGHT",0.202408143769784,6.92000000000007,20890553,20990553,21090553,"TS_n1600_h21db9f6b",0.5,150,8,76,0.02,NA,NA,NA,NA
1600,800,46,"IHT",0.243175741835608,4.73000000000002,20890553,20990553,NA,"IHT_n1600_h06b009d4",NA,NA,NA,NA,0.01,200,NA,NA,NA
1600,800,46,"Lasso",0.360609600842244,3.07999999999993,20890553,20990553,21190553,NA,NA,NA,NA,NA,NA,NA,0.413897417858134,NA,NA
1600,800,46,"Adaptive Huber",0.285256000024789,280.36,20890553,20990553,21290553,NA,NA,NA,NA,NA,NA,NA,0.372759372031494,6.37967763678918,0.95
1600,800,46,"Shrinkage",1.6390482925976,12.1599999999999,20890553,20990553,21390553,NA,NA,NA,NA,NA,NA,NA,0.81683160011409,3.47521328880805,0.95
2000,800,46,"TS-RIGHT",0.230011688025213,8.92000000000007,20900553,21000553,21100553,"TS_n2000_h06bee7e5",0.5,150,8,76,0.02,NA,NA,NA,NA
2000,800,46,"IHT",0.496412470962474,8.36000000000013,20900553,21000553,NA,"IHT_n2000_h371ec77d",NA,NA,NA,NA,0.01,200,NA,NA,NA
2000,800,46,"Lasso",0.50128994578978,6.77999999999975,20900553,21000553,21200553,NA,NA,NA,NA,NA,NA,NA,0.703668368745403,NA,NA
2000,800,46,"Adaptive Huber",0.217229145389219,359.48,20900553,21000553,21300553,NA,NA,NA,NA,NA,NA,NA,0.372759372031494,7.1535930569945,0.95
2000,800,46,"Shrinkage",0.722436757017874,14.5799999999999,20900553,21000553,21400553,NA,NA,NA,NA,NA,NA,NA,1.00335670443648,5.15449029305964,0.98
2400,800,46,"TS-RIGHT",0.226049922189471,8.76999999999998,20910553,21010553,21110553,"TS_n2400_h2202f38e",0.5,150,8,76,0.02,NA,NA,NA,NA
2400,800,46,"IHT",0.28424248810227,9.86999999999989,20910553,21010553,NA,"IHT_n2400_h1d7d87f6",NA,NA,NA,NA,0.01,200,NA,NA,NA
2400,800,46,"Lasso",0.391778305093024,5.51999999999998,20910553,21010553,21210553,NA,NA,NA,NA,NA,NA,NA,0.374996408258042,NA,NA
2400,800,46,"Adaptive Huber",0.173386085630061,420.61,20910553,21010553,21310553,NA,NA,NA,NA,NA,NA,NA,0.138949549437314,6.2473930489411,0.95
2400,800,46,"Shrinkage",1.26830517045845,16.7799999999997,20910553,21010553,21410553,NA,NA,NA,NA,NA,NA,NA,0.606143997072126,3.56044712048915,0.95
800,800,47,"TS-RIGHT",0.363737129282498,8.36000000000013,20870554,20970554,21070554,"TS_n800_h155f087a",0.5,200,8,101,0.02,NA,NA,NA,NA
800,800,47,"IHT",0.430850570272616,2.4699999999998,20870554,20970554,NA,"IHT_n800_h17021d83",NA,NA,NA,NA,0.01,200,NA,NA,NA
800,800,47,"Lasso",0.566066906702418,0.659999999999854,20870554,20970554,21170554,NA,NA,NA,NA,NA,NA,NA,0.483707922272089,NA,NA
800,800,47,"Adaptive Huber",0.422533911778676,124.67,20870554,20970554,21270554,NA,NA,NA,NA,NA,NA,NA,0.372759372031494,5.57155135567976,0.95
800,800,47,"Shrinkage",1.21397113726048,1.17000000000007,20870554,20970554,21370554,NA,NA,NA,NA,NA,NA,NA,0.525310149377175,5.37874108169702,0.98
1200,800,47,"TS-RIGHT",0.31773055432979,6.85999999999967,20880554,20980554,21080554,"TS_n1200_h069793c2",0.5,150,8,76,0.02,NA,NA,NA,NA
1200,800,47,"IHT",5.02666393629065,3.90999999999985,20880554,20980554,NA,"IHT_n1200_h2051495b",NA,NA,NA,NA,0.01,200,NA,NA,NA
1200,800,47,"Lasso",5.39777741716655,17.0999999999999,20880554,20980554,21180554,NA,NA,NA,NA,NA,NA,NA,8.76945445947369,NA,NA
1200,800,47,"Adaptive Huber",0.335480420853231,216.89,20880554,20980554,21280554,NA,NA,NA,NA,NA,NA,NA,0.372759372031494,21.472829773984,0.95
1200,800,47,"Shrinkage",1.06201217156898,4.55999999999995,20880554,20980554,21380554,NA,NA,NA,NA,NA,NA,NA,1.26371219884669,6.04568777684786,0.98
1600,800,47,"TS-RIGHT",0.241823652253912,7.61000000000013,20890554,20990554,21090554,"TS_n1600_h21db9f6b",0.5,150,8,76,0.02,NA,NA,NA,NA
1600,800,47,"IHT",0.290419325062271,5.44999999999982,20890554,20990554,NA,"IHT_n1600_h06b009d4",NA,NA,NA,NA,0.01,200,NA,NA,NA
1600,800,47,"Lasso",0.481070912848681,4.4699999999998,20890554,20990554,21190554,NA,NA,NA,NA,NA,NA,NA,0.456932007158459,NA,NA
1600,800,47,"Adaptive Huber",0.277975227977643,281.99,20890554,20990554,21290554,NA,NA,NA,NA,NA,NA,NA,0.138949549437314,6.18617428452059,0.95
1600,800,47,"Shrinkage",1.25423096909352,13.0800000000004,20890554,20990554,21390554,NA,NA,NA,NA,NA,NA,NA,0.666105412832608,3.45310712942149,0.95
2000,800,47,"TS-RIGHT",0.241105577080671,8.19999999999982,20900554,21000554,21100554,"TS_n2000_h06bee7e5",0.5,150,8,76,0.02,NA,NA,NA,NA
2000,800,47,"IHT",0.983444124204604,6.94000000000005,20900554,21000554,NA,"IHT_n2000_h371ec77d",NA,NA,NA,NA,0.01,200,NA,NA,NA
2000,800,47,"Lasso",1.06516691082212,5.74000000000024,20900554,21000554,21200554,NA,NA,NA,NA,NA,NA,NA,1.82418958174087,NA,NA
2000,800,47,"Adaptive Huber",0.168449373668966,360.09,20900554,21000554,21300554,NA,NA,NA,NA,NA,NA,NA,0.372759372031494,8.95789830332031,0.95
2000,800,47,"Shrinkage",1.22671919665292,14.5,20900554,21000554,21400554,NA,NA,NA,NA,NA,NA,NA,0.853048490663722,3.60206374081084,0.95
2400,800,47,"TS-RIGHT",0.143554713015773,9.43000000000029,20910554,21010554,21110554,"TS_n2400_h2202f38e",0.5,150,8,76,0.02,NA,NA,NA,NA
2400,800,47,"IHT",0.66710095009908,9.84999999999991,20910554,21010554,NA,"IHT_n2400_h1d7d87f6",NA,NA,NA,NA,0.01,200,NA,NA,NA
2400,800,47,"Lasso",0.701702622588782,8.13999999999987,20910554,21010554,21210554,NA,NA,NA,NA,NA,NA,NA,0.994238292897598,NA,NA
2400,800,47,"Adaptive Huber",0.164796163907387,451.42,20910554,21010554,21310554,NA,NA,NA,NA,NA,NA,NA,0.138949549437314,7.2102546334955,0.95
2400,800,47,"Shrinkage",0.5851802529468,14.8800000000001,20910554,21010554,21410554,NA,NA,NA,NA,NA,NA,NA,0.755151162560641,5.51900622602033,0.98
800,800,48,"TS-RIGHT",0.428762488061377,8.67000000000007,20870555,20970555,21070555,"TS_n800_h155f087a",0.5,200,8,101,0.02,NA,NA,NA,NA
800,800,48,"IHT",0.490823140706703,2.40999999999985,20870555,20970555,NA,"IHT_n800_h17021d83",NA,NA,NA,NA,0.01,200,NA,NA,NA
800,800,48,"Lasso",0.553821193840153,0.559999999999945,20870555,20970555,21170555,NA,NA,NA,NA,NA,NA,NA,0.696856824164668,NA,NA
800,800,48,"Adaptive Huber",0.397218958569516,120.87,20870555,20970555,21270555,NA,NA,NA,NA,NA,NA,NA,0.138949549437314,4.92916892528367,0.95
800,800,48,"Shrinkage",1.86665240374933,1.27999999999975,20870555,20970555,21370555,NA,NA,NA,NA,NA,NA,NA,0.596937557093045,3.42097538202506,0.95
1200,800,48,"TS-RIGHT",0.322681087679975,8.69000000000005,20880555,20980555,21080555,"TS_n1200_h069793c2",0.5,150,8,76,0.02,NA,NA,NA,NA
1200,800,48,"IHT",0.283688432921643,3.84000000000015,20880555,20980555,NA,"IHT_n1200_h2051495b",NA,NA,NA,NA,0.01,200,NA,NA,NA
1200,800,48,"Lasso",0.436408626198155,4,20880555,20980555,21180555,NA,NA,NA,NA,NA,NA,NA,0.537625172876053,NA,NA
1200,800,48,"Adaptive Huber",0.189643011902158,197.28,20880555,20980555,21280555,NA,NA,NA,NA,NA,NA,NA,0.138949549437314,3.42908478722793,0.9
1200,800,48,"Shrinkage",1.33254146774499,3.98000000000002,20880555,20980555,21380555,NA,NA,NA,NA,NA,NA,NA,0.851177950471623,3.48062768107515,0.95
1600,800,48,"TS-RIGHT",0.272113265520092,8.63999999999987,20890555,20990555,21090555,"TS_n1600_h21db9f6b",0.5,150,8,76,0.02,NA,NA,NA,NA
1600,800,48,"IHT",0.416175224321532,6.5,20890555,20990555,NA,"IHT_n1600_h06b009d4",NA,NA,NA,NA,0.01,200,NA,NA,NA
1600,800,48,"Lasso",0.352059841377169,5.45000000000027,20890555,20990555,21190555,NA,NA,NA,NA,NA,NA,NA,0.605954481522976,NA,NA
1600,800,48,"Adaptive Huber",0.231657249991929,284.03,20890555,20990555,21290555,NA,NA,NA,NA,NA,NA,NA,0.372759372031494,5.90122846249877,0.95
1600,800,48,"Shrinkage",0.661521923372711,12.6600000000003,20890555,20990555,21390555,NA,NA,NA,NA,NA,NA,NA,0.854825088326407,5.54336206527512,0.98
2000,800,48,"TS-RIGHT",0.223485805681997,9.58999999999969,20900555,21000555,21100555,"TS_n2000_h06bee7e5",0.5,150,8,76,0.02,NA,NA,NA,NA
2000,800,48,"IHT",5.18452731243553,6.63000000000011,20900555,21000555,NA,"IHT_n2000_h371ec77d",NA,NA,NA,NA,0.01,200,NA,NA,NA
2000,800,48,"Lasso",0.252294325891222,3.79999999999973,20900555,21000555,21200555,NA,NA,NA,NA,NA,NA,NA,0.331079726111257,NA,NA
2000,800,48,"Adaptive Huber",0.212217271527407,354.89,20900555,21000555,21300555,NA,NA,NA,NA,NA,NA,NA,0.372759372031494,5.28238447357845,0.95
2000,800,48,"Shrinkage",1.34847392391002,14.23,20900555,21000555,21400555,NA,NA,NA,NA,NA,NA,NA,0.345772123764624,5.29507090747495,0.98
2400,800,48,"TS-RIGHT",0.178152002087128,8.32000000000016,20910555,21010555,21110555,"TS_n2400_h2202f38e",0.5,150,8,76,0.02,NA,NA,NA,NA
2400,800,48,"IHT",0.281942458034026,8.32999999999993,20910555,21010555,NA,"IHT_n2400_h1d7d87f6",NA,NA,NA,NA,0.01,200,NA,NA,NA
2400,800,48,"Lasso",0.348921970619823,5.71000000000004,20910555,21010555,21210555,NA,NA,NA,NA,NA,NA,NA,0.331252202476249,NA,NA
2400,800,48,"Adaptive Huber",0.321107275640965,443.27,20910555,21010555,21310555,NA,NA,NA,NA,NA,NA,NA,0.372759372031494,6.20271419576605,0.95
2400,800,48,"Shrinkage",0.980654693412903,13.6599999999999,20910555,21010555,21410555,NA,NA,NA,NA,NA,NA,NA,0.445420104055453,5.1324959160645,0.98
800,800,49,"TS-RIGHT",0.269983321152521,8.70000000000027,20870556,20970556,21070556,"TS_n800_h155f087a",0.5,200,8,101,0.02,NA,NA,NA,NA
800,800,49,"IHT",0.426478496353922,2.62999999999965,20870556,20970556,NA,"IHT_n800_h17021d83",NA,NA,NA,NA,0.01,200,NA,NA,NA
800,800,49,"Lasso",0.3049486117886,0.610000000000127,20870556,20970556,21170556,NA,NA,NA,NA,NA,NA,NA,0.819947887078645,NA,NA
800,800,49,"Adaptive Huber",0.142063070148202,124.74,20870556,20970556,21270556,NA,NA,NA,NA,NA,NA,NA,0.372759372031494,5.83463984783644,0.95
800,800,49,"Shrinkage",2.32677289309894,1.47000000000025,20870556,20970556,21370556,NA,NA,NA,NA,NA,NA,NA,1.4142713641013,3.73522613447655,0.95
1200,800,49,"TS-RIGHT",0.25188952044447,7.59000000000015,20880556,20980556,21080556,"TS_n1200_h069793c2",0.5,150,8,76,0.02,NA,NA,NA,NA
1200,800,49,"IHT",0.422463637377449,4.7199999999998,20880556,20980556,NA,"IHT_n1200_h2051495b",NA,NA,NA,NA,0.01,200,NA,NA,NA
1200,800,49,"Lasso",0.522125093121942,3.97000000000025,20880556,20980556,21180556,NA,NA,NA,NA,NA,NA,NA,0.67836898143845,NA,NA
1200,800,49,"Adaptive Huber",0.279016571779169,207.31,20880556,20980556,21280556,NA,NA,NA,NA,NA,NA,NA,0.372759372031494,4.36249993349273,0.9
1200,800,49,"Shrinkage",1.26209395525117,4.48000000000002,20880556,20980556,21380556,NA,NA,NA,NA,NA,NA,NA,0.612833309624981,5.49691788263518,0.98
1600,800,49,"TS-RIGHT",0.178082189749566,7.44000000000005,20890556,20990556,21090556,"TS_n1600_h21db9f6b",0.5,150,8,76,0.02,NA,NA,NA,NA
1600,800,49,"IHT",0.932810768105678,4.82000000000016,20890556,20990556,NA,"IHT_n1600_h06b009d4",NA,NA,NA,NA,0.01,200,NA,NA,NA
1600,800,49,"Lasso",0.277255462843863,2.82000000000016,20890556,20990556,21190556,NA,NA,NA,NA,NA,NA,NA,0.325104946713123,NA,NA
1600,800,49,"Adaptive Huber",0.209847060651823,286.82,20890556,20990556,21290556,NA,NA,NA,NA,NA,NA,NA,0.372759372031494,5.9912247857853,0.95
1600,800,49,"Shrinkage",0.892780400609003,12.8400000000001,20890556,20990556,21390556,NA,NA,NA,NA,NA,NA,NA,0.510235375726735,5.29823023124133,0.98
2000,800,49,"TS-RIGHT",0.191775177044846,7.92000000000007,20900556,21000556,21100556,"TS_n2000_h06bee7e5",0.5,150,8,76,0.02,NA,NA,NA,NA
2000,800,49,"IHT",0.554426464772028,8.2800000000002,20900556,21000556,NA,"IHT_n2000_h371ec77d",NA,NA,NA,NA,0.01,200,NA,NA,NA
2000,800,49,"Lasso",0.433893959151786,5.57999999999993,20900556,21000556,21200556,NA,NA,NA,NA,NA,NA,NA,0.743620484454093,NA,NA
2000,800,49,"Adaptive Huber",0.215801027942579,365.78,20900556,21000556,21300556,NA,NA,NA,NA,NA,NA,NA,0.372759372031494,7.01236153248188,0.95
2000,800,49,"Shrinkage",1.0134473175228,12.8000000000002,20900556,21000556,21400556,NA,NA,NA,NA,NA,NA,NA,0.598498483131865,3.63335476549641,0.95
2400,800,49,"TS-RIGHT",0.128182056499669,8.09999999999991,20910556,21010556,21110556,"TS_n2400_h2202f38e",0.5,150,8,76,0.02,NA,NA,NA,NA
2400,800,49,"IHT",0.479080473314611,9.03999999999996,20910556,21010556,NA,"IHT_n2400_h1d7d87f6",NA,NA,NA,NA,0.01,200,NA,NA,NA
2400,800,49,"Lasso",0.492037755262672,6.24000000000024,20910556,21010556,21210556,NA,NA,NA,NA,NA,NA,NA,0.821861847778155,NA,NA
2400,800,49,"Adaptive Huber",0.106568780779285,434.18,20910556,21010556,21310556,NA,NA,NA,NA,NA,NA,NA,0.138949549437314,6.04406400507031,0.95
2400,800,49,"Shrinkage",0.917455894864304,14.7199999999998,20910556,21010556,21410556,NA,NA,NA,NA,NA,NA,NA,0.618871524262083,5.43520943858427,0.98
800,800,50,"TS-RIGHT",0.367481191344066,8.81999999999971,20870557,20970557,21070557,"TS_n800_h155f087a",0.5,200,8,101,0.02,NA,NA,NA,NA
800,800,50,"IHT",0.214957254907905,2.20000000000027,20870557,20970557,NA,"IHT_n800_h17021d83",NA,NA,NA,NA,0.01,200,NA,NA,NA
800,800,50,"Lasso",0.307214805059271,0.420000000000073,20870557,20970557,21170557,NA,NA,NA,NA,NA,NA,NA,0.480953515924428,NA,NA
800,800,50,"Adaptive Huber",0.248593068952575,121.91,20870557,20970557,21270557,NA,NA,NA,NA,NA,NA,NA,0.372759372031494,9.9277344357595,0.98
800,800,50,"Shrinkage",1.34538991011543,1.19999999999982,20870557,20970557,21370557,NA,NA,NA,NA,NA,NA,NA,0.96977557973571,6.0611280521315,0.98
1200,800,50,"TS-RIGHT",0.293728717412592,6.80999999999995,20880557,20980557,21080557,"TS_n1200_h069793c2",0.5,150,8,76,0.02,NA,NA,NA,NA
1200,800,50,"IHT",0.344949655419555,3.78999999999996,20880557,20980557,NA,"IHT_n1200_h2051495b",NA,NA,NA,NA,0.01,200,NA,NA,NA
1200,800,50,"Lasso",0.492983864249848,3.13000000000011,20880557,20980557,21180557,NA,NA,NA,NA,NA,NA,NA,0.544593490426639,NA,NA
1200,800,50,"Adaptive Huber",0.324378627189453,203.22,20880557,20980557,21280557,NA,NA,NA,NA,NA,NA,NA,0.372759372031494,5.60560486750683,0.95
1200,800,50,"Shrinkage",1.69862069331516,4.09000000000015,20880557,20980557,21380557,NA,NA,NA,NA,NA,NA,NA,0.935987867057783,3.5831217483613,0.95
1600,800,50,"TS-RIGHT",0.134175144051777,6.92000000000007,20890557,20990557,21090557,"TS_n1600_h21db9f6b",0.5,150,8,76,0.02,NA,NA,NA,NA
1600,800,50,"IHT",0.232457704278174,5.30999999999995,20890557,20990557,NA,"IHT_n1600_h06b009d4",NA,NA,NA,NA,0.01,200,NA,NA,NA
1600,800,50,"Lasso",0.294831857354971,4.49000000000024,20890557,20990557,21190557,NA,NA,NA,NA,NA,NA,NA,0.40752629948442,NA,NA
1600,800,50,"Adaptive Huber",0.233819227132255,287.5,20890557,20990557,21290557,NA,NA,NA,NA,NA,NA,NA,0.372759372031494,5.44056636849766,0.95
1600,800,50,"Shrinkage",1.22665653271898,12.5099999999998,20890557,20990557,21390557,NA,NA,NA,NA,NA,NA,NA,0.957783082764597,5.84405467986953,0.98
2000,800,50,"TS-RIGHT",0.222818208011399,8.44000000000005,20900557,21000557,21100557,"TS_n2000_h06bee7e5",0.5,150,8,76,0.02,NA,NA,NA,NA
2000,800,50,"IHT",0.388646589094284,6.41999999999962,20900557,21000557,NA,"IHT_n2000_h371ec77d",NA,NA,NA,NA,0.01,200,NA,NA,NA
2000,800,50,"Lasso",0.653003444636024,6.05000000000018,20900557,21000557,21200557,NA,NA,NA,NA,NA,NA,NA,0.822660866919349,NA,NA
2000,800,50,"Adaptive Huber",0.258330305879408,369.78,20900557,21000557,21300557,NA,NA,NA,NA,NA,NA,NA,0.372759372031494,6.94381004687741,0.95
2000,800,50,"Shrinkage",1.18619007867475,16.0300000000002,20900557,21000557,21400557,NA,NA,NA,NA,NA,NA,NA,0.785938827956555,3.55069202456322,0.95
2400,800,50,"TS-RIGHT",0.144514072544098,8.26999999999998,20910557,21010557,21110557,"TS_n2400_h2202f38e",0.5,150,8,76,0.02,NA,NA,NA,NA
2400,800,50,"IHT",1.20433632083101e+66,7.51000000000022,20910557,21010557,NA,"IHT_n2400_h1d7d87f6",NA,NA,NA,NA,0.01,200,NA,NA,NA
2400,800,50,"Lasso",0.325395918557877,4.94999999999982,20910557,21010557,21210557,NA,NA,NA,NA,NA,NA,NA,0.510087159090541,NA,NA
2400,800,50,"Adaptive Huber",0.182580390304586,420.49,20910557,21010557,21310557,NA,NA,NA,NA,NA,NA,NA,0.372759372031494,6.03752450433439,0.95
2400,800,50,"Shrinkage",0.699848807880688,16.7200000000003,20910557,21010557,21410557,NA,NA,NA,NA,NA,NA,NA,0.724257578064038,3.63483728048613,0.95
800,800,51,"TS-RIGHT",3.74710081455104,9.05999999999995,20870558,20970558,21070558,"TS_n800_h155f087a",0.5,200,8,101,0.02,NA,NA,NA,NA
800,800,51,"IHT",0.546585501360996,2.65000000000009,20870558,20970558,NA,"IHT_n800_h17021d83",NA,NA,NA,NA,0.01,200,NA,NA,NA
800,800,51,"Lasso",0.713482786397309,0.800000000000182,20870558,20970558,21170558,NA,NA,NA,NA,NA,NA,NA,0.568747006970066,NA,NA
800,800,51,"Adaptive Huber",0.37158421120418,126.89,20870558,20970558,21270558,NA,NA,NA,NA,NA,NA,NA,0.372759372031494,6.22599387375061,0.95
800,800,51,"Shrinkage",1.37883380144316,1.23000000000002,20870558,20970558,21370558,NA,NA,NA,NA,NA,NA,NA,0.945962900061576,3.52976136046787,0.95
1200,800,51,"TS-RIGHT",0.161021502030847,7.33999999999969,20880558,20980558,21080558,"TS_n1200_h069793c2",0.5,150,8,76,0.02,NA,NA,NA,NA
1200,800,51,"IHT",0.342692821054427,4.0300000000002,20880558,20980558,NA,"IHT_n1200_h2051495b",NA,NA,NA,NA,0.01,200,NA,NA,NA
1200,800,51,"Lasso",0.262826408430998,2.51999999999998,20880558,20980558,21180558,NA,NA,NA,NA,NA,NA,NA,0.343792341748836,NA,NA
1200,800,51,"Adaptive Huber",0.224651423188158,207.91,20880558,20980558,21280558,NA,NA,NA,NA,NA,NA,NA,0.372759372031494,4.53347060677243,0.95
1200,800,51,"Shrinkage",0.929817994610686,3.17000000000007,20880558,20980558,21380558,NA,NA,NA,NA,NA,NA,NA,0.592934145565002,5.27491059191816,0.98
1600,800,51,"TS-RIGHT",0.252599930408793,7.94000000000005,20890558,20990558,21090558,"TS_n1600_h21db9f6b",0.5,150,8,76,0.02,NA,NA,NA,NA
1600,800,51,"IHT",0.265517005474049,5.9699999999998,20890558,20990558,NA,"IHT_n1600_h06b009d4",NA,NA,NA,NA,0.01,200,NA,NA,NA
1600,800,51,"Lasso",0.46555298594458,3.19999999999982,20890558,20990558,21190558,NA,NA,NA,NA,NA,NA,NA,0.486632630177695,NA,NA
1600,800,51,"Adaptive Huber",0.298288305079668,283.86,20890558,20990558,21290558,NA,NA,NA,NA,NA,NA,NA,0.138949549437314,6.09444005061256,0.95
1600,800,51,"Shrinkage",1.06463302543148,13.48,20890558,20990558,21390558,NA,NA,NA,NA,NA,NA,NA,0.905805877198806,5.27605343883153,0.98
2000,800,51,"TS-RIGHT",0.201229873556505,9.84999999999991,20900558,21000558,21100558,"TS_n2000_h06bee7e5",0.5,150,8,76,0.02,NA,NA,NA,NA
2000,800,51,"IHT",0.431695880291246,7.54999999999973,20900558,21000558,NA,"IHT_n2000_h371ec77d",NA,NA,NA,NA,0.01,200,NA,NA,NA
2000,800,51,"Lasso",0.566465205684384,6.09000000000015,20900558,21000558,21200558,NA,NA,NA,NA,NA,NA,NA,0.507416719478888,NA,NA
2000,800,51,"Adaptive Huber",0.330651250477206,359.37,20900558,21000558,21300558,NA,NA,NA,NA,NA,NA,NA,0.372759372031494,6.16300100396168,0.95
2000,800,51,"Shrinkage",0.858167125002022,16.1000000000004,20900558,21000558,21400558,NA,NA,NA,NA,NA,NA,NA,0.653808507851668,5.08195791279415,0.98
2400,800,51,"TS-RIGHT",0.196544681339929,9.65000000000009,20910558,21010558,21110558,"TS_n2400_h2202f38e",0.5,150,8,76,0.02,NA,NA,NA,NA
2400,800,51,"IHT",0.270972492591037,9.92999999999984,20910558,21010558,NA,"IHT_n2400_h1d7d87f6",NA,NA,NA,NA,0.01,200,NA,NA,NA
2400,800,51,"Lasso",0.333735516499862,4.75,20910558,21010558,21210558,NA,NA,NA,NA,NA,NA,NA,0.46885431777045,NA,NA
2400,800,51,"Adaptive Huber",0.188000403907456,417.9,20910558,21010558,21310558,NA,NA,NA,NA,NA,NA,NA,0.372759372031494,6.11706122077416,0.95
2400,800,51,"Shrinkage",0.854212721502354,14.3800000000001,20910558,21010558,21410558,NA,NA,NA,NA,NA,NA,NA,0.702970181141231,5.44237158804384,0.98
800,800,52,"TS-RIGHT",0.343093731952591,8.84000000000015,20870559,20970559,21070559,"TS_n800_h155f087a",0.5,200,8,101,0.02,NA,NA,NA,NA
800,800,52,"IHT",0.697347685011589,2.92000000000007,20870559,20970559,NA,"IHT_n800_h17021d83",NA,NA,NA,NA,0.01,200,NA,NA,NA
800,800,52,"Lasso",1.00666700164887,1.13999999999987,20870559,20970559,21170559,NA,NA,NA,NA,NA,NA,NA,1.16340134230591,NA,NA
800,800,52,"Adaptive Huber",0.414192451764371,123.84,20870559,20970559,21270559,NA,NA,NA,NA,NA,NA,NA,0.138949549437314,4.44676463937749,0.9
800,800,52,"Shrinkage",1.19826182339471,1.25,20870559,20970559,21370559,NA,NA,NA,NA,NA,NA,NA,0.525284701265116,3.21237100742719,0.95
1200,800,52,"TS-RIGHT",0.273013097550271,7.95000000000027,20880559,20980559,21080559,"TS_n1200_h069793c2",0.5,150,8,76,0.02,NA,NA,NA,NA
1200,800,52,"IHT",0.343983276884777,3.57999999999993,20880559,20980559,NA,"IHT_n1200_h2051495b",NA,NA,NA,NA,0.01,200,NA,NA,NA
1200,800,52,"Lasso",0.340553228620568,2.48999999999978,20880559,20980559,21180559,NA,NA,NA,NA,NA,NA,NA,0.597230826452684,NA,NA
1200,800,52,"Adaptive Huber",0.215130289558876,208.83,20880559,20980559,21280559,NA,NA,NA,NA,NA,NA,NA,0.372759372031494,5.86623070210498,0.95
1200,800,52,"Shrinkage",0.829942153257407,3.75,20880559,20980559,21380559,NA,NA,NA,NA,NA,NA,NA,0.752019827319061,5.32158700656786,0.98
1600,800,52,"TS-RIGHT",0.219004271213822,8.15000000000009,20890559,20990559,21090559,"TS_n1600_h21db9f6b",0.5,150,8,76,0.02,NA,NA,NA,NA
1600,800,52,"IHT",0.302853663556051,6.34999999999991,20890559,20990559,NA,"IHT_n1600_h06b009d4",NA,NA,NA,NA,0.01,200,NA,NA,NA
1600,800,52,"Lasso",0.362797830268886,4.44999999999982,20890559,20990559,21190559,NA,NA,NA,NA,NA,NA,NA,0.548255011449202,NA,NA
1600,800,52,"Adaptive Huber",0.231756925387329,287.63,20890559,20990559,21290559,NA,NA,NA,NA,NA,NA,NA,0.372759372031494,5.73332500855822,0.95
1600,800,52,"Shrinkage",1.53677867827106,13.3099999999999,20890559,20990559,21390559,NA,NA,NA,NA,NA,NA,NA,0.870565572418289,5.31028329400019,0.98
2000,800,52,"TS-RIGHT",0.142447507627066,8.30999999999995,20900559,21000559,21100559,"TS_n2000_h06bee7e5",0.5,150,8,76,0.02,NA,NA,NA,NA
2000,800,52,"IHT",1.80498389658043e+30,7.32999999999993,20900559,21000559,NA,"IHT_n2000_h371ec77d",NA,NA,NA,NA,0.01,200,NA,NA,NA
2000,800,52,"Lasso",0.608812713191942,4.05999999999995,20900559,21000559,21200559,NA,NA,NA,NA,NA,NA,NA,0.676060684085508,NA,NA
2000,800,52,"Adaptive Huber",0.141299777923551,361.78,20900559,21000559,21300559,NA,NA,NA,NA,NA,NA,NA,0.138949549437314,3.87701884939335,0.9
2000,800,52,"Shrinkage",1.51961608752669,12.6799999999998,20900559,21000559,21400559,NA,NA,NA,NA,NA,NA,NA,0.77694243389771,3.66107306980966,0.95
2400,800,52,"TS-RIGHT",0.305306432323043,9.25,20910559,21010559,21110559,"TS_n2400_h2202f38e",0.5,150,8,76,0.02,NA,NA,NA,NA
2400,800,52,"IHT",0.46691378018083,8.23000000000002,20910559,21010559,NA,"IHT_n2400_h1d7d87f6",NA,NA,NA,NA,0.01,200,NA,NA,NA
2400,800,52,"Lasso",0.601685899972492,6.2800000000002,20910559,21010559,21210559,NA,NA,NA,NA,NA,NA,NA,0.959834728315958,NA,NA
2400,800,52,"Adaptive Huber",0.187100913201801,434.88,20910559,21010559,21310559,NA,NA,NA,NA,NA,NA,NA,0.138949549437314,6.90318098005904,0.95
2400,800,52,"Shrinkage",1.07495905235444,13.7600000000002,20910559,21010559,21410559,NA,NA,NA,NA,NA,NA,NA,0.512019307165737,3.54175703158302,0.95
800,800,53,"TS-RIGHT",0.283234035734215,8.51999999999998,20870560,20970560,21070560,"TS_n800_h155f087a",0.5,200,8,101,0.02,NA,NA,NA,NA
800,800,53,"IHT",0.543957937215984,2.88999999999987,20870560,20970560,NA,"IHT_n800_h17021d83",NA,NA,NA,NA,0.01,200,NA,NA,NA
800,800,53,"Lasso",0.659643447270805,1.38000000000011,20870560,20970560,21170560,NA,NA,NA,NA,NA,NA,NA,0.803109852169278,NA,NA
800,800,53,"Adaptive Huber",0.32586811569665,126.13,20870560,20970560,21270560,NA,NA,NA,NA,NA,NA,NA,0.372759372031494,4.31001477231766,0.9
800,800,53,"Shrinkage",1.54493852608879,1.2800000000002,20870560,20970560,21370560,NA,NA,NA,NA,NA,NA,NA,1.14533124988927,5.60506718642573,0.98
1200,800,53,"TS-RIGHT",0.268691362749254,7.45000000000027,20880560,20980560,21080560,"TS_n1200_h069793c2",0.5,150,8,76,0.02,NA,NA,NA,NA
1200,800,53,"IHT",0.371081223984512,3.76999999999998,20880560,20980560,NA,"IHT_n1200_h2051495b",NA,NA,NA,NA,0.01,200,NA,NA,NA
1200,800,53,"Lasso",0.430727648571901,3.61000000000013,20880560,20980560,21180560,NA,NA,NA,NA,NA,NA,NA,0.417185379795108,NA,NA
1200,800,53,"Adaptive Huber",0.329823170595477,208.62,20880560,20980560,21280560,NA,NA,NA,NA,NA,NA,NA,0.372759372031494,6.11256604042967,0.95
1200,800,53,"Shrinkage",1.26562779880017,4.67999999999984,20880560,20980560,21380560,NA,NA,NA,NA,NA,NA,NA,0.999094052829111,5.30041790884927,0.98
1600,800,53,"TS-RIGHT",0.160152149246227,7.88999999999987,20890560,20990560,21090560,"TS_n1600_h21db9f6b",0.5,150,8,76,0.02,NA,NA,NA,NA
1600,800,53,"IHT",0.340436598466911,6.44000000000005,20890560,20990560,NA,"IHT_n1600_h06b009d4",NA,NA,NA,NA,0.01,200,NA,NA,NA
1600,800,53,"Lasso",0.352001487982876,5.39000000000033,20890560,20990560,21190560,NA,NA,NA,NA,NA,NA,NA,0.602423163901052,NA,NA
1600,800,53,"Adaptive Huber",0.252989306787251,281.85,20890560,20990560,21290560,NA,NA,NA,NA,NA,NA,NA,0.372759372031494,5.55553351313384,0.95
1600,800,53,"Shrinkage",1.33053284762622,13.6500000000001,20890560,20990560,21390560,NA,NA,NA,NA,NA,NA,NA,1.04210887769255,5.40004522702717,0.98
2000,800,53,"TS-RIGHT",0.231245548736619,9.32999999999993,20900560,21000560,21100560,"TS_n2000_h06bee7e5",0.5,150,8,76,0.02,NA,NA,NA,NA
2000,800,53,"IHT",0.477126959574408,6.34000000000015,20900560,21000560,NA,"IHT_n2000_h371ec77d",NA,NA,NA,NA,0.01,200,NA,NA,NA
2000,800,53,"Lasso",0.579688986509848,4.4699999999998,20900560,21000560,21200560,NA,NA,NA,NA,NA,NA,NA,0.691529671798003,NA,NA
2000,800,53,"Adaptive Huber",0.253867078154986,362.44,20900560,21000560,21300560,NA,NA,NA,NA,NA,NA,NA,0.372759372031494,6.40789721292243,0.95
2000,800,53,"Shrinkage",1.2340535801032,13.5,20900560,21000560,21400560,NA,NA,NA,NA,NA,NA,NA,0.551172438883546,5.15051775858372,0.98
2400,800,53,"TS-RIGHT",0.235398467541293,8.64000000000033,20910560,21010560,21110560,"TS_n2400_h2202f38e",0.5,150,8,76,0.02,NA,NA,NA,NA
2400,800,53,"IHT",Inf,7.98000000000002,20910560,21010560,NA,"IHT_n2400_h1d7d87f6",NA,NA,NA,NA,0.01,200,NA,NA,NA
2400,800,53,"Lasso",0.775441614231697,11.75,20910560,21010560,21210560,NA,NA,NA,NA,NA,NA,NA,0.758813254679548,NA,NA
2400,800,53,"Adaptive Huber",0.284634890597182,444.71,20910560,21010560,21310560,NA,NA,NA,NA,NA,NA,NA,0.372759372031494,6.49722621339152,0.95
2400,800,53,"Shrinkage",0.896084630848451,15.98,20910560,21010560,21410560,NA,NA,NA,NA,NA,NA,NA,0.649511359569938,3.65437724760322,0.95
800,800,54,"TS-RIGHT",0.276921502603614,8.96000000000004,20870561,20970561,21070561,"TS_n800_h155f087a",0.5,200,8,101,0.02,NA,NA,NA,NA
800,800,54,"IHT",0.309931805425932,2.51999999999998,20870561,20970561,NA,"IHT_n800_h17021d83",NA,NA,NA,NA,0.01,200,NA,NA,NA
800,800,54,"Lasso",0.371841443473108,0.450000000000273,20870561,20970561,21170561,NA,NA,NA,NA,NA,NA,NA,0.325593998044242,NA,NA
800,800,54,"Adaptive Huber",0.292083282601997,126.25,20870561,20970561,21270561,NA,NA,NA,NA,NA,NA,NA,0.372759372031494,5.57780135888285,0.95
800,800,54,"Shrinkage",1.34534964527642,1.87999999999965,20870561,20970561,21370561,NA,NA,NA,NA,NA,NA,NA,0.225106308545538,5.36161972365694,0.98
1200,800,54,"TS-RIGHT",0.239070361166226,6.73000000000002,20880561,20980561,21080561,"TS_n1200_h069793c2",0.5,150,8,76,0.02,NA,NA,NA,NA
1200,800,54,"IHT",0.229738817067702,4.05000000000018,20880561,20980561,NA,"IHT_n1200_h2051495b",NA,NA,NA,NA,0.01,200,NA,NA,NA
1200,800,54,"Lasso",0.367380341898786,6.39999999999964,20880561,20980561,21180561,NA,NA,NA,NA,NA,NA,NA,0.510950080588262,NA,NA
1200,800,54,"Adaptive Huber",0.324523929052821,207.05,20880561,20980561,21280561,NA,NA,NA,NA,NA,NA,NA,0.372759372031494,6.4985200968659,0.95
1200,800,54,"Shrinkage",1.38924703003429,4.94999999999982,20880561,20980561,21380561,NA,NA,NA,NA,NA,NA,NA,0.414210150957451,3.41834390401239,0.95
1600,800,54,"TS-RIGHT",0.295976519673264,7.36999999999989,20890561,20990561,21090561,"TS_n1600_h21db9f6b",0.5,150,8,76,0.02,NA,NA,NA,NA
1600,800,54,"IHT",0.779895424303297,5.13000000000011,20890561,20990561,NA,"IHT_n1600_h06b009d4",NA,NA,NA,NA,0.01,200,NA,NA,NA
1600,800,54,"Lasso",0.958273946281671,6.27999999999975,20890561,20990561,21190561,NA,NA,NA,NA,NA,NA,NA,0.936185745056701,NA,NA
1600,800,54,"Adaptive Huber",0.228670267329597,286.87,20890561,20990561,21290561,NA,NA,NA,NA,NA,NA,NA,0.138949549437314,4.59168104568963,0.9
1600,800,54,"Shrinkage",1.46900271701504,13.6099999999997,20890561,20990561,21390561,NA,NA,NA,NA,NA,NA,NA,0.750025265761035,3.63667460460845,0.95
2000,800,54,"TS-RIGHT",0.129860160870411,7.95000000000027,20900561,21000561,21100561,"TS_n2000_h06bee7e5",0.5,150,8,76,0.02,NA,NA,NA,NA
2000,800,54,"IHT",0.327361466601776,6.88000000000011,20900561,21000561,NA,"IHT_n2000_h371ec77d",NA,NA,NA,NA,0.01,200,NA,NA,NA
2000,800,54,"Lasso",0.455628569758029,5.31999999999971,20900561,21000561,21200561,NA,NA,NA,NA,NA,NA,NA,0.595779018903125,NA,NA
2000,800,54,"Adaptive Huber",0.22972549331326,364.83,20900561,21000561,21300561,NA,NA,NA,NA,NA,NA,NA,0.372759372031494,6.33632614028308,0.95
2000,800,54,"Shrinkage",0.989698670138699,14.9900000000002,20900561,21000561,21400561,NA,NA,NA,NA,NA,NA,NA,0.833774227133989,5.58774917191637,0.98
2400,800,54,"TS-RIGHT",0.118618002729743,9.22000000000025,20910561,21010561,21110561,"TS_n2400_h2202f38e",0.5,150,8,76,0.02,NA,NA,NA,NA
2400,800,54,"IHT",0.221964737011945,9.10999999999967,20910561,21010561,NA,"IHT_n2400_h1d7d87f6",NA,NA,NA,NA,0.01,200,NA,NA,NA
2400,800,54,"Lasso",0.366730453436561,5.97000000000025,20910561,21010561,21210561,NA,NA,NA,NA,NA,NA,NA,0.59008781905681,NA,NA
2400,800,54,"Adaptive Huber",0.179124169845971,449.95,20910561,21010561,21310561,NA,NA,NA,NA,NA,NA,NA,0.372759372031494,5.90989669857332,0.95
2400,800,54,"Shrinkage",1.0827575552323,15.4200000000001,20910561,21010561,21410561,NA,NA,NA,NA,NA,NA,NA,0.738104332324782,5.57026482545125,0.98
800,800,55,"TS-RIGHT",0.274482550618375,9.09999999999991,20870562,20970562,21070562,"TS_n800_h155f087a",0.5,200,8,101,0.02,NA,NA,NA,NA
800,800,55,"IHT",2.44281478364463,2.42000000000007,20870562,20970562,NA,"IHT_n800_h17021d83",NA,NA,NA,NA,0.01,200,NA,NA,NA
800,800,55,"Lasso",6.06600693508863,7,20870562,20970562,21170562,NA,NA,NA,NA,NA,NA,NA,7.09591033656382,NA,NA
800,800,55,"Adaptive Huber",0.34693681917183,128.47,20870562,20970562,21270562,NA,NA,NA,NA,NA,NA,NA,0.372759372031494,15.7134663182805,0.9
800,800,55,"Shrinkage",1.53464402819106,1.50999999999976,20870562,20970562,21370562,NA,NA,NA,NA,NA,NA,NA,0.83730520161816,3.54585198601814,0.95
1200,800,55,"TS-RIGHT",0.184592452586811,7.67000000000007,20880562,20980562,21080562,"TS_n1200_h069793c2",0.5,150,8,76,0.02,NA,NA,NA,NA
1200,800,55,"IHT",0.234056305485107,4.09999999999991,20880562,20980562,NA,"IHT_n1200_h2051495b",NA,NA,NA,NA,0.01,200,NA,NA,NA
1200,800,55,"Lasso",0.310706673815509,4.57000000000016,20880562,20980562,21180562,NA,NA,NA,NA,NA,NA,NA,0.522085887911822,NA,NA
1200,800,55,"Adaptive Huber",0.251960982589868,210.25,20880562,20980562,21280562,NA,NA,NA,NA,NA,NA,NA,0.372759372031494,5.32850038474162,0.95
1200,800,55,"Shrinkage",1.55975396840874,4.23000000000002,20880562,20980562,21380562,NA,NA,NA,NA,NA,NA,NA,0.776328557409694,3.61965814821232,0.95
1600,800,55,"TS-RIGHT",0.15462845298161,8.54999999999973,20890562,20990562,21090562,"TS_n1600_h21db9f6b",0.5,150,8,76,0.02,NA,NA,NA,NA
1600,800,55,"IHT",0.469589472130714,6.5,20890562,20990562,NA,"IHT_n1600_h06b009d4",NA,NA,NA,NA,0.01,200,NA,NA,NA
1600,800,55,"Lasso",0.551215587582118,5.42000000000007,20890562,20990562,21190562,NA,NA,NA,NA,NA,NA,NA,0.673184530807741,NA,NA
1600,800,55,"Adaptive Huber",0.169034417874827,281.38,20890562,20990562,21290562,NA,NA,NA,NA,NA,NA,NA,0.138949549437314,6.02782300584908,0.95
1600,800,55,"Shrinkage",1.25825564238768,13.29,20890562,20990562,21390562,NA,NA,NA,NA,NA,NA,NA,0.717279979048648,4.97655607497453,0.98
2000,800,55,"TS-RIGHT",0.202042283354381,8.52999999999975,20900562,21000562,21100562,"TS_n2000_h06bee7e5",0.5,150,8,76,0.02,NA,NA,NA,NA
2000,800,55,"IHT",0.369345628290424,6.63999999999987,20900562,21000562,NA,"IHT_n2000_h371ec77d",NA,NA,NA,NA,0.01,200,NA,NA,NA
2000,800,55,"Lasso",0.294639952511591,3.84999999999991,20900562,21000562,21200562,NA,NA,NA,NA,NA,NA,NA,0.334499815943743,NA,NA
2000,800,55,"Adaptive Huber",0.170364216326006,366.2,20900562,21000562,21300562,NA,NA,NA,NA,NA,NA,NA,0.372759372031494,5.66975958256173,0.95
2000,800,55,"Shrinkage",1.24337636057422,13.2199999999998,20900562,21000562,21400562,NA,NA,NA,NA,NA,NA,NA,0.396782239807389,3.50670722724792,0.95
2400,800,55,"TS-RIGHT",0.132242731959638,8.2199999999998,20910562,21010562,21110562,"TS_n2400_h2202f38e",0.5,150,8,76,0.02,NA,NA,NA,NA
2400,800,55,"IHT",0.277346502496369,7.23000000000002,20910562,21010562,NA,"IHT_n2400_h1d7d87f6",NA,NA,NA,NA,0.01,200,NA,NA,NA
2400,800,55,"Lasso",0.237450152263712,5.36000000000013,20910562,21010562,21210562,NA,NA,NA,NA,NA,NA,NA,0.411088531065546,NA,NA
2400,800,55,"Adaptive Huber",0.171432612939676,435.31,20910562,21010562,21310562,NA,NA,NA,NA,NA,NA,NA,0.372759372031494,10.1206998578086,0.98
2400,800,55,"Shrinkage",0.851947295382164,15.4100000000003,20910562,21010562,21410562,NA,NA,NA,NA,NA,NA,NA,0.574889276588786,3.5568411880759,0.95
800,800,56,"TS-RIGHT",0.336598801392289,9.4399999999996,20870563,20970563,21070563,"TS_n800_h155f087a",0.5,200,8,101,0.02,NA,NA,NA,NA
800,800,56,"IHT",0.41107223433317,2.67999999999984,20870563,20970563,NA,"IHT_n800_h17021d83",NA,NA,NA,NA,0.01,200,NA,NA,NA
800,800,56,"Lasso",0.51683784870386,0.519999999999982,20870563,20970563,21170563,NA,NA,NA,NA,NA,NA,NA,0.493937957490338,NA,NA
800,800,56,"Adaptive Huber",0.327943069899201,123.89,20870563,20970563,21270563,NA,NA,NA,NA,NA,NA,NA,0.372759372031494,6.43340428701292,0.95
800,800,56,"Shrinkage",1.68433499097876,1.44000000000005,20870563,20970563,21370563,NA,NA,NA,NA,NA,NA,NA,0.835667575336505,3.46827034417222,0.95
1200,800,56,"TS-RIGHT",0.262659337832384,7.01999999999998,20880563,20980563,21080563,"TS_n1200_h069793c2",0.5,150,8,76,0.02,NA,NA,NA,NA
1200,800,56,"IHT",0.298434640559652,4.23000000000002,20880563,20980563,NA,"IHT_n1200_h2051495b",NA,NA,NA,NA,0.01,200,NA,NA,NA
1200,800,56,"Lasso",0.242536081770469,4.5,20880563,20980563,21180563,NA,NA,NA,NA,NA,NA,NA,0.467721483772749,NA,NA
1200,800,56,"Adaptive Huber",0.196270605493061,198.36,20880563,20980563,21280563,NA,NA,NA,NA,NA,NA,NA,0.372759372031494,5.26760818780142,0.95
1200,800,56,"Shrinkage",0.851199990199252,4.07999999999993,20880563,20980563,21380563,NA,NA,NA,NA,NA,NA,NA,0.790533442038029,5.43928324466943,0.98
1600,800,56,"TS-RIGHT",0.221051942931992,8.07999999999993,20890563,20990563,21090563,"TS_n1600_h21db9f6b",0.5,150,8,76,0.02,NA,NA,NA,NA
1600,800,56,"IHT",0.654551042831319,5.18000000000029,20890563,20990563,NA,"IHT_n1600_h06b009d4",NA,NA,NA,NA,0.01,200,NA,NA,NA
1600,800,56,"Lasso",1.12290962186367,7.38999999999987,20890563,20990563,21190563,NA,NA,NA,NA,NA,NA,NA,1.38626158084652,NA,NA
1600,800,56,"Adaptive Huber",0.255795258307193,302.04,20890563,20990563,21290563,NA,NA,NA,NA,NA,NA,NA,0.372759372031494,6.81502521078276,0.95
1600,800,56,"Shrinkage",1.44233794749953,13.4299999999998,20890563,20990563,21390563,NA,NA,NA,NA,NA,NA,NA,0.879894710964698,3.59608384622246,0.95
2000,800,56,"TS-RIGHT",0.257985401433801,8.4699999999998,20900563,21000563,21100563,"TS_n2000_h06bee7e5",0.5,150,8,76,0.02,NA,NA,NA,NA
2000,800,56,"IHT",5.1648279773236,7.16000000000031,20900563,21000563,NA,"IHT_n2000_h371ec77d",NA,NA,NA,NA,0.01,200,NA,NA,NA
2000,800,56,"Lasso",0.258201859063504,4.0300000000002,20900563,21000563,21200563,NA,NA,NA,NA,NA,NA,NA,0.629031375252229,NA,NA
2000,800,56,"Adaptive Huber",0.1647266159802,358.18,20900563,21000563,21300563,NA,NA,NA,NA,NA,NA,NA,0.372759372031494,6.1329427476294,0.95
2000,800,56,"Shrinkage",1.1517387132174,14.6500000000001,20900563,21000563,21400563,NA,NA,NA,NA,NA,NA,NA,0.65596826213553,3.65595721279505,0.95
2400,800,56,"TS-RIGHT",0.179688157893859,8.7199999999998,20910563,21010563,21110563,"TS_n2400_h2202f38e",0.5,150,8,76,0.02,NA,NA,NA,NA
2400,800,56,"IHT",5.81761310312951e+27,10.1999999999998,20910563,21010563,NA,"IHT_n2400_h1d7d87f6",NA,NA,NA,NA,0.01,200,NA,NA,NA
2400,800,56,"Lasso",0.478836941906953,5.48000000000002,20910563,21010563,21210563,NA,NA,NA,NA,NA,NA,NA,0.271173195642364,NA,NA
2400,800,56,"Adaptive Huber",0.199111460348974,437.07,20910563,21010563,21310563,NA,NA,NA,NA,NA,NA,NA,0.138949549437314,5.65520415303696,0.95
2400,800,56,"Shrinkage",1.08905236267383,15.9499999999998,20910563,21010563,21410563,NA,NA,NA,NA,NA,NA,NA,0.610944304132564,3.55182150404015,0.95
800,800,57,"TS-RIGHT",0.478321122728181,8.65999999999985,20870564,20970564,21070564,"TS_n800_h155f087a",0.5,200,8,101,0.02,NA,NA,NA,NA
800,800,57,"IHT",0.449839411922679,3.20000000000027,20870564,20970564,NA,"IHT_n800_h17021d83",NA,NA,NA,NA,0.01,200,NA,NA,NA
800,800,57,"Lasso",0.695628989856338,0.699999999999818,20870564,20970564,21170564,NA,NA,NA,NA,NA,NA,NA,0.657748780888293,NA,NA
800,800,57,"Adaptive Huber",0.308454788832131,126.04,20870564,20970564,21270564,NA,NA,NA,NA,NA,NA,NA,0.372759372031494,4.89885206374605,0.9
800,800,57,"Shrinkage",1.31784958863426,1.59000000000015,20870564,20970564,21370564,NA,NA,NA,NA,NA,NA,NA,0.921048936889271,5.26360788155791,0.98
1200,800,57,"TS-RIGHT",0.230007966113257,7.59000000000015,20880564,20980564,21080564,"TS_n1200_h069793c2",0.5,150,8,76,0.02,NA,NA,NA,NA
1200,800,57,"IHT",0.551402870131735,3.41000000000031,20880564,20980564,NA,"IHT_n1200_h2051495b",NA,NA,NA,NA,0.01,200,NA,NA,NA
1200,800,57,"Lasso",0.729402529366866,2.76999999999998,20880564,20980564,21180564,NA,NA,NA,NA,NA,NA,NA,0.51355988944091,NA,NA
1200,800,57,"Adaptive Huber",0.295509293278532,205.14,20880564,20980564,21280564,NA,NA,NA,NA,NA,NA,NA,0.372759372031494,5.91615165143224,0.95
1200,800,57,"Shrinkage",1.54301136081264,3.69999999999982,20880564,20980564,21380564,NA,NA,NA,NA,NA,NA,NA,0.827107930807394,3.50974909908584,0.95
1600,800,57,"TS-RIGHT",0.250129388657588,8.36999999999989,20890564,20990564,21090564,"TS_n1600_h21db9f6b",0.5,150,8,76,0.02,NA,NA,NA,NA
1600,800,57,"IHT",0.7104440008869,6.62000000000035,20890564,20990564,NA,"IHT_n1600_h06b009d4",NA,NA,NA,NA,0.01,200,NA,NA,NA
1600,800,57,"Lasso",1.14265019402168,4.12999999999965,20890564,20990564,21190564,NA,NA,NA,NA,NA,NA,NA,1.54349762660389,NA,NA
1600,800,57,"Adaptive Huber",0.313982915871994,285.69,20890564,20990564,21290564,NA,NA,NA,NA,NA,NA,NA,0.372759372031494,11.3206915811751,0.98
1600,800,57,"Shrinkage",1.28735947515228,11.0599999999999,20890564,20990564,21390564,NA,NA,NA,NA,NA,NA,NA,0.506857021499975,3.58697350724938,0.95
2000,800,57,"TS-RIGHT",0.267729446210909,9.53999999999996,20900564,21000564,21100564,"TS_n2000_h06bee7e5",0.5,150,8,76,0.02,NA,NA,NA,NA
2000,800,57,"IHT",2.28520756621504,6.93000000000029,20900564,21000564,NA,"IHT_n2000_h371ec77d",NA,NA,NA,NA,0.01,200,NA,NA,NA
2000,800,57,"Lasso",3.71224638419437,8.14000000000033,20900564,21000564,21200564,NA,NA,NA,NA,NA,NA,NA,5.64920852730516,NA,NA
2000,800,57,"Adaptive Huber",0.199366779126707,358.69,20900564,21000564,21300564,NA,NA,NA,NA,NA,NA,NA,0.372759372031494,16.038803353672,0.95
2000,800,57,"Shrinkage",1.02208311177022,14.46,20900564,21000564,21400564,NA,NA,NA,NA,NA,NA,NA,0.663658772639885,5.41578290028087,0.98
2400,800,57,"TS-RIGHT",0.225960198812217,8.69000000000005,20910564,21010564,21110564,"TS_n2400_h2202f38e",0.5,150,8,76,0.02,NA,NA,NA,NA
2400,800,57,"IHT",0.4002549655001,8.47000000000025,20910564,21010564,NA,"IHT_n2400_h1d7d87f6",NA,NA,NA,NA,0.01,200,NA,NA,NA
2400,800,57,"Lasso",0.495166498625036,6.03999999999996,20910564,21010564,21210564,NA,NA,NA,NA,NA,NA,NA,0.592081653976431,NA,NA
2400,800,57,"Adaptive Huber",0.229739279156111,433.55,20910564,21010564,21310564,NA,NA,NA,NA,NA,NA,NA,0.372759372031494,5.75888707999662,0.95
2400,800,57,"Shrinkage",0.938597335114466,15.4400000000001,20910564,21010564,21410564,NA,NA,NA,NA,NA,NA,NA,0.728872554354813,5.64957663083165,0.98
800,800,58,"TS-RIGHT",0.319521210028134,8.71000000000004,20870565,20970565,21070565,"TS_n800_h155f087a",0.5,200,8,101,0.02,NA,NA,NA,NA
800,800,58,"IHT",0.344282244124007,2.61000000000013,20870565,20970565,NA,"IHT_n800_h17021d83",NA,NA,NA,NA,0.01,200,NA,NA,NA
800,800,58,"Lasso",0.471205409120212,0.710000000000036,20870565,20970565,21170565,NA,NA,NA,NA,NA,NA,NA,0.636977715077109,NA,NA
800,800,58,"Adaptive Huber",0.2538922185286,118.2,20870565,20970565,21270565,NA,NA,NA,NA,NA,NA,NA,0.372759372031494,6.08994086748967,0.95
800,800,58,"Shrinkage",1.96640858535351,2.14000000000033,20870565,20970565,21370565,NA,NA,NA,NA,NA,NA,NA,0.704549430477978,2.53020308439114,0.9
1200,800,58,"TS-RIGHT",0.26947212601052,8.40000000000009,20880565,20980565,21080565,"TS_n1200_h069793c2",0.5,150,8,76,0.02,NA,NA,NA,NA
1200,800,58,"IHT",0.293966225265174,3.71000000000004,20880565,20980565,NA,"IHT_n1200_h2051495b",NA,NA,NA,NA,0.01,200,NA,NA,NA
1200,800,58,"Lasso",0.218015704135432,3.65000000000009,20880565,20980565,21180565,NA,NA,NA,NA,NA,NA,NA,0.490267304283392,NA,NA
1200,800,58,"Adaptive Huber",0.204723716697337,205.77,20880565,20980565,21280565,NA,NA,NA,NA,NA,NA,NA,0.372759372031494,10.6759198678847,0.98
1200,800,58,"Shrinkage",1.29558159202191,4.17000000000007,20880565,20980565,21380565,NA,NA,NA,NA,NA,NA,NA,0.965472446697976,3.51084409019398,0.95
1600,800,58,"TS-RIGHT",0.171307017353701,8.2199999999998,20890565,20990565,21090565,"TS_n1600_h21db9f6b",0.5,150,8,76,0.02,NA,NA,NA,NA
1600,800,58,"IHT",0.612148703157164,6.16000000000031,20890565,20990565,NA,"IHT_n1600_h06b009d4",NA,NA,NA,NA,0.01,200,NA,NA,NA
1600,800,58,"Lasso",0.559388650832922,4.52999999999975,20890565,20990565,21190565,NA,NA,NA,NA,NA,NA,NA,0.900618201445079,NA,NA
1600,800,58,"Adaptive Huber",0.244424932265872,272.84,20890565,20990565,21290565,NA,NA,NA,NA,NA,NA,NA,0.372759372031494,6.40661197504443,0.95
1600,800,58,"Shrinkage",1.17200557431423,13.29,20890565,20990565,21390565,NA,NA,NA,NA,NA,NA,NA,0.906949795579065,3.56833499826699,0.95
2000,800,58,"TS-RIGHT",0.132842973897126,8.75,20900565,21000565,21100565,"TS_n2000_h06bee7e5",0.5,150,8,76,0.02,NA,NA,NA,NA
2000,800,58,"IHT",0.228903084214434,7.19000000000005,20900565,21000565,NA,"IHT_n2000_h371ec77d",NA,NA,NA,NA,0.01,200,NA,NA,NA
2000,800,58,"Lasso",0.270945767307116,4.98000000000002,20900565,21000565,21200565,NA,NA,NA,NA,NA,NA,NA,0.338562911174071,NA,NA
2000,800,58,"Adaptive Huber",0.258706790631767,361.38,20900565,21000565,21300565,NA,NA,NA,NA,NA,NA,NA,0.372759372031494,6.23971337723858,0.95
2000,800,58,"Shrinkage",1.08636042567921,14.4499999999998,20900565,21000565,21400565,NA,NA,NA,NA,NA,NA,NA,0.748282182958807,5.24353911832304,0.98
2400,800,58,"TS-RIGHT",0.157012761586113,9.55000000000018,20910565,21010565,21110565,"TS_n2400_h2202f38e",0.5,150,8,76,0.02,NA,NA,NA,NA
2400,800,58,"IHT",0.354714394711714,9.02999999999975,20910565,21010565,NA,"IHT_n2400_h1d7d87f6",NA,NA,NA,NA,0.01,200,NA,NA,NA
2400,800,58,"Lasso",0.386406273586291,5.60000000000036,20910565,21010565,21210565,NA,NA,NA,NA,NA,NA,NA,0.638968186822101,NA,NA
2400,800,58,"Adaptive Huber",0.204647257670882,445.13,20910565,21010565,21310565,NA,NA,NA,NA,NA,NA,NA,0.372759372031494,6.29948706637355,0.95
2400,800,58,"Shrinkage",1.31253890649508,15.3899999999999,20910565,21010565,21410565,NA,NA,NA,NA,NA,NA,NA,0.711148252849604,3.74234106882153,0.95
800,800,59,"TS-RIGHT",0.303815221134635,9.7199999999998,20870566,20970566,21070566,"TS_n800_h155f087a",0.5,200,8,101,0.02,NA,NA,NA,NA
800,800,59,"IHT",1.07144699485081,2.36000000000013,20870566,20970566,NA,"IHT_n800_h17021d83",NA,NA,NA,NA,0.01,200,NA,NA,NA
800,800,59,"Lasso",2.17433456448936,5.30999999999995,20870566,20970566,21170566,NA,NA,NA,NA,NA,NA,NA,2.85228078379973,NA,NA
800,800,59,"Adaptive Huber",0.471165496209987,127.24,20870566,20970566,21270566,NA,NA,NA,NA,NA,NA,NA,0.372759372031494,9.97006104939346,0.95
800,800,59,"Shrinkage",1.59845022079466,1.64000000000033,20870566,20970566,21370566,NA,NA,NA,NA,NA,NA,NA,0.517008790399112,3.47159286862383,0.95
1200,800,59,"TS-RIGHT",0.213970121149273,8.32999999999993,20880566,20980566,21080566,"TS_n1200_h069793c2",0.5,150,8,76,0.02,NA,NA,NA,NA
1200,800,59,"IHT",0.307200020633041,4.30999999999995,20880566,20980566,NA,"IHT_n1200_h2051495b",NA,NA,NA,NA,0.01,200,NA,NA,NA
1200,800,59,"Lasso",0.370401275846861,4.59000000000015,20880566,20980566,21180566,NA,NA,NA,NA,NA,NA,NA,0.486095305178132,NA,NA
1200,800,59,"Adaptive Huber",0.258052305997929,207.91,20880566,20980566,21280566,NA,NA,NA,NA,NA,NA,NA,0.372759372031494,6.16655022215117,0.95
1200,800,59,"Shrinkage",1.0730378340649,4.34000000000015,20880566,20980566,21380566,NA,NA,NA,NA,NA,NA,NA,0.711390001521528,5.52158452735273,0.98
1600,800,59,"TS-RIGHT",0.173815217972738,7.30999999999995,20890566,20990566,21090566,"TS_n1600_h21db9f6b",0.5,150,8,76,0.02,NA,NA,NA,NA
1600,800,59,"IHT",0.300863348202373,6.52999999999975,20890566,20990566,NA,"IHT_n1600_h06b009d4",NA,NA,NA,NA,0.01,200,NA,NA,NA
1600,800,59,"Lasso",0.329510258432563,4,20890566,20990566,21190566,NA,NA,NA,NA,NA,NA,NA,0.332347457447975,NA,NA
1600,800,59,"Adaptive Huber",0.236244454105419,283.22,20890566,20990566,21290566,NA,NA,NA,NA,NA,NA,NA,0.138949549437314,6.00684846064081,0.95
1600,800,59,"Shrinkage",1.17322829395736,11.9699999999998,20890566,20990566,21390566,NA,NA,NA,NA,NA,NA,NA,0.640506652788276,3.64061410312481,0.95
2000,800,59,"TS-RIGHT",0.275400349572578,9.18000000000029,20900566,21000566,21100566,"TS_n2000_h06bee7e5",0.5,150,8,76,0.02,NA,NA,NA,NA
2000,800,59,"IHT",0.64296967191486,6.47000000000025,20900566,21000566,NA,"IHT_n2000_h371ec77d",NA,NA,NA,NA,0.01,200,NA,NA,NA
2000,800,59,"Lasso",0.631572342603778,7.79999999999973,20900566,21000566,21200566,NA,NA,NA,NA,NA,NA,NA,1.08044889946688,NA,NA
2000,800,59,"Adaptive Huber",0.185231566692652,355.53,20900566,21000566,21300566,NA,NA,NA,NA,NA,NA,NA,0.372759372031494,6.48784676366282,0.95
2000,800,59,"Shrinkage",0.992399217038673,13.9700000000003,20900566,21000566,21400566,NA,NA,NA,NA,NA,NA,NA,0.718240209726024,3.64331963001666,0.95
2400,800,59,"TS-RIGHT",0.182992411090709,8.69000000000005,20910566,21010566,21110566,"TS_n2400_h2202f38e",0.5,150,8,76,0.02,NA,NA,NA,NA
2400,800,59,"IHT",0.278538782615985,9.2800000000002,20910566,21010566,NA,"IHT_n2400_h1d7d87f6",NA,NA,NA,NA,0.01,200,NA,NA,NA
2400,800,59,"Lasso",0.297176347051386,4.91999999999962,20910566,21010566,21210566,NA,NA,NA,NA,NA,NA,NA,0.329768482226846,NA,NA
2400,800,59,"Adaptive Huber",0.200472151197856,438.08,20910566,21010566,21310566,NA,NA,NA,NA,NA,NA,NA,0.372759372031494,6.18182966831315,0.95
2400,800,59,"Shrinkage",1.02404552202141,14.25,20910566,21010566,21410566,NA,NA,NA,NA,NA,NA,NA,0.780627883730578,5.24682396187653,0.98
800,800,60,"TS-RIGHT",0.235057045914367,8.92000000000007,20870567,20970567,21070567,"TS_n800_h155f087a",0.5,200,8,101,0.02,NA,NA,NA,NA
800,800,60,"IHT",0.283823344739725,2.52999999999975,20870567,20970567,NA,"IHT_n800_h17021d83",NA,NA,NA,NA,0.01,200,NA,NA,NA
800,800,60,"Lasso",0.268351372346686,0.519999999999982,20870567,20970567,21170567,NA,NA,NA,NA,NA,NA,NA,0.332161205817308,NA,NA
800,800,60,"Adaptive Huber",0.297389500326759,121.12,20870567,20970567,21270567,NA,NA,NA,NA,NA,NA,NA,0.138949549437314,5.01121759589966,0.95
800,800,60,"Shrinkage",1.37422920893881,1.11999999999989,20870567,20970567,21370567,NA,NA,NA,NA,NA,NA,NA,0.794892105004955,3.4712827722515,0.95
1200,800,60,"TS-RIGHT",0.272982244220197,7.58999999999969,20880567,20980567,21080567,"TS_n1200_h069793c2",0.5,150,8,76,0.02,NA,NA,NA,NA
1200,800,60,"IHT",0.20691251862268,4.49000000000024,20880567,20980567,NA,"IHT_n1200_h2051495b",NA,NA,NA,NA,0.01,200,NA,NA,NA
1200,800,60,"Lasso",0.440940525497444,4.92000000000007,20880567,20980567,21180567,NA,NA,NA,NA,NA,NA,NA,0.633743053072369,NA,NA
1200,800,60,"Adaptive Huber",0.308869577794395,204.84,20880567,20980567,21280567,NA,NA,NA,NA,NA,NA,NA,0.372759372031494,6.6214686677962,0.95
1200,800,60,"Shrinkage",1.11463485235173,5.33000000000038,20880567,20980567,21380567,NA,NA,NA,NA,NA,NA,NA,0.610113413386348,3.43977279218904,0.95
1600,800,60,"TS-RIGHT",0.205632933176544,8.2800000000002,20890567,20990567,21090567,"TS_n1600_h21db9f6b",0.5,150,8,76,0.02,NA,NA,NA,NA
1600,800,60,"IHT",0.260840611362664,6.69999999999982,20890567,20990567,NA,"IHT_n1600_h06b009d4",NA,NA,NA,NA,0.01,200,NA,NA,NA
1600,800,60,"Lasso",0.476189640915116,5.05000000000018,20890567,20990567,21190567,NA,NA,NA,NA,NA,NA,NA,0.555591385638207,NA,NA
1600,800,60,"Adaptive Huber",0.274103989191933,285.03,20890567,20990567,21290567,NA,NA,NA,NA,NA,NA,NA,0.372759372031494,6.61617934783505,0.95
1600,800,60,"Shrinkage",0.945580777601921,12.5599999999999,20890567,20990567,21390567,NA,NA,NA,NA,NA,NA,NA,0.926522310581638,5.11955186081566,0.98
2000,800,60,"TS-RIGHT",0.237474212886698,8.7199999999998,20900567,21000567,21100567,"TS_n2000_h06bee7e5",0.5,150,8,76,0.02,NA,NA,NA,NA
2000,800,60,"IHT",0.364925151037209,6.16000000000031,20900567,21000567,NA,"IHT_n2000_h371ec77d",NA,NA,NA,NA,0.01,200,NA,NA,NA
2000,800,60,"Lasso",0.46090453799755,4.19999999999982,20900567,21000567,21200567,NA,NA,NA,NA,NA,NA,NA,0.520604286883576,NA,NA
2000,800,60,"Adaptive Huber",0.227140121924468,362.59,20900567,21000567,21300567,NA,NA,NA,NA,NA,NA,NA,0.138949549437314,5.72770216941333,0.95
2000,800,60,"Shrinkage",1.16376782102329,12.7799999999997,20900567,21000567,21400567,NA,NA,NA,NA,NA,NA,NA,0.542005902109401,3.47357047075856,0.95
2400,800,60,"TS-RIGHT",0.209317650572628,9.38999999999987,20910567,21010567,21110567,"TS_n2400_h2202f38e",0.5,150,8,76,0.02,NA,NA,NA,NA
2400,800,60,"IHT",0.224206411354356,7.69999999999982,20910567,21010567,NA,"IHT_n2400_h1d7d87f6",NA,NA,NA,NA,0.01,200,NA,NA,NA
2400,800,60,"Lasso",0.269164029415162,4.76999999999998,20910567,21010567,21210567,NA,NA,NA,NA,NA,NA,NA,0.40154180637798,NA,NA
2400,800,60,"Adaptive Huber",0.242365925541925,439.5,20910567,21010567,21310567,NA,NA,NA,NA,NA,NA,NA,0.372759372031494,6.25767927583681,0.95
2400,800,60,"Shrinkage",0.883020905261144,16.3400000000001,20910567,21010567,21410567,NA,NA,NA,NA,NA,NA,NA,0.640662683281116,5.30716355103372,0.98
800,800,61,"TS-RIGHT",0.411460621675765,9.19000000000005,20870568,20970568,21070568,"TS_n800_h155f087a",0.5,200,8,101,0.02,NA,NA,NA,NA
800,800,61,"IHT",0.39533485301531,2.91999999999962,20870568,20970568,NA,"IHT_n800_h17021d83",NA,NA,NA,NA,0.01,200,NA,NA,NA
800,800,61,"Lasso",0.554177268333451,0.580000000000382,20870568,20970568,21170568,NA,NA,NA,NA,NA,NA,NA,0.764747520682891,NA,NA
800,800,61,"Adaptive Huber",0.271245280840116,126.98,20870568,20970568,21270568,NA,NA,NA,NA,NA,NA,NA,0.372759372031494,5.41750820596223,0.95
800,800,61,"Shrinkage",1.43529990278386,1.79999999999973,20870568,20970568,21370568,NA,NA,NA,NA,NA,NA,NA,0.387873835777407,5.38514495176465,0.98
1200,800,61,"TS-RIGHT",0.175029714396797,7.88000000000011,20880568,20980568,21080568,"TS_n1200_h069793c2",0.5,150,8,76,0.02,NA,NA,NA,NA
1200,800,61,"IHT",0.708505528314977,4.02999999999975,20880568,20980568,NA,"IHT_n1200_h2051495b",NA,NA,NA,NA,0.01,200,NA,NA,NA
1200,800,61,"Lasso",0.861938760857136,6.59000000000015,20880568,20980568,21180568,NA,NA,NA,NA,NA,NA,NA,1.15150123726137,NA,NA
1200,800,61,"Adaptive Huber",0.218704310912309,200.35,20880568,20980568,21280568,NA,NA,NA,NA,NA,NA,NA,0.372759372031494,7.3940998891516,0.95
1200,800,61,"Shrinkage",1.09530656491408,4.05999999999995,20880568,20980568,21380568,NA,NA,NA,NA,NA,NA,NA,0.739316658314183,3.57878852486988,0.95
1600,800,61,"TS-RIGHT",0.141989099638081,7.90000000000009,20890568,20990568,21090568,"TS_n1600_h21db9f6b",0.5,150,8,76,0.02,NA,NA,NA,NA
1600,800,61,"IHT",1.1507112091096e+81,6.5,20890568,20990568,NA,"IHT_n1600_h06b009d4",NA,NA,NA,NA,0.01,200,NA,NA,NA
1600,800,61,"Lasso",1.03751921524428,12.6599999999999,20890568,20990568,21190568,NA,NA,NA,NA,NA,NA,NA,1.47457503982835,NA,NA
1600,800,61,"Adaptive Huber",0.298805430805662,304.2,20890568,20990568,21290568,NA,NA,NA,NA,NA,NA,NA,0.372759372031494,7.25762659637172,0.95
1600,800,61,"Shrinkage",1.26469962519919,13.2999999999997,20890568,20990568,21390568,NA,NA,NA,NA,NA,NA,NA,0.79001827500034,3.47868611293693,0.95
2000,800,61,"TS-RIGHT",0.190949398320199,7.7199999999998,20900568,21000568,21100568,"TS_n2000_h06bee7e5",0.5,150,8,76,0.02,NA,NA,NA,NA
2000,800,61,"IHT",0.449770702014691,8.5300000000002,20900568,21000568,NA,"IHT_n2000_h371ec77d",NA,NA,NA,NA,0.01,200,NA,NA,NA
2000,800,61,"Lasso",0.621130800184734,8.07999999999993,20900568,21000568,21200568,NA,NA,NA,NA,NA,NA,NA,0.657702585780489,NA,NA
2000,800,61,"Adaptive Huber",0.19853968422081,365.72,20900568,21000568,21300568,NA,NA,NA,NA,NA,NA,NA,0.138949549437314,6.16985412292447,0.95
2000,800,61,"Shrinkage",1.39529964356074,15.0100000000002,20900568,21000568,21400568,NA,NA,NA,NA,NA,NA,NA,0.849633271709247,5.40212262696294,0.98
2400,800,61,"TS-RIGHT",0.215004862050142,9.60999999999967,20910568,21010568,21110568,"TS_n2400_h2202f38e",0.5,150,8,76,0.02,NA,NA,NA,NA
2400,800,61,"IHT",0.158473926842102,8.73000000000002,20910568,21010568,NA,"IHT_n2400_h1d7d87f6",NA,NA,NA,NA,0.01,200,NA,NA,NA
2400,800,61,"Lasso",0.304823837697702,5.42000000000007,20910568,21010568,21210568,NA,NA,NA,NA,NA,NA,NA,0.359583693778761,NA,NA
2400,800,61,"Adaptive Huber",0.15702958113954,415.75,20910568,21010568,21310568,NA,NA,NA,NA,NA,NA,NA,0.138949549437314,5.56730321379041,0.95
2400,800,61,"Shrinkage",0.997396639710976,14.4400000000001,20910568,21010568,21410568,NA,NA,NA,NA,NA,NA,NA,0.395434220235379,5.35607699105838,0.98
800,800,62,"TS-RIGHT",0.32309320222434,10.0299999999997,20870569,20970569,21070569,"TS_n800_h155f087a",0.5,200,8,101,0.02,NA,NA,NA,NA
800,800,62,"IHT",0.733693294087224,2.95000000000027,20870569,20970569,NA,"IHT_n800_h17021d83",NA,NA,NA,NA,0.01,200,NA,NA,NA
800,800,62,"Lasso",1.25008149706919,2.40999999999985,20870569,20970569,21170569,NA,NA,NA,NA,NA,NA,NA,1.1616259649083,NA,NA
800,800,62,"Adaptive Huber",0.474056228801871,131.25,20870569,20970569,21270569,NA,NA,NA,NA,NA,NA,NA,0.372759372031494,6.68916855960348,0.95
800,800,62,"Shrinkage",1.67660078875662,1.17000000000007,20870569,20970569,21370569,NA,NA,NA,NA,NA,NA,NA,0.304173551667956,3.45006034780258,0.95
1200,800,62,"TS-RIGHT",0.240595039922598,8.71000000000004,20880569,20980569,21080569,"TS_n1200_h069793c2",0.5,150,8,76,0.02,NA,NA,NA,NA
1200,800,62,"IHT",0.605467611470263,4.02999999999975,20880569,20980569,NA,"IHT_n1200_h2051495b",NA,NA,NA,NA,0.01,200,NA,NA,NA
1200,800,62,"Lasso",0.718713576340517,5.16000000000031,20880569,20980569,21180569,NA,NA,NA,NA,NA,NA,NA,1.13789296821532,NA,NA
1200,800,62,"Adaptive Huber",0.184213593381387,205.2,20880569,20980569,21280569,NA,NA,NA,NA,NA,NA,NA,0.372759372031494,6.53682341264125,0.95
1200,800,62,"Shrinkage",1.12585119054386,4.44999999999982,20880569,20980569,21380569,NA,NA,NA,NA,NA,NA,NA,0.798092123572858,5.63713203696828,0.98
1600,800,62,"TS-RIGHT",0.194101474352492,8.38000000000011,20890569,20990569,21090569,"TS_n1600_h21db9f6b",0.5,150,8,76,0.02,NA,NA,NA,NA
1600,800,62,"IHT",0.406228373515715,4.92000000000007,20890569,20990569,NA,"IHT_n1600_h06b009d4",NA,NA,NA,NA,0.01,200,NA,NA,NA
1600,800,62,"Lasso",0.493559854872954,4.19999999999982,20890569,20990569,21190569,NA,NA,NA,NA,NA,NA,NA,0.342976849435325,NA,NA
1600,800,62,"Adaptive Huber",0.279341677589395,279.22,20890569,20990569,21290569,NA,NA,NA,NA,NA,NA,NA,0.372759372031494,5.41510135829324,0.95
1600,800,62,"Shrinkage",1.59201615196089,13.1600000000003,20890569,20990569,21390569,NA,NA,NA,NA,NA,NA,NA,0.906194869848745,3.51986813284952,0.95
2000,800,62,"TS-RIGHT",0.205049420295738,8.98000000000002,20900569,21000569,21100569,"TS_n2000_h06bee7e5",0.5,150,8,76,0.02,NA,NA,NA,NA
2000,800,62,"IHT",0.193395794047683,8.63000000000011,20900569,21000569,NA,"IHT_n2000_h371ec77d",NA,NA,NA,NA,0.01,200,NA,NA,NA
2000,800,62,"Lasso",0.132446560683543,3.86000000000013,20900569,21000569,21200569,NA,NA,NA,NA,NA,NA,NA,0.30286043143063,NA,NA
2000,800,62,"Adaptive Huber",0.105432841445765,357.68,20900569,21000569,21300569,NA,NA,NA,NA,NA,NA,NA,0.138949549437314,4.98541322199485,0.95
2000,800,62,"Shrinkage",0.842192933797076,12.1900000000001,20900569,21000569,21400569,NA,NA,NA,NA,NA,NA,NA,0.615925291994016,3.58315192665937,0.95
2400,800,62,"TS-RIGHT",0.155106094291829,8.82999999999993,20910569,21010569,21110569,"TS_n2400_h2202f38e",0.5,150,8,76,0.02,NA,NA,NA,NA
2400,800,62,"IHT",0.514049939880396,9.94000000000005,20910569,21010569,NA,"IHT_n2400_h1d7d87f6",NA,NA,NA,NA,0.01,200,NA,NA,NA
2400,800,62,"Lasso",0.576117532138934,6.82000000000016,20910569,21010569,21210569,NA,NA,NA,NA,NA,NA,NA,0.741943886621263,NA,NA
2400,800,62,"Adaptive Huber",0.125682098268148,441.8,20910569,21010569,21310569,NA,NA,NA,NA,NA,NA,NA,0.138949549437314,6.55591683745487,0.95
2400,800,62,"Shrinkage",0.916843699131502,19.25,20910569,21010569,21410569,NA,NA,NA,NA,NA,NA,NA,0.624945748779873,3.55835358337706,0.95
800,800,63,"TS-RIGHT",0.274820384809644,8.87999999999965,20870570,20970570,21070570,"TS_n800_h155f087a",0.5,200,8,101,0.02,NA,NA,NA,NA
800,800,63,"IHT",0.311835310864614,2.39000000000033,20870570,20970570,NA,"IHT_n800_h17021d83",NA,NA,NA,NA,0.01,200,NA,NA,NA
800,800,63,"Lasso",0.458783788616307,0.679999999999836,20870570,20970570,21170570,NA,NA,NA,NA,NA,NA,NA,0.500986400842902,NA,NA
800,800,63,"Adaptive Huber",0.247898706608399,129.63,20870570,20970570,21270570,NA,NA,NA,NA,NA,NA,NA,0.138949549437314,3.6269596231738,0.9
800,800,63,"Shrinkage",1.24118550767475,1.57999999999993,20870570,20970570,21370570,NA,NA,NA,NA,NA,NA,NA,0.890967663564476,5.18337620747419,0.98
1200,800,63,"TS-RIGHT",0.241185890709962,7.2199999999998,20880570,20980570,21080570,"TS_n1200_h069793c2",0.5,150,8,76,0.02,NA,NA,NA,NA
1200,800,63,"IHT",0.30188416815986,3.20000000000027,20880570,20980570,NA,"IHT_n1200_h2051495b",NA,NA,NA,NA,0.01,200,NA,NA,NA
1200,800,63,"Lasso",0.392293836897173,4.63999999999987,20880570,20980570,21180570,NA,NA,NA,NA,NA,NA,NA,0.653678063750322,NA,NA
1200,800,63,"Adaptive Huber",0.214257432630351,199.95,20880570,20980570,21280570,NA,NA,NA,NA,NA,NA,NA,0.138949549437314,3.97650453673696,0.9
1200,800,63,"Shrinkage",1.10690114353608,3.92000000000007,20880570,20980570,21380570,NA,NA,NA,NA,NA,NA,NA,0.628032797939214,5.48029671341691,0.98
1600,800,63,"TS-RIGHT",0.189088936588913,8.90999999999985,20890570,20990570,21090570,"TS_n1600_h21db9f6b",0.5,150,8,76,0.02,NA,NA,NA,NA
1600,800,63,"IHT",0.423526301602806,6.82999999999993,20890570,20990570,NA,"IHT_n1600_h06b009d4",NA,NA,NA,NA,0.01,200,NA,NA,NA
1600,800,63,"Lasso",0.481931591113716,5.75,20890570,20990570,21190570,NA,NA,NA,NA,NA,NA,NA,0.61686893134838,NA,NA
1600,800,63,"Adaptive Huber",0.239077802166782,285.67,20890570,20990570,21290570,NA,NA,NA,NA,NA,NA,NA,0.372759372031494,5.4494425043697,0.95
1600,800,63,"Shrinkage",0.855898212454379,12.8400000000001,20890570,20990570,21390570,NA,NA,NA,NA,NA,NA,NA,0.619722794291397,3.60487154069478,0.95
2000,800,63,"TS-RIGHT",0.214298787398597,7.88999999999987,20900570,21000570,21100570,"TS_n2000_h06bee7e5",0.5,150,8,76,0.02,NA,NA,NA,NA
2000,800,63,"IHT",0.164680919094932,6.64000000000033,20900570,21000570,NA,"IHT_n2000_h371ec77d",NA,NA,NA,NA,0.01,200,NA,NA,NA
2000,800,63,"Lasso",0.246465484241589,3.38999999999987,20900570,21000570,21200570,NA,NA,NA,NA,NA,NA,NA,0.478400061666392,NA,NA
2000,800,63,"Adaptive Huber",0.218890772844132,353.65,20900570,21000570,21300570,NA,NA,NA,NA,NA,NA,NA,0.372759372031494,6.23099853284866,0.95
2000,800,63,"Shrinkage",1.09936139887584,13.4200000000001,20900570,21000570,21400570,NA,NA,NA,NA,NA,NA,NA,0.830729946922875,5.74463888471341,0.98
2400,800,63,"TS-RIGHT",0.209007229566191,8.75,20910570,21010570,21110570,"TS_n2400_h2202f38e",0.5,150,8,76,0.02,NA,NA,NA,NA
2400,800,63,"IHT",0.488573994843142,8.88000000000011,20910570,21010570,NA,"IHT_n2400_h1d7d87f6",NA,NA,NA,NA,0.01,200,NA,NA,NA
2400,800,63,"Lasso",0.708986671615031,6.94999999999982,20910570,21010570,21210570,NA,NA,NA,NA,NA,NA,NA,0.544506592176036,NA,NA
2400,800,63,"Adaptive Huber",0.308440808830786,465.11,20910570,21010570,21310570,NA,NA,NA,NA,NA,NA,NA,0.372759372031494,6.0405241568937,0.95
2400,800,63,"Shrinkage",1.33849875309922,15.3699999999999,20910570,21010570,21410570,NA,NA,NA,NA,NA,NA,NA,0.550913706879589,3.49052781435171,0.95
800,800,64,"TS-RIGHT",0.894820221547752,9.98000000000002,20870571,20970571,21070571,"TS_n800_h155f087a",0.5,200,8,101,0.02,NA,NA,NA,NA
800,800,64,"IHT",0.420971815031722,3.07999999999993,20870571,20970571,NA,"IHT_n800_h17021d83",NA,NA,NA,NA,0.01,200,NA,NA,NA
800,800,64,"Lasso",0.547694782884649,1.00999999999976,20870571,20970571,21170571,NA,NA,NA,NA,NA,NA,NA,0.63585841411849,NA,NA
800,800,64,"Adaptive Huber",0.302499083575027,127.58,20870571,20970571,21270571,NA,NA,NA,NA,NA,NA,NA,0.372759372031494,6.0424927436605,0.95
800,800,64,"Shrinkage",1.37370465482017,1.86000000000013,20870571,20970571,21370571,NA,NA,NA,NA,NA,NA,NA,0.629610387029237,3.40595518992191,0.95
1200,800,64,"TS-RIGHT",0.178191917354167,8.04999999999973,20880571,20980571,21080571,"TS_n1200_h069793c2",0.5,150,8,76,0.02,NA,NA,NA,NA
1200,800,64,"IHT",0.357613145859557,4.36999999999989,20880571,20980571,NA,"IHT_n1200_h2051495b",NA,NA,NA,NA,0.01,200,NA,NA,NA
1200,800,64,"Lasso",0.432754759421271,3.88000000000011,20880571,20980571,21180571,NA,NA,NA,NA,NA,NA,NA,0.457095348560119,NA,NA
1200,800,64,"Adaptive Huber",0.188291720177191,205.15,20880571,20980571,21280571,NA,NA,NA,NA,NA,NA,NA,0.138949549437314,3.80667163784994,0.9
1200,800,64,"Shrinkage",1.04229838849271,4.05000000000018,20880571,20980571,21380571,NA,NA,NA,NA,NA,NA,NA,0.966521859071643,5.35019010765227,0.98
1600,800,64,"TS-RIGHT",0.182908625053795,8.26999999999998,20890571,20990571,21090571,"TS_n1600_h21db9f6b",0.5,150,8,76,0.02,NA,NA,NA,NA
1600,800,64,"IHT",0.645064419427131,5.42999999999984,20890571,20990571,NA,"IHT_n1600_h06b009d4",NA,NA,NA,NA,0.01,200,NA,NA,NA
1600,800,64,"Lasso",0.969075054726778,5.25,20890571,20990571,21190571,NA,NA,NA,NA,NA,NA,NA,1.40395370262391,NA,NA
1600,800,64,"Adaptive Huber",0.230512588539628,286.72,20890571,20990571,21290571,NA,NA,NA,NA,NA,NA,NA,0.372759372031494,6.0556701894315,0.95
1600,800,64,"Shrinkage",0.753900845856433,12.2799999999997,20890571,20990571,21390571,NA,NA,NA,NA,NA,NA,NA,1.00936225580834,5.50836403428912,0.98
2000,800,64,"TS-RIGHT",0.202652009586894,7.60999999999967,20900571,21000571,21100571,"TS_n2000_h06bee7e5",0.5,150,8,76,0.02,NA,NA,NA,NA
2000,800,64,"IHT",0.476981001891972,6.5,20900571,21000571,NA,"IHT_n2000_h371ec77d",NA,NA,NA,NA,0.01,200,NA,NA,NA
2000,800,64,"Lasso",0.728149113281561,5.61000000000013,20900571,21000571,21200571,NA,NA,NA,NA,NA,NA,NA,0.92947502836926,NA,NA
2000,800,64,"Adaptive Huber",0.14618138328793,364.27,20900571,21000571,21300571,NA,NA,NA,NA,NA,NA,NA,0.138949549437314,4.40792343901012,0.9
2000,800,64,"Shrinkage",1.48705113595107,16.48,20900571,21000571,21400571,NA,NA,NA,NA,NA,NA,NA,0.448068759989142,5.24442252622194,0.98
2400,800,64,"TS-RIGHT",0.22519787058845,8.5,20910571,21010571,21110571,"TS_n2400_h2202f38e",0.5,150,8,76,0.02,NA,NA,NA,NA
2400,800,64,"IHT",0.306325141881181,8.59999999999991,20910571,21010571,NA,"IHT_n2400_h1d7d87f6",NA,NA,NA,NA,0.01,200,NA,NA,NA
2400,800,64,"Lasso",0.566819289106568,6.69000000000005,20910571,21010571,21210571,NA,NA,NA,NA,NA,NA,NA,0.754149313194959,NA,NA
2400,800,64,"Adaptive Huber",0.24504775429773,455.71,20910571,21010571,21310571,NA,NA,NA,NA,NA,NA,NA,0.372759372031494,6.55560294743501,0.95
2400,800,64,"Shrinkage",1.17835923561984,14.0699999999997,20910571,21010571,21410571,NA,NA,NA,NA,NA,NA,NA,0.590863359342001,3.58823254423215,0.95
800,800,65,"TS-RIGHT",0.194677716589237,9.77999999999975,20870572,20970572,21070572,"TS_n800_h155f087a",0.5,200,8,101,0.02,NA,NA,NA,NA
800,800,65,"IHT",0.329051620063621,2.16000000000031,20870572,20970572,NA,"IHT_n800_h17021d83",NA,NA,NA,NA,0.01,200,NA,NA,NA
800,800,65,"Lasso",0.398035169712093,0.639999999999873,20870572,20970572,21170572,NA,NA,NA,NA,NA,NA,NA,0.4255938178125,NA,NA
800,800,65,"Adaptive Huber",0.330117325463918,127.42,20870572,20970572,21270572,NA,NA,NA,NA,NA,NA,NA,0.372759372031494,4.9294175939232,0.95
800,800,65,"Shrinkage",0.90400634721529,1.30999999999995,20870572,20970572,21370572,NA,NA,NA,NA,NA,NA,NA,0.619654146022973,5.1685471734959,0.98
1200,800,65,"TS-RIGHT",0.277499580757651,7.05999999999995,20880572,20980572,21080572,"TS_n1200_h069793c2",0.5,150,8,76,0.02,NA,NA,NA,NA
1200,800,65,"IHT",0.379065490126128,3.9699999999998,20880572,20980572,NA,"IHT_n1200_h2051495b",NA,NA,NA,NA,0.01,200,NA,NA,NA
1200,800,65,"Lasso",0.706989524412894,8.55999999999995,20880572,20980572,21180572,NA,NA,NA,NA,NA,NA,NA,1.00946480701232,NA,NA
1200,800,65,"Adaptive Huber",0.273106901210238,210.49,20880572,20980572,21280572,NA,NA,NA,NA,NA,NA,NA,0.372759372031494,11.4730120140941,0.98
1200,800,65,"Shrinkage",1.26421871017404,4.44000000000005,20880572,20980572,21380572,NA,NA,NA,NA,NA,NA,NA,0.846907930465959,3.7904387544639,0.95
1600,800,65,"TS-RIGHT",0.27031814836727,8.01999999999998,20890572,20990572,21090572,"TS_n1600_h21db9f6b",0.5,150,8,76,0.02,NA,NA,NA,NA
1600,800,65,"IHT",0.382592545689448,6.7800000000002,20890572,20990572,NA,"IHT_n1600_h06b009d4",NA,NA,NA,NA,0.01,200,NA,NA,NA
1600,800,65,"Lasso",0.825086123060813,6.98999999999978,20890572,20990572,21190572,NA,NA,NA,NA,NA,NA,NA,0.725000876856987,NA,NA
1600,800,65,"Adaptive Huber",0.266378817246775,287.11,20890572,20990572,21290572,NA,NA,NA,NA,NA,NA,NA,0.372759372031494,6.32064387226932,0.95
1600,800,65,"Shrinkage",1.36448504881245,13.6700000000001,20890572,20990572,21390572,NA,NA,NA,NA,NA,NA,NA,0.764958764390517,3.60131342087743,0.95
2000,800,65,"TS-RIGHT",0.222489803382206,9,20900572,21000572,21100572,"TS_n2000_h06bee7e5",0.5,150,8,76,0.02,NA,NA,NA,NA
2000,800,65,"IHT",8.44118470730793e+52,6.23000000000002,20900572,21000572,NA,"IHT_n2000_h371ec77d",NA,NA,NA,NA,0.01,200,NA,NA,NA
2000,800,65,"Lasso",0.504331884096701,4.55999999999995,20900572,21000572,21200572,NA,NA,NA,NA,NA,NA,NA,0.892597431162936,NA,NA
2000,800,65,"Adaptive Huber",0.169039233987502,378.05,20900572,21000572,21300572,NA,NA,NA,NA,NA,NA,NA,0.138949549437314,6.10619268534407,0.95
2000,800,65,"Shrinkage",0.870469780343597,17.2799999999997,20900572,21000572,21400572,NA,NA,NA,NA,NA,NA,NA,0.665093395640128,5.51157572313561,0.98
2400,800,65,"TS-RIGHT",0.190796236282336,8.83999999999969,20910572,21010572,21110572,"TS_n2400_h2202f38e",0.5,150,8,76,0.02,NA,NA,NA,NA
2400,800,65,"IHT",0.191837816101448,8.5300000000002,20910572,21010572,NA,"IHT_n2400_h1d7d87f6",NA,NA,NA,NA,0.01,200,NA,NA,NA
2400,800,65,"Lasso",0.231107798202668,5.23000000000002,20910572,21010572,21210572,NA,NA,NA,NA,NA,NA,NA,0.321893899279143,NA,NA
2400,800,65,"Adaptive Huber",0.230020281539584,447.65,20910572,21010572,21310572,NA,NA,NA,NA,NA,NA,NA,0.372759372031494,6.13632710704936,0.95
2400,800,65,"Shrinkage",1.26433336344259,15.6700000000001,20910572,21010572,21410572,NA,NA,NA,NA,NA,NA,NA,0.671406322974585,3.51555549959686,0.95
800,800,66,"TS-RIGHT",0.292272561980862,8.69000000000005,20870573,20970573,21070573,"TS_n800_h155f087a",0.5,200,8,101,0.02,NA,NA,NA,NA
800,800,66,"IHT",0.460912476265402,2.82999999999993,20870573,20970573,NA,"IHT_n800_h17021d83",NA,NA,NA,NA,0.01,200,NA,NA,NA
800,800,66,"Lasso",0.533993864309304,0.620000000000346,20870573,20970573,21170573,NA,NA,NA,NA,NA,NA,NA,0.627187606923557,NA,NA
800,800,66,"Adaptive Huber",0.37042638825842,130.6,20870573,20970573,21270573,NA,NA,NA,NA,NA,NA,NA,0.372759372031494,10.1246540017764,0.98
800,800,66,"Shrinkage",1.11277242327223,1.05999999999995,20870573,20970573,21370573,NA,NA,NA,NA,NA,NA,NA,0.697617490735663,3.41475929191784,0.95
1200,800,66,"TS-RIGHT",0.299928748918179,7.90999999999985,20880573,20980573,21080573,"TS_n1200_h069793c2",0.5,150,8,76,0.02,NA,NA,NA,NA
1200,800,66,"IHT",1.45926668411374,3.67000000000007,20880573,20980573,NA,"IHT_n1200_h2051495b",NA,NA,NA,NA,0.01,200,NA,NA,NA
1200,800,66,"Lasso",1.44181315403463,5.92000000000007,20880573,20980573,21180573,NA,NA,NA,NA,NA,NA,NA,2.45461048519894,NA,NA
1200,800,66,"Adaptive Huber",0.341016324210224,208.5,20880573,20980573,21280573,NA,NA,NA,NA,NA,NA,NA,0.372759372031494,7.51973376663318,0.95
1200,800,66,"Shrinkage",1.13508410231223,4.05999999999995,20880573,20980573,21380573,NA,NA,NA,NA,NA,NA,NA,0.662012729008104,3.42694467758597,0.95
1600,800,66,"TS-RIGHT",0.190449184627433,8.11000000000013,20890573,20990573,21090573,"TS_n1600_h21db9f6b",0.5,150,8,76,0.02,NA,NA,NA,NA
1600,800,66,"IHT",0.245742197122313,5.27999999999975,20890573,20990573,NA,"IHT_n1600_h06b009d4",NA,NA,NA,NA,0.01,200,NA,NA,NA
1600,800,66,"Lasso",0.418975926574032,3.88000000000011,20890573,20990573,21190573,NA,NA,NA,NA,NA,NA,NA,0.528014399953456,NA,NA
1600,800,66,"Adaptive Huber",0.222401026377548,297.23,20890573,20990573,21290573,NA,NA,NA,NA,NA,NA,NA,0.372759372031494,6.60501552071842,0.95
1600,800,66,"Shrinkage",1.55242573570775,15.52,20890573,20990573,21390573,NA,NA,NA,NA,NA,NA,NA,0.636099005764063,5.91201119628022,0.98
2000,800,66,"TS-RIGHT",0.125747182329066,8.32999999999993,20900573,21000573,21100573,"TS_n2000_h06bee7e5",0.5,150,8,76,0.02,NA,NA,NA,NA
2000,800,66,"IHT",0.310732552714993,8.07999999999993,20900573,21000573,NA,"IHT_n2000_h371ec77d",NA,NA,NA,NA,0.01,200,NA,NA,NA
2000,800,66,"Lasso",0.443407536770939,4.88999999999987,20900573,21000573,21200573,NA,NA,NA,NA,NA,NA,NA,0.587556649487419,NA,NA
2000,800,66,"Adaptive Huber",0.241103779006509,382.42,20900573,21000573,21300573,NA,NA,NA,NA,NA,NA,NA,0.372759372031494,6.4261268880821,0.95
2000,800,66,"Shrinkage",0.898356891744216,14.6099999999997,20900573,21000573,21400573,NA,NA,NA,NA,NA,NA,NA,0.592428367487272,5.20117834620539,0.98
2400,800,66,"TS-RIGHT",0.231869166802647,8.67000000000007,20910573,21010573,21110573,"TS_n2400_h2202f38e",0.5,150,8,76,0.02,NA,NA,NA,NA
2400,800,66,"IHT",0.628314137039111,10.02,20910573,21010573,NA,"IHT_n2400_h1d7d87f6",NA,NA,NA,NA,0.01,200,NA,NA,NA
2400,800,66,"Lasso",0.656210914637681,11.5299999999997,20910573,21010573,21210573,NA,NA,NA,NA,NA,NA,NA,1.20930977029875,NA,NA
2400,800,66,"Adaptive Huber",0.219575053363105,467.39,20910573,21010573,21310573,NA,NA,NA,NA,NA,NA,NA,0.372759372031494,15.8591159085592,0.98
2400,800,66,"Shrinkage",0.937416369675775,15.5299999999997,20910573,21010573,21410573,NA,NA,NA,NA,NA,NA,NA,0.789232065937056,5.39100187969503,0.98
800,800,67,"TS-RIGHT",0.271566833373851,8.78999999999996,20870574,20970574,21070574,"TS_n800_h155f087a",0.5,200,8,101,0.02,NA,NA,NA,NA
800,800,67,"IHT",0.508699856080734,2.94000000000005,20870574,20970574,NA,"IHT_n800_h17021d83",NA,NA,NA,NA,0.01,200,NA,NA,NA
800,800,67,"Lasso",0.772943222487224,0.639999999999873,20870574,20970574,21170574,NA,NA,NA,NA,NA,NA,NA,0.629235716741837,NA,NA
800,800,67,"Adaptive Huber",0.424736094466704,127.95,20870574,20970574,21270574,NA,NA,NA,NA,NA,NA,NA,0.372759372031494,6.6597122639174,0.95
800,800,67,"Shrinkage",1.58776214583001,1.50999999999976,20870574,20970574,21370574,NA,NA,NA,NA,NA,NA,NA,0.370917073200977,5.71514067740077,0.98
1200,800,67,"TS-RIGHT",0.290891981167434,6.75,20880574,20980574,21080574,"TS_n1200_h069793c2",0.5,150,8,76,0.02,NA,NA,NA,NA
1200,800,67,"IHT",0.571463138195221,3.90999999999985,20880574,20980574,NA,"IHT_n1200_h2051495b",NA,NA,NA,NA,0.01,200,NA,NA,NA
1200,800,67,"Lasso",1.06757647151868,4.85000000000036,20880574,20980574,21180574,NA,NA,NA,NA,NA,NA,NA,1.33370814610249,NA,NA
1200,800,67,"Adaptive Huber",0.380654413612983,205.18,20880574,20980574,21280574,NA,NA,NA,NA,NA,NA,NA,0.372759372031494,7.39415234204578,0.95
1200,800,67,"Shrinkage",1.40945899490008,4.40999999999985,20880574,20980574,21380574,NA,NA,NA,NA,NA,NA,NA,0.927696784172129,3.49412480638731,0.95
1600,800,67,"TS-RIGHT",0.212183209360148,8,20890574,20990574,21090574,"TS_n1600_h21db9f6b",0.5,150,8,76,0.02,NA,NA,NA,NA
1600,800,67,"IHT",0.964076321271102,6.29999999999973,20890574,20990574,NA,"IHT_n1600_h06b009d4",NA,NA,NA,NA,0.01,200,NA,NA,NA
1600,800,67,"Lasso",1.34676270996586,5.75,20890574,20990574,21190574,NA,NA,NA,NA,NA,NA,NA,1.75349308952545,NA,NA
1600,800,67,"Adaptive Huber",0.248387994376928,309.69,20890574,20990574,21290574,NA,NA,NA,NA,NA,NA,NA,0.372759372031494,8.06944233387659,0.95
1600,800,67,"Shrinkage",1.20568830615913,12.9000000000001,20890574,20990574,21390574,NA,NA,NA,NA,NA,NA,NA,0.644275187219341,5.31784520161032,0.98
2000,800,67,"TS-RIGHT",0.134877143102779,9.32999999999993,20900574,21000574,21100574,"TS_n2000_h06bee7e5",0.5,150,8,76,0.02,NA,NA,NA,NA
2000,800,67,"IHT",0.365131551169718,8.13000000000011,20900574,21000574,NA,"IHT_n2000_h371ec77d",NA,NA,NA,NA,0.01,200,NA,NA,NA
2000,800,67,"Lasso",0.469812647165639,5.26000000000022,20900574,21000574,21200574,NA,NA,NA,NA,NA,NA,NA,0.70905488085531,NA,NA
2000,800,67,"Adaptive Huber",0.301165348999994,389.7,20900574,21000574,21300574,NA,NA,NA,NA,NA,NA,NA,0.372759372031494,6.40512723470965,0.95
2000,800,67,"Shrinkage",1.08227302912346,14.3299999999999,20900574,21000574,21400574,NA,NA,NA,NA,NA,NA,NA,0.804639149281072,5.51160489452731,0.98
2400,800,67,"TS-RIGHT",0.226430982014448,9.5,20910574,21010574,21110574,"TS_n2400_h2202f38e",0.5,150,8,76,0.02,NA,NA,NA,NA
2400,800,67,"IHT",0.606705182596072,8.01999999999998,20910574,21010574,NA,"IHT_n2400_h1d7d87f6",NA,NA,NA,NA,0.01,200,NA,NA,NA
2400,800,67,"Lasso",0.852754976719364,7.13999999999987,20910574,21010574,21210574,NA,NA,NA,NA,NA,NA,NA,0.346780778966246,NA,NA
2400,800,67,"Adaptive Huber",0.22391367429093,452.41,20910574,21010574,21310574,NA,NA,NA,NA,NA,NA,NA,0.372759372031494,6.07706403237489,0.95
2400,800,67,"Shrinkage",1.40196596120969,16.04,20910574,21010574,21410574,NA,NA,NA,NA,NA,NA,NA,0.633141954779167,3.69253986684222,0.95
800,800,68,"TS-RIGHT",0.301623367560209,9.01000000000022,20870575,20970575,21070575,"TS_n800_h155f087a",0.5,200,8,101,0.02,NA,NA,NA,NA
800,800,68,"IHT",8.24241525834033,2.69999999999982,20870575,20970575,NA,"IHT_n800_h17021d83",NA,NA,NA,NA,0.01,200,NA,NA,NA
800,800,68,"Lasso",5.24938916730255,2.22000000000025,20870575,20970575,21170575,NA,NA,NA,NA,NA,NA,NA,3.11788337721635,NA,NA
800,800,68,"Adaptive Huber",0.534806859407516,126.18,20870575,20970575,21270575,NA,NA,NA,NA,NA,NA,NA,0.372759372031494,13.0694440933065,0.9
800,800,68,"Shrinkage",1.08614479119974,1.26000000000022,20870575,20970575,21370575,NA,NA,NA,NA,NA,NA,NA,0.82570307612726,5.27144272388855,0.98
1200,800,68,"TS-RIGHT",0.301245731237731,8.06999999999971,20880575,20980575,21080575,"TS_n1200_h069793c2",0.5,150,8,76,0.02,NA,NA,NA,NA
1200,800,68,"IHT",0.3458516043164,4.09000000000015,20880575,20980575,NA,"IHT_n1200_h2051495b",NA,NA,NA,NA,0.01,200,NA,NA,NA
1200,800,68,"Lasso",0.51695448199535,4.23999999999978,20880575,20980575,21180575,NA,NA,NA,NA,NA,NA,NA,0.586730944422577,NA,NA
1200,800,68,"Adaptive Huber",0.260301547917058,216.62,20880575,20980575,21280575,NA,NA,NA,NA,NA,NA,NA,0.372759372031494,5.84465636057501,0.95
1200,800,68,"Shrinkage",1.36990748975458,6.10999999999967,20880575,20980575,21380575,NA,NA,NA,NA,NA,NA,NA,1.05585006890393,5.29105941849333,0.98
1600,800,68,"TS-RIGHT",0.160315900571265,8.59999999999991,20890575,20990575,21090575,"TS_n1600_h21db9f6b",0.5,150,8,76,0.02,NA,NA,NA,NA
1600,800,68,"IHT",0.441228620219381,6.44000000000005,20890575,20990575,NA,"IHT_n1600_h06b009d4",NA,NA,NA,NA,0.01,200,NA,NA,NA
1600,800,68,"Lasso",0.487271234702255,6.57999999999993,20890575,20990575,21190575,NA,NA,NA,NA,NA,NA,NA,0.734754335195228,NA,NA
1600,800,68,"Adaptive Huber",0.192242713653578,311.48,20890575,20990575,21290575,NA,NA,NA,NA,NA,NA,NA,0.372759372031494,6.02008725504949,0.95
1600,800,68,"Shrinkage",1.10843284857406,12.5500000000002,20890575,20990575,21390575,NA,NA,NA,NA,NA,NA,NA,0.832153200557165,5.3237790731381,0.98
2000,800,68,"TS-RIGHT",0.25568912813666,7.94000000000005,20900575,21000575,21100575,"TS_n2000_h06bee7e5",0.5,150,8,76,0.02,NA,NA,NA,NA
2000,800,68,"IHT",0.177080893626444,8.33999999999969,20900575,21000575,NA,"IHT_n2000_h371ec77d",NA,NA,NA,NA,0.01,200,NA,NA,NA
2000,800,68,"Lasso",0.258802720567883,4.57999999999993,20900575,21000575,21200575,NA,NA,NA,NA,NA,NA,NA,0.376293951900151,NA,NA
2000,800,68,"Adaptive Huber",0.278813504341215,381.38,20900575,21000575,21300575,NA,NA,NA,NA,NA,NA,NA,0.372759372031494,3.80251816324852,0.9
2000,800,68,"Shrinkage",0.781126058305003,15.1199999999999,20900575,21000575,21400575,NA,NA,NA,NA,NA,NA,NA,0.677130848566415,5.17071058681812,0.98
2400,800,68,"TS-RIGHT",0.144306054186403,9.38999999999987,20910575,21010575,21110575,"TS_n2400_h2202f38e",0.5,150,8,76,0.02,NA,NA,NA,NA
2400,800,68,"IHT",0.228224169589078,9.89000000000033,20910575,21010575,NA,"IHT_n2400_h1d7d87f6",NA,NA,NA,NA,0.01,200,NA,NA,NA
2400,800,68,"Lasso",0.335649427260577,5.60999999999967,20910575,21010575,21210575,NA,NA,NA,NA,NA,NA,NA,0.400933368981263,NA,NA
2400,800,68,"Adaptive Huber",0.165058006497988,441.66,20910575,21010575,21310575,NA,NA,NA,NA,NA,NA,NA,0.138949549437314,5.65011082569047,0.95
2400,800,68,"Shrinkage",1.04338255123196,15.0299999999997,20910575,21010575,21410575,NA,NA,NA,NA,NA,NA,NA,0.667079847797657,5.5125279056493,0.98
800,800,69,"TS-RIGHT",0.257297942879386,9.30999999999995,20870576,20970576,21070576,"TS_n800_h155f087a",0.5,200,8,101,0.02,NA,NA,NA,NA
800,800,69,"IHT",0.393821736866879,2.2199999999998,20870576,20970576,NA,"IHT_n800_h17021d83",NA,NA,NA,NA,0.01,200,NA,NA,NA
800,800,69,"Lasso",0.734405175594989,0.809999999999945,20870576,20970576,21170576,NA,NA,NA,NA,NA,NA,NA,0.74407647918755,NA,NA
800,800,69,"Adaptive Huber",0.363790532604988,125.41,20870576,20970576,21270576,NA,NA,NA,NA,NA,NA,NA,0.138949549437314,3.57890203348139,0.9
800,800,69,"Shrinkage",1.3076408499117,1.69999999999982,20870576,20970576,21370576,NA,NA,NA,NA,NA,NA,NA,0.930561811480661,5.19010690904676,0.98
1200,800,69,"TS-RIGHT",0.317961695364749,6.75,20880576,20980576,21080576,"TS_n1200_h069793c2",0.5,150,8,76,0.02,NA,NA,NA,NA
1200,800,69,"IHT",0.42690864956603,4.02999999999975,20880576,20980576,NA,"IHT_n1200_h2051495b",NA,NA,NA,NA,0.01,200,NA,NA,NA
1200,800,69,"Lasso",0.530766180955459,5.5300000000002,20880576,20980576,21180576,NA,NA,NA,NA,NA,NA,NA,0.76807403792724,NA,NA
1200,800,69,"Adaptive Huber",0.270526319737753,227.66,20880576,20980576,21280576,NA,NA,NA,NA,NA,NA,NA,0.372759372031494,6.49306706000649,0.95
1200,800,69,"Shrinkage",1.33791332966735,3.59000000000015,20880576,20980576,21380576,NA,NA,NA,NA,NA,NA,NA,0.74051520536489,3.70233460042697,0.95
1600,800,69,"TS-RIGHT",0.299712783781648,8.40999999999985,20890576,20990576,21090576,"TS_n1600_h21db9f6b",0.5,150,8,76,0.02,NA,NA,NA,NA
1600,800,69,"IHT",0.419204265757063,6.11999999999989,20890576,20990576,NA,"IHT_n1600_h06b009d4",NA,NA,NA,NA,0.01,200,NA,NA,NA
1600,800,69,"Lasso",0.542075203341501,6.61000000000013,20890576,20990576,21190576,NA,NA,NA,NA,NA,NA,NA,0.79024421961828,NA,NA
1600,800,69,"Adaptive Huber",0.273964406811317,311.57,20890576,20990576,21290576,NA,NA,NA,NA,NA,NA,NA,0.372759372031494,6.98977608959523,0.95
1600,800,69,"Shrinkage",1.18616306870479,14.54,20890576,20990576,21390576,NA,NA,NA,NA,NA,NA,NA,0.562580749746327,3.48104795401106,0.95
2000,800,69,"TS-RIGHT",0.184095626837697,8.69999999999982,20900576,21000576,21100576,"TS_n2000_h06bee7e5",0.5,150,8,76,0.02,NA,NA,NA,NA
2000,800,69,"IHT",0.280837285137589,8.84999999999991,20900576,21000576,NA,"IHT_n2000_h371ec77d",NA,NA,NA,NA,0.01,200,NA,NA,NA
2000,800,69,"Lasso",0.471302307200661,4.33000000000038,20900576,21000576,21200576,NA,NA,NA,NA,NA,NA,NA,0.499944453870793,NA,NA
2000,800,69,"Adaptive Huber",0.197973096325312,378.22,20900576,21000576,21300576,NA,NA,NA,NA,NA,NA,NA,0.138949549437314,6.26320885138992,0.95
2000,800,69,"Shrinkage",0.963196276381355,13.4299999999998,20900576,21000576,21400576,NA,NA,NA,NA,NA,NA,NA,0.810164609318949,5.15963173722059,0.98
2400,800,69,"TS-RIGHT",0.160308976705268,8.80999999999995,20910576,21010576,21110576,"TS_n2400_h2202f38e",0.5,150,8,76,0.02,NA,NA,NA,NA
2400,800,69,"IHT",0.300705417401345,8.34999999999991,20910576,21010576,NA,"IHT_n2400_h1d7d87f6",NA,NA,NA,NA,0.01,200,NA,NA,NA
2400,800,69,"Lasso",0.471671944203791,5.07999999999993,20910576,21010576,21210576,NA,NA,NA,NA,NA,NA,NA,0.763887924424662,NA,NA
2400,800,69,"Adaptive Huber",0.201302225210537,450.79,20910576,21010576,21310576,NA,NA,NA,NA,NA,NA,NA,0.372759372031494,6.26881959312924,0.95
2400,800,69,"Shrinkage",0.659837901760232,14.5800000000004,20910576,21010576,21410576,NA,NA,NA,NA,NA,NA,NA,0.621443105654318,5.07399775838771,0.98
800,800,70,"TS-RIGHT",0.274922495067103,8.5600000000004,20870577,20970577,21070577,"TS_n800_h155f087a",0.5,200,8,101,0.02,NA,NA,NA,NA
800,800,70,"IHT",0.553590767989927,2.55999999999995,20870577,20970577,NA,"IHT_n800_h17021d83",NA,NA,NA,NA,0.01,200,NA,NA,NA
800,800,70,"Lasso",0.677775250226525,0.769999999999982,20870577,20970577,21170577,NA,NA,NA,NA,NA,NA,NA,0.502686403940165,NA,NA
800,800,70,"Adaptive Huber",0.37333810492549,146.17,20870577,20970577,21270577,NA,NA,NA,NA,NA,NA,NA,0.372759372031494,5.29623692503741,0.95
800,800,70,"Shrinkage",1.4780961263386,1.94999999999982,20870577,20970577,21370577,NA,NA,NA,NA,NA,NA,NA,0.972153416277099,3.44909262945809,0.95
1200,800,70,"TS-RIGHT",0.262625760916818,7.29999999999973,20880577,20980577,21080577,"TS_n1200_h069793c2",0.5,150,8,76,0.02,NA,NA,NA,NA
1200,800,70,"IHT",0.726561126130415,3.84000000000015,20880577,20980577,NA,"IHT_n1200_h2051495b",NA,NA,NA,NA,0.01,200,NA,NA,NA
1200,800,70,"Lasso",0.844658943305692,5.05999999999995,20880577,20980577,21180577,NA,NA,NA,NA,NA,NA,NA,0.87102670145087,NA,NA
1200,800,70,"Adaptive Huber",0.30263396715839,226.33,20880577,20980577,21280577,NA,NA,NA,NA,NA,NA,NA,0.372759372031494,6.41577594320937,0.95
1200,800,70,"Shrinkage",1.43152798139518,4.24000000000024,20880577,20980577,21380577,NA,NA,NA,NA,NA,NA,NA,0.665198490363784,3.46120467269102,0.95
1600,800,70,"TS-RIGHT",0.107823992783038,8.5300000000002,20890577,20990577,21090577,"TS_n1600_h21db9f6b",0.5,150,8,76,0.02,NA,NA,NA,NA
1600,800,70,"IHT",3.33893215685988e+74,5.58999999999969,20890577,20990577,NA,"IHT_n1600_h06b009d4",NA,NA,NA,NA,0.01,200,NA,NA,NA
1600,800,70,"Lasso",0.692637612252896,10.3200000000002,20890577,20990577,21190577,NA,NA,NA,NA,NA,NA,NA,1.29459406293268,NA,NA
1600,800,70,"Adaptive Huber",0.258606296312962,312.4,20890577,20990577,21290577,NA,NA,NA,NA,NA,NA,NA,0.372759372031494,7.10953773177421,0.95
1600,800,70,"Shrinkage",1.25450325565251,12.25,20890577,20990577,21390577,NA,NA,NA,NA,NA,NA,NA,0.621616660420075,2.59171104648496,0.9
2000,800,70,"TS-RIGHT",0.177951741001056,8,20900577,21000577,21100577,"TS_n2000_h06bee7e5",0.5,150,8,76,0.02,NA,NA,NA,NA
2000,800,70,"IHT",0.211518934817308,7.73000000000002,20900577,21000577,NA,"IHT_n2000_h371ec77d",NA,NA,NA,NA,0.01,200,NA,NA,NA
2000,800,70,"Lasso",0.303852538322253,4.82999999999993,20900577,21000577,21200577,NA,NA,NA,NA,NA,NA,NA,0.409704286444245,NA,NA
2000,800,70,"Adaptive Huber",0.194188092955557,373.28,20900577,21000577,21300577,NA,NA,NA,NA,NA,NA,NA,0.138949549437314,5.56135366379156,0.95
2000,800,70,"Shrinkage",0.953248602144697,14.1400000000003,20900577,21000577,21400577,NA,NA,NA,NA,NA,NA,NA,0.48575806478605,5.36433325684573,0.98
2400,800,70,"TS-RIGHT",0.177401587659036,8.80999999999995,20910577,21010577,21110577,"TS_n2400_h2202f38e",0.5,150,8,76,0.02,NA,NA,NA,NA
2400,800,70,"IHT",0.828460017386653,7.84999999999991,20910577,21010577,NA,"IHT_n2400_h1d7d87f6",NA,NA,NA,NA,0.01,200,NA,NA,NA
2400,800,70,"Lasso",1.12203416684726,6,20910577,21010577,21210577,NA,NA,NA,NA,NA,NA,NA,1.57079204627906,NA,NA
2400,800,70,"Adaptive Huber",0.241609858848865,456.57,20910577,21010577,21310577,NA,NA,NA,NA,NA,NA,NA,0.372759372031494,7.20193330468525,0.95
2400,800,70,"Shrinkage",0.707311229967314,14.8499999999999,20910577,21010577,21410577,NA,NA,NA,NA,NA,NA,NA,0.673044283879687,3.48935981195556,0.95
800,800,71,"TS-RIGHT",0.277092121257348,8.13999999999987,20870578,20970578,21070578,"TS_n800_h155f087a",0.5,200,8,101,0.02,NA,NA,NA,NA
800,800,71,"IHT",0.376471785512357,2.65999999999985,20870578,20970578,NA,"IHT_n800_h17021d83",NA,NA,NA,NA,0.01,200,NA,NA,NA
800,800,71,"Lasso",0.602097290745549,0.829999999999927,20870578,20970578,21170578,NA,NA,NA,NA,NA,NA,NA,0.595307468197935,NA,NA
800,800,71,"Adaptive Huber",0.399824320011936,146.89,20870578,20970578,21270578,NA,NA,NA,NA,NA,NA,NA,0.372759372031494,6.86370671321676,0.95
800,800,71,"Shrinkage",1.45076756444673,1.89000000000033,20870578,20970578,21370578,NA,NA,NA,NA,NA,NA,NA,0.869767397699087,5.07041456636507,0.98
1200,800,71,"TS-RIGHT",0.281430098020342,8.32999999999993,20880578,20980578,21080578,"TS_n1200_h069793c2",0.5,150,8,76,0.02,NA,NA,NA,NA
1200,800,71,"IHT",0.754371629361271,3.75,20880578,20980578,NA,"IHT_n1200_h2051495b",NA,NA,NA,NA,0.01,200,NA,NA,NA
1200,800,71,"Lasso",0.861266536386,6.96000000000004,20880578,20980578,21180578,NA,NA,NA,NA,NA,NA,NA,0.87382570001758,NA,NA
1200,800,71,"Adaptive Huber",0.287145082324265,225.18,20880578,20980578,21280578,NA,NA,NA,NA,NA,NA,NA,0.372759372031494,6.96236696320578,0.95
1200,800,71,"Shrinkage",1.27859228546373,4.07999999999993,20880578,20980578,21380578,NA,NA,NA,NA,NA,NA,NA,0.578380625269215,5.15610893849177,0.98
1600,800,71,"TS-RIGHT",0.244961817734209,8.19000000000005,20890578,20990578,21090578,"TS_n1600_h21db9f6b",0.5,150,8,76,0.02,NA,NA,NA,NA
1600,800,71,"IHT",0.501876327869158,5.07999999999993,20890578,20990578,NA,"IHT_n1600_h06b009d4",NA,NA,NA,NA,0.01,200,NA,NA,NA
1600,800,71,"Lasso",0.938264723330426,6.40000000000009,20890578,20990578,21190578,NA,NA,NA,NA,NA,NA,NA,0.976926614227535,NA,NA
1600,800,71,"Adaptive Huber",0.25797782124015,303.41,20890578,20990578,21290578,NA,NA,NA,NA,NA,NA,NA,0.138949549437314,7.51384435891298,0.95
1600,800,71,"Shrinkage",1.38806752656407,15,20890578,20990578,21390578,NA,NA,NA,NA,NA,NA,NA,0.577456529782093,3.43271612071319,0.95
2000,800,71,"TS-RIGHT",0.193809530741489,7.71000000000004,20900578,21000578,21100578,"TS_n2000_h06bee7e5",0.5,150,8,76,0.02,NA,NA,NA,NA
2000,800,71,"IHT",4.79677865715356e+45,8.38999999999987,20900578,21000578,NA,"IHT_n2000_h371ec77d",NA,NA,NA,NA,0.01,200,NA,NA,NA
2000,800,71,"Lasso",0.349583426383988,6.73999999999978,20900578,21000578,21200578,NA,NA,NA,NA,NA,NA,NA,0.391351863317423,NA,NA
2000,800,71,"Adaptive Huber",0.210809152124755,373.9,20900578,21000578,21300578,NA,NA,NA,NA,NA,NA,NA,0.372759372031494,6.78619428169066,0.95
2000,800,71,"Shrinkage",1.30543906096366,14.3600000000001,20900578,21000578,21400578,NA,NA,NA,NA,NA,NA,NA,0.787358566251775,3.58154899404004,0.95
2400,800,71,"TS-RIGHT",0.125509486548787,13.4400000000001,20910578,21010578,21110578,"TS_n2400_h2202f38e",0.5,150,8,76,0.02,NA,NA,NA,NA
2400,800,71,"IHT",0.367024738211553,10.6200000000003,20910578,21010578,NA,"IHT_n2400_h1d7d87f6",NA,NA,NA,NA,0.01,200,NA,NA,NA
2400,800,71,"Lasso",0.393891068182378,5.77999999999975,20910578,21010578,21210578,NA,NA,NA,NA,NA,NA,NA,0.387869602389867,NA,NA
2400,800,71,"Adaptive Huber",0.268859512077669,456.02,20910578,21010578,21310578,NA,NA,NA,NA,NA,NA,NA,0.372759372031494,5.5314006158115,0.95
2400,800,71,"Shrinkage",1.37739788586735,16.2200000000003,20910578,21010578,21410578,NA,NA,NA,NA,NA,NA,NA,0.80328012968297,3.67539269254897,0.95
800,800,72,"TS-RIGHT",0.295087504047935,14.5,20870579,20970579,21070579,"TS_n800_h155f087a",0.5,200,8,101,0.02,NA,NA,NA,NA
800,800,72,"IHT",0.696324181406538,3.90000000000009,20870579,20970579,NA,"IHT_n800_h17021d83",NA,NA,NA,NA,0.01,200,NA,NA,NA
800,800,72,"Lasso",0.571862687706179,1.94000000000005,20870579,20970579,21170579,NA,NA,NA,NA,NA,NA,NA,0.942565055366165,NA,NA
800,800,72,"Adaptive Huber",0.219432855598248,140.16,20870579,20970579,21270579,NA,NA,NA,NA,NA,NA,NA,0.372759372031494,6.34990385641582,0.95
800,800,72,"Shrinkage",1.52907369876042,1.09000000000015,20870579,20970579,21370579,NA,NA,NA,NA,NA,NA,NA,1.06382204962682,3.88602394900614,0.95
1200,800,72,"TS-RIGHT",0.301284192778643,12.3499999999999,20880579,20980579,21080579,"TS_n1200_h069793c2",0.5,150,8,76,0.02,NA,NA,NA,NA
1200,800,72,"IHT",0.128241050039646,4.92999999999984,20880579,20980579,NA,"IHT_n1200_h2051495b",NA,NA,NA,NA,0.01,200,NA,NA,NA
1200,800,72,"Lasso",0.3099583140738,3.93000000000029,20880579,20980579,21180579,NA,NA,NA,NA,NA,NA,NA,0.496263901063164,NA,NA
1200,800,72,"Adaptive Huber",0.22976675343307,205.64,20880579,20980579,21280579,NA,NA,NA,NA,NA,NA,NA,0.372759372031494,6.09673208569536,0.95
1200,800,72,"Shrinkage",1.19168032357266,4.5,20880579,20980579,21380579,NA,NA,NA,NA,NA,NA,NA,0.523930639807113,5.52383854072563,0.98
1600,800,72,"TS-RIGHT",0.223078689052557,12.3700000000003,20890579,20990579,21090579,"TS_n1600_h21db9f6b",0.5,150,8,76,0.02,NA,NA,NA,NA
1600,800,72,"IHT",0.303019453651502,7.23000000000002,20890579,20990579,NA,"IHT_n1600_h06b009d4",NA,NA,NA,NA,0.01,200,NA,NA,NA
1600,800,72,"Lasso",0.330377880744383,5.76999999999998,20890579,20990579,21190579,NA,NA,NA,NA,NA,NA,NA,0.442263891947092,NA,NA
1600,800,72,"Adaptive Huber",0.264745646347342,287.59,20890579,20990579,21290579,NA,NA,NA,NA,NA,NA,NA,0.372759372031494,5.28217374427793,0.95
1600,800,72,"Shrinkage",1.04164652225421,11.8800000000001,20890579,20990579,21390579,NA,NA,NA,NA,NA,NA,NA,0.806187789252531,3.53331589979621,0.95
2000,800,72,"TS-RIGHT",0.151833570045894,13.4200000000001,20900579,21000579,21100579,"TS_n2000_h06bee7e5",0.5,150,8,76,0.02,NA,NA,NA,NA
2000,800,72,"IHT",2.12340997291466,8.17000000000007,20900579,21000579,NA,"IHT_n2000_h371ec77d",NA,NA,NA,NA,0.01,200,NA,NA,NA
2000,800,72,"Lasso",3.82072275421308,10.6900000000001,20900579,21000579,21200579,NA,NA,NA,NA,NA,NA,NA,5.21544095950919,NA,NA
2000,800,72,"Adaptive Huber",0.219078762807131,365.06,20900579,21000579,21300579,NA,NA,NA,NA,NA,NA,NA,0.372759372031494,16.5415156895397,0.95
2000,800,72,"Shrinkage",1.19390253991774,13.79,20900579,21000579,21400579,NA,NA,NA,NA,NA,NA,NA,0.592548236808356,3.66839870947068,0.95
2400,800,72,"TS-RIGHT",0.23114438617107,13.1900000000001,20910579,21010579,21110579,"TS_n2400_h2202f38e",0.5,150,8,76,0.02,NA,NA,NA,NA
2400,800,72,"IHT",0.335598861813577,7.7800000000002,20910579,21010579,NA,"IHT_n2400_h1d7d87f6",NA,NA,NA,NA,0.01,200,NA,NA,NA
2400,800,72,"Lasso",0.48438925919549,5.88999999999987,20910579,21010579,21210579,NA,NA,NA,NA,NA,NA,NA,0.376544248873864,NA,NA
2400,800,72,"Adaptive Huber",0.261406234044349,444.23,20910579,21010579,21310579,NA,NA,NA,NA,NA,NA,NA,0.372759372031494,5.94231173769598,0.95
2400,800,72,"Shrinkage",1.11942253366373,15.6399999999999,20910579,21010579,21410579,NA,NA,NA,NA,NA,NA,NA,0.963344740495149,5.33293684479081,0.98
800,800,73,"TS-RIGHT",0.305467550310822,13.5,20870580,20970580,21070580,"TS_n800_h155f087a",0.5,200,8,101,0.02,NA,NA,NA,NA
800,800,73,"IHT",0.325602196304959,2.65000000000009,20870580,20970580,NA,"IHT_n800_h17021d83",NA,NA,NA,NA,0.01,200,NA,NA,NA
800,800,73,"Lasso",0.467087187832114,0.809999999999945,20870580,20970580,21170580,NA,NA,NA,NA,NA,NA,NA,0.562935695947057,NA,NA
800,800,73,"Adaptive Huber",0.350395975507631,125.93,20870580,20970580,21270580,NA,NA,NA,NA,NA,NA,NA,0.372759372031494,6.03642451355546,0.95
800,800,73,"Shrinkage",1.58196554249799,1.46000000000004,20870580,20970580,21370580,NA,NA,NA,NA,NA,NA,NA,0.833361744490746,5.47082456587251,0.98
1200,800,73,"TS-RIGHT",0.190803854213434,7.91999999999962,20880580,20980580,21080580,"TS_n1200_h069793c2",0.5,150,8,76,0.02,NA,NA,NA,NA
1200,800,73,"IHT",0.393085941138249,3.94000000000005,20880580,20980580,NA,"IHT_n1200_h2051495b",NA,NA,NA,NA,0.01,200,NA,NA,NA
1200,800,73,"Lasso",0.531712565459828,5.53999999999996,20880580,20980580,21180580,NA,NA,NA,NA,NA,NA,NA,0.60308054463388,NA,NA
1200,800,73,"Adaptive Huber",0.254167388857581,202.13,20880580,20980580,21280580,NA,NA,NA,NA,NA,NA,NA,0.138949549437314,6.16546280547283,0.95
1200,800,73,"Shrinkage",1.19425798817109,3.65000000000009,20880580,20980580,21380580,NA,NA,NA,NA,NA,NA,NA,0.602630454800705,3.69766974027934,0.95
1600,800,73,"TS-RIGHT",0.212539214606992,7.82999999999993,20890580,20990580,21090580,"TS_n1600_h21db9f6b",0.5,150,8,76,0.02,NA,NA,NA,NA
1600,800,73,"IHT",0.262195204121308,5.26999999999998,20890580,20990580,NA,"IHT_n1600_h06b009d4",NA,NA,NA,NA,0.01,200,NA,NA,NA
1600,800,73,"Lasso",0.504532326415111,4.51000000000022,20890580,20990580,21190580,NA,NA,NA,NA,NA,NA,NA,0.614792856284047,NA,NA
1600,800,73,"Adaptive Huber",0.255080644586528,292.97,20890580,20990580,21290580,NA,NA,NA,NA,NA,NA,NA,0.372759372031494,5.63230646460371,0.95
1600,800,73,"Shrinkage",1.32111239598717,12.8000000000002,20890580,20990580,21390580,NA,NA,NA,NA,NA,NA,NA,0.697875460914268,3.61939379314876,0.95
2000,800,73,"TS-RIGHT",0.271461690374744,8.94000000000005,20900580,21000580,21100580,"TS_n2000_h06bee7e5",0.5,150,8,76,0.02,NA,NA,NA,NA
2000,800,73,"IHT",0.160838059565378,6.51999999999998,20900580,21000580,NA,"IHT_n2000_h371ec77d",NA,NA,NA,NA,0.01,200,NA,NA,NA
2000,800,73,"Lasso",0.35935874070209,5.36999999999989,20900580,21000580,21200580,NA,NA,NA,NA,NA,NA,NA,0.424725544987213,NA,NA
2000,800,73,"Adaptive Huber",0.275395610887626,351.64,20900580,21000580,21300580,NA,NA,NA,NA,NA,NA,NA,0.372759372031494,6.5936440484555,0.95
2000,800,73,"Shrinkage",1.21261276221188,14.9400000000001,20900580,21000580,21400580,NA,NA,NA,NA,NA,NA,NA,0.45371627176916,3.63381008528417,0.95
2400,800,73,"TS-RIGHT",0.182743375913504,9.15999999999985,20910580,21010580,21110580,"TS_n2400_h2202f38e",0.5,150,8,76,0.02,NA,NA,NA,NA
2400,800,73,"IHT",0.276806885706013,7.11000000000013,20910580,21010580,NA,"IHT_n2400_h1d7d87f6",NA,NA,NA,NA,0.01,200,NA,NA,NA
2400,800,73,"Lasso",0.263265401324566,4.32999999999993,20910580,21010580,21210580,NA,NA,NA,NA,NA,NA,NA,0.303612799574281,NA,NA
2400,800,73,"Adaptive Huber",0.257799616119005,419.38,20910580,21010580,21310580,NA,NA,NA,NA,NA,NA,NA,0.372759372031494,6.37124282743847,0.95
2400,800,73,"Shrinkage",1.03762960350124,16.48,20910580,21010580,21410580,NA,NA,NA,NA,NA,NA,NA,0.440681313308582,2.5316118777455,0.9
800,800,74,"TS-RIGHT",0.405903023617929,9,20870581,20970581,21070581,"TS_n800_h155f087a",0.5,200,8,101,0.02,NA,NA,NA,NA
800,800,74,"IHT",0.451611263284063,2.84999999999991,20870581,20970581,NA,"IHT_n800_h17021d83",NA,NA,NA,NA,0.01,200,NA,NA,NA
800,800,74,"Lasso",1.00167839239767,1.09999999999991,20870581,20970581,21170581,NA,NA,NA,NA,NA,NA,NA,1.38342665188264,NA,NA
800,800,74,"Adaptive Huber",0.305528055117943,126.36,20870581,20970581,21270581,NA,NA,NA,NA,NA,NA,NA,0.372759372031494,4.56612809294222,0.9
800,800,74,"Shrinkage",1.77264133733206,1.84999999999991,20870581,20970581,21370581,NA,NA,NA,NA,NA,NA,NA,0.790467967564732,3.49416579666803,0.95
1200,800,74,"TS-RIGHT",0.328107683659411,7.97000000000025,20880581,20980581,21080581,"TS_n1200_h069793c2",0.5,150,8,76,0.02,NA,NA,NA,NA
1200,800,74,"IHT",0.468745340201285,3.25,20880581,20980581,NA,"IHT_n1200_h2051495b",NA,NA,NA,NA,0.01,200,NA,NA,NA
1200,800,74,"Lasso",0.53582870777763,3.03999999999996,20880581,20980581,21180581,NA,NA,NA,NA,NA,NA,NA,0.461561633081385,NA,NA
1200,800,74,"Adaptive Huber",0.471611300921543,198.84,20880581,20980581,21280581,NA,NA,NA,NA,NA,NA,NA,0.372759372031494,11.3233413200071,0.98
1200,800,74,"Shrinkage",1.31186749429392,4.23999999999978,20880581,20980581,21380581,NA,NA,NA,NA,NA,NA,NA,0.54110199405799,3.3626249377769,0.95
1600,800,74,"TS-RIGHT",0.199188557269187,8.51000000000022,20890581,20990581,21090581,"TS_n1600_h21db9f6b",0.5,150,8,76,0.02,NA,NA,NA,NA
1600,800,74,"IHT",0.386228060566251,4.69999999999982,20890581,20990581,NA,"IHT_n1600_h06b009d4",NA,NA,NA,NA,0.01,200,NA,NA,NA
1600,800,74,"Lasso",0.355401446731504,4.42000000000007,20890581,20990581,21190581,NA,NA,NA,NA,NA,NA,NA,0.694525957145767,NA,NA
1600,800,74,"Adaptive Huber",0.221929056201448,283.17,20890581,20990581,21290581,NA,NA,NA,NA,NA,NA,NA,0.138949549437314,6.13140130578703,0.95
1600,800,74,"Shrinkage",1.41185200092263,11.9899999999998,20890581,20990581,21390581,NA,NA,NA,NA,NA,NA,NA,0.798589199142702,3.60599547740297,0.95
2000,800,74,"TS-RIGHT",0.189793696591334,8.38999999999987,20900581,21000581,21100581,"TS_n2000_h06bee7e5",0.5,150,8,76,0.02,NA,NA,NA,NA
2000,800,74,"IHT",0.350332391313985,8.16000000000031,20900581,21000581,NA,"IHT_n2000_h371ec77d",NA,NA,NA,NA,0.01,200,NA,NA,NA
2000,800,74,"Lasso",0.372798208250631,5.25,20900581,21000581,21200581,NA,NA,NA,NA,NA,NA,NA,0.393967575628232,NA,NA
2000,800,74,"Adaptive Huber",0.122385857329838,353.14,20900581,21000581,21300581,NA,NA,NA,NA,NA,NA,NA,0.138949549437314,3.69967022322176,0.9
2000,800,74,"Shrinkage",1.21163836059095,14.0599999999999,20900581,21000581,21400581,NA,NA,NA,NA,NA,NA,NA,0.702351366986316,3.59031258286357,0.95
2400,800,74,"TS-RIGHT",0.165898544223182,9.77999999999975,20910581,21010581,21110581,"TS_n2400_h2202f38e",0.5,150,8,76,0.02,NA,NA,NA,NA
2400,800,74,"IHT",0.161138396173803,9.5300000000002,20910581,21010581,NA,"IHT_n2400_h1d7d87f6",NA,NA,NA,NA,0.01,200,NA,NA,NA
2400,800,74,"Lasso",0.347293494000394,7.50999999999976,20910581,21010581,21210581,NA,NA,NA,NA,NA,NA,NA,0.503792098260749,NA,NA
2400,800,74,"Adaptive Huber",0.209073286425263,451.11,20910581,21010581,21310581,NA,NA,NA,NA,NA,NA,NA,0.372759372031494,5.38739118259933,0.95
2400,800,74,"Shrinkage",0.772210298520253,16.4899999999998,20910581,21010581,21410581,NA,NA,NA,NA,NA,NA,NA,0.899304297729072,5.37821875607898,0.98
800,800,75,"TS-RIGHT",0.324639040492839,9.09999999999991,20870582,20970582,21070582,"TS_n800_h155f087a",0.5,200,8,101,0.02,NA,NA,NA,NA
800,800,75,"IHT",0.498858816460068,2.98999999999978,20870582,20970582,NA,"IHT_n800_h17021d83",NA,NA,NA,NA,0.01,200,NA,NA,NA
800,800,75,"Lasso",0.502040779307068,0.670000000000073,20870582,20970582,21170582,NA,NA,NA,NA,NA,NA,NA,0.52196740515038,NA,NA
800,800,75,"Adaptive Huber",0.287226298095872,126.14,20870582,20970582,21270582,NA,NA,NA,NA,NA,NA,NA,0.138949549437314,4.01508835155528,0.9
800,800,75,"Shrinkage",1.41354102984334,1.33000000000038,20870582,20970582,21370582,NA,NA,NA,NA,NA,NA,NA,0.37915020656789,5.77200108109584,0.98
1200,800,75,"TS-RIGHT",0.345920465310169,6.69000000000005,20880582,20980582,21080582,"TS_n1200_h069793c2",0.5,150,8,76,0.02,NA,NA,NA,NA
1200,800,75,"IHT",0.404134298805746,3.28999999999996,20880582,20980582,NA,"IHT_n1200_h2051495b",NA,NA,NA,NA,0.01,200,NA,NA,NA
1200,800,75,"Lasso",0.432714359358266,4.2800000000002,20880582,20980582,21180582,NA,NA,NA,NA,NA,NA,NA,0.676463956948013,NA,NA
1200,800,75,"Adaptive Huber",0.249243970187579,204.33,20880582,20980582,21280582,NA,NA,NA,NA,NA,NA,NA,0.372759372031494,6.11744311378876,0.95
1200,800,75,"Shrinkage",1.47591133088288,4.44000000000005,20880582,20980582,21380582,NA,NA,NA,NA,NA,NA,NA,0.52311480587527,5.23660424395541,0.98
1600,800,75,"TS-RIGHT",0.158107311935902,7.96000000000004,20890582,20990582,21090582,"TS_n1600_h21db9f6b",0.5,150,8,76,0.02,NA,NA,NA,NA
1600,800,75,"IHT",0.345174729901257,6.82999999999993,20890582,20990582,NA,"IHT_n1600_h06b009d4",NA,NA,NA,NA,0.01,200,NA,NA,NA
1600,800,75,"Lasso",0.455504792133587,5.4699999999998,20890582,20990582,21190582,NA,NA,NA,NA,NA,NA,NA,0.530158231595641,NA,NA
1600,800,75,"Adaptive Huber",0.203265505592446,280.41,20890582,20990582,21290582,NA,NA,NA,NA,NA,NA,NA,0.138949549437314,6.07716730938099,0.95
1600,800,75,"Shrinkage",1.08801769773761,14.8600000000001,20890582,20990582,21390582,NA,NA,NA,NA,NA,NA,NA,0.702505274971371,3.62148255935256,0.95
2000,800,75,"TS-RIGHT",0.196873837663837,8.28999999999996,20900582,21000582,21100582,"TS_n2000_h06bee7e5",0.5,150,8,76,0.02,NA,NA,NA,NA
2000,800,75,"IHT",1.02522573511103,7.59999999999991,20900582,21000582,NA,"IHT_n2000_h371ec77d",NA,NA,NA,NA,0.01,200,NA,NA,NA
2000,800,75,"Lasso",1.23829759931797,6.25,20900582,21000582,21200582,NA,NA,NA,NA,NA,NA,NA,1.77234714099854,NA,NA
2000,800,75,"Adaptive Huber",0.259515618484251,368.39,20900582,21000582,21300582,NA,NA,NA,NA,NA,NA,NA,0.372759372031494,8.20638449130239,0.95
2000,800,75,"Shrinkage",1.45625843924307,16.0299999999997,20900582,21000582,21400582,NA,NA,NA,NA,NA,NA,NA,0.805686951216724,3.55858741893603,0.95
2400,800,75,"TS-RIGHT",0.18755527571682,9.46000000000004,20910582,21010582,21110582,"TS_n2400_h2202f38e",0.5,150,8,76,0.02,NA,NA,NA,NA
2400,800,75,"IHT",0.302315262696256,8.61999999999989,20910582,21010582,NA,"IHT_n2400_h1d7d87f6",NA,NA,NA,NA,0.01,200,NA,NA,NA
2400,800,75,"Lasso",0.538212077888268,9.09999999999991,20910582,21010582,21210582,NA,NA,NA,NA,NA,NA,NA,0.480415100957794,NA,NA
2400,800,75,"Adaptive Huber",0.139474581732928,438.98,20910582,21010582,21310582,NA,NA,NA,NA,NA,NA,NA,0.138949549437314,4.07861042653097,0.9
2400,800,75,"Shrinkage",1.04543021980645,14.6600000000008,20910582,21010582,21410582,NA,NA,NA,NA,NA,NA,NA,0.742018364306303,3.82814531081074,0.95
800,800,76,"TS-RIGHT",0.313159750795072,9.88000000000011,20870583,20970583,21070583,"TS_n800_h155f087a",0.5,200,8,101,0.02,NA,NA,NA,NA
800,800,76,"IHT",2.1879162328041e+92,2.75,20870583,20970583,NA,"IHT_n800_h17021d83",NA,NA,NA,NA,0.01,200,NA,NA,NA
800,800,76,"Lasso",0.633201386802862,0.75,20870583,20970583,21170583,NA,NA,NA,NA,NA,NA,NA,0.533918765477017,NA,NA
800,800,76,"Adaptive Huber",0.382707135945295,126.72,20870583,20970583,21270583,NA,NA,NA,NA,NA,NA,NA,0.372759372031494,5.51899934701162,0.95
800,800,76,"Shrinkage",1.33313567500148,1.17999999999984,20870583,20970583,21370583,NA,NA,NA,NA,NA,NA,NA,0.624697566059015,5.2100730525186,0.98
1200,800,76,"TS-RIGHT",0.16728294375887,7.17000000000007,20880583,20980583,21080583,"TS_n1200_h069793c2",0.5,150,8,76,0.02,NA,NA,NA,NA
1200,800,76,"IHT",0.301281327555379,4.75999999999976,20880583,20980583,NA,"IHT_n1200_h2051495b",NA,NA,NA,NA,0.01,200,NA,NA,NA
1200,800,76,"Lasso",0.44557879289302,3.36000000000013,20880583,20980583,21180583,NA,NA,NA,NA,NA,NA,NA,0.550799626919854,NA,NA
1200,800,76,"Adaptive Huber",0.351381100424235,198.57,20880583,20980583,21280583,NA,NA,NA,NA,NA,NA,NA,0.372759372031494,5.78636504648421,0.95
1200,800,76,"Shrinkage",1.38210069221438,3.56999999999971,20880583,20980583,21380583,NA,NA,NA,NA,NA,NA,NA,0.62078533063796,5.26082126797341,0.98
1600,800,76,"TS-RIGHT",0.223288503343763,7.85999999999967,20890583,20990583,21090583,"TS_n1600_h21db9f6b",0.5,150,8,76,0.02,NA,NA,NA,NA
1600,800,76,"IHT",0.368825140327112,5.17000000000007,20890583,20990583,NA,"IHT_n1600_h06b009d4",NA,NA,NA,NA,0.01,200,NA,NA,NA
1600,800,76,"Lasso",0.509887932600933,4.80999999999995,20890583,20990583,21190583,NA,NA,NA,NA,NA,NA,NA,0.536671723461369,NA,NA
1600,800,76,"Adaptive Huber",0.257179067991399,279.15,20890583,20990583,21290583,NA,NA,NA,NA,NA,NA,NA,0.372759372031494,6.86876149978184,0.95
1600,800,76,"Shrinkage",1.1634793374814,14.4499999999998,20890583,20990583,21390583,NA,NA,NA,NA,NA,NA,NA,0.747136691811224,5.20537852183026,0.98
2000,800,76,"TS-RIGHT",0.222175735737875,9.19000000000005,20900583,21000583,21100583,"TS_n2000_h06bee7e5",0.5,150,8,76,0.02,NA,NA,NA,NA
2000,800,76,"IHT",0.270874302135231,8.36000000000013,20900583,21000583,NA,"IHT_n2000_h371ec77d",NA,NA,NA,NA,0.01,200,NA,NA,NA
2000,800,76,"Lasso",0.324446846576205,3.79999999999973,20900583,21000583,21200583,NA,NA,NA,NA,NA,NA,NA,0.469070037741312,NA,NA
2000,800,76,"Adaptive Huber",0.260419673104508,358.71,20900583,21000583,21300583,NA,NA,NA,NA,NA,NA,NA,0.372759372031494,10.1386628886789,0.98
2000,800,76,"Shrinkage",1.01018665758226,14.7600000000002,20900583,21000583,21400583,NA,NA,NA,NA,NA,NA,NA,0.622829396953507,3.4883096380332,0.95
2400,800,76,"TS-RIGHT",0.257587901518917,9.13999999999987,20910583,21010583,21110583,"TS_n2400_h2202f38e",0.5,150,8,76,0.02,NA,NA,NA,NA
2400,800,76,"IHT",0.279022905204721,8.33000000000038,20910583,21010583,NA,"IHT_n2400_h1d7d87f6",NA,NA,NA,NA,0.01,200,NA,NA,NA
2400,800,76,"Lasso",0.375424464824333,6.13999999999987,20910583,21010583,21210583,NA,NA,NA,NA,NA,NA,NA,0.470026087402879,NA,NA
2400,800,76,"Adaptive Huber",0.226965625701386,437.78,20910583,21010583,21310583,NA,NA,NA,NA,NA,NA,NA,0.372759372031494,6.1651612429794,0.95
2400,800,76,"Shrinkage",0.990511783963141,15.6300000000001,20910583,21010583,21410583,NA,NA,NA,NA,NA,NA,NA,0.748415509210755,5.21210423210914,0.98
800,800,77,"TS-RIGHT",0.294977242031971,9.15999999999985,20870584,20970584,21070584,"TS_n800_h155f087a",0.5,200,8,101,0.02,NA,NA,NA,NA
800,800,77,"IHT",0.923646394150852,2.72000000000025,20870584,20970584,NA,"IHT_n800_h17021d83",NA,NA,NA,NA,0.01,200,NA,NA,NA
800,800,77,"Lasso",0.796973675972645,0.509999999999764,20870584,20970584,21170584,NA,NA,NA,NA,NA,NA,NA,0.880721620141861,NA,NA
800,800,77,"Adaptive Huber",0.215048934163304,120.99,20870584,20970584,21270584,NA,NA,NA,NA,NA,NA,NA,0.372759372031494,4.80134805950468,0.95
800,800,77,"Shrinkage",1.42887172959394,1.90000000000009,20870584,20970584,21370584,NA,NA,NA,NA,NA,NA,NA,0.720851790097563,3.49447535669265,0.95
1200,800,77,"TS-RIGHT",0.238813421077297,7.25,20880584,20980584,21080584,"TS_n1200_h069793c2",0.5,150,8,76,0.02,NA,NA,NA,NA
1200,800,77,"IHT",0.391039337504545,4.42000000000007,20880584,20980584,NA,"IHT_n1200_h2051495b",NA,NA,NA,NA,0.01,200,NA,NA,NA
1200,800,77,"Lasso",0.521603996019609,5.98000000000002,20880584,20980584,21180584,NA,NA,NA,NA,NA,NA,NA,0.860982672717418,NA,NA
1200,800,77,"Adaptive Huber",0.189489106560135,207.33,20880584,20980584,21280584,NA,NA,NA,NA,NA,NA,NA,0.372759372031494,7.23495165291229,0.95
1200,800,77,"Shrinkage",1.24375198806896,4.30000000000018,20880584,20980584,21380584,NA,NA,NA,NA,NA,NA,NA,1.07099012246464,3.84903936970147,0.95
1600,800,77,"TS-RIGHT",0.185557927472176,7.51000000000022,20890584,20990584,21090584,"TS_n1600_h21db9f6b",0.5,150,8,76,0.02,NA,NA,NA,NA
1600,800,77,"IHT",0.253361608157728,6.63999999999987,20890584,20990584,NA,"IHT_n1600_h06b009d4",NA,NA,NA,NA,0.01,200,NA,NA,NA
1600,800,77,"Lasso",0.29719550202655,4.19000000000005,20890584,20990584,21190584,NA,NA,NA,NA,NA,NA,NA,0.368855450471813,NA,NA
1600,800,77,"Adaptive Huber",0.254951187895381,271.48,20890584,20990584,21290584,NA,NA,NA,NA,NA,NA,NA,0.372759372031494,5.5064391912906,0.95
1600,800,77,"Shrinkage",1.06277740803425,13.2599999999998,20890584,20990584,21390584,NA,NA,NA,NA,NA,NA,NA,0.562858978082341,3.5385130826553,0.95
2000,800,77,"TS-RIGHT",0.176235704002151,8.5,20900584,21000584,21100584,"TS_n2000_h06bee7e5",0.5,150,8,76,0.02,NA,NA,NA,NA
2000,800,77,"IHT",0.354668476619244,5.98000000000002,20900584,21000584,NA,"IHT_n2000_h371ec77d",NA,NA,NA,NA,0.01,200,NA,NA,NA
2000,800,77,"Lasso",0.403461352848632,5.64000000000033,20900584,21000584,21200584,NA,NA,NA,NA,NA,NA,NA,0.571232466520721,NA,NA
2000,800,77,"Adaptive Huber",0.189658489597914,357.58,20900584,21000584,21300584,NA,NA,NA,NA,NA,NA,NA,0.372759372031494,5.86311615924992,0.95
2000,800,77,"Shrinkage",1.42070837169453,13.1999999999998,20900584,21000584,21400584,NA,NA,NA,NA,NA,NA,NA,0.75063840399654,3.65950909586147,0.95
2400,800,77,"TS-RIGHT",0.169937741780267,8.97000000000025,20910584,21010584,21110584,"TS_n2400_h2202f38e",0.5,150,8,76,0.02,NA,NA,NA,NA
2400,800,77,"IHT",1.04773480029131,8.00999999999976,20910584,21010584,NA,"IHT_n2400_h1d7d87f6",NA,NA,NA,NA,0.01,200,NA,NA,NA
2400,800,77,"Lasso",0.791802452805138,5.22000000000025,20910584,21010584,21210584,NA,NA,NA,NA,NA,NA,NA,0.414897861983495,NA,NA
2400,800,77,"Adaptive Huber",0.232802065868034,441.719999999999,20910584,21010584,21310584,NA,NA,NA,NA,NA,NA,NA,0.372759372031494,6.08838538087848,0.95
2400,800,77,"Shrinkage",1.09317715654385,15.6300000000001,20910584,21010584,21410584,NA,NA,NA,NA,NA,NA,NA,0.759494210158678,3.62626727022577,0.95
800,800,78,"TS-RIGHT",0.422994496657237,9.55999999999995,20870585,20970585,21070585,"TS_n800_h155f087a",0.5,200,8,101,0.02,NA,NA,NA,NA
800,800,78,"IHT",0.238174427732146,2.13000000000011,20870585,20970585,NA,"IHT_n800_h17021d83",NA,NA,NA,NA,0.01,200,NA,NA,NA
800,800,78,"Lasso",0.404843889985823,0.900000000000091,20870585,20970585,21170585,NA,NA,NA,NA,NA,NA,NA,0.498054235494684,NA,NA
800,800,78,"Adaptive Huber",0.276640783089252,121.38,20870585,20970585,21270585,NA,NA,NA,NA,NA,NA,NA,0.372759372031494,6.02401773790831,0.95
800,800,78,"Shrinkage",1.2848295180021,1.64999999999964,20870585,20970585,21370585,NA,NA,NA,NA,NA,NA,NA,0.357968378160737,5.47573487303872,0.98
1200,800,78,"TS-RIGHT",0.202753697964724,7.61000000000013,20880585,20980585,21080585,"TS_n1200_h069793c2",0.5,150,8,76,0.02,NA,NA,NA,NA
1200,800,78,"IHT",0.65966960831212,3.48000000000002,20880585,20980585,NA,"IHT_n1200_h2051495b",NA,NA,NA,NA,0.01,200,NA,NA,NA
1200,800,78,"Lasso",0.614201750141501,11.9200000000001,20880585,20980585,21180585,NA,NA,NA,NA,NA,NA,NA,0.884110420966536,NA,NA
1200,800,78,"Adaptive Huber",0.275199525464692,210.93,20880585,20980585,21280585,NA,NA,NA,NA,NA,NA,NA,0.372759372031494,6.18483246543933,0.95
1200,800,78,"Shrinkage",1.30318214641441,4.67000000000007,20880585,20980585,21380585,NA,NA,NA,NA,NA,NA,NA,0.49174073439899,5.29077103700071,0.98
1600,800,78,"TS-RIGHT",0.230189904106093,7.86000000000013,20890585,20990585,21090585,"TS_n1600_h21db9f6b",0.5,150,8,76,0.02,NA,NA,NA,NA
1600,800,78,"IHT",0.206660758768569,5.57999999999993,20890585,20990585,NA,"IHT_n1600_h06b009d4",NA,NA,NA,NA,0.01,200,NA,NA,NA
1600,800,78,"Lasso",0.479445067057949,5.15000000000009,20890585,20990585,21190585,NA,NA,NA,NA,NA,NA,NA,0.569945505184937,NA,NA
1600,800,78,"Adaptive Huber",0.288304518189457,297.25,20890585,20990585,21290585,NA,NA,NA,NA,NA,NA,NA,0.372759372031494,6.25109392834011,0.95
1600,800,78,"Shrinkage",1.3994341456903,14.5200000000004,20890585,20990585,21390585,NA,NA,NA,NA,NA,NA,NA,0.908693336853383,3.6462804594569,0.95
2000,800,78,"TS-RIGHT",0.141303074193591,7.77999999999975,20900585,21000585,21100585,"TS_n2000_h06bee7e5",0.5,150,8,76,0.02,NA,NA,NA,NA
2000,800,78,"IHT",0.304302426044883,8.0600000000004,20900585,21000585,NA,"IHT_n2000_h371ec77d",NA,NA,NA,NA,0.01,200,NA,NA,NA
2000,800,78,"Lasso",0.324206353542634,4.63999999999987,20900585,21000585,21200585,NA,NA,NA,NA,NA,NA,NA,0.531237170984598,NA,NA
2000,800,78,"Adaptive Huber",0.155575864065077,343.42,20900585,21000585,21300585,NA,NA,NA,NA,NA,NA,NA,0.138949549437314,5.61099483465662,0.95
2000,800,78,"Shrinkage",1.02550547674778,13.5,20900585,21000585,21400585,NA,NA,NA,NA,NA,NA,NA,0.590393477040198,5.63000469664969,0.98
2400,800,78,"TS-RIGHT",0.173587578036773,8.79999999999973,20910585,21010585,21110585,"TS_n2400_h2202f38e",0.5,150,8,76,0.02,NA,NA,NA,NA
2400,800,78,"IHT",0.505168331743791,7.61999999999989,20910585,21010585,NA,"IHT_n2400_h1d7d87f6",NA,NA,NA,NA,0.01,200,NA,NA,NA
2400,800,78,"Lasso",0.618849661464459,6.93000000000029,20910585,21010585,21210585,NA,NA,NA,NA,NA,NA,NA,0.99064446753958,NA,NA
2400,800,78,"Adaptive Huber",0.191438166226117,443,20910585,21010585,21310585,NA,NA,NA,NA,NA,NA,NA,0.372759372031494,6.76345681032845,0.95
2400,800,78,"Shrinkage",0.948252340150513,15.2600000000002,20910585,21010585,21410585,NA,NA,NA,NA,NA,NA,NA,0.440066351146575,3.57613835700065,0.95
800,800,79,"TS-RIGHT",0.277473915034304,8.96000000000004,20870586,20970586,21070586,"TS_n800_h155f087a",0.5,200,8,101,0.02,NA,NA,NA,NA
800,800,79,"IHT",0.424705523471887,2.21000000000004,20870586,20970586,NA,"IHT_n800_h17021d83",NA,NA,NA,NA,0.01,200,NA,NA,NA
800,800,79,"Lasso",0.804092079697745,0.5,20870586,20970586,21170586,NA,NA,NA,NA,NA,NA,NA,0.607500918406055,NA,NA
800,800,79,"Adaptive Huber",0.346457091371379,120.8,20870586,20970586,21270586,NA,NA,NA,NA,NA,NA,NA,0.372759372031494,6.75157266205338,0.95
800,800,79,"Shrinkage",1.81690320523275,1.16999999999962,20870586,20970586,21370586,NA,NA,NA,NA,NA,NA,NA,0.359304951875683,5.41050019847338,0.98
1200,800,79,"TS-RIGHT",0.205476344167121,7.88000000000011,20880586,20980586,21080586,"TS_n1200_h069793c2",0.5,150,8,76,0.02,NA,NA,NA,NA
1200,800,79,"IHT",4.90755518309689e+26,4.61000000000013,20880586,20980586,NA,"IHT_n1200_h2051495b",NA,NA,NA,NA,0.01,200,NA,NA,NA
1200,800,79,"Lasso",0.564832570867819,5.83000000000038,20880586,20980586,21180586,NA,NA,NA,NA,NA,NA,NA,0.691475167098837,NA,NA
1200,800,79,"Adaptive Huber",0.222698995107888,202.91,20880586,20980586,21280586,NA,NA,NA,NA,NA,NA,NA,0.372759372031494,5.72261759503179,0.95
1200,800,79,"Shrinkage",1.3177253637139,3.78999999999996,20880586,20980586,21380586,NA,NA,NA,NA,NA,NA,NA,0.914638243550324,5.42154357475903,0.98
1600,800,79,"TS-RIGHT",0.210336687436272,8.64999999999964,20890586,20990586,21090586,"TS_n1600_h21db9f6b",0.5,150,8,76,0.02,NA,NA,NA,NA
1600,800,79,"IHT",0.261701420443078,5.47000000000025,20890586,20990586,NA,"IHT_n1600_h06b009d4",NA,NA,NA,NA,0.01,200,NA,NA,NA
1600,800,79,"Lasso",0.314034069344614,4.63999999999987,20890586,20990586,21190586,NA,NA,NA,NA,NA,NA,NA,0.497891219085788,NA,NA
1600,800,79,"Adaptive Huber",0.239348017997217,271.83,20890586,20990586,21290586,NA,NA,NA,NA,NA,NA,NA,0.372759372031494,5.72918478964972,0.95
1600,800,79,"Shrinkage",1.08309944674484,13.5299999999997,20890586,20990586,21390586,NA,NA,NA,NA,NA,NA,NA,0.982171654934537,5.1920858878371,0.98
2000,800,79,"TS-RIGHT",0.218394934043161,8.80000000000018,20900586,21000586,21100586,"TS_n2000_h06bee7e5",0.5,150,8,76,0.02,NA,NA,NA,NA
2000,800,79,"IHT",0.502164949634223,6.78999999999996,20900586,21000586,NA,"IHT_n2000_h371ec77d",NA,NA,NA,NA,0.01,200,NA,NA,NA
2000,800,79,"Lasso",0.576430505144541,7.9699999999998,20900586,21000586,21200586,NA,NA,NA,NA,NA,NA,NA,0.775584474460141,NA,NA
2000,800,79,"Adaptive Huber",0.226498227956676,369.9,20900586,21000586,21300586,NA,NA,NA,NA,NA,NA,NA,0.372759372031494,6.56799370010896,0.95
2000,800,79,"Shrinkage",0.857282835141689,13.6499999999996,20900586,21000586,21400586,NA,NA,NA,NA,NA,NA,NA,0.899894505439318,5.44759206989224,0.98
2400,800,79,"TS-RIGHT",0.198274694728105,9.19999999999982,20910586,21010586,21110586,"TS_n2400_h2202f38e",0.5,150,8,76,0.02,NA,NA,NA,NA
2400,800,79,"IHT",0.204501528400681,9.40999999999985,20910586,21010586,NA,"IHT_n2400_h1d7d87f6",NA,NA,NA,NA,0.01,200,NA,NA,NA
2400,800,79,"Lasso",0.282112056401315,5.54999999999973,20910586,21010586,21210586,NA,NA,NA,NA,NA,NA,NA,0.361451433758525,NA,NA
2400,800,79,"Adaptive Huber",0.287129227340871,453.67,20910586,21010586,21310586,NA,NA,NA,NA,NA,NA,NA,0.372759372031494,5.49170506453997,0.95
2400,800,79,"Shrinkage",0.863185391357328,14.25,20910586,21010586,21410586,NA,NA,NA,NA,NA,NA,NA,0.467331857013578,5.15241129608025,0.98
800,800,80,"TS-RIGHT",0.510918816302956,10.7599999999998,20870587,20970587,21070587,"TS_n800_h155f087a",0.5,200,8,101,0.02,NA,NA,NA,NA
800,800,80,"IHT",1.24818195529298,2.75,20870587,20970587,NA,"IHT_n800_h17021d83",NA,NA,NA,NA,0.01,200,NA,NA,NA
800,800,80,"Lasso",0.520754845703271,0.510000000000218,20870587,20970587,21170587,NA,NA,NA,NA,NA,NA,NA,0.315130321209459,NA,NA
800,800,80,"Adaptive Huber",0.239000057131824,122.97,20870587,20970587,21270587,NA,NA,NA,NA,NA,NA,NA,0.372759372031494,6.08191756259203,0.95
800,800,80,"Shrinkage",1.45933517693748,1.80000000000018,20870587,20970587,21370587,NA,NA,NA,NA,NA,NA,NA,0.93573595713441,3.72968268630837,0.95
1200,800,80,"TS-RIGHT",0.368859908046775,6.86000000000013,20880587,20980587,21080587,"TS_n1200_h069793c2",0.5,150,8,76,0.02,NA,NA,NA,NA
1200,800,80,"IHT",0.397872611504619,4.15000000000009,20880587,20980587,NA,"IHT_n1200_h2051495b",NA,NA,NA,NA,0.01,200,NA,NA,NA
1200,800,80,"Lasso",0.471011503913953,3.92000000000007,20880587,20980587,21180587,NA,NA,NA,NA,NA,NA,NA,0.437442407527442,NA,NA
1200,800,80,"Adaptive Huber",0.305254205023376,196.78,20880587,20980587,21280587,NA,NA,NA,NA,NA,NA,NA,0.372759372031494,5.65459067695449,0.95
1200,800,80,"Shrinkage",1.05406889449678,3.84000000000015,20880587,20980587,21380587,NA,NA,NA,NA,NA,NA,NA,0.634433719370247,5.58016313295464,0.98
1600,800,80,"TS-RIGHT",0.232055919629033,8.86999999999989,20890587,20990587,21090587,"TS_n1600_h21db9f6b",0.5,150,8,76,0.02,NA,NA,NA,NA
1600,800,80,"IHT",0.159118648494797,5.0300000000002,20890587,20990587,NA,"IHT_n1600_h06b009d4",NA,NA,NA,NA,0.01,200,NA,NA,NA
1600,800,80,"Lasso",0.327809402154546,2.94999999999982,20890587,20990587,21190587,NA,NA,NA,NA,NA,NA,NA,0.393264003367842,NA,NA
1600,800,80,"Adaptive Huber",0.186593200943767,280.52,20890587,20990587,21290587,NA,NA,NA,NA,NA,NA,NA,0.138949549437314,5.47655021519067,0.95
1600,800,80,"Shrinkage",1.16497443917983,12.5800000000008,20890587,20990587,21390587,NA,NA,NA,NA,NA,NA,NA,0.64193656986136,3.52298809999217,0.95
2000,800,80,"TS-RIGHT",0.181655734742653,7.92000000000007,20900587,21000587,21100587,"TS_n2000_h06bee7e5",0.5,150,8,76,0.02,NA,NA,NA,NA
2000,800,80,"IHT",0.963007434921637,7.36999999999989,20900587,21000587,NA,"IHT_n2000_h371ec77d",NA,NA,NA,NA,0.01,200,NA,NA,NA
2000,800,80,"Lasso",0.799087621562656,7.57999999999993,20900587,21000587,21200587,NA,NA,NA,NA,NA,NA,NA,0.986719168872123,NA,NA
2000,800,80,"Adaptive Huber",0.207315707569819,355.110000000001,20900587,21000587,21300587,NA,NA,NA,NA,NA,NA,NA,0.372759372031494,7.38309802718092,0.95
2000,800,80,"Shrinkage",1.21243157704129,15.5099999999993,20900587,21000587,21400587,NA,NA,NA,NA,NA,NA,NA,0.819437827801858,3.56768449206001,0.95
2400,800,80,"TS-RIGHT",0.189699485834366,9.11000000000013,20910587,21010587,21110587,"TS_n2400_h2202f38e",0.5,150,8,76,0.02,NA,NA,NA,NA
2400,800,80,"IHT",0.265561401087755,8.48000000000002,20910587,21010587,NA,"IHT_n2400_h1d7d87f6",NA,NA,NA,NA,0.01,200,NA,NA,NA
2400,800,80,"Lasso",0.295256702443963,5.23000000000002,20910587,21010587,21210587,NA,NA,NA,NA,NA,NA,NA,0.468628940280107,NA,NA
2400,800,80,"Adaptive Huber",0.232452954481918,426.42,20910587,21010587,21310587,NA,NA,NA,NA,NA,NA,NA,0.372759372031494,11.1508926731823,0.98
2400,800,80,"Shrinkage",1.024718232775,17.0300000000007,20910587,21010587,21410587,NA,NA,NA,NA,NA,NA,NA,0.395229814440206,5.03143116751106,0.98
800,800,81,"TS-RIGHT",0.187346269612163,9.30000000000018,20870588,20970588,21070588,"TS_n800_h155f087a",0.5,200,8,101,0.02,NA,NA,NA,NA
800,800,81,"IHT",0.320556927098018,2.27999999999975,20870588,20970588,NA,"IHT_n800_h17021d83",NA,NA,NA,NA,0.01,200,NA,NA,NA
800,800,81,"Lasso",0.594835395293266,0.7800000000002,20870588,20970588,21170588,NA,NA,NA,NA,NA,NA,NA,0.908734919379948,NA,NA
800,800,81,"Adaptive Huber",0.270400939834027,125.59,20870588,20970588,21270588,NA,NA,NA,NA,NA,NA,NA,0.372759372031494,3.87284990531004,0.9
800,800,81,"Shrinkage",1.89905012465299,1.82999999999993,20870588,20970588,21370588,NA,NA,NA,NA,NA,NA,NA,0.416831403164967,3.67914057811623,0.95
1200,800,81,"TS-RIGHT",0.291086622881793,7.89999999999964,20880588,20980588,21080588,"TS_n1200_h069793c2",0.5,150,8,76,0.02,NA,NA,NA,NA
1200,800,81,"IHT",0.335034601140955,3.96000000000004,20880588,20980588,NA,"IHT_n1200_h2051495b",NA,NA,NA,NA,0.01,200,NA,NA,NA
1200,800,81,"Lasso",0.471383788562762,7.44000000000005,20880588,20980588,21180588,NA,NA,NA,NA,NA,NA,NA,0.536666852481892,NA,NA
1200,800,81,"Adaptive Huber",0.282488482878599,206.12,20880588,20980588,21280588,NA,NA,NA,NA,NA,NA,NA,0.372759372031494,6.58142538869554,0.95
1200,800,81,"Shrinkage",1.43047908893848,3.81999999999971,20880588,20980588,21380588,NA,NA,NA,NA,NA,NA,NA,0.771826748957282,5.23887375737673,0.98
1600,800,81,"TS-RIGHT",0.198234466619191,7.80000000000018,20890588,20990588,21090588,"TS_n1600_h21db9f6b",0.5,150,8,76,0.02,NA,NA,NA,NA
1600,800,81,"IHT",0.632836641727065,6.2199999999998,20890588,20990588,NA,"IHT_n1600_h06b009d4",NA,NA,NA,NA,0.01,200,NA,NA,NA
1600,800,81,"Lasso",0.794310990273814,5.44000000000005,20890588,20990588,21190588,NA,NA,NA,NA,NA,NA,NA,1.08975846072094,NA,NA
1600,800,81,"Adaptive Huber",0.246647077785521,268.95,20890588,20990588,21290588,NA,NA,NA,NA,NA,NA,NA,0.372759372031494,12.2738102766539,0.98
1600,800,81,"Shrinkage",1.13581634287108,13.9800000000005,20890588,20990588,21390588,NA,NA,NA,NA,NA,NA,NA,0.904306721291581,5.29395744033195,0.98
2000,800,81,"TS-RIGHT",0.200006104124744,8.65999999999985,20900588,21000588,21100588,"TS_n2000_h06bee7e5",0.5,150,8,76,0.02,NA,NA,NA,NA
2000,800,81,"IHT",0.264941679414854,6.5300000000002,20900588,21000588,NA,"IHT_n2000_h371ec77d",NA,NA,NA,NA,0.01,200,NA,NA,NA
2000,800,81,"Lasso",0.287688410215614,4,20900588,21000588,21200588,NA,NA,NA,NA,NA,NA,NA,0.399457114329656,NA,NA
2000,800,81,"Adaptive Huber",0.218154054209034,356.84,20900588,21000588,21300588,NA,NA,NA,NA,NA,NA,NA,0.372759372031494,6.1266928206458,0.95
2000,800,81,"Shrinkage",1.16068178966972,14.1300000000001,20900588,21000588,21400588,NA,NA,NA,NA,NA,NA,NA,0.851300715583508,5.34651211627372,0.98
2400,800,81,"TS-RIGHT",0.125502984817389,9.20000000000027,20910588,21010588,21110588,"TS_n2400_h2202f38e",0.5,150,8,76,0.02,NA,NA,NA,NA
2400,800,81,"IHT",0.324758229146867,8.75,20910588,21010588,NA,"IHT_n2400_h1d7d87f6",NA,NA,NA,NA,0.01,200,NA,NA,NA
2400,800,81,"Lasso",0.418865828104413,5.55999999999995,20910588,21010588,21210588,NA,NA,NA,NA,NA,NA,NA,0.755190301263884,NA,NA
2400,800,81,"Adaptive Huber",0.208876256483323,432.71,20910588,21010588,21310588,NA,NA,NA,NA,NA,NA,NA,0.372759372031494,5.72488960817599,0.95
2400,800,81,"Shrinkage",0.98638097206542,15.04,20910588,21010588,21410588,NA,NA,NA,NA,NA,NA,NA,0.480630196562934,5.38420505748259,0.98
800,800,82,"TS-RIGHT",0.207611940339778,8.9399999999996,20870589,20970589,21070589,"TS_n800_h155f087a",0.5,200,8,101,0.02,NA,NA,NA,NA
800,800,82,"IHT",0.355923395776294,2.22000000000025,20870589,20970589,NA,"IHT_n800_h17021d83",NA,NA,NA,NA,0.01,200,NA,NA,NA
800,800,82,"Lasso",0.687488670982007,0.920000000000073,20870589,20970589,21170589,NA,NA,NA,NA,NA,NA,NA,0.645928906507201,NA,NA
800,800,82,"Adaptive Huber",0.378216429519573,124.08,20870589,20970589,21270589,NA,NA,NA,NA,NA,NA,NA,0.372759372031494,12.7655940599829,0.98
800,800,82,"Shrinkage",1.46640918250818,1.31999999999971,20870589,20970589,21370589,NA,NA,NA,NA,NA,NA,NA,0.741723590840719,5.14136135796014,0.98
1200,800,82,"TS-RIGHT",0.178783303963499,7.64000000000033,20880589,20980589,21080589,"TS_n1200_h069793c2",0.5,150,8,76,0.02,NA,NA,NA,NA
1200,800,82,"IHT",0.276082034263698,3.25,20880589,20980589,NA,"IHT_n1200_h2051495b",NA,NA,NA,NA,0.01,200,NA,NA,NA
1200,800,82,"Lasso",0.445817274738613,3.10999999999967,20880589,20980589,21180589,NA,NA,NA,NA,NA,NA,NA,0.491065125791635,NA,NA
1200,800,82,"Adaptive Huber",0.31740494865327,200.52,20880589,20980589,21280589,NA,NA,NA,NA,NA,NA,NA,0.372759372031494,5.97578784812658,0.95
1200,800,82,"Shrinkage",1.27135497759858,4.02999999999975,20880589,20980589,21380589,NA,NA,NA,NA,NA,NA,NA,0.59882992734179,5.05059610227112,0.98
1600,800,82,"TS-RIGHT",0.210601081667343,8.19000000000005,20890589,20990589,21090589,"TS_n1600_h21db9f6b",0.5,150,8,76,0.02,NA,NA,NA,NA
1600,800,82,"IHT",0.310449517099945,6.5300000000002,20890589,20990589,NA,"IHT_n1600_h06b009d4",NA,NA,NA,NA,0.01,200,NA,NA,NA
1600,800,82,"Lasso",0.351638398953712,3.88000000000011,20890589,20990589,21190589,NA,NA,NA,NA,NA,NA,NA,0.358440577883113,NA,NA
1600,800,82,"Adaptive Huber",0.320725036605749,278.4,20890589,20990589,21290589,NA,NA,NA,NA,NA,NA,NA,0.372759372031494,5.85683528858606,0.95
1600,800,82,"Shrinkage",1.40359177247379,13.3199999999997,20890589,20990589,21390589,NA,NA,NA,NA,NA,NA,NA,0.667549677908965,5.4637460072332,0.98
2000,800,82,"TS-RIGHT",0.200732738093696,7.09999999999991,20900589,21000589,21100589,"TS_n2000_h06bee7e5",0.5,150,8,76,0.02,NA,NA,NA,NA
2000,800,82,"IHT",0.258327954331658,6.84000000000015,20900589,21000589,NA,"IHT_n2000_h371ec77d",NA,NA,NA,NA,0.01,200,NA,NA,NA
2000,800,82,"Lasso",0.333045390856948,5.07999999999993,20900589,21000589,21200589,NA,NA,NA,NA,NA,NA,NA,0.502504337514842,NA,NA
2000,800,82,"Adaptive Huber",0.18847533974527,368.34,20900589,21000589,21300589,NA,NA,NA,NA,NA,NA,NA,0.138949549437314,6.24315545985312,0.95
2000,800,82,"Shrinkage",0.755320200969574,12.3400000000001,20900589,21000589,21400589,NA,NA,NA,NA,NA,NA,NA,0.712948166266894,5.3284085437585,0.98
2400,800,82,"TS-RIGHT",0.261365463491508,8.63999999999987,20910589,21010589,21110589,"TS_n2400_h2202f38e",0.5,150,8,76,0.02,NA,NA,NA,NA
2400,800,82,"IHT",0.399355323528933,7.67000000000007,20910589,21010589,NA,"IHT_n2400_h1d7d87f6",NA,NA,NA,NA,0.01,200,NA,NA,NA
2400,800,82,"Lasso",0.428125873450359,4.96000000000004,20910589,21010589,21210589,NA,NA,NA,NA,NA,NA,NA,0.592864263036703,NA,NA
2400,800,82,"Adaptive Huber",0.179204142310261,456.579999999999,20910589,21010589,21310589,NA,NA,NA,NA,NA,NA,NA,0.372759372031494,10.9943055354318,0.98
2400,800,82,"Shrinkage",0.865677350102651,16.5300000000007,20910589,21010589,21410589,NA,NA,NA,NA,NA,NA,NA,0.80204021138673,5.26158590904418,0.98
800,800,83,"TS-RIGHT",0.469751762708961,9.34999999999991,20870590,20970590,21070590,"TS_n800_h155f087a",0.5,200,8,101,0.02,NA,NA,NA,NA
800,800,83,"IHT",0.265833194193032,2.63000000000011,20870590,20970590,NA,"IHT_n800_h17021d83",NA,NA,NA,NA,0.01,200,NA,NA,NA
800,800,83,"Lasso",0.335352255139891,0.5300000000002,20870590,20970590,21170590,NA,NA,NA,NA,NA,NA,NA,0.458384810923186,NA,NA
800,800,83,"Adaptive Huber",0.298176247796195,124.369999999999,20870590,20970590,21270590,NA,NA,NA,NA,NA,NA,NA,0.372759372031494,4.8375033522047,0.95
800,800,83,"Shrinkage",1.63223809677053,1.22000000000025,20870590,20970590,21370590,NA,NA,NA,NA,NA,NA,NA,0.82727962697806,3.7573068350011,0.95
1200,800,83,"TS-RIGHT",0.27119038534627,8,20880590,20980590,21080590,"TS_n1200_h069793c2",0.5,150,8,76,0.02,NA,NA,NA,NA
1200,800,83,"IHT",0.45690579629142,4.05000000000018,20880590,20980590,NA,"IHT_n1200_h2051495b",NA,NA,NA,NA,0.01,200,NA,NA,NA
1200,800,83,"Lasso",0.646087281358147,4.41999999999962,20880590,20980590,21180590,NA,NA,NA,NA,NA,NA,NA,0.473634760835348,NA,NA
1200,800,83,"Adaptive Huber",0.319388954659786,202.25,20880590,20980590,21280590,NA,NA,NA,NA,NA,NA,NA,0.372759372031494,6.00569290701902,0.95
1200,800,83,"Shrinkage",1.3563426903414,4.92000000000007,20880590,20980590,21380590,NA,NA,NA,NA,NA,NA,NA,0.719050077989116,3.47645637271923,0.95
1600,800,83,"TS-RIGHT",0.151784622700309,7.05000000000018,20890590,20990590,21090590,"TS_n1600_h21db9f6b",0.5,150,8,76,0.02,NA,NA,NA,NA
1600,800,83,"IHT",0.303044229405631,6.38999999999987,20890590,20990590,NA,"IHT_n1600_h06b009d4",NA,NA,NA,NA,0.01,200,NA,NA,NA
1600,800,83,"Lasso",0.313328962143701,3.51999999999998,20890590,20990590,21190590,NA,NA,NA,NA,NA,NA,NA,0.23528842844171,NA,NA
1600,800,83,"Adaptive Huber",0.148388778126729,280.73,20890590,20990590,21290590,NA,NA,NA,NA,NA,NA,NA,0.138949549437314,3.45695778228913,0.9
1600,800,83,"Shrinkage",0.970911621523322,10.8400000000001,20890590,20990590,21390590,NA,NA,NA,NA,NA,NA,NA,0.806273126464472,3.47652556735438,0.95
2000,800,83,"TS-RIGHT",0.184832703776037,7.65999999999985,20900590,21000590,21100590,"TS_n2000_h06bee7e5",0.5,150,8,76,0.02,NA,NA,NA,NA
2000,800,83,"IHT",0.438707538177633,7.46000000000004,20900590,21000590,NA,"IHT_n2000_h371ec77d",NA,NA,NA,NA,0.01,200,NA,NA,NA
2000,800,83,"Lasso",0.542274742646927,5.44000000000005,20900590,21000590,21200590,NA,NA,NA,NA,NA,NA,NA,0.557746067643835,NA,NA
2000,800,83,"Adaptive Huber",0.231298167692973,351.42,20900590,21000590,21300590,NA,NA,NA,NA,NA,NA,NA,0.372759372031494,6.07522998598799,0.95
2000,800,83,"Shrinkage",1.23946409013475,14.5699999999997,20900590,21000590,21400590,NA,NA,NA,NA,NA,NA,NA,0.607291911810661,3.63576837031077,0.95
2400,800,83,"TS-RIGHT",0.21744572825806,8.61999999999989,20910590,21010590,21110590,"TS_n2400_h2202f38e",0.5,150,8,76,0.02,NA,NA,NA,NA
2400,800,83,"IHT",4.30424620180477e+55,9.39000000000033,20910590,21010590,NA,"IHT_n2400_h1d7d87f6",NA,NA,NA,NA,0.01,200,NA,NA,NA
2400,800,83,"Lasso",0.424442654486153,6.57999999999993,20910590,21010590,21210590,NA,NA,NA,NA,NA,NA,NA,0.442556696894967,NA,NA
2400,800,83,"Adaptive Huber",0.192638179599232,452.89,20910590,21010590,21310590,NA,NA,NA,NA,NA,NA,NA,0.372759372031494,6.25931183654403,0.95
2400,800,83,"Shrinkage",1.0521049251796,15.8900000000003,20910590,21010590,21410590,NA,NA,NA,NA,NA,NA,NA,0.786740974327578,5.51270933908922,0.98
800,800,84,"TS-RIGHT",0.268972620322914,8.32999999999993,20870591,20970591,21070591,"TS_n800_h155f087a",0.5,200,8,101,0.02,NA,NA,NA,NA
800,800,84,"IHT",0.593752045474113,2.48000000000002,20870591,20970591,NA,"IHT_n800_h17021d83",NA,NA,NA,NA,0.01,200,NA,NA,NA
800,800,84,"Lasso",0.444199888659491,0.480000000000018,20870591,20970591,21170591,NA,NA,NA,NA,NA,NA,NA,0.465857017278271,NA,NA
800,800,84,"Adaptive Huber",0.296102921456573,121.62,20870591,20970591,21270591,NA,NA,NA,NA,NA,NA,NA,0.372759372031494,5.50693406531541,0.95
800,800,84,"Shrinkage",1.35035302801017,1.71999999999935,20870591,20970591,21370591,NA,NA,NA,NA,NA,NA,NA,0.99148504793112,5.13921939234983,0.98
1200,800,84,"TS-RIGHT",0.237346077768603,7.52000000000044,20880591,20980591,21080591,"TS_n1200_h069793c2",0.5,150,8,76,0.02,NA,NA,NA,NA
1200,800,84,"IHT",0.361384396989509,3.66999999999916,20880591,20980591,NA,"IHT_n1200_h2051495b",NA,NA,NA,NA,0.01,200,NA,NA,NA
1200,800,84,"Lasso",0.452728232891201,2.44999999999982,20880591,20980591,21180591,NA,NA,NA,NA,NA,NA,NA,0.408287733281431,NA,NA
1200,800,84,"Adaptive Huber",0.264223203616758,198.440000000001,20880591,20980591,21280591,NA,NA,NA,NA,NA,NA,NA,0.138949549437314,3.46215680096104,0.9
1200,800,84,"Shrinkage",0.863677620645577,3.60999999999967,20880591,20980591,21380591,NA,NA,NA,NA,NA,NA,NA,0.620201727262615,5.13163224528413,0.98
1600,800,84,"TS-RIGHT",0.180681666770067,7.44000000000051,20890591,20990591,21090591,"TS_n1600_h21db9f6b",0.5,150,8,76,0.02,NA,NA,NA,NA
1600,800,84,"IHT",0.660140426587977,6.02999999999975,20890591,20990591,NA,"IHT_n1600_h06b009d4",NA,NA,NA,NA,0.01,200,NA,NA,NA
1600,800,84,"Lasso",0.712079462433071,7.05000000000018,20890591,20990591,21190591,NA,NA,NA,NA,NA,NA,NA,0.913350117872475,NA,NA
1600,800,84,"Adaptive Huber",0.218029944201164,277.64,20890591,20990591,21290591,NA,NA,NA,NA,NA,NA,NA,0.372759372031494,6.83458502977051,0.95
1600,800,84,"Shrinkage",1.12447818705009,13.6099999999997,20890591,20990591,21390591,NA,NA,NA,NA,NA,NA,NA,0.522284992429375,5.44543601202481,0.98
2000,800,84,"TS-RIGHT",0.179245144871279,8.88000000000011,20900591,21000591,21100591,"TS_n2000_h06bee7e5",0.5,150,8,76,0.02,NA,NA,NA,NA
2000,800,84,"IHT",0.254758014258614,6.42000000000007,20900591,21000591,NA,"IHT_n2000_h371ec77d",NA,NA,NA,NA,0.01,200,NA,NA,NA
2000,800,84,"Lasso",0.268420290997761,4.92999999999938,20900591,21000591,21200591,NA,NA,NA,NA,NA,NA,NA,0.393881500091015,NA,NA
2000,800,84,"Adaptive Huber",0.197893945917423,357.81,20900591,21000591,21300591,NA,NA,NA,NA,NA,NA,NA,0.138949549437314,6.50019177772756,0.95
2000,800,84,"Shrinkage",1.00832907965302,13.6199999999999,20900591,21000591,21400591,NA,NA,NA,NA,NA,NA,NA,0.572764605591896,3.58648070635301,0.95
2400,800,84,"TS-RIGHT",0.178862551643372,8.83999999999924,20910591,21010591,21110591,"TS_n2400_h2202f38e",0.5,150,8,76,0.02,NA,NA,NA,NA
2400,800,84,"IHT",0.2032909301416,10.3299999999999,20910591,21010591,NA,"IHT_n2400_h1d7d87f6",NA,NA,NA,NA,0.01,200,NA,NA,NA
2400,800,84,"Lasso",0.276605785714081,4.80000000000018,20910591,21010591,21210591,NA,NA,NA,NA,NA,NA,NA,0.347628193893155,NA,NA
2400,800,84,"Adaptive Huber",0.162677707551987,437.110000000001,20910591,21010591,21310591,NA,NA,NA,NA,NA,NA,NA,0.138949549437314,6.59235415791135,0.95
2400,800,84,"Shrinkage",1.16126034038055,15.5299999999997,20910591,21010591,21410591,NA,NA,NA,NA,NA,NA,NA,0.642521683941709,3.48913676863774,0.95
800,800,85,"TS-RIGHT",0.32788489946602,9.5600000000004,20870592,20970592,21070592,"TS_n800_h155f087a",0.5,200,8,101,0.02,NA,NA,NA,NA
800,800,85,"IHT",0.360513777449416,3.13999999999942,20870592,20970592,NA,"IHT_n800_h17021d83",NA,NA,NA,NA,0.01,200,NA,NA,NA
800,800,85,"Lasso",0.63422409749125,0.789999999999964,20870592,20970592,21170592,NA,NA,NA,NA,NA,NA,NA,0.723337686986913,NA,NA
800,800,85,"Adaptive Huber",0.288221002555019,122.52,20870592,20970592,21270592,NA,NA,NA,NA,NA,NA,NA,0.372759372031494,4.94676892957625,0.95
800,800,85,"Shrinkage",1.52516164991781,1.17000000000007,20870592,20970592,21370592,NA,NA,NA,NA,NA,NA,NA,0.469497896406183,5.29189718983439,0.98
1200,800,85,"TS-RIGHT",0.270208773937227,7.64999999999964,20880592,20980592,21080592,"TS_n1200_h069793c2",0.5,150,8,76,0.02,NA,NA,NA,NA
1200,800,85,"IHT",0.289295976218709,3.80000000000018,20880592,20980592,NA,"IHT_n1200_h2051495b",NA,NA,NA,NA,0.01,200,NA,NA,NA
1200,800,85,"Lasso",0.462820068030921,3.07999999999993,20880592,20980592,21180592,NA,NA,NA,NA,NA,NA,NA,0.678560974572585,NA,NA
1200,800,85,"Adaptive Huber",0.277913961517796,200.15,20880592,20980592,21280592,NA,NA,NA,NA,NA,NA,NA,0.372759372031494,5.67856244023383,0.95
1200,800,85,"Shrinkage",0.878034722298382,3.56999999999971,20880592,20980592,21380592,NA,NA,NA,NA,NA,NA,NA,0.590643458222867,5.11841917701935,0.98
1600,800,85,"TS-RIGHT",0.184504401002108,8.61999999999989,20890592,20990592,21090592,"TS_n1600_h21db9f6b",0.5,150,8,76,0.02,NA,NA,NA,NA
1600,800,85,"IHT",0.15532716978073,5.17000000000007,20890592,20990592,NA,"IHT_n1600_h06b009d4",NA,NA,NA,NA,0.01,200,NA,NA,NA
1600,800,85,"Lasso",0.262225823574461,4.25,20890592,20990592,21190592,NA,NA,NA,NA,NA,NA,NA,0.317489891502564,NA,NA
1600,800,85,"Adaptive Huber",0.263608077673844,274.02,20890592,20990592,21290592,NA,NA,NA,NA,NA,NA,NA,0.372759372031494,10.3719514463574,0.98
1600,800,85,"Shrinkage",1.41738593260679,13.8299999999999,20890592,20990592,21390592,NA,NA,NA,NA,NA,NA,NA,0.627136217507165,3.54336682090124,0.95
2000,800,85,"TS-RIGHT",0.20893001890842,9.27999999999975,20900592,21000592,21100592,"TS_n2000_h06bee7e5",0.5,150,8,76,0.02,NA,NA,NA,NA
2000,800,85,"IHT",0.256843650339067,6.32999999999993,20900592,21000592,NA,"IHT_n2000_h371ec77d",NA,NA,NA,NA,0.01,200,NA,NA,NA
2000,800,85,"Lasso",0.37790001697168,5.30000000000018,20900592,21000592,21200592,NA,NA,NA,NA,NA,NA,NA,0.390940795517487,NA,NA
2000,800,85,"Adaptive Huber",0.288406456010454,354.690000000001,20900592,21000592,21300592,NA,NA,NA,NA,NA,NA,NA,0.372759372031494,6.18970085391851,0.95
2000,800,85,"Shrinkage",1.54893975424925,13.6900000000005,20900592,21000592,21400592,NA,NA,NA,NA,NA,NA,NA,0.834632080822104,3.48994971504579,0.95
2400,800,85,"TS-RIGHT",0.190119213155015,9.13999999999942,20910592,21010592,21110592,"TS_n2400_h2202f38e",0.5,150,8,76,0.02,NA,NA,NA,NA
2400,800,85,"IHT",0.385821584100662,9.42000000000007,20910592,21010592,NA,"IHT_n2400_h1d7d87f6",NA,NA,NA,NA,0.01,200,NA,NA,NA
2400,800,85,"Lasso",0.39449011031451,6.66000000000076,20910592,21010592,21210592,NA,NA,NA,NA,NA,NA,NA,0.57606314005547,NA,NA
2400,800,85,"Adaptive Huber",0.242055690941708,427.75,20910592,21010592,21310592,NA,NA,NA,NA,NA,NA,NA,0.372759372031494,3.95326422898965,0.9
2400,800,85,"Shrinkage",1.09634416172409,14.46,20910592,21010592,21410592,NA,NA,NA,NA,NA,NA,NA,0.531474950724353,5.78093347399472,0.98
800,800,86,"TS-RIGHT",0.341100894715581,8.96999999999935,20870593,20970593,21070593,"TS_n800_h155f087a",0.5,200,8,101,0.02,NA,NA,NA,NA
800,800,86,"IHT",Inf,2.28000000000065,20870593,20970593,NA,"IHT_n800_h17021d83",NA,NA,NA,NA,0.01,200,NA,NA,NA
800,800,86,"Lasso",0.76989271863588,0.619999999999891,20870593,20970593,21170593,NA,NA,NA,NA,NA,NA,NA,1.05711375899613,NA,NA
800,800,86,"Adaptive Huber",0.767423926898834,128.5,20870593,20970593,21270593,NA,NA,NA,NA,NA,NA,NA,1,6.0204226302139,0.95
800,800,86,"Shrinkage",1.52137318399784,1.61000000000058,20870593,20970593,21370593,NA,NA,NA,NA,NA,NA,NA,0.821491616427729,3.62882253956457,0.95
1200,800,86,"TS-RIGHT",0.217771689222299,6.40999999999985,20880593,20980593,21080593,"TS_n1200_h069793c2",0.5,150,8,76,0.02,NA,NA,NA,NA
1200,800,86,"IHT",0.313462445678366,4.25,20880593,20980593,NA,"IHT_n1200_h2051495b",NA,NA,NA,NA,0.01,200,NA,NA,NA
1200,800,86,"Lasso",0.47513849913194,3.32999999999993,20880593,20980593,21180593,NA,NA,NA,NA,NA,NA,NA,0.43728052530373,NA,NA
1200,800,86,"Adaptive Huber",0.327296742196934,204.280000000001,20880593,20980593,21280593,NA,NA,NA,NA,NA,NA,NA,0.372759372031494,3.57859894368417,0.9
1200,800,86,"Shrinkage",1.40605192200347,4.66999999999916,20880593,20980593,21380593,NA,NA,NA,NA,NA,NA,NA,0.663312875991829,3.56465663507021,0.95
1600,800,86,"TS-RIGHT",0.342521643720411,8.27999999999975,20890593,20990593,21090593,"TS_n1600_h21db9f6b",0.5,150,8,76,0.02,NA,NA,NA,NA
1600,800,86,"IHT",0.223951118203947,5.75,20890593,20990593,NA,"IHT_n1600_h06b009d4",NA,NA,NA,NA,0.01,200,NA,NA,NA
1600,800,86,"Lasso",0.298585515388748,4.17000000000007,20890593,20990593,21190593,NA,NA,NA,NA,NA,NA,NA,0.40888657108183,NA,NA
1600,800,86,"Adaptive Huber",0.142139237613248,287.06,20890593,20990593,21290593,NA,NA,NA,NA,NA,NA,NA,0.138949549437314,3.71634494402415,0.9
1600,800,86,"Shrinkage",1.23150153284987,11.8799999999992,20890593,20990593,21390593,NA,NA,NA,NA,NA,NA,NA,0.691432576230574,5.15775409409082,0.98
2000,800,86,"TS-RIGHT",0.261451328926976,8.5,20900593,21000593,21100593,"TS_n2000_h06bee7e5",0.5,150,8,76,0.02,NA,NA,NA,NA
2000,800,86,"IHT",0.33137429531827,6.78999999999996,20900593,21000593,NA,"IHT_n2000_h371ec77d",NA,NA,NA,NA,0.01,200,NA,NA,NA
2000,800,86,"Lasso",0.396174100433158,3.84000000000015,20900593,21000593,21200593,NA,NA,NA,NA,NA,NA,NA,0.385942359836505,NA,NA
2000,800,86,"Adaptive Huber",0.207182047224494,356.26,20900593,21000593,21300593,NA,NA,NA,NA,NA,NA,NA,0.372759372031494,6.429491705117,0.95
2000,800,86,"Shrinkage",0.987748993867026,15.1499999999996,20900593,21000593,21400593,NA,NA,NA,NA,NA,NA,NA,0.855379164465654,5.35983928086293,0.98
2400,800,86,"TS-RIGHT",0.214502053991159,8.97999999999956,20910593,21010593,21110593,"TS_n2400_h2202f38e",0.5,150,8,76,0.02,NA,NA,NA,NA
2400,800,86,"IHT",7.15026491877161,7.80000000000018,20910593,21010593,NA,"IHT_n2400_h1d7d87f6",NA,NA,NA,NA,0.01,200,NA,NA,NA
2400,800,86,"Lasso",0.346522977882387,5.57999999999993,20910593,21010593,21210593,NA,NA,NA,NA,NA,NA,NA,0.394826910171979,NA,NA
2400,800,86,"Adaptive Huber",0.286518415854946,454.79,20910593,21010593,21310593,NA,NA,NA,NA,NA,NA,NA,0.372759372031494,5.80184121999914,0.95
2400,800,86,"Shrinkage",1.35508440782766,16.1800000000003,20910593,21010593,21410593,NA,NA,NA,NA,NA,NA,NA,0.67537143243451,3.62090912933081,0.95
800,800,87,"TS-RIGHT",0.422542107932586,9.19999999999982,20870594,20970594,21070594,"TS_n800_h155f087a",0.5,200,8,101,0.02,NA,NA,NA,NA
800,800,87,"IHT",0.354681360065243,2.42000000000007,20870594,20970594,NA,"IHT_n800_h17021d83",NA,NA,NA,NA,0.01,200,NA,NA,NA
800,800,87,"Lasso",0.618015777181322,1.02000000000044,20870594,20970594,21170594,NA,NA,NA,NA,NA,NA,NA,0.625334604940298,NA,NA
800,800,87,"Adaptive Huber",0.289773777834071,127.07,20870594,20970594,21270594,NA,NA,NA,NA,NA,NA,NA,0.372759372031494,6.32159805503524,0.95
800,800,87,"Shrinkage",1.48803103264135,1.46000000000004,20870594,20970594,21370594,NA,NA,NA,NA,NA,NA,NA,1.09346386262079,5.19118224422384,0.98
1200,800,87,"TS-RIGHT",0.303564189370106,7.05000000000018,20880594,20980594,21080594,"TS_n1200_h069793c2",0.5,150,8,76,0.02,NA,NA,NA,NA
1200,800,87,"IHT",0.405323252357021,3.53999999999996,20880594,20980594,NA,"IHT_n1200_h2051495b",NA,NA,NA,NA,0.01,200,NA,NA,NA
1200,800,87,"Lasso",0.573581669313121,2.92000000000007,20880594,20980594,21180594,NA,NA,NA,NA,NA,NA,NA,0.594901891652911,NA,NA
1200,800,87,"Adaptive Huber",0.306154114360229,201.820000000001,20880594,20980594,21280594,NA,NA,NA,NA,NA,NA,NA,0.372759372031494,5.81893527473936,0.95
1200,800,87,"Shrinkage",1.07237578845991,4.00999999999931,20880594,20980594,21380594,NA,NA,NA,NA,NA,NA,NA,0.618057598814198,3.50165058164502,0.95
1600,800,87,"TS-RIGHT",0.16770487184736,7.86999999999989,20890594,20990594,21090594,"TS_n1600_h21db9f6b",0.5,150,8,76,0.02,NA,NA,NA,NA
1600,800,87,"IHT",0.396136146916786,5.17000000000007,20890594,20990594,NA,"IHT_n1600_h06b009d4",NA,NA,NA,NA,0.01,200,NA,NA,NA
1600,800,87,"Lasso",0.363014654612039,7.14000000000033,20890594,20990594,21190594,NA,NA,NA,NA,NA,NA,NA,0.630245171461711,NA,NA
1600,800,87,"Adaptive Huber",0.243103469799245,293.61,20890594,20990594,21290594,NA,NA,NA,NA,NA,NA,NA,0.372759372031494,6.379333081945,0.95
1600,800,87,"Shrinkage",0.966160507059267,13.6899999999996,20890594,20990594,21390594,NA,NA,NA,NA,NA,NA,NA,0.590416170674405,5.17499162983601,0.98
2000,800,87,"TS-RIGHT",0.198731880789211,8.73999999999978,20900594,21000594,21100594,"TS_n2000_h06bee7e5",0.5,150,8,76,0.02,NA,NA,NA,NA
2000,800,87,"IHT",1.03633126159407,7.65000000000055,20900594,21000594,NA,"IHT_n2000_h371ec77d",NA,NA,NA,NA,0.01,200,NA,NA,NA
2000,800,87,"Lasso",1.24879219844536,6.8799999999992,20900594,21000594,21200594,NA,NA,NA,NA,NA,NA,NA,1.83645300594865,NA,NA
2000,800,87,"Adaptive Huber",0.235147651926772,355.780000000001,20900594,21000594,21300594,NA,NA,NA,NA,NA,NA,NA,0.372759372031494,7.97487639811171,0.95
2000,800,87,"Shrinkage",1.31432976599334,14.0500000000002,20900594,21000594,21400594,NA,NA,NA,NA,NA,NA,NA,0.819635283689964,3.64995769869364,0.95
2400,800,87,"TS-RIGHT",0.139884285550658,9.14000000000033,20910594,21010594,21110594,"TS_n2400_h2202f38e",0.5,150,8,76,0.02,NA,NA,NA,NA
2400,800,87,"IHT",0.214107645982962,7.80000000000018,20910594,21010594,NA,"IHT_n2400_h1d7d87f6",NA,NA,NA,NA,0.01,200,NA,NA,NA
2400,800,87,"Lasso",0.218793637203048,3.90000000000055,20910594,21010594,21210594,NA,NA,NA,NA,NA,NA,NA,0.387022862808317,NA,NA
2400,800,87,"Adaptive Huber",0.115020435979939,443.469999999999,20910594,21010594,21310594,NA,NA,NA,NA,NA,NA,NA,0.138949549437314,5.49477900302588,0.95
2400,800,87,"Shrinkage",0.870860189538396,14.0600000000004,20910594,21010594,21410594,NA,NA,NA,NA,NA,NA,NA,0.48561115676232,3.48355400771271,0.95
800,800,88,"TS-RIGHT",0.343732669149694,9.52999999999975,20870595,20970595,21070595,"TS_n800_h155f087a",0.5,200,8,101,0.02,NA,NA,NA,NA
800,800,88,"IHT",0.467601833724396,2.69999999999982,20870595,20970595,NA,"IHT_n800_h17021d83",NA,NA,NA,NA,0.01,200,NA,NA,NA
800,800,88,"Lasso",0.54899324131395,1.53999999999996,20870595,20970595,21170595,NA,NA,NA,NA,NA,NA,NA,0.54283603687081,NA,NA
800,800,88,"Adaptive Huber",0.343049135194843,127.389999999999,20870595,20970595,21270595,NA,NA,NA,NA,NA,NA,NA,0.372759372031494,9.87657651223386,0.98
800,800,88,"Shrinkage",1.49979147158136,1.80000000000018,20870595,20970595,21370595,NA,NA,NA,NA,NA,NA,NA,0.545261374142668,5.6309206198843,0.98
1200,800,88,"TS-RIGHT",0.29989152731848,8.1899999999996,20880595,20980595,21080595,"TS_n1200_h069793c2",0.5,150,8,76,0.02,NA,NA,NA,NA
1200,800,88,"IHT",0.208345346058149,4.23000000000047,20880595,20980595,NA,"IHT_n1200_h2051495b",NA,NA,NA,NA,0.01,200,NA,NA,NA
1200,800,88,"Lasso",0.268719915484406,4.96999999999935,20880595,20980595,21180595,NA,NA,NA,NA,NA,NA,NA,0.465358616280443,NA,NA
1200,800,88,"Adaptive Huber",0.253176248830596,200.56,20880595,20980595,21280595,NA,NA,NA,NA,NA,NA,NA,0.372759372031494,5.13473223763339,0.95
1200,800,88,"Shrinkage",1.28149678927391,3.90999999999985,20880595,20980595,21380595,NA,NA,NA,NA,NA,NA,NA,0.622433207462918,3.52563132644004,0.95
1600,800,88,"TS-RIGHT",0.156352523123542,8.57999999999993,20890595,20990595,21090595,"TS_n1600_h21db9f6b",0.5,150,8,76,0.02,NA,NA,NA,NA
1600,800,88,"IHT",1.09467958941976,5.38999999999942,20890595,20990595,NA,"IHT_n1600_h06b009d4",NA,NA,NA,NA,0.01,200,NA,NA,NA
1600,800,88,"Lasso",1.1984004825942,9.07999999999993,20890595,20990595,21190595,NA,NA,NA,NA,NA,NA,NA,1.59779332833652,NA,NA
1600,800,88,"Adaptive Huber",0.336640720260345,280.809999999999,20890595,20990595,21290595,NA,NA,NA,NA,NA,NA,NA,0.372759372031494,7.25590265152858,0.95
1600,800,88,"Shrinkage",1.09936063960359,12.6199999999999,20890595,20990595,21390595,NA,NA,NA,NA,NA,NA,NA,0.786565527745926,5.38421156170891,0.98
2000,800,88,"TS-RIGHT",0.147905549304658,8.31999999999971,20900595,21000595,21100595,"TS_n2000_h06bee7e5",0.5,150,8,76,0.02,NA,NA,NA,NA
2000,800,88,"IHT",0.234166904440666,8.14999999999964,20900595,21000595,NA,"IHT_n2000_h371ec77d",NA,NA,NA,NA,0.01,200,NA,NA,NA
2000,800,88,"Lasso",0.235471923023076,5,20900595,21000595,21200595,NA,NA,NA,NA,NA,NA,NA,0.486763636228386,NA,NA
2000,800,88,"Adaptive Huber",0.165578819396519,349.990000000001,20900595,21000595,21300595,NA,NA,NA,NA,NA,NA,NA,0.372759372031494,6.20657142843684,0.95
2000,800,88,"Shrinkage",1.39298821001818,13.0799999999999,20900595,21000595,21400595,NA,NA,NA,NA,NA,NA,NA,0.754879682039574,3.68498742170492,0.95
2400,800,88,"TS-RIGHT",0.188999669170112,8.48999999999978,20910595,21010595,21110595,"TS_n2400_h2202f38e",0.5,150,8,76,0.02,NA,NA,NA,NA
2400,800,88,"IHT",0.278387527636299,9.55000000000018,20910595,21010595,NA,"IHT_n2400_h1d7d87f6",NA,NA,NA,NA,0.01,200,NA,NA,NA
2400,800,88,"Lasso",0.550689593252954,6.57999999999993,20910595,21010595,21210595,NA,NA,NA,NA,NA,NA,NA,0.737603721589984,NA,NA
2400,800,88,"Adaptive Huber",0.216874482275313,433.78,20910595,21010595,21310595,NA,NA,NA,NA,NA,NA,NA,0.372759372031494,6.31821395315273,0.95
2400,800,88,"Shrinkage",0.957192560819764,15.1700000000001,20910595,21010595,21410595,NA,NA,NA,NA,NA,NA,NA,0.56155801698772,3.65799097674002,0.95
800,800,89,"TS-RIGHT",0.391807462875438,8.35999999999967,20870596,20970596,21070596,"TS_n800_h155f087a",0.5,200,8,101,0.02,NA,NA,NA,NA
800,800,89,"IHT",0.555274204819677,2.09000000000015,20870596,20970596,NA,"IHT_n800_h17021d83",NA,NA,NA,NA,0.01,200,NA,NA,NA
800,800,89,"Lasso",0.640046177501029,0.9399999999996,20870596,20970596,21170596,NA,NA,NA,NA,NA,NA,NA,1.0160257960141,NA,NA
800,800,89,"Adaptive Huber",0.219473163633657,121.48,20870596,20970596,21270596,NA,NA,NA,NA,NA,NA,NA,0.372759372031494,6.57927726180233,0.95
800,800,89,"Shrinkage",1.04443158507455,1.48999999999978,20870596,20970596,21370596,NA,NA,NA,NA,NA,NA,NA,0.899922846468211,5.24624191555009,0.98
1200,800,89,"TS-RIGHT",0.275880076806878,6.8799999999992,20880596,20980596,21080596,"TS_n1200_h069793c2",0.5,150,8,76,0.02,NA,NA,NA,NA
1200,800,89,"IHT",0.583557817030086,4.78000000000065,20880596,20980596,NA,"IHT_n1200_h2051495b",NA,NA,NA,NA,0.01,200,NA,NA,NA
1200,800,89,"Lasso",0.687496332319181,3.36000000000058,20880596,20980596,21180596,NA,NA,NA,NA,NA,NA,NA,0.611625523623662,NA,NA
1200,800,89,"Adaptive Huber",0.217999513722828,196.4,20880596,20980596,21280596,NA,NA,NA,NA,NA,NA,NA,0.372759372031494,5.66776198644765,0.95
1200,800,89,"Shrinkage",1.62319157082992,4.5,20880596,20980596,21380596,NA,NA,NA,NA,NA,NA,NA,0.793350908742387,5.45856599745518,0.98
1600,800,89,"TS-RIGHT",0.248908839096179,7.66000000000076,20890596,20990596,21090596,"TS_n1600_h21db9f6b",0.5,150,8,76,0.02,NA,NA,NA,NA
1600,800,89,"IHT",0.287081442044801,5.22999999999956,20890596,20990596,NA,"IHT_n1600_h06b009d4",NA,NA,NA,NA,0.01,200,NA,NA,NA
1600,800,89,"Lasso",0.340793782747776,4.05000000000018,20890596,20990596,21190596,NA,NA,NA,NA,NA,NA,NA,0.49430533534482,NA,NA
1600,800,89,"Adaptive Huber",0.253258717830304,284.08,20890596,20990596,21290596,NA,NA,NA,NA,NA,NA,NA,0.372759372031494,5.60382097150835,0.95
1600,800,89,"Shrinkage",1.25833029368705,12.9300000000003,20890596,20990596,21390596,NA,NA,NA,NA,NA,NA,NA,0.749083131655747,5.34695468819977,0.98
2000,800,89,"TS-RIGHT",0.187606415844047,8.14999999999964,20900596,21000596,21100596,"TS_n2000_h06bee7e5",0.5,150,8,76,0.02,NA,NA,NA,NA
2000,800,89,"IHT",0.264623103524816,6.35999999999967,20900596,21000596,NA,"IHT_n2000_h371ec77d",NA,NA,NA,NA,0.01,200,NA,NA,NA
2000,800,89,"Lasso",0.316941453246857,5.25,20900596,21000596,21200596,NA,NA,NA,NA,NA,NA,NA,0.447555922533919,NA,NA
2000,800,89,"Adaptive Huber",0.253883440584388,356.71,20900596,21000596,21300596,NA,NA,NA,NA,NA,NA,NA,0.372759372031494,6.84839267907343,0.95
2000,800,89,"Shrinkage",0.92649617288563,14.9499999999998,20900596,21000596,21400596,NA,NA,NA,NA,NA,NA,NA,0.675935122073737,5.12962687271979,0.98
2400,800,89,"TS-RIGHT",0.209081901658189,8.76000000000022,20910596,21010596,21110596,"TS_n2400_h2202f38e",0.5,150,8,76,0.02,NA,NA,NA,NA
2400,800,89,"IHT",0.340396870999816,7.39999999999964,20910596,21010596,NA,"IHT_n2400_h1d7d87f6",NA,NA,NA,NA,0.01,200,NA,NA,NA
2400,800,89,"Lasso",0.274380851516061,4.88999999999942,20910596,21010596,21210596,NA,NA,NA,NA,NA,NA,NA,0.561494088777407,NA,NA
2400,800,89,"Adaptive Huber",0.211559015508012,445.450000000001,20910596,21010596,21310596,NA,NA,NA,NA,NA,NA,NA,0.372759372031494,6.2340743030484,0.95
2400,800,89,"Shrinkage",0.726810041128311,15.9200000000001,20910596,21010596,21410596,NA,NA,NA,NA,NA,NA,NA,0.738611033409964,5.45869807143756,0.98
800,800,90,"TS-RIGHT",0.311153484392118,8.72999999999956,20870597,20970597,21070597,"TS_n800_h155f087a",0.5,200,8,101,0.02,NA,NA,NA,NA
800,800,90,"IHT",0.439452785128246,2.3100000000004,20870597,20970597,NA,"IHT_n800_h17021d83",NA,NA,NA,NA,0.01,200,NA,NA,NA
800,800,90,"Lasso",0.616078281964166,0.839999999999236,20870597,20970597,21170597,NA,NA,NA,NA,NA,NA,NA,0.551121388850368,NA,NA
800,800,90,"Adaptive Huber",0.363281253739847,123.56,20870597,20970597,21270597,NA,NA,NA,NA,NA,NA,NA,0.372759372031494,6.04639556072243,0.95
800,800,90,"Shrinkage",1.97614471002824,1.57999999999993,20870597,20970597,21370597,NA,NA,NA,NA,NA,NA,NA,0.722433467538462,3.52859740661111,0.95
1200,800,90,"TS-RIGHT",0.284972949701257,7.72000000000025,20880597,20980597,21080597,"TS_n1200_h069793c2",0.5,150,8,76,0.02,NA,NA,NA,NA
1200,800,90,"IHT",2.25166356976504,3.44999999999982,20880597,20980597,NA,"IHT_n1200_h2051495b",NA,NA,NA,NA,0.01,200,NA,NA,NA
1200,800,90,"Lasso",4.18898003795255,7.61000000000058,20880597,20980597,21180597,NA,NA,NA,NA,NA,NA,NA,4.99637225945309,NA,NA
1200,800,90,"Adaptive Huber",0.440056918893231,205.52,20880597,20980597,21280597,NA,NA,NA,NA,NA,NA,NA,0.372759372031494,17.0639752983456,0.95
1200,800,90,"Shrinkage",1.46083489790807,4.78000000000065,20880597,20980597,21380597,NA,NA,NA,NA,NA,NA,NA,0.907428958300672,3.73089705482362,0.95
1600,800,90,"TS-RIGHT",0.175129595714625,6.72999999999956,20890597,20990597,21090597,"TS_n1600_h21db9f6b",0.5,150,8,76,0.02,NA,NA,NA,NA
1600,800,90,"IHT",0.235887474964972,6.91000000000076,20890597,20990597,NA,"IHT_n1600_h06b009d4",NA,NA,NA,NA,0.01,200,NA,NA,NA
1600,800,90,"Lasso",0.297293797839676,3.66999999999916,20890597,20990597,21190597,NA,NA,NA,NA,NA,NA,NA,0.370853055565317,NA,NA
1600,800,90,"Adaptive Huber",0.244177738920342,281.02,20890597,20990597,21290597,NA,NA,NA,NA,NA,NA,NA,0.138949549437314,5.99817945804193,0.95
1600,800,90,"Shrinkage",1.12062771402631,10.8199999999997,20890597,20990597,21390597,NA,NA,NA,NA,NA,NA,NA,0.664912428522807,5.36640698114602,0.98
2000,800,90,"TS-RIGHT",0.267568226770764,8.63000000000011,20900597,21000597,21100597,"TS_n2000_h06bee7e5",0.5,150,8,76,0.02,NA,NA,NA,NA
2000,800,90,"IHT",7.07939344486331e+99,7.14000000000033,20900597,21000597,NA,"IHT_n2000_h371ec77d",NA,NA,NA,NA,0.01,200,NA,NA,NA
2000,800,90,"Lasso",0.442100268540755,2.68000000000029,20900597,21000597,21200597,NA,NA,NA,NA,NA,NA,NA,0.802852830335025,NA,NA
2000,800,90,"Adaptive Huber",0.141175279393127,349.099999999999,20900597,21000597,21300597,NA,NA,NA,NA,NA,NA,NA,0.138949549437314,5.78250620339249,0.95
2000,800,90,"Shrinkage",1.33310219855607,13.9700000000003,20900597,21000597,21400597,NA,NA,NA,NA,NA,NA,NA,0.776071220463489,3.56385729171771,0.95
2400,800,90,"TS-RIGHT",0.24085844304562,8.3100000000004,20910597,21010597,21110597,"TS_n2400_h2202f38e",0.5,150,8,76,0.02,NA,NA,NA,NA
2400,800,90,"IHT",2.402864283477e+126,10.3199999999997,20910597,21010597,NA,"IHT_n2400_h1d7d87f6",NA,NA,NA,NA,0.01,200,NA,NA,NA
2400,800,90,"Lasso",0.20295171198027,5.42000000000007,20910597,21010597,21210597,NA,NA,NA,NA,NA,NA,NA,0.509400415263657,NA,NA
2400,800,90,"Adaptive Huber",0.154856474255566,455.599999999999,20910597,21010597,21310597,NA,NA,NA,NA,NA,NA,NA,0.372759372031494,5.39219917989261,0.95
2400,800,90,"Shrinkage",1.1553840088972,16.1000000000004,20910597,21010597,21410597,NA,NA,NA,NA,NA,NA,NA,0.677788963434258,3.69548388965941,0.95
800,800,91,"TS-RIGHT",0.350729984223479,9,20870598,20970598,21070598,"TS_n800_h155f087a",0.5,200,8,101,0.02,NA,NA,NA,NA
800,800,91,"IHT",0.381216947701042,2.77999999999975,20870598,20970598,NA,"IHT_n800_h17021d83",NA,NA,NA,NA,0.01,200,NA,NA,NA
800,800,91,"Lasso",0.360393429255196,0.659999999999854,20870598,20970598,21170598,NA,NA,NA,NA,NA,NA,NA,0.44540199574823,NA,NA
800,800,91,"Adaptive Huber",0.284771877308514,127.87,20870598,20970598,21270598,NA,NA,NA,NA,NA,NA,NA,0.372759372031494,5.54841140966912,0.95
800,800,91,"Shrinkage",1.56091500761107,1.84000000000015,20870598,20970598,21370598,NA,NA,NA,NA,NA,NA,NA,0.777554611406445,5.52787391331649,0.98
1200,800,91,"TS-RIGHT",0.258753042466658,7.80000000000018,20880598,20980598,21080598,"TS_n1200_h069793c2",0.5,150,8,76,0.02,NA,NA,NA,NA
1200,800,91,"IHT",0.303556498675132,4.14999999999964,20880598,20980598,NA,"IHT_n1200_h2051495b",NA,NA,NA,NA,0.01,200,NA,NA,NA
1200,800,91,"Lasso",0.395578725804791,3.92000000000007,20880598,20980598,21180598,NA,NA,NA,NA,NA,NA,NA,0.438269279038755,NA,NA
1200,800,91,"Adaptive Huber",0.347955694109989,201.03,20880598,20980598,21280598,NA,NA,NA,NA,NA,NA,NA,0.372759372031494,5.74231889518772,0.95
1200,800,91,"Shrinkage",0.775116056502233,3.86999999999989,20880598,20980598,21380598,NA,NA,NA,NA,NA,NA,NA,0.684314264190823,4.80970384123097,0.98
1600,800,91,"TS-RIGHT",0.269735719353406,7.53000000000065,20890598,20990598,21090598,"TS_n1600_h21db9f6b",0.5,150,8,76,0.02,NA,NA,NA,NA
1600,800,91,"IHT",0.294348173753967,4.71999999999935,20890598,20990598,NA,"IHT_n1600_h06b009d4",NA,NA,NA,NA,0.01,200,NA,NA,NA
1600,800,91,"Lasso",0.492503867745512,5.53000000000065,20890598,20990598,21190598,NA,NA,NA,NA,NA,NA,NA,0.785292417383595,NA,NA
1600,800,91,"Adaptive Huber",0.17409057501427,295,20890598,20990598,21290598,NA,NA,NA,NA,NA,NA,NA,0.372759372031494,7.0142715371181,0.95
1600,800,91,"Shrinkage",0.87771602191802,11.8399999999992,20890598,20990598,21390598,NA,NA,NA,NA,NA,NA,NA,0.811740949193952,5.49063888508807,0.98
2000,800,91,"TS-RIGHT",0.1893489713834,8.24000000000069,20900598,21000598,21100598,"TS_n2000_h06bee7e5",0.5,150,8,76,0.02,NA,NA,NA,NA
2000,800,91,"IHT",2.20328924082972,6.66999999999916,20900598,21000598,NA,"IHT_n2000_h371ec77d",NA,NA,NA,NA,0.01,200,NA,NA,NA
2000,800,91,"Lasso",1.74171171779692,7.48000000000047,20900598,21000598,21200598,NA,NA,NA,NA,NA,NA,NA,3.01116244615939,NA,NA
2000,800,91,"Adaptive Huber",0.196427053546803,353.17,20900598,21000598,21300598,NA,NA,NA,NA,NA,NA,NA,0.372759372031494,9.45549077337864,0.95
2000,800,91,"Shrinkage",0.763281418885668,14.8299999999999,20900598,21000598,21400598,NA,NA,NA,NA,NA,NA,NA,0.728565706801063,5.34929295265378,0.98
2400,800,91,"TS-RIGHT",0.23381510589925,9.77000000000044,20910598,21010598,21110598,"TS_n2400_h2202f38e",0.5,150,8,76,0.02,NA,NA,NA,NA
2400,800,91,"IHT",0.138258233869501,10.29,20910598,21010598,NA,"IHT_n2400_h1d7d87f6",NA,NA,NA,NA,0.01,200,NA,NA,NA
2400,800,91,"Lasso",0.308844712093716,4.27999999999975,20910598,21010598,21210598,NA,NA,NA,NA,NA,NA,NA,0.373717003970236,NA,NA
2400,800,91,"Adaptive Huber",0.299889872768256,448.02,20910598,21010598,21310598,NA,NA,NA,NA,NA,NA,NA,0.372759372031494,12.6179333601262,0.98
2400,800,91,"Shrinkage",1.17198512733499,15.2699999999995,20910598,21010598,21410598,NA,NA,NA,NA,NA,NA,NA,0.556471909463441,3.50495038704088,0.95
800,800,92,"TS-RIGHT",0.326205367251031,8.88999999999942,20870599,20970599,21070599,"TS_n800_h155f087a",0.5,200,8,101,0.02,NA,NA,NA,NA
800,800,92,"IHT",0.709301679522203,2.30000000000018,20870599,20970599,NA,"IHT_n800_h17021d83",NA,NA,NA,NA,0.01,200,NA,NA,NA
800,800,92,"Lasso",0.687656379390394,0.449999999999818,20870599,20970599,21170599,NA,NA,NA,NA,NA,NA,NA,0.891347307849705,NA,NA
800,800,92,"Adaptive Huber",0.263585565709779,127.639999999999,20870599,20970599,21270599,NA,NA,NA,NA,NA,NA,NA,0.372759372031494,6.07556160600833,0.95
800,800,92,"Shrinkage",1.33097412173418,1.72000000000025,20870599,20970599,21370599,NA,NA,NA,NA,NA,NA,NA,0.337452583845279,5.18792951252885,0.98
1200,800,92,"TS-RIGHT",0.359051576734256,7.65999999999985,20880599,20980599,21080599,"TS_n1200_h069793c2",0.5,150,8,76,0.02,NA,NA,NA,NA
1200,800,92,"IHT",0.360309569809689,4.30999999999949,20880599,20980599,NA,"IHT_n1200_h2051495b",NA,NA,NA,NA,0.01,200,NA,NA,NA
1200,800,92,"Lasso",0.66981421341757,7.05999999999949,20880599,20980599,21180599,NA,NA,NA,NA,NA,NA,NA,0.732978161483277,NA,NA
1200,800,92,"Adaptive Huber",0.35600209979908,198.67,20880599,20980599,21280599,NA,NA,NA,NA,NA,NA,NA,0.372759372031494,13.8889571351643,0.98
1200,800,92,"Shrinkage",1.19123701183751,4.17000000000007,20880599,20980599,21380599,NA,NA,NA,NA,NA,NA,NA,0.708795592442752,3.64580181673818,0.95
1600,800,92,"TS-RIGHT",0.261189546475234,7.48000000000047,20890599,20990599,21090599,"TS_n1600_h21db9f6b",0.5,150,8,76,0.02,NA,NA,NA,NA
1600,800,92,"IHT",0.356363125707529,6.40000000000055,20890599,20990599,NA,"IHT_n1600_h06b009d4",NA,NA,NA,NA,0.01,200,NA,NA,NA
1600,800,92,"Lasso",0.480013375418757,4.15999999999985,20890599,20990599,21190599,NA,NA,NA,NA,NA,NA,NA,0.500295027512402,NA,NA
1600,800,92,"Adaptive Huber",0.234929593634806,281.5,20890599,20990599,21290599,NA,NA,NA,NA,NA,NA,NA,0.372759372031494,6.14423336822031,0.95
1600,800,92,"Shrinkage",1.10339188726479,12.4899999999998,20890599,20990599,21390599,NA,NA,NA,NA,NA,NA,NA,0.512570488761247,3.42162737330699,0.95
2000,800,92,"TS-RIGHT",0.170076650154036,9.04999999999927,20900599,21000599,21100599,"TS_n2000_h06bee7e5",0.5,150,8,76,0.02,NA,NA,NA,NA
2000,800,92,"IHT",0.223868459298223,5.96000000000004,20900599,21000599,NA,"IHT_n2000_h371ec77d",NA,NA,NA,NA,0.01,200,NA,NA,NA
2000,800,92,"Lasso",0.300802823770454,4.1899999999996,20900599,21000599,21200599,NA,NA,NA,NA,NA,NA,NA,0.431048451103215,NA,NA
2000,800,92,"Adaptive Huber",0.156860260875908,352.67,20900599,21000599,21300599,NA,NA,NA,NA,NA,NA,NA,0.138949549437314,5.79920162579612,0.95
2000,800,92,"Shrinkage",1.26492752681037,16.0500000000002,20900599,21000599,21400599,NA,NA,NA,NA,NA,NA,NA,0.785147521173941,5.11405390625875,0.98
2400,800,92,"TS-RIGHT",0.178068630092072,8.34000000000015,20910599,21010599,21110599,"TS_n2400_h2202f38e",0.5,150,8,76,0.02,NA,NA,NA,NA
2400,800,92,"IHT",0.280787727672619,9.97000000000025,20910599,21010599,NA,"IHT_n2400_h1d7d87f6",NA,NA,NA,NA,0.01,200,NA,NA,NA
2400,800,92,"Lasso",0.408735721257068,5.50999999999931,20910599,21010599,21210599,NA,NA,NA,NA,NA,NA,NA,0.373755679043324,NA,NA
2400,800,92,"Adaptive Huber",0.252294010393722,406.89,20910599,21010599,21310599,NA,NA,NA,NA,NA,NA,NA,0.372759372031494,5.78160718060851,0.95
2400,800,92,"Shrinkage",1.32490553286717,14.5800000000008,20910599,21010599,21410599,NA,NA,NA,NA,NA,NA,NA,0.704841379450356,3.65024543273613,0.95
800,800,93,"TS-RIGHT",0.338246999642002,8.94000000000051,20870600,20970600,21070600,"TS_n800_h155f087a",0.5,200,8,101,0.02,NA,NA,NA,NA
800,800,93,"IHT",0.587226766103627,3.19999999999982,20870600,20970600,NA,"IHT_n800_h17021d83",NA,NA,NA,NA,0.01,200,NA,NA,NA
800,800,93,"Lasso",0.923810670574453,0.819999999999709,20870600,20970600,21170600,NA,NA,NA,NA,NA,NA,NA,0.966975498820738,NA,NA
800,800,93,"Adaptive Huber",0.325785812813545,123.48,20870600,20970600,21270600,NA,NA,NA,NA,NA,NA,NA,0.372759372031494,6.42922878425162,0.95
800,800,93,"Shrinkage",1.53521755655732,1.35999999999967,20870600,20970600,21370600,NA,NA,NA,NA,NA,NA,NA,1.13757909638053,3.61238363128228,0.95
1200,800,93,"TS-RIGHT",0.168470428716208,7.13999999999942,20880600,20980600,21080600,"TS_n1200_h069793c2",0.5,150,8,76,0.02,NA,NA,NA,NA
1200,800,93,"IHT",0.493709954613602,3.22000000000025,20880600,20980600,NA,"IHT_n1200_h2051495b",NA,NA,NA,NA,0.01,200,NA,NA,NA
1200,800,93,"Lasso",0.866187273205352,8.57999999999993,20880600,20980600,21180600,NA,NA,NA,NA,NA,NA,NA,1.30343988243614,NA,NA
1200,800,93,"Adaptive Huber",0.293147443224814,210.05,20880600,20980600,21280600,NA,NA,NA,NA,NA,NA,NA,0.372759372031494,6.36549020560358,0.95
1200,800,93,"Shrinkage",1.6912408159331,4.25,20880600,20980600,21380600,NA,NA,NA,NA,NA,NA,NA,0.867017022497653,3.57746598605589,0.95
1600,800,93,"TS-RIGHT",0.177253419462406,7.34000000000015,20890600,20990600,21090600,"TS_n1600_h21db9f6b",0.5,150,8,76,0.02,NA,NA,NA,NA
1600,800,93,"IHT",1.41719902389661e+87,4.98000000000047,20890600,20990600,NA,"IHT_n1600_h06b009d4",NA,NA,NA,NA,0.01,200,NA,NA,NA
1600,800,93,"Lasso",0.369097757474975,4.59000000000015,20890600,20990600,21190600,NA,NA,NA,NA,NA,NA,NA,0.374345501686468,NA,NA
1600,800,93,"Adaptive Huber",0.307947535253813,279.69,20890600,20990600,21290600,NA,NA,NA,NA,NA,NA,NA,0.372759372031494,5.43882621035274,0.95
1600,800,93,"Shrinkage",1.24214200420632,11.6400000000003,20890600,20990600,21390600,NA,NA,NA,NA,NA,NA,NA,0.94922158298061,5.08706117568359,0.98
2000,800,93,"TS-RIGHT",0.193376396917976,8.10999999999967,20900600,21000600,21100600,"TS_n2000_h06bee7e5",0.5,150,8,76,0.02,NA,NA,NA,NA
2000,800,93,"IHT",0.196235394225017,6,20900600,21000600,NA,"IHT_n2000_h371ec77d",NA,NA,NA,NA,0.01,200,NA,NA,NA
2000,800,93,"Lasso",0.319865290170805,4.38999999999942,20900600,21000600,21200600,NA,NA,NA,NA,NA,NA,NA,0.409655170754511,NA,NA
2000,800,93,"Adaptive Huber",0.214736533971453,353.01,20900600,21000600,21300600,NA,NA,NA,NA,NA,NA,NA,0.138949549437314,7.00575732571084,0.95
2000,800,93,"Shrinkage",0.94747326223861,13.5199999999995,20900600,21000600,21400600,NA,NA,NA,NA,NA,NA,NA,0.570943535447298,5.55728742393422,0.98
2400,800,93,"TS-RIGHT",0.237348885198155,9.40000000000055,20910600,21010600,21110600,"TS_n2400_h2202f38e",0.5,150,8,76,0.02,NA,NA,NA,NA
2400,800,93,"IHT",0.493392484654003,8.28999999999996,20910600,21010600,NA,"IHT_n2400_h1d7d87f6",NA,NA,NA,NA,0.01,200,NA,NA,NA
2400,800,93,"Lasso",0.569551832762939,7.17999999999938,20910600,21010600,21210600,NA,NA,NA,NA,NA,NA,NA,0.845438473721735,NA,NA
2400,800,93,"Adaptive Huber",0.159732306439807,426.280000000001,20910600,21010600,21310600,NA,NA,NA,NA,NA,NA,NA,0.138949549437314,4.05561190951133,0.9
2400,800,93,"Shrinkage",0.87415298223438,9.26999999999953,20910600,21010600,21410600,NA,NA,NA,NA,NA,NA,NA,0.83231885931365,5.32095226255505,0.98
800,800,94,"TS-RIGHT",0.311646760542175,8.96000000000004,20870601,20970601,21070601,"TS_n800_h155f087a",0.5,200,8,101,0.02,NA,NA,NA,NA
800,800,94,"IHT",0.412692365993105,2.35999999999967,20870601,20970601,NA,"IHT_n800_h17021d83",NA,NA,NA,NA,0.01,200,NA,NA,NA
800,800,94,"Lasso",0.605708076061369,0.720000000000255,20870601,20970601,21170601,NA,NA,NA,NA,NA,NA,NA,0.652876838248387,NA,NA
800,800,94,"Adaptive Huber",0.391365487064829,123.98,20870601,20970601,21270601,NA,NA,NA,NA,NA,NA,NA,0.372759372031494,5.08492877929338,0.95
800,800,94,"Shrinkage",1.4305868613491,1.65999999999985,20870601,20970601,21370601,NA,NA,NA,NA,NA,NA,NA,0.522990149294771,5.22686610668122,0.98
1200,800,94,"TS-RIGHT",0.182133450943733,7.38000000000011,20880601,20980601,21080601,"TS_n1200_h069793c2",0.5,150,8,76,0.02,NA,NA,NA,NA
1200,800,94,"IHT",0.383777210155111,3.27999999999975,20880601,20980601,NA,"IHT_n1200_h2051495b",NA,NA,NA,NA,0.01,200,NA,NA,NA
1200,800,94,"Lasso",0.381656317014116,3.44999999999982,20880601,20980601,21180601,NA,NA,NA,NA,NA,NA,NA,0.580869281083112,NA,NA
1200,800,94,"Adaptive Huber",0.220383959937063,198.8,20880601,20980601,21280601,NA,NA,NA,NA,NA,NA,NA,0.372759372031494,6.45080343153366,0.95
1200,800,94,"Shrinkage",1.26037446054262,3.76000000000022,20880601,20980601,21380601,NA,NA,NA,NA,NA,NA,NA,0.951457482074513,3.64480714423273,0.95
1600,800,94,"TS-RIGHT",0.110454384556272,8.23999999999978,20890601,20990601,21090601,"TS_n1600_h21db9f6b",0.5,150,8,76,0.02,NA,NA,NA,NA
1600,800,94,"IHT",0.201130918316284,5.52999999999975,20890601,20990601,NA,"IHT_n1600_h06b009d4",NA,NA,NA,NA,0.01,200,NA,NA,NA
1600,800,94,"Lasso",0.300872346524868,4.98000000000047,20890601,20990601,21190601,NA,NA,NA,NA,NA,NA,NA,0.304035109789406,NA,NA
1600,800,94,"Adaptive Huber",0.285119064173182,280.91,20890601,20990601,21290601,NA,NA,NA,NA,NA,NA,NA,0.372759372031494,5.24683925073268,0.95
1600,800,94,"Shrinkage",1.69586703069656,13.8900000000003,20890601,20990601,21390601,NA,NA,NA,NA,NA,NA,NA,0.900876749892903,3.62166216674038,0.95
2000,800,94,"TS-RIGHT",0.146922285651485,7.97999999999956,20900601,21000601,21100601,"TS_n2000_h06bee7e5",0.5,150,8,76,0.02,NA,NA,NA,NA
2000,800,94,"IHT",0.226749632500538,7.72000000000025,20900601,21000601,NA,"IHT_n2000_h371ec77d",NA,NA,NA,NA,0.01,200,NA,NA,NA
2000,800,94,"Lasso",0.267798503098082,5.30000000000018,20900601,21000601,21200601,NA,NA,NA,NA,NA,NA,NA,0.347195514892663,NA,NA
2000,800,94,"Adaptive Huber",0.209906125575933,341.54,20900601,21000601,21300601,NA,NA,NA,NA,NA,NA,NA,0.372759372031494,6.00110213345506,0.95
2000,800,94,"Shrinkage",1.03195369934662,11.2200000000003,20900601,21000601,21400601,NA,NA,NA,NA,NA,NA,NA,0.762695678475387,5.54640362648807,0.98
2400,800,94,"TS-RIGHT",0.18046073154623,8.71000000000004,20910601,21010601,21110601,"TS_n2400_h2202f38e",0.5,150,8,76,0.02,NA,NA,NA,NA
2400,800,94,"IHT",0.11578423210847,7.26000000000022,20910601,21010601,NA,"IHT_n2400_h1d7d87f6",NA,NA,NA,NA,0.01,200,NA,NA,NA
2400,800,94,"Lasso",0.193582354454058,4.35999999999967,20910601,21010601,21210601,NA,NA,NA,NA,NA,NA,NA,0.270611322161039,NA,NA
2400,800,94,"Adaptive Huber",0.230560307108856,394.72,20910601,21010601,21310601,NA,NA,NA,NA,NA,NA,NA,0.372759372031494,6.23279093972336,0.95
2400,800,94,"Shrinkage",0.929015343967319,7.39999999999964,20910601,21010601,21410601,NA,NA,NA,NA,NA,NA,NA,0.828673067465536,5.39356821875436,0.98
800,800,95,"TS-RIGHT",0.310337313314065,9.69999999999982,20870602,20970602,21070602,"TS_n800_h155f087a",0.5,200,8,101,0.02,NA,NA,NA,NA
800,800,95,"IHT",0.277727613172194,2.30999999999949,20870602,20970602,NA,"IHT_n800_h17021d83",NA,NA,NA,NA,0.01,200,NA,NA,NA
800,800,95,"Lasso",0.238911440718135,0.75,20870602,20970602,21170602,NA,NA,NA,NA,NA,NA,NA,0.562116338980141,NA,NA
800,800,95,"Adaptive Huber",0.221143310420216,126.67,20870602,20970602,21270602,NA,NA,NA,NA,NA,NA,NA,0.372759372031494,11.9487100133204,0.98
800,800,95,"Shrinkage",1.32232696791665,1.69999999999982,20870602,20970602,21370602,NA,NA,NA,NA,NA,NA,NA,0.408645084040882,3.53395624501401,0.95
1200,800,95,"TS-RIGHT",0.277313632915432,7.65999999999985,20880602,20980602,21080602,"TS_n1200_h069793c2",0.5,150,8,76,0.02,NA,NA,NA,NA
1200,800,95,"IHT",0.389920825812214,3.61999999999989,20880602,20980602,NA,"IHT_n1200_h2051495b",NA,NA,NA,NA,0.01,200,NA,NA,NA
1200,800,95,"Lasso",0.412606595971865,3.80000000000018,20880602,20980602,21180602,NA,NA,NA,NA,NA,NA,NA,0.579290027160599,NA,NA
1200,800,95,"Adaptive Huber",0.209316338536123,198.49,20880602,20980602,21280602,NA,NA,NA,NA,NA,NA,NA,0.372759372031494,6.9325905040684,0.95
1200,800,95,"Shrinkage",1.26676389678149,4.5,20880602,20980602,21380602,NA,NA,NA,NA,NA,NA,NA,0.85757827782994,5.93421223050721,0.98
1600,800,95,"TS-RIGHT",0.147159067739192,8.86999999999989,20890602,20990602,21090602,"TS_n1600_h21db9f6b",0.5,150,8,76,0.02,NA,NA,NA,NA
1600,800,95,"IHT",0.559755091934273,5.88999999999942,20890602,20990602,NA,"IHT_n1600_h06b009d4",NA,NA,NA,NA,0.01,200,NA,NA,NA
1600,800,95,"Lasso",0.739356780152184,5.17000000000007,20890602,20990602,21190602,NA,NA,NA,NA,NA,NA,NA,1.0242293095163,NA,NA
1600,800,95,"Adaptive Huber",0.267606439721718,280.02,20890602,20990602,21290602,NA,NA,NA,NA,NA,NA,NA,0.372759372031494,7.08126525164778,0.95
1600,800,95,"Shrinkage",0.871187132435769,11.1099999999997,20890602,20990602,21390602,NA,NA,NA,NA,NA,NA,NA,0.673356789475689,5.27298055768846,0.98
2000,800,95,"TS-RIGHT",0.250750807141945,8.75,20900602,21000602,21100602,"TS_n2000_h06bee7e5",0.5,150,8,76,0.02,NA,NA,NA,NA
2000,800,95,"IHT",0.361351704835291,8,20900602,21000602,NA,"IHT_n2000_h371ec77d",NA,NA,NA,NA,0.01,200,NA,NA,NA
2000,800,95,"Lasso",0.3873638687789,4.44999999999982,20900602,21000602,21200602,NA,NA,NA,NA,NA,NA,NA,0.750279162875431,NA,NA
2000,800,95,"Adaptive Huber",0.242563354226044,334.25,20900602,21000602,21300602,NA,NA,NA,NA,NA,NA,NA,0.372759372031494,5.67068680806727,0.95
2000,800,95,"Shrinkage",1.22737066275965,8.14000000000033,20900602,21000602,21400602,NA,NA,NA,NA,NA,NA,NA,0.759251046936936,5.18852057872666,0.98
2400,800,95,"TS-RIGHT",0.230819116243967,8.80000000000018,20910602,21010602,21110602,"TS_n2400_h2202f38e",0.5,150,8,76,0.02,NA,NA,NA,NA
2400,800,95,"IHT",10.2928522228523,8.0600000000004,20910602,21010602,NA,"IHT_n2400_h1d7d87f6",NA,NA,NA,NA,0.01,200,NA,NA,NA
2400,800,95,"Lasso",0.578961980884786,5.72999999999956,20910602,21010602,21210602,NA,NA,NA,NA,NA,NA,NA,0.708267130100731,NA,NA
2400,800,95,"Adaptive Huber",0.22538513714174,374.66,20910602,21010602,21310602,NA,NA,NA,NA,NA,NA,NA,0.372759372031494,6.53895434831341,0.95
2400,800,95,"Shrinkage",0.945808254380006,4.94999999999982,20910602,21010602,21410602,NA,NA,NA,NA,NA,NA,NA,0.646583262053067,5.34429787368375,0.98
800,800,96,"TS-RIGHT",0.278941575210826,9.07999999999993,20870603,20970603,21070603,"TS_n800_h155f087a",0.5,200,8,101,0.02,NA,NA,NA,NA
800,800,96,"IHT",0.542398056562417,2.39999999999964,20870603,20970603,NA,"IHT_n800_h17021d83",NA,NA,NA,NA,0.01,200,NA,NA,NA
800,800,96,"Lasso",0.6308888632127,0.989999999999782,20870603,20970603,21170603,NA,NA,NA,NA,NA,NA,NA,1.27335073490187,NA,NA
800,800,96,"Adaptive Huber",0.452808258211768,123.320000000001,20870603,20970603,21270603,NA,NA,NA,NA,NA,NA,NA,1,11.5296602607035,0.98
800,800,96,"Shrinkage",1.31928623454754,1.46000000000004,20870603,20970603,21370603,NA,NA,NA,NA,NA,NA,NA,0.69496492504149,6.16433406911732,0.98
1200,800,96,"TS-RIGHT",0.178758478954777,7.72000000000025,20880603,20980603,21080603,"TS_n1200_h069793c2",0.5,150,8,76,0.02,NA,NA,NA,NA
1200,800,96,"IHT",0.438467702993248,4.25,20880603,20980603,NA,"IHT_n1200_h2051495b",NA,NA,NA,NA,0.01,200,NA,NA,NA
1200,800,96,"Lasso",0.498339679821295,4.67000000000007,20880603,20980603,21180603,NA,NA,NA,NA,NA,NA,NA,0.825044393830931,NA,NA
1200,800,96,"Adaptive Huber",0.2053867297798,205.26,20880603,20980603,21280603,NA,NA,NA,NA,NA,NA,NA,0.372759372031494,5.63246601947295,0.95
1200,800,96,"Shrinkage",1.0223129793161,4.06999999999971,20880603,20980603,21380603,NA,NA,NA,NA,NA,NA,NA,0.734020869053143,3.78607460580719,0.95
1600,800,96,"TS-RIGHT",0.353125781600924,7.67000000000007,20890603,20990603,21090603,"TS_n1600_h21db9f6b",0.5,150,8,76,0.02,NA,NA,NA,NA
1600,800,96,"IHT",1.66614416866661,6.72000000000025,20890603,20990603,NA,"IHT_n1600_h06b009d4",NA,NA,NA,NA,0.01,200,NA,NA,NA
1600,800,96,"Lasso",2.25638397940568,10.3599999999997,20890603,20990603,21190603,NA,NA,NA,NA,NA,NA,NA,3.69633012916986,NA,NA
1600,800,96,"Adaptive Huber",0.298628803175606,278.190000000001,20890603,20990603,21290603,NA,NA,NA,NA,NA,NA,NA,0.372759372031494,10.0401794201212,0.95
1600,800,96,"Shrinkage",0.863377265141005,4.82999999999993,20890603,20990603,21390603,NA,NA,NA,NA,NA,NA,NA,0.515413584740163,5.47476274661612,0.98
2000,800,96,"TS-RIGHT",0.27667864424217,8.75,20900603,21000603,21100603,"TS_n2000_h06bee7e5",0.5,150,8,76,0.02,NA,NA,NA,NA
2000,800,96,"IHT",0.600431385169291,7.39000000000033,20900603,21000603,NA,"IHT_n2000_h371ec77d",NA,NA,NA,NA,0.01,200,NA,NA,NA
2000,800,96,"Lasso",0.740209214049768,5.59000000000015,20900603,21000603,21200603,NA,NA,NA,NA,NA,NA,NA,0.793957665602133,NA,NA
2000,800,96,"Adaptive Huber",0.18186035265152,316.41,20900603,21000603,21300603,NA,NA,NA,NA,NA,NA,NA,0.138949549437314,6.30173021526629,0.95
2000,800,96,"Shrinkage",1.07168555966146,4.94999999999982,20900603,21000603,21400603,NA,NA,NA,NA,NA,NA,NA,0.518618264476651,3.49365900250747,0.95
2400,800,96,"TS-RIGHT",0.225405482338142,8.53000000000065,20910603,21010603,21110603,"TS_n2400_h2202f38e",0.5,150,8,76,0.02,NA,NA,NA,NA
2400,800,96,"IHT",0.31295322827329,9.64999999999964,20910603,21010603,NA,"IHT_n2400_h1d7d87f6",NA,NA,NA,NA,0.01,200,NA,NA,NA
2400,800,96,"Lasso",0.37133772113382,4.52999999999975,20910603,21010603,21210603,NA,NA,NA,NA,NA,NA,NA,0.472865486893573,NA,NA
2400,800,96,"Adaptive Huber",0.176310827250518,340.740000000001,20910603,21010603,21310603,NA,NA,NA,NA,NA,NA,NA,0.138949549437314,6.0861794382009,0.95
2400,800,96,"Shrinkage",1.01506314808433,4.00999999999931,20910603,21010603,21410603,NA,NA,NA,NA,NA,NA,NA,0.948481344893033,4.92707115445056,0.98
800,800,97,"TS-RIGHT",0.295641487345223,9.4399999999996,20870604,20970604,21070604,"TS_n800_h155f087a",0.5,200,8,101,0.02,NA,NA,NA,NA
800,800,97,"IHT",0.709889528475697,2.38000000000011,20870604,20970604,NA,"IHT_n800_h17021d83",NA,NA,NA,NA,0.01,200,NA,NA,NA
800,800,97,"Lasso",0.742089714240105,0.590000000000146,20870604,20970604,21170604,NA,NA,NA,NA,NA,NA,NA,1.02715231482779,NA,NA
800,800,97,"Adaptive Huber",0.20238572726136,121.309999999999,20870604,20970604,21270604,NA,NA,NA,NA,NA,NA,NA,0.372759372031494,6.4872942221614,0.95
800,800,97,"Shrinkage",1.20671666869341,2.05000000000018,20870604,20970604,21370604,NA,NA,NA,NA,NA,NA,NA,1.4454853758537,5.26623559521425,0.98
1200,800,97,"TS-RIGHT",0.285031845929153,7.97000000000025,20880604,20980604,21080604,"TS_n1200_h069793c2",0.5,150,8,76,0.02,NA,NA,NA,NA
1200,800,97,"IHT",0.259920747739819,3.32999999999993,20880604,20980604,NA,"IHT_n1200_h2051495b",NA,NA,NA,NA,0.01,200,NA,NA,NA
1200,800,97,"Lasso",0.375776803296901,4.64000000000033,20880604,20980604,21180604,NA,NA,NA,NA,NA,NA,NA,0.540875394469179,NA,NA
1200,800,97,"Adaptive Huber",0.300951270056398,205.61,20880604,20980604,21280604,NA,NA,NA,NA,NA,NA,NA,0.372759372031494,6.0312699466137,0.95
1200,800,97,"Shrinkage",1.01537568508585,2.72999999999956,20880604,20980604,21380604,NA,NA,NA,NA,NA,NA,NA,0.780632645256159,5.45932234708032,0.98
1600,800,97,"TS-RIGHT",0.295030514977834,7.86000000000058,20890604,20990604,21090604,"TS_n1600_h21db9f6b",0.5,150,8,76,0.02,NA,NA,NA,NA
1600,800,97,"IHT",0.275691390875267,5.73999999999978,20890604,20990604,NA,"IHT_n1600_h06b009d4",NA,NA,NA,NA,0.01,200,NA,NA,NA
1600,800,97,"Lasso",0.55337218452374,4.76000000000022,20890604,20990604,21190604,NA,NA,NA,NA,NA,NA,NA,0.626595680340073,NA,NA
1600,800,97,"Adaptive Huber",0.281499603948119,250.719999999999,20890604,20990604,21290604,NA,NA,NA,NA,NA,NA,NA,0.372759372031494,5.86929983814962,0.95
1600,800,97,"Shrinkage",1.56361959690407,5.14000000000033,20890604,20990604,21390604,NA,NA,NA,NA,NA,NA,NA,0.757743291017767,3.39109200662433,0.95
2000,800,97,"TS-RIGHT",0.168323349390408,8.67000000000007,20900604,21000604,21100604,"TS_n2000_h06bee7e5",0.5,150,8,76,0.02,NA,NA,NA,NA
2000,800,97,"IHT",0.218800960029056,6.6899999999996,20900604,21000604,NA,"IHT_n2000_h371ec77d",NA,NA,NA,NA,0.01,200,NA,NA,NA
2000,800,97,"Lasso",0.547859038066083,4.57999999999993,20900604,21000604,21200604,NA,NA,NA,NA,NA,NA,NA,0.541215869601082,NA,NA
2000,800,97,"Adaptive Huber",0.240995849472973,286.410000000001,20900604,21000604,21300604,NA,NA,NA,NA,NA,NA,NA,0.372759372031494,5.98115852371343,0.95
2000,800,97,"Shrinkage",1.09573307137268,3.19999999999982,20900604,21000604,21400604,NA,NA,NA,NA,NA,NA,NA,0.812075643546209,5.50607330218186,0.98
2400,800,97,"TS-RIGHT",0.188173424217917,9.17000000000007,20910604,21010604,21110604,"TS_n2400_h2202f38e",0.5,150,8,76,0.02,NA,NA,NA,NA
2400,800,97,"IHT",0.317179139477063,7.07999999999993,20910604,21010604,NA,"IHT_n2400_h1d7d87f6",NA,NA,NA,NA,0.01,200,NA,NA,NA
2400,800,97,"Lasso",0.364093476573106,4.5600000000004,20910604,21010604,21210604,NA,NA,NA,NA,NA,NA,NA,0.597435863484995,NA,NA
2400,800,97,"Adaptive Huber",0.209541905521062,301.75,20910604,21010604,21310604,NA,NA,NA,NA,NA,NA,NA,0.372759372031494,6.08999804375745,0.95
2400,800,97,"Shrinkage",1.18687383733504,2.73999999999978,20910604,21010604,21410604,NA,NA,NA,NA,NA,NA,NA,0.596582768829807,3.63278635992682,0.95
800,800,98,"TS-RIGHT",0.236516935520922,9.30999999999949,20870605,20970605,21070605,"TS_n800_h155f087a",0.5,200,8,101,0.02,NA,NA,NA,NA
800,800,98,"IHT",0.321295130059188,2.17000000000007,20870605,20970605,NA,"IHT_n800_h17021d83",NA,NA,NA,NA,0.01,200,NA,NA,NA
800,800,98,"Lasso",0.32260411851387,0.5,20870605,20970605,21170605,NA,NA,NA,NA,NA,NA,NA,0.581201249303817,NA,NA
800,800,98,"Adaptive Huber",0.223503569119796,122.76,20870605,20970605,21270605,NA,NA,NA,NA,NA,NA,NA,0.372759372031494,6.50999861704411,0.95
800,800,98,"Shrinkage",0.816668399588481,1.21000000000004,20870605,20970605,21370605,NA,NA,NA,NA,NA,NA,NA,0.37098298107461,5.44688423667551,0.98
1200,800,98,"TS-RIGHT",0.160438854122321,7.14999999999964,20880605,20980605,21080605,"TS_n1200_h069793c2",0.5,150,8,76,0.02,NA,NA,NA,NA
1200,800,98,"IHT",0.335045618914794,3.69000000000051,20880605,20980605,NA,"IHT_n1200_h2051495b",NA,NA,NA,NA,0.01,200,NA,NA,NA
1200,800,98,"Lasso",0.394299682964988,3.22000000000025,20880605,20980605,21180605,NA,NA,NA,NA,NA,NA,NA,0.508840179263414,NA,NA
1200,800,98,"Adaptive Huber",0.24558098793616,186.96,20880605,20980605,21280605,NA,NA,NA,NA,NA,NA,NA,0.372759372031494,3.90035989235508,0.9
1200,800,98,"Shrinkage",1.50035200733939,2.26000000000022,20880605,20980605,21380605,NA,NA,NA,NA,NA,NA,NA,1.16349676832855,5.23594219882622,0.98
1600,800,98,"TS-RIGHT",0.198069858314918,7.60000000000036,20890605,20990605,21090605,"TS_n1600_h21db9f6b",0.5,150,8,76,0.02,NA,NA,NA,NA
1600,800,98,"IHT",0.392694092095397,4.97000000000025,20890605,20990605,NA,"IHT_n1600_h06b009d4",NA,NA,NA,NA,0.01,200,NA,NA,NA
1600,800,98,"Lasso",0.553665213175151,6.5,20890605,20990605,21190605,NA,NA,NA,NA,NA,NA,NA,0.536004894633025,NA,NA
1600,800,98,"Adaptive Huber",0.321557843756597,237.179999999999,20890605,20990605,21290605,NA,NA,NA,NA,NA,NA,NA,0.372759372031494,6.12123632226157,0.95
1600,800,98,"Shrinkage",1.57293068551038,3.77000000000044,20890605,20990605,21390605,NA,NA,NA,NA,NA,NA,NA,0.762146884385446,3.64732375158261,0.95
2000,800,98,"TS-RIGHT",0.178812354002178,8.44999999999982,20900605,21000605,21100605,"TS_n2000_h06bee7e5",0.5,150,8,76,0.02,NA,NA,NA,NA
2000,800,98,"IHT",0.226779885260821,7.39000000000033,20900605,21000605,NA,"IHT_n2000_h371ec77d",NA,NA,NA,NA,0.01,200,NA,NA,NA
2000,800,98,"Lasso",0.265686421417775,4.40999999999985,20900605,21000605,21200605,NA,NA,NA,NA,NA,NA,NA,0.42248538503917,NA,NA
2000,800,98,"Adaptive Huber",0.267920777609718,256.39,20900605,21000605,21300605,NA,NA,NA,NA,NA,NA,NA,0.372759372031494,5.79917849062129,0.95
2000,800,98,"Shrinkage",1.15759603992274,3.23999999999978,20900605,21000605,21400605,NA,NA,NA,NA,NA,NA,NA,0.545194183457691,3.60414072294675,0.95
2400,800,98,"TS-RIGHT",0.163955816533317,8.78000000000065,20910605,21010605,21110605,"TS_n2400_h2202f38e",0.5,150,8,76,0.02,NA,NA,NA,NA
2400,800,98,"IHT",0.257508316367694,8.32999999999993,20910605,21010605,NA,"IHT_n2400_h1d7d87f6",NA,NA,NA,NA,0.01,200,NA,NA,NA
2400,800,98,"Lasso",0.374667434652613,4.80999999999949,20910605,21010605,21210605,NA,NA,NA,NA,NA,NA,NA,0.473942404966368,NA,NA
2400,800,98,"Adaptive Huber",0.249735345000154,273.14,20910605,21010605,21310605,NA,NA,NA,NA,NA,NA,NA,0.372759372031494,5.85839537633131,0.95
2400,800,98,"Shrinkage",1.14555931839018,2.52999999999975,20910605,21010605,21410605,NA,NA,NA,NA,NA,NA,NA,0.679679804634959,3.60300911929136,0.95
800,800,99,"TS-RIGHT",0.278647874750739,9.17999999999938,20870606,20970606,21070606,"TS_n800_h155f087a",0.5,200,8,101,0.02,NA,NA,NA,NA
800,800,99,"IHT",0.313933800735766,3.3100000000004,20870606,20970606,NA,"IHT_n800_h17021d83",NA,NA,NA,NA,0.01,200,NA,NA,NA
800,800,99,"Lasso",0.294057806525458,0.619999999999891,20870606,20970606,21170606,NA,NA,NA,NA,NA,NA,NA,0.510936725253039,NA,NA
800,800,99,"Adaptive Huber",0.19631420113377,120.86,20870606,20970606,21270606,NA,NA,NA,NA,NA,NA,NA,0.372759372031494,5.81282531813901,0.95
800,800,99,"Shrinkage",1.40052877434644,1.21000000000004,20870606,20970606,21370606,NA,NA,NA,NA,NA,NA,NA,0.963152498769447,3.66102824579752,0.95
1200,800,99,"TS-RIGHT",0.401257890445586,5.96999999999935,20880606,20980606,21080606,"TS_n1200_h069793c2",0.5,150,8,76,0.02,NA,NA,NA,NA
1200,800,99,"IHT",0.375091866906308,4.03000000000065,20880606,20980606,NA,"IHT_n1200_h2051495b",NA,NA,NA,NA,0.01,200,NA,NA,NA
1200,800,99,"Lasso",0.684910437957214,5.46999999999935,20880606,20980606,21180606,NA,NA,NA,NA,NA,NA,NA,0.85057414463886,NA,NA
1200,800,99,"Adaptive Huber",0.291156947653082,170.87,20880606,20980606,21280606,NA,NA,NA,NA,NA,NA,NA,0.372759372031494,6.20704028983994,0.95
1200,800,99,"Shrinkage",1.13634654813626,1.77000000000044,20880606,20980606,21380606,NA,NA,NA,NA,NA,NA,NA,0.947349109656746,4.9942020993651,0.98
1600,800,99,"TS-RIGHT",0.258039164169085,8.33999999999924,20890606,20990606,21090606,"TS_n1600_h21db9f6b",0.5,150,8,76,0.02,NA,NA,NA,NA
1600,800,99,"IHT",0.308105156401858,6.5600000000004,20890606,20990606,NA,"IHT_n1600_h06b009d4",NA,NA,NA,NA,0.01,200,NA,NA,NA
1600,800,99,"Lasso",0.338181815112343,3.40999999999985,20890606,20990606,21190606,NA,NA,NA,NA,NA,NA,NA,0.420351678250509,NA,NA
1600,800,99,"Adaptive Huber",0.215741876255181,201,20890606,20990606,21290606,NA,NA,NA,NA,NA,NA,NA,0.138949549437314,5.35436342835537,0.95
1600,800,99,"Shrinkage",1.11164657583465,2.86999999999989,20890606,20990606,21390606,NA,NA,NA,NA,NA,NA,NA,0.602231713922773,3.48296934065892,0.95
2000,800,99,"TS-RIGHT",0.179139320869286,8.03000000000065,20900606,21000606,21100606,"TS_n2000_h06bee7e5",0.5,150,8,76,0.02,NA,NA,NA,NA
2000,800,99,"IHT",0.483467280387172,6.65999999999985,20900606,21000606,NA,"IHT_n2000_h371ec77d",NA,NA,NA,NA,0.01,200,NA,NA,NA
2000,800,99,"Lasso",0.552430523008717,8.25,20900606,21000606,21200606,NA,NA,NA,NA,NA,NA,NA,1.01200018646895,NA,NA
2000,800,99,"Adaptive Huber",0.185925244050108,224.049999999999,20900606,21000606,21300606,NA,NA,NA,NA,NA,NA,NA,0.138949549437314,6.09598002875518,0.95
2000,800,99,"Shrinkage",1.30993139807283,2.39000000000033,20900606,21000606,21400606,NA,NA,NA,NA,NA,NA,NA,0.314118140613571,5.3518798209892,0.98
2400,800,99,"TS-RIGHT",0.117355004060379,9,20910606,21010606,21110606,"TS_n2400_h2202f38e",0.5,150,8,76,0.02,NA,NA,NA,NA
2400,800,99,"IHT",0.556826595184066,8.84000000000015,20910606,21010606,NA,"IHT_n2400_h1d7d87f6",NA,NA,NA,NA,0.01,200,NA,NA,NA
2400,800,99,"Lasso",0.676611134769583,7.72999999999956,20910606,21010606,21210606,NA,NA,NA,NA,NA,NA,NA,0.959227074234161,NA,NA
2400,800,99,"Adaptive Huber",0.266979225765838,223.71,20910606,21010606,21310606,NA,NA,NA,NA,NA,NA,NA,0.372759372031494,6.93871683201105,0.95
2400,800,99,"Shrinkage",1.19805724278793,1.92000000000007,20910606,21010606,21410606,NA,NA,NA,NA,NA,NA,NA,0.742755059050575,3.4758597678941,0.95
800,800,100,"TS-RIGHT",0.395411289754435,8.52000000000044,20870607,20970607,21070607,"TS_n800_h155f087a",0.5,200,8,101,0.02,NA,NA,NA,NA
800,800,100,"IHT",0.394511284061302,2.28000000000065,20870607,20970607,NA,"IHT_n800_h17021d83",NA,NA,NA,NA,0.01,200,NA,NA,NA
800,800,100,"Lasso",0.448501484001571,0.549999999999272,20870607,20970607,21170607,NA,NA,NA,NA,NA,NA,NA,0.61259140065822,NA,NA
800,800,100,"Adaptive Huber",0.242558178056682,110.38,20870607,20970607,21270607,NA,NA,NA,NA,NA,NA,NA,0.372759372031494,5.36175624751676,0.95
800,800,100,"Shrinkage",1.46714408724206,0.970000000000255,20870607,20970607,21370607,NA,NA,NA,NA,NA,NA,NA,1.06471822936204,3.62916563296325,0.95
1200,800,100,"TS-RIGHT",0.184161317152677,7.51000000000022,20880607,20980607,21080607,"TS_n1200_h069793c2",0.5,150,8,76,0.02,NA,NA,NA,NA
1200,800,100,"IHT",8.90650588991811e+46,4.17999999999938,20880607,20980607,NA,"IHT_n1200_h2051495b",NA,NA,NA,NA,0.01,200,NA,NA,NA
1200,800,100,"Lasso",0.594764814686624,4.73000000000047,20880607,20980607,21180607,NA,NA,NA,NA,NA,NA,NA,0.852656888608888,NA,NA
1200,800,100,"Adaptive Huber",0.279957860679847,142.11,20880607,20980607,21280607,NA,NA,NA,NA,NA,NA,NA,0.372759372031494,6.46878173302505,0.95
1200,800,100,"Shrinkage",0.928138027868787,1.82999999999993,20880607,20980607,21380607,NA,NA,NA,NA,NA,NA,NA,0.905589576200156,3.6882104123132,0.95
1600,800,100,"TS-RIGHT",0.237120712827794,7.5600000000004,20890607,20990607,21090607,"TS_n1600_h21db9f6b",0.5,150,8,76,0.02,NA,NA,NA,NA
1600,800,100,"IHT",0.343899714322794,6.00999999999931,20890607,20990607,NA,"IHT_n1600_h06b009d4",NA,NA,NA,NA,0.01,200,NA,NA,NA
1600,800,100,"Lasso",0.561254075120121,4.77999999999975,20890607,20990607,21190607,NA,NA,NA,NA,NA,NA,NA,0.624280993434452,NA,NA
1600,800,100,"Adaptive Huber",0.31954275420089,162.05,20890607,20990607,21290607,NA,NA,NA,NA,NA,NA,NA,0.372759372031494,6.11930608129309,0.95
1600,800,100,"Shrinkage",0.853731609555045,3.01000000000022,20890607,20990607,21390607,NA,NA,NA,NA,NA,NA,NA,0.593188886299037,3.54070229384174,0.95
2000,800,100,"TS-RIGHT",0.252043756872097,7.80000000000018,20900607,21000607,21100607,"TS_n2000_h06bee7e5",0.5,150,8,76,0.02,NA,NA,NA,NA
2000,800,100,"IHT",0.37132211599894,7.28000000000065,20900607,21000607,NA,"IHT_n2000_h371ec77d",NA,NA,NA,NA,0.01,200,NA,NA,NA
2000,800,100,"Lasso",0.54207891958686,4.86999999999989,20900607,21000607,21200607,NA,NA,NA,NA,NA,NA,NA,0.272704144328326,NA,NA
2000,800,100,"Adaptive Huber",0.298691995341562,177.52,20900607,21000607,21300607,NA,NA,NA,NA,NA,NA,NA,0.372759372031494,6.10349293894815,0.95
2000,800,100,"Shrinkage",1.05726248000392,1.90999999999985,20900607,21000607,21400607,NA,NA,NA,NA,NA,NA,NA,0.653644443012141,5.12530557912969,0.98
2400,800,100,"TS-RIGHT",0.178289737386391,8.67000000000007,20910607,21010607,21110607,"TS_n2400_h2202f38e",0.5,150,8,76,0.02,NA,NA,NA,NA
2400,800,100,"IHT",0.201342745905219,8.94999999999982,20910607,21010607,NA,"IHT_n2400_h1d7d87f6",NA,NA,NA,NA,0.01,200,NA,NA,NA
2400,800,100,"Lasso",0.277490297340307,5.30000000000018,20910607,21010607,21210607,NA,NA,NA,NA,NA,NA,NA,0.374411597916735,NA,NA
2400,800,100,"Adaptive Huber",0.246923861018696,179.43,20910607,21010607,21310607,NA,NA,NA,NA,NA,NA,NA,0.372759372031494,6.12957416976848,0.95
2400,800,100,"Shrinkage",0.818903797883618,1.90999999999985,20910607,21010607,21410607,NA,NA,NA,NA,NA,NA,NA,0.809190234729821,5.34896948818672,0.98
