"p","n","rep_id","method","l2_error","df_x","scale_x","q","T1","T2","c_K1","c_K2","K1","K2","K1_block_size","K2_block_size","ts_eligible","seed_data","seed_ts"
600,600,1,"TS-RIGHT",0.72404623309221,2.05,4,0.2,2000,2,0.75,0.5,24,4,20,15,TRUE,1600001,2600001
600,600,1,"IHT",0.556232625869562,2.05,4,0.2,2000,2,0.75,0.5,NA,NA,NA,NA,NA,1600001,2600001
600,600,1,"Lasso",1.77258400099816,2.05,4,0.2,2000,2,0.75,0.5,NA,NA,NA,NA,NA,1600001,2600001
600,600,1,"Shrinkage",1.72651922400228,2.05,4,0.2,2000,2,0.75,0.5,NA,NA,NA,NA,NA,1600001,2600001
600,800,1,"TS-RIGHT",0.601580612078028,2.05,4,0.2,2000,2,0.75,0.5,24,4,26.6666666666667,20,TRUE,1800001,2800001
600,800,1,"IHT",0.624655383725626,2.05,4,0.2,2000,2,0.75,0.5,NA,NA,NA,NA,NA,1800001,2800001
600,800,1,"Lasso",1.7246685351895,2.05,4,0.2,2000,2,0.75,0.5,NA,NA,NA,NA,NA,1800001,2800001
600,800,1,"Shrinkage",1.56964538339964,2.05,4,0.2,2000,2,0.75,0.5,NA,NA,NA,NA,NA,1800001,2800001
600,1200,1,"TS-RIGHT",0.206749554989221,2.05,4,0.2,2000,2,0.75,0.5,24,4,40,30,TRUE,2200001,3200001
600,1200,1,"IHT",0.579747330992949,2.05,4,0.2,2000,2,0.75,0.5,NA,NA,NA,NA,NA,2200001,3200001
600,1200,1,"Lasso",1.30777607900671,2.05,4,0.2,2000,2,0.75,0.5,NA,NA,NA,NA,NA,2200001,3200001
600,1200,1,"Shrinkage",1.29373811586466,2.05,4,0.2,2000,2,0.75,0.5,NA,NA,NA,NA,NA,2200001,3200001
600,1600,1,"TS-RIGHT",0.273943686264592,2.05,4,0.2,2000,2,0.75,0.5,24,4,53.3333333333333,40,TRUE,2600001,3600001
600,1600,1,"IHT",0.569927953221905,2.05,4,0.2,2000,2,0.75,0.5,NA,NA,NA,NA,NA,2600001,3600001
600,1600,1,"Lasso",1.20985055437744,2.05,4,0.2,2000,2,0.75,0.5,NA,NA,NA,NA,NA,2600001,3600001
600,1600,1,"Shrinkage",1.13815971929488,2.05,4,0.2,2000,2,0.75,0.5,NA,NA,NA,NA,NA,2600001,3600001
600,2000,1,"TS-RIGHT",0.904516451280582,2.05,4,0.2,2000,2,0.75,0.5,24,4,66.6666666666667,50,TRUE,3000001,4000001
600,2000,1,"IHT",0.512696686159803,2.05,4,0.2,2000,2,0.75,0.5,NA,NA,NA,NA,NA,3000001,4000001
600,2000,1,"Lasso",1.23100963748635,2.05,4,0.2,2000,2,0.75,0.5,NA,NA,NA,NA,NA,3000001,4000001
600,2000,1,"Shrinkage",1.29251174893518,2.05,4,0.2,2000,2,0.75,0.5,NA,NA,NA,NA,NA,3000001,4000001
600,600,2,"TS-RIGHT",0.272782881526386,2.05,4,0.2,2000,2,0.75,0.5,24,4,20,15,TRUE,1600002,2600002
600,600,2,"IHT",0.509738914126239,2.05,4,0.2,2000,2,0.75,0.5,NA,NA,NA,NA,NA,1600002,2600002
600,600,2,"Lasso",1.66989391577913,2.05,4,0.2,2000,2,0.75,0.5,NA,NA,NA,NA,NA,1600002,2600002
600,600,2,"Shrinkage",1.5352675322712,2.05,4,0.2,2000,2,0.75,0.5,NA,NA,NA,NA,NA,1600002,2600002
600,800,2,"TS-RIGHT",0.230626313014047,2.05,4,0.2,2000,2,0.75,0.5,24,4,26.6666666666667,20,TRUE,1800002,2800002
600,800,2,"IHT",0.517385894574212,2.05,4,0.2,2000,2,0.75,0.5,NA,NA,NA,NA,NA,1800002,2800002
600,800,2,"Lasso",1.65814377386831,2.05,4,0.2,2000,2,0.75,0.5,NA,NA,NA,NA,NA,1800002,2800002
600,800,2,"Shrinkage",1.55213283287088,2.05,4,0.2,2000,2,0.75,0.5,NA,NA,NA,NA,NA,1800002,2800002
600,1200,2,"TS-RIGHT",0.270801683192947,2.05,4,0.2,2000,2,0.75,0.5,24,4,40,30,TRUE,2200002,3200002
600,1200,2,"IHT",0.549269511638894,2.05,4,0.2,2000,2,0.75,0.5,NA,NA,NA,NA,NA,2200002,3200002
600,1200,2,"Lasso",1.56554304713035,2.05,4,0.2,2000,2,0.75,0.5,NA,NA,NA,NA,NA,2200002,3200002
600,1200,2,"Shrinkage",1.38790886646748,2.05,4,0.2,2000,2,0.75,0.5,NA,NA,NA,NA,NA,2200002,3200002
600,1600,2,"TS-RIGHT",0.246144821444835,2.05,4,0.2,2000,2,0.75,0.5,24,4,53.3333333333333,40,TRUE,2600002,3600002
600,1600,2,"IHT",0.465992603207614,2.05,4,0.2,2000,2,0.75,0.5,NA,NA,NA,NA,NA,2600002,3600002
600,1600,2,"Lasso",1.47032881160403,2.05,4,0.2,2000,2,0.75,0.5,NA,NA,NA,NA,NA,2600002,3600002
600,1600,2,"Shrinkage",1.31650642483431,2.05,4,0.2,2000,2,0.75,0.5,NA,NA,NA,NA,NA,2600002,3600002
600,2000,2,"TS-RIGHT",0.274613951688972,2.05,4,0.2,2000,2,0.75,0.5,24,4,66.6666666666667,50,TRUE,3000002,4000002
600,2000,2,"IHT",0.512191148068637,2.05,4,0.2,2000,2,0.75,0.5,NA,NA,NA,NA,NA,3000002,4000002
600,2000,2,"Lasso",1.31979997650106,2.05,4,0.2,2000,2,0.75,0.5,NA,NA,NA,NA,NA,3000002,4000002
600,2000,2,"Shrinkage",1.12087059155666,2.05,4,0.2,2000,2,0.75,0.5,NA,NA,NA,NA,NA,3000002,4000002
600,600,3,"TS-RIGHT",0.355803727039756,2.05,4,0.2,2000,2,0.75,0.5,24,4,20,15,TRUE,1600003,2600003
600,600,3,"IHT",0.382068958698372,2.05,4,0.2,2000,2,0.75,0.5,NA,NA,NA,NA,NA,1600003,2600003
600,600,3,"Lasso",1.61204686221405,2.05,4,0.2,2000,2,0.75,0.5,NA,NA,NA,NA,NA,1600003,2600003
600,600,3,"Shrinkage",1.46931706622155,2.05,4,0.2,2000,2,0.75,0.5,NA,NA,NA,NA,NA,1600003,2600003
600,800,3,"TS-RIGHT",0.198065595574714,2.05,4,0.2,2000,2,0.75,0.5,24,4,26.6666666666667,20,TRUE,1800003,2800003
600,800,3,"IHT",0.500173069572391,2.05,4,0.2,2000,2,0.75,0.5,NA,NA,NA,NA,NA,1800003,2800003
600,800,3,"Lasso",1.61182548514944,2.05,4,0.2,2000,2,0.75,0.5,NA,NA,NA,NA,NA,1800003,2800003
600,800,3,"Shrinkage",1.23897880284313,2.05,4,0.2,2000,2,0.75,0.5,NA,NA,NA,NA,NA,1800003,2800003
600,1200,3,"TS-RIGHT",0.3735729767607,2.05,4,0.2,2000,2,0.75,0.5,24,4,40,30,TRUE,2200003,3200003
600,1200,3,"IHT",0.53896922040267,2.05,4,0.2,2000,2,0.75,0.5,NA,NA,NA,NA,NA,2200003,3200003
600,1200,3,"Lasso",1.49406096488213,2.05,4,0.2,2000,2,0.75,0.5,NA,NA,NA,NA,NA,2200003,3200003
600,1200,3,"Shrinkage",1.34675640684789,2.05,4,0.2,2000,2,0.75,0.5,NA,NA,NA,NA,NA,2200003,3200003
600,1600,3,"TS-RIGHT",0.156440568871974,2.05,4,0.2,2000,2,0.75,0.5,24,4,53.3333333333333,40,TRUE,2600003,3600003
600,1600,3,"IHT",0.536591530379141,2.05,4,0.2,2000,2,0.75,0.5,NA,NA,NA,NA,NA,2600003,3600003
600,1600,3,"Lasso",1.51398515049436,2.05,4,0.2,2000,2,0.75,0.5,NA,NA,NA,NA,NA,2600003,3600003
600,1600,3,"Shrinkage",1.413408353839,2.05,4,0.2,2000,2,0.75,0.5,NA,NA,NA,NA,NA,2600003,3600003
600,2000,3,"TS-RIGHT",0.108866597883611,2.05,4,0.2,2000,2,0.75,0.5,24,4,66.6666666666667,50,TRUE,3000003,4000003
600,2000,3,"IHT",0.455675965886388,2.05,4,0.2,2000,2,0.75,0.5,NA,NA,NA,NA,NA,3000003,4000003
600,2000,3,"Lasso",1.15598160662166,2.05,4,0.2,2000,2,0.75,0.5,NA,NA,NA,NA,NA,3000003,4000003
600,2000,3,"Shrinkage",1.04968852653269,2.05,4,0.2,2000,2,0.75,0.5,NA,NA,NA,NA,NA,3000003,4000003
600,600,4,"TS-RIGHT",0.478294156706214,2.05,4,0.2,2000,2,0.75,0.5,24,4,20,15,TRUE,1600004,2600004
600,600,4,"IHT",0.403014048959438,2.05,4,0.2,2000,2,0.75,0.5,NA,NA,NA,NA,NA,1600004,2600004
600,600,4,"Lasso",1.61877787507514,2.05,4,0.2,2000,2,0.75,0.5,NA,NA,NA,NA,NA,1600004,2600004
600,600,4,"Shrinkage",1.25805742092412,2.05,4,0.2,2000,2,0.75,0.5,NA,NA,NA,NA,NA,1600004,2600004
600,800,4,"TS-RIGHT",0.447909882450884,2.05,4,0.2,2000,2,0.75,0.5,24,4,26.6666666666667,20,TRUE,1800004,2800004
600,800,4,"IHT",0.546317193983188,2.05,4,0.2,2000,2,0.75,0.5,NA,NA,NA,NA,NA,1800004,2800004
600,800,4,"Lasso",1.65231499213208,2.05,4,0.2,2000,2,0.75,0.5,NA,NA,NA,NA,NA,1800004,2800004
600,800,4,"Shrinkage",1.5882911009451,2.05,4,0.2,2000,2,0.75,0.5,NA,NA,NA,NA,NA,1800004,2800004
600,1200,4,"TS-RIGHT",0.304935547090577,2.05,4,0.2,2000,2,0.75,0.5,24,4,40,30,TRUE,2200004,3200004
600,1200,4,"IHT",0.514808697366079,2.05,4,0.2,2000,2,0.75,0.5,NA,NA,NA,NA,NA,2200004,3200004
600,1200,4,"Lasso",1.49181156396319,2.05,4,0.2,2000,2,0.75,0.5,NA,NA,NA,NA,NA,2200004,3200004
600,1200,4,"Shrinkage",1.27495924951597,2.05,4,0.2,2000,2,0.75,0.5,NA,NA,NA,NA,NA,2200004,3200004
600,1600,4,"TS-RIGHT",0.167237859828548,2.05,4,0.2,2000,2,0.75,0.5,24,4,53.3333333333333,40,TRUE,2600004,3600004
600,1600,4,"IHT",0.48557656902847,2.05,4,0.2,2000,2,0.75,0.5,NA,NA,NA,NA,NA,2600004,3600004
600,1600,4,"Lasso",1.42401082999574,2.05,4,0.2,2000,2,0.75,0.5,NA,NA,NA,NA,NA,2600004,3600004
600,1600,4,"Shrinkage",1.32285709601777,2.05,4,0.2,2000,2,0.75,0.5,NA,NA,NA,NA,NA,2600004,3600004
600,2000,4,"TS-RIGHT",0.287351398796929,2.05,4,0.2,2000,2,0.75,0.5,24,4,66.6666666666667,50,TRUE,3000004,4000004
600,2000,4,"IHT",0.492394735207448,2.05,4,0.2,2000,2,0.75,0.5,NA,NA,NA,NA,NA,3000004,4000004
600,2000,4,"Lasso",1.36264608926584,2.05,4,0.2,2000,2,0.75,0.5,NA,NA,NA,NA,NA,3000004,4000004
600,2000,4,"Shrinkage",1.24989934342197,2.05,4,0.2,2000,2,0.75,0.5,NA,NA,NA,NA,NA,3000004,4000004
600,600,5,"TS-RIGHT",0.599546559283351,2.05,4,0.2,2000,2,0.75,0.5,24,4,20,15,TRUE,1600005,2600005
600,600,5,"IHT",0.408029167516322,2.05,4,0.2,2000,2,0.75,0.5,NA,NA,NA,NA,NA,1600005,2600005
600,600,5,"Lasso",1.71245729451249,2.05,4,0.2,2000,2,0.75,0.5,NA,NA,NA,NA,NA,1600005,2600005
600,600,5,"Shrinkage",1.55172478273748,2.05,4,0.2,2000,2,0.75,0.5,NA,NA,NA,NA,NA,1600005,2600005
600,800,5,"TS-RIGHT",0.18955858061108,2.05,4,0.2,2000,2,0.75,0.5,24,4,26.6666666666667,20,TRUE,1800005,2800005
600,800,5,"IHT",0.470602859597514,2.05,4,0.2,2000,2,0.75,0.5,NA,NA,NA,NA,NA,1800005,2800005
600,800,5,"Lasso",1.5206091035175,2.05,4,0.2,2000,2,0.75,0.5,NA,NA,NA,NA,NA,1800005,2800005
600,800,5,"Shrinkage",1.21175172296929,2.05,4,0.2,2000,2,0.75,0.5,NA,NA,NA,NA,NA,1800005,2800005
600,1200,5,"TS-RIGHT",0.140730453917517,2.05,4,0.2,2000,2,0.75,0.5,24,4,40,30,TRUE,2200005,3200005
600,1200,5,"IHT",0.468582803789305,2.05,4,0.2,2000,2,0.75,0.5,NA,NA,NA,NA,NA,2200005,3200005
600,1200,5,"Lasso",1.31481763021165,2.05,4,0.2,2000,2,0.75,0.5,NA,NA,NA,NA,NA,2200005,3200005
600,1200,5,"Shrinkage",1.20374614218,2.05,4,0.2,2000,2,0.75,0.5,NA,NA,NA,NA,NA,2200005,3200005
600,1600,5,"TS-RIGHT",0.345184230204366,2.05,4,0.2,2000,2,0.75,0.5,24,4,53.3333333333333,40,TRUE,2600005,3600005
600,1600,5,"IHT",0.561263808552382,2.05,4,0.2,2000,2,0.75,0.5,NA,NA,NA,NA,NA,2600005,3600005
600,1600,5,"Lasso",1.39309142773536,2.05,4,0.2,2000,2,0.75,0.5,NA,NA,NA,NA,NA,2600005,3600005
600,1600,5,"Shrinkage",1.30128433158808,2.05,4,0.2,2000,2,0.75,0.5,NA,NA,NA,NA,NA,2600005,3600005
600,2000,5,"TS-RIGHT",0.656855360303894,2.05,4,0.2,2000,2,0.75,0.5,24,4,66.6666666666667,50,TRUE,3000005,4000005
600,2000,5,"IHT",0.493235986379238,2.05,4,0.2,2000,2,0.75,0.5,NA,NA,NA,NA,NA,3000005,4000005
600,2000,5,"Lasso",1.40558566700608,2.05,4,0.2,2000,2,0.75,0.5,NA,NA,NA,NA,NA,3000005,4000005
600,2000,5,"Shrinkage",1.23341146985694,2.05,4,0.2,2000,2,0.75,0.5,NA,NA,NA,NA,NA,3000005,4000005
600,600,6,"TS-RIGHT",0.360492162433688,2.05,4,0.2,2000,2,0.75,0.5,24,4,20,15,TRUE,1600006,2600006
600,600,6,"IHT",0.537223738426745,2.05,4,0.2,2000,2,0.75,0.5,NA,NA,NA,NA,NA,1600006,2600006
600,600,6,"Lasso",1.74305231292216,2.05,4,0.2,2000,2,0.75,0.5,NA,NA,NA,NA,NA,1600006,2600006
600,600,6,"Shrinkage",1.50229290306366,2.05,4,0.2,2000,2,0.75,0.5,NA,NA,NA,NA,NA,1600006,2600006
600,800,6,"TS-RIGHT",0.285368587619172,2.05,4,0.2,2000,2,0.75,0.5,24,4,26.6666666666667,20,TRUE,1800006,2800006
600,800,6,"IHT",0.400702726501642,2.05,4,0.2,2000,2,0.75,0.5,NA,NA,NA,NA,NA,1800006,2800006
600,800,6,"Lasso",1.43277884599602,2.05,4,0.2,2000,2,0.75,0.5,NA,NA,NA,NA,NA,1800006,2800006
600,800,6,"Shrinkage",1.43899055655009,2.05,4,0.2,2000,2,0.75,0.5,NA,NA,NA,NA,NA,1800006,2800006
600,1200,6,"TS-RIGHT",1.01078376574454,2.05,4,0.2,2000,2,0.75,0.5,24,4,40,30,TRUE,2200006,3200006
600,1200,6,"IHT",0.578214643055235,2.05,4,0.2,2000,2,0.75,0.5,NA,NA,NA,NA,NA,2200006,3200006
600,1200,6,"Lasso",1.65179441119258,2.05,4,0.2,2000,2,0.75,0.5,NA,NA,NA,NA,NA,2200006,3200006
600,1200,6,"Shrinkage",1.3589780172124,2.05,4,0.2,2000,2,0.75,0.5,NA,NA,NA,NA,NA,2200006,3200006
600,1600,6,"TS-RIGHT",0.424436046619366,2.05,4,0.2,2000,2,0.75,0.5,24,4,53.3333333333333,40,TRUE,2600006,3600006
600,1600,6,"IHT",0.486899187943559,2.05,4,0.2,2000,2,0.75,0.5,NA,NA,NA,NA,NA,2600006,3600006
600,1600,6,"Lasso",1.39496441530655,2.05,4,0.2,2000,2,0.75,0.5,NA,NA,NA,NA,NA,2600006,3600006
600,1600,6,"Shrinkage",1.16675879102253,2.05,4,0.2,2000,2,0.75,0.5,NA,NA,NA,NA,NA,2600006,3600006
600,2000,6,"TS-RIGHT",0.339485599261587,2.05,4,0.2,2000,2,0.75,0.5,24,4,66.6666666666667,50,TRUE,3000006,4000006
600,2000,6,"IHT",0.498608654173966,2.05,4,0.2,2000,2,0.75,0.5,NA,NA,NA,NA,NA,3000006,4000006
600,2000,6,"Lasso",1.45766481498611,2.05,4,0.2,2000,2,0.75,0.5,NA,NA,NA,NA,NA,3000006,4000006
600,2000,6,"Shrinkage",1.15634498261818,2.05,4,0.2,2000,2,0.75,0.5,NA,NA,NA,NA,NA,3000006,4000006
600,600,7,"TS-RIGHT",0.273020130817654,2.05,4,0.2,2000,2,0.75,0.5,24,4,20,15,TRUE,1600007,2600007
600,600,7,"IHT",0.460195197393949,2.05,4,0.2,2000,2,0.75,0.5,NA,NA,NA,NA,NA,1600007,2600007
600,600,7,"Lasso",1.53844811831901,2.05,4,0.2,2000,2,0.75,0.5,NA,NA,NA,NA,NA,1600007,2600007
600,600,7,"Shrinkage",1.34706418624584,2.05,4,0.2,2000,2,0.75,0.5,NA,NA,NA,NA,NA,1600007,2600007
600,800,7,"TS-RIGHT",0.16084197044547,2.05,4,0.2,2000,2,0.75,0.5,24,4,26.6666666666667,20,TRUE,1800007,2800007
600,800,7,"IHT",0.490275777005771,2.05,4,0.2,2000,2,0.75,0.5,NA,NA,NA,NA,NA,1800007,2800007
600,800,7,"Lasso",1.64198679067722,2.05,4,0.2,2000,2,0.75,0.5,NA,NA,NA,NA,NA,1800007,2800007
600,800,7,"Shrinkage",1.44858733423777,2.05,4,0.2,2000,2,0.75,0.5,NA,NA,NA,NA,NA,1800007,2800007
600,1200,7,"TS-RIGHT",0.183916439833817,2.05,4,0.2,2000,2,0.75,0.5,24,4,40,30,TRUE,2200007,3200007
600,1200,7,"IHT",0.463774492222035,2.05,4,0.2,2000,2,0.75,0.5,NA,NA,NA,NA,NA,2200007,3200007
600,1200,7,"Lasso",1.37127807191035,2.05,4,0.2,2000,2,0.75,0.5,NA,NA,NA,NA,NA,2200007,3200007
600,1200,7,"Shrinkage",1.42510056628875,2.05,4,0.2,2000,2,0.75,0.5,NA,NA,NA,NA,NA,2200007,3200007
600,1600,7,"TS-RIGHT",0.331483565205319,2.05,4,0.2,2000,2,0.75,0.5,24,4,53.3333333333333,40,TRUE,2600007,3600007
600,1600,7,"IHT",0.54149902620877,2.05,4,0.2,2000,2,0.75,0.5,NA,NA,NA,NA,NA,2600007,3600007
600,1600,7,"Lasso",1.42305264034581,2.05,4,0.2,2000,2,0.75,0.5,NA,NA,NA,NA,NA,2600007,3600007
600,1600,7,"Shrinkage",1.20156592238005,2.05,4,0.2,2000,2,0.75,0.5,NA,NA,NA,NA,NA,2600007,3600007
600,2000,7,"TS-RIGHT",0.660364980946862,2.05,4,0.2,2000,2,0.75,0.5,24,4,66.6666666666667,50,TRUE,3000007,4000007
600,2000,7,"IHT",0.510661913062532,2.05,4,0.2,2000,2,0.75,0.5,NA,NA,NA,NA,NA,3000007,4000007
600,2000,7,"Lasso",1.34356585401976,2.05,4,0.2,2000,2,0.75,0.5,NA,NA,NA,NA,NA,3000007,4000007
600,2000,7,"Shrinkage",1.1607422218552,2.05,4,0.2,2000,2,0.75,0.5,NA,NA,NA,NA,NA,3000007,4000007
600,600,8,"TS-RIGHT",0.511286506652413,2.05,4,0.2,2000,2,0.75,0.5,24,4,20,15,TRUE,1600008,2600008
600,600,8,"IHT",0.486070100742226,2.05,4,0.2,2000,2,0.75,0.5,NA,NA,NA,NA,NA,1600008,2600008
600,600,8,"Lasso",1.74647584626155,2.05,4,0.2,2000,2,0.75,0.5,NA,NA,NA,NA,NA,1600008,2600008
600,600,8,"Shrinkage",1.56583426004234,2.05,4,0.2,2000,2,0.75,0.5,NA,NA,NA,NA,NA,1600008,2600008
600,800,8,"TS-RIGHT",1.01127577205857,2.05,4,0.2,2000,2,0.75,0.5,24,4,26.6666666666667,20,TRUE,1800008,2800008
600,800,8,"IHT",0.625718027018438,2.05,4,0.2,2000,2,0.75,0.5,NA,NA,NA,NA,NA,1800008,2800008
600,800,8,"Lasso",1.61415154405099,2.05,4,0.2,2000,2,0.75,0.5,NA,NA,NA,NA,NA,1800008,2800008
600,800,8,"Shrinkage",1.25471567632624,2.05,4,0.2,2000,2,0.75,0.5,NA,NA,NA,NA,NA,1800008,2800008
600,1200,8,"TS-RIGHT",0.302835714880726,2.05,4,0.2,2000,2,0.75,0.5,24,4,40,30,TRUE,2200008,3200008
600,1200,8,"IHT",0.516339924714144,2.05,4,0.2,2000,2,0.75,0.5,NA,NA,NA,NA,NA,2200008,3200008
600,1200,8,"Lasso",1.52238040906669,2.05,4,0.2,2000,2,0.75,0.5,NA,NA,NA,NA,NA,2200008,3200008
600,1200,8,"Shrinkage",1.22787182414717,2.05,4,0.2,2000,2,0.75,0.5,NA,NA,NA,NA,NA,2200008,3200008
600,1600,8,"TS-RIGHT",0.602008449866494,2.05,4,0.2,2000,2,0.75,0.5,24,4,53.3333333333333,40,TRUE,2600008,3600008
600,1600,8,"IHT",0.569194704463976,2.05,4,0.2,2000,2,0.75,0.5,NA,NA,NA,NA,NA,2600008,3600008
600,1600,8,"Lasso",1.35980545905733,2.05,4,0.2,2000,2,0.75,0.5,NA,NA,NA,NA,NA,2600008,3600008
600,1600,8,"Shrinkage",1.36836070966221,2.05,4,0.2,2000,2,0.75,0.5,NA,NA,NA,NA,NA,2600008,3600008
600,2000,8,"TS-RIGHT",0.212566596978087,2.05,4,0.2,2000,2,0.75,0.5,24,4,66.6666666666667,50,TRUE,3000008,4000008
600,2000,8,"IHT",0.544174912564553,2.05,4,0.2,2000,2,0.75,0.5,NA,NA,NA,NA,NA,3000008,4000008
600,2000,8,"Lasso",1.41538059201444,2.05,4,0.2,2000,2,0.75,0.5,NA,NA,NA,NA,NA,3000008,4000008
600,2000,8,"Shrinkage",1.21521277290814,2.05,4,0.2,2000,2,0.75,0.5,NA,NA,NA,NA,NA,3000008,4000008
600,600,9,"TS-RIGHT",0.289204402252343,2.05,4,0.2,2000,2,0.75,0.5,24,4,20,15,TRUE,1600009,2600009
600,600,9,"IHT",0.483666643623522,2.05,4,0.2,2000,2,0.75,0.5,NA,NA,NA,NA,NA,1600009,2600009
600,600,9,"Lasso",1.67143894413871,2.05,4,0.2,2000,2,0.75,0.5,NA,NA,NA,NA,NA,1600009,2600009
600,600,9,"Shrinkage",1.59311724546211,2.05,4,0.2,2000,2,0.75,0.5,NA,NA,NA,NA,NA,1600009,2600009
600,800,9,"TS-RIGHT",0.184104727551802,2.05,4,0.2,2000,2,0.75,0.5,24,4,26.6666666666667,20,TRUE,1800009,2800009
600,800,9,"IHT",0.524623100113613,2.05,4,0.2,2000,2,0.75,0.5,NA,NA,NA,NA,NA,1800009,2800009
600,800,9,"Lasso",1.64136224638726,2.05,4,0.2,2000,2,0.75,0.5,NA,NA,NA,NA,NA,1800009,2800009
600,800,9,"Shrinkage",1.43926722580799,2.05,4,0.2,2000,2,0.75,0.5,NA,NA,NA,NA,NA,1800009,2800009
600,1200,9,"TS-RIGHT",0.168397568319164,2.05,4,0.2,2000,2,0.75,0.5,24,4,40,30,TRUE,2200009,3200009
600,1200,9,"IHT",0.569819397485341,2.05,4,0.2,2000,2,0.75,0.5,NA,NA,NA,NA,NA,2200009,3200009
600,1200,9,"Lasso",1.55765016802015,2.05,4,0.2,2000,2,0.75,0.5,NA,NA,NA,NA,NA,2200009,3200009
600,1200,9,"Shrinkage",1.31564401136719,2.05,4,0.2,2000,2,0.75,0.5,NA,NA,NA,NA,NA,2200009,3200009
600,1600,9,"TS-RIGHT",0.270297543141722,2.05,4,0.2,2000,2,0.75,0.5,24,4,53.3333333333333,40,TRUE,2600009,3600009
600,1600,9,"IHT",0.455901145868372,2.05,4,0.2,2000,2,0.75,0.5,NA,NA,NA,NA,NA,2600009,3600009
600,1600,9,"Lasso",1.3652749402894,2.05,4,0.2,2000,2,0.75,0.5,NA,NA,NA,NA,NA,2600009,3600009
600,1600,9,"Shrinkage",1.11477449021033,2.05,4,0.2,2000,2,0.75,0.5,NA,NA,NA,NA,NA,2600009,3600009
600,2000,9,"TS-RIGHT",0.453616666961162,2.05,4,0.2,2000,2,0.75,0.5,24,4,66.6666666666667,50,TRUE,3000009,4000009
600,2000,9,"IHT",0.546327018510105,2.05,4,0.2,2000,2,0.75,0.5,NA,NA,NA,NA,NA,3000009,4000009
600,2000,9,"Lasso",1.33015869475579,2.05,4,0.2,2000,2,0.75,0.5,NA,NA,NA,NA,NA,3000009,4000009
600,2000,9,"Shrinkage",1.24178801986704,2.05,4,0.2,2000,2,0.75,0.5,NA,NA,NA,NA,NA,3000009,4000009
600,600,10,"TS-RIGHT",0.512399881536965,2.05,4,0.2,2000,2,0.75,0.5,24,4,20,15,TRUE,1600010,2600010
600,600,10,"IHT",0.46598317227661,2.05,4,0.2,2000,2,0.75,0.5,NA,NA,NA,NA,NA,1600010,2600010
600,600,10,"Lasso",1.59550953299286,2.05,4,0.2,2000,2,0.75,0.5,NA,NA,NA,NA,NA,1600010,2600010
600,600,10,"Shrinkage",1.4656744854299,2.05,4,0.2,2000,2,0.75,0.5,NA,NA,NA,NA,NA,1600010,2600010
600,800,10,"TS-RIGHT",0.720997871982875,2.05,4,0.2,2000,2,0.75,0.5,24,4,26.6666666666667,20,TRUE,1800010,2800010
600,800,10,"IHT",0.586232223082961,2.05,4,0.2,2000,2,0.75,0.5,NA,NA,NA,NA,NA,1800010,2800010
600,800,10,"Lasso",1.48232010424916,2.05,4,0.2,2000,2,0.75,0.5,NA,NA,NA,NA,NA,1800010,2800010
600,800,10,"Shrinkage",1.53769485846741,2.05,4,0.2,2000,2,0.75,0.5,NA,NA,NA,NA,NA,1800010,2800010
600,1200,10,"TS-RIGHT",0.419558637925627,2.05,4,0.2,2000,2,0.75,0.5,24,4,40,30,TRUE,2200010,3200010
600,1200,10,"IHT",0.403245160010197,2.05,4,0.2,2000,2,0.75,0.5,NA,NA,NA,NA,NA,2200010,3200010
600,1200,10,"Lasso",1.33677155055268,2.05,4,0.2,2000,2,0.75,0.5,NA,NA,NA,NA,NA,2200010,3200010
600,1200,10,"Shrinkage",0.744886537219572,2.05,4,0.2,2000,2,0.75,0.5,NA,NA,NA,NA,NA,2200010,3200010
600,1600,10,"TS-RIGHT",0.324508318193184,2.05,4,0.2,2000,2,0.75,0.5,24,4,53.3333333333333,40,TRUE,2600010,3600010
600,1600,10,"IHT",0.542643562068925,2.05,4,0.2,2000,2,0.75,0.5,NA,NA,NA,NA,NA,2600010,3600010
600,1600,10,"Lasso",2.23606797749979,2.05,4,0.2,2000,2,0.75,0.5,NA,NA,NA,NA,NA,2600010,3600010
600,1600,10,"Shrinkage",1.00963478644414,2.05,4,0.2,2000,2,0.75,0.5,NA,NA,NA,NA,NA,2600010,3600010
600,2000,10,"TS-RIGHT",0.116299211751863,2.05,4,0.2,2000,2,0.75,0.5,24,4,66.6666666666667,50,TRUE,3000010,4000010
600,2000,10,"IHT",0.52763867871422,2.05,4,0.2,2000,2,0.75,0.5,NA,NA,NA,NA,NA,3000010,4000010
600,2000,10,"Lasso",1.45022265951507,2.05,4,0.2,2000,2,0.75,0.5,NA,NA,NA,NA,NA,3000010,4000010
600,2000,10,"Shrinkage",1.16852733551986,2.05,4,0.2,2000,2,0.75,0.5,NA,NA,NA,NA,NA,3000010,4000010
600,600,11,"TS-RIGHT",0.310856057672337,2.05,4,0.2,2000,2,0.75,0.5,24,4,20,15,TRUE,1600011,2600011
600,600,11,"IHT",0.376720937579156,2.05,4,0.2,2000,2,0.75,0.5,NA,NA,NA,NA,NA,1600011,2600011
600,600,11,"Lasso",1.77998985597501,2.05,4,0.2,2000,2,0.75,0.5,NA,NA,NA,NA,NA,1600011,2600011
600,600,11,"Shrinkage",1.63074246721589,2.05,4,0.2,2000,2,0.75,0.5,NA,NA,NA,NA,NA,1600011,2600011
600,800,11,"TS-RIGHT",0.398708782947981,2.05,4,0.2,2000,2,0.75,0.5,24,4,26.6666666666667,20,TRUE,1800011,2800011
600,800,11,"IHT",0.516160540562068,2.05,4,0.2,2000,2,0.75,0.5,NA,NA,NA,NA,NA,1800011,2800011
600,800,11,"Lasso",1.48009886027886,2.05,4,0.2,2000,2,0.75,0.5,NA,NA,NA,NA,NA,1800011,2800011
600,800,11,"Shrinkage",1.2860167051722,2.05,4,0.2,2000,2,0.75,0.5,NA,NA,NA,NA,NA,1800011,2800011
600,1200,11,"TS-RIGHT",0.53924805817972,2.05,4,0.2,2000,2,0.75,0.5,24,4,40,30,TRUE,2200011,3200011
600,1200,11,"IHT",0.46793702836668,2.05,4,0.2,2000,2,0.75,0.5,NA,NA,NA,NA,NA,2200011,3200011
600,1200,11,"Lasso",1.36315275303014,2.05,4,0.2,2000,2,0.75,0.5,NA,NA,NA,NA,NA,2200011,3200011
600,1200,11,"Shrinkage",1.32113880746092,2.05,4,0.2,2000,2,0.75,0.5,NA,NA,NA,NA,NA,2200011,3200011
600,1600,11,"TS-RIGHT",0.500418673394445,2.05,4,0.2,2000,2,0.75,0.5,24,4,53.3333333333333,40,TRUE,2600011,3600011
600,1600,11,"IHT",0.486917131821049,2.05,4,0.2,2000,2,0.75,0.5,NA,NA,NA,NA,NA,2600011,3600011
600,1600,11,"Lasso",1.42662533730768,2.05,4,0.2,2000,2,0.75,0.5,NA,NA,NA,NA,NA,2600011,3600011
600,1600,11,"Shrinkage",1.24833390209,2.05,4,0.2,2000,2,0.75,0.5,NA,NA,NA,NA,NA,2600011,3600011
600,2000,11,"TS-RIGHT",0.464176332808365,2.05,4,0.2,2000,2,0.75,0.5,24,4,66.6666666666667,50,TRUE,3000011,4000011
600,2000,11,"IHT",0.471014862168683,2.05,4,0.2,2000,2,0.75,0.5,NA,NA,NA,NA,NA,3000011,4000011
600,2000,11,"Lasso",1.34813358248561,2.05,4,0.2,2000,2,0.75,0.5,NA,NA,NA,NA,NA,3000011,4000011
600,2000,11,"Shrinkage",1.16290550635749,2.05,4,0.2,2000,2,0.75,0.5,NA,NA,NA,NA,NA,3000011,4000011
600,600,12,"TS-RIGHT",0.649711201496551,2.05,4,0.2,2000,2,0.75,0.5,24,4,20,15,TRUE,1600012,2600012
600,600,12,"IHT",0.191249502588892,2.05,4,0.2,2000,2,0.75,0.5,NA,NA,NA,NA,NA,1600012,2600012
600,600,12,"Lasso",2.23606797749979,2.05,4,0.2,2000,2,0.75,0.5,NA,NA,NA,NA,NA,1600012,2600012
600,600,12,"Shrinkage",1.42679580876655,2.05,4,0.2,2000,2,0.75,0.5,NA,NA,NA,NA,NA,1600012,2600012
600,800,12,"TS-RIGHT",0.49315742975799,2.05,4,0.2,2000,2,0.75,0.5,24,4,26.6666666666667,20,TRUE,1800012,2800012
600,800,12,"IHT",0.561107958231113,2.05,4,0.2,2000,2,0.75,0.5,NA,NA,NA,NA,NA,1800012,2800012
600,800,12,"Lasso",1.71039265968649,2.05,4,0.2,2000,2,0.75,0.5,NA,NA,NA,NA,NA,1800012,2800012
600,800,12,"Shrinkage",1.59104062723254,2.05,4,0.2,2000,2,0.75,0.5,NA,NA,NA,NA,NA,1800012,2800012
600,1200,12,"TS-RIGHT",0.865353922032662,2.05,4,0.2,2000,2,0.75,0.5,24,4,40,30,TRUE,2200012,3200012
600,1200,12,"IHT",0.514706439603203,2.05,4,0.2,2000,2,0.75,0.5,NA,NA,NA,NA,NA,2200012,3200012
600,1200,12,"Lasso",1.53887935625799,2.05,4,0.2,2000,2,0.75,0.5,NA,NA,NA,NA,NA,2200012,3200012
600,1200,12,"Shrinkage",1.37955778495633,2.05,4,0.2,2000,2,0.75,0.5,NA,NA,NA,NA,NA,2200012,3200012
600,1600,12,"TS-RIGHT",0.168370058692315,2.05,4,0.2,2000,2,0.75,0.5,24,4,53.3333333333333,40,TRUE,2600012,3600012
600,1600,12,"IHT",0.540605772955891,2.05,4,0.2,2000,2,0.75,0.5,NA,NA,NA,NA,NA,2600012,3600012
600,1600,12,"Lasso",1.36419256073878,2.05,4,0.2,2000,2,0.75,0.5,NA,NA,NA,NA,NA,2600012,3600012
600,1600,12,"Shrinkage",1.18285531817347,2.05,4,0.2,2000,2,0.75,0.5,NA,NA,NA,NA,NA,2600012,3600012
600,2000,12,"TS-RIGHT",0.316560712900975,2.05,4,0.2,2000,2,0.75,0.5,24,4,66.6666666666667,50,TRUE,3000012,4000012
600,2000,12,"IHT",0.485846902817016,2.05,4,0.2,2000,2,0.75,0.5,NA,NA,NA,NA,NA,3000012,4000012
600,2000,12,"Lasso",1.34798158399062,2.05,4,0.2,2000,2,0.75,0.5,NA,NA,NA,NA,NA,3000012,4000012
600,2000,12,"Shrinkage",1.03550641931512,2.05,4,0.2,2000,2,0.75,0.5,NA,NA,NA,NA,NA,3000012,4000012
600,600,13,"TS-RIGHT",0.52384469599503,2.05,4,0.2,2000,2,0.75,0.5,24,4,20,15,TRUE,1600013,2600013
600,600,13,"IHT",0.557109706186551,2.05,4,0.2,2000,2,0.75,0.5,NA,NA,NA,NA,NA,1600013,2600013
600,600,13,"Lasso",1.65369509504629,2.05,4,0.2,2000,2,0.75,0.5,NA,NA,NA,NA,NA,1600013,2600013
600,600,13,"Shrinkage",1.40833115091102,2.05,4,0.2,2000,2,0.75,0.5,NA,NA,NA,NA,NA,1600013,2600013
600,800,13,"TS-RIGHT",0.223464016583442,2.05,4,0.2,2000,2,0.75,0.5,24,4,26.6666666666667,20,TRUE,1800013,2800013
600,800,13,"IHT",0.424499451016452,2.05,4,0.2,2000,2,0.75,0.5,NA,NA,NA,NA,NA,1800013,2800013
600,800,13,"Lasso",1.54857828218007,2.05,4,0.2,2000,2,0.75,0.5,NA,NA,NA,NA,NA,1800013,2800013
600,800,13,"Shrinkage",1.30926057982763,2.05,4,0.2,2000,2,0.75,0.5,NA,NA,NA,NA,NA,1800013,2800013
600,1200,13,"TS-RIGHT",0.435306306796072,2.05,4,0.2,2000,2,0.75,0.5,24,4,40,30,TRUE,2200013,3200013
600,1200,13,"IHT",0.525425218914535,2.05,4,0.2,2000,2,0.75,0.5,NA,NA,NA,NA,NA,2200013,3200013
600,1200,13,"Lasso",1.50362500874976,2.05,4,0.2,2000,2,0.75,0.5,NA,NA,NA,NA,NA,2200013,3200013
600,1200,13,"Shrinkage",1.3655956071338,2.05,4,0.2,2000,2,0.75,0.5,NA,NA,NA,NA,NA,2200013,3200013
600,1600,13,"TS-RIGHT",0.297748716373958,2.05,4,0.2,2000,2,0.75,0.5,24,4,53.3333333333333,40,TRUE,2600013,3600013
600,1600,13,"IHT",0.566577091863229,2.05,4,0.2,2000,2,0.75,0.5,NA,NA,NA,NA,NA,2600013,3600013
600,1600,13,"Lasso",1.43086568861318,2.05,4,0.2,2000,2,0.75,0.5,NA,NA,NA,NA,NA,2600013,3600013
600,1600,13,"Shrinkage",1.23695321589687,2.05,4,0.2,2000,2,0.75,0.5,NA,NA,NA,NA,NA,2600013,3600013
600,2000,13,"TS-RIGHT",0.0892019485647585,2.05,4,0.2,2000,2,0.75,0.5,24,4,66.6666666666667,50,TRUE,3000013,4000013
600,2000,13,"IHT",0.496148037262798,2.05,4,0.2,2000,2,0.75,0.5,NA,NA,NA,NA,NA,3000013,4000013
600,2000,13,"Lasso",1.46499200985323,2.05,4,0.2,2000,2,0.75,0.5,NA,NA,NA,NA,NA,3000013,4000013
600,2000,13,"Shrinkage",1.38049709182614,2.05,4,0.2,2000,2,0.75,0.5,NA,NA,NA,NA,NA,3000013,4000013
600,600,14,"TS-RIGHT",0.311453312141993,2.05,4,0.2,2000,2,0.75,0.5,24,4,20,15,TRUE,1600014,2600014
600,600,14,"IHT",0.529424749688058,2.05,4,0.2,2000,2,0.75,0.5,NA,NA,NA,NA,NA,1600014,2600014
600,600,14,"Lasso",1.79020647823067,2.05,4,0.2,2000,2,0.75,0.5,NA,NA,NA,NA,NA,1600014,2600014
600,600,14,"Shrinkage",1.64478284137451,2.05,4,0.2,2000,2,0.75,0.5,NA,NA,NA,NA,NA,1600014,2600014
600,800,14,"TS-RIGHT",0.900894887305671,2.05,4,0.2,2000,2,0.75,0.5,24,4,26.6666666666667,20,TRUE,1800014,2800014
600,800,14,"IHT",0.553091920953676,2.05,4,0.2,2000,2,0.75,0.5,NA,NA,NA,NA,NA,1800014,2800014
600,800,14,"Lasso",1.66273795583872,2.05,4,0.2,2000,2,0.75,0.5,NA,NA,NA,NA,NA,1800014,2800014
600,800,14,"Shrinkage",1.5801871243623,2.05,4,0.2,2000,2,0.75,0.5,NA,NA,NA,NA,NA,1800014,2800014
600,1200,14,"TS-RIGHT",0.50912091613825,2.05,4,0.2,2000,2,0.75,0.5,24,4,40,30,TRUE,2200014,3200014
600,1200,14,"IHT",0.54465201424896,2.05,4,0.2,2000,2,0.75,0.5,NA,NA,NA,NA,NA,2200014,3200014
600,1200,14,"Lasso",1.50571766690571,2.05,4,0.2,2000,2,0.75,0.5,NA,NA,NA,NA,NA,2200014,3200014
600,1200,14,"Shrinkage",1.12726444278377,2.05,4,0.2,2000,2,0.75,0.5,NA,NA,NA,NA,NA,2200014,3200014
600,1600,14,"TS-RIGHT",0.0819399514253334,2.05,4,0.2,2000,2,0.75,0.5,24,4,53.3333333333333,40,TRUE,2600014,3600014
600,1600,14,"IHT",0.550792345195611,2.05,4,0.2,2000,2,0.75,0.5,NA,NA,NA,NA,NA,2600014,3600014
600,1600,14,"Lasso",1.41921337357561,2.05,4,0.2,2000,2,0.75,0.5,NA,NA,NA,NA,NA,2600014,3600014
600,1600,14,"Shrinkage",1.43086495690244,2.05,4,0.2,2000,2,0.75,0.5,NA,NA,NA,NA,NA,2600014,3600014
600,2000,14,"TS-RIGHT",0.32679567308241,2.05,4,0.2,2000,2,0.75,0.5,24,4,66.6666666666667,50,TRUE,3000014,4000014
600,2000,14,"IHT",0.517221420081738,2.05,4,0.2,2000,2,0.75,0.5,NA,NA,NA,NA,NA,3000014,4000014
600,2000,14,"Lasso",1.38442971817712,2.05,4,0.2,2000,2,0.75,0.5,NA,NA,NA,NA,NA,3000014,4000014
600,2000,14,"Shrinkage",1.21610489765812,2.05,4,0.2,2000,2,0.75,0.5,NA,NA,NA,NA,NA,3000014,4000014
600,600,15,"TS-RIGHT",0.465439351254924,2.05,4,0.2,2000,2,0.75,0.5,24,4,20,15,TRUE,1600015,2600015
600,600,15,"IHT",0.517602019279702,2.05,4,0.2,2000,2,0.75,0.5,NA,NA,NA,NA,NA,1600015,2600015
600,600,15,"Lasso",1.79329612690911,2.05,4,0.2,2000,2,0.75,0.5,NA,NA,NA,NA,NA,1600015,2600015
600,600,15,"Shrinkage",1.51510186748663,2.05,4,0.2,2000,2,0.75,0.5,NA,NA,NA,NA,NA,1600015,2600015
600,800,15,"TS-RIGHT",0.218562721429141,2.05,4,0.2,2000,2,0.75,0.5,24,4,26.6666666666667,20,TRUE,1800015,2800015
600,800,15,"IHT",0.477537672228721,2.05,4,0.2,2000,2,0.75,0.5,NA,NA,NA,NA,NA,1800015,2800015
600,800,15,"Lasso",1.49919854524892,2.05,4,0.2,2000,2,0.75,0.5,NA,NA,NA,NA,NA,1800015,2800015
600,800,15,"Shrinkage",1.53748683049759,2.05,4,0.2,2000,2,0.75,0.5,NA,NA,NA,NA,NA,1800015,2800015
600,1200,15,"TS-RIGHT",0.571441841771782,2.05,4,0.2,2000,2,0.75,0.5,24,4,40,30,TRUE,2200015,3200015
600,1200,15,"IHT",0.452841248403451,2.05,4,0.2,2000,2,0.75,0.5,NA,NA,NA,NA,NA,2200015,3200015
600,1200,15,"Lasso",1.41578546332774,2.05,4,0.2,2000,2,0.75,0.5,NA,NA,NA,NA,NA,2200015,3200015
600,1200,15,"Shrinkage",1.31709044580937,2.05,4,0.2,2000,2,0.75,0.5,NA,NA,NA,NA,NA,2200015,3200015
600,1600,15,"TS-RIGHT",0.197833989079445,2.05,4,0.2,2000,2,0.75,0.5,24,4,53.3333333333333,40,TRUE,2600015,3600015
600,1600,15,"IHT",0.492448771154588,2.05,4,0.2,2000,2,0.75,0.5,NA,NA,NA,NA,NA,2600015,3600015
600,1600,15,"Lasso",1.42295976893943,2.05,4,0.2,2000,2,0.75,0.5,NA,NA,NA,NA,NA,2600015,3600015
600,1600,15,"Shrinkage",1.17546488362583,2.05,4,0.2,2000,2,0.75,0.5,NA,NA,NA,NA,NA,2600015,3600015
600,2000,15,"TS-RIGHT",0.623945580365118,2.05,4,0.2,2000,2,0.75,0.5,24,4,66.6666666666667,50,TRUE,3000015,4000015
600,2000,15,"IHT",0.483447439757432,2.05,4,0.2,2000,2,0.75,0.5,NA,NA,NA,NA,NA,3000015,4000015
600,2000,15,"Lasso",1.31084877816742,2.05,4,0.2,2000,2,0.75,0.5,NA,NA,NA,NA,NA,3000015,4000015
600,2000,15,"Shrinkage",1.16562362357871,2.05,4,0.2,2000,2,0.75,0.5,NA,NA,NA,NA,NA,3000015,4000015
600,600,16,"TS-RIGHT",0.382335920772376,2.05,4,0.2,2000,2,0.75,0.5,24,4,20,15,TRUE,1600016,2600016
600,600,16,"IHT",0.471804116013169,2.05,4,0.2,2000,2,0.75,0.5,NA,NA,NA,NA,NA,1600016,2600016
600,600,16,"Lasso",1.75461263786643,2.05,4,0.2,2000,2,0.75,0.5,NA,NA,NA,NA,NA,1600016,2600016
600,600,16,"Shrinkage",1.62802679924002,2.05,4,0.2,2000,2,0.75,0.5,NA,NA,NA,NA,NA,1600016,2600016
600,800,16,"TS-RIGHT",0.33664064301395,2.05,4,0.2,2000,2,0.75,0.5,24,4,26.6666666666667,20,TRUE,1800016,2800016
600,800,16,"IHT",0.629504401840555,2.05,4,0.2,2000,2,0.75,0.5,NA,NA,NA,NA,NA,1800016,2800016
600,800,16,"Lasso",1.52747698702016,2.05,4,0.2,2000,2,0.75,0.5,NA,NA,NA,NA,NA,1800016,2800016
600,800,16,"Shrinkage",1.36954892692845,2.05,4,0.2,2000,2,0.75,0.5,NA,NA,NA,NA,NA,1800016,2800016
600,1200,16,"TS-RIGHT",0.415679528340253,2.05,4,0.2,2000,2,0.75,0.5,24,4,40,30,TRUE,2200016,3200016
600,1200,16,"IHT",0.492316524138743,2.05,4,0.2,2000,2,0.75,0.5,NA,NA,NA,NA,NA,2200016,3200016
600,1200,16,"Lasso",1.37097536764805,2.05,4,0.2,2000,2,0.75,0.5,NA,NA,NA,NA,NA,2200016,3200016
600,1200,16,"Shrinkage",1.25631299210281,2.05,4,0.2,2000,2,0.75,0.5,NA,NA,NA,NA,NA,2200016,3200016
600,1600,16,"TS-RIGHT",0.442533884432118,2.05,4,0.2,2000,2,0.75,0.5,24,4,53.3333333333333,40,TRUE,2600016,3600016
600,1600,16,"IHT",0.578446493764837,2.05,4,0.2,2000,2,0.75,0.5,NA,NA,NA,NA,NA,2600016,3600016
600,1600,16,"Lasso",1.34372774498729,2.05,4,0.2,2000,2,0.75,0.5,NA,NA,NA,NA,NA,2600016,3600016
600,1600,16,"Shrinkage",1.43052440715808,2.05,4,0.2,2000,2,0.75,0.5,NA,NA,NA,NA,NA,2600016,3600016
600,2000,16,"TS-RIGHT",0.383428778518426,2.05,4,0.2,2000,2,0.75,0.5,24,4,66.6666666666667,50,TRUE,3000016,4000016
600,2000,16,"IHT",0.559921750010068,2.05,4,0.2,2000,2,0.75,0.5,NA,NA,NA,NA,NA,3000016,4000016
600,2000,16,"Lasso",1.36257733574184,2.05,4,0.2,2000,2,0.75,0.5,NA,NA,NA,NA,NA,3000016,4000016
600,2000,16,"Shrinkage",1.23810915451269,2.05,4,0.2,2000,2,0.75,0.5,NA,NA,NA,NA,NA,3000016,4000016
600,600,17,"TS-RIGHT",0.374772173981631,2.05,4,0.2,2000,2,0.75,0.5,24,4,20,15,TRUE,1600017,2600017
600,600,17,"IHT",0.45766063544901,2.05,4,0.2,2000,2,0.75,0.5,NA,NA,NA,NA,NA,1600017,2600017
600,600,17,"Lasso",1.67623020451073,2.05,4,0.2,2000,2,0.75,0.5,NA,NA,NA,NA,NA,1600017,2600017
600,600,17,"Shrinkage",1.52972502966614,2.05,4,0.2,2000,2,0.75,0.5,NA,NA,NA,NA,NA,1600017,2600017
600,800,17,"TS-RIGHT",1.00954920355865,2.05,4,0.2,2000,2,0.75,0.5,24,4,26.6666666666667,20,TRUE,1800017,2800017
600,800,17,"IHT",0.534171307856405,2.05,4,0.2,2000,2,0.75,0.5,NA,NA,NA,NA,NA,1800017,2800017
600,800,17,"Lasso",1.57720472451929,2.05,4,0.2,2000,2,0.75,0.5,NA,NA,NA,NA,NA,1800017,2800017
600,800,17,"Shrinkage",1.46140656244138,2.05,4,0.2,2000,2,0.75,0.5,NA,NA,NA,NA,NA,1800017,2800017
600,1200,17,"TS-RIGHT",0.230115422886752,2.05,4,0.2,2000,2,0.75,0.5,24,4,40,30,TRUE,2200017,3200017
600,1200,17,"IHT",0.427455603941049,2.05,4,0.2,2000,2,0.75,0.5,NA,NA,NA,NA,NA,2200017,3200017
600,1200,17,"Lasso",1.48848610571139,2.05,4,0.2,2000,2,0.75,0.5,NA,NA,NA,NA,NA,2200017,3200017
600,1200,17,"Shrinkage",1.44317413997177,2.05,4,0.2,2000,2,0.75,0.5,NA,NA,NA,NA,NA,2200017,3200017
600,1600,17,"TS-RIGHT",0.21935212812783,2.05,4,0.2,2000,2,0.75,0.5,24,4,53.3333333333333,40,TRUE,2600017,3600017
600,1600,17,"IHT",0.495999188102678,2.05,4,0.2,2000,2,0.75,0.5,NA,NA,NA,NA,NA,2600017,3600017
600,1600,17,"Lasso",1.30326400229247,2.05,4,0.2,2000,2,0.75,0.5,NA,NA,NA,NA,NA,2600017,3600017
600,1600,17,"Shrinkage",0.883023768367002,2.05,4,0.2,2000,2,0.75,0.5,NA,NA,NA,NA,NA,2600017,3600017
600,2000,17,"TS-RIGHT",0.706575069716194,2.05,4,0.2,2000,2,0.75,0.5,24,4,66.6666666666667,50,TRUE,3000017,4000017
600,2000,17,"IHT",0.550831752039102,2.05,4,0.2,2000,2,0.75,0.5,NA,NA,NA,NA,NA,3000017,4000017
600,2000,17,"Lasso",1.3078658989677,2.05,4,0.2,2000,2,0.75,0.5,NA,NA,NA,NA,NA,3000017,4000017
600,2000,17,"Shrinkage",1.01167262713132,2.05,4,0.2,2000,2,0.75,0.5,NA,NA,NA,NA,NA,3000017,4000017
600,600,18,"TS-RIGHT",0.214213982388355,2.05,4,0.2,2000,2,0.75,0.5,24,4,20,15,TRUE,1600018,2600018
600,600,18,"IHT",0.416173559751823,2.05,4,0.2,2000,2,0.75,0.5,NA,NA,NA,NA,NA,1600018,2600018
600,600,18,"Lasso",1.72820172690762,2.05,4,0.2,2000,2,0.75,0.5,NA,NA,NA,NA,NA,1600018,2600018
600,600,18,"Shrinkage",1.69561860815101,2.05,4,0.2,2000,2,0.75,0.5,NA,NA,NA,NA,NA,1600018,2600018
600,800,18,"TS-RIGHT",0.229472601637451,2.05,4,0.2,2000,2,0.75,0.5,24,4,26.6666666666667,20,TRUE,1800018,2800018
600,800,18,"IHT",0.571378132057733,2.05,4,0.2,2000,2,0.75,0.5,NA,NA,NA,NA,NA,1800018,2800018
600,800,18,"Lasso",1.6922856422189,2.05,4,0.2,2000,2,0.75,0.5,NA,NA,NA,NA,NA,1800018,2800018
600,800,18,"Shrinkage",1.41125758896615,2.05,4,0.2,2000,2,0.75,0.5,NA,NA,NA,NA,NA,1800018,2800018
600,1200,18,"TS-RIGHT",0.764643437194434,2.05,4,0.2,2000,2,0.75,0.5,24,4,40,30,TRUE,2200018,3200018
600,1200,18,"IHT",0.43155192637672,2.05,4,0.2,2000,2,0.75,0.5,NA,NA,NA,NA,NA,2200018,3200018
600,1200,18,"Lasso",1.2706631645471,2.05,4,0.2,2000,2,0.75,0.5,NA,NA,NA,NA,NA,2200018,3200018
600,1200,18,"Shrinkage",1.32518574133868,2.05,4,0.2,2000,2,0.75,0.5,NA,NA,NA,NA,NA,2200018,3200018
600,1600,18,"TS-RIGHT",0.249798777380546,2.05,4,0.2,2000,2,0.75,0.5,24,4,53.3333333333333,40,TRUE,2600018,3600018
600,1600,18,"IHT",0.468338359745163,2.05,4,0.2,2000,2,0.75,0.5,NA,NA,NA,NA,NA,2600018,3600018
600,1600,18,"Lasso",1.16672741707042,2.05,4,0.2,2000,2,0.75,0.5,NA,NA,NA,NA,NA,2600018,3600018
600,1600,18,"Shrinkage",1.21590973890004,2.05,4,0.2,2000,2,0.75,0.5,NA,NA,NA,NA,NA,2600018,3600018
600,2000,18,"TS-RIGHT",0.494695413388415,2.05,4,0.2,2000,2,0.75,0.5,24,4,66.6666666666667,50,TRUE,3000018,4000018
600,2000,18,"IHT",0.462229336369127,2.05,4,0.2,2000,2,0.75,0.5,NA,NA,NA,NA,NA,3000018,4000018
600,2000,18,"Lasso",1.31102163616325,2.05,4,0.2,2000,2,0.75,0.5,NA,NA,NA,NA,NA,3000018,4000018
600,2000,18,"Shrinkage",1.1801335280397,2.05,4,0.2,2000,2,0.75,0.5,NA,NA,NA,NA,NA,3000018,4000018
600,600,19,"TS-RIGHT",0.270341679870241,2.05,4,0.2,2000,2,0.75,0.5,24,4,20,15,TRUE,1600019,2600019
600,600,19,"IHT",0.637625055692292,2.05,4,0.2,2000,2,0.75,0.5,NA,NA,NA,NA,NA,1600019,2600019
600,600,19,"Lasso",1.66004591444411,2.05,4,0.2,2000,2,0.75,0.5,NA,NA,NA,NA,NA,1600019,2600019
600,600,19,"Shrinkage",1.68959819480057,2.05,4,0.2,2000,2,0.75,0.5,NA,NA,NA,NA,NA,1600019,2600019
600,800,19,"TS-RIGHT",0.212923615304228,2.05,4,0.2,2000,2,0.75,0.5,24,4,26.6666666666667,20,TRUE,1800019,2800019
600,800,19,"IHT",0.484499574902619,2.05,4,0.2,2000,2,0.75,0.5,NA,NA,NA,NA,NA,1800019,2800019
600,800,19,"Lasso",1.62185984411752,2.05,4,0.2,2000,2,0.75,0.5,NA,NA,NA,NA,NA,1800019,2800019
600,800,19,"Shrinkage",1.52475321763918,2.05,4,0.2,2000,2,0.75,0.5,NA,NA,NA,NA,NA,1800019,2800019
600,1200,19,"TS-RIGHT",0.226961955539775,2.05,4,0.2,2000,2,0.75,0.5,24,4,40,30,TRUE,2200019,3200019
600,1200,19,"IHT",0.392076684273019,2.05,4,0.2,2000,2,0.75,0.5,NA,NA,NA,NA,NA,2200019,3200019
600,1200,19,"Lasso",1.12097080681062,2.05,4,0.2,2000,2,0.75,0.5,NA,NA,NA,NA,NA,2200019,3200019
600,1200,19,"Shrinkage",1.15391166950264,2.05,4,0.2,2000,2,0.75,0.5,NA,NA,NA,NA,NA,2200019,3200019
600,1600,19,"TS-RIGHT",0.374072857900564,2.05,4,0.2,2000,2,0.75,0.5,24,4,53.3333333333333,40,TRUE,2600019,3600019
600,1600,19,"IHT",0.418569226381479,2.05,4,0.2,2000,2,0.75,0.5,NA,NA,NA,NA,NA,2600019,3600019
600,1600,19,"Lasso",1.35880051067071,2.05,4,0.2,2000,2,0.75,0.5,NA,NA,NA,NA,NA,2600019,3600019
600,1600,19,"Shrinkage",1.19917292012268,2.05,4,0.2,2000,2,0.75,0.5,NA,NA,NA,NA,NA,2600019,3600019
600,2000,19,"TS-RIGHT",0.233792182864768,2.05,4,0.2,2000,2,0.75,0.5,24,4,66.6666666666667,50,TRUE,3000019,4000019
600,2000,19,"IHT",0.560054497065033,2.05,4,0.2,2000,2,0.75,0.5,NA,NA,NA,NA,NA,3000019,4000019
600,2000,19,"Lasso",1.42726327095079,2.05,4,0.2,2000,2,0.75,0.5,NA,NA,NA,NA,NA,3000019,4000019
600,2000,19,"Shrinkage",1.33013808741335,2.05,4,0.2,2000,2,0.75,0.5,NA,NA,NA,NA,NA,3000019,4000019
600,600,20,"TS-RIGHT",0.306030265223695,2.05,4,0.2,2000,2,0.75,0.5,24,4,20,15,TRUE,1600020,2600020
600,600,20,"IHT",0.552369414399256,2.05,4,0.2,2000,2,0.75,0.5,NA,NA,NA,NA,NA,1600020,2600020
600,600,20,"Lasso",1.66031176192612,2.05,4,0.2,2000,2,0.75,0.5,NA,NA,NA,NA,NA,1600020,2600020
600,600,20,"Shrinkage",1.42187154141936,2.05,4,0.2,2000,2,0.75,0.5,NA,NA,NA,NA,NA,1600020,2600020
600,800,20,"TS-RIGHT",0.551472033898914,2.05,4,0.2,2000,2,0.75,0.5,24,4,26.6666666666667,20,TRUE,1800020,2800020
600,800,20,"IHT",0.438132263346296,2.05,4,0.2,2000,2,0.75,0.5,NA,NA,NA,NA,NA,1800020,2800020
600,800,20,"Lasso",1.48170245454954,2.05,4,0.2,2000,2,0.75,0.5,NA,NA,NA,NA,NA,1800020,2800020
600,800,20,"Shrinkage",1.37062618653899,2.05,4,0.2,2000,2,0.75,0.5,NA,NA,NA,NA,NA,1800020,2800020
600,1200,20,"TS-RIGHT",0.374251867480027,2.05,4,0.2,2000,2,0.75,0.5,24,4,40,30,TRUE,2200020,3200020
600,1200,20,"IHT",0.557943773339176,2.05,4,0.2,2000,2,0.75,0.5,NA,NA,NA,NA,NA,2200020,3200020
600,1200,20,"Lasso",1.47114031207049,2.05,4,0.2,2000,2,0.75,0.5,NA,NA,NA,NA,NA,2200020,3200020
600,1200,20,"Shrinkage",1.32895032070564,2.05,4,0.2,2000,2,0.75,0.5,NA,NA,NA,NA,NA,2200020,3200020
600,1600,20,"TS-RIGHT",0.446583904413961,2.05,4,0.2,2000,2,0.75,0.5,24,4,53.3333333333333,40,TRUE,2600020,3600020
600,1600,20,"IHT",0.512435693929142,2.05,4,0.2,2000,2,0.75,0.5,NA,NA,NA,NA,NA,2600020,3600020
600,1600,20,"Lasso",1.47166884003494,2.05,4,0.2,2000,2,0.75,0.5,NA,NA,NA,NA,NA,2600020,3600020
600,1600,20,"Shrinkage",1.24269334175315,2.05,4,0.2,2000,2,0.75,0.5,NA,NA,NA,NA,NA,2600020,3600020
600,2000,20,"TS-RIGHT",0.787230200105413,2.05,4,0.2,2000,2,0.75,0.5,24,4,66.6666666666667,50,TRUE,3000020,4000020
600,2000,20,"IHT",0.542229741561065,2.05,4,0.2,2000,2,0.75,0.5,NA,NA,NA,NA,NA,3000020,4000020
600,2000,20,"Lasso",1.44115315016589,2.05,4,0.2,2000,2,0.75,0.5,NA,NA,NA,NA,NA,3000020,4000020
600,2000,20,"Shrinkage",1.35834960360912,2.05,4,0.2,2000,2,0.75,0.5,NA,NA,NA,NA,NA,3000020,4000020
600,600,21,"TS-RIGHT",0.47749983641746,2.05,4,0.2,2000,2,0.75,0.5,24,4,20,15,TRUE,1600021,2600021
600,600,21,"IHT",0.561320777188668,2.05,4,0.2,2000,2,0.75,0.5,NA,NA,NA,NA,NA,1600021,2600021
600,600,21,"Lasso",1.378718889507,2.05,4,0.2,2000,2,0.75,0.5,NA,NA,NA,NA,NA,1600021,2600021
600,600,21,"Shrinkage",1.2016966534987,2.05,4,0.2,2000,2,0.75,0.5,NA,NA,NA,NA,NA,1600021,2600021
600,800,21,"TS-RIGHT",0.17283145340478,2.05,4,0.2,2000,2,0.75,0.5,24,4,26.6666666666667,20,TRUE,1800021,2800021
600,800,21,"IHT",0.419164038369152,2.05,4,0.2,2000,2,0.75,0.5,NA,NA,NA,NA,NA,1800021,2800021
600,800,21,"Lasso",1.72046907365846,2.05,4,0.2,2000,2,0.75,0.5,NA,NA,NA,NA,NA,1800021,2800021
600,800,21,"Shrinkage",1.4904898198131,2.05,4,0.2,2000,2,0.75,0.5,NA,NA,NA,NA,NA,1800021,2800021
600,1200,21,"TS-RIGHT",0.466703821727609,2.05,4,0.2,2000,2,0.75,0.5,24,4,40,30,TRUE,2200021,3200021
600,1200,21,"IHT",0.459598289009285,2.05,4,0.2,2000,2,0.75,0.5,NA,NA,NA,NA,NA,2200021,3200021
600,1200,21,"Lasso",1.51656601283878,2.05,4,0.2,2000,2,0.75,0.5,NA,NA,NA,NA,NA,2200021,3200021
600,1200,21,"Shrinkage",1.3772877488948,2.05,4,0.2,2000,2,0.75,0.5,NA,NA,NA,NA,NA,2200021,3200021
600,1600,21,"TS-RIGHT",0.157548308505293,2.05,4,0.2,2000,2,0.75,0.5,24,4,53.3333333333333,40,TRUE,2600021,3600021
600,1600,21,"IHT",0.445068241817823,2.05,4,0.2,2000,2,0.75,0.5,NA,NA,NA,NA,NA,2600021,3600021
600,1600,21,"Lasso",1.36253296076457,2.05,4,0.2,2000,2,0.75,0.5,NA,NA,NA,NA,NA,2600021,3600021
600,1600,21,"Shrinkage",0.875892180888631,2.05,4,0.2,2000,2,0.75,0.5,NA,NA,NA,NA,NA,2600021,3600021
600,2000,21,"TS-RIGHT",0.237036360282827,2.05,4,0.2,2000,2,0.75,0.5,24,4,66.6666666666667,50,TRUE,3000021,4000021
600,2000,21,"IHT",0.427971365135333,2.05,4,0.2,2000,2,0.75,0.5,NA,NA,NA,NA,NA,3000021,4000021
600,2000,21,"Lasso",1.22281321315554,2.05,4,0.2,2000,2,0.75,0.5,NA,NA,NA,NA,NA,3000021,4000021
600,2000,21,"Shrinkage",1.17241367196614,2.05,4,0.2,2000,2,0.75,0.5,NA,NA,NA,NA,NA,3000021,4000021
600,600,22,"TS-RIGHT",0.411692777488544,2.05,4,0.2,2000,2,0.75,0.5,24,4,20,15,TRUE,1600022,2600022
600,600,22,"IHT",0.632962339129704,2.05,4,0.2,2000,2,0.75,0.5,NA,NA,NA,NA,NA,1600022,2600022
600,600,22,"Lasso",1.60784364663707,2.05,4,0.2,2000,2,0.75,0.5,NA,NA,NA,NA,NA,1600022,2600022
600,600,22,"Shrinkage",1.50589682660005,2.05,4,0.2,2000,2,0.75,0.5,NA,NA,NA,NA,NA,1600022,2600022
600,800,22,"TS-RIGHT",0.582068972686453,2.05,4,0.2,2000,2,0.75,0.5,24,4,26.6666666666667,20,TRUE,1800022,2800022
600,800,22,"IHT",0.546456224306409,2.05,4,0.2,2000,2,0.75,0.5,NA,NA,NA,NA,NA,1800022,2800022
600,800,22,"Lasso",1.41361263673426,2.05,4,0.2,2000,2,0.75,0.5,NA,NA,NA,NA,NA,1800022,2800022
600,800,22,"Shrinkage",1.54806412581986,2.05,4,0.2,2000,2,0.75,0.5,NA,NA,NA,NA,NA,1800022,2800022
600,1200,22,"TS-RIGHT",0.484458607793734,2.05,4,0.2,2000,2,0.75,0.5,24,4,40,30,TRUE,2200022,3200022
600,1200,22,"IHT",0.59586951158815,2.05,4,0.2,2000,2,0.75,0.5,NA,NA,NA,NA,NA,2200022,3200022
600,1200,22,"Lasso",1.54278093487418,2.05,4,0.2,2000,2,0.75,0.5,NA,NA,NA,NA,NA,2200022,3200022
600,1200,22,"Shrinkage",1.24560985864648,2.05,4,0.2,2000,2,0.75,0.5,NA,NA,NA,NA,NA,2200022,3200022
600,1600,22,"TS-RIGHT",0.333779318262329,2.05,4,0.2,2000,2,0.75,0.5,24,4,53.3333333333333,40,TRUE,2600022,3600022
600,1600,22,"IHT",0.457741956345757,2.05,4,0.2,2000,2,0.75,0.5,NA,NA,NA,NA,NA,2600022,3600022
600,1600,22,"Lasso",1.41639002832555,2.05,4,0.2,2000,2,0.75,0.5,NA,NA,NA,NA,NA,2600022,3600022
600,1600,22,"Shrinkage",1.08813675611874,2.05,4,0.2,2000,2,0.75,0.5,NA,NA,NA,NA,NA,2600022,3600022
600,2000,22,"TS-RIGHT",0.252594993914206,2.05,4,0.2,2000,2,0.75,0.5,24,4,66.6666666666667,50,TRUE,3000022,4000022
600,2000,22,"IHT",0.49978679638798,2.05,4,0.2,2000,2,0.75,0.5,NA,NA,NA,NA,NA,3000022,4000022
600,2000,22,"Lasso",1.28438148733812,2.05,4,0.2,2000,2,0.75,0.5,NA,NA,NA,NA,NA,3000022,4000022
600,2000,22,"Shrinkage",1.11200658266983,2.05,4,0.2,2000,2,0.75,0.5,NA,NA,NA,NA,NA,3000022,4000022
600,600,23,"TS-RIGHT",0.400117156454785,2.05,4,0.2,2000,2,0.75,0.5,24,4,20,15,TRUE,1600023,2600023
600,600,23,"IHT",0.403060272468484,2.05,4,0.2,2000,2,0.75,0.5,NA,NA,NA,NA,NA,1600023,2600023
600,600,23,"Lasso",1.66436323287299,2.05,4,0.2,2000,2,0.75,0.5,NA,NA,NA,NA,NA,1600023,2600023
600,600,23,"Shrinkage",1.5033623550822,2.05,4,0.2,2000,2,0.75,0.5,NA,NA,NA,NA,NA,1600023,2600023
600,800,23,"TS-RIGHT",0.363632830366508,2.05,4,0.2,2000,2,0.75,0.5,24,4,26.6666666666667,20,TRUE,1800023,2800023
600,800,23,"IHT",0.589083453235672,2.05,4,0.2,2000,2,0.75,0.5,NA,NA,NA,NA,NA,1800023,2800023
600,800,23,"Lasso",1.57735884651993,2.05,4,0.2,2000,2,0.75,0.5,NA,NA,NA,NA,NA,1800023,2800023
600,800,23,"Shrinkage",1.68939792739709,2.05,4,0.2,2000,2,0.75,0.5,NA,NA,NA,NA,NA,1800023,2800023
600,1200,23,"TS-RIGHT",0.412194885655152,2.05,4,0.2,2000,2,0.75,0.5,24,4,40,30,TRUE,2200023,3200023
600,1200,23,"IHT",0.535135256201757,2.05,4,0.2,2000,2,0.75,0.5,NA,NA,NA,NA,NA,2200023,3200023
600,1200,23,"Lasso",1.47242849635684,2.05,4,0.2,2000,2,0.75,0.5,NA,NA,NA,NA,NA,2200023,3200023
600,1200,23,"Shrinkage",1.38301799142374,2.05,4,0.2,2000,2,0.75,0.5,NA,NA,NA,NA,NA,2200023,3200023
600,1600,23,"TS-RIGHT",0.100484625826074,2.05,4,0.2,2000,2,0.75,0.5,24,4,53.3333333333333,40,TRUE,2600023,3600023
600,1600,23,"IHT",0.450041635938909,2.05,4,0.2,2000,2,0.75,0.5,NA,NA,NA,NA,NA,2600023,3600023
600,1600,23,"Lasso",1.40170080936108,2.05,4,0.2,2000,2,0.75,0.5,NA,NA,NA,NA,NA,2600023,3600023
600,1600,23,"Shrinkage",1.17305292258888,2.05,4,0.2,2000,2,0.75,0.5,NA,NA,NA,NA,NA,2600023,3600023
600,2000,23,"TS-RIGHT",0.430517004156755,2.05,4,0.2,2000,2,0.75,0.5,24,4,66.6666666666667,50,TRUE,3000023,4000023
600,2000,23,"IHT",0.520261358723102,2.05,4,0.2,2000,2,0.75,0.5,NA,NA,NA,NA,NA,3000023,4000023
600,2000,23,"Lasso",1.45174048425428,2.05,4,0.2,2000,2,0.75,0.5,NA,NA,NA,NA,NA,3000023,4000023
600,2000,23,"Shrinkage",1.29550598369959,2.05,4,0.2,2000,2,0.75,0.5,NA,NA,NA,NA,NA,3000023,4000023
600,600,24,"TS-RIGHT",0.637539857394991,2.05,4,0.2,2000,2,0.75,0.5,24,4,20,15,TRUE,1600024,2600024
600,600,24,"IHT",0.503710279520484,2.05,4,0.2,2000,2,0.75,0.5,NA,NA,NA,NA,NA,1600024,2600024
600,600,24,"Lasso",1.55084290540962,2.05,4,0.2,2000,2,0.75,0.5,NA,NA,NA,NA,NA,1600024,2600024
600,600,24,"Shrinkage",1.3770692430895,2.05,4,0.2,2000,2,0.75,0.5,NA,NA,NA,NA,NA,1600024,2600024
600,800,24,"TS-RIGHT",1.0749479904136,2.05,4,0.2,2000,2,0.75,0.5,24,4,26.6666666666667,20,TRUE,1800024,2800024
600,800,24,"IHT",0.436356180105232,2.05,4,0.2,2000,2,0.75,0.5,NA,NA,NA,NA,NA,1800024,2800024
600,800,24,"Lasso",1.69671338667829,2.05,4,0.2,2000,2,0.75,0.5,NA,NA,NA,NA,NA,1800024,2800024
600,800,24,"Shrinkage",1.40632554197995,2.05,4,0.2,2000,2,0.75,0.5,NA,NA,NA,NA,NA,1800024,2800024
600,1200,24,"TS-RIGHT",0.126644637499223,2.05,4,0.2,2000,2,0.75,0.5,24,4,40,30,TRUE,2200024,3200024
600,1200,24,"IHT",0.548038664844189,2.05,4,0.2,2000,2,0.75,0.5,NA,NA,NA,NA,NA,2200024,3200024
600,1200,24,"Lasso",1.34515499629872,2.05,4,0.2,2000,2,0.75,0.5,NA,NA,NA,NA,NA,2200024,3200024
600,1200,24,"Shrinkage",1.03782013864717,2.05,4,0.2,2000,2,0.75,0.5,NA,NA,NA,NA,NA,2200024,3200024
600,1600,24,"TS-RIGHT",0.605340043889512,2.05,4,0.2,2000,2,0.75,0.5,24,4,53.3333333333333,40,TRUE,2600024,3600024
600,1600,24,"IHT",0.461863101728843,2.05,4,0.2,2000,2,0.75,0.5,NA,NA,NA,NA,NA,2600024,3600024
600,1600,24,"Lasso",1.30019019154157,2.05,4,0.2,2000,2,0.75,0.5,NA,NA,NA,NA,NA,2600024,3600024
600,1600,24,"Shrinkage",1.22881887298517,2.05,4,0.2,2000,2,0.75,0.5,NA,NA,NA,NA,NA,2600024,3600024
600,2000,24,"TS-RIGHT",0.452809672932919,2.05,4,0.2,2000,2,0.75,0.5,24,4,66.6666666666667,50,TRUE,3000024,4000024
600,2000,24,"IHT",0.449825897552644,2.05,4,0.2,2000,2,0.75,0.5,NA,NA,NA,NA,NA,3000024,4000024
600,2000,24,"Lasso",1.11475420438991,2.05,4,0.2,2000,2,0.75,0.5,NA,NA,NA,NA,NA,3000024,4000024
600,2000,24,"Shrinkage",0.750196104566136,2.05,4,0.2,2000,2,0.75,0.5,NA,NA,NA,NA,NA,3000024,4000024
600,600,25,"TS-RIGHT",0.228443598333564,2.05,4,0.2,2000,2,0.75,0.5,24,4,20,15,TRUE,1600025,2600025
600,600,25,"IHT",0.587837691318025,2.05,4,0.2,2000,2,0.75,0.5,NA,NA,NA,NA,NA,1600025,2600025
600,600,25,"Lasso",1.78614837300072,2.05,4,0.2,2000,2,0.75,0.5,NA,NA,NA,NA,NA,1600025,2600025
600,600,25,"Shrinkage",1.56385787156591,2.05,4,0.2,2000,2,0.75,0.5,NA,NA,NA,NA,NA,1600025,2600025
600,800,25,"TS-RIGHT",0.224207923679334,2.05,4,0.2,2000,2,0.75,0.5,24,4,26.6666666666667,20,TRUE,1800025,2800025
600,800,25,"IHT",0.489682263404795,2.05,4,0.2,2000,2,0.75,0.5,NA,NA,NA,NA,NA,1800025,2800025
600,800,25,"Lasso",1.24018070564989,2.05,4,0.2,2000,2,0.75,0.5,NA,NA,NA,NA,NA,1800025,2800025
600,800,25,"Shrinkage",1.2801130733371,2.05,4,0.2,2000,2,0.75,0.5,NA,NA,NA,NA,NA,1800025,2800025
600,1200,25,"TS-RIGHT",0.321489563782297,2.05,4,0.2,2000,2,0.75,0.5,24,4,40,30,TRUE,2200025,3200025
600,1200,25,"IHT",0.510999197464575,2.05,4,0.2,2000,2,0.75,0.5,NA,NA,NA,NA,NA,2200025,3200025
600,1200,25,"Lasso",1.39416091326206,2.05,4,0.2,2000,2,0.75,0.5,NA,NA,NA,NA,NA,2200025,3200025
600,1200,25,"Shrinkage",1.26318255599384,2.05,4,0.2,2000,2,0.75,0.5,NA,NA,NA,NA,NA,2200025,3200025
600,1600,25,"TS-RIGHT",0.870940267946344,2.05,4,0.2,2000,2,0.75,0.5,24,4,53.3333333333333,40,TRUE,2600025,3600025
600,1600,25,"IHT",0.551944304908527,2.05,4,0.2,2000,2,0.75,0.5,NA,NA,NA,NA,NA,2600025,3600025
600,1600,25,"Lasso",1.39780512003199,2.05,4,0.2,2000,2,0.75,0.5,NA,NA,NA,NA,NA,2600025,3600025
600,1600,25,"Shrinkage",1.3087750338817,2.05,4,0.2,2000,2,0.75,0.5,NA,NA,NA,NA,NA,2600025,3600025
600,2000,25,"TS-RIGHT",0.712910509796555,2.05,4,0.2,2000,2,0.75,0.5,24,4,66.6666666666667,50,TRUE,3000025,4000025
600,2000,25,"IHT",0.467270388084811,2.05,4,0.2,2000,2,0.75,0.5,NA,NA,NA,NA,NA,3000025,4000025
600,2000,25,"Lasso",1.30246865493336,2.05,4,0.2,2000,2,0.75,0.5,NA,NA,NA,NA,NA,3000025,4000025
600,2000,25,"Shrinkage",1.07486124163712,2.05,4,0.2,2000,2,0.75,0.5,NA,NA,NA,NA,NA,3000025,4000025
600,600,26,"TS-RIGHT",0.295108532061415,2.05,4,0.2,2000,2,0.75,0.5,24,4,20,15,TRUE,1600026,2600026
600,600,26,"IHT",0.547237176293107,2.05,4,0.2,2000,2,0.75,0.5,NA,NA,NA,NA,NA,1600026,2600026
600,600,26,"Lasso",1.61672510953064,2.05,4,0.2,2000,2,0.75,0.5,NA,NA,NA,NA,NA,1600026,2600026
600,600,26,"Shrinkage",1.53713887527452,2.05,4,0.2,2000,2,0.75,0.5,NA,NA,NA,NA,NA,1600026,2600026
600,800,26,"TS-RIGHT",0.268206977083536,2.05,4,0.2,2000,2,0.75,0.5,24,4,26.6666666666667,20,TRUE,1800026,2800026
600,800,26,"IHT",0.466330463244467,2.05,4,0.2,2000,2,0.75,0.5,NA,NA,NA,NA,NA,1800026,2800026
600,800,26,"Lasso",1.62847129598813,2.05,4,0.2,2000,2,0.75,0.5,NA,NA,NA,NA,NA,1800026,2800026
600,800,26,"Shrinkage",1.45135910406899,2.05,4,0.2,2000,2,0.75,0.5,NA,NA,NA,NA,NA,1800026,2800026
600,1200,26,"TS-RIGHT",0.228915399397683,2.05,4,0.2,2000,2,0.75,0.5,24,4,40,30,TRUE,2200026,3200026
600,1200,26,"IHT",0.51623544873915,2.05,4,0.2,2000,2,0.75,0.5,NA,NA,NA,NA,NA,2200026,3200026
600,1200,26,"Lasso",1.47863196768483,2.05,4,0.2,2000,2,0.75,0.5,NA,NA,NA,NA,NA,2200026,3200026
600,1200,26,"Shrinkage",1.43111437928111,2.05,4,0.2,2000,2,0.75,0.5,NA,NA,NA,NA,NA,2200026,3200026
600,1600,26,"TS-RIGHT",0.186548260892182,2.05,4,0.2,2000,2,0.75,0.5,24,4,53.3333333333333,40,TRUE,2600026,3600026
600,1600,26,"IHT",0.512570826012649,2.05,4,0.2,2000,2,0.75,0.5,NA,NA,NA,NA,NA,2600026,3600026
600,1600,26,"Lasso",1.29015799304211,2.05,4,0.2,2000,2,0.75,0.5,NA,NA,NA,NA,NA,2600026,3600026
600,1600,26,"Shrinkage",0.949199785708757,2.05,4,0.2,2000,2,0.75,0.5,NA,NA,NA,NA,NA,2600026,3600026
600,2000,26,"TS-RIGHT",0.232112585481297,2.05,4,0.2,2000,2,0.75,0.5,24,4,66.6666666666667,50,TRUE,3000026,4000026
600,2000,26,"IHT",0.466210129835811,2.05,4,0.2,2000,2,0.75,0.5,NA,NA,NA,NA,NA,3000026,4000026
600,2000,26,"Lasso",1.35627445858339,2.05,4,0.2,2000,2,0.75,0.5,NA,NA,NA,NA,NA,3000026,4000026
600,2000,26,"Shrinkage",1.12529064611954,2.05,4,0.2,2000,2,0.75,0.5,NA,NA,NA,NA,NA,3000026,4000026
600,600,27,"TS-RIGHT",0.456605054274846,2.05,4,0.2,2000,2,0.75,0.5,24,4,20,15,TRUE,1600027,2600027
600,600,27,"IHT",0.476344921555339,2.05,4,0.2,2000,2,0.75,0.5,NA,NA,NA,NA,NA,1600027,2600027
600,600,27,"Lasso",1.66074229603161,2.05,4,0.2,2000,2,0.75,0.5,NA,NA,NA,NA,NA,1600027,2600027
600,600,27,"Shrinkage",1.60181149149558,2.05,4,0.2,2000,2,0.75,0.5,NA,NA,NA,NA,NA,1600027,2600027
600,800,27,"TS-RIGHT",0.948762971578821,2.05,4,0.2,2000,2,0.75,0.5,24,4,26.6666666666667,20,TRUE,1800027,2800027
600,800,27,"IHT",0.414248291443514,2.05,4,0.2,2000,2,0.75,0.5,NA,NA,NA,NA,NA,1800027,2800027
600,800,27,"Lasso",1.8022694927786,2.05,4,0.2,2000,2,0.75,0.5,NA,NA,NA,NA,NA,1800027,2800027
600,800,27,"Shrinkage",1.54737396118297,2.05,4,0.2,2000,2,0.75,0.5,NA,NA,NA,NA,NA,1800027,2800027
600,1200,27,"TS-RIGHT",0.14278045105417,2.05,4,0.2,2000,2,0.75,0.5,24,4,40,30,TRUE,2200027,3200027
600,1200,27,"IHT",0.420496953334559,2.05,4,0.2,2000,2,0.75,0.5,NA,NA,NA,NA,NA,2200027,3200027
600,1200,27,"Lasso",1.3450044111498,2.05,4,0.2,2000,2,0.75,0.5,NA,NA,NA,NA,NA,2200027,3200027
600,1200,27,"Shrinkage",1.09523688226143,2.05,4,0.2,2000,2,0.75,0.5,NA,NA,NA,NA,NA,2200027,3200027
600,1600,27,"TS-RIGHT",0.208875128128063,2.05,4,0.2,2000,2,0.75,0.5,24,4,53.3333333333333,40,TRUE,2600027,3600027
600,1600,27,"IHT",0.530273528279686,2.05,4,0.2,2000,2,0.75,0.5,NA,NA,NA,NA,NA,2600027,3600027
600,1600,27,"Lasso",1.47872944258834,2.05,4,0.2,2000,2,0.75,0.5,NA,NA,NA,NA,NA,2600027,3600027
600,1600,27,"Shrinkage",1.32976414815492,2.05,4,0.2,2000,2,0.75,0.5,NA,NA,NA,NA,NA,2600027,3600027
600,2000,27,"TS-RIGHT",0.521673941004268,2.05,4,0.2,2000,2,0.75,0.5,24,4,66.6666666666667,50,TRUE,3000027,4000027
600,2000,27,"IHT",0.601306492969419,2.05,4,0.2,2000,2,0.75,0.5,NA,NA,NA,NA,NA,3000027,4000027
600,2000,27,"Lasso",1.49307572037322,2.05,4,0.2,2000,2,0.75,0.5,NA,NA,NA,NA,NA,3000027,4000027
600,2000,27,"Shrinkage",1.32992219033821,2.05,4,0.2,2000,2,0.75,0.5,NA,NA,NA,NA,NA,3000027,4000027
600,600,28,"TS-RIGHT",0.483860550634693,2.05,4,0.2,2000,2,0.75,0.5,24,4,20,15,TRUE,1600028,2600028
600,600,28,"IHT",0.525530107187388,2.05,4,0.2,2000,2,0.75,0.5,NA,NA,NA,NA,NA,1600028,2600028
600,600,28,"Lasso",1.73148697542745,2.05,4,0.2,2000,2,0.75,0.5,NA,NA,NA,NA,NA,1600028,2600028
600,600,28,"Shrinkage",1.49715340549015,2.05,4,0.2,2000,2,0.75,0.5,NA,NA,NA,NA,NA,1600028,2600028
600,800,28,"TS-RIGHT",0.352706040402013,2.05,4,0.2,2000,2,0.75,0.5,24,4,26.6666666666667,20,TRUE,1800028,2800028
600,800,28,"IHT",0.553625391028715,2.05,4,0.2,2000,2,0.75,0.5,NA,NA,NA,NA,NA,1800028,2800028
600,800,28,"Lasso",1.57114976867544,2.05,4,0.2,2000,2,0.75,0.5,NA,NA,NA,NA,NA,1800028,2800028
600,800,28,"Shrinkage",1.55270057989641,2.05,4,0.2,2000,2,0.75,0.5,NA,NA,NA,NA,NA,1800028,2800028
600,1200,28,"TS-RIGHT",0.357800707546274,2.05,4,0.2,2000,2,0.75,0.5,24,4,40,30,TRUE,2200028,3200028
600,1200,28,"IHT",0.491278632665497,2.05,4,0.2,2000,2,0.75,0.5,NA,NA,NA,NA,NA,2200028,3200028
600,1200,28,"Lasso",1.54658769493687,2.05,4,0.2,2000,2,0.75,0.5,NA,NA,NA,NA,NA,2200028,3200028
600,1200,28,"Shrinkage",1.45666995755121,2.05,4,0.2,2000,2,0.75,0.5,NA,NA,NA,NA,NA,2200028,3200028
600,1600,28,"TS-RIGHT",0.21203006687793,2.05,4,0.2,2000,2,0.75,0.5,24,4,53.3333333333333,40,TRUE,2600028,3600028
600,1600,28,"IHT",0.527833839490176,2.05,4,0.2,2000,2,0.75,0.5,NA,NA,NA,NA,NA,2600028,3600028
600,1600,28,"Lasso",1.4639334747499,2.05,4,0.2,2000,2,0.75,0.5,NA,NA,NA,NA,NA,2600028,3600028
600,1600,28,"Shrinkage",1.276139753111,2.05,4,0.2,2000,2,0.75,0.5,NA,NA,NA,NA,NA,2600028,3600028
600,2000,28,"TS-RIGHT",0.37683323949145,2.05,4,0.2,2000,2,0.75,0.5,24,4,66.6666666666667,50,TRUE,3000028,4000028
600,2000,28,"IHT",0.523516450623922,2.05,4,0.2,2000,2,0.75,0.5,NA,NA,NA,NA,NA,3000028,4000028
600,2000,28,"Lasso",1.4189503373531,2.05,4,0.2,2000,2,0.75,0.5,NA,NA,NA,NA,NA,3000028,4000028
600,2000,28,"Shrinkage",1.13861505893195,2.05,4,0.2,2000,2,0.75,0.5,NA,NA,NA,NA,NA,3000028,4000028
600,600,29,"TS-RIGHT",0.370680564833192,2.05,4,0.2,2000,2,0.75,0.5,24,4,20,15,TRUE,1600029,2600029
600,600,29,"IHT",0.518639151812799,2.05,4,0.2,2000,2,0.75,0.5,NA,NA,NA,NA,NA,1600029,2600029
600,600,29,"Lasso",1.72041081176033,2.05,4,0.2,2000,2,0.75,0.5,NA,NA,NA,NA,NA,1600029,2600029
600,600,29,"Shrinkage",1.52747616808679,2.05,4,0.2,2000,2,0.75,0.5,NA,NA,NA,NA,NA,1600029,2600029
600,800,29,"TS-RIGHT",0.229448072817975,2.05,4,0.2,2000,2,0.75,0.5,24,4,26.6666666666667,20,TRUE,1800029,2800029
600,800,29,"IHT",0.573854374332756,2.05,4,0.2,2000,2,0.75,0.5,NA,NA,NA,NA,NA,1800029,2800029
600,800,29,"Lasso",1.6310733950532,2.05,4,0.2,2000,2,0.75,0.5,NA,NA,NA,NA,NA,1800029,2800029
600,800,29,"Shrinkage",1.5926983310945,2.05,4,0.2,2000,2,0.75,0.5,NA,NA,NA,NA,NA,1800029,2800029
600,1200,29,"TS-RIGHT",0.290879967664328,2.05,4,0.2,2000,2,0.75,0.5,24,4,40,30,TRUE,2200029,3200029
600,1200,29,"IHT",0.511237624781718,2.05,4,0.2,2000,2,0.75,0.5,NA,NA,NA,NA,NA,2200029,3200029
600,1200,29,"Lasso",1.51425257624654,2.05,4,0.2,2000,2,0.75,0.5,NA,NA,NA,NA,NA,2200029,3200029
600,1200,29,"Shrinkage",1.27580089105507,2.05,4,0.2,2000,2,0.75,0.5,NA,NA,NA,NA,NA,2200029,3200029
600,1600,29,"TS-RIGHT",0.600418345559089,2.05,4,0.2,2000,2,0.75,0.5,24,4,53.3333333333333,40,TRUE,2600029,3600029
600,1600,29,"IHT",0.584872991232208,2.05,4,0.2,2000,2,0.75,0.5,NA,NA,NA,NA,NA,2600029,3600029
600,1600,29,"Lasso",1.38100107327564,2.05,4,0.2,2000,2,0.75,0.5,NA,NA,NA,NA,NA,2600029,3600029
600,1600,29,"Shrinkage",1.26064933378242,2.05,4,0.2,2000,2,0.75,0.5,NA,NA,NA,NA,NA,2600029,3600029
600,2000,29,"TS-RIGHT",0.168049888495247,2.05,4,0.2,2000,2,0.75,0.5,24,4,66.6666666666667,50,TRUE,3000029,4000029
600,2000,29,"IHT",0.508232040636795,2.05,4,0.2,2000,2,0.75,0.5,NA,NA,NA,NA,NA,3000029,4000029
600,2000,29,"Lasso",1.38153433717571,2.05,4,0.2,2000,2,0.75,0.5,NA,NA,NA,NA,NA,3000029,4000029
600,2000,29,"Shrinkage",1.12486621924052,2.05,4,0.2,2000,2,0.75,0.5,NA,NA,NA,NA,NA,3000029,4000029
600,600,30,"TS-RIGHT",0.263761624031264,2.05,4,0.2,2000,2,0.75,0.5,24,4,20,15,TRUE,1600030,2600030
600,600,30,"IHT",0.509174587104697,2.05,4,0.2,2000,2,0.75,0.5,NA,NA,NA,NA,NA,1600030,2600030
600,600,30,"Lasso",1.72898878846069,2.05,4,0.2,2000,2,0.75,0.5,NA,NA,NA,NA,NA,1600030,2600030
600,600,30,"Shrinkage",1.56614032114913,2.05,4,0.2,2000,2,0.75,0.5,NA,NA,NA,NA,NA,1600030,2600030
600,800,30,"TS-RIGHT",0.434997054408799,2.05,4,0.2,2000,2,0.75,0.5,24,4,26.6666666666667,20,TRUE,1800030,2800030
600,800,30,"IHT",0.651009905796397,2.05,4,0.2,2000,2,0.75,0.5,NA,NA,NA,NA,NA,1800030,2800030
600,800,30,"Lasso",1.54479306081166,2.05,4,0.2,2000,2,0.75,0.5,NA,NA,NA,NA,NA,1800030,2800030
600,800,30,"Shrinkage",1.53634572082855,2.05,4,0.2,2000,2,0.75,0.5,NA,NA,NA,NA,NA,1800030,2800030
600,1200,30,"TS-RIGHT",0.156965701044099,2.05,4,0.2,2000,2,0.75,0.5,24,4,40,30,TRUE,2200030,3200030
600,1200,30,"IHT",0.559573853483337,2.05,4,0.2,2000,2,0.75,0.5,NA,NA,NA,NA,NA,2200030,3200030
600,1200,30,"Lasso",1.56528932093361,2.05,4,0.2,2000,2,0.75,0.5,NA,NA,NA,NA,NA,2200030,3200030
600,1200,30,"Shrinkage",1.51119531734891,2.05,4,0.2,2000,2,0.75,0.5,NA,NA,NA,NA,NA,2200030,3200030
600,1600,30,"TS-RIGHT",0.395684611053892,2.05,4,0.2,2000,2,0.75,0.5,24,4,53.3333333333333,40,TRUE,2600030,3600030
600,1600,30,"IHT",0.52855632644982,2.05,4,0.2,2000,2,0.75,0.5,NA,NA,NA,NA,NA,2600030,3600030
600,1600,30,"Lasso",1.45105730630104,2.05,4,0.2,2000,2,0.75,0.5,NA,NA,NA,NA,NA,2600030,3600030
600,1600,30,"Shrinkage",1.32437290700954,2.05,4,0.2,2000,2,0.75,0.5,NA,NA,NA,NA,NA,2600030,3600030
600,2000,30,"TS-RIGHT",0.60326600888311,2.05,4,0.2,2000,2,0.75,0.5,24,4,66.6666666666667,50,TRUE,3000030,4000030
600,2000,30,"IHT",0.532515045487905,2.05,4,0.2,2000,2,0.75,0.5,NA,NA,NA,NA,NA,3000030,4000030
600,2000,30,"Lasso",1.45782841276144,2.05,4,0.2,2000,2,0.75,0.5,NA,NA,NA,NA,NA,3000030,4000030
600,2000,30,"Shrinkage",1.31602923247681,2.05,4,0.2,2000,2,0.75,0.5,NA,NA,NA,NA,NA,3000030,4000030
600,600,31,"TS-RIGHT",0.740925996813218,2.05,4,0.2,2000,2,0.75,0.5,24,4,20,15,TRUE,1600031,2600031
600,600,31,"IHT",0.567673004002849,2.05,4,0.2,2000,2,0.75,0.5,NA,NA,NA,NA,NA,1600031,2600031
600,600,31,"Lasso",1.63487413362076,2.05,4,0.2,2000,2,0.75,0.5,NA,NA,NA,NA,NA,1600031,2600031
600,600,31,"Shrinkage",1.59732032468746,2.05,4,0.2,2000,2,0.75,0.5,NA,NA,NA,NA,NA,1600031,2600031
600,800,31,"TS-RIGHT",0.537606409903012,2.05,4,0.2,2000,2,0.75,0.5,24,4,26.6666666666667,20,TRUE,1800031,2800031
600,800,31,"IHT",0.584364841993249,2.05,4,0.2,2000,2,0.75,0.5,NA,NA,NA,NA,NA,1800031,2800031
600,800,31,"Lasso",1.60626840286295,2.05,4,0.2,2000,2,0.75,0.5,NA,NA,NA,NA,NA,1800031,2800031
600,800,31,"Shrinkage",1.47670461730747,2.05,4,0.2,2000,2,0.75,0.5,NA,NA,NA,NA,NA,1800031,2800031
600,1200,31,"TS-RIGHT",0.101257595575138,2.05,4,0.2,2000,2,0.75,0.5,24,4,40,30,TRUE,2200031,3200031
600,1200,31,"IHT",0.515566750860598,2.05,4,0.2,2000,2,0.75,0.5,NA,NA,NA,NA,NA,2200031,3200031
600,1200,31,"Lasso",1.57157493886661,2.05,4,0.2,2000,2,0.75,0.5,NA,NA,NA,NA,NA,2200031,3200031
600,1200,31,"Shrinkage",1.41363942056091,2.05,4,0.2,2000,2,0.75,0.5,NA,NA,NA,NA,NA,2200031,3200031
600,1600,31,"TS-RIGHT",0.531765072975449,2.05,4,0.2,2000,2,0.75,0.5,24,4,53.3333333333333,40,TRUE,2600031,3600031
600,1600,31,"IHT",0.468512511938183,2.05,4,0.2,2000,2,0.75,0.5,NA,NA,NA,NA,NA,2600031,3600031
600,1600,31,"Lasso",1.41982377581554,2.05,4,0.2,2000,2,0.75,0.5,NA,NA,NA,NA,NA,2600031,3600031
600,1600,31,"Shrinkage",1.32761677830755,2.05,4,0.2,2000,2,0.75,0.5,NA,NA,NA,NA,NA,2600031,3600031
600,2000,31,"TS-RIGHT",0.28133624871872,2.05,4,0.2,2000,2,0.75,0.5,24,4,66.6666666666667,50,TRUE,3000031,4000031
600,2000,31,"IHT",0.478756021463927,2.05,4,0.2,2000,2,0.75,0.5,NA,NA,NA,NA,NA,3000031,4000031
600,2000,31,"Lasso",1.34054565904914,2.05,4,0.2,2000,2,0.75,0.5,NA,NA,NA,NA,NA,3000031,4000031
600,2000,31,"Shrinkage",1.20173442307486,2.05,4,0.2,2000,2,0.75,0.5,NA,NA,NA,NA,NA,3000031,4000031
600,600,32,"TS-RIGHT",0.249205700762919,2.05,4,0.2,2000,2,0.75,0.5,24,4,20,15,TRUE,1600032,2600032
600,600,32,"IHT",0.531715059209875,2.05,4,0.2,2000,2,0.75,0.5,NA,NA,NA,NA,NA,1600032,2600032
600,600,32,"Lasso",1.59673658257505,2.05,4,0.2,2000,2,0.75,0.5,NA,NA,NA,NA,NA,1600032,2600032
600,600,32,"Shrinkage",1.55795899648852,2.05,4,0.2,2000,2,0.75,0.5,NA,NA,NA,NA,NA,1600032,2600032
600,800,32,"TS-RIGHT",0.478622310631353,2.05,4,0.2,2000,2,0.75,0.5,24,4,26.6666666666667,20,TRUE,1800032,2800032
600,800,32,"IHT",0.452936217360561,2.05,4,0.2,2000,2,0.75,0.5,NA,NA,NA,NA,NA,1800032,2800032
600,800,32,"Lasso",1.62961323195772,2.05,4,0.2,2000,2,0.75,0.5,NA,NA,NA,NA,NA,1800032,2800032
600,800,32,"Shrinkage",1.22320943790473,2.05,4,0.2,2000,2,0.75,0.5,NA,NA,NA,NA,NA,1800032,2800032
600,1200,32,"TS-RIGHT",0.547645397069282,2.05,4,0.2,2000,2,0.75,0.5,24,4,40,30,TRUE,2200032,3200032
600,1200,32,"IHT",0.496857674369493,2.05,4,0.2,2000,2,0.75,0.5,NA,NA,NA,NA,NA,2200032,3200032
600,1200,32,"Lasso",1.47013942092361,2.05,4,0.2,2000,2,0.75,0.5,NA,NA,NA,NA,NA,2200032,3200032
600,1200,32,"Shrinkage",1.16984763959446,2.05,4,0.2,2000,2,0.75,0.5,NA,NA,NA,NA,NA,2200032,3200032
600,1600,32,"TS-RIGHT",0.342214654612008,2.05,4,0.2,2000,2,0.75,0.5,24,4,53.3333333333333,40,TRUE,2600032,3600032
600,1600,32,"IHT",0.480955845951348,2.05,4,0.2,2000,2,0.75,0.5,NA,NA,NA,NA,NA,2600032,3600032
600,1600,32,"Lasso",1.41542805234106,2.05,4,0.2,2000,2,0.75,0.5,NA,NA,NA,NA,NA,2600032,3600032
600,1600,32,"Shrinkage",0.948982523445658,2.05,4,0.2,2000,2,0.75,0.5,NA,NA,NA,NA,NA,2600032,3600032
600,2000,32,"TS-RIGHT",0.118727851123635,2.05,4,0.2,2000,2,0.75,0.5,24,4,66.6666666666667,50,TRUE,3000032,4000032
600,2000,32,"IHT",0.474842353378988,2.05,4,0.2,2000,2,0.75,0.5,NA,NA,NA,NA,NA,3000032,4000032
600,2000,32,"Lasso",1.38729435572688,2.05,4,0.2,2000,2,0.75,0.5,NA,NA,NA,NA,NA,3000032,4000032
600,2000,32,"Shrinkage",1.13958921642359,2.05,4,0.2,2000,2,0.75,0.5,NA,NA,NA,NA,NA,3000032,4000032
600,600,33,"TS-RIGHT",0.69316687470521,2.05,4,0.2,2000,2,0.75,0.5,24,4,20,15,TRUE,1600033,2600033
600,600,33,"IHT",0.540345939860086,2.05,4,0.2,2000,2,0.75,0.5,NA,NA,NA,NA,NA,1600033,2600033
600,600,33,"Lasso",1.53768509697746,2.05,4,0.2,2000,2,0.75,0.5,NA,NA,NA,NA,NA,1600033,2600033
600,600,33,"Shrinkage",1.42754481302395,2.05,4,0.2,2000,2,0.75,0.5,NA,NA,NA,NA,NA,1600033,2600033
600,800,33,"TS-RIGHT",0.271963356552209,2.05,4,0.2,2000,2,0.75,0.5,24,4,26.6666666666667,20,TRUE,1800033,2800033
600,800,33,"IHT",0.496221645581716,2.05,4,0.2,2000,2,0.75,0.5,NA,NA,NA,NA,NA,1800033,2800033
600,800,33,"Lasso",1.64512392231443,2.05,4,0.2,2000,2,0.75,0.5,NA,NA,NA,NA,NA,1800033,2800033
600,800,33,"Shrinkage",1.37805892638666,2.05,4,0.2,2000,2,0.75,0.5,NA,NA,NA,NA,NA,1800033,2800033
600,1200,33,"TS-RIGHT",0.316154014157617,2.05,4,0.2,2000,2,0.75,0.5,24,4,40,30,TRUE,2200033,3200033
600,1200,33,"IHT",0.474330739173275,2.05,4,0.2,2000,2,0.75,0.5,NA,NA,NA,NA,NA,2200033,3200033
600,1200,33,"Lasso",1.55200799105395,2.05,4,0.2,2000,2,0.75,0.5,NA,NA,NA,NA,NA,2200033,3200033
600,1200,33,"Shrinkage",1.4548734822883,2.05,4,0.2,2000,2,0.75,0.5,NA,NA,NA,NA,NA,2200033,3200033
600,1600,33,"TS-RIGHT",0.222139338926993,2.05,4,0.2,2000,2,0.75,0.5,24,4,53.3333333333333,40,TRUE,2600033,3600033
600,1600,33,"IHT",0.489851395030786,2.05,4,0.2,2000,2,0.75,0.5,NA,NA,NA,NA,NA,2600033,3600033
600,1600,33,"Lasso",1.47618037888143,2.05,4,0.2,2000,2,0.75,0.5,NA,NA,NA,NA,NA,2600033,3600033
600,1600,33,"Shrinkage",1.16172293625721,2.05,4,0.2,2000,2,0.75,0.5,NA,NA,NA,NA,NA,2600033,3600033
600,2000,33,"TS-RIGHT",0.25296116084658,2.05,4,0.2,2000,2,0.75,0.5,24,4,66.6666666666667,50,TRUE,3000033,4000033
600,2000,33,"IHT",0.494505961095161,2.05,4,0.2,2000,2,0.75,0.5,NA,NA,NA,NA,NA,3000033,4000033
600,2000,33,"Lasso",1.26770908601974,2.05,4,0.2,2000,2,0.75,0.5,NA,NA,NA,NA,NA,3000033,4000033
600,2000,33,"Shrinkage",1.06048051751029,2.05,4,0.2,2000,2,0.75,0.5,NA,NA,NA,NA,NA,3000033,4000033
600,600,34,"TS-RIGHT",0.23278534677458,2.05,4,0.2,2000,2,0.75,0.5,24,4,20,15,TRUE,1600034,2600034
600,600,34,"IHT",0.385000285588457,2.05,4,0.2,2000,2,0.75,0.5,NA,NA,NA,NA,NA,1600034,2600034
600,600,34,"Lasso",1.55575094817274,2.05,4,0.2,2000,2,0.75,0.5,NA,NA,NA,NA,NA,1600034,2600034
600,600,34,"Shrinkage",1.36260834990206,2.05,4,0.2,2000,2,0.75,0.5,NA,NA,NA,NA,NA,1600034,2600034
600,800,34,"TS-RIGHT",0.116068521761633,2.05,4,0.2,2000,2,0.75,0.5,24,4,26.6666666666667,20,TRUE,1800034,2800034
600,800,34,"IHT",0.498870278834788,2.05,4,0.2,2000,2,0.75,0.5,NA,NA,NA,NA,NA,1800034,2800034
600,800,34,"Lasso",1.67157259429833,2.05,4,0.2,2000,2,0.75,0.5,NA,NA,NA,NA,NA,1800034,2800034
600,800,34,"Shrinkage",1.5910930689587,2.05,4,0.2,2000,2,0.75,0.5,NA,NA,NA,NA,NA,1800034,2800034
600,1200,34,"TS-RIGHT",0.420472629629451,2.05,4,0.2,2000,2,0.75,0.5,24,4,40,30,TRUE,2200034,3200034
600,1200,34,"IHT",0.439661520194912,2.05,4,0.2,2000,2,0.75,0.5,NA,NA,NA,NA,NA,2200034,3200034
600,1200,34,"Lasso",1.46969590845157,2.05,4,0.2,2000,2,0.75,0.5,NA,NA,NA,NA,NA,2200034,3200034
600,1200,34,"Shrinkage",1.36293868849811,2.05,4,0.2,2000,2,0.75,0.5,NA,NA,NA,NA,NA,2200034,3200034
600,1600,34,"TS-RIGHT",0.312484972371185,2.05,4,0.2,2000,2,0.75,0.5,24,4,53.3333333333333,40,TRUE,2600034,3600034
600,1600,34,"IHT",0.558411197872198,2.05,4,0.2,2000,2,0.75,0.5,NA,NA,NA,NA,NA,2600034,3600034
600,1600,34,"Lasso",1.46936134029027,2.05,4,0.2,2000,2,0.75,0.5,NA,NA,NA,NA,NA,2600034,3600034
600,1600,34,"Shrinkage",1.48986171206442,2.05,4,0.2,2000,2,0.75,0.5,NA,NA,NA,NA,NA,2600034,3600034
600,2000,34,"TS-RIGHT",0.15600022937941,2.05,4,0.2,2000,2,0.75,0.5,24,4,66.6666666666667,50,TRUE,3000034,4000034
600,2000,34,"IHT",0.472692801881963,2.05,4,0.2,2000,2,0.75,0.5,NA,NA,NA,NA,NA,3000034,4000034
600,2000,34,"Lasso",1.24304956122528,2.05,4,0.2,2000,2,0.75,0.5,NA,NA,NA,NA,NA,3000034,4000034
600,2000,34,"Shrinkage",1.22470733404338,2.05,4,0.2,2000,2,0.75,0.5,NA,NA,NA,NA,NA,3000034,4000034
600,600,35,"TS-RIGHT",0.44331642039193,2.05,4,0.2,2000,2,0.75,0.5,24,4,20,15,TRUE,1600035,2600035
600,600,35,"IHT",0.522232889177631,2.05,4,0.2,2000,2,0.75,0.5,NA,NA,NA,NA,NA,1600035,2600035
600,600,35,"Lasso",1.6683500669225,2.05,4,0.2,2000,2,0.75,0.5,NA,NA,NA,NA,NA,1600035,2600035
600,600,35,"Shrinkage",1.3972533163496,2.05,4,0.2,2000,2,0.75,0.5,NA,NA,NA,NA,NA,1600035,2600035
600,800,35,"TS-RIGHT",0.221680431583123,2.05,4,0.2,2000,2,0.75,0.5,24,4,26.6666666666667,20,TRUE,1800035,2800035
600,800,35,"IHT",0.635924534752402,2.05,4,0.2,2000,2,0.75,0.5,NA,NA,NA,NA,NA,1800035,2800035
600,800,35,"Lasso",1.45589208476421,2.05,4,0.2,2000,2,0.75,0.5,NA,NA,NA,NA,NA,1800035,2800035
600,800,35,"Shrinkage",1.32440524517429,2.05,4,0.2,2000,2,0.75,0.5,NA,NA,NA,NA,NA,1800035,2800035
600,1200,35,"TS-RIGHT",0.123540901539361,2.05,4,0.2,2000,2,0.75,0.5,24,4,40,30,TRUE,2200035,3200035
600,1200,35,"IHT",0.464897166591919,2.05,4,0.2,2000,2,0.75,0.5,NA,NA,NA,NA,NA,2200035,3200035
600,1200,35,"Lasso",1.47498671391529,2.05,4,0.2,2000,2,0.75,0.5,NA,NA,NA,NA,NA,2200035,3200035
600,1200,35,"Shrinkage",1.37201314644231,2.05,4,0.2,2000,2,0.75,0.5,NA,NA,NA,NA,NA,2200035,3200035
600,1600,35,"TS-RIGHT",0.154168040590862,2.05,4,0.2,2000,2,0.75,0.5,24,4,53.3333333333333,40,TRUE,2600035,3600035
600,1600,35,"IHT",0.613891538733343,2.05,4,0.2,2000,2,0.75,0.5,NA,NA,NA,NA,NA,2600035,3600035
600,1600,35,"Lasso",1.42231142081821,2.05,4,0.2,2000,2,0.75,0.5,NA,NA,NA,NA,NA,2600035,3600035
600,1600,35,"Shrinkage",1.34940503365689,2.05,4,0.2,2000,2,0.75,0.5,NA,NA,NA,NA,NA,2600035,3600035
600,2000,35,"TS-RIGHT",0.131113337958982,2.05,4,0.2,2000,2,0.75,0.5,24,4,66.6666666666667,50,TRUE,3000035,4000035
600,2000,35,"IHT",0.500607537235013,2.05,4,0.2,2000,2,0.75,0.5,NA,NA,NA,NA,NA,3000035,4000035
600,2000,35,"Lasso",1.35719505645406,2.05,4,0.2,2000,2,0.75,0.5,NA,NA,NA,NA,NA,3000035,4000035
600,2000,35,"Shrinkage",1.21069729203126,2.05,4,0.2,2000,2,0.75,0.5,NA,NA,NA,NA,NA,3000035,4000035
600,600,36,"TS-RIGHT",0.211363930042042,2.05,4,0.2,2000,2,0.75,0.5,24,4,20,15,TRUE,1600036,2600036
600,600,36,"IHT",0.451988260096392,2.05,4,0.2,2000,2,0.75,0.5,NA,NA,NA,NA,NA,1600036,2600036
600,600,36,"Lasso",1.59355137780443,2.05,4,0.2,2000,2,0.75,0.5,NA,NA,NA,NA,NA,1600036,2600036
600,600,36,"Shrinkage",1.40385257260804,2.05,4,0.2,2000,2,0.75,0.5,NA,NA,NA,NA,NA,1600036,2600036
600,800,36,"TS-RIGHT",0.318536693956578,2.05,4,0.2,2000,2,0.75,0.5,24,4,26.6666666666667,20,TRUE,1800036,2800036
600,800,36,"IHT",0.520511921871557,2.05,4,0.2,2000,2,0.75,0.5,NA,NA,NA,NA,NA,1800036,2800036
600,800,36,"Lasso",1.52651319063937,2.05,4,0.2,2000,2,0.75,0.5,NA,NA,NA,NA,NA,1800036,2800036
600,800,36,"Shrinkage",1.57034446573348,2.05,4,0.2,2000,2,0.75,0.5,NA,NA,NA,NA,NA,1800036,2800036
600,1200,36,"TS-RIGHT",0.879586607734217,2.05,4,0.2,2000,2,0.75,0.5,24,4,40,30,TRUE,2200036,3200036
600,1200,36,"IHT",0.477797862737165,2.05,4,0.2,2000,2,0.75,0.5,NA,NA,NA,NA,NA,2200036,3200036
600,1200,36,"Lasso",1.58472765486997,2.05,4,0.2,2000,2,0.75,0.5,NA,NA,NA,NA,NA,2200036,3200036
600,1200,36,"Shrinkage",1.49052609403478,2.05,4,0.2,2000,2,0.75,0.5,NA,NA,NA,NA,NA,2200036,3200036
600,1600,36,"TS-RIGHT",0.212520257910626,2.05,4,0.2,2000,2,0.75,0.5,24,4,53.3333333333333,40,TRUE,2600036,3600036
600,1600,36,"IHT",0.463899775594385,2.05,4,0.2,2000,2,0.75,0.5,NA,NA,NA,NA,NA,2600036,3600036
600,1600,36,"Lasso",1.40439786638796,2.05,4,0.2,2000,2,0.75,0.5,NA,NA,NA,NA,NA,2600036,3600036
600,1600,36,"Shrinkage",1.4391203553904,2.05,4,0.2,2000,2,0.75,0.5,NA,NA,NA,NA,NA,2600036,3600036
600,2000,36,"TS-RIGHT",0.967775274639842,2.05,4,0.2,2000,2,0.75,0.5,24,4,66.6666666666667,50,TRUE,3000036,4000036
600,2000,36,"IHT",0.556010892786033,2.05,4,0.2,2000,2,0.75,0.5,NA,NA,NA,NA,NA,3000036,4000036
600,2000,36,"Lasso",1.4286566606713,2.05,4,0.2,2000,2,0.75,0.5,NA,NA,NA,NA,NA,3000036,4000036
600,2000,36,"Shrinkage",1.18420376519875,2.05,4,0.2,2000,2,0.75,0.5,NA,NA,NA,NA,NA,3000036,4000036
600,600,37,"TS-RIGHT",0.232967500038153,2.05,4,0.2,2000,2,0.75,0.5,24,4,20,15,TRUE,1600037,2600037
600,600,37,"IHT",0.478211197542117,2.05,4,0.2,2000,2,0.75,0.5,NA,NA,NA,NA,NA,1600037,2600037
600,600,37,"Lasso",1.53285819766685,2.05,4,0.2,2000,2,0.75,0.5,NA,NA,NA,NA,NA,1600037,2600037
600,600,37,"Shrinkage",1.45397011489091,2.05,4,0.2,2000,2,0.75,0.5,NA,NA,NA,NA,NA,1600037,2600037
600,800,37,"TS-RIGHT",0.682227664988911,2.05,4,0.2,2000,2,0.75,0.5,24,4,26.6666666666667,20,TRUE,1800037,2800037
600,800,37,"IHT",0.429949414882031,2.05,4,0.2,2000,2,0.75,0.5,NA,NA,NA,NA,NA,1800037,2800037
600,800,37,"Lasso",1.21772014725223,2.05,4,0.2,2000,2,0.75,0.5,NA,NA,NA,NA,NA,1800037,2800037
600,800,37,"Shrinkage",1.37442327332837,2.05,4,0.2,2000,2,0.75,0.5,NA,NA,NA,NA,NA,1800037,2800037
600,1200,37,"TS-RIGHT",0.628613229732497,2.05,4,0.2,2000,2,0.75,0.5,24,4,40,30,TRUE,2200037,3200037
600,1200,37,"IHT",0.529531227203302,2.05,4,0.2,2000,2,0.75,0.5,NA,NA,NA,NA,NA,2200037,3200037
600,1200,37,"Lasso",1.27640622511167,2.05,4,0.2,2000,2,0.75,0.5,NA,NA,NA,NA,NA,2200037,3200037
600,1200,37,"Shrinkage",1.2509695476992,2.05,4,0.2,2000,2,0.75,0.5,NA,NA,NA,NA,NA,2200037,3200037
600,1600,37,"TS-RIGHT",0.521488929065232,2.05,4,0.2,2000,2,0.75,0.5,24,4,53.3333333333333,40,TRUE,2600037,3600037
600,1600,37,"IHT",0.503950454996832,2.05,4,0.2,2000,2,0.75,0.5,NA,NA,NA,NA,NA,2600037,3600037
600,1600,37,"Lasso",1.40081344355318,2.05,4,0.2,2000,2,0.75,0.5,NA,NA,NA,NA,NA,2600037,3600037
600,1600,37,"Shrinkage",1.04787575903902,2.05,4,0.2,2000,2,0.75,0.5,NA,NA,NA,NA,NA,2600037,3600037
600,2000,37,"TS-RIGHT",0.0892250006438764,2.05,4,0.2,2000,2,0.75,0.5,24,4,66.6666666666667,50,TRUE,3000037,4000037
600,2000,37,"IHT",0.475721505754132,2.05,4,0.2,2000,2,0.75,0.5,NA,NA,NA,NA,NA,3000037,4000037
600,2000,37,"Lasso",1.11584198423668,2.05,4,0.2,2000,2,0.75,0.5,NA,NA,NA,NA,NA,3000037,4000037
600,2000,37,"Shrinkage",1.01581262987455,2.05,4,0.2,2000,2,0.75,0.5,NA,NA,NA,NA,NA,3000037,4000037
600,600,38,"TS-RIGHT",0.530270102011429,2.05,4,0.2,2000,2,0.75,0.5,24,4,20,15,TRUE,1600038,2600038
600,600,38,"IHT",0.559703622265518,2.05,4,0.2,2000,2,0.75,0.5,NA,NA,NA,NA,NA,1600038,2600038
600,600,38,"Lasso",1.67588119071163,2.05,4,0.2,2000,2,0.75,0.5,NA,NA,NA,NA,NA,1600038,2600038
600,600,38,"Shrinkage",1.55640681709852,2.05,4,0.2,2000,2,0.75,0.5,NA,NA,NA,NA,NA,1600038,2600038
600,800,38,"TS-RIGHT",0.267817043875732,2.05,4,0.2,2000,2,0.75,0.5,24,4,26.6666666666667,20,TRUE,1800038,2800038
600,800,38,"IHT",0.410195112754604,2.05,4,0.2,2000,2,0.75,0.5,NA,NA,NA,NA,NA,1800038,2800038
600,800,38,"Lasso",1.15981675121624,2.05,4,0.2,2000,2,0.75,0.5,NA,NA,NA,NA,NA,1800038,2800038
600,800,38,"Shrinkage",1.42702708272284,2.05,4,0.2,2000,2,0.75,0.5,NA,NA,NA,NA,NA,1800038,2800038
600,1200,38,"TS-RIGHT",0.168817104152907,2.05,4,0.2,2000,2,0.75,0.5,24,4,40,30,TRUE,2200038,3200038
600,1200,38,"IHT",0.449885166339942,2.05,4,0.2,2000,2,0.75,0.5,NA,NA,NA,NA,NA,2200038,3200038
600,1200,38,"Lasso",1.52095972990134,2.05,4,0.2,2000,2,0.75,0.5,NA,NA,NA,NA,NA,2200038,3200038
600,1200,38,"Shrinkage",1.2713025874312,2.05,4,0.2,2000,2,0.75,0.5,NA,NA,NA,NA,NA,2200038,3200038
600,1600,38,"TS-RIGHT",0.361774808726745,2.05,4,0.2,2000,2,0.75,0.5,24,4,53.3333333333333,40,TRUE,2600038,3600038
600,1600,38,"IHT",0.434920218827337,2.05,4,0.2,2000,2,0.75,0.5,NA,NA,NA,NA,NA,2600038,3600038
600,1600,38,"Lasso",1.39363766945156,2.05,4,0.2,2000,2,0.75,0.5,NA,NA,NA,NA,NA,2600038,3600038
600,1600,38,"Shrinkage",1.23541989166584,2.05,4,0.2,2000,2,0.75,0.5,NA,NA,NA,NA,NA,2600038,3600038
600,2000,38,"TS-RIGHT",0.127507097338989,2.05,4,0.2,2000,2,0.75,0.5,24,4,66.6666666666667,50,TRUE,3000038,4000038
600,2000,38,"IHT",0.548447707246916,2.05,4,0.2,2000,2,0.75,0.5,NA,NA,NA,NA,NA,3000038,4000038
600,2000,38,"Lasso",1.38887314061716,2.05,4,0.2,2000,2,0.75,0.5,NA,NA,NA,NA,NA,3000038,4000038
600,2000,38,"Shrinkage",1.1052230427087,2.05,4,0.2,2000,2,0.75,0.5,NA,NA,NA,NA,NA,3000038,4000038
600,600,39,"TS-RIGHT",0.454761471328152,2.05,4,0.2,2000,2,0.75,0.5,24,4,20,15,TRUE,1600039,2600039
600,600,39,"IHT",0.410874387162598,2.05,4,0.2,2000,2,0.75,0.5,NA,NA,NA,NA,NA,1600039,2600039
600,600,39,"Lasso",1.66825727911861,2.05,4,0.2,2000,2,0.75,0.5,NA,NA,NA,NA,NA,1600039,2600039
600,600,39,"Shrinkage",1.55171823676529,2.05,4,0.2,2000,2,0.75,0.5,NA,NA,NA,NA,NA,1600039,2600039
600,800,39,"TS-RIGHT",0.403087764169765,2.05,4,0.2,2000,2,0.75,0.5,24,4,26.6666666666667,20,TRUE,1800039,2800039
600,800,39,"IHT",0.600577645246934,2.05,4,0.2,2000,2,0.75,0.5,NA,NA,NA,NA,NA,1800039,2800039
600,800,39,"Lasso",1.74761096877909,2.05,4,0.2,2000,2,0.75,0.5,NA,NA,NA,NA,NA,1800039,2800039
600,800,39,"Shrinkage",1.59473750966682,2.05,4,0.2,2000,2,0.75,0.5,NA,NA,NA,NA,NA,1800039,2800039
600,1200,39,"TS-RIGHT",0.196824780179351,2.05,4,0.2,2000,2,0.75,0.5,24,4,40,30,TRUE,2200039,3200039
600,1200,39,"IHT",0.488109286035987,2.05,4,0.2,2000,2,0.75,0.5,NA,NA,NA,NA,NA,2200039,3200039
600,1200,39,"Lasso",1.45696289262421,2.05,4,0.2,2000,2,0.75,0.5,NA,NA,NA,NA,NA,2200039,3200039
600,1200,39,"Shrinkage",1.36072403723628,2.05,4,0.2,2000,2,0.75,0.5,NA,NA,NA,NA,NA,2200039,3200039
600,1600,39,"TS-RIGHT",0.210271045233714,2.05,4,0.2,2000,2,0.75,0.5,24,4,53.3333333333333,40,TRUE,2600039,3600039
600,1600,39,"IHT",0.573374685513242,2.05,4,0.2,2000,2,0.75,0.5,NA,NA,NA,NA,NA,2600039,3600039
600,1600,39,"Lasso",1.51421185966003,2.05,4,0.2,2000,2,0.75,0.5,NA,NA,NA,NA,NA,2600039,3600039
600,1600,39,"Shrinkage",1.29593356430645,2.05,4,0.2,2000,2,0.75,0.5,NA,NA,NA,NA,NA,2600039,3600039
600,2000,39,"TS-RIGHT",0.578557716718026,2.05,4,0.2,2000,2,0.75,0.5,24,4,66.6666666666667,50,TRUE,3000039,4000039
600,2000,39,"IHT",0.503570657334741,2.05,4,0.2,2000,2,0.75,0.5,NA,NA,NA,NA,NA,3000039,4000039
600,2000,39,"Lasso",1.26912425188488,2.05,4,0.2,2000,2,0.75,0.5,NA,NA,NA,NA,NA,3000039,4000039
600,2000,39,"Shrinkage",1.14622295641012,2.05,4,0.2,2000,2,0.75,0.5,NA,NA,NA,NA,NA,3000039,4000039
600,600,40,"TS-RIGHT",0.386430045940822,2.05,4,0.2,2000,2,0.75,0.5,24,4,20,15,TRUE,1600040,2600040
600,600,40,"IHT",0.539631151942933,2.05,4,0.2,2000,2,0.75,0.5,NA,NA,NA,NA,NA,1600040,2600040
600,600,40,"Lasso",1.68604489829037,2.05,4,0.2,2000,2,0.75,0.5,NA,NA,NA,NA,NA,1600040,2600040
600,600,40,"Shrinkage",1.480140814882,2.05,4,0.2,2000,2,0.75,0.5,NA,NA,NA,NA,NA,1600040,2600040
600,800,40,"TS-RIGHT",0.437673576145476,2.05,4,0.2,2000,2,0.75,0.5,24,4,26.6666666666667,20,TRUE,1800040,2800040
600,800,40,"IHT",0.433967069842142,2.05,4,0.2,2000,2,0.75,0.5,NA,NA,NA,NA,NA,1800040,2800040
600,800,40,"Lasso",1.52997364519328,2.05,4,0.2,2000,2,0.75,0.5,NA,NA,NA,NA,NA,1800040,2800040
600,800,40,"Shrinkage",1.43899549411798,2.05,4,0.2,2000,2,0.75,0.5,NA,NA,NA,NA,NA,1800040,2800040
600,1200,40,"TS-RIGHT",0.267221590192341,2.05,4,0.2,2000,2,0.75,0.5,24,4,40,30,TRUE,2200040,3200040
600,1200,40,"IHT",0.483671407086502,2.05,4,0.2,2000,2,0.75,0.5,NA,NA,NA,NA,NA,2200040,3200040
600,1200,40,"Lasso",1.36060221310244,2.05,4,0.2,2000,2,0.75,0.5,NA,NA,NA,NA,NA,2200040,3200040
600,1200,40,"Shrinkage",1.38950654279819,2.05,4,0.2,2000,2,0.75,0.5,NA,NA,NA,NA,NA,2200040,3200040
600,1600,40,"TS-RIGHT",0.401828854459013,2.05,4,0.2,2000,2,0.75,0.5,24,4,53.3333333333333,40,TRUE,2600040,3600040
600,1600,40,"IHT",0.454063296039631,2.05,4,0.2,2000,2,0.75,0.5,NA,NA,NA,NA,NA,2600040,3600040
600,1600,40,"Lasso",1.21852041156005,2.05,4,0.2,2000,2,0.75,0.5,NA,NA,NA,NA,NA,2600040,3600040
600,1600,40,"Shrinkage",0.985178227397915,2.05,4,0.2,2000,2,0.75,0.5,NA,NA,NA,NA,NA,2600040,3600040
600,2000,40,"TS-RIGHT",0.606817918918855,2.05,4,0.2,2000,2,0.75,0.5,24,4,66.6666666666667,50,TRUE,3000040,4000040
600,2000,40,"IHT",0.551671417576711,2.05,4,0.2,2000,2,0.75,0.5,NA,NA,NA,NA,NA,3000040,4000040
600,2000,40,"Lasso",1.39275339112202,2.05,4,0.2,2000,2,0.75,0.5,NA,NA,NA,NA,NA,3000040,4000040
600,2000,40,"Shrinkage",1.29466770613588,2.05,4,0.2,2000,2,0.75,0.5,NA,NA,NA,NA,NA,3000040,4000040
600,600,41,"TS-RIGHT",0.188090548093696,2.05,4,0.2,2000,2,0.75,0.5,24,4,20,15,TRUE,1600041,2600041
600,600,41,"IHT",0.490753449048219,2.05,4,0.2,2000,2,0.75,0.5,NA,NA,NA,NA,NA,1600041,2600041
600,600,41,"Lasso",1.61982170405886,2.05,4,0.2,2000,2,0.75,0.5,NA,NA,NA,NA,NA,1600041,2600041
600,600,41,"Shrinkage",1.48564693039277,2.05,4,0.2,2000,2,0.75,0.5,NA,NA,NA,NA,NA,1600041,2600041
600,800,41,"TS-RIGHT",0.673235068685599,2.05,4,0.2,2000,2,0.75,0.5,24,4,26.6666666666667,20,TRUE,1800041,2800041
600,800,41,"IHT",0.490114537915398,2.05,4,0.2,2000,2,0.75,0.5,NA,NA,NA,NA,NA,1800041,2800041
600,800,41,"Lasso",1.51836468659715,2.05,4,0.2,2000,2,0.75,0.5,NA,NA,NA,NA,NA,1800041,2800041
600,800,41,"Shrinkage",1.54371919635933,2.05,4,0.2,2000,2,0.75,0.5,NA,NA,NA,NA,NA,1800041,2800041
600,1200,41,"TS-RIGHT",0.547567772235854,2.05,4,0.2,2000,2,0.75,0.5,24,4,40,30,TRUE,2200041,3200041
600,1200,41,"IHT",0.450682764277432,2.05,4,0.2,2000,2,0.75,0.5,NA,NA,NA,NA,NA,2200041,3200041
600,1200,41,"Lasso",1.52436689444247,2.05,4,0.2,2000,2,0.75,0.5,NA,NA,NA,NA,NA,2200041,3200041
600,1200,41,"Shrinkage",1.24620467173788,2.05,4,0.2,2000,2,0.75,0.5,NA,NA,NA,NA,NA,2200041,3200041
600,1600,41,"TS-RIGHT",0.154207804153055,2.05,4,0.2,2000,2,0.75,0.5,24,4,53.3333333333333,40,TRUE,2600041,3600041
600,1600,41,"IHT",0.501153911849536,2.05,4,0.2,2000,2,0.75,0.5,NA,NA,NA,NA,NA,2600041,3600041
600,1600,41,"Lasso",1.33762709206109,2.05,4,0.2,2000,2,0.75,0.5,NA,NA,NA,NA,NA,2600041,3600041
600,1600,41,"Shrinkage",1.08734148115586,2.05,4,0.2,2000,2,0.75,0.5,NA,NA,NA,NA,NA,2600041,3600041
600,2000,41,"TS-RIGHT",0.23621528494789,2.05,4,0.2,2000,2,0.75,0.5,24,4,66.6666666666667,50,TRUE,3000041,4000041
600,2000,41,"IHT",0.526583324531456,2.05,4,0.2,2000,2,0.75,0.5,NA,NA,NA,NA,NA,3000041,4000041
600,2000,41,"Lasso",1.37783404142286,2.05,4,0.2,2000,2,0.75,0.5,NA,NA,NA,NA,NA,3000041,4000041
600,2000,41,"Shrinkage",1.23225875555161,2.05,4,0.2,2000,2,0.75,0.5,NA,NA,NA,NA,NA,3000041,4000041
600,600,42,"TS-RIGHT",0.543089537983091,2.05,4,0.2,2000,2,0.75,0.5,24,4,20,15,TRUE,1600042,2600042
600,600,42,"IHT",0.473340779769009,2.05,4,0.2,2000,2,0.75,0.5,NA,NA,NA,NA,NA,1600042,2600042
600,600,42,"Lasso",1.46843632789362,2.05,4,0.2,2000,2,0.75,0.5,NA,NA,NA,NA,NA,1600042,2600042
600,600,42,"Shrinkage",1.48607572589907,2.05,4,0.2,2000,2,0.75,0.5,NA,NA,NA,NA,NA,1600042,2600042
600,800,42,"TS-RIGHT",0.363949297352274,2.05,4,0.2,2000,2,0.75,0.5,24,4,26.6666666666667,20,TRUE,1800042,2800042
600,800,42,"IHT",0.447593166609844,2.05,4,0.2,2000,2,0.75,0.5,NA,NA,NA,NA,NA,1800042,2800042
600,800,42,"Lasso",1.30257304065645,2.05,4,0.2,2000,2,0.75,0.5,NA,NA,NA,NA,NA,1800042,2800042
600,800,42,"Shrinkage",1.46897034650538,2.05,4,0.2,2000,2,0.75,0.5,NA,NA,NA,NA,NA,1800042,2800042
600,1200,42,"TS-RIGHT",0.296707126257227,2.05,4,0.2,2000,2,0.75,0.5,24,4,40,30,TRUE,2200042,3200042
600,1200,42,"IHT",0.546920349140743,2.05,4,0.2,2000,2,0.75,0.5,NA,NA,NA,NA,NA,2200042,3200042
600,1200,42,"Lasso",1.54836451808505,2.05,4,0.2,2000,2,0.75,0.5,NA,NA,NA,NA,NA,2200042,3200042
600,1200,42,"Shrinkage",1.36652193781815,2.05,4,0.2,2000,2,0.75,0.5,NA,NA,NA,NA,NA,2200042,3200042
600,1600,42,"TS-RIGHT",0.679548900216234,2.05,4,0.2,2000,2,0.75,0.5,24,4,53.3333333333333,40,TRUE,2600042,3600042
600,1600,42,"IHT",0.492170505858465,2.05,4,0.2,2000,2,0.75,0.5,NA,NA,NA,NA,NA,2600042,3600042
600,1600,42,"Lasso",1.31222194058592,2.05,4,0.2,2000,2,0.75,0.5,NA,NA,NA,NA,NA,2600042,3600042
600,1600,42,"Shrinkage",1.1607457117253,2.05,4,0.2,2000,2,0.75,0.5,NA,NA,NA,NA,NA,2600042,3600042
600,2000,42,"TS-RIGHT",0.341462536003871,2.05,4,0.2,2000,2,0.75,0.5,24,4,66.6666666666667,50,TRUE,3000042,4000042
600,2000,42,"IHT",0.495465370066082,2.05,4,0.2,2000,2,0.75,0.5,NA,NA,NA,NA,NA,3000042,4000042
600,2000,42,"Lasso",1.38467572956066,2.05,4,0.2,2000,2,0.75,0.5,NA,NA,NA,NA,NA,3000042,4000042
600,2000,42,"Shrinkage",1.20342856560959,2.05,4,0.2,2000,2,0.75,0.5,NA,NA,NA,NA,NA,3000042,4000042
600,600,43,"TS-RIGHT",0.621978351346306,2.05,4,0.2,2000,2,0.75,0.5,24,4,20,15,TRUE,1600043,2600043
600,600,43,"IHT",0.540700316410005,2.05,4,0.2,2000,2,0.75,0.5,NA,NA,NA,NA,NA,1600043,2600043
600,600,43,"Lasso",1.6284198990642,2.05,4,0.2,2000,2,0.75,0.5,NA,NA,NA,NA,NA,1600043,2600043
600,600,43,"Shrinkage",1.60361554211157,2.05,4,0.2,2000,2,0.75,0.5,NA,NA,NA,NA,NA,1600043,2600043
600,800,43,"TS-RIGHT",0.561450256284104,2.05,4,0.2,2000,2,0.75,0.5,24,4,26.6666666666667,20,TRUE,1800043,2800043
600,800,43,"IHT",0.652286773324352,2.05,4,0.2,2000,2,0.75,0.5,NA,NA,NA,NA,NA,1800043,2800043
600,800,43,"Lasso",1.49900319126922,2.05,4,0.2,2000,2,0.75,0.5,NA,NA,NA,NA,NA,1800043,2800043
600,800,43,"Shrinkage",1.28464968275212,2.05,4,0.2,2000,2,0.75,0.5,NA,NA,NA,NA,NA,1800043,2800043
600,1200,43,"TS-RIGHT",0.181247362231055,2.05,4,0.2,2000,2,0.75,0.5,24,4,40,30,TRUE,2200043,3200043
600,1200,43,"IHT",0.546848310711957,2.05,4,0.2,2000,2,0.75,0.5,NA,NA,NA,NA,NA,2200043,3200043
600,1200,43,"Lasso",1.71484940753097,2.05,4,0.2,2000,2,0.75,0.5,NA,NA,NA,NA,NA,2200043,3200043
600,1200,43,"Shrinkage",1.48020305143807,2.05,4,0.2,2000,2,0.75,0.5,NA,NA,NA,NA,NA,2200043,3200043
600,1600,43,"TS-RIGHT",0.117888744246297,2.05,4,0.2,2000,2,0.75,0.5,24,4,53.3333333333333,40,TRUE,2600043,3600043
600,1600,43,"IHT",0.581880289389463,2.05,4,0.2,2000,2,0.75,0.5,NA,NA,NA,NA,NA,2600043,3600043
600,1600,43,"Lasso",1.38595684366265,2.05,4,0.2,2000,2,0.75,0.5,NA,NA,NA,NA,NA,2600043,3600043
600,1600,43,"Shrinkage",1.37054659996577,2.05,4,0.2,2000,2,0.75,0.5,NA,NA,NA,NA,NA,2600043,3600043
600,2000,43,"TS-RIGHT",0.211703618243898,2.05,4,0.2,2000,2,0.75,0.5,24,4,66.6666666666667,50,TRUE,3000043,4000043
600,2000,43,"IHT",0.489694931121489,2.05,4,0.2,2000,2,0.75,0.5,NA,NA,NA,NA,NA,3000043,4000043
600,2000,43,"Lasso",1.37431616565457,2.05,4,0.2,2000,2,0.75,0.5,NA,NA,NA,NA,NA,3000043,4000043
600,2000,43,"Shrinkage",1.15758655129861,2.05,4,0.2,2000,2,0.75,0.5,NA,NA,NA,NA,NA,3000043,4000043
600,600,44,"TS-RIGHT",0.254745299643197,2.05,4,0.2,2000,2,0.75,0.5,24,4,20,15,TRUE,1600044,2600044
600,600,44,"IHT",0.493050938334409,2.05,4,0.2,2000,2,0.75,0.5,NA,NA,NA,NA,NA,1600044,2600044
600,600,44,"Lasso",1.72177019242089,2.05,4,0.2,2000,2,0.75,0.5,NA,NA,NA,NA,NA,1600044,2600044
600,600,44,"Shrinkage",1.41770725054255,2.05,4,0.2,2000,2,0.75,0.5,NA,NA,NA,NA,NA,1600044,2600044
600,800,44,"TS-RIGHT",0.225927171828582,2.05,4,0.2,2000,2,0.75,0.5,24,4,26.6666666666667,20,TRUE,1800044,2800044
600,800,44,"IHT",0.677656283775386,2.05,4,0.2,2000,2,0.75,0.5,NA,NA,NA,NA,NA,1800044,2800044
600,800,44,"Lasso",1.7057446514996,2.05,4,0.2,2000,2,0.75,0.5,NA,NA,NA,NA,NA,1800044,2800044
600,800,44,"Shrinkage",1.64439370218965,2.05,4,0.2,2000,2,0.75,0.5,NA,NA,NA,NA,NA,1800044,2800044
600,1200,44,"TS-RIGHT",0.348369405177344,2.05,4,0.2,2000,2,0.75,0.5,24,4,40,30,TRUE,2200044,3200044
600,1200,44,"IHT",0.551545880776312,2.05,4,0.2,2000,2,0.75,0.5,NA,NA,NA,NA,NA,2200044,3200044
600,1200,44,"Lasso",1.45962570949326,2.05,4,0.2,2000,2,0.75,0.5,NA,NA,NA,NA,NA,2200044,3200044
600,1200,44,"Shrinkage",1.3133573901122,2.05,4,0.2,2000,2,0.75,0.5,NA,NA,NA,NA,NA,2200044,3200044
600,1600,44,"TS-RIGHT",0.20157355618997,2.05,4,0.2,2000,2,0.75,0.5,24,4,53.3333333333333,40,TRUE,2600044,3600044
600,1600,44,"IHT",0.415863530602096,2.05,4,0.2,2000,2,0.75,0.5,NA,NA,NA,NA,NA,2600044,3600044
600,1600,44,"Lasso",1.39746256360676,2.05,4,0.2,2000,2,0.75,0.5,NA,NA,NA,NA,NA,2600044,3600044
600,1600,44,"Shrinkage",1.28874427137552,2.05,4,0.2,2000,2,0.75,0.5,NA,NA,NA,NA,NA,2600044,3600044
600,2000,44,"TS-RIGHT",0.251306468939247,2.05,4,0.2,2000,2,0.75,0.5,24,4,66.6666666666667,50,TRUE,3000044,4000044
600,2000,44,"IHT",0.461214722887584,2.05,4,0.2,2000,2,0.75,0.5,NA,NA,NA,NA,NA,3000044,4000044
600,2000,44,"Lasso",1.32167033050839,2.05,4,0.2,2000,2,0.75,0.5,NA,NA,NA,NA,NA,3000044,4000044
600,2000,44,"Shrinkage",1.27619260903719,2.05,4,0.2,2000,2,0.75,0.5,NA,NA,NA,NA,NA,3000044,4000044
600,600,45,"TS-RIGHT",0.394240319939607,2.05,4,0.2,2000,2,0.75,0.5,24,4,20,15,TRUE,1600045,2600045
600,600,45,"IHT",0.513047952853667,2.05,4,0.2,2000,2,0.75,0.5,NA,NA,NA,NA,NA,1600045,2600045
600,600,45,"Lasso",1.56972780919595,2.05,4,0.2,2000,2,0.75,0.5,NA,NA,NA,NA,NA,1600045,2600045
600,600,45,"Shrinkage",1.49550279569405,2.05,4,0.2,2000,2,0.75,0.5,NA,NA,NA,NA,NA,1600045,2600045
600,800,45,"TS-RIGHT",0.56617007393112,2.05,4,0.2,2000,2,0.75,0.5,24,4,26.6666666666667,20,TRUE,1800045,2800045
600,800,45,"IHT",0.602394909628146,2.05,4,0.2,2000,2,0.75,0.5,NA,NA,NA,NA,NA,1800045,2800045
600,800,45,"Lasso",1.50113465574265,2.05,4,0.2,2000,2,0.75,0.5,NA,NA,NA,NA,NA,1800045,2800045
600,800,45,"Shrinkage",1.49875228828271,2.05,4,0.2,2000,2,0.75,0.5,NA,NA,NA,NA,NA,1800045,2800045
600,1200,45,"TS-RIGHT",0.456514313819024,2.05,4,0.2,2000,2,0.75,0.5,24,4,40,30,TRUE,2200045,3200045
600,1200,45,"IHT",0.549574936693251,2.05,4,0.2,2000,2,0.75,0.5,NA,NA,NA,NA,NA,2200045,3200045
600,1200,45,"Lasso",1.6079166095853,2.05,4,0.2,2000,2,0.75,0.5,NA,NA,NA,NA,NA,2200045,3200045
600,1200,45,"Shrinkage",1.41529762192965,2.05,4,0.2,2000,2,0.75,0.5,NA,NA,NA,NA,NA,2200045,3200045
600,1600,45,"TS-RIGHT",0.394085534879611,2.05,4,0.2,2000,2,0.75,0.5,24,4,53.3333333333333,40,TRUE,2600045,3600045
600,1600,45,"IHT",0.462440091190313,2.05,4,0.2,2000,2,0.75,0.5,NA,NA,NA,NA,NA,2600045,3600045
600,1600,45,"Lasso",1.43877699401535,2.05,4,0.2,2000,2,0.75,0.5,NA,NA,NA,NA,NA,2600045,3600045
600,1600,45,"Shrinkage",1.24276744567242,2.05,4,0.2,2000,2,0.75,0.5,NA,NA,NA,NA,NA,2600045,3600045
600,2000,45,"TS-RIGHT",0.204530199120969,2.05,4,0.2,2000,2,0.75,0.5,24,4,66.6666666666667,50,TRUE,3000045,4000045
600,2000,45,"IHT",0.587058103223008,2.05,4,0.2,2000,2,0.75,0.5,NA,NA,NA,NA,NA,3000045,4000045
600,2000,45,"Lasso",1.43426933746896,2.05,4,0.2,2000,2,0.75,0.5,NA,NA,NA,NA,NA,3000045,4000045
600,2000,45,"Shrinkage",1.3049446337413,2.05,4,0.2,2000,2,0.75,0.5,NA,NA,NA,NA,NA,3000045,4000045
600,600,46,"TS-RIGHT",0.779308589231127,2.05,4,0.2,2000,2,0.75,0.5,24,4,20,15,TRUE,1600046,2600046
600,600,46,"IHT",0.450443120896746,2.05,4,0.2,2000,2,0.75,0.5,NA,NA,NA,NA,NA,1600046,2600046
600,600,46,"Lasso",1.67840434634134,2.05,4,0.2,2000,2,0.75,0.5,NA,NA,NA,NA,NA,1600046,2600046
600,600,46,"Shrinkage",1.44984979972907,2.05,4,0.2,2000,2,0.75,0.5,NA,NA,NA,NA,NA,1600046,2600046
600,800,46,"TS-RIGHT",0.366582597374957,2.05,4,0.2,2000,2,0.75,0.5,24,4,26.6666666666667,20,TRUE,1800046,2800046
600,800,46,"IHT",0.489140066295509,2.05,4,0.2,2000,2,0.75,0.5,NA,NA,NA,NA,NA,1800046,2800046
600,800,46,"Lasso",1.62079914588865,2.05,4,0.2,2000,2,0.75,0.5,NA,NA,NA,NA,NA,1800046,2800046
600,800,46,"Shrinkage",1.4483864678494,2.05,4,0.2,2000,2,0.75,0.5,NA,NA,NA,NA,NA,1800046,2800046
600,1200,46,"TS-RIGHT",0.140087843444941,2.05,4,0.2,2000,2,0.75,0.5,24,4,40,30,TRUE,2200046,3200046
600,1200,46,"IHT",0.468793257641971,2.05,4,0.2,2000,2,0.75,0.5,NA,NA,NA,NA,NA,2200046,3200046
600,1200,46,"Lasso",1.38051003497311,2.05,4,0.2,2000,2,0.75,0.5,NA,NA,NA,NA,NA,2200046,3200046
600,1200,46,"Shrinkage",1.24356307754651,2.05,4,0.2,2000,2,0.75,0.5,NA,NA,NA,NA,NA,2200046,3200046
600,1600,46,"TS-RIGHT",0.184389952395467,2.05,4,0.2,2000,2,0.75,0.5,24,4,53.3333333333333,40,TRUE,2600046,3600046
600,1600,46,"IHT",0.500355500047548,2.05,4,0.2,2000,2,0.75,0.5,NA,NA,NA,NA,NA,2600046,3600046
600,1600,46,"Lasso",1.35343130967633,2.05,4,0.2,2000,2,0.75,0.5,NA,NA,NA,NA,NA,2600046,3600046
600,1600,46,"Shrinkage",1.16050050202624,2.05,4,0.2,2000,2,0.75,0.5,NA,NA,NA,NA,NA,2600046,3600046
600,2000,46,"TS-RIGHT",0.159748897948185,2.05,4,0.2,2000,2,0.75,0.5,24,4,66.6666666666667,50,TRUE,3000046,4000046
600,2000,46,"IHT",0.481140166639986,2.05,4,0.2,2000,2,0.75,0.5,NA,NA,NA,NA,NA,3000046,4000046
600,2000,46,"Lasso",1.28266500277809,2.05,4,0.2,2000,2,0.75,0.5,NA,NA,NA,NA,NA,3000046,4000046
600,2000,46,"Shrinkage",1.12911533403936,2.05,4,0.2,2000,2,0.75,0.5,NA,NA,NA,NA,NA,3000046,4000046
600,600,47,"TS-RIGHT",0.194372610926651,2.05,4,0.2,2000,2,0.75,0.5,24,4,20,15,TRUE,1600047,2600047
600,600,47,"IHT",0.508782926153698,2.05,4,0.2,2000,2,0.75,0.5,NA,NA,NA,NA,NA,1600047,2600047
600,600,47,"Lasso",1.68599167864365,2.05,4,0.2,2000,2,0.75,0.5,NA,NA,NA,NA,NA,1600047,2600047
600,600,47,"Shrinkage",1.66148963337778,2.05,4,0.2,2000,2,0.75,0.5,NA,NA,NA,NA,NA,1600047,2600047
600,800,47,"TS-RIGHT",0.215291333842148,2.05,4,0.2,2000,2,0.75,0.5,24,4,26.6666666666667,20,TRUE,1800047,2800047
600,800,47,"IHT",0.556839490175965,2.05,4,0.2,2000,2,0.75,0.5,NA,NA,NA,NA,NA,1800047,2800047
600,800,47,"Lasso",1.63647957023845,2.05,4,0.2,2000,2,0.75,0.5,NA,NA,NA,NA,NA,1800047,2800047
600,800,47,"Shrinkage",1.49268186261743,2.05,4,0.2,2000,2,0.75,0.5,NA,NA,NA,NA,NA,1800047,2800047
600,1200,47,"TS-RIGHT",0.33608556800562,2.05,4,0.2,2000,2,0.75,0.5,24,4,40,30,TRUE,2200047,3200047
600,1200,47,"IHT",0.507783376445418,2.05,4,0.2,2000,2,0.75,0.5,NA,NA,NA,NA,NA,2200047,3200047
600,1200,47,"Lasso",1.53905918039049,2.05,4,0.2,2000,2,0.75,0.5,NA,NA,NA,NA,NA,2200047,3200047
600,1200,47,"Shrinkage",1.32576805607084,2.05,4,0.2,2000,2,0.75,0.5,NA,NA,NA,NA,NA,2200047,3200047
600,1600,47,"TS-RIGHT",0.532671115617364,2.05,4,0.2,2000,2,0.75,0.5,24,4,53.3333333333333,40,TRUE,2600047,3600047
600,1600,47,"IHT",0.457298461824427,2.05,4,0.2,2000,2,0.75,0.5,NA,NA,NA,NA,NA,2600047,3600047
600,1600,47,"Lasso",1.35592716046926,2.05,4,0.2,2000,2,0.75,0.5,NA,NA,NA,NA,NA,2600047,3600047
600,1600,47,"Shrinkage",1.18037005939486,2.05,4,0.2,2000,2,0.75,0.5,NA,NA,NA,NA,NA,2600047,3600047
600,2000,47,"TS-RIGHT",0.487448850658872,2.05,4,0.2,2000,2,0.75,0.5,24,4,66.6666666666667,50,TRUE,3000047,4000047
600,2000,47,"IHT",0.523852270034565,2.05,4,0.2,2000,2,0.75,0.5,NA,NA,NA,NA,NA,3000047,4000047
600,2000,47,"Lasso",1.22755583741337,2.05,4,0.2,2000,2,0.75,0.5,NA,NA,NA,NA,NA,3000047,4000047
600,2000,47,"Shrinkage",1.07070266120215,2.05,4,0.2,2000,2,0.75,0.5,NA,NA,NA,NA,NA,3000047,4000047
600,600,48,"TS-RIGHT",0.576396702311463,2.05,4,0.2,2000,2,0.75,0.5,24,4,20,15,TRUE,1600048,2600048
600,600,48,"IHT",0.563805915660688,2.05,4,0.2,2000,2,0.75,0.5,NA,NA,NA,NA,NA,1600048,2600048
600,600,48,"Lasso",1.80038091315143,2.05,4,0.2,2000,2,0.75,0.5,NA,NA,NA,NA,NA,1600048,2600048
600,600,48,"Shrinkage",1.5372535828816,2.05,4,0.2,2000,2,0.75,0.5,NA,NA,NA,NA,NA,1600048,2600048
600,800,48,"TS-RIGHT",0.639294928157841,2.05,4,0.2,2000,2,0.75,0.5,24,4,26.6666666666667,20,TRUE,1800048,2800048
600,800,48,"IHT",0.423962634247408,2.05,4,0.2,2000,2,0.75,0.5,NA,NA,NA,NA,NA,1800048,2800048
600,800,48,"Lasso",1.61769948693104,2.05,4,0.2,2000,2,0.75,0.5,NA,NA,NA,NA,NA,1800048,2800048
600,800,48,"Shrinkage",1.31313925212638,2.05,4,0.2,2000,2,0.75,0.5,NA,NA,NA,NA,NA,1800048,2800048
600,1200,48,"TS-RIGHT",0.276763934309582,2.05,4,0.2,2000,2,0.75,0.5,24,4,40,30,TRUE,2200048,3200048
600,1200,48,"IHT",0.434468334075187,2.05,4,0.2,2000,2,0.75,0.5,NA,NA,NA,NA,NA,2200048,3200048
600,1200,48,"Lasso",1.3899083829951,2.05,4,0.2,2000,2,0.75,0.5,NA,NA,NA,NA,NA,2200048,3200048
600,1200,48,"Shrinkage",1.20551630074721,2.05,4,0.2,2000,2,0.75,0.5,NA,NA,NA,NA,NA,2200048,3200048
600,1600,48,"TS-RIGHT",0.714414655870363,2.05,4,0.2,2000,2,0.75,0.5,24,4,53.3333333333333,40,TRUE,2600048,3600048
600,1600,48,"IHT",0.439295502481124,2.05,4,0.2,2000,2,0.75,0.5,NA,NA,NA,NA,NA,2600048,3600048
600,1600,48,"Lasso",1.33809581681966,2.05,4,0.2,2000,2,0.75,0.5,NA,NA,NA,NA,NA,2600048,3600048
600,1600,48,"Shrinkage",1.285076965327,2.05,4,0.2,2000,2,0.75,0.5,NA,NA,NA,NA,NA,2600048,3600048
600,2000,48,"TS-RIGHT",0.147533668700326,2.05,4,0.2,2000,2,0.75,0.5,24,4,66.6666666666667,50,TRUE,3000048,4000048
600,2000,48,"IHT",0.528736189072886,2.05,4,0.2,2000,2,0.75,0.5,NA,NA,NA,NA,NA,3000048,4000048
600,2000,48,"Lasso",1.44457760621892,2.05,4,0.2,2000,2,0.75,0.5,NA,NA,NA,NA,NA,3000048,4000048
600,2000,48,"Shrinkage",1.15235500691082,2.05,4,0.2,2000,2,0.75,0.5,NA,NA,NA,NA,NA,3000048,4000048
600,600,49,"TS-RIGHT",0.442931264783387,2.05,4,0.2,2000,2,0.75,0.5,24,4,20,15,TRUE,1600049,2600049
600,600,49,"IHT",0.550782719341924,2.05,4,0.2,2000,2,0.75,0.5,NA,NA,NA,NA,NA,1600049,2600049
600,600,49,"Lasso",1.58147102036268,2.05,4,0.2,2000,2,0.75,0.5,NA,NA,NA,NA,NA,1600049,2600049
600,600,49,"Shrinkage",1.62727726790836,2.05,4,0.2,2000,2,0.75,0.5,NA,NA,NA,NA,NA,1600049,2600049
600,800,49,"TS-RIGHT",0.305887947629691,2.05,4,0.2,2000,2,0.75,0.5,24,4,26.6666666666667,20,TRUE,1800049,2800049
600,800,49,"IHT",0.458365630633815,2.05,4,0.2,2000,2,0.75,0.5,NA,NA,NA,NA,NA,1800049,2800049
600,800,49,"Lasso",1.25701060157682,2.05,4,0.2,2000,2,0.75,0.5,NA,NA,NA,NA,NA,1800049,2800049
600,800,49,"Shrinkage",1.43196039000227,2.05,4,0.2,2000,2,0.75,0.5,NA,NA,NA,NA,NA,1800049,2800049
600,1200,49,"TS-RIGHT",0.393121649933021,2.05,4,0.2,2000,2,0.75,0.5,24,4,40,30,TRUE,2200049,3200049
600,1200,49,"IHT",0.630391415499801,2.05,4,0.2,2000,2,0.75,0.5,NA,NA,NA,NA,NA,2200049,3200049
600,1200,49,"Lasso",1.60017091152391,2.05,4,0.2,2000,2,0.75,0.5,NA,NA,NA,NA,NA,2200049,3200049
600,1200,49,"Shrinkage",1.52527731655835,2.05,4,0.2,2000,2,0.75,0.5,NA,NA,NA,NA,NA,2200049,3200049
600,1600,49,"TS-RIGHT",0.288526274729852,2.05,4,0.2,2000,2,0.75,0.5,24,4,53.3333333333333,40,TRUE,2600049,3600049
600,1600,49,"IHT",0.558161440111798,2.05,4,0.2,2000,2,0.75,0.5,NA,NA,NA,NA,NA,2600049,3600049
600,1600,49,"Lasso",1.49842540388316,2.05,4,0.2,2000,2,0.75,0.5,NA,NA,NA,NA,NA,2600049,3600049
600,1600,49,"Shrinkage",1.4790422215865,2.05,4,0.2,2000,2,0.75,0.5,NA,NA,NA,NA,NA,2600049,3600049
600,2000,49,"TS-RIGHT",0.279529813200646,2.05,4,0.2,2000,2,0.75,0.5,24,4,66.6666666666667,50,TRUE,3000049,4000049
600,2000,49,"IHT",0.445348748688626,2.05,4,0.2,2000,2,0.75,0.5,NA,NA,NA,NA,NA,3000049,4000049
600,2000,49,"Lasso",1.3335390174255,2.05,4,0.2,2000,2,0.75,0.5,NA,NA,NA,NA,NA,3000049,4000049
600,2000,49,"Shrinkage",1.16353125101974,2.05,4,0.2,2000,2,0.75,0.5,NA,NA,NA,NA,NA,3000049,4000049
600,600,50,"TS-RIGHT",0.32788091608016,2.05,4,0.2,2000,2,0.75,0.5,24,4,20,15,TRUE,1600050,2600050
600,600,50,"IHT",0.542463260198024,2.05,4,0.2,2000,2,0.75,0.5,NA,NA,NA,NA,NA,1600050,2600050
600,600,50,"Lasso",1.74351527524787,2.05,4,0.2,2000,2,0.75,0.5,NA,NA,NA,NA,NA,1600050,2600050
600,600,50,"Shrinkage",1.67405189115836,2.05,4,0.2,2000,2,0.75,0.5,NA,NA,NA,NA,NA,1600050,2600050
600,800,50,"TS-RIGHT",0.24838108296212,2.05,4,0.2,2000,2,0.75,0.5,24,4,26.6666666666667,20,TRUE,1800050,2800050
600,800,50,"IHT",0.509109560604404,2.05,4,0.2,2000,2,0.75,0.5,NA,NA,NA,NA,NA,1800050,2800050
600,800,50,"Lasso",1.55316939343892,2.05,4,0.2,2000,2,0.75,0.5,NA,NA,NA,NA,NA,1800050,2800050
600,800,50,"Shrinkage",1.47245685932059,2.05,4,0.2,2000,2,0.75,0.5,NA,NA,NA,NA,NA,1800050,2800050
600,1200,50,"TS-RIGHT",0.241439973545318,2.05,4,0.2,2000,2,0.75,0.5,24,4,40,30,TRUE,2200050,3200050
600,1200,50,"IHT",0.431658092636364,2.05,4,0.2,2000,2,0.75,0.5,NA,NA,NA,NA,NA,2200050,3200050
600,1200,50,"Lasso",1.50833928227099,2.05,4,0.2,2000,2,0.75,0.5,NA,NA,NA,NA,NA,2200050,3200050
600,1200,50,"Shrinkage",1.33628228188404,2.05,4,0.2,2000,2,0.75,0.5,NA,NA,NA,NA,NA,2200050,3200050
600,1600,50,"TS-RIGHT",0.409724410423624,2.05,4,0.2,2000,2,0.75,0.5,24,4,53.3333333333333,40,TRUE,2600050,3600050
600,1600,50,"IHT",0.48779717273821,2.05,4,0.2,2000,2,0.75,0.5,NA,NA,NA,NA,NA,2600050,3600050
600,1600,50,"Lasso",1.22835490823489,2.05,4,0.2,2000,2,0.75,0.5,NA,NA,NA,NA,NA,2600050,3600050
600,1600,50,"Shrinkage",0.993508891024633,2.05,4,0.2,2000,2,0.75,0.5,NA,NA,NA,NA,NA,2600050,3600050
600,2000,50,"TS-RIGHT",0.481234201157212,2.05,4,0.2,2000,2,0.75,0.5,24,4,66.6666666666667,50,TRUE,3000050,4000050
600,2000,50,"IHT",0.51544446861991,2.05,4,0.2,2000,2,0.75,0.5,NA,NA,NA,NA,NA,3000050,4000050
600,2000,50,"Lasso",1.40824445486656,2.05,4,0.2,2000,2,0.75,0.5,NA,NA,NA,NA,NA,3000050,4000050
600,2000,50,"Shrinkage",1.12798320095024,2.05,4,0.2,2000,2,0.75,0.5,NA,NA,NA,NA,NA,3000050,4000050
600,600,51,"TS-RIGHT",0.273190544832075,2.05,4,0.2,2000,2,0.75,0.5,24,4,20,15,TRUE,1600051,2600051
600,600,51,"IHT",0.511800387301685,2.05,4,0.2,2000,2,0.75,0.5,NA,NA,NA,NA,NA,1600051,2600051
600,600,51,"Lasso",1.71425957485699,2.05,4,0.2,2000,2,0.75,0.5,NA,NA,NA,NA,NA,1600051,2600051
600,600,51,"Shrinkage",1.39012224237174,2.05,4,0.2,2000,2,0.75,0.5,NA,NA,NA,NA,NA,1600051,2600051
600,800,51,"TS-RIGHT",0.592725989536912,2.05,4,0.2,2000,2,0.75,0.5,24,4,26.6666666666667,20,TRUE,1800051,2800051
600,800,51,"IHT",0.457972486396531,2.05,4,0.2,2000,2,0.75,0.5,NA,NA,NA,NA,NA,1800051,2800051
600,800,51,"Lasso",1.55086960809414,2.05,4,0.2,2000,2,0.75,0.5,NA,NA,NA,NA,NA,1800051,2800051
600,800,51,"Shrinkage",1.40909227406561,2.05,4,0.2,2000,2,0.75,0.5,NA,NA,NA,NA,NA,1800051,2800051
600,1200,51,"TS-RIGHT",0.153967031855956,2.05,4,0.2,2000,2,0.75,0.5,24,4,40,30,TRUE,2200051,3200051
600,1200,51,"IHT",0.468370931705156,2.05,4,0.2,2000,2,0.75,0.5,NA,NA,NA,NA,NA,2200051,3200051
600,1200,51,"Lasso",1.41554605878126,2.05,4,0.2,2000,2,0.75,0.5,NA,NA,NA,NA,NA,2200051,3200051
600,1200,51,"Shrinkage",1.17321335021714,2.05,4,0.2,2000,2,0.75,0.5,NA,NA,NA,NA,NA,2200051,3200051
600,1600,51,"TS-RIGHT",0.386072589849011,2.05,4,0.2,2000,2,0.75,0.5,24,4,53.3333333333333,40,TRUE,2600051,3600051
600,1600,51,"IHT",0.530770059641132,2.05,4,0.2,2000,2,0.75,0.5,NA,NA,NA,NA,NA,2600051,3600051
600,1600,51,"Lasso",1.37853342945179,2.05,4,0.2,2000,2,0.75,0.5,NA,NA,NA,NA,NA,2600051,3600051
600,1600,51,"Shrinkage",1.1660166961804,2.05,4,0.2,2000,2,0.75,0.5,NA,NA,NA,NA,NA,2600051,3600051
600,2000,51,"TS-RIGHT",0.260892880744304,2.05,4,0.2,2000,2,0.75,0.5,24,4,66.6666666666667,50,TRUE,3000051,4000051
600,2000,51,"IHT",0.559099945611162,2.05,4,0.2,2000,2,0.75,0.5,NA,NA,NA,NA,NA,3000051,4000051
600,2000,51,"Lasso",1.40349607652981,2.05,4,0.2,2000,2,0.75,0.5,NA,NA,NA,NA,NA,3000051,4000051
600,2000,51,"Shrinkage",1.2673954523938,2.05,4,0.2,2000,2,0.75,0.5,NA,NA,NA,NA,NA,3000051,4000051
600,600,52,"TS-RIGHT",0.270718891653739,2.05,4,0.2,2000,2,0.75,0.5,24,4,20,15,TRUE,1600052,2600052
600,600,52,"IHT",0.499474059371039,2.05,4,0.2,2000,2,0.75,0.5,NA,NA,NA,NA,NA,1600052,2600052
600,600,52,"Lasso",1.70832744919469,2.05,4,0.2,2000,2,0.75,0.5,NA,NA,NA,NA,NA,1600052,2600052
600,600,52,"Shrinkage",1.57555821592291,2.05,4,0.2,2000,2,0.75,0.5,NA,NA,NA,NA,NA,1600052,2600052
600,800,52,"TS-RIGHT",0.757381759858521,2.05,4,0.2,2000,2,0.75,0.5,24,4,26.6666666666667,20,TRUE,1800052,2800052
600,800,52,"IHT",0.589353541672868,2.05,4,0.2,2000,2,0.75,0.5,NA,NA,NA,NA,NA,1800052,2800052
600,800,52,"Lasso",1.63691434664901,2.05,4,0.2,2000,2,0.75,0.5,NA,NA,NA,NA,NA,1800052,2800052
600,800,52,"Shrinkage",1.33448888917603,2.05,4,0.2,2000,2,0.75,0.5,NA,NA,NA,NA,NA,1800052,2800052
600,1200,52,"TS-RIGHT",0.217748047240935,2.05,4,0.2,2000,2,0.75,0.5,24,4,40,30,TRUE,2200052,3200052
600,1200,52,"IHT",0.490552293503167,2.05,4,0.2,2000,2,0.75,0.5,NA,NA,NA,NA,NA,2200052,3200052
600,1200,52,"Lasso",1.56673076462791,2.05,4,0.2,2000,2,0.75,0.5,NA,NA,NA,NA,NA,2200052,3200052
600,1200,52,"Shrinkage",1.48563341586715,2.05,4,0.2,2000,2,0.75,0.5,NA,NA,NA,NA,NA,2200052,3200052
600,1600,52,"TS-RIGHT",0.15240806233469,2.05,4,0.2,2000,2,0.75,0.5,24,4,53.3333333333333,40,TRUE,2600052,3600052
600,1600,52,"IHT",0.442530584758736,2.05,4,0.2,2000,2,0.75,0.5,NA,NA,NA,NA,NA,2600052,3600052
600,1600,52,"Lasso",1.29248650702523,2.05,4,0.2,2000,2,0.75,0.5,NA,NA,NA,NA,NA,2600052,3600052
600,1600,52,"Shrinkage",1.12685357810984,2.05,4,0.2,2000,2,0.75,0.5,NA,NA,NA,NA,NA,2600052,3600052
600,2000,52,"TS-RIGHT",0.631890563955438,2.05,4,0.2,2000,2,0.75,0.5,24,4,66.6666666666667,50,TRUE,3000052,4000052
600,2000,52,"IHT",0.547141265653816,2.05,4,0.2,2000,2,0.75,0.5,NA,NA,NA,NA,NA,3000052,4000052
600,2000,52,"Lasso",1.36967779329308,2.05,4,0.2,2000,2,0.75,0.5,NA,NA,NA,NA,NA,3000052,4000052
600,2000,52,"Shrinkage",1.23810931562235,2.05,4,0.2,2000,2,0.75,0.5,NA,NA,NA,NA,NA,3000052,4000052
600,600,53,"TS-RIGHT",0.374816012170395,2.05,4,0.2,2000,2,0.75,0.5,24,4,20,15,TRUE,1600053,2600053
600,600,53,"IHT",0.515942280997194,2.05,4,0.2,2000,2,0.75,0.5,NA,NA,NA,NA,NA,1600053,2600053
600,600,53,"Lasso",1.55109450531847,2.05,4,0.2,2000,2,0.75,0.5,NA,NA,NA,NA,NA,1600053,2600053
600,600,53,"Shrinkage",1.16156652034444,2.05,4,0.2,2000,2,0.75,0.5,NA,NA,NA,NA,NA,1600053,2600053
600,800,53,"TS-RIGHT",0.260054552540249,2.05,4,0.2,2000,2,0.75,0.5,24,4,26.6666666666667,20,TRUE,1800053,2800053
600,800,53,"IHT",0.43746920970828,2.05,4,0.2,2000,2,0.75,0.5,NA,NA,NA,NA,NA,1800053,2800053
600,800,53,"Lasso",1.56291499834459,2.05,4,0.2,2000,2,0.75,0.5,NA,NA,NA,NA,NA,1800053,2800053
600,800,53,"Shrinkage",1.35303908975483,2.05,4,0.2,2000,2,0.75,0.5,NA,NA,NA,NA,NA,1800053,2800053
600,1200,53,"TS-RIGHT",0.884435321562143,2.05,4,0.2,2000,2,0.75,0.5,24,4,40,30,TRUE,2200053,3200053
600,1200,53,"IHT",0.499637117778389,2.05,4,0.2,2000,2,0.75,0.5,NA,NA,NA,NA,NA,2200053,3200053
600,1200,53,"Lasso",1.39736503465533,2.05,4,0.2,2000,2,0.75,0.5,NA,NA,NA,NA,NA,2200053,3200053
600,1200,53,"Shrinkage",1.39183146163815,2.05,4,0.2,2000,2,0.75,0.5,NA,NA,NA,NA,NA,2200053,3200053
600,1600,53,"TS-RIGHT",0.325172076901576,2.05,4,0.2,2000,2,0.75,0.5,24,4,53.3333333333333,40,TRUE,2600053,3600053
600,1600,53,"IHT",0.544318162670869,2.05,4,0.2,2000,2,0.75,0.5,NA,NA,NA,NA,NA,2600053,3600053
600,1600,53,"Lasso",1.46034913821831,2.05,4,0.2,2000,2,0.75,0.5,NA,NA,NA,NA,NA,2600053,3600053
600,1600,53,"Shrinkage",1.33040745215991,2.05,4,0.2,2000,2,0.75,0.5,NA,NA,NA,NA,NA,2600053,3600053
600,2000,53,"TS-RIGHT",0.34769055802497,2.05,4,0.2,2000,2,0.75,0.5,24,4,66.6666666666667,50,TRUE,3000053,4000053
600,2000,53,"IHT",0.539874148679479,2.05,4,0.2,2000,2,0.75,0.5,NA,NA,NA,NA,NA,3000053,4000053
600,2000,53,"Lasso",1.25990663716908,2.05,4,0.2,2000,2,0.75,0.5,NA,NA,NA,NA,NA,3000053,4000053
600,2000,53,"Shrinkage",0.841423003290377,2.05,4,0.2,2000,2,0.75,0.5,NA,NA,NA,NA,NA,3000053,4000053
600,600,54,"TS-RIGHT",0.427896486426702,2.05,4,0.2,2000,2,0.75,0.5,24,4,20,15,TRUE,1600054,2600054
600,600,54,"IHT",0.593431147316898,2.05,4,0.2,2000,2,0.75,0.5,NA,NA,NA,NA,NA,1600054,2600054
600,600,54,"Lasso",1.60770312653946,2.05,4,0.2,2000,2,0.75,0.5,NA,NA,NA,NA,NA,1600054,2600054
600,600,54,"Shrinkage",1.40665402275305,2.05,4,0.2,2000,2,0.75,0.5,NA,NA,NA,NA,NA,1600054,2600054
600,800,54,"TS-RIGHT",0.283584953095445,2.05,4,0.2,2000,2,0.75,0.5,24,4,26.6666666666667,20,TRUE,1800054,2800054
600,800,54,"IHT",0.596271300060259,2.05,4,0.2,2000,2,0.75,0.5,NA,NA,NA,NA,NA,1800054,2800054
600,800,54,"Lasso",1.38839411989072,2.05,4,0.2,2000,2,0.75,0.5,NA,NA,NA,NA,NA,1800054,2800054
600,800,54,"Shrinkage",1.56282624966824,2.05,4,0.2,2000,2,0.75,0.5,NA,NA,NA,NA,NA,1800054,2800054
600,1200,54,"TS-RIGHT",0.147168406260773,2.05,4,0.2,2000,2,0.75,0.5,24,4,40,30,TRUE,2200054,3200054
600,1200,54,"IHT",0.574527960368694,2.05,4,0.2,2000,2,0.75,0.5,NA,NA,NA,NA,NA,2200054,3200054
600,1200,54,"Lasso",1.44734633138635,2.05,4,0.2,2000,2,0.75,0.5,NA,NA,NA,NA,NA,2200054,3200054
600,1200,54,"Shrinkage",1.2791121346073,2.05,4,0.2,2000,2,0.75,0.5,NA,NA,NA,NA,NA,2200054,3200054
600,1600,54,"TS-RIGHT",0.237468293957214,2.05,4,0.2,2000,2,0.75,0.5,24,4,53.3333333333333,40,TRUE,2600054,3600054
600,1600,54,"IHT",0.594301603327107,2.05,4,0.2,2000,2,0.75,0.5,NA,NA,NA,NA,NA,2600054,3600054
600,1600,54,"Lasso",1.4233607260026,2.05,4,0.2,2000,2,0.75,0.5,NA,NA,NA,NA,NA,2600054,3600054
600,1600,54,"Shrinkage",1.27270870989554,2.05,4,0.2,2000,2,0.75,0.5,NA,NA,NA,NA,NA,2600054,3600054
600,2000,54,"TS-RIGHT",0.50956140645333,2.05,4,0.2,2000,2,0.75,0.5,24,4,66.6666666666667,50,TRUE,3000054,4000054
600,2000,54,"IHT",0.561483974744556,2.05,4,0.2,2000,2,0.75,0.5,NA,NA,NA,NA,NA,3000054,4000054
600,2000,54,"Lasso",1.36434910682849,2.05,4,0.2,2000,2,0.75,0.5,NA,NA,NA,NA,NA,3000054,4000054
600,2000,54,"Shrinkage",1.12006006491659,2.05,4,0.2,2000,2,0.75,0.5,NA,NA,NA,NA,NA,3000054,4000054
600,600,55,"TS-RIGHT",0.252600781700909,2.05,4,0.2,2000,2,0.75,0.5,24,4,20,15,TRUE,1600055,2600055
600,600,55,"IHT",0.462442297026674,2.05,4,0.2,2000,2,0.75,0.5,NA,NA,NA,NA,NA,1600055,2600055
600,600,55,"Lasso",1.53388617686958,2.05,4,0.2,2000,2,0.75,0.5,NA,NA,NA,NA,NA,1600055,2600055
600,600,55,"Shrinkage",1.40392168937726,2.05,4,0.2,2000,2,0.75,0.5,NA,NA,NA,NA,NA,1600055,2600055
600,800,55,"TS-RIGHT",0.6092492089187,2.05,4,0.2,2000,2,0.75,0.5,24,4,26.6666666666667,20,TRUE,1800055,2800055
600,800,55,"IHT",0.562401565024691,2.05,4,0.2,2000,2,0.75,0.5,NA,NA,NA,NA,NA,1800055,2800055
600,800,55,"Lasso",1.62933351507421,2.05,4,0.2,2000,2,0.75,0.5,NA,NA,NA,NA,NA,1800055,2800055
600,800,55,"Shrinkage",1.52268084889406,2.05,4,0.2,2000,2,0.75,0.5,NA,NA,NA,NA,NA,1800055,2800055
600,1200,55,"TS-RIGHT",0.377992654413447,2.05,4,0.2,2000,2,0.75,0.5,24,4,40,30,TRUE,2200055,3200055
600,1200,55,"IHT",0.572205848819116,2.05,4,0.2,2000,2,0.75,0.5,NA,NA,NA,NA,NA,2200055,3200055
600,1200,55,"Lasso",1.58185401653375,2.05,4,0.2,2000,2,0.75,0.5,NA,NA,NA,NA,NA,2200055,3200055
600,1200,55,"Shrinkage",1.44480987080692,2.05,4,0.2,2000,2,0.75,0.5,NA,NA,NA,NA,NA,2200055,3200055
600,1600,55,"TS-RIGHT",0.793303688335547,2.05,4,0.2,2000,2,0.75,0.5,24,4,53.3333333333333,40,TRUE,2600055,3600055
600,1600,55,"IHT",0.538491922658035,2.05,4,0.2,2000,2,0.75,0.5,NA,NA,NA,NA,NA,2600055,3600055
600,1600,55,"Lasso",1.33595845080211,2.05,4,0.2,2000,2,0.75,0.5,NA,NA,NA,NA,NA,2600055,3600055
600,1600,55,"Shrinkage",1.28136581752754,2.05,4,0.2,2000,2,0.75,0.5,NA,NA,NA,NA,NA,2600055,3600055
600,2000,55,"TS-RIGHT",0.388571018847192,2.05,4,0.2,2000,2,0.75,0.5,24,4,66.6666666666667,50,TRUE,3000055,4000055
600,2000,55,"IHT",0.563045699654756,2.05,4,0.2,2000,2,0.75,0.5,NA,NA,NA,NA,NA,3000055,4000055
600,2000,55,"Lasso",1.41047437137074,2.05,4,0.2,2000,2,0.75,0.5,NA,NA,NA,NA,NA,3000055,4000055
600,2000,55,"Shrinkage",1.33169908668863,2.05,4,0.2,2000,2,0.75,0.5,NA,NA,NA,NA,NA,3000055,4000055
600,600,56,"TS-RIGHT",0.38946244915772,2.05,4,0.2,2000,2,0.75,0.5,24,4,20,15,TRUE,1600056,2600056
600,600,56,"IHT",0.565392826918351,2.05,4,0.2,2000,2,0.75,0.5,NA,NA,NA,NA,NA,1600056,2600056
600,600,56,"Lasso",1.79610748480415,2.05,4,0.2,2000,2,0.75,0.5,NA,NA,NA,NA,NA,1600056,2600056
600,600,56,"Shrinkage",1.6039915178107,2.05,4,0.2,2000,2,0.75,0.5,NA,NA,NA,NA,NA,1600056,2600056
600,800,56,"TS-RIGHT",0.363278288729337,2.05,4,0.2,2000,2,0.75,0.5,24,4,26.6666666666667,20,TRUE,1800056,2800056
600,800,56,"IHT",0.552255668495529,2.05,4,0.2,2000,2,0.75,0.5,NA,NA,NA,NA,NA,1800056,2800056
600,800,56,"Lasso",1.67174778142524,2.05,4,0.2,2000,2,0.75,0.5,NA,NA,NA,NA,NA,1800056,2800056
600,800,56,"Shrinkage",1.47954041976707,2.05,4,0.2,2000,2,0.75,0.5,NA,NA,NA,NA,NA,1800056,2800056
600,1200,56,"TS-RIGHT",0.203343932296601,2.05,4,0.2,2000,2,0.75,0.5,24,4,40,30,TRUE,2200056,3200056
600,1200,56,"IHT",0.504409499129775,2.05,4,0.2,2000,2,0.75,0.5,NA,NA,NA,NA,NA,2200056,3200056
600,1200,56,"Lasso",1.59406180950942,2.05,4,0.2,2000,2,0.75,0.5,NA,NA,NA,NA,NA,2200056,3200056
600,1200,56,"Shrinkage",1.46681304257739,2.05,4,0.2,2000,2,0.75,0.5,NA,NA,NA,NA,NA,2200056,3200056
600,1600,56,"TS-RIGHT",0.494872875583587,2.05,4,0.2,2000,2,0.75,0.5,24,4,53.3333333333333,40,TRUE,2600056,3600056
600,1600,56,"IHT",0.478103545224318,2.05,4,0.2,2000,2,0.75,0.5,NA,NA,NA,NA,NA,2600056,3600056
600,1600,56,"Lasso",1.29157376290801,2.05,4,0.2,2000,2,0.75,0.5,NA,NA,NA,NA,NA,2600056,3600056
600,1600,56,"Shrinkage",1.27346804945597,2.05,4,0.2,2000,2,0.75,0.5,NA,NA,NA,NA,NA,2600056,3600056
600,2000,56,"TS-RIGHT",0.413683699643046,2.05,4,0.2,2000,2,0.75,0.5,24,4,66.6666666666667,50,TRUE,3000056,4000056
600,2000,56,"IHT",0.524803430539827,2.05,4,0.2,2000,2,0.75,0.5,NA,NA,NA,NA,NA,3000056,4000056
600,2000,56,"Lasso",1.33348958076595,2.05,4,0.2,2000,2,0.75,0.5,NA,NA,NA,NA,NA,3000056,4000056
600,2000,56,"Shrinkage",1.09409938088494,2.05,4,0.2,2000,2,0.75,0.5,NA,NA,NA,NA,NA,3000056,4000056
600,600,57,"TS-RIGHT",0.689804745291696,2.05,4,0.2,2000,2,0.75,0.5,24,4,20,15,TRUE,1600057,2600057
600,600,57,"IHT",0.524707332217736,2.05,4,0.2,2000,2,0.75,0.5,NA,NA,NA,NA,NA,1600057,2600057
600,600,57,"Lasso",1.53916287641168,2.05,4,0.2,2000,2,0.75,0.5,NA,NA,NA,NA,NA,1600057,2600057
600,600,57,"Shrinkage",1.20272941301911,2.05,4,0.2,2000,2,0.75,0.5,NA,NA,NA,NA,NA,1600057,2600057
600,800,57,"TS-RIGHT",0.449044721202254,2.05,4,0.2,2000,2,0.75,0.5,24,4,26.6666666666667,20,TRUE,1800057,2800057
600,800,57,"IHT",0.444309991742703,2.05,4,0.2,2000,2,0.75,0.5,NA,NA,NA,NA,NA,1800057,2800057
600,800,57,"Lasso",1.49399695608802,2.05,4,0.2,2000,2,0.75,0.5,NA,NA,NA,NA,NA,1800057,2800057
600,800,57,"Shrinkage",1.19377473665333,2.05,4,0.2,2000,2,0.75,0.5,NA,NA,NA,NA,NA,1800057,2800057
600,1200,57,"TS-RIGHT",0.527841298197282,2.05,4,0.2,2000,2,0.75,0.5,24,4,40,30,TRUE,2200057,3200057
600,1200,57,"IHT",0.518176483792397,2.05,4,0.2,2000,2,0.75,0.5,NA,NA,NA,NA,NA,2200057,3200057
600,1200,57,"Lasso",1.35586892929933,2.05,4,0.2,2000,2,0.75,0.5,NA,NA,NA,NA,NA,2200057,3200057
600,1200,57,"Shrinkage",1.32999025646605,2.05,4,0.2,2000,2,0.75,0.5,NA,NA,NA,NA,NA,2200057,3200057
600,1600,57,"TS-RIGHT",0.242048766030614,2.05,4,0.2,2000,2,0.75,0.5,24,4,53.3333333333333,40,TRUE,2600057,3600057
600,1600,57,"IHT",0.406880962568031,2.05,4,0.2,2000,2,0.75,0.5,NA,NA,NA,NA,NA,2600057,3600057
600,1600,57,"Lasso",1.45354344932071,2.05,4,0.2,2000,2,0.75,0.5,NA,NA,NA,NA,NA,2600057,3600057
600,1600,57,"Shrinkage",1.13113589367372,2.05,4,0.2,2000,2,0.75,0.5,NA,NA,NA,NA,NA,2600057,3600057
600,2000,57,"TS-RIGHT",0.269410374194069,2.05,4,0.2,2000,2,0.75,0.5,24,4,66.6666666666667,50,TRUE,3000057,4000057
600,2000,57,"IHT",0.511871359414444,2.05,4,0.2,2000,2,0.75,0.5,NA,NA,NA,NA,NA,3000057,4000057
600,2000,57,"Lasso",1.41484131945367,2.05,4,0.2,2000,2,0.75,0.5,NA,NA,NA,NA,NA,3000057,4000057
600,2000,57,"Shrinkage",1.27659853647764,2.05,4,0.2,2000,2,0.75,0.5,NA,NA,NA,NA,NA,3000057,4000057
600,600,58,"TS-RIGHT",0.481580357391954,2.05,4,0.2,2000,2,0.75,0.5,24,4,20,15,TRUE,1600058,2600058
600,600,58,"IHT",0.419479081753271,2.05,4,0.2,2000,2,0.75,0.5,NA,NA,NA,NA,NA,1600058,2600058
600,600,58,"Lasso",1.5639196220386,2.05,4,0.2,2000,2,0.75,0.5,NA,NA,NA,NA,NA,1600058,2600058
600,600,58,"Shrinkage",1.38971808437051,2.05,4,0.2,2000,2,0.75,0.5,NA,NA,NA,NA,NA,1600058,2600058
600,800,58,"TS-RIGHT",0.499217198726402,2.05,4,0.2,2000,2,0.75,0.5,24,4,26.6666666666667,20,TRUE,1800058,2800058
600,800,58,"IHT",0.422349637622822,2.05,4,0.2,2000,2,0.75,0.5,NA,NA,NA,NA,NA,1800058,2800058
600,800,58,"Lasso",1.48731748749174,2.05,4,0.2,2000,2,0.75,0.5,NA,NA,NA,NA,NA,1800058,2800058
600,800,58,"Shrinkage",1.3066707216559,2.05,4,0.2,2000,2,0.75,0.5,NA,NA,NA,NA,NA,1800058,2800058
600,1200,58,"TS-RIGHT",0.340325017500613,2.05,4,0.2,2000,2,0.75,0.5,24,4,40,30,TRUE,2200058,3200058
600,1200,58,"IHT",0.321892743172415,2.05,4,0.2,2000,2,0.75,0.5,NA,NA,NA,NA,NA,2200058,3200058
600,1200,58,"Lasso",0.931727161914871,2.05,4,0.2,2000,2,0.75,0.5,NA,NA,NA,NA,NA,2200058,3200058
600,1200,58,"Shrinkage",0.38134558522575,2.05,4,0.2,2000,2,0.75,0.5,NA,NA,NA,NA,NA,2200058,3200058
600,1600,58,"TS-RIGHT",0.0913759334621176,2.05,4,0.2,2000,2,0.75,0.5,24,4,53.3333333333333,40,TRUE,2600058,3600058
600,1600,58,"IHT",0.479645937467842,2.05,4,0.2,2000,2,0.75,0.5,NA,NA,NA,NA,NA,2600058,3600058
600,1600,58,"Lasso",1.40021742611173,2.05,4,0.2,2000,2,0.75,0.5,NA,NA,NA,NA,NA,2600058,3600058
600,1600,58,"Shrinkage",1.319913899295,2.05,4,0.2,2000,2,0.75,0.5,NA,NA,NA,NA,NA,2600058,3600058
600,2000,58,"TS-RIGHT",0.174457198977153,2.05,4,0.2,2000,2,0.75,0.5,24,4,66.6666666666667,50,TRUE,3000058,4000058
600,2000,58,"IHT",0.439499850922793,2.05,4,0.2,2000,2,0.75,0.5,NA,NA,NA,NA,NA,3000058,4000058
600,2000,58,"Lasso",1.22240412285813,2.05,4,0.2,2000,2,0.75,0.5,NA,NA,NA,NA,NA,3000058,4000058
600,2000,58,"Shrinkage",0.935526255816032,2.05,4,0.2,2000,2,0.75,0.5,NA,NA,NA,NA,NA,3000058,4000058
600,600,59,"TS-RIGHT",0.681386044203217,2.05,4,0.2,2000,2,0.75,0.5,24,4,20,15,TRUE,1600059,2600059
600,600,59,"IHT",0.456683251094129,2.05,4,0.2,2000,2,0.75,0.5,NA,NA,NA,NA,NA,1600059,2600059
600,600,59,"Lasso",1.74963154300979,2.05,4,0.2,2000,2,0.75,0.5,NA,NA,NA,NA,NA,1600059,2600059
600,600,59,"Shrinkage",1.72216740723623,2.05,4,0.2,2000,2,0.75,0.5,NA,NA,NA,NA,NA,1600059,2600059
600,800,59,"TS-RIGHT",0.476437992855255,2.05,4,0.2,2000,2,0.75,0.5,24,4,26.6666666666667,20,TRUE,1800059,2800059
600,800,59,"IHT",0.474679571350598,2.05,4,0.2,2000,2,0.75,0.5,NA,NA,NA,NA,NA,1800059,2800059
600,800,59,"Lasso",1.44698640159771,2.05,4,0.2,2000,2,0.75,0.5,NA,NA,NA,NA,NA,1800059,2800059
600,800,59,"Shrinkage",1.36338417291594,2.05,4,0.2,2000,2,0.75,0.5,NA,NA,NA,NA,NA,1800059,2800059
600,1200,59,"TS-RIGHT",0.497680599517453,2.05,4,0.2,2000,2,0.75,0.5,24,4,40,30,TRUE,2200059,3200059
600,1200,59,"IHT",0.510601363900137,2.05,4,0.2,2000,2,0.75,0.5,NA,NA,NA,NA,NA,2200059,3200059
600,1200,59,"Lasso",1.51775553336825,2.05,4,0.2,2000,2,0.75,0.5,NA,NA,NA,NA,NA,2200059,3200059
600,1200,59,"Shrinkage",1.51820534299151,2.05,4,0.2,2000,2,0.75,0.5,NA,NA,NA,NA,NA,2200059,3200059
600,1600,59,"TS-RIGHT",0.630896791035434,2.05,4,0.2,2000,2,0.75,0.5,24,4,53.3333333333333,40,TRUE,2600059,3600059
600,1600,59,"IHT",0.502864760968562,2.05,4,0.2,2000,2,0.75,0.5,NA,NA,NA,NA,NA,2600059,3600059
600,1600,59,"Lasso",1.40671298054726,2.05,4,0.2,2000,2,0.75,0.5,NA,NA,NA,NA,NA,2600059,3600059
600,1600,59,"Shrinkage",1.2800448737745,2.05,4,0.2,2000,2,0.75,0.5,NA,NA,NA,NA,NA,2600059,3600059
600,2000,59,"TS-RIGHT",0.147889910840827,2.05,4,0.2,2000,2,0.75,0.5,24,4,66.6666666666667,50,TRUE,3000059,4000059
600,2000,59,"IHT",0.525848900617027,2.05,4,0.2,2000,2,0.75,0.5,NA,NA,NA,NA,NA,3000059,4000059
600,2000,59,"Lasso",1.30123645687833,2.05,4,0.2,2000,2,0.75,0.5,NA,NA,NA,NA,NA,3000059,4000059
600,2000,59,"Shrinkage",1.18332294882208,2.05,4,0.2,2000,2,0.75,0.5,NA,NA,NA,NA,NA,3000059,4000059
600,600,60,"TS-RIGHT",0.306467345692695,2.05,4,0.2,2000,2,0.75,0.5,24,4,20,15,TRUE,1600060,2600060
600,600,60,"IHT",0.381765114314989,2.05,4,0.2,2000,2,0.75,0.5,NA,NA,NA,NA,NA,1600060,2600060
600,600,60,"Lasso",1.72590168290975,2.05,4,0.2,2000,2,0.75,0.5,NA,NA,NA,NA,NA,1600060,2600060
600,600,60,"Shrinkage",1.66004385634391,2.05,4,0.2,2000,2,0.75,0.5,NA,NA,NA,NA,NA,1600060,2600060
600,800,60,"TS-RIGHT",0.535593351671612,2.05,4,0.2,2000,2,0.75,0.5,24,4,26.6666666666667,20,TRUE,1800060,2800060
600,800,60,"IHT",0.387189752902471,2.05,4,0.2,2000,2,0.75,0.5,NA,NA,NA,NA,NA,1800060,2800060
600,800,60,"Lasso",1.60902843752106,2.05,4,0.2,2000,2,0.75,0.5,NA,NA,NA,NA,NA,1800060,2800060
600,800,60,"Shrinkage",1.16459140021539,2.05,4,0.2,2000,2,0.75,0.5,NA,NA,NA,NA,NA,1800060,2800060
600,1200,60,"TS-RIGHT",0.41800456774509,2.05,4,0.2,2000,2,0.75,0.5,24,4,40,30,TRUE,2200060,3200060
600,1200,60,"IHT",0.414026358042994,2.05,4,0.2,2000,2,0.75,0.5,NA,NA,NA,NA,NA,2200060,3200060
600,1200,60,"Lasso",1.32366855264386,2.05,4,0.2,2000,2,0.75,0.5,NA,NA,NA,NA,NA,2200060,3200060
600,1200,60,"Shrinkage",1.04004224730469,2.05,4,0.2,2000,2,0.75,0.5,NA,NA,NA,NA,NA,2200060,3200060
600,1600,60,"TS-RIGHT",0.570690621165477,2.05,4,0.2,2000,2,0.75,0.5,24,4,53.3333333333333,40,TRUE,2600060,3600060
600,1600,60,"IHT",0.541152410943631,2.05,4,0.2,2000,2,0.75,0.5,NA,NA,NA,NA,NA,2600060,3600060
600,1600,60,"Lasso",1.49756078055852,2.05,4,0.2,2000,2,0.75,0.5,NA,NA,NA,NA,NA,2600060,3600060
600,1600,60,"Shrinkage",1.29943342500788,2.05,4,0.2,2000,2,0.75,0.5,NA,NA,NA,NA,NA,2600060,3600060
600,2000,60,"TS-RIGHT",0.288447893691316,2.05,4,0.2,2000,2,0.75,0.5,24,4,66.6666666666667,50,TRUE,3000060,4000060
600,2000,60,"IHT",0.497675460595823,2.05,4,0.2,2000,2,0.75,0.5,NA,NA,NA,NA,NA,3000060,4000060
600,2000,60,"Lasso",1.33646024727981,2.05,4,0.2,2000,2,0.75,0.5,NA,NA,NA,NA,NA,3000060,4000060
600,2000,60,"Shrinkage",1.18391277048857,2.05,4,0.2,2000,2,0.75,0.5,NA,NA,NA,NA,NA,3000060,4000060
600,600,61,"TS-RIGHT",0.571147975907479,2.05,4,0.2,2000,2,0.75,0.5,24,4,20,15,TRUE,1600061,2600061
600,600,61,"IHT",0.486471707968079,2.05,4,0.2,2000,2,0.75,0.5,NA,NA,NA,NA,NA,1600061,2600061
600,600,61,"Lasso",1.57225392035343,2.05,4,0.2,2000,2,0.75,0.5,NA,NA,NA,NA,NA,1600061,2600061
600,600,61,"Shrinkage",1.17812505597951,2.05,4,0.2,2000,2,0.75,0.5,NA,NA,NA,NA,NA,1600061,2600061
600,800,61,"TS-RIGHT",0.273235038242051,2.05,4,0.2,2000,2,0.75,0.5,24,4,26.6666666666667,20,TRUE,1800061,2800061
600,800,61,"IHT",0.490064611323895,2.05,4,0.2,2000,2,0.75,0.5,NA,NA,NA,NA,NA,1800061,2800061
600,800,61,"Lasso",1.40791838420929,2.05,4,0.2,2000,2,0.75,0.5,NA,NA,NA,NA,NA,1800061,2800061
600,800,61,"Shrinkage",1.22417081106352,2.05,4,0.2,2000,2,0.75,0.5,NA,NA,NA,NA,NA,1800061,2800061
600,1200,61,"TS-RIGHT",0.238094216321522,2.05,4,0.2,2000,2,0.75,0.5,24,4,40,30,TRUE,2200061,3200061
600,1200,61,"IHT",0.537113350481739,2.05,4,0.2,2000,2,0.75,0.5,NA,NA,NA,NA,NA,2200061,3200061
600,1200,61,"Lasso",1.5490991522686,2.05,4,0.2,2000,2,0.75,0.5,NA,NA,NA,NA,NA,2200061,3200061
600,1200,61,"Shrinkage",1.16594594692045,2.05,4,0.2,2000,2,0.75,0.5,NA,NA,NA,NA,NA,2200061,3200061
600,1600,61,"TS-RIGHT",0.605197691208217,2.05,4,0.2,2000,2,0.75,0.5,24,4,53.3333333333333,40,TRUE,2600061,3600061
600,1600,61,"IHT",0.536247617939023,2.05,4,0.2,2000,2,0.75,0.5,NA,NA,NA,NA,NA,2600061,3600061
600,1600,61,"Lasso",1.36375431533893,2.05,4,0.2,2000,2,0.75,0.5,NA,NA,NA,NA,NA,2600061,3600061
600,1600,61,"Shrinkage",1.43033700643469,2.05,4,0.2,2000,2,0.75,0.5,NA,NA,NA,NA,NA,2600061,3600061
600,2000,61,"TS-RIGHT",0.123707062745961,2.05,4,0.2,2000,2,0.75,0.5,24,4,66.6666666666667,50,TRUE,3000061,4000061
600,2000,61,"IHT",0.532328229110908,2.05,4,0.2,2000,2,0.75,0.5,NA,NA,NA,NA,NA,3000061,4000061
600,2000,61,"Lasso",1.32183770252608,2.05,4,0.2,2000,2,0.75,0.5,NA,NA,NA,NA,NA,3000061,4000061
600,2000,61,"Shrinkage",1.26706668411228,2.05,4,0.2,2000,2,0.75,0.5,NA,NA,NA,NA,NA,3000061,4000061
600,600,62,"TS-RIGHT",0.245570372638496,2.05,4,0.2,2000,2,0.75,0.5,24,4,20,15,TRUE,1600062,2600062
600,600,62,"IHT",0.522573337430515,2.05,4,0.2,2000,2,0.75,0.5,NA,NA,NA,NA,NA,1600062,2600062
600,600,62,"Lasso",1.541904134634,2.05,4,0.2,2000,2,0.75,0.5,NA,NA,NA,NA,NA,1600062,2600062
600,600,62,"Shrinkage",1.58782888101481,2.05,4,0.2,2000,2,0.75,0.5,NA,NA,NA,NA,NA,1600062,2600062
600,800,62,"TS-RIGHT",0.340535450454069,2.05,4,0.2,2000,2,0.75,0.5,24,4,26.6666666666667,20,TRUE,1800062,2800062
600,800,62,"IHT",0.624232758766342,2.05,4,0.2,2000,2,0.75,0.5,NA,NA,NA,NA,NA,1800062,2800062
600,800,62,"Lasso",1.6355370289188,2.05,4,0.2,2000,2,0.75,0.5,NA,NA,NA,NA,NA,1800062,2800062
600,800,62,"Shrinkage",1.62124738082233,2.05,4,0.2,2000,2,0.75,0.5,NA,NA,NA,NA,NA,1800062,2800062
600,1200,62,"TS-RIGHT",0.14311827715508,2.05,4,0.2,2000,2,0.75,0.5,24,4,40,30,TRUE,2200062,3200062
600,1200,62,"IHT",0.418609820826871,2.05,4,0.2,2000,2,0.75,0.5,NA,NA,NA,NA,NA,2200062,3200062
600,1200,62,"Lasso",1.35949726656769,2.05,4,0.2,2000,2,0.75,0.5,NA,NA,NA,NA,NA,2200062,3200062
600,1200,62,"Shrinkage",1.15690685260338,2.05,4,0.2,2000,2,0.75,0.5,NA,NA,NA,NA,NA,2200062,3200062
600,1600,62,"TS-RIGHT",0.393523772109845,2.05,4,0.2,2000,2,0.75,0.5,24,4,53.3333333333333,40,TRUE,2600062,3600062
600,1600,62,"IHT",0.535014318638239,2.05,4,0.2,2000,2,0.75,0.5,NA,NA,NA,NA,NA,2600062,3600062
600,1600,62,"Lasso",1.31729210625174,2.05,4,0.2,2000,2,0.75,0.5,NA,NA,NA,NA,NA,2600062,3600062
600,1600,62,"Shrinkage",1.37178347047656,2.05,4,0.2,2000,2,0.75,0.5,NA,NA,NA,NA,NA,2600062,3600062
600,2000,62,"TS-RIGHT",0.747041259941303,2.05,4,0.2,2000,2,0.75,0.5,24,4,66.6666666666667,50,TRUE,3000062,4000062
600,2000,62,"IHT",0.416696214016005,2.05,4,0.2,2000,2,0.75,0.5,NA,NA,NA,NA,NA,3000062,4000062
600,2000,62,"Lasso",1.32899779868567,2.05,4,0.2,2000,2,0.75,0.5,NA,NA,NA,NA,NA,3000062,4000062
600,2000,62,"Shrinkage",1.05113857690944,2.05,4,0.2,2000,2,0.75,0.5,NA,NA,NA,NA,NA,3000062,4000062
600,600,63,"TS-RIGHT",0.279058446823307,2.05,4,0.2,2000,2,0.75,0.5,24,4,20,15,TRUE,1600063,2600063
600,600,63,"IHT",0.562015444948013,2.05,4,0.2,2000,2,0.75,0.5,NA,NA,NA,NA,NA,1600063,2600063
600,600,63,"Lasso",1.72020220633683,2.05,4,0.2,2000,2,0.75,0.5,NA,NA,NA,NA,NA,1600063,2600063
600,600,63,"Shrinkage",1.59595372141981,2.05,4,0.2,2000,2,0.75,0.5,NA,NA,NA,NA,NA,1600063,2600063
600,800,63,"TS-RIGHT",0.301794808054119,2.05,4,0.2,2000,2,0.75,0.5,24,4,26.6666666666667,20,TRUE,1800063,2800063
600,800,63,"IHT",0.536543532516416,2.05,4,0.2,2000,2,0.75,0.5,NA,NA,NA,NA,NA,1800063,2800063
600,800,63,"Lasso",1.54199312216126,2.05,4,0.2,2000,2,0.75,0.5,NA,NA,NA,NA,NA,1800063,2800063
600,800,63,"Shrinkage",1.21637480036984,2.05,4,0.2,2000,2,0.75,0.5,NA,NA,NA,NA,NA,1800063,2800063
600,1200,63,"TS-RIGHT",0.329439809565774,2.05,4,0.2,2000,2,0.75,0.5,24,4,40,30,TRUE,2200063,3200063
600,1200,63,"IHT",0.443246291476362,2.05,4,0.2,2000,2,0.75,0.5,NA,NA,NA,NA,NA,2200063,3200063
600,1200,63,"Lasso",1.43725533639653,2.05,4,0.2,2000,2,0.75,0.5,NA,NA,NA,NA,NA,2200063,3200063
600,1200,63,"Shrinkage",1.15347096628636,2.05,4,0.2,2000,2,0.75,0.5,NA,NA,NA,NA,NA,2200063,3200063
600,1600,63,"TS-RIGHT",0.250085709810885,2.05,4,0.2,2000,2,0.75,0.5,24,4,53.3333333333333,40,TRUE,2600063,3600063
600,1600,63,"IHT",0.478629165232678,2.05,4,0.2,2000,2,0.75,0.5,NA,NA,NA,NA,NA,2600063,3600063
600,1600,63,"Lasso",1.34365661281496,2.05,4,0.2,2000,2,0.75,0.5,NA,NA,NA,NA,NA,2600063,3600063
600,1600,63,"Shrinkage",1.25671981679823,2.05,4,0.2,2000,2,0.75,0.5,NA,NA,NA,NA,NA,2600063,3600063
600,2000,63,"TS-RIGHT",0.291655186270979,2.05,4,0.2,2000,2,0.75,0.5,24,4,66.6666666666667,50,TRUE,3000063,4000063
600,2000,63,"IHT",0.533723438538452,2.05,4,0.2,2000,2,0.75,0.5,NA,NA,NA,NA,NA,3000063,4000063
600,2000,63,"Lasso",1.27052294109399,2.05,4,0.2,2000,2,0.75,0.5,NA,NA,NA,NA,NA,3000063,4000063
600,2000,63,"Shrinkage",1.19202460486683,2.05,4,0.2,2000,2,0.75,0.5,NA,NA,NA,NA,NA,3000063,4000063
600,600,64,"TS-RIGHT",0.369112842407822,2.05,4,0.2,2000,2,0.75,0.5,24,4,20,15,TRUE,1600064,2600064
600,600,64,"IHT",0.565919224017476,2.05,4,0.2,2000,2,0.75,0.5,NA,NA,NA,NA,NA,1600064,2600064
600,600,64,"Lasso",1.8033981331777,2.05,4,0.2,2000,2,0.75,0.5,NA,NA,NA,NA,NA,1600064,2600064
600,600,64,"Shrinkage",1.44959978662587,2.05,4,0.2,2000,2,0.75,0.5,NA,NA,NA,NA,NA,1600064,2600064
600,800,64,"TS-RIGHT",0.531257706175497,2.05,4,0.2,2000,2,0.75,0.5,24,4,26.6666666666667,20,TRUE,1800064,2800064
600,800,64,"IHT",0.515697614838414,2.05,4,0.2,2000,2,0.75,0.5,NA,NA,NA,NA,NA,1800064,2800064
600,800,64,"Lasso",1.35955475792007,2.05,4,0.2,2000,2,0.75,0.5,NA,NA,NA,NA,NA,1800064,2800064
600,800,64,"Shrinkage",1.31319778254911,2.05,4,0.2,2000,2,0.75,0.5,NA,NA,NA,NA,NA,1800064,2800064
600,1200,64,"TS-RIGHT",0.896624960259762,2.05,4,0.2,2000,2,0.75,0.5,24,4,40,30,TRUE,2200064,3200064
600,1200,64,"IHT",0.464453239431681,2.05,4,0.2,2000,2,0.75,0.5,NA,NA,NA,NA,NA,2200064,3200064
600,1200,64,"Lasso",1.59493785230472,2.05,4,0.2,2000,2,0.75,0.5,NA,NA,NA,NA,NA,2200064,3200064
600,1200,64,"Shrinkage",1.13137968503984,2.05,4,0.2,2000,2,0.75,0.5,NA,NA,NA,NA,NA,2200064,3200064
600,1600,64,"TS-RIGHT",0.397461932107079,2.05,4,0.2,2000,2,0.75,0.5,24,4,53.3333333333333,40,TRUE,2600064,3600064
600,1600,64,"IHT",0.489108158658609,2.05,4,0.2,2000,2,0.75,0.5,NA,NA,NA,NA,NA,2600064,3600064
600,1600,64,"Lasso",1.38509799625299,2.05,4,0.2,2000,2,0.75,0.5,NA,NA,NA,NA,NA,2600064,3600064
600,1600,64,"Shrinkage",1.25048300612607,2.05,4,0.2,2000,2,0.75,0.5,NA,NA,NA,NA,NA,2600064,3600064
600,2000,64,"TS-RIGHT",0.419162714122897,2.05,4,0.2,2000,2,0.75,0.5,24,4,66.6666666666667,50,TRUE,3000064,4000064
600,2000,64,"IHT",0.553048889850957,2.05,4,0.2,2000,2,0.75,0.5,NA,NA,NA,NA,NA,3000064,4000064
600,2000,64,"Lasso",1.40616355089824,2.05,4,0.2,2000,2,0.75,0.5,NA,NA,NA,NA,NA,3000064,4000064
600,2000,64,"Shrinkage",1.33703103250775,2.05,4,0.2,2000,2,0.75,0.5,NA,NA,NA,NA,NA,3000064,4000064
600,600,65,"TS-RIGHT",0.366849684073014,2.05,4,0.2,2000,2,0.75,0.5,24,4,20,15,TRUE,1600065,2600065
600,600,65,"IHT",0.397990021345974,2.05,4,0.2,2000,2,0.75,0.5,NA,NA,NA,NA,NA,1600065,2600065
600,600,65,"Lasso",1.75200880776764,2.05,4,0.2,2000,2,0.75,0.5,NA,NA,NA,NA,NA,1600065,2600065
600,600,65,"Shrinkage",1.59389964431485,2.05,4,0.2,2000,2,0.75,0.5,NA,NA,NA,NA,NA,1600065,2600065
600,800,65,"TS-RIGHT",0.485175853069589,2.05,4,0.2,2000,2,0.75,0.5,24,4,26.6666666666667,20,TRUE,1800065,2800065
600,800,65,"IHT",0.485362412788701,2.05,4,0.2,2000,2,0.75,0.5,NA,NA,NA,NA,NA,1800065,2800065
600,800,65,"Lasso",1.63525839776685,2.05,4,0.2,2000,2,0.75,0.5,NA,NA,NA,NA,NA,1800065,2800065
600,800,65,"Shrinkage",1.4951810696726,2.05,4,0.2,2000,2,0.75,0.5,NA,NA,NA,NA,NA,1800065,2800065
600,1200,65,"TS-RIGHT",0.620659145215885,2.05,4,0.2,2000,2,0.75,0.5,24,4,40,30,TRUE,2200065,3200065
600,1200,65,"IHT",0.429905199748099,2.05,4,0.2,2000,2,0.75,0.5,NA,NA,NA,NA,NA,2200065,3200065
600,1200,65,"Lasso",1.5096416162564,2.05,4,0.2,2000,2,0.75,0.5,NA,NA,NA,NA,NA,2200065,3200065
600,1200,65,"Shrinkage",1.11037429296031,2.05,4,0.2,2000,2,0.75,0.5,NA,NA,NA,NA,NA,2200065,3200065
600,1600,65,"TS-RIGHT",0.112807289644872,2.05,4,0.2,2000,2,0.75,0.5,24,4,53.3333333333333,40,TRUE,2600065,3600065
600,1600,65,"IHT",0.533844540583474,2.05,4,0.2,2000,2,0.75,0.5,NA,NA,NA,NA,NA,2600065,3600065
600,1600,65,"Lasso",1.46554135762915,2.05,4,0.2,2000,2,0.75,0.5,NA,NA,NA,NA,NA,2600065,3600065
600,1600,65,"Shrinkage",1.33875880172149,2.05,4,0.2,2000,2,0.75,0.5,NA,NA,NA,NA,NA,2600065,3600065
600,2000,65,"TS-RIGHT",0.141738173735655,2.05,4,0.2,2000,2,0.75,0.5,24,4,66.6666666666667,50,TRUE,3000065,4000065
600,2000,65,"IHT",0.50951934972607,2.05,4,0.2,2000,2,0.75,0.5,NA,NA,NA,NA,NA,3000065,4000065
600,2000,65,"Lasso",1.3458425043855,2.05,4,0.2,2000,2,0.75,0.5,NA,NA,NA,NA,NA,3000065,4000065
600,2000,65,"Shrinkage",1.03269387318523,2.05,4,0.2,2000,2,0.75,0.5,NA,NA,NA,NA,NA,3000065,4000065
600,600,66,"TS-RIGHT",0.538912338675608,2.05,4,0.2,2000,2,0.75,0.5,24,4,20,15,TRUE,1600066,2600066
600,600,66,"IHT",0.405129137613005,2.05,4,0.2,2000,2,0.75,0.5,NA,NA,NA,NA,NA,1600066,2600066
600,600,66,"Lasso",1.53866161620585,2.05,4,0.2,2000,2,0.75,0.5,NA,NA,NA,NA,NA,1600066,2600066
600,600,66,"Shrinkage",1.4811854505107,2.05,4,0.2,2000,2,0.75,0.5,NA,NA,NA,NA,NA,1600066,2600066
600,800,66,"TS-RIGHT",0.162196548438611,2.05,4,0.2,2000,2,0.75,0.5,24,4,26.6666666666667,20,TRUE,1800066,2800066
600,800,66,"IHT",0.490071510105873,2.05,4,0.2,2000,2,0.75,0.5,NA,NA,NA,NA,NA,1800066,2800066
600,800,66,"Lasso",1.6146627276499,2.05,4,0.2,2000,2,0.75,0.5,NA,NA,NA,NA,NA,1800066,2800066
600,800,66,"Shrinkage",1.26218368067859,2.05,4,0.2,2000,2,0.75,0.5,NA,NA,NA,NA,NA,1800066,2800066
600,1200,66,"TS-RIGHT",0.205413105769998,2.05,4,0.2,2000,2,0.75,0.5,24,4,40,30,TRUE,2200066,3200066
600,1200,66,"IHT",0.446773834079499,2.05,4,0.2,2000,2,0.75,0.5,NA,NA,NA,NA,NA,2200066,3200066
600,1200,66,"Lasso",1.55054303144193,2.05,4,0.2,2000,2,0.75,0.5,NA,NA,NA,NA,NA,2200066,3200066
600,1200,66,"Shrinkage",1.25983363808069,2.05,4,0.2,2000,2,0.75,0.5,NA,NA,NA,NA,NA,2200066,3200066
600,1600,66,"TS-RIGHT",0.62037183594796,2.05,4,0.2,2000,2,0.75,0.5,24,4,53.3333333333333,40,TRUE,2600066,3600066
600,1600,66,"IHT",0.570021853928502,2.05,4,0.2,2000,2,0.75,0.5,NA,NA,NA,NA,NA,2600066,3600066
600,1600,66,"Lasso",1.38424735500791,2.05,4,0.2,2000,2,0.75,0.5,NA,NA,NA,NA,NA,2600066,3600066
600,1600,66,"Shrinkage",1.40773535235242,2.05,4,0.2,2000,2,0.75,0.5,NA,NA,NA,NA,NA,2600066,3600066
600,2000,66,"TS-RIGHT",0.103521225160476,2.05,4,0.2,2000,2,0.75,0.5,24,4,66.6666666666667,50,TRUE,3000066,4000066
600,2000,66,"IHT",0.503580676444924,2.05,4,0.2,2000,2,0.75,0.5,NA,NA,NA,NA,NA,3000066,4000066
600,2000,66,"Lasso",1.31607199455803,2.05,4,0.2,2000,2,0.75,0.5,NA,NA,NA,NA,NA,3000066,4000066
600,2000,66,"Shrinkage",1.17763624742119,2.05,4,0.2,2000,2,0.75,0.5,NA,NA,NA,NA,NA,3000066,4000066
600,600,67,"TS-RIGHT",0.426241307751318,2.05,4,0.2,2000,2,0.75,0.5,24,4,20,15,TRUE,1600067,2600067
600,600,67,"IHT",0.495061213014666,2.05,4,0.2,2000,2,0.75,0.5,NA,NA,NA,NA,NA,1600067,2600067
600,600,67,"Lasso",1.70979105302236,2.05,4,0.2,2000,2,0.75,0.5,NA,NA,NA,NA,NA,1600067,2600067
600,600,67,"Shrinkage",1.44794099236268,2.05,4,0.2,2000,2,0.75,0.5,NA,NA,NA,NA,NA,1600067,2600067
600,800,67,"TS-RIGHT",0.540658628500603,2.05,4,0.2,2000,2,0.75,0.5,24,4,26.6666666666667,20,TRUE,1800067,2800067
600,800,67,"IHT",0.515162960710653,2.05,4,0.2,2000,2,0.75,0.5,NA,NA,NA,NA,NA,1800067,2800067
600,800,67,"Lasso",1.49737020668826,2.05,4,0.2,2000,2,0.75,0.5,NA,NA,NA,NA,NA,1800067,2800067
600,800,67,"Shrinkage",1.60792924551753,2.05,4,0.2,2000,2,0.75,0.5,NA,NA,NA,NA,NA,1800067,2800067
600,1200,67,"TS-RIGHT",0.543401435309098,2.05,4,0.2,2000,2,0.75,0.5,24,4,40,30,TRUE,2200067,3200067
600,1200,67,"IHT",0.585692857432599,2.05,4,0.2,2000,2,0.75,0.5,NA,NA,NA,NA,NA,2200067,3200067
600,1200,67,"Lasso",1.48964412716533,2.05,4,0.2,2000,2,0.75,0.5,NA,NA,NA,NA,NA,2200067,3200067
600,1200,67,"Shrinkage",1.4652397621348,2.05,4,0.2,2000,2,0.75,0.5,NA,NA,NA,NA,NA,2200067,3200067
600,1600,67,"TS-RIGHT",0.237902152652714,2.05,4,0.2,2000,2,0.75,0.5,24,4,53.3333333333333,40,TRUE,2600067,3600067
600,1600,67,"IHT",0.533155161437787,2.05,4,0.2,2000,2,0.75,0.5,NA,NA,NA,NA,NA,2600067,3600067
600,1600,67,"Lasso",1.41702164398023,2.05,4,0.2,2000,2,0.75,0.5,NA,NA,NA,NA,NA,2600067,3600067
600,1600,67,"Shrinkage",1.29801715639318,2.05,4,0.2,2000,2,0.75,0.5,NA,NA,NA,NA,NA,2600067,3600067
600,2000,67,"TS-RIGHT",0.484933418200283,2.05,4,0.2,2000,2,0.75,0.5,24,4,66.6666666666667,50,TRUE,3000067,4000067
600,2000,67,"IHT",0.432202882864167,2.05,4,0.2,2000,2,0.75,0.5,NA,NA,NA,NA,NA,3000067,4000067
600,2000,67,"Lasso",1.35565538517227,2.05,4,0.2,2000,2,0.75,0.5,NA,NA,NA,NA,NA,3000067,4000067
600,2000,67,"Shrinkage",1.05553943566425,2.05,4,0.2,2000,2,0.75,0.5,NA,NA,NA,NA,NA,3000067,4000067
600,600,68,"TS-RIGHT",0.237327298505135,2.05,4,0.2,2000,2,0.75,0.5,24,4,20,15,TRUE,1600068,2600068
600,600,68,"IHT",0.468556230071791,2.05,4,0.2,2000,2,0.75,0.5,NA,NA,NA,NA,NA,1600068,2600068
600,600,68,"Lasso",1.5250903568218,2.05,4,0.2,2000,2,0.75,0.5,NA,NA,NA,NA,NA,1600068,2600068
600,600,68,"Shrinkage",1.37935900786183,2.05,4,0.2,2000,2,0.75,0.5,NA,NA,NA,NA,NA,1600068,2600068
600,800,68,"TS-RIGHT",0.17257382988613,2.05,4,0.2,2000,2,0.75,0.5,24,4,26.6666666666667,20,TRUE,1800068,2800068
600,800,68,"IHT",0.469773935705485,2.05,4,0.2,2000,2,0.75,0.5,NA,NA,NA,NA,NA,1800068,2800068
600,800,68,"Lasso",1.60953132918022,2.05,4,0.2,2000,2,0.75,0.5,NA,NA,NA,NA,NA,1800068,2800068
600,800,68,"Shrinkage",1.41179578616381,2.05,4,0.2,2000,2,0.75,0.5,NA,NA,NA,NA,NA,1800068,2800068
600,1200,68,"TS-RIGHT",0.608400895480894,2.05,4,0.2,2000,2,0.75,0.5,24,4,40,30,TRUE,2200068,3200068
600,1200,68,"IHT",0.614866224439392,2.05,4,0.2,2000,2,0.75,0.5,NA,NA,NA,NA,NA,2200068,3200068
600,1200,68,"Lasso",1.45555029903697,2.05,4,0.2,2000,2,0.75,0.5,NA,NA,NA,NA,NA,2200068,3200068
600,1200,68,"Shrinkage",1.30285892046641,2.05,4,0.2,2000,2,0.75,0.5,NA,NA,NA,NA,NA,2200068,3200068
600,1600,68,"TS-RIGHT",0.205544783845426,2.05,4,0.2,2000,2,0.75,0.5,24,4,53.3333333333333,40,TRUE,2600068,3600068
600,1600,68,"IHT",0.556847998777865,2.05,4,0.2,2000,2,0.75,0.5,NA,NA,NA,NA,NA,2600068,3600068
600,1600,68,"Lasso",1.30037540807267,2.05,4,0.2,2000,2,0.75,0.5,NA,NA,NA,NA,NA,2600068,3600068
600,1600,68,"Shrinkage",1.22143378398885,2.05,4,0.2,2000,2,0.75,0.5,NA,NA,NA,NA,NA,2600068,3600068
600,2000,68,"TS-RIGHT",0.192800775974296,2.05,4,0.2,2000,2,0.75,0.5,24,4,66.6666666666667,50,TRUE,3000068,4000068
600,2000,68,"IHT",0.455809092357519,2.05,4,0.2,2000,2,0.75,0.5,NA,NA,NA,NA,NA,3000068,4000068
600,2000,68,"Lasso",1.2240732314323,2.05,4,0.2,2000,2,0.75,0.5,NA,NA,NA,NA,NA,3000068,4000068
600,2000,68,"Shrinkage",1.27022800598537,2.05,4,0.2,2000,2,0.75,0.5,NA,NA,NA,NA,NA,3000068,4000068
600,600,69,"TS-RIGHT",0.662057915025288,2.05,4,0.2,2000,2,0.75,0.5,24,4,20,15,TRUE,1600069,2600069
600,600,69,"IHT",0.528344497315946,2.05,4,0.2,2000,2,0.75,0.5,NA,NA,NA,NA,NA,1600069,2600069
600,600,69,"Lasso",1.55928592157645,2.05,4,0.2,2000,2,0.75,0.5,NA,NA,NA,NA,NA,1600069,2600069
600,600,69,"Shrinkage",1.38816613100863,2.05,4,0.2,2000,2,0.75,0.5,NA,NA,NA,NA,NA,1600069,2600069
600,800,69,"TS-RIGHT",0.452924656442397,2.05,4,0.2,2000,2,0.75,0.5,24,4,26.6666666666667,20,TRUE,1800069,2800069
600,800,69,"IHT",0.41160044141477,2.05,4,0.2,2000,2,0.75,0.5,NA,NA,NA,NA,NA,1800069,2800069
600,800,69,"Lasso",1.53823567569958,2.05,4,0.2,2000,2,0.75,0.5,NA,NA,NA,NA,NA,1800069,2800069
600,800,69,"Shrinkage",1.263019485531,2.05,4,0.2,2000,2,0.75,0.5,NA,NA,NA,NA,NA,1800069,2800069
600,1200,69,"TS-RIGHT",0.106304824959809,2.05,4,0.2,2000,2,0.75,0.5,24,4,40,30,TRUE,2200069,3200069
600,1200,69,"IHT",0.428123177273494,2.05,4,0.2,2000,2,0.75,0.5,NA,NA,NA,NA,NA,2200069,3200069
600,1200,69,"Lasso",1.44985116510305,2.05,4,0.2,2000,2,0.75,0.5,NA,NA,NA,NA,NA,2200069,3200069
600,1200,69,"Shrinkage",1.25625590524053,2.05,4,0.2,2000,2,0.75,0.5,NA,NA,NA,NA,NA,2200069,3200069
600,1600,69,"TS-RIGHT",0.698922824891014,2.05,4,0.2,2000,2,0.75,0.5,24,4,53.3333333333333,40,TRUE,2600069,3600069
600,1600,69,"IHT",0.418013866394232,2.05,4,0.2,2000,2,0.75,0.5,NA,NA,NA,NA,NA,2600069,3600069
600,1600,69,"Lasso",1.355546275746,2.05,4,0.2,2000,2,0.75,0.5,NA,NA,NA,NA,NA,2600069,3600069
600,1600,69,"Shrinkage",1.40821847677313,2.05,4,0.2,2000,2,0.75,0.5,NA,NA,NA,NA,NA,2600069,3600069
600,2000,69,"TS-RIGHT",0.334119698651777,2.05,4,0.2,2000,2,0.75,0.5,24,4,66.6666666666667,50,TRUE,3000069,4000069
600,2000,69,"IHT",0.495338106011577,2.05,4,0.2,2000,2,0.75,0.5,NA,NA,NA,NA,NA,3000069,4000069
600,2000,69,"Lasso",2.23606797749979,2.05,4,0.2,2000,2,0.75,0.5,NA,NA,NA,NA,NA,3000069,4000069
600,2000,69,"Shrinkage",1.28971187113354,2.05,4,0.2,2000,2,0.75,0.5,NA,NA,NA,NA,NA,3000069,4000069
600,600,70,"TS-RIGHT",0.348038880098966,2.05,4,0.2,2000,2,0.75,0.5,24,4,20,15,TRUE,1600070,2600070
600,600,70,"IHT",0.410738832285901,2.05,4,0.2,2000,2,0.75,0.5,NA,NA,NA,NA,NA,1600070,2600070
600,600,70,"Lasso",1.58123555517022,2.05,4,0.2,2000,2,0.75,0.5,NA,NA,NA,NA,NA,1600070,2600070
600,600,70,"Shrinkage",1.53533343891492,2.05,4,0.2,2000,2,0.75,0.5,NA,NA,NA,NA,NA,1600070,2600070
600,800,70,"TS-RIGHT",0.44979954557226,2.05,4,0.2,2000,2,0.75,0.5,24,4,26.6666666666667,20,TRUE,1800070,2800070
600,800,70,"IHT",0.428308701241884,2.05,4,0.2,2000,2,0.75,0.5,NA,NA,NA,NA,NA,1800070,2800070
600,800,70,"Lasso",1.56162360135789,2.05,4,0.2,2000,2,0.75,0.5,NA,NA,NA,NA,NA,1800070,2800070
600,800,70,"Shrinkage",1.22136071853383,2.05,4,0.2,2000,2,0.75,0.5,NA,NA,NA,NA,NA,1800070,2800070
600,1200,70,"TS-RIGHT",0.574515213183361,2.05,4,0.2,2000,2,0.75,0.5,24,4,40,30,TRUE,2200070,3200070
600,1200,70,"IHT",0.558735190848406,2.05,4,0.2,2000,2,0.75,0.5,NA,NA,NA,NA,NA,2200070,3200070
600,1200,70,"Lasso",1.59139335187008,2.05,4,0.2,2000,2,0.75,0.5,NA,NA,NA,NA,NA,2200070,3200070
600,1200,70,"Shrinkage",1.40511237880861,2.05,4,0.2,2000,2,0.75,0.5,NA,NA,NA,NA,NA,2200070,3200070
600,1600,70,"TS-RIGHT",0.74832706843248,2.05,4,0.2,2000,2,0.75,0.5,24,4,53.3333333333333,40,TRUE,2600070,3600070
600,1600,70,"IHT",0.645057583378947,2.05,4,0.2,2000,2,0.75,0.5,NA,NA,NA,NA,NA,2600070,3600070
600,1600,70,"Lasso",1.56251876760588,2.05,4,0.2,2000,2,0.75,0.5,NA,NA,NA,NA,NA,2600070,3600070
600,1600,70,"Shrinkage",1.51613531073134,2.05,4,0.2,2000,2,0.75,0.5,NA,NA,NA,NA,NA,2600070,3600070
600,2000,70,"TS-RIGHT",0.395629768158834,2.05,4,0.2,2000,2,0.75,0.5,24,4,66.6666666666667,50,TRUE,3000070,4000070
600,2000,70,"IHT",0.505970549878527,2.05,4,0.2,2000,2,0.75,0.5,NA,NA,NA,NA,NA,3000070,4000070
600,2000,70,"Lasso",1.27737738715873,2.05,4,0.2,2000,2,0.75,0.5,NA,NA,NA,NA,NA,3000070,4000070
600,2000,70,"Shrinkage",1.18896655367104,2.05,4,0.2,2000,2,0.75,0.5,NA,NA,NA,NA,NA,3000070,4000070
600,600,71,"TS-RIGHT",0.738902922296963,2.05,4,0.2,2000,2,0.75,0.5,24,4,20,15,TRUE,1600071,2600071
600,600,71,"IHT",0.458709926837994,2.05,4,0.2,2000,2,0.75,0.5,NA,NA,NA,NA,NA,1600071,2600071
600,600,71,"Lasso",1.70301194476921,2.05,4,0.2,2000,2,0.75,0.5,NA,NA,NA,NA,NA,1600071,2600071
600,600,71,"Shrinkage",1.4636006981272,2.05,4,0.2,2000,2,0.75,0.5,NA,NA,NA,NA,NA,1600071,2600071
600,800,71,"TS-RIGHT",0.263048594645197,2.05,4,0.2,2000,2,0.75,0.5,24,4,26.6666666666667,20,TRUE,1800071,2800071
600,800,71,"IHT",0.544048083307239,2.05,4,0.2,2000,2,0.75,0.5,NA,NA,NA,NA,NA,1800071,2800071
600,800,71,"Lasso",1.54288435634773,2.05,4,0.2,2000,2,0.75,0.5,NA,NA,NA,NA,NA,1800071,2800071
600,800,71,"Shrinkage",1.45925857989399,2.05,4,0.2,2000,2,0.75,0.5,NA,NA,NA,NA,NA,1800071,2800071
600,1200,71,"TS-RIGHT",0.197226558230242,2.05,4,0.2,2000,2,0.75,0.5,24,4,40,30,TRUE,2200071,3200071
600,1200,71,"IHT",0.507535138086151,2.05,4,0.2,2000,2,0.75,0.5,NA,NA,NA,NA,NA,2200071,3200071
600,1200,71,"Lasso",1.44145008069343,2.05,4,0.2,2000,2,0.75,0.5,NA,NA,NA,NA,NA,2200071,3200071
600,1200,71,"Shrinkage",1.31685302487422,2.05,4,0.2,2000,2,0.75,0.5,NA,NA,NA,NA,NA,2200071,3200071
600,1600,71,"TS-RIGHT",0.213249567837079,2.05,4,0.2,2000,2,0.75,0.5,24,4,53.3333333333333,40,TRUE,2600071,3600071
600,1600,71,"IHT",0.542664314720808,2.05,4,0.2,2000,2,0.75,0.5,NA,NA,NA,NA,NA,2600071,3600071
600,1600,71,"Lasso",1.42961600803025,2.05,4,0.2,2000,2,0.75,0.5,NA,NA,NA,NA,NA,2600071,3600071
600,1600,71,"Shrinkage",1.22427654648822,2.05,4,0.2,2000,2,0.75,0.5,NA,NA,NA,NA,NA,2600071,3600071
600,2000,71,"TS-RIGHT",0.14884739715818,2.05,4,0.2,2000,2,0.75,0.5,24,4,66.6666666666667,50,TRUE,3000071,4000071
600,2000,71,"IHT",0.538255283637961,2.05,4,0.2,2000,2,0.75,0.5,NA,NA,NA,NA,NA,3000071,4000071
600,2000,71,"Lasso",1.36129979089299,2.05,4,0.2,2000,2,0.75,0.5,NA,NA,NA,NA,NA,3000071,4000071
600,2000,71,"Shrinkage",1.272910468781,2.05,4,0.2,2000,2,0.75,0.5,NA,NA,NA,NA,NA,3000071,4000071
600,600,72,"TS-RIGHT",0.294075417215793,2.05,4,0.2,2000,2,0.75,0.5,24,4,20,15,TRUE,1600072,2600072
600,600,72,"IHT",0.525358335924721,2.05,4,0.2,2000,2,0.75,0.5,NA,NA,NA,NA,NA,1600072,2600072
600,600,72,"Lasso",1.60286083999291,2.05,4,0.2,2000,2,0.75,0.5,NA,NA,NA,NA,NA,1600072,2600072
600,600,72,"Shrinkage",1.62959573068962,2.05,4,0.2,2000,2,0.75,0.5,NA,NA,NA,NA,NA,1600072,2600072
600,800,72,"TS-RIGHT",0.284181901154836,2.05,4,0.2,2000,2,0.75,0.5,24,4,26.6666666666667,20,TRUE,1800072,2800072
600,800,72,"IHT",0.490545825184264,2.05,4,0.2,2000,2,0.75,0.5,NA,NA,NA,NA,NA,1800072,2800072
600,800,72,"Lasso",2.23606797749979,2.05,4,0.2,2000,2,0.75,0.5,NA,NA,NA,NA,NA,1800072,2800072
600,800,72,"Shrinkage",1.4994839766397,2.05,4,0.2,2000,2,0.75,0.5,NA,NA,NA,NA,NA,1800072,2800072
600,1200,72,"TS-RIGHT",0.181046025495801,2.05,4,0.2,2000,2,0.75,0.5,24,4,40,30,TRUE,2200072,3200072
600,1200,72,"IHT",0.539552103265497,2.05,4,0.2,2000,2,0.75,0.5,NA,NA,NA,NA,NA,2200072,3200072
600,1200,72,"Lasso",1.5263858389437,2.05,4,0.2,2000,2,0.75,0.5,NA,NA,NA,NA,NA,2200072,3200072
600,1200,72,"Shrinkage",1.47586403063495,2.05,4,0.2,2000,2,0.75,0.5,NA,NA,NA,NA,NA,2200072,3200072
600,1600,72,"TS-RIGHT",0.161729701659715,2.05,4,0.2,2000,2,0.75,0.5,24,4,53.3333333333333,40,TRUE,2600072,3600072
600,1600,72,"IHT",0.535408623466722,2.05,4,0.2,2000,2,0.75,0.5,NA,NA,NA,NA,NA,2600072,3600072
600,1600,72,"Lasso",1.40956592873428,2.05,4,0.2,2000,2,0.75,0.5,NA,NA,NA,NA,NA,2600072,3600072
600,1600,72,"Shrinkage",1.21042046887094,2.05,4,0.2,2000,2,0.75,0.5,NA,NA,NA,NA,NA,2600072,3600072
600,2000,72,"TS-RIGHT",0.835090003294761,2.05,4,0.2,2000,2,0.75,0.5,24,4,66.6666666666667,50,TRUE,3000072,4000072
600,2000,72,"IHT",0.520885967567251,2.05,4,0.2,2000,2,0.75,0.5,NA,NA,NA,NA,NA,3000072,4000072
600,2000,72,"Lasso",1.33608601512781,2.05,4,0.2,2000,2,0.75,0.5,NA,NA,NA,NA,NA,3000072,4000072
600,2000,72,"Shrinkage",1.2115196633618,2.05,4,0.2,2000,2,0.75,0.5,NA,NA,NA,NA,NA,3000072,4000072
600,600,73,"TS-RIGHT",0.262788339928996,2.05,4,0.2,2000,2,0.75,0.5,24,4,20,15,TRUE,1600073,2600073
600,600,73,"IHT",0.488935390602053,2.05,4,0.2,2000,2,0.75,0.5,NA,NA,NA,NA,NA,1600073,2600073
600,600,73,"Lasso",1.48508586259188,2.05,4,0.2,2000,2,0.75,0.5,NA,NA,NA,NA,NA,1600073,2600073
600,600,73,"Shrinkage",1.48953941863898,2.05,4,0.2,2000,2,0.75,0.5,NA,NA,NA,NA,NA,1600073,2600073
600,800,73,"TS-RIGHT",0.957562983753192,2.05,4,0.2,2000,2,0.75,0.5,24,4,26.6666666666667,20,TRUE,1800073,2800073
600,800,73,"IHT",0.556677775108659,2.05,4,0.2,2000,2,0.75,0.5,NA,NA,NA,NA,NA,1800073,2800073
600,800,73,"Lasso",1.50089807596581,2.05,4,0.2,2000,2,0.75,0.5,NA,NA,NA,NA,NA,1800073,2800073
600,800,73,"Shrinkage",1.39672069856224,2.05,4,0.2,2000,2,0.75,0.5,NA,NA,NA,NA,NA,1800073,2800073
600,1200,73,"TS-RIGHT",0.152945257125466,2.05,4,0.2,2000,2,0.75,0.5,24,4,40,30,TRUE,2200073,3200073
600,1200,73,"IHT",0.502167498327657,2.05,4,0.2,2000,2,0.75,0.5,NA,NA,NA,NA,NA,2200073,3200073
600,1200,73,"Lasso",1.49968774703788,2.05,4,0.2,2000,2,0.75,0.5,NA,NA,NA,NA,NA,2200073,3200073
600,1200,73,"Shrinkage",1.37465853245052,2.05,4,0.2,2000,2,0.75,0.5,NA,NA,NA,NA,NA,2200073,3200073
600,1600,73,"TS-RIGHT",0.420712948829895,2.05,4,0.2,2000,2,0.75,0.5,24,4,53.3333333333333,40,TRUE,2600073,3600073
600,1600,73,"IHT",0.546794567033248,2.05,4,0.2,2000,2,0.75,0.5,NA,NA,NA,NA,NA,2600073,3600073
600,1600,73,"Lasso",1.41366266825455,2.05,4,0.2,2000,2,0.75,0.5,NA,NA,NA,NA,NA,2600073,3600073
600,1600,73,"Shrinkage",1.19505655996,2.05,4,0.2,2000,2,0.75,0.5,NA,NA,NA,NA,NA,2600073,3600073
600,2000,73,"TS-RIGHT",0.53134450119604,2.05,4,0.2,2000,2,0.75,0.5,24,4,66.6666666666667,50,TRUE,3000073,4000073
600,2000,73,"IHT",0.507831648312518,2.05,4,0.2,2000,2,0.75,0.5,NA,NA,NA,NA,NA,3000073,4000073
600,2000,73,"Lasso",1.29614134333863,2.05,4,0.2,2000,2,0.75,0.5,NA,NA,NA,NA,NA,3000073,4000073
600,2000,73,"Shrinkage",1.1236568961991,2.05,4,0.2,2000,2,0.75,0.5,NA,NA,NA,NA,NA,3000073,4000073
600,600,74,"TS-RIGHT",0.308152814093467,2.05,4,0.2,2000,2,0.75,0.5,24,4,20,15,TRUE,1600074,2600074
600,600,74,"IHT",0.466273367130607,2.05,4,0.2,2000,2,0.75,0.5,NA,NA,NA,NA,NA,1600074,2600074
600,600,74,"Lasso",1.67576875227543,2.05,4,0.2,2000,2,0.75,0.5,NA,NA,NA,NA,NA,1600074,2600074
600,600,74,"Shrinkage",1.4099747497175,2.05,4,0.2,2000,2,0.75,0.5,NA,NA,NA,NA,NA,1600074,2600074
600,800,74,"TS-RIGHT",0.798404934357486,2.05,4,0.2,2000,2,0.75,0.5,24,4,26.6666666666667,20,TRUE,1800074,2800074
600,800,74,"IHT",0.618953307730519,2.05,4,0.2,2000,2,0.75,0.5,NA,NA,NA,NA,NA,1800074,2800074
600,800,74,"Lasso",1.66017907327134,2.05,4,0.2,2000,2,0.75,0.5,NA,NA,NA,NA,NA,1800074,2800074
600,800,74,"Shrinkage",1.46058210138146,2.05,4,0.2,2000,2,0.75,0.5,NA,NA,NA,NA,NA,1800074,2800074
600,1200,74,"TS-RIGHT",0.773529039720693,2.05,4,0.2,2000,2,0.75,0.5,24,4,40,30,TRUE,2200074,3200074
600,1200,74,"IHT",0.49865285539385,2.05,4,0.2,2000,2,0.75,0.5,NA,NA,NA,NA,NA,2200074,3200074
600,1200,74,"Lasso",1.56208930193755,2.05,4,0.2,2000,2,0.75,0.5,NA,NA,NA,NA,NA,2200074,3200074
600,1200,74,"Shrinkage",1.34000570545693,2.05,4,0.2,2000,2,0.75,0.5,NA,NA,NA,NA,NA,2200074,3200074
600,1600,74,"TS-RIGHT",0.572666222679643,2.05,4,0.2,2000,2,0.75,0.5,24,4,53.3333333333333,40,TRUE,2600074,3600074
600,1600,74,"IHT",0.468431604226707,2.05,4,0.2,2000,2,0.75,0.5,NA,NA,NA,NA,NA,2600074,3600074
600,1600,74,"Lasso",1.35293503888992,2.05,4,0.2,2000,2,0.75,0.5,NA,NA,NA,NA,NA,2600074,3600074
600,1600,74,"Shrinkage",1.45995185702369,2.05,4,0.2,2000,2,0.75,0.5,NA,NA,NA,NA,NA,2600074,3600074
600,2000,74,"TS-RIGHT",0.59153181782924,2.05,4,0.2,2000,2,0.75,0.5,24,4,66.6666666666667,50,TRUE,3000074,4000074
600,2000,74,"IHT",0.444199983558207,2.05,4,0.2,2000,2,0.75,0.5,NA,NA,NA,NA,NA,3000074,4000074
600,2000,74,"Lasso",1.32196267080324,2.05,4,0.2,2000,2,0.75,0.5,NA,NA,NA,NA,NA,3000074,4000074
600,2000,74,"Shrinkage",0.950523227150109,2.05,4,0.2,2000,2,0.75,0.5,NA,NA,NA,NA,NA,3000074,4000074
600,600,75,"TS-RIGHT",0.379411896920969,2.05,4,0.2,2000,2,0.75,0.5,24,4,20,15,TRUE,1600075,2600075
600,600,75,"IHT",0.587713471064911,2.05,4,0.2,2000,2,0.75,0.5,NA,NA,NA,NA,NA,1600075,2600075
600,600,75,"Lasso",1.69333352922236,2.05,4,0.2,2000,2,0.75,0.5,NA,NA,NA,NA,NA,1600075,2600075
600,600,75,"Shrinkage",1.69517543596737,2.05,4,0.2,2000,2,0.75,0.5,NA,NA,NA,NA,NA,1600075,2600075
600,800,75,"TS-RIGHT",0.213212921398445,2.05,4,0.2,2000,2,0.75,0.5,24,4,26.6666666666667,20,TRUE,1800075,2800075
600,800,75,"IHT",0.463346783945183,2.05,4,0.2,2000,2,0.75,0.5,NA,NA,NA,NA,NA,1800075,2800075
600,800,75,"Lasso",1.56492776358867,2.05,4,0.2,2000,2,0.75,0.5,NA,NA,NA,NA,NA,1800075,2800075
600,800,75,"Shrinkage",1.50565614665669,2.05,4,0.2,2000,2,0.75,0.5,NA,NA,NA,NA,NA,1800075,2800075
600,1200,75,"TS-RIGHT",0.476771754232657,2.05,4,0.2,2000,2,0.75,0.5,24,4,40,30,TRUE,2200075,3200075
600,1200,75,"IHT",0.406332594313967,2.05,4,0.2,2000,2,0.75,0.5,NA,NA,NA,NA,NA,2200075,3200075
600,1200,75,"Lasso",1.39683659442115,2.05,4,0.2,2000,2,0.75,0.5,NA,NA,NA,NA,NA,2200075,3200075
600,1200,75,"Shrinkage",1.49436158651753,2.05,4,0.2,2000,2,0.75,0.5,NA,NA,NA,NA,NA,2200075,3200075
600,1600,75,"TS-RIGHT",0.379762518855256,2.05,4,0.2,2000,2,0.75,0.5,24,4,53.3333333333333,40,TRUE,2600075,3600075
600,1600,75,"IHT",0.479196055276285,2.05,4,0.2,2000,2,0.75,0.5,NA,NA,NA,NA,NA,2600075,3600075
600,1600,75,"Lasso",1.51881756064403,2.05,4,0.2,2000,2,0.75,0.5,NA,NA,NA,NA,NA,2600075,3600075
600,1600,75,"Shrinkage",1.28924769365059,2.05,4,0.2,2000,2,0.75,0.5,NA,NA,NA,NA,NA,2600075,3600075
600,2000,75,"TS-RIGHT",0.556859278810897,2.05,4,0.2,2000,2,0.75,0.5,24,4,66.6666666666667,50,TRUE,3000075,4000075
600,2000,75,"IHT",0.494276742768384,2.05,4,0.2,2000,2,0.75,0.5,NA,NA,NA,NA,NA,3000075,4000075
600,2000,75,"Lasso",1.04611898383669,2.05,4,0.2,2000,2,0.75,0.5,NA,NA,NA,NA,NA,3000075,4000075
600,2000,75,"Shrinkage",0.932652943491792,2.05,4,0.2,2000,2,0.75,0.5,NA,NA,NA,NA,NA,3000075,4000075
600,600,76,"TS-RIGHT",0.362779982945848,2.05,4,0.2,2000,2,0.75,0.5,24,4,20,15,TRUE,1600076,2600076
600,600,76,"IHT",0.43211254017999,2.05,4,0.2,2000,2,0.75,0.5,NA,NA,NA,NA,NA,1600076,2600076
600,600,76,"Lasso",1.73751989626169,2.05,4,0.2,2000,2,0.75,0.5,NA,NA,NA,NA,NA,1600076,2600076
600,600,76,"Shrinkage",1.49026783495022,2.05,4,0.2,2000,2,0.75,0.5,NA,NA,NA,NA,NA,1600076,2600076
600,800,76,"TS-RIGHT",0.204988766769197,2.05,4,0.2,2000,2,0.75,0.5,24,4,26.6666666666667,20,TRUE,1800076,2800076
600,800,76,"IHT",0.405667855127391,2.05,4,0.2,2000,2,0.75,0.5,NA,NA,NA,NA,NA,1800076,2800076
600,800,76,"Lasso",1.4193970493139,2.05,4,0.2,2000,2,0.75,0.5,NA,NA,NA,NA,NA,1800076,2800076
600,800,76,"Shrinkage",1.27124146617075,2.05,4,0.2,2000,2,0.75,0.5,NA,NA,NA,NA,NA,1800076,2800076
600,1200,76,"TS-RIGHT",0.35929240378089,2.05,4,0.2,2000,2,0.75,0.5,24,4,40,30,TRUE,2200076,3200076
600,1200,76,"IHT",0.455539782161296,2.05,4,0.2,2000,2,0.75,0.5,NA,NA,NA,NA,NA,2200076,3200076
600,1200,76,"Lasso",1.41829076974011,2.05,4,0.2,2000,2,0.75,0.5,NA,NA,NA,NA,NA,2200076,3200076
600,1200,76,"Shrinkage",1.28933806003512,2.05,4,0.2,2000,2,0.75,0.5,NA,NA,NA,NA,NA,2200076,3200076
600,1600,76,"TS-RIGHT",0.401223979004122,2.05,4,0.2,2000,2,0.75,0.5,24,4,53.3333333333333,40,TRUE,2600076,3600076
600,1600,76,"IHT",0.428880241945353,2.05,4,0.2,2000,2,0.75,0.5,NA,NA,NA,NA,NA,2600076,3600076
600,1600,76,"Lasso",1.355951943778,2.05,4,0.2,2000,2,0.75,0.5,NA,NA,NA,NA,NA,2600076,3600076
600,1600,76,"Shrinkage",1.20997560595607,2.05,4,0.2,2000,2,0.75,0.5,NA,NA,NA,NA,NA,2600076,3600076
600,2000,76,"TS-RIGHT",0.30293835897467,2.05,4,0.2,2000,2,0.75,0.5,24,4,66.6666666666667,50,TRUE,3000076,4000076
600,2000,76,"IHT",0.489270324069048,2.05,4,0.2,2000,2,0.75,0.5,NA,NA,NA,NA,NA,3000076,4000076
600,2000,76,"Lasso",1.35395182557681,2.05,4,0.2,2000,2,0.75,0.5,NA,NA,NA,NA,NA,3000076,4000076
600,2000,76,"Shrinkage",1.1543175721483,2.05,4,0.2,2000,2,0.75,0.5,NA,NA,NA,NA,NA,3000076,4000076
600,600,77,"TS-RIGHT",0.720677724304644,2.05,4,0.2,2000,2,0.75,0.5,24,4,20,15,TRUE,1600077,2600077
600,600,77,"IHT",0.508963400403272,2.05,4,0.2,2000,2,0.75,0.5,NA,NA,NA,NA,NA,1600077,2600077
600,600,77,"Lasso",1.60235700449791,2.05,4,0.2,2000,2,0.75,0.5,NA,NA,NA,NA,NA,1600077,2600077
600,600,77,"Shrinkage",1.5277485662872,2.05,4,0.2,2000,2,0.75,0.5,NA,NA,NA,NA,NA,1600077,2600077
600,800,77,"TS-RIGHT",0.499087712878795,2.05,4,0.2,2000,2,0.75,0.5,24,4,26.6666666666667,20,TRUE,1800077,2800077
600,800,77,"IHT",0.468663450391645,2.05,4,0.2,2000,2,0.75,0.5,NA,NA,NA,NA,NA,1800077,2800077
600,800,77,"Lasso",1.65915950820417,2.05,4,0.2,2000,2,0.75,0.5,NA,NA,NA,NA,NA,1800077,2800077
600,800,77,"Shrinkage",1.57877663917832,2.05,4,0.2,2000,2,0.75,0.5,NA,NA,NA,NA,NA,1800077,2800077
600,1200,77,"TS-RIGHT",0.173333084136076,2.05,4,0.2,2000,2,0.75,0.5,24,4,40,30,TRUE,2200077,3200077
600,1200,77,"IHT",0.515352630793845,2.05,4,0.2,2000,2,0.75,0.5,NA,NA,NA,NA,NA,2200077,3200077
600,1200,77,"Lasso",1.43214316342533,2.05,4,0.2,2000,2,0.75,0.5,NA,NA,NA,NA,NA,2200077,3200077
600,1200,77,"Shrinkage",1.46423057193951,2.05,4,0.2,2000,2,0.75,0.5,NA,NA,NA,NA,NA,2200077,3200077
600,1600,77,"TS-RIGHT",0.133893086497769,2.05,4,0.2,2000,2,0.75,0.5,24,4,53.3333333333333,40,TRUE,2600077,3600077
600,1600,77,"IHT",0.541402580108872,2.05,4,0.2,2000,2,0.75,0.5,NA,NA,NA,NA,NA,2600077,3600077
600,1600,77,"Lasso",1.38516334086277,2.05,4,0.2,2000,2,0.75,0.5,NA,NA,NA,NA,NA,2600077,3600077
600,1600,77,"Shrinkage",1.29501845814868,2.05,4,0.2,2000,2,0.75,0.5,NA,NA,NA,NA,NA,2600077,3600077
600,2000,77,"TS-RIGHT",0.241839817815945,2.05,4,0.2,2000,2,0.75,0.5,24,4,66.6666666666667,50,TRUE,3000077,4000077
600,2000,77,"IHT",0.46558818233245,2.05,4,0.2,2000,2,0.75,0.5,NA,NA,NA,NA,NA,3000077,4000077
600,2000,77,"Lasso",1.33437577101062,2.05,4,0.2,2000,2,0.75,0.5,NA,NA,NA,NA,NA,3000077,4000077
600,2000,77,"Shrinkage",1.29712652326605,2.05,4,0.2,2000,2,0.75,0.5,NA,NA,NA,NA,NA,3000077,4000077
600,600,78,"TS-RIGHT",0.390129644726909,2.05,4,0.2,2000,2,0.75,0.5,24,4,20,15,TRUE,1600078,2600078
600,600,78,"IHT",0.357744450799857,2.05,4,0.2,2000,2,0.75,0.5,NA,NA,NA,NA,NA,1600078,2600078
600,600,78,"Lasso",1.69783109227326,2.05,4,0.2,2000,2,0.75,0.5,NA,NA,NA,NA,NA,1600078,2600078
600,600,78,"Shrinkage",1.47130764303177,2.05,4,0.2,2000,2,0.75,0.5,NA,NA,NA,NA,NA,1600078,2600078
600,800,78,"TS-RIGHT",0.493642927454752,2.05,4,0.2,2000,2,0.75,0.5,24,4,26.6666666666667,20,TRUE,1800078,2800078
600,800,78,"IHT",0.583779250958156,2.05,4,0.2,2000,2,0.75,0.5,NA,NA,NA,NA,NA,1800078,2800078
600,800,78,"Lasso",1.67862548137357,2.05,4,0.2,2000,2,0.75,0.5,NA,NA,NA,NA,NA,1800078,2800078
600,800,78,"Shrinkage",1.62323710439881,2.05,4,0.2,2000,2,0.75,0.5,NA,NA,NA,NA,NA,1800078,2800078
600,1200,78,"TS-RIGHT",0.771294789849582,2.05,4,0.2,2000,2,0.75,0.5,24,4,40,30,TRUE,2200078,3200078
600,1200,78,"IHT",0.534926780144135,2.05,4,0.2,2000,2,0.75,0.5,NA,NA,NA,NA,NA,2200078,3200078
600,1200,78,"Lasso",1.41926296630555,2.05,4,0.2,2000,2,0.75,0.5,NA,NA,NA,NA,NA,2200078,3200078
600,1200,78,"Shrinkage",1.1733959400533,2.05,4,0.2,2000,2,0.75,0.5,NA,NA,NA,NA,NA,2200078,3200078
600,1600,78,"TS-RIGHT",0.424127154525207,2.05,4,0.2,2000,2,0.75,0.5,24,4,53.3333333333333,40,TRUE,2600078,3600078
600,1600,78,"IHT",0.572954341372513,2.05,4,0.2,2000,2,0.75,0.5,NA,NA,NA,NA,NA,2600078,3600078
600,1600,78,"Lasso",1.57758760181052,2.05,4,0.2,2000,2,0.75,0.5,NA,NA,NA,NA,NA,2600078,3600078
600,1600,78,"Shrinkage",1.31758564831568,2.05,4,0.2,2000,2,0.75,0.5,NA,NA,NA,NA,NA,2600078,3600078
600,2000,78,"TS-RIGHT",0.542875792862032,2.05,4,0.2,2000,2,0.75,0.5,24,4,66.6666666666667,50,TRUE,3000078,4000078
600,2000,78,"IHT",0.570451364758952,2.05,4,0.2,2000,2,0.75,0.5,NA,NA,NA,NA,NA,3000078,4000078
600,2000,78,"Lasso",1.36704495223349,2.05,4,0.2,2000,2,0.75,0.5,NA,NA,NA,NA,NA,3000078,4000078
600,2000,78,"Shrinkage",1.24389567409861,2.05,4,0.2,2000,2,0.75,0.5,NA,NA,NA,NA,NA,3000078,4000078
600,600,79,"TS-RIGHT",0.221132869203263,2.05,4,0.2,2000,2,0.75,0.5,24,4,20,15,TRUE,1600079,2600079
600,600,79,"IHT",0.415581959992096,2.05,4,0.2,2000,2,0.75,0.5,NA,NA,NA,NA,NA,1600079,2600079
600,600,79,"Lasso",1.70396877206669,2.05,4,0.2,2000,2,0.75,0.5,NA,NA,NA,NA,NA,1600079,2600079
600,600,79,"Shrinkage",1.64299638827036,2.05,4,0.2,2000,2,0.75,0.5,NA,NA,NA,NA,NA,1600079,2600079
600,800,79,"TS-RIGHT",0.616027375550122,2.05,4,0.2,2000,2,0.75,0.5,24,4,26.6666666666667,20,TRUE,1800079,2800079
600,800,79,"IHT",0.577798524318239,2.05,4,0.2,2000,2,0.75,0.5,NA,NA,NA,NA,NA,1800079,2800079
600,800,79,"Lasso",1.76586904446335,2.05,4,0.2,2000,2,0.75,0.5,NA,NA,NA,NA,NA,1800079,2800079
600,800,79,"Shrinkage",1.61245775150369,2.05,4,0.2,2000,2,0.75,0.5,NA,NA,NA,NA,NA,1800079,2800079
600,1200,79,"TS-RIGHT",0.257965066425196,2.05,4,0.2,2000,2,0.75,0.5,24,4,40,30,TRUE,2200079,3200079
600,1200,79,"IHT",0.417125230432497,2.05,4,0.2,2000,2,0.75,0.5,NA,NA,NA,NA,NA,2200079,3200079
600,1200,79,"Lasso",1.32686435744962,2.05,4,0.2,2000,2,0.75,0.5,NA,NA,NA,NA,NA,2200079,3200079
600,1200,79,"Shrinkage",0.98134419631673,2.05,4,0.2,2000,2,0.75,0.5,NA,NA,NA,NA,NA,2200079,3200079
600,1600,79,"TS-RIGHT",0.273875373177133,2.05,4,0.2,2000,2,0.75,0.5,24,4,53.3333333333333,40,TRUE,2600079,3600079
600,1600,79,"IHT",0.587554631835188,2.05,4,0.2,2000,2,0.75,0.5,NA,NA,NA,NA,NA,2600079,3600079
600,1600,79,"Lasso",1.39979403772873,2.05,4,0.2,2000,2,0.75,0.5,NA,NA,NA,NA,NA,2600079,3600079
600,1600,79,"Shrinkage",1.37328789263483,2.05,4,0.2,2000,2,0.75,0.5,NA,NA,NA,NA,NA,2600079,3600079
600,2000,79,"TS-RIGHT",0.338563869228923,2.05,4,0.2,2000,2,0.75,0.5,24,4,66.6666666666667,50,TRUE,3000079,4000079
600,2000,79,"IHT",0.465347766021412,2.05,4,0.2,2000,2,0.75,0.5,NA,NA,NA,NA,NA,3000079,4000079
600,2000,79,"Lasso",1.32981205168562,2.05,4,0.2,2000,2,0.75,0.5,NA,NA,NA,NA,NA,3000079,4000079
600,2000,79,"Shrinkage",1.02532662138739,2.05,4,0.2,2000,2,0.75,0.5,NA,NA,NA,NA,NA,3000079,4000079
600,600,80,"TS-RIGHT",0.727852536023716,2.05,4,0.2,2000,2,0.75,0.5,24,4,20,15,TRUE,1600080,2600080
600,600,80,"IHT",0.642198462154424,2.05,4,0.2,2000,2,0.75,0.5,NA,NA,NA,NA,NA,1600080,2600080
600,600,80,"Lasso",1.63078000470165,2.05,4,0.2,2000,2,0.75,0.5,NA,NA,NA,NA,NA,1600080,2600080
600,600,80,"Shrinkage",1.51758057620852,2.05,4,0.2,2000,2,0.75,0.5,NA,NA,NA,NA,NA,1600080,2600080
600,800,80,"TS-RIGHT",0.302145802085927,2.05,4,0.2,2000,2,0.75,0.5,24,4,26.6666666666667,20,TRUE,1800080,2800080
600,800,80,"IHT",0.5158726724439,2.05,4,0.2,2000,2,0.75,0.5,NA,NA,NA,NA,NA,1800080,2800080
600,800,80,"Lasso",1.51234273083791,2.05,4,0.2,2000,2,0.75,0.5,NA,NA,NA,NA,NA,1800080,2800080
600,800,80,"Shrinkage",1.62955887792203,2.05,4,0.2,2000,2,0.75,0.5,NA,NA,NA,NA,NA,1800080,2800080
600,1200,80,"TS-RIGHT",0.6588357939508,2.05,4,0.2,2000,2,0.75,0.5,24,4,40,30,TRUE,2200080,3200080
600,1200,80,"IHT",0.47974507624704,2.05,4,0.2,2000,2,0.75,0.5,NA,NA,NA,NA,NA,2200080,3200080
600,1200,80,"Lasso",1.41692005441285,2.05,4,0.2,2000,2,0.75,0.5,NA,NA,NA,NA,NA,2200080,3200080
600,1200,80,"Shrinkage",1.37498561664712,2.05,4,0.2,2000,2,0.75,0.5,NA,NA,NA,NA,NA,2200080,3200080
600,1600,80,"TS-RIGHT",0.239049501986923,2.05,4,0.2,2000,2,0.75,0.5,24,4,53.3333333333333,40,TRUE,2600080,3600080
600,1600,80,"IHT",0.57896943712106,2.05,4,0.2,2000,2,0.75,0.5,NA,NA,NA,NA,NA,2600080,3600080
600,1600,80,"Lasso",1.54418358359245,2.05,4,0.2,2000,2,0.75,0.5,NA,NA,NA,NA,NA,2600080,3600080
600,1600,80,"Shrinkage",1.31705433654443,2.05,4,0.2,2000,2,0.75,0.5,NA,NA,NA,NA,NA,2600080,3600080
600,2000,80,"TS-RIGHT",0.111508290649587,2.05,4,0.2,2000,2,0.75,0.5,24,4,66.6666666666667,50,TRUE,3000080,4000080
600,2000,80,"IHT",0.53523753962956,2.05,4,0.2,2000,2,0.75,0.5,NA,NA,NA,NA,NA,3000080,4000080
600,2000,80,"Lasso",1.37301154106894,2.05,4,0.2,2000,2,0.75,0.5,NA,NA,NA,NA,NA,3000080,4000080
600,2000,80,"Shrinkage",1.15070618940914,2.05,4,0.2,2000,2,0.75,0.5,NA,NA,NA,NA,NA,3000080,4000080
600,600,81,"TS-RIGHT",0.266809460762532,2.05,4,0.2,2000,2,0.75,0.5,24,4,20,15,TRUE,1600081,2600081
600,600,81,"IHT",0.497661335359397,2.05,4,0.2,2000,2,0.75,0.5,NA,NA,NA,NA,NA,1600081,2600081
600,600,81,"Lasso",1.61484925923901,2.05,4,0.2,2000,2,0.75,0.5,NA,NA,NA,NA,NA,1600081,2600081
600,600,81,"Shrinkage",1.53608692537343,2.05,4,0.2,2000,2,0.75,0.5,NA,NA,NA,NA,NA,1600081,2600081
600,800,81,"TS-RIGHT",0.504262761443141,2.05,4,0.2,2000,2,0.75,0.5,24,4,26.6666666666667,20,TRUE,1800081,2800081
600,800,81,"IHT",0.507279615406516,2.05,4,0.2,2000,2,0.75,0.5,NA,NA,NA,NA,NA,1800081,2800081
600,800,81,"Lasso",1.68762914120715,2.05,4,0.2,2000,2,0.75,0.5,NA,NA,NA,NA,NA,1800081,2800081
600,800,81,"Shrinkage",1.58645576773076,2.05,4,0.2,2000,2,0.75,0.5,NA,NA,NA,NA,NA,1800081,2800081
600,1200,81,"TS-RIGHT",0.166160316250718,2.05,4,0.2,2000,2,0.75,0.5,24,4,40,30,TRUE,2200081,3200081
600,1200,81,"IHT",0.51068603294287,2.05,4,0.2,2000,2,0.75,0.5,NA,NA,NA,NA,NA,2200081,3200081
600,1200,81,"Lasso",1.53810309775226,2.05,4,0.2,2000,2,0.75,0.5,NA,NA,NA,NA,NA,2200081,3200081
600,1200,81,"Shrinkage",1.15446226791158,2.05,4,0.2,2000,2,0.75,0.5,NA,NA,NA,NA,NA,2200081,3200081
600,1600,81,"TS-RIGHT",0.179475724568635,2.05,4,0.2,2000,2,0.75,0.5,24,4,53.3333333333333,40,TRUE,2600081,3600081
600,1600,81,"IHT",0.446930660768514,2.05,4,0.2,2000,2,0.75,0.5,NA,NA,NA,NA,NA,2600081,3600081
600,1600,81,"Lasso",1.16468348630605,2.05,4,0.2,2000,2,0.75,0.5,NA,NA,NA,NA,NA,2600081,3600081
600,1600,81,"Shrinkage",1.0645196456097,2.05,4,0.2,2000,2,0.75,0.5,NA,NA,NA,NA,NA,2600081,3600081
600,2000,81,"TS-RIGHT",0.234127606829602,2.05,4,0.2,2000,2,0.75,0.5,24,4,66.6666666666667,50,TRUE,3000081,4000081
600,2000,81,"IHT",0.573420192089614,2.05,4,0.2,2000,2,0.75,0.5,NA,NA,NA,NA,NA,3000081,4000081
600,2000,81,"Lasso",1.43854782113622,2.05,4,0.2,2000,2,0.75,0.5,NA,NA,NA,NA,NA,3000081,4000081
600,2000,81,"Shrinkage",1.26153955018787,2.05,4,0.2,2000,2,0.75,0.5,NA,NA,NA,NA,NA,3000081,4000081
600,600,82,"TS-RIGHT",0.309868771699921,2.05,4,0.2,2000,2,0.75,0.5,24,4,20,15,TRUE,1600082,2600082
600,600,82,"IHT",0.701872080897629,2.05,4,0.2,2000,2,0.75,0.5,NA,NA,NA,NA,NA,1600082,2600082
600,600,82,"Lasso",1.766330798563,2.05,4,0.2,2000,2,0.75,0.5,NA,NA,NA,NA,NA,1600082,2600082
600,600,82,"Shrinkage",1.72624500417639,2.05,4,0.2,2000,2,0.75,0.5,NA,NA,NA,NA,NA,1600082,2600082
600,800,82,"TS-RIGHT",0.292725204550554,2.05,4,0.2,2000,2,0.75,0.5,24,4,26.6666666666667,20,TRUE,1800082,2800082
600,800,82,"IHT",0.447082710208966,2.05,4,0.2,2000,2,0.75,0.5,NA,NA,NA,NA,NA,1800082,2800082
600,800,82,"Lasso",1.57601263780577,2.05,4,0.2,2000,2,0.75,0.5,NA,NA,NA,NA,NA,1800082,2800082
600,800,82,"Shrinkage",1.09113938087629,2.05,4,0.2,2000,2,0.75,0.5,NA,NA,NA,NA,NA,1800082,2800082
600,1200,82,"TS-RIGHT",0.335329272699704,2.05,4,0.2,2000,2,0.75,0.5,24,4,40,30,TRUE,2200082,3200082
600,1200,82,"IHT",0.553965903439622,2.05,4,0.2,2000,2,0.75,0.5,NA,NA,NA,NA,NA,2200082,3200082
600,1200,82,"Lasso",1.28075746660068,2.05,4,0.2,2000,2,0.75,0.5,NA,NA,NA,NA,NA,2200082,3200082
600,1200,82,"Shrinkage",1.28203230069472,2.05,4,0.2,2000,2,0.75,0.5,NA,NA,NA,NA,NA,2200082,3200082
600,1600,82,"TS-RIGHT",0.314301368975775,2.05,4,0.2,2000,2,0.75,0.5,24,4,53.3333333333333,40,TRUE,2600082,3600082
600,1600,82,"IHT",0.47520208796257,2.05,4,0.2,2000,2,0.75,0.5,NA,NA,NA,NA,NA,2600082,3600082
600,1600,82,"Lasso",1.24603744730324,2.05,4,0.2,2000,2,0.75,0.5,NA,NA,NA,NA,NA,2600082,3600082
600,1600,82,"Shrinkage",1.15518350635966,2.05,4,0.2,2000,2,0.75,0.5,NA,NA,NA,NA,NA,2600082,3600082
600,2000,82,"TS-RIGHT",0.928752153940211,2.05,4,0.2,2000,2,0.75,0.5,24,4,66.6666666666667,50,TRUE,3000082,4000082
600,2000,82,"IHT",0.546641513661062,2.05,4,0.2,2000,2,0.75,0.5,NA,NA,NA,NA,NA,3000082,4000082
600,2000,82,"Lasso",1.31082189669678,2.05,4,0.2,2000,2,0.75,0.5,NA,NA,NA,NA,NA,3000082,4000082
600,2000,82,"Shrinkage",1.16848022923298,2.05,4,0.2,2000,2,0.75,0.5,NA,NA,NA,NA,NA,3000082,4000082
600,600,83,"TS-RIGHT",0.471183547699563,2.05,4,0.2,2000,2,0.75,0.5,24,4,20,15,TRUE,1600083,2600083
600,600,83,"IHT",0.614749464073435,2.05,4,0.2,2000,2,0.75,0.5,NA,NA,NA,NA,NA,1600083,2600083
600,600,83,"Lasso",1.84791758264775,2.05,4,0.2,2000,2,0.75,0.5,NA,NA,NA,NA,NA,1600083,2600083
600,600,83,"Shrinkage",1.52486878433706,2.05,4,0.2,2000,2,0.75,0.5,NA,NA,NA,NA,NA,1600083,2600083
600,800,83,"TS-RIGHT",0.185139425446349,2.05,4,0.2,2000,2,0.75,0.5,24,4,26.6666666666667,20,TRUE,1800083,2800083
600,800,83,"IHT",0.431759425132678,2.05,4,0.2,2000,2,0.75,0.5,NA,NA,NA,NA,NA,1800083,2800083
600,800,83,"Lasso",1.47641994534007,2.05,4,0.2,2000,2,0.75,0.5,NA,NA,NA,NA,NA,1800083,2800083
600,800,83,"Shrinkage",1.11328703231436,2.05,4,0.2,2000,2,0.75,0.5,NA,NA,NA,NA,NA,1800083,2800083
600,1200,83,"TS-RIGHT",0.69400859174946,2.05,4,0.2,2000,2,0.75,0.5,24,4,40,30,TRUE,2200083,3200083
600,1200,83,"IHT",0.418384917604508,2.05,4,0.2,2000,2,0.75,0.5,NA,NA,NA,NA,NA,2200083,3200083
600,1200,83,"Lasso",1.42700932308536,2.05,4,0.2,2000,2,0.75,0.5,NA,NA,NA,NA,NA,2200083,3200083
600,1200,83,"Shrinkage",1.37592057229563,2.05,4,0.2,2000,2,0.75,0.5,NA,NA,NA,NA,NA,2200083,3200083
600,1600,83,"TS-RIGHT",0.818645132087139,2.05,4,0.2,2000,2,0.75,0.5,24,4,53.3333333333333,40,TRUE,2600083,3600083
600,1600,83,"IHT",0.545920752647818,2.05,4,0.2,2000,2,0.75,0.5,NA,NA,NA,NA,NA,2600083,3600083
600,1600,83,"Lasso",1.40308117970178,2.05,4,0.2,2000,2,0.75,0.5,NA,NA,NA,NA,NA,2600083,3600083
600,1600,83,"Shrinkage",1.26388028136197,2.05,4,0.2,2000,2,0.75,0.5,NA,NA,NA,NA,NA,2600083,3600083
600,2000,83,"TS-RIGHT",0.639421398576046,2.05,4,0.2,2000,2,0.75,0.5,24,4,66.6666666666667,50,TRUE,3000083,4000083
600,2000,83,"IHT",0.552035762967618,2.05,4,0.2,2000,2,0.75,0.5,NA,NA,NA,NA,NA,3000083,4000083
600,2000,83,"Lasso",1.09564003266937,2.05,4,0.2,2000,2,0.75,0.5,NA,NA,NA,NA,NA,3000083,4000083
600,2000,83,"Shrinkage",1.28566988242882,2.05,4,0.2,2000,2,0.75,0.5,NA,NA,NA,NA,NA,3000083,4000083
600,600,84,"TS-RIGHT",0.278849966077396,2.05,4,0.2,2000,2,0.75,0.5,24,4,20,15,TRUE,1600084,2600084
600,600,84,"IHT",0.464940871832614,2.05,4,0.2,2000,2,0.75,0.5,NA,NA,NA,NA,NA,1600084,2600084
600,600,84,"Lasso",1.50658524633212,2.05,4,0.2,2000,2,0.75,0.5,NA,NA,NA,NA,NA,1600084,2600084
600,600,84,"Shrinkage",1.2978811787773,2.05,4,0.2,2000,2,0.75,0.5,NA,NA,NA,NA,NA,1600084,2600084
600,800,84,"TS-RIGHT",0.25463618442162,2.05,4,0.2,2000,2,0.75,0.5,24,4,26.6666666666667,20,TRUE,1800084,2800084
600,800,84,"IHT",0.561348506852324,2.05,4,0.2,2000,2,0.75,0.5,NA,NA,NA,NA,NA,1800084,2800084
600,800,84,"Lasso",1.53312527872435,2.05,4,0.2,2000,2,0.75,0.5,NA,NA,NA,NA,NA,1800084,2800084
600,800,84,"Shrinkage",1.4454280394622,2.05,4,0.2,2000,2,0.75,0.5,NA,NA,NA,NA,NA,1800084,2800084
600,1200,84,"TS-RIGHT",0.401605925569983,2.05,4,0.2,2000,2,0.75,0.5,24,4,40,30,TRUE,2200084,3200084
600,1200,84,"IHT",0.455119792214519,2.05,4,0.2,2000,2,0.75,0.5,NA,NA,NA,NA,NA,2200084,3200084
600,1200,84,"Lasso",2.23606797785386,2.05,4,0.2,2000,2,0.75,0.5,NA,NA,NA,NA,NA,2200084,3200084
600,1200,84,"Shrinkage",1.21208805742625,2.05,4,0.2,2000,2,0.75,0.5,NA,NA,NA,NA,NA,2200084,3200084
600,1600,84,"TS-RIGHT",0.0874875178202628,2.05,4,0.2,2000,2,0.75,0.5,24,4,53.3333333333333,40,TRUE,2600084,3600084
600,1600,84,"IHT",0.464009785941147,2.05,4,0.2,2000,2,0.75,0.5,NA,NA,NA,NA,NA,2600084,3600084
600,1600,84,"Lasso",1.29033957610667,2.05,4,0.2,2000,2,0.75,0.5,NA,NA,NA,NA,NA,2600084,3600084
600,1600,84,"Shrinkage",1.25170770851197,2.05,4,0.2,2000,2,0.75,0.5,NA,NA,NA,NA,NA,2600084,3600084
600,2000,84,"TS-RIGHT",0.496472953225055,2.05,4,0.2,2000,2,0.75,0.5,24,4,66.6666666666667,50,TRUE,3000084,4000084
600,2000,84,"IHT",0.530486349827323,2.05,4,0.2,2000,2,0.75,0.5,NA,NA,NA,NA,NA,3000084,4000084
600,2000,84,"Lasso",1.37192585353512,2.05,4,0.2,2000,2,0.75,0.5,NA,NA,NA,NA,NA,3000084,4000084
600,2000,84,"Shrinkage",1.28329672558895,2.05,4,0.2,2000,2,0.75,0.5,NA,NA,NA,NA,NA,3000084,4000084
600,600,85,"TS-RIGHT",0.646443969849405,2.05,4,0.2,2000,2,0.75,0.5,24,4,20,15,TRUE,1600085,2600085
600,600,85,"IHT",0.572815356055748,2.05,4,0.2,2000,2,0.75,0.5,NA,NA,NA,NA,NA,1600085,2600085
600,600,85,"Lasso",1.8934133012346,2.05,4,0.2,2000,2,0.75,0.5,NA,NA,NA,NA,NA,1600085,2600085
600,600,85,"Shrinkage",1.70291746622071,2.05,4,0.2,2000,2,0.75,0.5,NA,NA,NA,NA,NA,1600085,2600085
600,800,85,"TS-RIGHT",0.163177769978666,2.05,4,0.2,2000,2,0.75,0.5,24,4,26.6666666666667,20,TRUE,1800085,2800085
600,800,85,"IHT",0.53694833207392,2.05,4,0.2,2000,2,0.75,0.5,NA,NA,NA,NA,NA,1800085,2800085
600,800,85,"Lasso",1.51432563665791,2.05,4,0.2,2000,2,0.75,0.5,NA,NA,NA,NA,NA,1800085,2800085
600,800,85,"Shrinkage",1.44437224680329,2.05,4,0.2,2000,2,0.75,0.5,NA,NA,NA,NA,NA,1800085,2800085
600,1200,85,"TS-RIGHT",0.317286542670576,2.05,4,0.2,2000,2,0.75,0.5,24,4,40,30,TRUE,2200085,3200085
600,1200,85,"IHT",0.463746485304422,2.05,4,0.2,2000,2,0.75,0.5,NA,NA,NA,NA,NA,2200085,3200085
600,1200,85,"Lasso",1.47125119190601,2.05,4,0.2,2000,2,0.75,0.5,NA,NA,NA,NA,NA,2200085,3200085
600,1200,85,"Shrinkage",1.52167254871034,2.05,4,0.2,2000,2,0.75,0.5,NA,NA,NA,NA,NA,2200085,3200085
600,1600,85,"TS-RIGHT",0.569147918408404,2.05,4,0.2,2000,2,0.75,0.5,24,4,53.3333333333333,40,TRUE,2600085,3600085
600,1600,85,"IHT",0.473658041805652,2.05,4,0.2,2000,2,0.75,0.5,NA,NA,NA,NA,NA,2600085,3600085
600,1600,85,"Lasso",1.42055998939499,2.05,4,0.2,2000,2,0.75,0.5,NA,NA,NA,NA,NA,2600085,3600085
600,1600,85,"Shrinkage",1.33685542990167,2.05,4,0.2,2000,2,0.75,0.5,NA,NA,NA,NA,NA,2600085,3600085
600,2000,85,"TS-RIGHT",0.448592696465377,2.05,4,0.2,2000,2,0.75,0.5,24,4,66.6666666666667,50,TRUE,3000085,4000085
600,2000,85,"IHT",0.478955010369376,2.05,4,0.2,2000,2,0.75,0.5,NA,NA,NA,NA,NA,3000085,4000085
600,2000,85,"Lasso",1.26760742861036,2.05,4,0.2,2000,2,0.75,0.5,NA,NA,NA,NA,NA,3000085,4000085
600,2000,85,"Shrinkage",1.11233402605057,2.05,4,0.2,2000,2,0.75,0.5,NA,NA,NA,NA,NA,3000085,4000085
600,600,86,"TS-RIGHT",0.58263717527533,2.05,4,0.2,2000,2,0.75,0.5,24,4,20,15,TRUE,1600086,2600086
600,600,86,"IHT",0.593254957620947,2.05,4,0.2,2000,2,0.75,0.5,NA,NA,NA,NA,NA,1600086,2600086
600,600,86,"Lasso",1.62515314869891,2.05,4,0.2,2000,2,0.75,0.5,NA,NA,NA,NA,NA,1600086,2600086
600,600,86,"Shrinkage",1.64162587754047,2.05,4,0.2,2000,2,0.75,0.5,NA,NA,NA,NA,NA,1600086,2600086
600,800,86,"TS-RIGHT",0.322218172140634,2.05,4,0.2,2000,2,0.75,0.5,24,4,26.6666666666667,20,TRUE,1800086,2800086
600,800,86,"IHT",0.554392148607457,2.05,4,0.2,2000,2,0.75,0.5,NA,NA,NA,NA,NA,1800086,2800086
600,800,86,"Lasso",1.68238258458844,2.05,4,0.2,2000,2,0.75,0.5,NA,NA,NA,NA,NA,1800086,2800086
600,800,86,"Shrinkage",1.38362947472026,2.05,4,0.2,2000,2,0.75,0.5,NA,NA,NA,NA,NA,1800086,2800086
600,1200,86,"TS-RIGHT",0.158829542656984,2.05,4,0.2,2000,2,0.75,0.5,24,4,40,30,TRUE,2200086,3200086
600,1200,86,"IHT",0.545961333079944,2.05,4,0.2,2000,2,0.75,0.5,NA,NA,NA,NA,NA,2200086,3200086
600,1200,86,"Lasso",1.54153457414748,2.05,4,0.2,2000,2,0.75,0.5,NA,NA,NA,NA,NA,2200086,3200086
600,1200,86,"Shrinkage",1.24997244702031,2.05,4,0.2,2000,2,0.75,0.5,NA,NA,NA,NA,NA,2200086,3200086
600,1600,86,"TS-RIGHT",0.550591846749403,2.05,4,0.2,2000,2,0.75,0.5,24,4,53.3333333333333,40,TRUE,2600086,3600086
600,1600,86,"IHT",0.567890233649545,2.05,4,0.2,2000,2,0.75,0.5,NA,NA,NA,NA,NA,2600086,3600086
600,1600,86,"Lasso",1.3576818456911,2.05,4,0.2,2000,2,0.75,0.5,NA,NA,NA,NA,NA,2600086,3600086
600,1600,86,"Shrinkage",1.27887516720312,2.05,4,0.2,2000,2,0.75,0.5,NA,NA,NA,NA,NA,2600086,3600086
600,2000,86,"TS-RIGHT",0.101317457679066,2.05,4,0.2,2000,2,0.75,0.5,24,4,66.6666666666667,50,TRUE,3000086,4000086
600,2000,86,"IHT",0.486269465518192,2.05,4,0.2,2000,2,0.75,0.5,NA,NA,NA,NA,NA,3000086,4000086
600,2000,86,"Lasso",1.21917419645435,2.05,4,0.2,2000,2,0.75,0.5,NA,NA,NA,NA,NA,3000086,4000086
600,2000,86,"Shrinkage",0.918133873700582,2.05,4,0.2,2000,2,0.75,0.5,NA,NA,NA,NA,NA,3000086,4000086
600,600,87,"TS-RIGHT",0.289192648976376,2.05,4,0.2,2000,2,0.75,0.5,24,4,20,15,TRUE,1600087,2600087
600,600,87,"IHT",0.38151446926124,2.05,4,0.2,2000,2,0.75,0.5,NA,NA,NA,NA,NA,1600087,2600087
600,600,87,"Lasso",1.47593320233446,2.05,4,0.2,2000,2,0.75,0.5,NA,NA,NA,NA,NA,1600087,2600087
600,600,87,"Shrinkage",1.40858476432596,2.05,4,0.2,2000,2,0.75,0.5,NA,NA,NA,NA,NA,1600087,2600087
600,800,87,"TS-RIGHT",0.673404549526306,2.05,4,0.2,2000,2,0.75,0.5,24,4,26.6666666666667,20,TRUE,1800087,2800087
600,800,87,"IHT",0.534822567350227,2.05,4,0.2,2000,2,0.75,0.5,NA,NA,NA,NA,NA,1800087,2800087
600,800,87,"Lasso",2.236067979035,2.05,4,0.2,2000,2,0.75,0.5,NA,NA,NA,NA,NA,1800087,2800087
600,800,87,"Shrinkage",1.49667227926802,2.05,4,0.2,2000,2,0.75,0.5,NA,NA,NA,NA,NA,1800087,2800087
600,1200,87,"TS-RIGHT",0.249050379924045,2.05,4,0.2,2000,2,0.75,0.5,24,4,40,30,TRUE,2200087,3200087
600,1200,87,"IHT",0.480816729206267,2.05,4,0.2,2000,2,0.75,0.5,NA,NA,NA,NA,NA,2200087,3200087
600,1200,87,"Lasso",1.50807152977643,2.05,4,0.2,2000,2,0.75,0.5,NA,NA,NA,NA,NA,2200087,3200087
600,1200,87,"Shrinkage",1.22374765882721,2.05,4,0.2,2000,2,0.75,0.5,NA,NA,NA,NA,NA,2200087,3200087
600,1600,87,"TS-RIGHT",0.367793082816768,2.05,4,0.2,2000,2,0.75,0.5,24,4,53.3333333333333,40,TRUE,2600087,3600087
600,1600,87,"IHT",0.500476957861919,2.05,4,0.2,2000,2,0.75,0.5,NA,NA,NA,NA,NA,2600087,3600087
600,1600,87,"Lasso",1.54030349489121,2.05,4,0.2,2000,2,0.75,0.5,NA,NA,NA,NA,NA,2600087,3600087
600,1600,87,"Shrinkage",1.21043415598267,2.05,4,0.2,2000,2,0.75,0.5,NA,NA,NA,NA,NA,2600087,3600087
600,2000,87,"TS-RIGHT",0.507800136667864,2.05,4,0.2,2000,2,0.75,0.5,24,4,66.6666666666667,50,TRUE,3000087,4000087
600,2000,87,"IHT",0.536132166230717,2.05,4,0.2,2000,2,0.75,0.5,NA,NA,NA,NA,NA,3000087,4000087
600,2000,87,"Lasso",1.47764480779192,2.05,4,0.2,2000,2,0.75,0.5,NA,NA,NA,NA,NA,3000087,4000087
600,2000,87,"Shrinkage",1.25201055550549,2.05,4,0.2,2000,2,0.75,0.5,NA,NA,NA,NA,NA,3000087,4000087
600,600,88,"TS-RIGHT",0.409889305320388,2.05,4,0.2,2000,2,0.75,0.5,24,4,20,15,TRUE,1600088,2600088
600,600,88,"IHT",0.432313460215913,2.05,4,0.2,2000,2,0.75,0.5,NA,NA,NA,NA,NA,1600088,2600088
600,600,88,"Lasso",1.65060773645083,2.05,4,0.2,2000,2,0.75,0.5,NA,NA,NA,NA,NA,1600088,2600088
600,600,88,"Shrinkage",1.23351269376155,2.05,4,0.2,2000,2,0.75,0.5,NA,NA,NA,NA,NA,1600088,2600088
600,800,88,"TS-RIGHT",0.19726427033655,2.05,4,0.2,2000,2,0.75,0.5,24,4,26.6666666666667,20,TRUE,1800088,2800088
600,800,88,"IHT",0.466536542650376,2.05,4,0.2,2000,2,0.75,0.5,NA,NA,NA,NA,NA,1800088,2800088
600,800,88,"Lasso",1.50566409707101,2.05,4,0.2,2000,2,0.75,0.5,NA,NA,NA,NA,NA,1800088,2800088
600,800,88,"Shrinkage",1.44647605710121,2.05,4,0.2,2000,2,0.75,0.5,NA,NA,NA,NA,NA,1800088,2800088
600,1200,88,"TS-RIGHT",0.62189185045551,2.05,4,0.2,2000,2,0.75,0.5,24,4,40,30,TRUE,2200088,3200088
600,1200,88,"IHT",0.530619551522566,2.05,4,0.2,2000,2,0.75,0.5,NA,NA,NA,NA,NA,2200088,3200088
600,1200,88,"Lasso",1.45224343676199,2.05,4,0.2,2000,2,0.75,0.5,NA,NA,NA,NA,NA,2200088,3200088
600,1200,88,"Shrinkage",1.30392265530132,2.05,4,0.2,2000,2,0.75,0.5,NA,NA,NA,NA,NA,2200088,3200088
600,1600,88,"TS-RIGHT",0.332514491662123,2.05,4,0.2,2000,2,0.75,0.5,24,4,53.3333333333333,40,TRUE,2600088,3600088
600,1600,88,"IHT",0.538358365829002,2.05,4,0.2,2000,2,0.75,0.5,NA,NA,NA,NA,NA,2600088,3600088
600,1600,88,"Lasso",1.41998811840179,2.05,4,0.2,2000,2,0.75,0.5,NA,NA,NA,NA,NA,2600088,3600088
600,1600,88,"Shrinkage",1.20460363892752,2.05,4,0.2,2000,2,0.75,0.5,NA,NA,NA,NA,NA,2600088,3600088
600,2000,88,"TS-RIGHT",0.0884656906396952,2.05,4,0.2,2000,2,0.75,0.5,24,4,66.6666666666667,50,TRUE,3000088,4000088
600,2000,88,"IHT",0.421851054688782,2.05,4,0.2,2000,2,0.75,0.5,NA,NA,NA,NA,NA,3000088,4000088
600,2000,88,"Lasso",1.1859791569701,2.05,4,0.2,2000,2,0.75,0.5,NA,NA,NA,NA,NA,3000088,4000088
600,2000,88,"Shrinkage",1.06874306402577,2.05,4,0.2,2000,2,0.75,0.5,NA,NA,NA,NA,NA,3000088,4000088
600,600,89,"TS-RIGHT",0.270707309366196,2.05,4,0.2,2000,2,0.75,0.5,24,4,20,15,TRUE,1600089,2600089
600,600,89,"IHT",0.514968751088494,2.05,4,0.2,2000,2,0.75,0.5,NA,NA,NA,NA,NA,1600089,2600089
600,600,89,"Lasso",1.71374842075395,2.05,4,0.2,2000,2,0.75,0.5,NA,NA,NA,NA,NA,1600089,2600089
600,600,89,"Shrinkage",1.64417460101206,2.05,4,0.2,2000,2,0.75,0.5,NA,NA,NA,NA,NA,1600089,2600089
600,800,89,"TS-RIGHT",0.232919593467226,2.05,4,0.2,2000,2,0.75,0.5,24,4,26.6666666666667,20,TRUE,1800089,2800089
600,800,89,"IHT",0.536366217172048,2.05,4,0.2,2000,2,0.75,0.5,NA,NA,NA,NA,NA,1800089,2800089
600,800,89,"Lasso",1.86694856299893,2.05,4,0.2,2000,2,0.75,0.5,NA,NA,NA,NA,NA,1800089,2800089
600,800,89,"Shrinkage",1.39062464082082,2.05,4,0.2,2000,2,0.75,0.5,NA,NA,NA,NA,NA,1800089,2800089
600,1200,89,"TS-RIGHT",0.31369921212097,2.05,4,0.2,2000,2,0.75,0.5,24,4,40,30,TRUE,2200089,3200089
600,1200,89,"IHT",0.426060126971348,2.05,4,0.2,2000,2,0.75,0.5,NA,NA,NA,NA,NA,2200089,3200089
600,1200,89,"Lasso",1.35485007322951,2.05,4,0.2,2000,2,0.75,0.5,NA,NA,NA,NA,NA,2200089,3200089
600,1200,89,"Shrinkage",1.17010479963853,2.05,4,0.2,2000,2,0.75,0.5,NA,NA,NA,NA,NA,2200089,3200089
600,1600,89,"TS-RIGHT",0.368565653622369,2.05,4,0.2,2000,2,0.75,0.5,24,4,53.3333333333333,40,TRUE,2600089,3600089
600,1600,89,"IHT",0.55167863236814,2.05,4,0.2,2000,2,0.75,0.5,NA,NA,NA,NA,NA,2600089,3600089
600,1600,89,"Lasso",1.51281800366298,2.05,4,0.2,2000,2,0.75,0.5,NA,NA,NA,NA,NA,2600089,3600089
600,1600,89,"Shrinkage",1.32772851964103,2.05,4,0.2,2000,2,0.75,0.5,NA,NA,NA,NA,NA,2600089,3600089
600,2000,89,"TS-RIGHT",0.836677375786274,2.05,4,0.2,2000,2,0.75,0.5,24,4,66.6666666666667,50,TRUE,3000089,4000089
600,2000,89,"IHT",0.500422406724381,2.05,4,0.2,2000,2,0.75,0.5,NA,NA,NA,NA,NA,3000089,4000089
600,2000,89,"Lasso",1.31610722498732,2.05,4,0.2,2000,2,0.75,0.5,NA,NA,NA,NA,NA,3000089,4000089
600,2000,89,"Shrinkage",1.21595528336578,2.05,4,0.2,2000,2,0.75,0.5,NA,NA,NA,NA,NA,3000089,4000089
600,600,90,"TS-RIGHT",0.259745078217493,2.05,4,0.2,2000,2,0.75,0.5,24,4,20,15,TRUE,1600090,2600090
600,600,90,"IHT",0.417756964764214,2.05,4,0.2,2000,2,0.75,0.5,NA,NA,NA,NA,NA,1600090,2600090
600,600,90,"Lasso",1.70284485933101,2.05,4,0.2,2000,2,0.75,0.5,NA,NA,NA,NA,NA,1600090,2600090
600,600,90,"Shrinkage",1.54859746689776,2.05,4,0.2,2000,2,0.75,0.5,NA,NA,NA,NA,NA,1600090,2600090
600,800,90,"TS-RIGHT",0.484429533680436,2.05,4,0.2,2000,2,0.75,0.5,24,4,26.6666666666667,20,TRUE,1800090,2800090
600,800,90,"IHT",0.440604071911492,2.05,4,0.2,2000,2,0.75,0.5,NA,NA,NA,NA,NA,1800090,2800090
600,800,90,"Lasso",1.5868239993138,2.05,4,0.2,2000,2,0.75,0.5,NA,NA,NA,NA,NA,1800090,2800090
600,800,90,"Shrinkage",1.2621561754036,2.05,4,0.2,2000,2,0.75,0.5,NA,NA,NA,NA,NA,1800090,2800090
600,1200,90,"TS-RIGHT",0.597024285346921,2.05,4,0.2,2000,2,0.75,0.5,24,4,40,30,TRUE,2200090,3200090
600,1200,90,"IHT",0.530197800755764,2.05,4,0.2,2000,2,0.75,0.5,NA,NA,NA,NA,NA,2200090,3200090
600,1200,90,"Lasso",1.50120838345036,2.05,4,0.2,2000,2,0.75,0.5,NA,NA,NA,NA,NA,2200090,3200090
600,1200,90,"Shrinkage",1.20192343038447,2.05,4,0.2,2000,2,0.75,0.5,NA,NA,NA,NA,NA,2200090,3200090
600,1600,90,"TS-RIGHT",0.570995344730647,2.05,4,0.2,2000,2,0.75,0.5,24,4,53.3333333333333,40,TRUE,2600090,3600090
600,1600,90,"IHT",0.563150897980887,2.05,4,0.2,2000,2,0.75,0.5,NA,NA,NA,NA,NA,2600090,3600090
600,1600,90,"Lasso",1.46523071053609,2.05,4,0.2,2000,2,0.75,0.5,NA,NA,NA,NA,NA,2600090,3600090
600,1600,90,"Shrinkage",1.41105028356932,2.05,4,0.2,2000,2,0.75,0.5,NA,NA,NA,NA,NA,2600090,3600090
600,2000,90,"TS-RIGHT",0.841981521884589,2.05,4,0.2,2000,2,0.75,0.5,24,4,66.6666666666667,50,TRUE,3000090,4000090
600,2000,90,"IHT",0.547109445600718,2.05,4,0.2,2000,2,0.75,0.5,NA,NA,NA,NA,NA,3000090,4000090
600,2000,90,"Lasso",1.42783076110089,2.05,4,0.2,2000,2,0.75,0.5,NA,NA,NA,NA,NA,3000090,4000090
600,2000,90,"Shrinkage",1.34718204198097,2.05,4,0.2,2000,2,0.75,0.5,NA,NA,NA,NA,NA,3000090,4000090
600,600,91,"TS-RIGHT",0.45775763109494,2.05,4,0.2,2000,2,0.75,0.5,24,4,20,15,TRUE,1600091,2600091
600,600,91,"IHT",0.398026208151287,2.05,4,0.2,2000,2,0.75,0.5,NA,NA,NA,NA,NA,1600091,2600091
600,600,91,"Lasso",1.6813056475912,2.05,4,0.2,2000,2,0.75,0.5,NA,NA,NA,NA,NA,1600091,2600091
600,600,91,"Shrinkage",1.39187392074952,2.05,4,0.2,2000,2,0.75,0.5,NA,NA,NA,NA,NA,1600091,2600091
600,800,91,"TS-RIGHT",0.51642619759498,2.05,4,0.2,2000,2,0.75,0.5,24,4,26.6666666666667,20,TRUE,1800091,2800091
600,800,91,"IHT",0.47415636570681,2.05,4,0.2,2000,2,0.75,0.5,NA,NA,NA,NA,NA,1800091,2800091
600,800,91,"Lasso",1.57630433858037,2.05,4,0.2,2000,2,0.75,0.5,NA,NA,NA,NA,NA,1800091,2800091
600,800,91,"Shrinkage",1.51159177002709,2.05,4,0.2,2000,2,0.75,0.5,NA,NA,NA,NA,NA,1800091,2800091
600,1200,91,"TS-RIGHT",0.238380106874324,2.05,4,0.2,2000,2,0.75,0.5,24,4,40,30,TRUE,2200091,3200091
600,1200,91,"IHT",0.510635209956462,2.05,4,0.2,2000,2,0.75,0.5,NA,NA,NA,NA,NA,2200091,3200091
600,1200,91,"Lasso",1.34259646480749,2.05,4,0.2,2000,2,0.75,0.5,NA,NA,NA,NA,NA,2200091,3200091
600,1200,91,"Shrinkage",1.13169038520387,2.05,4,0.2,2000,2,0.75,0.5,NA,NA,NA,NA,NA,2200091,3200091
600,1600,91,"TS-RIGHT",0.522111538472274,2.05,4,0.2,2000,2,0.75,0.5,24,4,53.3333333333333,40,TRUE,2600091,3600091
600,1600,91,"IHT",0.52922328571271,2.05,4,0.2,2000,2,0.75,0.5,NA,NA,NA,NA,NA,2600091,3600091
600,1600,91,"Lasso",1.38925438084681,2.05,4,0.2,2000,2,0.75,0.5,NA,NA,NA,NA,NA,2600091,3600091
600,1600,91,"Shrinkage",1.1149919556446,2.05,4,0.2,2000,2,0.75,0.5,NA,NA,NA,NA,NA,2600091,3600091
600,2000,91,"TS-RIGHT",0.760883542814788,2.05,4,0.2,2000,2,0.75,0.5,24,4,66.6666666666667,50,TRUE,3000091,4000091
600,2000,91,"IHT",0.537754027146278,2.05,4,0.2,2000,2,0.75,0.5,NA,NA,NA,NA,NA,3000091,4000091
600,2000,91,"Lasso",1.23509664497187,2.05,4,0.2,2000,2,0.75,0.5,NA,NA,NA,NA,NA,3000091,4000091
600,2000,91,"Shrinkage",1.26756228923497,2.05,4,0.2,2000,2,0.75,0.5,NA,NA,NA,NA,NA,3000091,4000091
600,600,92,"TS-RIGHT",0.554951178125355,2.05,4,0.2,2000,2,0.75,0.5,24,4,20,15,TRUE,1600092,2600092
600,600,92,"IHT",0.482511920485859,2.05,4,0.2,2000,2,0.75,0.5,NA,NA,NA,NA,NA,1600092,2600092
600,600,92,"Lasso",1.61277612015295,2.05,4,0.2,2000,2,0.75,0.5,NA,NA,NA,NA,NA,1600092,2600092
600,600,92,"Shrinkage",1.65490071823141,2.05,4,0.2,2000,2,0.75,0.5,NA,NA,NA,NA,NA,1600092,2600092
600,800,92,"TS-RIGHT",0.229609435119215,2.05,4,0.2,2000,2,0.75,0.5,24,4,26.6666666666667,20,TRUE,1800092,2800092
600,800,92,"IHT",0.474024615881372,2.05,4,0.2,2000,2,0.75,0.5,NA,NA,NA,NA,NA,1800092,2800092
600,800,92,"Lasso",2.23606797749979,2.05,4,0.2,2000,2,0.75,0.5,NA,NA,NA,NA,NA,1800092,2800092
600,800,92,"Shrinkage",1.52898215106179,2.05,4,0.2,2000,2,0.75,0.5,NA,NA,NA,NA,NA,1800092,2800092
600,1200,92,"TS-RIGHT",0.215202970113064,2.05,4,0.2,2000,2,0.75,0.5,24,4,40,30,TRUE,2200092,3200092
600,1200,92,"IHT",0.491548021495957,2.05,4,0.2,2000,2,0.75,0.5,NA,NA,NA,NA,NA,2200092,3200092
600,1200,92,"Lasso",1.5639241155385,2.05,4,0.2,2000,2,0.75,0.5,NA,NA,NA,NA,NA,2200092,3200092
600,1200,92,"Shrinkage",1.33974070117996,2.05,4,0.2,2000,2,0.75,0.5,NA,NA,NA,NA,NA,2200092,3200092
600,1600,92,"TS-RIGHT",0.335347258183935,2.05,4,0.2,2000,2,0.75,0.5,24,4,53.3333333333333,40,TRUE,2600092,3600092
600,1600,92,"IHT",0.497280420007176,2.05,4,0.2,2000,2,0.75,0.5,NA,NA,NA,NA,NA,2600092,3600092
600,1600,92,"Lasso",1.2309327097243,2.05,4,0.2,2000,2,0.75,0.5,NA,NA,NA,NA,NA,2600092,3600092
600,1600,92,"Shrinkage",0.976599075205572,2.05,4,0.2,2000,2,0.75,0.5,NA,NA,NA,NA,NA,2600092,3600092
600,2000,92,"TS-RIGHT",0.0885893917854576,2.05,4,0.2,2000,2,0.75,0.5,24,4,66.6666666666667,50,TRUE,3000092,4000092
600,2000,92,"IHT",0.435133963179722,2.05,4,0.2,2000,2,0.75,0.5,NA,NA,NA,NA,NA,3000092,4000092
600,2000,92,"Lasso",1.28862362101918,2.05,4,0.2,2000,2,0.75,0.5,NA,NA,NA,NA,NA,3000092,4000092
600,2000,92,"Shrinkage",1.07574321276073,2.05,4,0.2,2000,2,0.75,0.5,NA,NA,NA,NA,NA,3000092,4000092
600,600,93,"TS-RIGHT",0.657816136354134,2.05,4,0.2,2000,2,0.75,0.5,24,4,20,15,TRUE,1600093,2600093
600,600,93,"IHT",0.396863298509863,2.05,4,0.2,2000,2,0.75,0.5,NA,NA,NA,NA,NA,1600093,2600093
600,600,93,"Lasso",1.45597590756501,2.05,4,0.2,2000,2,0.75,0.5,NA,NA,NA,NA,NA,1600093,2600093
600,600,93,"Shrinkage",1.3717369552578,2.05,4,0.2,2000,2,0.75,0.5,NA,NA,NA,NA,NA,1600093,2600093
600,800,93,"TS-RIGHT",0.420872073192187,2.05,4,0.2,2000,2,0.75,0.5,24,4,26.6666666666667,20,TRUE,1800093,2800093
600,800,93,"IHT",0.460755400582887,2.05,4,0.2,2000,2,0.75,0.5,NA,NA,NA,NA,NA,1800093,2800093
600,800,93,"Lasso",1.47786194758144,2.05,4,0.2,2000,2,0.75,0.5,NA,NA,NA,NA,NA,1800093,2800093
600,800,93,"Shrinkage",1.55400198980883,2.05,4,0.2,2000,2,0.75,0.5,NA,NA,NA,NA,NA,1800093,2800093
600,1200,93,"TS-RIGHT",0.428644624907412,2.05,4,0.2,2000,2,0.75,0.5,24,4,40,30,TRUE,2200093,3200093
600,1200,93,"IHT",0.472462939562907,2.05,4,0.2,2000,2,0.75,0.5,NA,NA,NA,NA,NA,2200093,3200093
600,1200,93,"Lasso",1.29566662267267,2.05,4,0.2,2000,2,0.75,0.5,NA,NA,NA,NA,NA,2200093,3200093
600,1200,93,"Shrinkage",1.27614576479595,2.05,4,0.2,2000,2,0.75,0.5,NA,NA,NA,NA,NA,2200093,3200093
600,1600,93,"TS-RIGHT",0.312609751976985,2.05,4,0.2,2000,2,0.75,0.5,24,4,53.3333333333333,40,TRUE,2600093,3600093
600,1600,93,"IHT",0.563581971912679,2.05,4,0.2,2000,2,0.75,0.5,NA,NA,NA,NA,NA,2600093,3600093
600,1600,93,"Lasso",1.37826410104507,2.05,4,0.2,2000,2,0.75,0.5,NA,NA,NA,NA,NA,2600093,3600093
600,1600,93,"Shrinkage",1.23844129938466,2.05,4,0.2,2000,2,0.75,0.5,NA,NA,NA,NA,NA,2600093,3600093
600,2000,93,"TS-RIGHT",0.262934127923883,2.05,4,0.2,2000,2,0.75,0.5,24,4,66.6666666666667,50,TRUE,3000093,4000093
600,2000,93,"IHT",0.439940445148905,2.05,4,0.2,2000,2,0.75,0.5,NA,NA,NA,NA,NA,3000093,4000093
600,2000,93,"Lasso",1.36295971940077,2.05,4,0.2,2000,2,0.75,0.5,NA,NA,NA,NA,NA,3000093,4000093
600,2000,93,"Shrinkage",1.24921853117689,2.05,4,0.2,2000,2,0.75,0.5,NA,NA,NA,NA,NA,3000093,4000093
600,600,94,"TS-RIGHT",0.752890754022902,2.05,4,0.2,2000,2,0.75,0.5,24,4,20,15,TRUE,1600094,2600094
600,600,94,"IHT",0.567474147249743,2.05,4,0.2,2000,2,0.75,0.5,NA,NA,NA,NA,NA,1600094,2600094
600,600,94,"Lasso",1.60879984869932,2.05,4,0.2,2000,2,0.75,0.5,NA,NA,NA,NA,NA,1600094,2600094
600,600,94,"Shrinkage",1.55895748007576,2.05,4,0.2,2000,2,0.75,0.5,NA,NA,NA,NA,NA,1600094,2600094
600,800,94,"TS-RIGHT",0.410532486845916,2.05,4,0.2,2000,2,0.75,0.5,24,4,26.6666666666667,20,TRUE,1800094,2800094
600,800,94,"IHT",0.417485956548443,2.05,4,0.2,2000,2,0.75,0.5,NA,NA,NA,NA,NA,1800094,2800094
600,800,94,"Lasso",1.5771781104003,2.05,4,0.2,2000,2,0.75,0.5,NA,NA,NA,NA,NA,1800094,2800094
600,800,94,"Shrinkage",1.30659256350992,2.05,4,0.2,2000,2,0.75,0.5,NA,NA,NA,NA,NA,1800094,2800094
600,1200,94,"TS-RIGHT",0.112576187143139,2.05,4,0.2,2000,2,0.75,0.5,24,4,40,30,TRUE,2200094,3200094
600,1200,94,"IHT",0.437374816041122,2.05,4,0.2,2000,2,0.75,0.5,NA,NA,NA,NA,NA,2200094,3200094
600,1200,94,"Lasso",1.49649831652954,2.05,4,0.2,2000,2,0.75,0.5,NA,NA,NA,NA,NA,2200094,3200094
600,1200,94,"Shrinkage",1.35042947530215,2.05,4,0.2,2000,2,0.75,0.5,NA,NA,NA,NA,NA,2200094,3200094
600,1600,94,"TS-RIGHT",0.133288271370594,2.05,4,0.2,2000,2,0.75,0.5,24,4,53.3333333333333,40,TRUE,2600094,3600094
600,1600,94,"IHT",0.517819506805421,2.05,4,0.2,2000,2,0.75,0.5,NA,NA,NA,NA,NA,2600094,3600094
600,1600,94,"Lasso",1.46651801616208,2.05,4,0.2,2000,2,0.75,0.5,NA,NA,NA,NA,NA,2600094,3600094
600,1600,94,"Shrinkage",1.27211386267085,2.05,4,0.2,2000,2,0.75,0.5,NA,NA,NA,NA,NA,2600094,3600094
600,2000,94,"TS-RIGHT",0.235928809035894,2.05,4,0.2,2000,2,0.75,0.5,24,4,66.6666666666667,50,TRUE,3000094,4000094
600,2000,94,"IHT",0.54374495823855,2.05,4,0.2,2000,2,0.75,0.5,NA,NA,NA,NA,NA,3000094,4000094
600,2000,94,"Lasso",1.44037289585693,2.05,4,0.2,2000,2,0.75,0.5,NA,NA,NA,NA,NA,3000094,4000094
600,2000,94,"Shrinkage",1.16162540228536,2.05,4,0.2,2000,2,0.75,0.5,NA,NA,NA,NA,NA,3000094,4000094
600,600,95,"TS-RIGHT",0.645786936883062,2.05,4,0.2,2000,2,0.75,0.5,24,4,20,15,TRUE,1600095,2600095
600,600,95,"IHT",0.49828188891568,2.05,4,0.2,2000,2,0.75,0.5,NA,NA,NA,NA,NA,1600095,2600095
600,600,95,"Lasso",1.64394750888075,2.05,4,0.2,2000,2,0.75,0.5,NA,NA,NA,NA,NA,1600095,2600095
600,600,95,"Shrinkage",1.54801789932821,2.05,4,0.2,2000,2,0.75,0.5,NA,NA,NA,NA,NA,1600095,2600095
600,800,95,"TS-RIGHT",0.454351910544388,2.05,4,0.2,2000,2,0.75,0.5,24,4,26.6666666666667,20,TRUE,1800095,2800095
600,800,95,"IHT",0.434036391983966,2.05,4,0.2,2000,2,0.75,0.5,NA,NA,NA,NA,NA,1800095,2800095
600,800,95,"Lasso",1.5765683490306,2.05,4,0.2,2000,2,0.75,0.5,NA,NA,NA,NA,NA,1800095,2800095
600,800,95,"Shrinkage",1.56220999268193,2.05,4,0.2,2000,2,0.75,0.5,NA,NA,NA,NA,NA,1800095,2800095
600,1200,95,"TS-RIGHT",0.50744095739468,2.05,4,0.2,2000,2,0.75,0.5,24,4,40,30,TRUE,2200095,3200095
600,1200,95,"IHT",0.560166897664473,2.05,4,0.2,2000,2,0.75,0.5,NA,NA,NA,NA,NA,2200095,3200095
600,1200,95,"Lasso",1.52920716319398,2.05,4,0.2,2000,2,0.75,0.5,NA,NA,NA,NA,NA,2200095,3200095
600,1200,95,"Shrinkage",1.32076353171474,2.05,4,0.2,2000,2,0.75,0.5,NA,NA,NA,NA,NA,2200095,3200095
600,1600,95,"TS-RIGHT",0.213938432414915,2.05,4,0.2,2000,2,0.75,0.5,24,4,53.3333333333333,40,TRUE,2600095,3600095
600,1600,95,"IHT",0.488781087945006,2.05,4,0.2,2000,2,0.75,0.5,NA,NA,NA,NA,NA,2600095,3600095
600,1600,95,"Lasso",1.47002772597213,2.05,4,0.2,2000,2,0.75,0.5,NA,NA,NA,NA,NA,2600095,3600095
600,1600,95,"Shrinkage",1.18619890820146,2.05,4,0.2,2000,2,0.75,0.5,NA,NA,NA,NA,NA,2600095,3600095
600,2000,95,"TS-RIGHT",0.858340414559509,2.05,4,0.2,2000,2,0.75,0.5,24,4,66.6666666666667,50,TRUE,3000095,4000095
600,2000,95,"IHT",0.585258902862807,2.05,4,0.2,2000,2,0.75,0.5,NA,NA,NA,NA,NA,3000095,4000095
600,2000,95,"Lasso",1.34185896771838,2.05,4,0.2,2000,2,0.75,0.5,NA,NA,NA,NA,NA,3000095,4000095
600,2000,95,"Shrinkage",1.22483546439903,2.05,4,0.2,2000,2,0.75,0.5,NA,NA,NA,NA,NA,3000095,4000095
600,600,96,"TS-RIGHT",0.600886302823656,2.05,4,0.2,2000,2,0.75,0.5,24,4,20,15,TRUE,1600096,2600096
600,600,96,"IHT",0.43556437552111,2.05,4,0.2,2000,2,0.75,0.5,NA,NA,NA,NA,NA,1600096,2600096
600,600,96,"Lasso",1.69648256468671,2.05,4,0.2,2000,2,0.75,0.5,NA,NA,NA,NA,NA,1600096,2600096
600,600,96,"Shrinkage",1.56049116426217,2.05,4,0.2,2000,2,0.75,0.5,NA,NA,NA,NA,NA,1600096,2600096
600,800,96,"TS-RIGHT",0.526142547691636,2.05,4,0.2,2000,2,0.75,0.5,24,4,26.6666666666667,20,TRUE,1800096,2800096
600,800,96,"IHT",0.47073647295174,2.05,4,0.2,2000,2,0.75,0.5,NA,NA,NA,NA,NA,1800096,2800096
600,800,96,"Lasso",1.4959341851768,2.05,4,0.2,2000,2,0.75,0.5,NA,NA,NA,NA,NA,1800096,2800096
600,800,96,"Shrinkage",1.35670866921802,2.05,4,0.2,2000,2,0.75,0.5,NA,NA,NA,NA,NA,1800096,2800096
600,1200,96,"TS-RIGHT",0.423772896644801,2.05,4,0.2,2000,2,0.75,0.5,24,4,40,30,TRUE,2200096,3200096
600,1200,96,"IHT",0.536177818913594,2.05,4,0.2,2000,2,0.75,0.5,NA,NA,NA,NA,NA,2200096,3200096
600,1200,96,"Lasso",1.45504117634714,2.05,4,0.2,2000,2,0.75,0.5,NA,NA,NA,NA,NA,2200096,3200096
600,1200,96,"Shrinkage",1.32518637804447,2.05,4,0.2,2000,2,0.75,0.5,NA,NA,NA,NA,NA,2200096,3200096
600,1600,96,"TS-RIGHT",0.520923755045758,2.05,4,0.2,2000,2,0.75,0.5,24,4,53.3333333333333,40,TRUE,2600096,3600096
600,1600,96,"IHT",0.499015547451387,2.05,4,0.2,2000,2,0.75,0.5,NA,NA,NA,NA,NA,2600096,3600096
600,1600,96,"Lasso",1.24998585832201,2.05,4,0.2,2000,2,0.75,0.5,NA,NA,NA,NA,NA,2600096,3600096
600,1600,96,"Shrinkage",1.28860433204307,2.05,4,0.2,2000,2,0.75,0.5,NA,NA,NA,NA,NA,2600096,3600096
600,2000,96,"TS-RIGHT",0.220752909319048,2.05,4,0.2,2000,2,0.75,0.5,24,4,66.6666666666667,50,TRUE,3000096,4000096
600,2000,96,"IHT",0.46025034088936,2.05,4,0.2,2000,2,0.75,0.5,NA,NA,NA,NA,NA,3000096,4000096
600,2000,96,"Lasso",1.20898945141584,2.05,4,0.2,2000,2,0.75,0.5,NA,NA,NA,NA,NA,3000096,4000096
600,2000,96,"Shrinkage",0.920238652162779,2.05,4,0.2,2000,2,0.75,0.5,NA,NA,NA,NA,NA,3000096,4000096
600,600,97,"TS-RIGHT",0.200005542779664,2.05,4,0.2,2000,2,0.75,0.5,24,4,20,15,TRUE,1600097,2600097
600,600,97,"IHT",0.542993080407182,2.05,4,0.2,2000,2,0.75,0.5,NA,NA,NA,NA,NA,1600097,2600097
600,600,97,"Lasso",1.61854022969496,2.05,4,0.2,2000,2,0.75,0.5,NA,NA,NA,NA,NA,1600097,2600097
600,600,97,"Shrinkage",1.41281197279714,2.05,4,0.2,2000,2,0.75,0.5,NA,NA,NA,NA,NA,1600097,2600097
600,800,97,"TS-RIGHT",0.50699372907812,2.05,4,0.2,2000,2,0.75,0.5,24,4,26.6666666666667,20,TRUE,1800097,2800097
600,800,97,"IHT",0.556120349108542,2.05,4,0.2,2000,2,0.75,0.5,NA,NA,NA,NA,NA,1800097,2800097
600,800,97,"Lasso",1.50367002867715,2.05,4,0.2,2000,2,0.75,0.5,NA,NA,NA,NA,NA,1800097,2800097
600,800,97,"Shrinkage",1.5218574911785,2.05,4,0.2,2000,2,0.75,0.5,NA,NA,NA,NA,NA,1800097,2800097
600,1200,97,"TS-RIGHT",0.299261267999724,2.05,4,0.2,2000,2,0.75,0.5,24,4,40,30,TRUE,2200097,3200097
600,1200,97,"IHT",0.562405918183775,2.05,4,0.2,2000,2,0.75,0.5,NA,NA,NA,NA,NA,2200097,3200097
600,1200,97,"Lasso",1.43347819481332,2.05,4,0.2,2000,2,0.75,0.5,NA,NA,NA,NA,NA,2200097,3200097
600,1200,97,"Shrinkage",1.47392467117545,2.05,4,0.2,2000,2,0.75,0.5,NA,NA,NA,NA,NA,2200097,3200097
600,1600,97,"TS-RIGHT",0.166892437732738,2.05,4,0.2,2000,2,0.75,0.5,24,4,53.3333333333333,40,TRUE,2600097,3600097
600,1600,97,"IHT",0.461007094106024,2.05,4,0.2,2000,2,0.75,0.5,NA,NA,NA,NA,NA,2600097,3600097
600,1600,97,"Lasso",1.39507474576725,2.05,4,0.2,2000,2,0.75,0.5,NA,NA,NA,NA,NA,2600097,3600097
600,1600,97,"Shrinkage",1.08048452042542,2.05,4,0.2,2000,2,0.75,0.5,NA,NA,NA,NA,NA,2600097,3600097
600,2000,97,"TS-RIGHT",0.689270254758818,2.05,4,0.2,2000,2,0.75,0.5,24,4,66.6666666666667,50,TRUE,3000097,4000097
600,2000,97,"IHT",0.512597052628776,2.05,4,0.2,2000,2,0.75,0.5,NA,NA,NA,NA,NA,3000097,4000097
600,2000,97,"Lasso",1.36313837498894,2.05,4,0.2,2000,2,0.75,0.5,NA,NA,NA,NA,NA,3000097,4000097
600,2000,97,"Shrinkage",1.01033670349496,2.05,4,0.2,2000,2,0.75,0.5,NA,NA,NA,NA,NA,3000097,4000097
600,600,98,"TS-RIGHT",0.622142997777059,2.05,4,0.2,2000,2,0.75,0.5,24,4,20,15,TRUE,1600098,2600098
600,600,98,"IHT",0.507778033783835,2.05,4,0.2,2000,2,0.75,0.5,NA,NA,NA,NA,NA,1600098,2600098
600,600,98,"Lasso",1.784352406784,2.05,4,0.2,2000,2,0.75,0.5,NA,NA,NA,NA,NA,1600098,2600098
600,600,98,"Shrinkage",1.66453522669182,2.05,4,0.2,2000,2,0.75,0.5,NA,NA,NA,NA,NA,1600098,2600098
600,800,98,"TS-RIGHT",0.605170233794224,2.05,4,0.2,2000,2,0.75,0.5,24,4,26.6666666666667,20,TRUE,1800098,2800098
600,800,98,"IHT",0.501427730265359,2.05,4,0.2,2000,2,0.75,0.5,NA,NA,NA,NA,NA,1800098,2800098
600,800,98,"Lasso",1.66320814497625,2.05,4,0.2,2000,2,0.75,0.5,NA,NA,NA,NA,NA,1800098,2800098
600,800,98,"Shrinkage",1.54976875153285,2.05,4,0.2,2000,2,0.75,0.5,NA,NA,NA,NA,NA,1800098,2800098
600,1200,98,"TS-RIGHT",0.233733227995334,2.05,4,0.2,2000,2,0.75,0.5,24,4,40,30,TRUE,2200098,3200098
600,1200,98,"IHT",0.519806595963502,2.05,4,0.2,2000,2,0.75,0.5,NA,NA,NA,NA,NA,2200098,3200098
600,1200,98,"Lasso",1.41881944010253,2.05,4,0.2,2000,2,0.75,0.5,NA,NA,NA,NA,NA,2200098,3200098
600,1200,98,"Shrinkage",1.31364233904871,2.05,4,0.2,2000,2,0.75,0.5,NA,NA,NA,NA,NA,2200098,3200098
600,1600,98,"TS-RIGHT",0.15386778131278,2.05,4,0.2,2000,2,0.75,0.5,24,4,53.3333333333333,40,TRUE,2600098,3600098
600,1600,98,"IHT",0.494731635666409,2.05,4,0.2,2000,2,0.75,0.5,NA,NA,NA,NA,NA,2600098,3600098
600,1600,98,"Lasso",1.43749115079686,2.05,4,0.2,2000,2,0.75,0.5,NA,NA,NA,NA,NA,2600098,3600098
600,1600,98,"Shrinkage",1.34447100219078,2.05,4,0.2,2000,2,0.75,0.5,NA,NA,NA,NA,NA,2600098,3600098
600,2000,98,"TS-RIGHT",0.44780195600544,2.05,4,0.2,2000,2,0.75,0.5,24,4,66.6666666666667,50,TRUE,3000098,4000098
600,2000,98,"IHT",0.47272108400965,2.05,4,0.2,2000,2,0.75,0.5,NA,NA,NA,NA,NA,3000098,4000098
600,2000,98,"Lasso",1.34372580290571,2.05,4,0.2,2000,2,0.75,0.5,NA,NA,NA,NA,NA,3000098,4000098
600,2000,98,"Shrinkage",1.26954494151759,2.05,4,0.2,2000,2,0.75,0.5,NA,NA,NA,NA,NA,3000098,4000098
600,600,99,"TS-RIGHT",0.354781163815635,2.05,4,0.2,2000,2,0.75,0.5,24,4,20,15,TRUE,1600099,2600099
600,600,99,"IHT",0.469820868626206,2.05,4,0.2,2000,2,0.75,0.5,NA,NA,NA,NA,NA,1600099,2600099
600,600,99,"Lasso",1.47440813096388,2.05,4,0.2,2000,2,0.75,0.5,NA,NA,NA,NA,NA,1600099,2600099
600,600,99,"Shrinkage",1.69736779605134,2.05,4,0.2,2000,2,0.75,0.5,NA,NA,NA,NA,NA,1600099,2600099
600,800,99,"TS-RIGHT",0.238325682150193,2.05,4,0.2,2000,2,0.75,0.5,24,4,26.6666666666667,20,TRUE,1800099,2800099
600,800,99,"IHT",0.512600427281403,2.05,4,0.2,2000,2,0.75,0.5,NA,NA,NA,NA,NA,1800099,2800099
600,800,99,"Lasso",1.50148579531502,2.05,4,0.2,2000,2,0.75,0.5,NA,NA,NA,NA,NA,1800099,2800099
600,800,99,"Shrinkage",1.49865701929554,2.05,4,0.2,2000,2,0.75,0.5,NA,NA,NA,NA,NA,1800099,2800099
600,1200,99,"TS-RIGHT",0.132335986318889,2.05,4,0.2,2000,2,0.75,0.5,24,4,40,30,TRUE,2200099,3200099
600,1200,99,"IHT",0.518392386545644,2.05,4,0.2,2000,2,0.75,0.5,NA,NA,NA,NA,NA,2200099,3200099
600,1200,99,"Lasso",1.56759823347337,2.05,4,0.2,2000,2,0.75,0.5,NA,NA,NA,NA,NA,2200099,3200099
600,1200,99,"Shrinkage",1.40916555494559,2.05,4,0.2,2000,2,0.75,0.5,NA,NA,NA,NA,NA,2200099,3200099
600,1600,99,"TS-RIGHT",0.344020473101311,2.05,4,0.2,2000,2,0.75,0.5,24,4,53.3333333333333,40,TRUE,2600099,3600099
600,1600,99,"IHT",0.531597590078041,2.05,4,0.2,2000,2,0.75,0.5,NA,NA,NA,NA,NA,2600099,3600099
600,1600,99,"Lasso",1.37763801149617,2.05,4,0.2,2000,2,0.75,0.5,NA,NA,NA,NA,NA,2600099,3600099
600,1600,99,"Shrinkage",1.08332061711024,2.05,4,0.2,2000,2,0.75,0.5,NA,NA,NA,NA,NA,2600099,3600099
600,2000,99,"TS-RIGHT",0.125430814269227,2.05,4,0.2,2000,2,0.75,0.5,24,4,66.6666666666667,50,TRUE,3000099,4000099
600,2000,99,"IHT",0.385843286482828,2.05,4,0.2,2000,2,0.75,0.5,NA,NA,NA,NA,NA,3000099,4000099
600,2000,99,"Lasso",1.23606606759644,2.05,4,0.2,2000,2,0.75,0.5,NA,NA,NA,NA,NA,3000099,4000099
600,2000,99,"Shrinkage",1.00794919573727,2.05,4,0.2,2000,2,0.75,0.5,NA,NA,NA,NA,NA,3000099,4000099
600,600,100,"TS-RIGHT",0.37806943463202,2.05,4,0.2,2000,2,0.75,0.5,24,4,20,15,TRUE,1600100,2600100
600,600,100,"IHT",0.45622906336927,2.05,4,0.2,2000,2,0.75,0.5,NA,NA,NA,NA,NA,1600100,2600100
600,600,100,"Lasso",1.79879544796836,2.05,4,0.2,2000,2,0.75,0.5,NA,NA,NA,NA,NA,1600100,2600100
600,600,100,"Shrinkage",1.36301284016436,2.05,4,0.2,2000,2,0.75,0.5,NA,NA,NA,NA,NA,1600100,2600100
600,800,100,"TS-RIGHT",0.17416934368032,2.05,4,0.2,2000,2,0.75,0.5,24,4,26.6666666666667,20,TRUE,1800100,2800100
600,800,100,"IHT",0.543151302659537,2.05,4,0.2,2000,2,0.75,0.5,NA,NA,NA,NA,NA,1800100,2800100
600,800,100,"Lasso",1.57936957833327,2.05,4,0.2,2000,2,0.75,0.5,NA,NA,NA,NA,NA,1800100,2800100
600,800,100,"Shrinkage",1.33667296733293,2.05,4,0.2,2000,2,0.75,0.5,NA,NA,NA,NA,NA,1800100,2800100
600,1200,100,"TS-RIGHT",0.15896207168203,2.05,4,0.2,2000,2,0.75,0.5,24,4,40,30,TRUE,2200100,3200100
600,1200,100,"IHT",0.503127141209122,2.05,4,0.2,2000,2,0.75,0.5,NA,NA,NA,NA,NA,2200100,3200100
600,1200,100,"Lasso",1.57990499200431,2.05,4,0.2,2000,2,0.75,0.5,NA,NA,NA,NA,NA,2200100,3200100
600,1200,100,"Shrinkage",1.39153876505186,2.05,4,0.2,2000,2,0.75,0.5,NA,NA,NA,NA,NA,2200100,3200100
600,1600,100,"TS-RIGHT",0.263638453498003,2.05,4,0.2,2000,2,0.75,0.5,24,4,53.3333333333333,40,TRUE,2600100,3600100
600,1600,100,"IHT",0.471387583837811,2.05,4,0.2,2000,2,0.75,0.5,NA,NA,NA,NA,NA,2600100,3600100
600,1600,100,"Lasso",1.51391780370818,2.05,4,0.2,2000,2,0.75,0.5,NA,NA,NA,NA,NA,2600100,3600100
600,1600,100,"Shrinkage",1.28006901850703,2.05,4,0.2,2000,2,0.75,0.5,NA,NA,NA,NA,NA,2600100,3600100
600,2000,100,"TS-RIGHT",0.0983401208036111,2.05,4,0.2,2000,2,0.75,0.5,24,4,66.6666666666667,50,TRUE,3000100,4000100
600,2000,100,"IHT",0.479864703323806,2.05,4,0.2,2000,2,0.75,0.5,NA,NA,NA,NA,NA,3000100,4000100
600,2000,100,"Lasso",1.24498185431903,2.05,4,0.2,2000,2,0.75,0.5,NA,NA,NA,NA,NA,3000100,4000100
600,2000,100,"Shrinkage",1.19408161132391,2.05,4,0.2,2000,2,0.75,0.5,NA,NA,NA,NA,NA,3000100,4000100
