"stage","method","config","repeat_id","outer_seed","fold","rmse","mae","r2","eta","eta_scale","q","k1_cap","T","T1","T2","lambda","s","tau_q","tau_x_q","tau_y_q","tau","tau_x","tau_y","nonzero","n1","n2","b2","K1","K1_default","K1_tar","K2","K2_tar","stage1_block_size","stage2_block_size","eligible","eta_base","y_center","fold_seed","lasso_seed","ts_seed"
"after_stage2","TS-RIGHT-TUNED","TS tuned K1cap in {2,5,15,25}, T1=0, T2=4, eta=0.5/L",1,20260517,1,0.632283939822783,0.495951674286036,0.131883977168578,6.74445884912633e-05,0.5,0.4,2,NA,0,4,NA,40,NA,NA,NA,NA,NA,NA,40,252,167,41,2,31,262,2,7,126,20.5,TRUE,0.000134889176982527,2.424547,20261517,20261518,20261738
"after_stage2","TS-RIGHT-TUNED","TS tuned K1cap in {2,5,15,25}, T1=10, T2=4, eta=0.5/L",1,20260517,1,0.594091976684062,0.468635857530628,0.233590560781666,6.74445884912633e-05,0.5,0.4,5,NA,10,4,NA,40,NA,NA,NA,NA,NA,NA,40,252,167,41,5,31,262,2,7,50.4,20.5,TRUE,0.000134889176982527,2.424547,20261517,20261518,20261738
"after_stage2","TS-RIGHT-TUNED","TS tuned K1cap in {2,5,15,25}, T1=20, T2=4, eta=0.5/L",1,20260517,1,0.587156218190828,0.468326260646987,0.251381078671592,6.74445884912633e-05,0.5,0.4,5,NA,20,4,NA,40,NA,NA,NA,NA,NA,NA,40,252,167,41,5,31,262,2,7,50.4,20.5,TRUE,0.000134889176982527,2.424547,20261517,20261518,20261738
"after_stage2","TS-RIGHT-TUNED","TS tuned K1cap in {2,5,15,25}, T1=30, T2=4, eta=0.5/L",1,20260517,1,0.590540538526751,0.47291892816926,0.24272625123486,6.74445884912633e-05,0.5,0.4,5,NA,30,4,NA,40,NA,NA,NA,NA,NA,NA,40,252,167,41,5,31,262,2,7,50.4,20.5,TRUE,0.000134889176982527,2.424547,20261517,20261518,20261738
"after_stage2","TS-RIGHT-TUNED","TS tuned K1cap in {2,5,15,25}, T1=40, T2=4, eta=0.5/L",1,20260517,1,0.589839882418112,0.468535923964863,0.244522143915778,6.74445884912633e-05,0.5,0.4,5,NA,40,4,NA,40,NA,NA,NA,NA,NA,NA,40,252,167,41,5,31,262,2,7,50.4,20.5,TRUE,0.000134889176982527,2.424547,20261517,20261518,20261738
"after_stage2","TS-RIGHT-TUNED","TS tuned K1cap in {2,5,15,25}, T1=50, T2=4, eta=0.5/L",1,20260517,1,0.597208039707669,0.476805518954296,0.22552971056813,6.74445884912633e-05,0.5,0.4,25,NA,50,4,NA,40,NA,NA,NA,NA,NA,NA,40,252,167,41,25,31,262,2,7,10.08,20.5,TRUE,0.000134889176982527,2.424547,20261517,20261518,20261738
"after_stage2","TS-RIGHT-TUNED","TS tuned K1cap in {2,5,15,25}, T1=60, T2=4, eta=0.5/L",1,20260517,1,0.598447907636154,0.476507419600034,0.222310605696699,6.74445884912633e-05,0.5,0.4,5,NA,60,4,NA,40,NA,NA,NA,NA,NA,NA,40,252,167,41,5,31,262,2,7,50.4,20.5,TRUE,0.000134889176982527,2.424547,20261517,20261518,20261738
"after_stage2","TS-RIGHT-TUNED","TS tuned K1cap in {2,5,15,25}, T1=70, T2=4, eta=0.5/L",1,20260517,1,0.600009556102344,0.477990300024498,0.218246552594155,6.74445884912633e-05,0.5,0.4,25,NA,70,4,NA,40,NA,NA,NA,NA,NA,NA,40,252,167,41,25,31,262,2,7,10.08,20.5,TRUE,0.000134889176982527,2.424547,20261517,20261518,20261738
"after_stage2","TS-RIGHT-TUNED","TS tuned K1cap in {2,5,15,25}, T1=80, T2=4, eta=0.5/L",1,20260517,1,0.605659099692069,0.48328045481353,0.203455645643199,6.74445884912633e-05,0.5,0.4,25,NA,80,4,NA,40,NA,NA,NA,NA,NA,NA,40,252,167,41,25,31,262,2,7,10.08,20.5,TRUE,0.000134889176982527,2.424547,20261517,20261518,20261738
"after_stage2","TS-RIGHT-TUNED","TS tuned K1cap in {2,5,15,25}, T1=90, T2=4, eta=0.5/L",1,20260517,1,0.606139182277679,0.484015100884334,0.202192365249826,6.74445884912633e-05,0.5,0.4,25,NA,90,4,NA,40,NA,NA,NA,NA,NA,NA,40,252,167,41,25,31,262,2,7,10.08,20.5,TRUE,0.000134889176982527,2.424547,20261517,20261518,20261738
"after_stage2","TS-RIGHT-TUNED","TS tuned K1cap in {2,5,15,25}, T1=100, T2=4, eta=0.5/L",1,20260517,1,0.605907425524852,0.482158985386521,0.202802330632558,6.74445884912633e-05,0.5,0.4,25,NA,100,4,NA,40,NA,NA,NA,NA,NA,NA,40,252,167,41,25,31,262,2,7,10.08,20.5,TRUE,0.000134889176982527,2.424547,20261517,20261518,20261738
"stage1_only","TS-RIGHT-TUNED","TS tuned K1cap in {2,5,15,25}, T1=0, T2=4, eta=0.5/L",1,20260517,1,0.68492676897094,0.505330685714286,-0.018689314511747,6.74445884912633e-05,0.5,0.4,2,NA,0,4,NA,40,NA,NA,NA,NA,NA,NA,0,252,167,41,2,31,262,2,7,126,20.5,TRUE,0.000134889176982527,2.424547,20261517,20261518,20261738
"stage1_only","TS-RIGHT-TUNED","TS tuned K1cap in {2,5,15,25}, T1=10, T2=4, eta=0.5/L",1,20260517,1,0.582858627706296,0.449511853814122,0.262299751991155,6.74445884912633e-05,0.5,0.4,5,NA,10,4,NA,40,NA,NA,NA,NA,NA,NA,40,252,167,41,5,31,262,2,7,50.4,20.5,TRUE,0.000134889176982527,2.424547,20261517,20261518,20261738
"stage1_only","TS-RIGHT-TUNED","TS tuned K1cap in {2,5,15,25}, T1=20, T2=4, eta=0.5/L",1,20260517,1,0.557776087042848,0.439924031938259,0.324425492817232,6.74445884912633e-05,0.5,0.4,5,NA,20,4,NA,40,NA,NA,NA,NA,NA,NA,40,252,167,41,5,31,262,2,7,50.4,20.5,TRUE,0.000134889176982527,2.424547,20261517,20261518,20261738
"stage1_only","TS-RIGHT-TUNED","TS tuned K1cap in {2,5,15,25}, T1=30, T2=4, eta=0.5/L",1,20260517,1,0.550165263594973,0.434948779206962,0.342736063896046,6.74445884912633e-05,0.5,0.4,5,NA,30,4,NA,40,NA,NA,NA,NA,NA,NA,40,252,167,41,5,31,262,2,7,50.4,20.5,TRUE,0.000134889176982527,2.424547,20261517,20261518,20261738
"stage1_only","TS-RIGHT-TUNED","TS tuned K1cap in {2,5,15,25}, T1=40, T2=4, eta=0.5/L",1,20260517,1,0.544434656681425,0.431402577688569,0.356357079866075,6.74445884912633e-05,0.5,0.4,5,NA,40,4,NA,40,NA,NA,NA,NA,NA,NA,40,252,167,41,5,31,262,2,7,50.4,20.5,TRUE,0.000134889176982527,2.424547,20261517,20261518,20261738
"stage1_only","TS-RIGHT-TUNED","TS tuned K1cap in {2,5,15,25}, T1=50, T2=4, eta=0.5/L",1,20260517,1,0.542358535039246,0.427460330253728,0.361256595810729,6.74445884912633e-05,0.5,0.4,5,NA,50,4,NA,40,NA,NA,NA,NA,NA,NA,40,252,167,41,5,31,262,2,7,50.4,20.5,TRUE,0.000134889176982527,2.424547,20261517,20261518,20261738
"stage1_only","TS-RIGHT-TUNED","TS tuned K1cap in {2,5,15,25}, T1=60, T2=4, eta=0.5/L",1,20260517,1,0.545422906444387,0.427310332077871,0.354018296848032,6.74445884912633e-05,0.5,0.4,5,NA,60,4,NA,40,NA,NA,NA,NA,NA,NA,40,252,167,41,5,31,262,2,7,50.4,20.5,TRUE,0.000134889176982527,2.424547,20261517,20261518,20261738
"stage1_only","TS-RIGHT-TUNED","TS tuned K1cap in {2,5,15,25}, T1=70, T2=4, eta=0.5/L",1,20260517,1,0.55192828611207,0.429390922879987,0.338516867026543,6.74445884912633e-05,0.5,0.4,5,NA,70,4,NA,40,NA,NA,NA,NA,NA,NA,40,252,167,41,5,31,262,2,7,50.4,20.5,TRUE,0.000134889176982527,2.424547,20261517,20261518,20261738
"stage1_only","TS-RIGHT-TUNED","TS tuned K1cap in {2,5,15,25}, T1=80, T2=4, eta=0.5/L",1,20260517,1,0.560358714772698,0.43256664898513,0.318154887803488,6.74445884912633e-05,0.5,0.4,5,NA,80,4,NA,40,NA,NA,NA,NA,NA,NA,40,252,167,41,5,31,262,2,7,50.4,20.5,TRUE,0.000134889176982527,2.424547,20261517,20261518,20261738
"stage1_only","TS-RIGHT-TUNED","TS tuned K1cap in {2,5,15,25}, T1=90, T2=4, eta=0.5/L",1,20260517,1,0.568941039310649,0.438841062722207,0.297108981269442,6.74445884912633e-05,0.5,0.4,5,NA,90,4,NA,40,NA,NA,NA,NA,NA,NA,40,252,167,41,5,31,262,2,7,50.4,20.5,TRUE,0.000134889176982527,2.424547,20261517,20261518,20261738
"stage1_only","TS-RIGHT-TUNED","TS tuned K1cap in {2,5,15,25}, T1=100, T2=4, eta=0.5/L",1,20260517,1,0.577730548125984,0.446013602927672,0.275223448254973,6.74445884912633e-05,0.5,0.4,5,NA,100,4,NA,40,NA,NA,NA,NA,NA,NA,40,252,167,41,5,31,262,2,7,50.4,20.5,TRUE,0.000134889176982527,2.424547,20261517,20261518,20261738
"after_stage2","TS-RIGHT-TUNED","TS tuned K1cap in {2,5,15,25}, T1=0, T2=4, eta=0.5/L",1,20260517,2,0.641443315110475,0.448699796297792,0.181435179138474,6.65874494057837e-05,0.5,0.4,2,NA,0,4,NA,35,NA,NA,NA,NA,NA,NA,35,252,167,41,2,31,230,2,7,126,20.5,TRUE,0.000133174898811567,2.44818,20262517,20262518,20262738
"after_stage2","TS-RIGHT-TUNED","TS tuned K1cap in {2,5,15,25}, T1=10, T2=4, eta=0.5/L",1,20260517,2,0.608499134401982,0.43081333200124,0.263358064190414,6.65874494057837e-05,0.5,0.4,2,NA,10,4,NA,35,NA,NA,NA,NA,NA,NA,35,252,167,41,2,31,230,2,7,126,20.5,TRUE,0.000133174898811567,2.44818,20262517,20262518,20262738
"after_stage2","TS-RIGHT-TUNED","TS tuned K1cap in {2,5,15,25}, T1=20, T2=4, eta=0.5/L",1,20260517,2,0.608250962177866,0.421289997797362,0.263958810444657,6.65874494057837e-05,0.5,0.4,2,NA,20,4,NA,35,NA,NA,NA,NA,NA,NA,35,252,167,41,2,31,230,2,7,126,20.5,TRUE,0.000133174898811567,2.44818,20262517,20262518,20262738
"after_stage2","TS-RIGHT-TUNED","TS tuned K1cap in {2,5,15,25}, T1=30, T2=4, eta=0.5/L",1,20260517,2,0.602608086443055,0.415107506110577,0.277552288405341,6.65874494057837e-05,0.5,0.4,2,NA,30,4,NA,35,NA,NA,NA,NA,NA,NA,35,252,167,41,2,31,230,2,7,126,20.5,TRUE,0.000133174898811567,2.44818,20262517,20262518,20262738
"after_stage2","TS-RIGHT-TUNED","TS tuned K1cap in {2,5,15,25}, T1=40, T2=4, eta=0.5/L",1,20260517,2,0.601275050230421,0.41502204346963,0.280745022778288,6.65874494057837e-05,0.5,0.4,2,NA,40,4,NA,35,NA,NA,NA,NA,NA,NA,35,252,167,41,2,31,230,2,7,126,20.5,TRUE,0.000133174898811567,2.44818,20262517,20262518,20262738
"after_stage2","TS-RIGHT-TUNED","TS tuned K1cap in {2,5,15,25}, T1=50, T2=4, eta=0.5/L",1,20260517,2,0.59956571644299,0.414590529780418,0.284828675570525,6.65874494057837e-05,0.5,0.4,2,NA,50,4,NA,35,NA,NA,NA,NA,NA,NA,35,252,167,41,2,31,230,2,7,126,20.5,TRUE,0.000133174898811567,2.44818,20262517,20262518,20262738
"after_stage2","TS-RIGHT-TUNED","TS tuned K1cap in {2,5,15,25}, T1=60, T2=4, eta=0.5/L",1,20260517,2,0.595219446459538,0.412102041902177,0.295159691487284,6.65874494057837e-05,0.5,0.4,2,NA,60,4,NA,35,NA,NA,NA,NA,NA,NA,35,252,167,41,2,31,230,2,7,126,20.5,TRUE,0.000133174898811567,2.44818,20262517,20262518,20262738
"after_stage2","TS-RIGHT-TUNED","TS tuned K1cap in {2,5,15,25}, T1=70, T2=4, eta=0.5/L",1,20260517,2,0.596133747633201,0.41384476748895,0.292992654519241,6.65874494057837e-05,0.5,0.4,2,NA,70,4,NA,35,NA,NA,NA,NA,NA,NA,35,252,167,41,2,31,230,2,7,126,20.5,TRUE,0.000133174898811567,2.44818,20262517,20262518,20262738
"after_stage2","TS-RIGHT-TUNED","TS tuned K1cap in {2,5,15,25}, T1=80, T2=4, eta=0.5/L",1,20260517,2,0.596145598922884,0.414280979076969,0.292964543270111,6.65874494057837e-05,0.5,0.4,2,NA,80,4,NA,35,NA,NA,NA,NA,NA,NA,35,252,167,41,2,31,230,2,7,126,20.5,TRUE,0.000133174898811567,2.44818,20262517,20262518,20262738
"after_stage2","TS-RIGHT-TUNED","TS tuned K1cap in {2,5,15,25}, T1=90, T2=4, eta=0.5/L",1,20260517,2,0.596483865331684,0.414217513753883,0.292161940015288,6.65874494057837e-05,0.5,0.4,2,NA,90,4,NA,35,NA,NA,NA,NA,NA,NA,35,252,167,41,2,31,230,2,7,126,20.5,TRUE,0.000133174898811567,2.44818,20262517,20262518,20262738
"after_stage2","TS-RIGHT-TUNED","TS tuned K1cap in {2,5,15,25}, T1=100, T2=4, eta=0.5/L",1,20260517,2,0.597191541399526,0.41597057952518,0.29048136746987,6.65874494057837e-05,0.5,0.4,2,NA,100,4,NA,35,NA,NA,NA,NA,NA,NA,35,252,167,41,2,31,230,2,7,126,20.5,TRUE,0.000133174898811567,2.44818,20262517,20262518,20262738
"stage1_only","TS-RIGHT-TUNED","TS tuned K1cap in {2,5,15,25}, T1=0, T2=4, eta=0.5/L",1,20260517,2,0.709622297287266,0.501192228571429,-0.00182304055825577,6.65874494057837e-05,0.5,0.4,2,NA,0,4,NA,35,NA,NA,NA,NA,NA,NA,0,252,167,41,2,31,230,2,7,126,20.5,TRUE,0.000133174898811567,2.44818,20262517,20262518,20262738
"stage1_only","TS-RIGHT-TUNED","TS tuned K1cap in {2,5,15,25}, T1=10, T2=4, eta=0.5/L",1,20260517,2,0.618036961516505,0.430482907517994,0.240084318259806,6.65874494057837e-05,0.5,0.4,2,NA,10,4,NA,35,NA,NA,NA,NA,NA,NA,35,252,167,41,2,31,230,2,7,126,20.5,TRUE,0.000133174898811567,2.44818,20262517,20262518,20262738
"stage1_only","TS-RIGHT-TUNED","TS tuned K1cap in {2,5,15,25}, T1=20, T2=4, eta=0.5/L",1,20260517,2,0.6103438186224,0.422315471853523,0.258884988028664,6.65874494057837e-05,0.5,0.4,2,NA,20,4,NA,35,NA,NA,NA,NA,NA,NA,35,252,167,41,2,31,230,2,7,126,20.5,TRUE,0.000133174898811567,2.44818,20262517,20262518,20262738
"stage1_only","TS-RIGHT-TUNED","TS tuned K1cap in {2,5,15,25}, T1=30, T2=4, eta=0.5/L",1,20260517,2,0.604387348777907,0.437481708467579,0.27327978790504,6.65874494057837e-05,0.5,0.4,5,NA,30,4,NA,35,NA,NA,NA,NA,NA,NA,35,252,167,41,5,31,230,2,7,50.4,20.5,TRUE,0.000133174898811567,2.44818,20262517,20262518,20262738
"stage1_only","TS-RIGHT-TUNED","TS tuned K1cap in {2,5,15,25}, T1=40, T2=4, eta=0.5/L",1,20260517,2,0.607487603841235,0.441497579644411,0.265805122714958,6.65874494057837e-05,0.5,0.4,5,NA,40,4,NA,35,NA,NA,NA,NA,NA,NA,35,252,167,41,5,31,230,2,7,50.4,20.5,TRUE,0.000133174898811567,2.44818,20262517,20262518,20262738
"stage1_only","TS-RIGHT-TUNED","TS tuned K1cap in {2,5,15,25}, T1=50, T2=4, eta=0.5/L",1,20260517,2,0.606144070316549,0.419766556759819,0.26904905604151,6.65874494057837e-05,0.5,0.4,2,NA,50,4,NA,35,NA,NA,NA,NA,NA,NA,35,252,167,41,2,31,230,2,7,126,20.5,TRUE,0.000133174898811567,2.44818,20262517,20262518,20262738
"stage1_only","TS-RIGHT-TUNED","TS tuned K1cap in {2,5,15,25}, T1=60, T2=4, eta=0.5/L",1,20260517,2,0.606044865225623,0.421690216112813,0.269288299892504,6.65874494057837e-05,0.5,0.4,2,NA,60,4,NA,35,NA,NA,NA,NA,NA,NA,35,252,167,41,2,31,230,2,7,126,20.5,TRUE,0.000133174898811567,2.44818,20262517,20262518,20262738
"stage1_only","TS-RIGHT-TUNED","TS tuned K1cap in {2,5,15,25}, T1=70, T2=4, eta=0.5/L",1,20260517,2,0.606860393205361,0.423877642338617,0.267320403389554,6.65874494057837e-05,0.5,0.4,2,NA,70,4,NA,35,NA,NA,NA,NA,NA,NA,35,252,167,41,2,31,230,2,7,126,20.5,TRUE,0.000133174898811567,2.44818,20262517,20262518,20262738
"stage1_only","TS-RIGHT-TUNED","TS tuned K1cap in {2,5,15,25}, T1=80, T2=4, eta=0.5/L",1,20260517,2,0.608137103625344,0.426455381170569,0.264234343887122,6.65874494057837e-05,0.5,0.4,2,NA,80,4,NA,35,NA,NA,NA,NA,NA,NA,35,252,167,41,2,31,230,2,7,126,20.5,TRUE,0.000133174898811567,2.44818,20262517,20262518,20262738
"stage1_only","TS-RIGHT-TUNED","TS tuned K1cap in {2,5,15,25}, T1=90, T2=4, eta=0.5/L",1,20260517,2,0.608320544409442,0.428148196668727,0.263790398650396,6.65874494057837e-05,0.5,0.4,2,NA,90,4,NA,35,NA,NA,NA,NA,NA,NA,35,252,167,41,2,31,230,2,7,126,20.5,TRUE,0.000133174898811567,2.44818,20262517,20262518,20262738
"stage1_only","TS-RIGHT-TUNED","TS tuned K1cap in {2,5,15,25}, T1=100, T2=4, eta=0.5/L",1,20260517,2,0.608641382157566,0.429441658937037,0.263013616996025,6.65874494057837e-05,0.5,0.4,2,NA,100,4,NA,35,NA,NA,NA,NA,NA,NA,35,252,167,41,2,31,230,2,7,126,20.5,TRUE,0.000133174898811567,2.44818,20262517,20262518,20262738
"after_stage2","TS-RIGHT-TUNED","TS tuned K1cap in {2,5,15,25}, T1=0, T2=4, eta=0.5/L",1,20260517,3,1.03479609232529,0.617578710992238,0.228480054511827,6.57134179749184e-05,0.5,0.4,2,NA,0,4,NA,46,NA,NA,NA,NA,NA,NA,46,252,167,41,2,31,302,2,7,126,20.5,TRUE,0.000131426835949837,2.477898,20263517,20263518,20263738
"after_stage2","TS-RIGHT-TUNED","TS tuned K1cap in {2,5,15,25}, T1=10, T2=4, eta=0.5/L",1,20260517,3,0.987397093892995,0.613936168370006,0.2975405047712,6.57134179749184e-05,0.5,0.4,2,NA,10,4,NA,46,NA,NA,NA,NA,NA,NA,46,252,167,41,2,31,302,2,7,126,20.5,TRUE,0.000131426835949837,2.477898,20263517,20263518,20263738
"after_stage2","TS-RIGHT-TUNED","TS tuned K1cap in {2,5,15,25}, T1=20, T2=4, eta=0.5/L",1,20260517,3,0.972645499576475,0.621508371777899,0.318373037239223,6.57134179749184e-05,0.5,0.4,2,NA,20,4,NA,46,NA,NA,NA,NA,NA,NA,46,252,167,41,2,31,302,2,7,126,20.5,TRUE,0.000131426835949837,2.477898,20263517,20263518,20263738
"after_stage2","TS-RIGHT-TUNED","TS tuned K1cap in {2,5,15,25}, T1=30, T2=4, eta=0.5/L",1,20260517,3,0.967035450064364,0.626580162460965,0.326213371752942,6.57134179749184e-05,0.5,0.4,2,NA,30,4,NA,46,NA,NA,NA,NA,NA,NA,46,252,167,41,2,31,302,2,7,126,20.5,TRUE,0.000131426835949837,2.477898,20263517,20263518,20263738
"after_stage2","TS-RIGHT-TUNED","TS tuned K1cap in {2,5,15,25}, T1=40, T2=4, eta=0.5/L",1,20260517,3,0.967991845097872,0.633341951557414,0.324879966979194,6.57134179749184e-05,0.5,0.4,2,NA,40,4,NA,46,NA,NA,NA,NA,NA,NA,46,252,167,41,2,31,302,2,7,126,20.5,TRUE,0.000131426835949837,2.477898,20263517,20263518,20263738
"after_stage2","TS-RIGHT-TUNED","TS tuned K1cap in {2,5,15,25}, T1=50, T2=4, eta=0.5/L",1,20260517,3,0.967536076945132,0.637488738696271,0.325515562772179,6.57134179749184e-05,0.5,0.4,2,NA,50,4,NA,46,NA,NA,NA,NA,NA,NA,46,252,167,41,2,31,302,2,7,126,20.5,TRUE,0.000131426835949837,2.477898,20263517,20263518,20263738
"after_stage2","TS-RIGHT-TUNED","TS tuned K1cap in {2,5,15,25}, T1=60, T2=4, eta=0.5/L",1,20260517,3,0.972506368507776,0.644026970359087,0.318568028538729,6.57134179749184e-05,0.5,0.4,2,NA,60,4,NA,46,NA,NA,NA,NA,NA,NA,46,252,167,41,2,31,302,2,7,126,20.5,TRUE,0.000131426835949837,2.477898,20263517,20263518,20263738
"after_stage2","TS-RIGHT-TUNED","TS tuned K1cap in {2,5,15,25}, T1=70, T2=4, eta=0.5/L",1,20260517,3,0.977311336638769,0.64847377622696,0.311817743386073,6.57134179749184e-05,0.5,0.4,2,NA,70,4,NA,46,NA,NA,NA,NA,NA,NA,46,252,167,41,2,31,302,2,7,126,20.5,TRUE,0.000131426835949837,2.477898,20263517,20263518,20263738
"after_stage2","TS-RIGHT-TUNED","TS tuned K1cap in {2,5,15,25}, T1=80, T2=4, eta=0.5/L",1,20260517,3,0.980978146003188,0.651141138512168,0.306644024576645,6.57134179749184e-05,0.5,0.4,2,NA,80,4,NA,46,NA,NA,NA,NA,NA,NA,46,252,167,41,2,31,302,2,7,126,20.5,TRUE,0.000131426835949837,2.477898,20263517,20263518,20263738
"after_stage2","TS-RIGHT-TUNED","TS tuned K1cap in {2,5,15,25}, T1=90, T2=4, eta=0.5/L",1,20260517,3,0.9844925383957,0.653300227421673,0.301667176098838,6.57134179749184e-05,0.5,0.4,2,NA,90,4,NA,46,NA,NA,NA,NA,NA,NA,46,252,167,41,2,31,302,2,7,126,20.5,TRUE,0.000131426835949837,2.477898,20263517,20263518,20263738
"after_stage2","TS-RIGHT-TUNED","TS tuned K1cap in {2,5,15,25}, T1=100, T2=4, eta=0.5/L",1,20260517,3,0.987723463231104,0.655696826073106,0.297076053070133,6.57134179749184e-05,0.5,0.4,2,NA,100,4,NA,46,NA,NA,NA,NA,NA,NA,46,252,167,41,2,31,302,2,7,126,20.5,TRUE,0.000131426835949837,2.477898,20263517,20263518,20263738
"stage1_only","TS-RIGHT-TUNED","TS tuned K1cap in {2,5,15,25}, T1=0, T2=4, eta=0.5/L",1,20260517,3,1.18495260424797,0.65629280952381,-0.011671597676238,6.57134179749184e-05,0.5,0.4,2,NA,0,4,NA,46,NA,NA,NA,NA,NA,NA,0,252,167,41,2,31,302,2,7,126,20.5,TRUE,0.000131426835949837,2.477898,20263517,20263518,20263738
"stage1_only","TS-RIGHT-TUNED","TS tuned K1cap in {2,5,15,25}, T1=10, T2=4, eta=0.5/L",1,20260517,3,1.02820587418674,0.594942438556545,0.238275789561771,6.57134179749184e-05,0.5,0.4,2,NA,10,4,NA,46,NA,NA,NA,NA,NA,NA,46,252,167,41,2,31,302,2,7,126,20.5,TRUE,0.000131426835949837,2.477898,20263517,20263518,20263738
"stage1_only","TS-RIGHT-TUNED","TS tuned K1cap in {2,5,15,25}, T1=20, T2=4, eta=0.5/L",1,20260517,3,0.999619061571653,0.602214561441937,0.280042838584126,6.57134179749184e-05,0.5,0.4,2,NA,20,4,NA,46,NA,NA,NA,NA,NA,NA,46,252,167,41,2,31,302,2,7,126,20.5,TRUE,0.000131426835949837,2.477898,20263517,20263518,20263738
"stage1_only","TS-RIGHT-TUNED","TS tuned K1cap in {2,5,15,25}, T1=30, T2=4, eta=0.5/L",1,20260517,3,0.985412085928149,0.607022203908756,0.300362036457003,6.57134179749184e-05,0.5,0.4,2,NA,30,4,NA,46,NA,NA,NA,NA,NA,NA,46,252,167,41,2,31,302,2,7,126,20.5,TRUE,0.000131426835949837,2.477898,20263517,20263518,20263738
"stage1_only","TS-RIGHT-TUNED","TS tuned K1cap in {2,5,15,25}, T1=40, T2=4, eta=0.5/L",1,20260517,3,0.981390142998549,0.612156822458575,0.3060615028019,6.57134179749184e-05,0.5,0.4,2,NA,40,4,NA,46,NA,NA,NA,NA,NA,NA,46,252,167,41,2,31,302,2,7,126,20.5,TRUE,0.000131426835949837,2.477898,20263517,20263518,20263738
"stage1_only","TS-RIGHT-TUNED","TS tuned K1cap in {2,5,15,25}, T1=50, T2=4, eta=0.5/L",1,20260517,3,0.980471012645391,0.617975186053262,0.307360723631368,6.57134179749184e-05,0.5,0.4,2,NA,50,4,NA,46,NA,NA,NA,NA,NA,NA,46,252,167,41,2,31,302,2,7,126,20.5,TRUE,0.000131426835949837,2.477898,20263517,20263518,20263738
"stage1_only","TS-RIGHT-TUNED","TS tuned K1cap in {2,5,15,25}, T1=60, T2=4, eta=0.5/L",1,20260517,3,0.983600737851342,0.62308763333521,0.302931769783666,6.57134179749184e-05,0.5,0.4,2,NA,60,4,NA,46,NA,NA,NA,NA,NA,NA,46,252,167,41,2,31,302,2,7,126,20.5,TRUE,0.000131426835949837,2.477898,20263517,20263518,20263738
"stage1_only","TS-RIGHT-TUNED","TS tuned K1cap in {2,5,15,25}, T1=70, T2=4, eta=0.5/L",1,20260517,3,0.986916154057628,0.627156307626126,0.298224643864989,6.57134179749184e-05,0.5,0.4,2,NA,70,4,NA,46,NA,NA,NA,NA,NA,NA,46,252,167,41,2,31,302,2,7,126,20.5,TRUE,0.000131426835949837,2.477898,20263517,20263518,20263738
"stage1_only","TS-RIGHT-TUNED","TS tuned K1cap in {2,5,15,25}, T1=80, T2=4, eta=0.5/L",1,20260517,3,0.9902715165901,0.630472548298339,0.293444676381544,6.57134179749184e-05,0.5,0.4,2,NA,80,4,NA,46,NA,NA,NA,NA,NA,NA,46,252,167,41,2,31,302,2,7,126,20.5,TRUE,0.000131426835949837,2.477898,20263517,20263518,20263738
"stage1_only","TS-RIGHT-TUNED","TS tuned K1cap in {2,5,15,25}, T1=90, T2=4, eta=0.5/L",1,20260517,3,0.993593719924003,0.633246359496173,0.28869596281039,6.57134179749184e-05,0.5,0.4,2,NA,90,4,NA,46,NA,NA,NA,NA,NA,NA,46,252,167,41,2,31,302,2,7,126,20.5,TRUE,0.000131426835949837,2.477898,20263517,20263518,20263738
"stage1_only","TS-RIGHT-TUNED","TS tuned K1cap in {2,5,15,25}, T1=100, T2=4, eta=0.5/L",1,20260517,3,0.996860296565979,0.635781748508424,0.284011254024239,6.57134179749184e-05,0.5,0.4,2,NA,100,4,NA,46,NA,NA,NA,NA,NA,NA,46,252,167,41,2,31,302,2,7,126,20.5,TRUE,0.000131426835949837,2.477898,20263517,20263518,20263738
"after_stage2","TS-RIGHT-TUNED","TS tuned K1cap in {2,5,15,25}, T1=0, T2=4, eta=0.5/L",1,20260517,4,1.2227339575627,0.566246931873463,0.072550119772391,6.44379912200231e-05,0.5,0.4,2,NA,0,4,NA,38,NA,NA,NA,NA,NA,NA,38,252,167,41,2,31,249,2,7,126,20.5,TRUE,0.000128875982440046,2.477898,20264517,20264518,20264738
"after_stage2","TS-RIGHT-TUNED","TS tuned K1cap in {2,5,15,25}, T1=10, T2=4, eta=0.5/L",1,20260517,4,1.13478353314561,0.579374943503223,0.201173336158855,6.44379912200231e-05,0.5,0.4,2,NA,10,4,NA,38,NA,NA,NA,NA,NA,NA,38,252,167,41,2,31,249,2,7,126,20.5,TRUE,0.000128875982440046,2.477898,20264517,20264518,20264738
"after_stage2","TS-RIGHT-TUNED","TS tuned K1cap in {2,5,15,25}, T1=20, T2=4, eta=0.5/L",1,20260517,4,1.11302514736092,0.591072676970234,0.231513122574414,6.44379912200231e-05,0.5,0.4,2,NA,20,4,NA,38,NA,NA,NA,NA,NA,NA,38,252,167,41,2,31,249,2,7,126,20.5,TRUE,0.000128875982440046,2.477898,20264517,20264518,20264738
"after_stage2","TS-RIGHT-TUNED","TS tuned K1cap in {2,5,15,25}, T1=30, T2=4, eta=0.5/L",1,20260517,4,1.1047363466722,0.593879700563959,0.242916487901566,6.44379912200231e-05,0.5,0.4,2,NA,30,4,NA,38,NA,NA,NA,NA,NA,NA,38,252,167,41,2,31,249,2,7,126,20.5,TRUE,0.000128875982440046,2.477898,20264517,20264518,20264738
"after_stage2","TS-RIGHT-TUNED","TS tuned K1cap in {2,5,15,25}, T1=40, T2=4, eta=0.5/L",1,20260517,4,1.10357820473493,0.606047065491318,0.24450302132085,6.44379912200231e-05,0.5,0.4,2,NA,40,4,NA,38,NA,NA,NA,NA,NA,NA,38,252,167,41,2,31,249,2,7,126,20.5,TRUE,0.000128875982440046,2.477898,20264517,20264518,20264738
"after_stage2","TS-RIGHT-TUNED","TS tuned K1cap in {2,5,15,25}, T1=50, T2=4, eta=0.5/L",1,20260517,4,1.10762204331539,0.619575694072619,0.238956146204459,6.44379912200231e-05,0.5,0.4,2,NA,50,4,NA,38,NA,NA,NA,NA,NA,NA,38,252,167,41,2,31,249,2,7,126,20.5,TRUE,0.000128875982440046,2.477898,20264517,20264518,20264738
"after_stage2","TS-RIGHT-TUNED","TS tuned K1cap in {2,5,15,25}, T1=60, T2=4, eta=0.5/L",1,20260517,4,1.11283050987942,0.628887758867501,0.231781873504882,6.44379912200231e-05,0.5,0.4,2,NA,60,4,NA,38,NA,NA,NA,NA,NA,NA,38,252,167,41,2,31,249,2,7,126,20.5,TRUE,0.000128875982440046,2.477898,20264517,20264518,20264738
"after_stage2","TS-RIGHT-TUNED","TS tuned K1cap in {2,5,15,25}, T1=70, T2=4, eta=0.5/L",1,20260517,4,1.11636614717457,0.630889757886549,0.226892619593496,6.44379912200231e-05,0.5,0.4,2,NA,70,4,NA,38,NA,NA,NA,NA,NA,NA,38,252,167,41,2,31,249,2,7,126,20.5,TRUE,0.000128875982440046,2.477898,20264517,20264518,20264738
"after_stage2","TS-RIGHT-TUNED","TS tuned K1cap in {2,5,15,25}, T1=80, T2=4, eta=0.5/L",1,20260517,4,1.1247184745626,0.643379396388331,0.2152810142374,6.44379912200231e-05,0.5,0.4,2,NA,80,4,NA,38,NA,NA,NA,NA,NA,NA,38,252,167,41,2,31,249,2,7,126,20.5,TRUE,0.000128875982440046,2.477898,20264517,20264518,20264738
"after_stage2","TS-RIGHT-TUNED","TS tuned K1cap in {2,5,15,25}, T1=90, T2=4, eta=0.5/L",1,20260517,4,1.1283243129258,0.646681163122479,0.210241343108466,6.44379912200231e-05,0.5,0.4,2,NA,90,4,NA,38,NA,NA,NA,NA,NA,NA,38,252,167,41,2,31,249,2,7,126,20.5,TRUE,0.000128875982440046,2.477898,20264517,20264518,20264738
"after_stage2","TS-RIGHT-TUNED","TS tuned K1cap in {2,5,15,25}, T1=100, T2=4, eta=0.5/L",1,20260517,4,1.13362179909604,0.65217360568068,0.202808095698254,6.44379912200231e-05,0.5,0.4,2,NA,100,4,NA,38,NA,NA,NA,NA,NA,NA,38,252,167,41,2,31,249,2,7,126,20.5,TRUE,0.000128875982440046,2.477898,20264517,20264518,20264738
"stage1_only","TS-RIGHT-TUNED","TS tuned K1cap in {2,5,15,25}, T1=0, T2=4, eta=0.5/L",1,20260517,4,1.28654770117789,0.592944695238095,-0.0267820993157148,6.44379912200231e-05,0.5,0.4,2,NA,0,4,NA,38,NA,NA,NA,NA,NA,NA,0,252,167,41,2,31,249,2,7,126,20.5,TRUE,0.000128875982440046,2.477898,20264517,20264518,20264738
"stage1_only","TS-RIGHT-TUNED","TS tuned K1cap in {2,5,15,25}, T1=10, T2=4, eta=0.5/L",1,20260517,4,1.12110404963033,0.612924994738509,0.220316497363451,6.44379912200231e-05,0.5,0.4,2,NA,10,4,NA,38,NA,NA,NA,NA,NA,NA,38,252,167,41,2,31,249,2,7,126,20.5,TRUE,0.000128875982440046,2.477898,20264517,20264518,20264738
"stage1_only","TS-RIGHT-TUNED","TS tuned K1cap in {2,5,15,25}, T1=20, T2=4, eta=0.5/L",1,20260517,4,1.1059291625485,0.633056974208285,0.241280715228128,6.44379912200231e-05,0.5,0.4,2,NA,20,4,NA,38,NA,NA,NA,NA,NA,NA,38,252,167,41,2,31,249,2,7,126,20.5,TRUE,0.000128875982440046,2.477898,20264517,20264518,20264738
"stage1_only","TS-RIGHT-TUNED","TS tuned K1cap in {2,5,15,25}, T1=30, T2=4, eta=0.5/L",1,20260517,4,1.10507395205754,0.64655713033935,0.242453690553836,6.44379912200231e-05,0.5,0.4,2,NA,30,4,NA,38,NA,NA,NA,NA,NA,NA,38,252,167,41,2,31,249,2,7,126,20.5,TRUE,0.000128875982440046,2.477898,20264517,20264518,20264738
"stage1_only","TS-RIGHT-TUNED","TS tuned K1cap in {2,5,15,25}, T1=40, T2=4, eta=0.5/L",1,20260517,4,1.10995576696598,0.659282834817669,0.235745778357085,6.44379912200231e-05,0.5,0.4,2,NA,40,4,NA,38,NA,NA,NA,NA,NA,NA,38,252,167,41,2,31,249,2,7,126,20.5,TRUE,0.000128875982440046,2.477898,20264517,20264518,20264738
"stage1_only","TS-RIGHT-TUNED","TS tuned K1cap in {2,5,15,25}, T1=50, T2=4, eta=0.5/L",1,20260517,4,1.11791030116282,0.669521980191615,0.224752421279963,6.44379912200231e-05,0.5,0.4,2,NA,50,4,NA,38,NA,NA,NA,NA,NA,NA,38,252,167,41,2,31,249,2,7,126,20.5,TRUE,0.000128875982440046,2.477898,20264517,20264518,20264738
"stage1_only","TS-RIGHT-TUNED","TS tuned K1cap in {2,5,15,25}, T1=60, T2=4, eta=0.5/L",1,20260517,4,1.12729990230356,0.679665149093858,0.211674742856505,6.44379912200231e-05,0.5,0.4,2,NA,60,4,NA,38,NA,NA,NA,NA,NA,NA,38,252,167,41,2,31,249,2,7,126,20.5,TRUE,0.000128875982440046,2.477898,20264517,20264518,20264738
"stage1_only","TS-RIGHT-TUNED","TS tuned K1cap in {2,5,15,25}, T1=70, T2=4, eta=0.5/L",1,20260517,4,1.13666502252854,0.688488204323471,0.198522205209852,6.44379912200231e-05,0.5,0.4,2,NA,70,4,NA,38,NA,NA,NA,NA,NA,NA,38,252,167,41,2,31,249,2,7,126,20.5,TRUE,0.000128875982440046,2.477898,20264517,20264518,20264738
"stage1_only","TS-RIGHT-TUNED","TS tuned K1cap in {2,5,15,25}, T1=80, T2=4, eta=0.5/L",1,20260517,4,1.14500981134043,0.695144153482532,0.18671096220368,6.44379912200231e-05,0.5,0.4,2,NA,80,4,NA,38,NA,NA,NA,NA,NA,NA,38,252,167,41,2,31,249,2,7,126,20.5,TRUE,0.000128875982440046,2.477898,20264517,20264518,20264738
"stage1_only","TS-RIGHT-TUNED","TS tuned K1cap in {2,5,15,25}, T1=90, T2=4, eta=0.5/L",1,20260517,4,1.15247286924771,0.700446917449786,0.176074540194873,6.44379912200231e-05,0.5,0.4,2,NA,90,4,NA,38,NA,NA,NA,NA,NA,NA,38,252,167,41,2,31,249,2,7,126,20.5,TRUE,0.000128875982440046,2.477898,20264517,20264518,20264738
"stage1_only","TS-RIGHT-TUNED","TS tuned K1cap in {2,5,15,25}, T1=100, T2=4, eta=0.5/L",1,20260517,4,1.15914551772136,0.704792933076699,0.166506105684494,6.44379912200231e-05,0.5,0.4,2,NA,100,4,NA,38,NA,NA,NA,NA,NA,NA,38,252,167,41,2,31,249,2,7,126,20.5,TRUE,0.000128875982440046,2.477898,20264517,20264518,20264738
"after_stage2","TS-RIGHT-TUNED","TS tuned K1cap in {2,5,15,25}, T1=0, T2=4, eta=0.5/L",1,20260517,5,0.796201757995699,0.51459890408908,0.134356478989372,6.97827973178859e-05,0.5,0.4,2,NA,0,4,NA,14,NA,NA,NA,NA,NA,NA,14,252,168,42,2,31,92,2,7,126,21,TRUE,0.000139565594635772,2.493504,20265517,20265518,20265738
"after_stage2","TS-RIGHT-TUNED","TS tuned K1cap in {2,5,15,25}, T1=10, T2=4, eta=0.5/L",1,20260517,5,0.783587119684043,0.515000765078983,0.161568868163109,6.97827973178859e-05,0.5,0.4,25,NA,10,4,NA,14,NA,NA,NA,NA,NA,NA,14,252,168,42,25,31,92,2,7,10.08,21,TRUE,0.000139565594635772,2.493504,20265517,20265518,20265738
"after_stage2","TS-RIGHT-TUNED","TS tuned K1cap in {2,5,15,25}, T1=20, T2=4, eta=0.5/L",1,20260517,5,0.787342575996938,0.549910843021258,0.153513001263794,6.97827973178859e-05,0.5,0.4,5,NA,20,4,NA,14,NA,NA,NA,NA,NA,NA,14,252,168,42,5,31,92,2,7,50.4,21,TRUE,0.000139565594635772,2.493504,20265517,20265518,20265738
"after_stage2","TS-RIGHT-TUNED","TS tuned K1cap in {2,5,15,25}, T1=30, T2=4, eta=0.5/L",1,20260517,5,0.782731798075439,0.535257531931732,0.163398241967337,6.97827973178859e-05,0.5,0.4,2,NA,30,4,NA,14,NA,NA,NA,NA,NA,NA,14,252,168,42,2,31,92,2,7,126,21,TRUE,0.000139565594635772,2.493504,20265517,20265518,20265738
"after_stage2","TS-RIGHT-TUNED","TS tuned K1cap in {2,5,15,25}, T1=40, T2=4, eta=0.5/L",1,20260517,5,0.784451645270576,0.53784260502601,0.159717778460833,6.97827973178859e-05,0.5,0.4,2,NA,40,4,NA,14,NA,NA,NA,NA,NA,NA,14,252,168,42,2,31,92,2,7,126,21,TRUE,0.000139565594635772,2.493504,20265517,20265518,20265738
"after_stage2","TS-RIGHT-TUNED","TS tuned K1cap in {2,5,15,25}, T1=50, T2=4, eta=0.5/L",1,20260517,5,0.785372120779809,0.538907297159048,0.157744647296085,6.97827973178859e-05,0.5,0.4,2,NA,50,4,NA,14,NA,NA,NA,NA,NA,NA,14,252,168,42,2,31,92,2,7,126,21,TRUE,0.000139565594635772,2.493504,20265517,20265518,20265738
"after_stage2","TS-RIGHT-TUNED","TS tuned K1cap in {2,5,15,25}, T1=60, T2=4, eta=0.5/L",1,20260517,5,0.790839778924159,0.537959002585723,0.145976481625475,6.97827973178859e-05,0.5,0.4,25,NA,60,4,NA,14,NA,NA,NA,NA,NA,NA,14,252,168,42,25,31,92,2,7,10.08,21,TRUE,0.000139565594635772,2.493504,20265517,20265518,20265738
"after_stage2","TS-RIGHT-TUNED","TS tuned K1cap in {2,5,15,25}, T1=70, T2=4, eta=0.5/L",1,20260517,5,0.790005328373149,0.532713776891717,0.147777767916403,6.97827973178859e-05,0.5,0.4,25,NA,70,4,NA,14,NA,NA,NA,NA,NA,NA,14,252,168,42,25,31,92,2,7,10.08,21,TRUE,0.000139565594635772,2.493504,20265517,20265518,20265738
"after_stage2","TS-RIGHT-TUNED","TS tuned K1cap in {2,5,15,25}, T1=80, T2=4, eta=0.5/L",1,20260517,5,0.790509552912246,0.532514925170235,0.146689551218689,6.97827973178859e-05,0.5,0.4,25,NA,80,4,NA,14,NA,NA,NA,NA,NA,NA,14,252,168,42,25,31,92,2,7,10.08,21,TRUE,0.000139565594635772,2.493504,20265517,20265518,20265738
"after_stage2","TS-RIGHT-TUNED","TS tuned K1cap in {2,5,15,25}, T1=90, T2=4, eta=0.5/L",1,20260517,5,0.790923770381901,0.533038740170225,0.145795068167886,6.97827973178859e-05,0.5,0.4,25,NA,90,4,NA,14,NA,NA,NA,NA,NA,NA,14,252,168,42,25,31,92,2,7,10.08,21,TRUE,0.000139565594635772,2.493504,20265517,20265518,20265738
"after_stage2","TS-RIGHT-TUNED","TS tuned K1cap in {2,5,15,25}, T1=100, T2=4, eta=0.5/L",1,20260517,5,0.789197882924915,0.538608241717318,0.14951894935028,6.97827973178859e-05,0.5,0.4,2,NA,100,4,NA,14,NA,NA,NA,NA,NA,NA,14,252,168,42,2,31,92,2,7,126,21,TRUE,0.000139565594635772,2.493504,20265517,20265518,20265738
"stage1_only","TS-RIGHT-TUNED","TS tuned K1cap in {2,5,15,25}, T1=0, T2=4, eta=0.5/L",1,20260517,5,0.887159119631564,0.549390740384615,-0.0747213118822809,6.97827973178859e-05,0.5,0.4,2,NA,0,4,NA,14,NA,NA,NA,NA,NA,NA,0,252,168,42,2,31,92,2,7,126,21,TRUE,0.000139565594635772,2.493504,20265517,20265518,20265738
"stage1_only","TS-RIGHT-TUNED","TS tuned K1cap in {2,5,15,25}, T1=10, T2=4, eta=0.5/L",1,20260517,5,0.788457540255164,0.541069144940962,0.151113865126538,6.97827973178859e-05,0.5,0.4,5,NA,10,4,NA,14,NA,NA,NA,NA,NA,NA,14,252,168,42,5,31,92,2,7,50.4,21,TRUE,0.000139565594635772,2.493504,20265517,20265518,20265738
"stage1_only","TS-RIGHT-TUNED","TS tuned K1cap in {2,5,15,25}, T1=20, T2=4, eta=0.5/L",1,20260517,5,0.79383823395044,0.554881879331877,0.139488174636208,6.97827973178859e-05,0.5,0.4,5,NA,20,4,NA,14,NA,NA,NA,NA,NA,NA,14,252,168,42,5,31,92,2,7,50.4,21,TRUE,0.000139565594635772,2.493504,20265517,20265518,20265738
"stage1_only","TS-RIGHT-TUNED","TS tuned K1cap in {2,5,15,25}, T1=30, T2=4, eta=0.5/L",1,20260517,5,0.798274848073094,0.557988323801875,0.129842815858163,6.97827973178859e-05,0.5,0.4,5,NA,30,4,NA,14,NA,NA,NA,NA,NA,NA,14,252,168,42,5,31,92,2,7,50.4,21,TRUE,0.000139565594635772,2.493504,20265517,20265518,20265738
"stage1_only","TS-RIGHT-TUNED","TS tuned K1cap in {2,5,15,25}, T1=40, T2=4, eta=0.5/L",1,20260517,5,0.798310707495395,0.559418126779018,0.129764637183602,6.97827973178859e-05,0.5,0.4,5,NA,40,4,NA,14,NA,NA,NA,NA,NA,NA,14,252,168,42,5,31,92,2,7,50.4,21,TRUE,0.000139565594635772,2.493504,20265517,20265518,20265738
"stage1_only","TS-RIGHT-TUNED","TS tuned K1cap in {2,5,15,25}, T1=50, T2=4, eta=0.5/L",1,20260517,5,0.800444773451666,0.561298318769163,0.125105744543264,6.97827973178859e-05,0.5,0.4,5,NA,50,4,NA,14,NA,NA,NA,NA,NA,NA,14,252,168,42,5,31,92,2,7,50.4,21,TRUE,0.000139565594635772,2.493504,20265517,20265518,20265738
"stage1_only","TS-RIGHT-TUNED","TS tuned K1cap in {2,5,15,25}, T1=60, T2=4, eta=0.5/L",1,20260517,5,0.803649316237633,0.56408097728089,0.118086526528022,6.97827973178859e-05,0.5,0.4,5,NA,60,4,NA,14,NA,NA,NA,NA,NA,NA,14,252,168,42,5,31,92,2,7,50.4,21,TRUE,0.000139565594635772,2.493504,20265517,20265518,20265738
"stage1_only","TS-RIGHT-TUNED","TS tuned K1cap in {2,5,15,25}, T1=70, T2=4, eta=0.5/L",1,20260517,5,0.807486493560642,0.56920666666119,0.109644691937681,6.97827973178859e-05,0.5,0.4,5,NA,70,4,NA,14,NA,NA,NA,NA,NA,NA,14,252,168,42,5,31,92,2,7,50.4,21,TRUE,0.000139565594635772,2.493504,20265517,20265518,20265738
"stage1_only","TS-RIGHT-TUNED","TS tuned K1cap in {2,5,15,25}, T1=80, T2=4, eta=0.5/L",1,20260517,5,0.810787484490955,0.572350975944555,0.102350298228449,6.97827973178859e-05,0.5,0.4,5,NA,80,4,NA,14,NA,NA,NA,NA,NA,NA,14,252,168,42,5,31,92,2,7,50.4,21,TRUE,0.000139565594635772,2.493504,20265517,20265518,20265738
"stage1_only","TS-RIGHT-TUNED","TS tuned K1cap in {2,5,15,25}, T1=90, T2=4, eta=0.5/L",1,20260517,5,0.813507209154607,0.574164636553238,0.0963180030639391,6.97827973178859e-05,0.5,0.4,5,NA,90,4,NA,14,NA,NA,NA,NA,NA,NA,14,252,168,42,5,31,92,2,7,50.4,21,TRUE,0.000139565594635772,2.493504,20265517,20265518,20265738
"stage1_only","TS-RIGHT-TUNED","TS tuned K1cap in {2,5,15,25}, T1=100, T2=4, eta=0.5/L",1,20260517,5,0.814446033954537,0.565925432569416,0.094231018200796,6.97827973178859e-05,0.5,0.4,2,NA,100,4,NA,14,NA,NA,NA,NA,NA,NA,14,252,168,42,2,31,92,2,7,126,21,TRUE,0.000139565594635772,2.493504,20265517,20265518,20265738
"after_stage2","TS-RIGHT-TUNED","TS tuned K1cap in {2,5,15,25}, T1=0, T2=4, eta=0.5/L",2,20360517,1,0.932491031186644,0.547266687821188,0.141374848386148,6.6689829536931e-05,0.5,0.4,2,NA,0,4,NA,28,NA,NA,NA,NA,NA,NA,28,252,167,41,2,31,184,2,7,126,20.5,TRUE,0.000133379659073862,2.437935,20361517,20361518,20361738
"after_stage2","TS-RIGHT-TUNED","TS tuned K1cap in {2,5,15,25}, T1=10, T2=4, eta=0.5/L",2,20360517,1,0.896323156232677,0.543337209403412,0.206688934419882,6.6689829536931e-05,0.5,0.4,2,NA,10,4,NA,28,NA,NA,NA,NA,NA,NA,28,252,167,41,2,31,184,2,7,126,20.5,TRUE,0.000133379659073862,2.437935,20361517,20361518,20361738
"after_stage2","TS-RIGHT-TUNED","TS tuned K1cap in {2,5,15,25}, T1=20, T2=4, eta=0.5/L",2,20360517,1,0.908892791853514,0.533962721275714,0.184282841687667,6.6689829536931e-05,0.5,0.4,5,NA,20,4,NA,28,NA,NA,NA,NA,NA,NA,28,252,167,41,5,31,184,2,7,50.4,20.5,TRUE,0.000133379659073862,2.437935,20361517,20361518,20361738
"after_stage2","TS-RIGHT-TUNED","TS tuned K1cap in {2,5,15,25}, T1=30, T2=4, eta=0.5/L",2,20360517,1,0.909431378508123,0.543890823517644,0.183315808945178,6.6689829536931e-05,0.5,0.4,15,NA,30,4,NA,28,NA,NA,NA,NA,NA,NA,28,252,167,41,15,31,184,2,7,16.8,20.5,TRUE,0.000133379659073862,2.437935,20361517,20361518,20361738
"after_stage2","TS-RIGHT-TUNED","TS tuned K1cap in {2,5,15,25}, T1=40, T2=4, eta=0.5/L",2,20360517,1,0.908156595582161,0.551193316534848,0.185603755934701,6.6689829536931e-05,0.5,0.4,15,NA,40,4,NA,28,NA,NA,NA,NA,NA,NA,28,252,167,41,15,31,184,2,7,16.8,20.5,TRUE,0.000133379659073862,2.437935,20361517,20361518,20361738
"after_stage2","TS-RIGHT-TUNED","TS tuned K1cap in {2,5,15,25}, T1=50, T2=4, eta=0.5/L",2,20360517,1,0.904668027589017,0.551151946694044,0.191848537654801,6.6689829536931e-05,0.5,0.4,15,NA,50,4,NA,28,NA,NA,NA,NA,NA,NA,28,252,167,41,15,31,184,2,7,16.8,20.5,TRUE,0.000133379659073862,2.437935,20361517,20361518,20361738
"after_stage2","TS-RIGHT-TUNED","TS tuned K1cap in {2,5,15,25}, T1=60, T2=4, eta=0.5/L",2,20360517,1,0.901025204237108,0.552940957716556,0.198343794980194,6.6689829536931e-05,0.5,0.4,15,NA,60,4,NA,28,NA,NA,NA,NA,NA,NA,28,252,167,41,15,31,184,2,7,16.8,20.5,TRUE,0.000133379659073862,2.437935,20361517,20361518,20361738
"after_stage2","TS-RIGHT-TUNED","TS tuned K1cap in {2,5,15,25}, T1=70, T2=4, eta=0.5/L",2,20360517,1,0.901670481231202,0.557297532270896,0.197195157772707,6.6689829536931e-05,0.5,0.4,15,NA,70,4,NA,28,NA,NA,NA,NA,NA,NA,28,252,167,41,15,31,184,2,7,16.8,20.5,TRUE,0.000133379659073862,2.437935,20361517,20361518,20361738
"after_stage2","TS-RIGHT-TUNED","TS tuned K1cap in {2,5,15,25}, T1=80, T2=4, eta=0.5/L",2,20360517,1,0.901618318430559,0.560133336268184,0.197288041677649,6.6689829536931e-05,0.5,0.4,15,NA,80,4,NA,28,NA,NA,NA,NA,NA,NA,28,252,167,41,15,31,184,2,7,16.8,20.5,TRUE,0.000133379659073862,2.437935,20361517,20361518,20361738
"after_stage2","TS-RIGHT-TUNED","TS tuned K1cap in {2,5,15,25}, T1=90, T2=4, eta=0.5/L",2,20360517,1,0.902467061504931,0.564035156125258,0.195776056234875,6.6689829536931e-05,0.5,0.4,15,NA,90,4,NA,28,NA,NA,NA,NA,NA,NA,28,252,167,41,15,31,184,2,7,16.8,20.5,TRUE,0.000133379659073862,2.437935,20361517,20361518,20361738
"after_stage2","TS-RIGHT-TUNED","TS tuned K1cap in {2,5,15,25}, T1=100, T2=4, eta=0.5/L",2,20360517,1,0.903165954212283,0.566100657876601,0.194529952277558,6.6689829536931e-05,0.5,0.4,15,NA,100,4,NA,28,NA,NA,NA,NA,NA,NA,28,252,167,41,15,31,184,2,7,16.8,20.5,TRUE,0.000133379659073862,2.437935,20361517,20361518,20361738
"stage1_only","TS-RIGHT-TUNED","TS tuned K1cap in {2,5,15,25}, T1=0, T2=4, eta=0.5/L",2,20360517,1,1.00649276088949,0.573536438095238,-0.000312257376587688,6.6689829536931e-05,0.5,0.4,2,NA,0,4,NA,28,NA,NA,NA,NA,NA,NA,0,252,167,41,2,31,184,2,7,126,20.5,TRUE,0.000133379659073862,2.437935,20361517,20361518,20361738
"stage1_only","TS-RIGHT-TUNED","TS tuned K1cap in {2,5,15,25}, T1=10, T2=4, eta=0.5/L",2,20360517,1,0.900999985783965,0.518408232577622,0.198388668855934,6.6689829536931e-05,0.5,0.4,5,NA,10,4,NA,28,NA,NA,NA,NA,NA,NA,28,252,167,41,5,31,184,2,7,50.4,20.5,TRUE,0.000133379659073862,2.437935,20361517,20361518,20361738
"stage1_only","TS-RIGHT-TUNED","TS tuned K1cap in {2,5,15,25}, T1=20, T2=4, eta=0.5/L",2,20360517,1,0.896331597273865,0.52556423110205,0.206673992480997,6.6689829536931e-05,0.5,0.4,5,NA,20,4,NA,28,NA,NA,NA,NA,NA,NA,28,252,167,41,5,31,184,2,7,50.4,20.5,TRUE,0.000133379659073862,2.437935,20361517,20361518,20361738
"stage1_only","TS-RIGHT-TUNED","TS tuned K1cap in {2,5,15,25}, T1=30, T2=4, eta=0.5/L",2,20360517,1,0.904849058123412,0.524019053159322,0.191525071533561,6.6689829536931e-05,0.5,0.4,15,NA,30,4,NA,28,NA,NA,NA,NA,NA,NA,28,252,167,41,15,31,184,2,7,16.8,20.5,TRUE,0.000133379659073862,2.437935,20361517,20361518,20361738
"stage1_only","TS-RIGHT-TUNED","TS tuned K1cap in {2,5,15,25}, T1=40, T2=4, eta=0.5/L",2,20360517,1,0.90097364556676,0.528219501712914,0.198435537464753,6.6689829536931e-05,0.5,0.4,15,NA,40,4,NA,28,NA,NA,NA,NA,NA,NA,28,252,167,41,15,31,184,2,7,16.8,20.5,TRUE,0.000133379659073862,2.437935,20361517,20361518,20361738
"stage1_only","TS-RIGHT-TUNED","TS tuned K1cap in {2,5,15,25}, T1=50, T2=4, eta=0.5/L",2,20360517,1,0.899941055961666,0.534489727010786,0.200271801682399,6.6689829536931e-05,0.5,0.4,15,NA,50,4,NA,28,NA,NA,NA,NA,NA,NA,28,252,167,41,15,31,184,2,7,16.8,20.5,TRUE,0.000133379659073862,2.437935,20361517,20361518,20361738
"stage1_only","TS-RIGHT-TUNED","TS tuned K1cap in {2,5,15,25}, T1=60, T2=4, eta=0.5/L",2,20360517,1,0.896988006888903,0.537270342668651,0.205511615745031,6.6689829536931e-05,0.5,0.4,15,NA,60,4,NA,28,NA,NA,NA,NA,NA,NA,28,252,167,41,15,31,184,2,7,16.8,20.5,TRUE,0.000133379659073862,2.437935,20361517,20361518,20361738
"stage1_only","TS-RIGHT-TUNED","TS tuned K1cap in {2,5,15,25}, T1=70, T2=4, eta=0.5/L",2,20360517,1,0.896352624880842,0.542979305708637,0.20663676977633,6.6689829536931e-05,0.5,0.4,15,NA,70,4,NA,28,NA,NA,NA,NA,NA,NA,28,252,167,41,15,31,184,2,7,16.8,20.5,TRUE,0.000133379659073862,2.437935,20361517,20361518,20361738
"stage1_only","TS-RIGHT-TUNED","TS tuned K1cap in {2,5,15,25}, T1=80, T2=4, eta=0.5/L",2,20360517,1,0.897939650121489,0.551059844500797,0.203824925270742,6.6689829536931e-05,0.5,0.4,15,NA,80,4,NA,28,NA,NA,NA,NA,NA,NA,28,252,167,41,15,31,184,2,7,16.8,20.5,TRUE,0.000133379659073862,2.437935,20361517,20361518,20361738
"stage1_only","TS-RIGHT-TUNED","TS tuned K1cap in {2,5,15,25}, T1=90, T2=4, eta=0.5/L",2,20360517,1,0.898576768871962,0.556350722583539,0.202694697805825,6.6689829536931e-05,0.5,0.4,15,NA,90,4,NA,28,NA,NA,NA,NA,NA,NA,28,252,167,41,15,31,184,2,7,16.8,20.5,TRUE,0.000133379659073862,2.437935,20361517,20361518,20361738
"stage1_only","TS-RIGHT-TUNED","TS tuned K1cap in {2,5,15,25}, T1=100, T2=4, eta=0.5/L",2,20360517,1,0.898076711212565,0.558568028824462,0.203581851133675,6.6689829536931e-05,0.5,0.4,15,NA,100,4,NA,28,NA,NA,NA,NA,NA,NA,28,252,167,41,15,31,184,2,7,16.8,20.5,TRUE,0.000133379659073862,2.437935,20361517,20361518,20361738
"after_stage2","TS-RIGHT-TUNED","TS tuned K1cap in {2,5,15,25}, T1=0, T2=4, eta=0.5/L",2,20360517,2,0.573899220213885,0.448423403509749,0.170860287001762,6.44411295517313e-05,0.5,0.4,2,NA,0,4,NA,61,NA,NA,NA,NA,NA,NA,61,252,167,41,2,31,400,2,7,126,20.5,TRUE,0.000128882259103463,2.503936,20362517,20362518,20362738
"after_stage2","TS-RIGHT-TUNED","TS tuned K1cap in {2,5,15,25}, T1=10, T2=4, eta=0.5/L",2,20360517,2,0.568162854774147,0.452211620493766,0.187352653154142,6.44411295517313e-05,0.5,0.4,2,NA,10,4,NA,61,NA,NA,NA,NA,NA,NA,61,252,167,41,2,31,400,2,7,126,20.5,TRUE,0.000128882259103463,2.503936,20362517,20362518,20362738
"after_stage2","TS-RIGHT-TUNED","TS tuned K1cap in {2,5,15,25}, T1=20, T2=4, eta=0.5/L",2,20360517,2,0.569489931500957,0.451502060179033,0.183551965192017,6.44411295517313e-05,0.5,0.4,25,NA,20,4,NA,61,NA,NA,NA,NA,NA,NA,61,252,167,41,25,31,400,2,7,10.08,20.5,TRUE,0.000128882259103463,2.503936,20362517,20362518,20362738
"after_stage2","TS-RIGHT-TUNED","TS tuned K1cap in {2,5,15,25}, T1=30, T2=4, eta=0.5/L",2,20360517,2,0.566745190226096,0.448965560229514,0.191402984948709,6.44411295517313e-05,0.5,0.4,25,NA,30,4,NA,61,NA,NA,NA,NA,NA,NA,61,252,167,41,25,31,400,2,7,10.08,20.5,TRUE,0.000128882259103463,2.503936,20362517,20362518,20362738
"after_stage2","TS-RIGHT-TUNED","TS tuned K1cap in {2,5,15,25}, T1=40, T2=4, eta=0.5/L",2,20360517,2,0.559815024980488,0.445220359267465,0.211057143162354,6.44411295517313e-05,0.5,0.4,25,NA,40,4,NA,61,NA,NA,NA,NA,NA,NA,61,252,167,41,25,31,400,2,7,10.08,20.5,TRUE,0.000128882259103463,2.503936,20362517,20362518,20362738
"after_stage2","TS-RIGHT-TUNED","TS tuned K1cap in {2,5,15,25}, T1=50, T2=4, eta=0.5/L",2,20360517,2,0.557297653488731,0.444922006839839,0.218136613037175,6.44411295517313e-05,0.5,0.4,25,NA,50,4,NA,61,NA,NA,NA,NA,NA,NA,61,252,167,41,25,31,400,2,7,10.08,20.5,TRUE,0.000128882259103463,2.503936,20362517,20362518,20362738
"after_stage2","TS-RIGHT-TUNED","TS tuned K1cap in {2,5,15,25}, T1=60, T2=4, eta=0.5/L",2,20360517,2,0.558520679769692,0.445883535669772,0.214701146443959,6.44411295517313e-05,0.5,0.4,25,NA,60,4,NA,61,NA,NA,NA,NA,NA,NA,61,252,167,41,25,31,400,2,7,10.08,20.5,TRUE,0.000128882259103463,2.503936,20362517,20362518,20362738
"after_stage2","TS-RIGHT-TUNED","TS tuned K1cap in {2,5,15,25}, T1=70, T2=4, eta=0.5/L",2,20360517,2,0.552879838290387,0.441257222997129,0.230483469818714,6.44411295517313e-05,0.5,0.4,25,NA,70,4,NA,61,NA,NA,NA,NA,NA,NA,61,252,167,41,25,31,400,2,7,10.08,20.5,TRUE,0.000128882259103463,2.503936,20362517,20362518,20362738
"after_stage2","TS-RIGHT-TUNED","TS tuned K1cap in {2,5,15,25}, T1=80, T2=4, eta=0.5/L",2,20360517,2,0.549476141864675,0.439868687173259,0.239929060648949,6.44411295517313e-05,0.5,0.4,25,NA,80,4,NA,61,NA,NA,NA,NA,NA,NA,61,252,167,41,25,31,400,2,7,10.08,20.5,TRUE,0.000128882259103463,2.503936,20362517,20362518,20362738
"after_stage2","TS-RIGHT-TUNED","TS tuned K1cap in {2,5,15,25}, T1=90, T2=4, eta=0.5/L",2,20360517,2,0.549634703520428,0.440059037416327,0.239490331880472,6.44411295517313e-05,0.5,0.4,25,NA,90,4,NA,61,NA,NA,NA,NA,NA,NA,61,252,167,41,25,31,400,2,7,10.08,20.5,TRUE,0.000128882259103463,2.503936,20362517,20362518,20362738
"after_stage2","TS-RIGHT-TUNED","TS tuned K1cap in {2,5,15,25}, T1=100, T2=4, eta=0.5/L",2,20360517,2,0.54909183723089,0.439501633053931,0.240991878902682,6.44411295517313e-05,0.5,0.4,25,NA,100,4,NA,61,NA,NA,NA,NA,NA,NA,61,252,167,41,25,31,400,2,7,10.08,20.5,TRUE,0.000128882259103463,2.503936,20362517,20362518,20362738
"stage1_only","TS-RIGHT-TUNED","TS tuned K1cap in {2,5,15,25}, T1=0, T2=4, eta=0.5/L",2,20360517,2,0.643048078902888,0.485864371428571,-0.0409822823486075,6.44411295517313e-05,0.5,0.4,2,NA,0,4,NA,61,NA,NA,NA,NA,NA,NA,0,252,167,41,2,31,400,2,7,126,20.5,TRUE,0.000128882259103463,2.503936,20362517,20362518,20362738
"stage1_only","TS-RIGHT-TUNED","TS tuned K1cap in {2,5,15,25}, T1=10, T2=4, eta=0.5/L",2,20360517,2,0.557919566261893,0.440112650293151,0.216390608407749,6.44411295517313e-05,0.5,0.4,5,NA,10,4,NA,61,NA,NA,NA,NA,NA,NA,61,252,167,41,5,31,400,2,7,50.4,20.5,TRUE,0.000128882259103463,2.503936,20362517,20362518,20362738
"stage1_only","TS-RIGHT-TUNED","TS tuned K1cap in {2,5,15,25}, T1=20, T2=4, eta=0.5/L",2,20360517,2,0.563557905542789,0.451526395939249,0.200472252630158,6.44411295517313e-05,0.5,0.4,5,NA,20,4,NA,61,NA,NA,NA,NA,NA,NA,61,252,167,41,5,31,400,2,7,50.4,20.5,TRUE,0.000128882259103463,2.503936,20362517,20362518,20362738
"stage1_only","TS-RIGHT-TUNED","TS tuned K1cap in {2,5,15,25}, T1=30, T2=4, eta=0.5/L",2,20360517,2,0.561482770353035,0.434501930740079,0.206349460715645,6.44411295517313e-05,0.5,0.4,25,NA,30,4,NA,61,NA,NA,NA,NA,NA,NA,61,252,167,41,25,31,400,2,7,10.08,20.5,TRUE,0.000128882259103463,2.503936,20362517,20362518,20362738
"stage1_only","TS-RIGHT-TUNED","TS tuned K1cap in {2,5,15,25}, T1=40, T2=4, eta=0.5/L",2,20360517,2,0.556699587180331,0.432007651921698,0.219813832526041,6.44411295517313e-05,0.5,0.4,25,NA,40,4,NA,61,NA,NA,NA,NA,NA,NA,61,252,167,41,25,31,400,2,7,10.08,20.5,TRUE,0.000128882259103463,2.503936,20362517,20362518,20362738
"stage1_only","TS-RIGHT-TUNED","TS tuned K1cap in {2,5,15,25}, T1=50, T2=4, eta=0.5/L",2,20360517,2,0.552354773482108,0.430272613755601,0.231944381076612,6.44411295517313e-05,0.5,0.4,25,NA,50,4,NA,61,NA,NA,NA,NA,NA,NA,61,252,167,41,25,31,400,2,7,10.08,20.5,TRUE,0.000128882259103463,2.503936,20362517,20362518,20362738
"stage1_only","TS-RIGHT-TUNED","TS tuned K1cap in {2,5,15,25}, T1=60, T2=4, eta=0.5/L",2,20360517,2,0.550026259268471,0.43042634293067,0.238406382854241,6.44411295517313e-05,0.5,0.4,25,NA,60,4,NA,61,NA,NA,NA,NA,NA,NA,61,252,167,41,25,31,400,2,7,10.08,20.5,TRUE,0.000128882259103463,2.503936,20362517,20362518,20362738
"stage1_only","TS-RIGHT-TUNED","TS tuned K1cap in {2,5,15,25}, T1=70, T2=4, eta=0.5/L",2,20360517,2,0.547557305114217,0.430197538765732,0.245228309862884,6.44411295517313e-05,0.5,0.4,25,NA,70,4,NA,61,NA,NA,NA,NA,NA,NA,61,252,167,41,25,31,400,2,7,10.08,20.5,TRUE,0.000128882259103463,2.503936,20362517,20362518,20362738
"stage1_only","TS-RIGHT-TUNED","TS tuned K1cap in {2,5,15,25}, T1=80, T2=4, eta=0.5/L",2,20360517,2,0.546005693334555,0.428957201941753,0.249499838504535,6.44411295517313e-05,0.5,0.4,25,NA,80,4,NA,61,NA,NA,NA,NA,NA,NA,61,252,167,41,25,31,400,2,7,10.08,20.5,TRUE,0.000128882259103463,2.503936,20362517,20362518,20362738
"stage1_only","TS-RIGHT-TUNED","TS tuned K1cap in {2,5,15,25}, T1=90, T2=4, eta=0.5/L",2,20360517,2,0.54562254707948,0.429035176983828,0.250552759522517,6.44411295517313e-05,0.5,0.4,25,NA,90,4,NA,61,NA,NA,NA,NA,NA,NA,61,252,167,41,25,31,400,2,7,10.08,20.5,TRUE,0.000128882259103463,2.503936,20362517,20362518,20362738
"stage1_only","TS-RIGHT-TUNED","TS tuned K1cap in {2,5,15,25}, T1=100, T2=4, eta=0.5/L",2,20360517,2,0.545893700254187,0.429445511237897,0.249807682199037,6.44411295517313e-05,0.5,0.4,25,NA,100,4,NA,61,NA,NA,NA,NA,NA,NA,61,252,167,41,25,31,400,2,7,10.08,20.5,TRUE,0.000128882259103463,2.503936,20362517,20362518,20362738
"after_stage2","TS-RIGHT-TUNED","TS tuned K1cap in {2,5,15,25}, T1=0, T2=4, eta=0.5/L",2,20360517,3,1.02205761688819,0.482923545667515,0.0841849901058437,7.42018621169421e-05,0.5,0.4,2,NA,0,4,NA,6,NA,NA,NA,NA,NA,NA,6,252,167,41,2,31,40,2,7,126,20.5,TRUE,0.000148403724233884,2.477898,20363517,20363518,20363738
"after_stage2","TS-RIGHT-TUNED","TS tuned K1cap in {2,5,15,25}, T1=10, T2=4, eta=0.5/L",2,20360517,3,0.904021912127858,0.494073575900845,0.283502113996286,7.42018621169421e-05,0.5,0.4,2,NA,10,4,NA,6,NA,NA,NA,NA,NA,NA,6,252,167,41,2,31,40,2,7,126,20.5,TRUE,0.000148403724233884,2.477898,20363517,20363518,20363738
"after_stage2","TS-RIGHT-TUNED","TS tuned K1cap in {2,5,15,25}, T1=20, T2=4, eta=0.5/L",2,20360517,3,0.888323537657532,0.490154413503455,0.30817008340001,7.42018621169421e-05,0.5,0.4,2,NA,20,4,NA,6,NA,NA,NA,NA,NA,NA,6,252,167,41,2,31,40,2,7,126,20.5,TRUE,0.000148403724233884,2.477898,20363517,20363518,20363738
"after_stage2","TS-RIGHT-TUNED","TS tuned K1cap in {2,5,15,25}, T1=30, T2=4, eta=0.5/L",2,20360517,3,0.879933880464237,0.491326438714548,0.321176171851225,7.42018621169421e-05,0.5,0.4,2,NA,30,4,NA,6,NA,NA,NA,NA,NA,NA,6,252,167,41,2,31,40,2,7,126,20.5,TRUE,0.000148403724233884,2.477898,20363517,20363518,20363738
"after_stage2","TS-RIGHT-TUNED","TS tuned K1cap in {2,5,15,25}, T1=40, T2=4, eta=0.5/L",2,20360517,3,0.881872019188749,0.496268036160112,0.318182529475244,7.42018621169421e-05,0.5,0.4,2,NA,40,4,NA,6,NA,NA,NA,NA,NA,NA,6,252,167,41,2,31,40,2,7,126,20.5,TRUE,0.000148403724233884,2.477898,20363517,20363518,20363738
"after_stage2","TS-RIGHT-TUNED","TS tuned K1cap in {2,5,15,25}, T1=50, T2=4, eta=0.5/L",2,20360517,3,0.874778395405908,0.498280888589333,0.329107253955077,7.42018621169421e-05,0.5,0.4,2,NA,50,4,NA,6,NA,NA,NA,NA,NA,NA,6,252,167,41,2,31,40,2,7,126,20.5,TRUE,0.000148403724233884,2.477898,20363517,20363518,20363738
"after_stage2","TS-RIGHT-TUNED","TS tuned K1cap in {2,5,15,25}, T1=60, T2=4, eta=0.5/L",2,20360517,3,0.873506688935912,0.499534068356012,0.331056452740385,7.42018621169421e-05,0.5,0.4,2,NA,60,4,NA,6,NA,NA,NA,NA,NA,NA,6,252,167,41,2,31,40,2,7,126,20.5,TRUE,0.000148403724233884,2.477898,20363517,20363518,20363738
"after_stage2","TS-RIGHT-TUNED","TS tuned K1cap in {2,5,15,25}, T1=70, T2=4, eta=0.5/L",2,20360517,3,0.873125707188355,0.502622976430412,0.331639847709308,7.42018621169421e-05,0.5,0.4,2,NA,70,4,NA,6,NA,NA,NA,NA,NA,NA,6,252,167,41,2,31,40,2,7,126,20.5,TRUE,0.000148403724233884,2.477898,20363517,20363518,20363738
"after_stage2","TS-RIGHT-TUNED","TS tuned K1cap in {2,5,15,25}, T1=80, T2=4, eta=0.5/L",2,20360517,3,0.873063444269188,0.504237753185497,0.331735166333047,7.42018621169421e-05,0.5,0.4,2,NA,80,4,NA,6,NA,NA,NA,NA,NA,NA,6,252,167,41,2,31,40,2,7,126,20.5,TRUE,0.000148403724233884,2.477898,20363517,20363518,20363738
"after_stage2","TS-RIGHT-TUNED","TS tuned K1cap in {2,5,15,25}, T1=90, T2=4, eta=0.5/L",2,20360517,3,0.873070272698659,0.505237625500952,0.331724712987051,7.42018621169421e-05,0.5,0.4,2,NA,90,4,NA,6,NA,NA,NA,NA,NA,NA,6,252,167,41,2,31,40,2,7,126,20.5,TRUE,0.000148403724233884,2.477898,20363517,20363518,20363738
"after_stage2","TS-RIGHT-TUNED","TS tuned K1cap in {2,5,15,25}, T1=100, T2=4, eta=0.5/L",2,20360517,3,0.87311779296023,0.505964065434739,0.331651964019019,7.42018621169421e-05,0.5,0.4,2,NA,100,4,NA,6,NA,NA,NA,NA,NA,NA,6,252,167,41,2,31,40,2,7,126,20.5,TRUE,0.000148403724233884,2.477898,20363517,20363518,20363738
"stage1_only","TS-RIGHT-TUNED","TS tuned K1cap in {2,5,15,25}, T1=0, T2=4, eta=0.5/L",2,20360517,3,1.08418447724357,0.539527028571429,-0.0305364773445147,7.42018621169421e-05,0.5,0.4,2,NA,0,4,NA,6,NA,NA,NA,NA,NA,NA,0,252,167,41,2,31,40,2,7,126,20.5,TRUE,0.000148403724233884,2.477898,20363517,20363518,20363738
"stage1_only","TS-RIGHT-TUNED","TS tuned K1cap in {2,5,15,25}, T1=10, T2=4, eta=0.5/L",2,20360517,3,0.912658537562081,0.491112090143222,0.269746511214112,7.42018621169421e-05,0.5,0.4,2,NA,10,4,NA,6,NA,NA,NA,NA,NA,NA,6,252,167,41,2,31,40,2,7,126,20.5,TRUE,0.000148403724233884,2.477898,20363517,20363518,20363738
"stage1_only","TS-RIGHT-TUNED","TS tuned K1cap in {2,5,15,25}, T1=20, T2=4, eta=0.5/L",2,20360517,3,0.888063998762957,0.494230210315595,0.308574284198229,7.42018621169421e-05,0.5,0.4,2,NA,20,4,NA,6,NA,NA,NA,NA,NA,NA,6,252,167,41,2,31,40,2,7,126,20.5,TRUE,0.000148403724233884,2.477898,20363517,20363518,20363738
"stage1_only","TS-RIGHT-TUNED","TS tuned K1cap in {2,5,15,25}, T1=30, T2=4, eta=0.5/L",2,20360517,3,0.881964815475855,0.494929680705492,0.318039031422878,7.42018621169421e-05,0.5,0.4,2,NA,30,4,NA,6,NA,NA,NA,NA,NA,NA,6,252,167,41,2,31,40,2,7,126,20.5,TRUE,0.000148403724233884,2.477898,20363517,20363518,20363738
"stage1_only","TS-RIGHT-TUNED","TS tuned K1cap in {2,5,15,25}, T1=40, T2=4, eta=0.5/L",2,20360517,3,0.878277343578323,0.502009978450447,0.323729632431786,7.42018621169421e-05,0.5,0.4,2,NA,40,4,NA,6,NA,NA,NA,NA,NA,NA,6,252,167,41,2,31,40,2,7,126,20.5,TRUE,0.000148403724233884,2.477898,20363517,20363518,20363738
"stage1_only","TS-RIGHT-TUNED","TS tuned K1cap in {2,5,15,25}, T1=50, T2=4, eta=0.5/L",2,20360517,3,0.879239352971186,0.504909135556073,0.322247333584631,7.42018621169421e-05,0.5,0.4,2,NA,50,4,NA,6,NA,NA,NA,NA,NA,NA,6,252,167,41,2,31,40,2,7,126,20.5,TRUE,0.000148403724233884,2.477898,20363517,20363518,20363738
"stage1_only","TS-RIGHT-TUNED","TS tuned K1cap in {2,5,15,25}, T1=60, T2=4, eta=0.5/L",2,20360517,3,0.875835928352373,0.508964796906206,0.327484168511789,7.42018621169421e-05,0.5,0.4,2,NA,60,4,NA,6,NA,NA,NA,NA,NA,NA,6,252,167,41,2,31,40,2,7,126,20.5,TRUE,0.000148403724233884,2.477898,20363517,20363518,20363738
"stage1_only","TS-RIGHT-TUNED","TS tuned K1cap in {2,5,15,25}, T1=70, T2=4, eta=0.5/L",2,20360517,3,0.875488266785293,0.512389192963309,0.32801797055272,7.42018621169421e-05,0.5,0.4,2,NA,70,4,NA,6,NA,NA,NA,NA,NA,NA,6,252,167,41,2,31,40,2,7,126,20.5,TRUE,0.000148403724233884,2.477898,20363517,20363518,20363738
"stage1_only","TS-RIGHT-TUNED","TS tuned K1cap in {2,5,15,25}, T1=80, T2=4, eta=0.5/L",2,20360517,3,0.875688560378549,0.514168735324585,0.327710464223934,7.42018621169421e-05,0.5,0.4,2,NA,80,4,NA,6,NA,NA,NA,NA,NA,NA,6,252,167,41,2,31,40,2,7,126,20.5,TRUE,0.000148403724233884,2.477898,20363517,20363518,20363738
"stage1_only","TS-RIGHT-TUNED","TS tuned K1cap in {2,5,15,25}, T1=90, T2=4, eta=0.5/L",2,20360517,3,0.875961829055932,0.515273848167954,0.327290807405592,7.42018621169421e-05,0.5,0.4,2,NA,90,4,NA,6,NA,NA,NA,NA,NA,NA,6,252,167,41,2,31,40,2,7,126,20.5,TRUE,0.000148403724233884,2.477898,20363517,20363518,20363738
"stage1_only","TS-RIGHT-TUNED","TS tuned K1cap in {2,5,15,25}, T1=100, T2=4, eta=0.5/L",2,20360517,3,0.876233672923992,0.516076228813289,0.326873208741053,7.42018621169421e-05,0.5,0.4,2,NA,100,4,NA,6,NA,NA,NA,NA,NA,NA,6,252,167,41,2,31,40,2,7,126,20.5,TRUE,0.000148403724233884,2.477898,20363517,20363518,20363738
"after_stage2","TS-RIGHT-TUNED","TS tuned K1cap in {2,5,15,25}, T1=0, T2=4, eta=0.5/L",2,20360517,4,1.03397052195701,0.598254493207955,0.232019083117947,6.35311555892792e-05,0.5,0.4,2,NA,0,4,NA,44,NA,NA,NA,NA,NA,NA,44,252,167,41,2,31,289,2,7,126,20.5,TRUE,0.000127062311178558,2.455662,20364517,20364518,20364738
"after_stage2","TS-RIGHT-TUNED","TS tuned K1cap in {2,5,15,25}, T1=10, T2=4, eta=0.5/L",2,20360517,4,1.01023481955207,0.576091643331637,0.266873732700004,6.35311555892792e-05,0.5,0.4,2,NA,10,4,NA,44,NA,NA,NA,NA,NA,NA,44,252,167,41,2,31,289,2,7,126,20.5,TRUE,0.000127062311178558,2.455662,20364517,20364518,20364738
"after_stage2","TS-RIGHT-TUNED","TS tuned K1cap in {2,5,15,25}, T1=20, T2=4, eta=0.5/L",2,20360517,4,1.00889567736603,0.57183555085925,0.26881607243073,6.35311555892792e-05,0.5,0.4,15,NA,20,4,NA,44,NA,NA,NA,NA,NA,NA,44,252,167,41,15,31,289,2,7,16.8,20.5,TRUE,0.000127062311178558,2.455662,20364517,20364518,20364738
"after_stage2","TS-RIGHT-TUNED","TS tuned K1cap in {2,5,15,25}, T1=30, T2=4, eta=0.5/L",2,20360517,4,1.00054951216463,0.570126730238151,0.280863581316494,6.35311555892792e-05,0.5,0.4,5,NA,30,4,NA,44,NA,NA,NA,NA,NA,NA,44,252,167,41,5,31,289,2,7,50.4,20.5,TRUE,0.000127062311178558,2.455662,20364517,20364518,20364738
"after_stage2","TS-RIGHT-TUNED","TS tuned K1cap in {2,5,15,25}, T1=40, T2=4, eta=0.5/L",2,20360517,4,1.00569514344215,0.567099991052638,0.27344780418636,6.35311555892792e-05,0.5,0.4,15,NA,40,4,NA,44,NA,NA,NA,NA,NA,NA,44,252,167,41,15,31,289,2,7,16.8,20.5,TRUE,0.000127062311178558,2.455662,20364517,20364518,20364738
"after_stage2","TS-RIGHT-TUNED","TS tuned K1cap in {2,5,15,25}, T1=50, T2=4, eta=0.5/L",2,20360517,4,1.00805562329385,0.567269300927623,0.270033201871459,6.35311555892792e-05,0.5,0.4,15,NA,50,4,NA,44,NA,NA,NA,NA,NA,NA,44,252,167,41,15,31,289,2,7,16.8,20.5,TRUE,0.000127062311178558,2.455662,20364517,20364518,20364738
"after_stage2","TS-RIGHT-TUNED","TS tuned K1cap in {2,5,15,25}, T1=60, T2=4, eta=0.5/L",2,20360517,4,1.01327591068331,0.567798534178696,0.262453256463603,6.35311555892792e-05,0.5,0.4,15,NA,60,4,NA,44,NA,NA,NA,NA,NA,NA,44,252,167,41,15,31,289,2,7,16.8,20.5,TRUE,0.000127062311178558,2.455662,20364517,20364518,20364738
"after_stage2","TS-RIGHT-TUNED","TS tuned K1cap in {2,5,15,25}, T1=70, T2=4, eta=0.5/L",2,20360517,4,1.01630481849763,0.581685139300701,0.258037282540902,6.35311555892792e-05,0.5,0.4,25,NA,70,4,NA,44,NA,NA,NA,NA,NA,NA,44,252,167,41,25,31,289,2,7,10.08,20.5,TRUE,0.000127062311178558,2.455662,20364517,20364518,20364738
"after_stage2","TS-RIGHT-TUNED","TS tuned K1cap in {2,5,15,25}, T1=80, T2=4, eta=0.5/L",2,20360517,4,1.02029188518188,0.58748825775461,0.252204273497996,6.35311555892792e-05,0.5,0.4,25,NA,80,4,NA,44,NA,NA,NA,NA,NA,NA,44,252,167,41,25,31,289,2,7,10.08,20.5,TRUE,0.000127062311178558,2.455662,20364517,20364518,20364738
"after_stage2","TS-RIGHT-TUNED","TS tuned K1cap in {2,5,15,25}, T1=90, T2=4, eta=0.5/L",2,20360517,4,1.02013689518817,0.585612860701963,0.252431447806688,6.35311555892792e-05,0.5,0.4,25,NA,90,4,NA,44,NA,NA,NA,NA,NA,NA,44,252,167,41,25,31,289,2,7,10.08,20.5,TRUE,0.000127062311178558,2.455662,20364517,20364518,20364738
"after_stage2","TS-RIGHT-TUNED","TS tuned K1cap in {2,5,15,25}, T1=100, T2=4, eta=0.5/L",2,20360517,4,1.01908680610647,0.583874769610552,0.253969691442455,6.35311555892792e-05,0.5,0.4,25,NA,100,4,NA,44,NA,NA,NA,NA,NA,NA,44,252,167,41,25,31,289,2,7,10.08,20.5,TRUE,0.000127062311178558,2.455662,20364517,20364518,20364738
"stage1_only","TS-RIGHT-TUNED","TS tuned K1cap in {2,5,15,25}, T1=0, T2=4, eta=0.5/L",2,20360517,4,1.1835172476561,0.655194561904762,-0.00619764519065868,6.35311555892792e-05,0.5,0.4,2,NA,0,4,NA,44,NA,NA,NA,NA,NA,NA,0,252,167,41,2,31,289,2,7,126,20.5,TRUE,0.000127062311178558,2.455662,20364517,20364518,20364738
"stage1_only","TS-RIGHT-TUNED","TS tuned K1cap in {2,5,15,25}, T1=10, T2=4, eta=0.5/L",2,20360517,4,1.06311395321755,0.599477969562419,0.188116434474699,6.35311555892792e-05,0.5,0.4,2,NA,10,4,NA,44,NA,NA,NA,NA,NA,NA,44,252,167,41,2,31,289,2,7,126,20.5,TRUE,0.000127062311178558,2.455662,20364517,20364518,20364738
"stage1_only","TS-RIGHT-TUNED","TS tuned K1cap in {2,5,15,25}, T1=20, T2=4, eta=0.5/L",2,20360517,4,1.05343555757145,0.594792687465815,0.202831625954537,6.35311555892792e-05,0.5,0.4,2,NA,20,4,NA,44,NA,NA,NA,NA,NA,NA,44,252,167,41,2,31,289,2,7,126,20.5,TRUE,0.000127062311178558,2.455662,20364517,20364518,20364738
"stage1_only","TS-RIGHT-TUNED","TS tuned K1cap in {2,5,15,25}, T1=30, T2=4, eta=0.5/L",2,20360517,4,1.05605441652274,0.592125730593294,0.198863150596499,6.35311555892792e-05,0.5,0.4,2,NA,30,4,NA,44,NA,NA,NA,NA,NA,NA,44,252,167,41,2,31,289,2,7,126,20.5,TRUE,0.000127062311178558,2.455662,20364517,20364518,20364738
"stage1_only","TS-RIGHT-TUNED","TS tuned K1cap in {2,5,15,25}, T1=40, T2=4, eta=0.5/L",2,20360517,4,1.05401438808319,0.586652038671333,0.201955346159134,6.35311555892792e-05,0.5,0.4,2,NA,40,4,NA,44,NA,NA,NA,NA,NA,NA,44,252,167,41,2,31,289,2,7,126,20.5,TRUE,0.000127062311178558,2.455662,20364517,20364518,20364738
"stage1_only","TS-RIGHT-TUNED","TS tuned K1cap in {2,5,15,25}, T1=50, T2=4, eta=0.5/L",2,20360517,4,1.05660707663466,0.586045280988922,0.198024420647053,6.35311555892792e-05,0.5,0.4,2,NA,50,4,NA,44,NA,NA,NA,NA,NA,NA,44,252,167,41,2,31,289,2,7,126,20.5,TRUE,0.000127062311178558,2.455662,20364517,20364518,20364738
"stage1_only","TS-RIGHT-TUNED","TS tuned K1cap in {2,5,15,25}, T1=60, T2=4, eta=0.5/L",2,20360517,4,1.05803881861156,0.585848724950051,0.195849534506898,6.35311555892792e-05,0.5,0.4,2,NA,60,4,NA,44,NA,NA,NA,NA,NA,NA,44,252,167,41,2,31,289,2,7,126,20.5,TRUE,0.000127062311178558,2.455662,20364517,20364518,20364738
"stage1_only","TS-RIGHT-TUNED","TS tuned K1cap in {2,5,15,25}, T1=70, T2=4, eta=0.5/L",2,20360517,4,1.06363022839283,0.588383629362901,0.187327700388239,6.35311555892792e-05,0.5,0.4,2,NA,70,4,NA,44,NA,NA,NA,NA,NA,NA,44,252,167,41,2,31,289,2,7,126,20.5,TRUE,0.000127062311178558,2.455662,20364517,20364518,20364738
"stage1_only","TS-RIGHT-TUNED","TS tuned K1cap in {2,5,15,25}, T1=80, T2=4, eta=0.5/L",2,20360517,4,1.07478044810399,0.592957912653507,0.170199621561226,6.35311555892792e-05,0.5,0.4,2,NA,80,4,NA,44,NA,NA,NA,NA,NA,NA,44,252,167,41,2,31,289,2,7,126,20.5,TRUE,0.000127062311178558,2.455662,20364517,20364518,20364738
"stage1_only","TS-RIGHT-TUNED","TS tuned K1cap in {2,5,15,25}, T1=90, T2=4, eta=0.5/L",2,20360517,4,1.08516538666901,0.597395460798439,0.1540864546451,6.35311555892792e-05,0.5,0.4,2,NA,90,4,NA,44,NA,NA,NA,NA,NA,NA,44,252,167,41,2,31,289,2,7,126,20.5,TRUE,0.000127062311178558,2.455662,20364517,20364518,20364738
"stage1_only","TS-RIGHT-TUNED","TS tuned K1cap in {2,5,15,25}, T1=100, T2=4, eta=0.5/L",2,20360517,4,1.0941506863364,0.601182388343062,0.140019927082363,6.35311555892792e-05,0.5,0.4,25,NA,100,4,NA,44,NA,NA,NA,NA,NA,NA,44,252,167,41,25,31,289,2,7,10.08,20.5,TRUE,0.000127062311178558,2.455662,20364517,20364518,20364738
"after_stage2","TS-RIGHT-TUNED","TS tuned K1cap in {2,5,15,25}, T1=0, T2=4, eta=0.5/L",2,20360517,5,0.809790398646488,0.527238460340759,0.170921322594725,6.87326534942766e-05,0.5,0.4,2,NA,0,4,NA,23,NA,NA,NA,NA,NA,NA,23,252,168,42,2,31,151,2,7,126,21,TRUE,0.000137465306988553,2.4474555,20365517,20365518,20365738
"after_stage2","TS-RIGHT-TUNED","TS tuned K1cap in {2,5,15,25}, T1=10, T2=4, eta=0.5/L",2,20360517,5,0.798266384454272,0.534437163576005,0.194350425737338,6.87326534942766e-05,0.5,0.4,5,NA,10,4,NA,23,NA,NA,NA,NA,NA,NA,23,252,168,42,5,31,151,2,7,50.4,21,TRUE,0.000137465306988553,2.4474555,20365517,20365518,20365738
"after_stage2","TS-RIGHT-TUNED","TS tuned K1cap in {2,5,15,25}, T1=20, T2=4, eta=0.5/L",2,20360517,5,0.798271007436892,0.535304160494434,0.194341094228868,6.87326534942766e-05,0.5,0.4,5,NA,20,4,NA,23,NA,NA,NA,NA,NA,NA,23,252,168,42,5,31,151,2,7,50.4,21,TRUE,0.000137465306988553,2.4474555,20365517,20365518,20365738
"after_stage2","TS-RIGHT-TUNED","TS tuned K1cap in {2,5,15,25}, T1=30, T2=4, eta=0.5/L",2,20360517,5,0.80155819982015,0.525109479604135,0.187692202779452,6.87326534942766e-05,0.5,0.4,5,NA,30,4,NA,23,NA,NA,NA,NA,NA,NA,23,252,168,42,5,31,151,2,7,50.4,21,TRUE,0.000137465306988553,2.4474555,20365517,20365518,20365738
"after_stage2","TS-RIGHT-TUNED","TS tuned K1cap in {2,5,15,25}, T1=40, T2=4, eta=0.5/L",2,20360517,5,0.803532122813898,0.527623628702003,0.183686486532853,6.87326534942766e-05,0.5,0.4,5,NA,40,4,NA,23,NA,NA,NA,NA,NA,NA,23,252,168,42,5,31,151,2,7,50.4,21,TRUE,0.000137465306988553,2.4474555,20365517,20365518,20365738
"after_stage2","TS-RIGHT-TUNED","TS tuned K1cap in {2,5,15,25}, T1=50, T2=4, eta=0.5/L",2,20360517,5,0.805030176106301,0.530754067402245,0.180639885054286,6.87326534942766e-05,0.5,0.4,5,NA,50,4,NA,23,NA,NA,NA,NA,NA,NA,23,252,168,42,5,31,151,2,7,50.4,21,TRUE,0.000137465306988553,2.4474555,20365517,20365518,20365738
"after_stage2","TS-RIGHT-TUNED","TS tuned K1cap in {2,5,15,25}, T1=60, T2=4, eta=0.5/L",2,20360517,5,0.811470316928765,0.53800726126222,0.167477890559564,6.87326534942766e-05,0.5,0.4,5,NA,60,4,NA,23,NA,NA,NA,NA,NA,NA,23,252,168,42,5,31,151,2,7,50.4,21,TRUE,0.000137465306988553,2.4474555,20365517,20365518,20365738
"after_stage2","TS-RIGHT-TUNED","TS tuned K1cap in {2,5,15,25}, T1=70, T2=4, eta=0.5/L",2,20360517,5,0.809974303670285,0.537504241775437,0.170544708973544,6.87326534942766e-05,0.5,0.4,5,NA,70,4,NA,23,NA,NA,NA,NA,NA,NA,23,252,168,42,5,31,151,2,7,50.4,21,TRUE,0.000137465306988553,2.4474555,20365517,20365518,20365738
"after_stage2","TS-RIGHT-TUNED","TS tuned K1cap in {2,5,15,25}, T1=80, T2=4, eta=0.5/L",2,20360517,5,0.810031645260997,0.535517635061306,0.170427263348007,6.87326534942766e-05,0.5,0.4,5,NA,80,4,NA,23,NA,NA,NA,NA,NA,NA,23,252,168,42,5,31,151,2,7,50.4,21,TRUE,0.000137465306988553,2.4474555,20365517,20365518,20365738
"after_stage2","TS-RIGHT-TUNED","TS tuned K1cap in {2,5,15,25}, T1=90, T2=4, eta=0.5/L",2,20360517,5,0.810230182776325,0.536211142526411,0.170020559499084,6.87326534942766e-05,0.5,0.4,5,NA,90,4,NA,23,NA,NA,NA,NA,NA,NA,23,252,168,42,5,31,151,2,7,50.4,21,TRUE,0.000137465306988553,2.4474555,20365517,20365518,20365738
"after_stage2","TS-RIGHT-TUNED","TS tuned K1cap in {2,5,15,25}, T1=100, T2=4, eta=0.5/L",2,20360517,5,0.810024050261864,0.53653427497576,0.170442819714759,6.87326534942766e-05,0.5,0.4,5,NA,100,4,NA,23,NA,NA,NA,NA,NA,NA,23,252,168,42,5,31,151,2,7,50.4,21,TRUE,0.000137465306988553,2.4474555,20365517,20365518,20365738
"stage1_only","TS-RIGHT-TUNED","TS tuned K1cap in {2,5,15,25}, T1=0, T2=4, eta=0.5/L",2,20360517,5,0.893075099876351,0.550877048076923,-0.008385195844135,6.87326534942766e-05,0.5,0.4,2,NA,0,4,NA,23,NA,NA,NA,NA,NA,NA,0,252,168,42,2,31,151,2,7,126,21,TRUE,0.000137465306988553,2.4474555,20365517,20365518,20365738
"stage1_only","TS-RIGHT-TUNED","TS tuned K1cap in {2,5,15,25}, T1=10, T2=4, eta=0.5/L",2,20360517,5,0.814551123447513,0.53839284702802,0.161144428228812,6.87326534942766e-05,0.5,0.4,2,NA,10,4,NA,23,NA,NA,NA,NA,NA,NA,23,252,168,42,2,31,151,2,7,126,21,TRUE,0.000137465306988553,2.4474555,20365517,20365518,20365738
"stage1_only","TS-RIGHT-TUNED","TS tuned K1cap in {2,5,15,25}, T1=20, T2=4, eta=0.5/L",2,20360517,5,0.814156823694878,0.520236452912049,0.161956361278318,6.87326534942766e-05,0.5,0.4,5,NA,20,4,NA,23,NA,NA,NA,NA,NA,NA,23,252,168,42,5,31,151,2,7,50.4,21,TRUE,0.000137465306988553,2.4474555,20365517,20365518,20365738
"stage1_only","TS-RIGHT-TUNED","TS tuned K1cap in {2,5,15,25}, T1=30, T2=4, eta=0.5/L",2,20360517,5,0.815643508092205,0.520811908306821,0.158892961441182,6.87326534942766e-05,0.5,0.4,5,NA,30,4,NA,23,NA,NA,NA,NA,NA,NA,23,252,168,42,5,31,151,2,7,50.4,21,TRUE,0.000137465306988553,2.4474555,20365517,20365518,20365738
"stage1_only","TS-RIGHT-TUNED","TS tuned K1cap in {2,5,15,25}, T1=40, T2=4, eta=0.5/L",2,20360517,5,0.818020403272161,0.523269516015011,0.153983619923669,6.87326534942766e-05,0.5,0.4,5,NA,40,4,NA,23,NA,NA,NA,NA,NA,NA,23,252,168,42,5,31,151,2,7,50.4,21,TRUE,0.000137465306988553,2.4474555,20365517,20365518,20365738
"stage1_only","TS-RIGHT-TUNED","TS tuned K1cap in {2,5,15,25}, T1=50, T2=4, eta=0.5/L",2,20360517,5,0.820880329704355,0.526622545443282,0.148057669544681,6.87326534942766e-05,0.5,0.4,5,NA,50,4,NA,23,NA,NA,NA,NA,NA,NA,23,252,168,42,5,31,151,2,7,50.4,21,TRUE,0.000137465306988553,2.4474555,20365517,20365518,20365738
"stage1_only","TS-RIGHT-TUNED","TS tuned K1cap in {2,5,15,25}, T1=60, T2=4, eta=0.5/L",2,20360517,5,0.822410807569328,0.532437895820407,0.144877926212171,6.87326534942766e-05,0.5,0.4,5,NA,60,4,NA,23,NA,NA,NA,NA,NA,NA,23,252,168,42,5,31,151,2,7,50.4,21,TRUE,0.000137465306988553,2.4474555,20365517,20365518,20365738
"stage1_only","TS-RIGHT-TUNED","TS tuned K1cap in {2,5,15,25}, T1=70, T2=4, eta=0.5/L",2,20360517,5,0.824679624961578,0.537852946597019,0.14015329965579,6.87326534942766e-05,0.5,0.4,5,NA,70,4,NA,23,NA,NA,NA,NA,NA,NA,23,252,168,42,5,31,151,2,7,50.4,21,TRUE,0.000137465306988553,2.4474555,20365517,20365518,20365738
"stage1_only","TS-RIGHT-TUNED","TS tuned K1cap in {2,5,15,25}, T1=80, T2=4, eta=0.5/L",2,20360517,5,0.825277078859532,0.540394052982262,0.138906985733195,6.87326534942766e-05,0.5,0.4,5,NA,80,4,NA,23,NA,NA,NA,NA,NA,NA,23,252,168,42,5,31,151,2,7,50.4,21,TRUE,0.000137465306988553,2.4474555,20365517,20365518,20365738
"stage1_only","TS-RIGHT-TUNED","TS tuned K1cap in {2,5,15,25}, T1=90, T2=4, eta=0.5/L",2,20360517,5,0.825775701696517,0.542015651317332,0.137866146577369,6.87326534942766e-05,0.5,0.4,5,NA,90,4,NA,23,NA,NA,NA,NA,NA,NA,23,252,168,42,5,31,151,2,7,50.4,21,TRUE,0.000137465306988553,2.4474555,20365517,20365518,20365738
"stage1_only","TS-RIGHT-TUNED","TS tuned K1cap in {2,5,15,25}, T1=100, T2=4, eta=0.5/L",2,20360517,5,0.825869348922862,0.543040358143351,0.137670594632913,6.87326534942766e-05,0.5,0.4,5,NA,100,4,NA,23,NA,NA,NA,NA,NA,NA,23,252,168,42,5,31,151,2,7,50.4,21,TRUE,0.000137465306988553,2.4474555,20365517,20365518,20365738
"after_stage2","TS-RIGHT-TUNED","TS tuned K1cap in {2,5,15,25}, T1=0, T2=4, eta=0.5/L",3,20460517,1,0.604041650242188,0.457443768980863,0.124715116424754,6.47731974415796e-05,0.5,0.4,2,NA,0,4,NA,49,NA,NA,NA,NA,NA,NA,49,252,167,41,2,31,321,2,7,126,20.5,TRUE,0.000129546394883159,2.477898,20461517,20461518,20461738
"after_stage2","TS-RIGHT-TUNED","TS tuned K1cap in {2,5,15,25}, T1=10, T2=4, eta=0.5/L",3,20460517,1,0.605450502992359,0.465577771325007,0.120627366524527,6.47731974415796e-05,0.5,0.4,15,NA,10,4,NA,49,NA,NA,NA,NA,NA,NA,49,252,167,41,15,31,321,2,7,16.8,20.5,TRUE,0.000129546394883159,2.477898,20461517,20461518,20461738
"after_stage2","TS-RIGHT-TUNED","TS tuned K1cap in {2,5,15,25}, T1=20, T2=4, eta=0.5/L",3,20460517,1,0.600770039579801,0.464507426845404,0.134170876517373,6.47731974415796e-05,0.5,0.4,15,NA,20,4,NA,49,NA,NA,NA,NA,NA,NA,49,252,167,41,15,31,321,2,7,16.8,20.5,TRUE,0.000129546394883159,2.477898,20461517,20461518,20461738
"after_stage2","TS-RIGHT-TUNED","TS tuned K1cap in {2,5,15,25}, T1=30, T2=4, eta=0.5/L",3,20460517,1,0.604134432122779,0.462023336591151,0.12444620511851,6.47731974415796e-05,0.5,0.4,25,NA,30,4,NA,49,NA,NA,NA,NA,NA,NA,49,252,167,41,25,31,321,2,7,10.08,20.5,TRUE,0.000129546394883159,2.477898,20461517,20461518,20461738
"after_stage2","TS-RIGHT-TUNED","TS tuned K1cap in {2,5,15,25}, T1=40, T2=4, eta=0.5/L",3,20460517,1,0.603790139616104,0.469261818048974,0.125443866229871,6.47731974415796e-05,0.5,0.4,15,NA,40,4,NA,49,NA,NA,NA,NA,NA,NA,49,252,167,41,15,31,321,2,7,16.8,20.5,TRUE,0.000129546394883159,2.477898,20461517,20461518,20461738
"after_stage2","TS-RIGHT-TUNED","TS tuned K1cap in {2,5,15,25}, T1=50, T2=4, eta=0.5/L",3,20460517,1,0.602494312747955,0.468369231907656,0.129193703041656,6.47731974415796e-05,0.5,0.4,15,NA,50,4,NA,49,NA,NA,NA,NA,NA,NA,49,252,167,41,15,31,321,2,7,16.8,20.5,TRUE,0.000129546394883159,2.477898,20461517,20461518,20461738
"after_stage2","TS-RIGHT-TUNED","TS tuned K1cap in {2,5,15,25}, T1=60, T2=4, eta=0.5/L",3,20460517,1,0.60265220468927,0.4688734755901,0.128737229644869,6.47731974415796e-05,0.5,0.4,15,NA,60,4,NA,49,NA,NA,NA,NA,NA,NA,49,252,167,41,15,31,321,2,7,16.8,20.5,TRUE,0.000129546394883159,2.477898,20461517,20461518,20461738
"after_stage2","TS-RIGHT-TUNED","TS tuned K1cap in {2,5,15,25}, T1=70, T2=4, eta=0.5/L",3,20460517,1,0.60257208481703,0.45998992523993,0.128968875098567,6.47731974415796e-05,0.5,0.4,25,NA,70,4,NA,49,NA,NA,NA,NA,NA,NA,49,252,167,41,25,31,321,2,7,10.08,20.5,TRUE,0.000129546394883159,2.477898,20461517,20461518,20461738
"after_stage2","TS-RIGHT-TUNED","TS tuned K1cap in {2,5,15,25}, T1=80, T2=4, eta=0.5/L",3,20460517,1,0.605697045797748,0.472975232020676,0.119911049875489,6.47731974415796e-05,0.5,0.4,15,NA,80,4,NA,49,NA,NA,NA,NA,NA,NA,49,252,167,41,15,31,321,2,7,16.8,20.5,TRUE,0.000129546394883159,2.477898,20461517,20461518,20461738
"after_stage2","TS-RIGHT-TUNED","TS tuned K1cap in {2,5,15,25}, T1=90, T2=4, eta=0.5/L",3,20460517,1,0.603068179111883,0.459295115124565,0.127534054399225,6.47731974415796e-05,0.5,0.4,25,NA,90,4,NA,49,NA,NA,NA,NA,NA,NA,49,252,167,41,25,31,321,2,7,10.08,20.5,TRUE,0.000129546394883159,2.477898,20461517,20461518,20461738
"after_stage2","TS-RIGHT-TUNED","TS tuned K1cap in {2,5,15,25}, T1=100, T2=4, eta=0.5/L",3,20460517,1,0.602229415921525,0.459699339070322,0.12995926417574,6.47731974415796e-05,0.5,0.4,25,NA,100,4,NA,49,NA,NA,NA,NA,NA,NA,49,252,167,41,25,31,321,2,7,10.08,20.5,TRUE,0.000129546394883159,2.477898,20461517,20461518,20461738
"stage1_only","TS-RIGHT-TUNED","TS tuned K1cap in {2,5,15,25}, T1=0, T2=4, eta=0.5/L",3,20460517,1,0.645914437410353,0.454622142857143,-0.000842274666902565,6.47731974415796e-05,0.5,0.4,2,NA,0,4,NA,49,NA,NA,NA,NA,NA,NA,0,252,167,41,2,31,321,2,7,126,20.5,TRUE,0.000129546394883159,2.477898,20461517,20461518,20461738
"stage1_only","TS-RIGHT-TUNED","TS tuned K1cap in {2,5,15,25}, T1=10, T2=4, eta=0.5/L",3,20460517,1,0.561927065027477,0.41284232044199,0.242512347702133,6.47731974415796e-05,0.5,0.4,5,NA,10,4,NA,49,NA,NA,NA,NA,NA,NA,49,252,167,41,5,31,321,2,7,50.4,20.5,TRUE,0.000129546394883159,2.477898,20461517,20461518,20461738
"stage1_only","TS-RIGHT-TUNED","TS tuned K1cap in {2,5,15,25}, T1=20, T2=4, eta=0.5/L",3,20460517,1,0.5645220057895,0.423937403031593,0.235500141693001,6.47731974415796e-05,0.5,0.4,5,NA,20,4,NA,49,NA,NA,NA,NA,NA,NA,49,252,167,41,5,31,321,2,7,50.4,20.5,TRUE,0.000129546394883159,2.477898,20461517,20461518,20461738
"stage1_only","TS-RIGHT-TUNED","TS tuned K1cap in {2,5,15,25}, T1=30, T2=4, eta=0.5/L",3,20460517,1,0.56631850718207,0.411083861528535,0.230626601249087,6.47731974415796e-05,0.5,0.4,15,NA,30,4,NA,49,NA,NA,NA,NA,NA,NA,49,252,167,41,15,31,321,2,7,16.8,20.5,TRUE,0.000129546394883159,2.477898,20461517,20461518,20461738
"stage1_only","TS-RIGHT-TUNED","TS tuned K1cap in {2,5,15,25}, T1=40, T2=4, eta=0.5/L",3,20460517,1,0.564346534921458,0.412268584625445,0.235975328147361,6.47731974415796e-05,0.5,0.4,15,NA,40,4,NA,49,NA,NA,NA,NA,NA,NA,49,252,167,41,15,31,321,2,7,16.8,20.5,TRUE,0.000129546394883159,2.477898,20461517,20461518,20461738
"stage1_only","TS-RIGHT-TUNED","TS tuned K1cap in {2,5,15,25}, T1=50, T2=4, eta=0.5/L",3,20460517,1,0.562768470811946,0.412456606187586,0.240242189506119,6.47731974415796e-05,0.5,0.4,15,NA,50,4,NA,49,NA,NA,NA,NA,NA,NA,49,252,167,41,15,31,321,2,7,16.8,20.5,TRUE,0.000129546394883159,2.477898,20461517,20461518,20461738
"stage1_only","TS-RIGHT-TUNED","TS tuned K1cap in {2,5,15,25}, T1=60, T2=4, eta=0.5/L",3,20460517,1,0.56180036635704,0.401020590150775,0.242853893304143,6.47731974415796e-05,0.5,0.4,25,NA,60,4,NA,49,NA,NA,NA,NA,NA,NA,49,252,167,41,25,31,321,2,7,10.08,20.5,TRUE,0.000129546394883159,2.477898,20461517,20461518,20461738
"stage1_only","TS-RIGHT-TUNED","TS tuned K1cap in {2,5,15,25}, T1=70, T2=4, eta=0.5/L",3,20460517,1,0.559918412108945,0.400524428457589,0.247918068350044,6.47731974415796e-05,0.5,0.4,25,NA,70,4,NA,49,NA,NA,NA,NA,NA,NA,49,252,167,41,25,31,321,2,7,10.08,20.5,TRUE,0.000129546394883159,2.477898,20461517,20461518,20461738
"stage1_only","TS-RIGHT-TUNED","TS tuned K1cap in {2,5,15,25}, T1=80, T2=4, eta=0.5/L",3,20460517,1,0.558679512394427,0.400694272479133,0.251242564385793,6.47731974415796e-05,0.5,0.4,25,NA,80,4,NA,49,NA,NA,NA,NA,NA,NA,49,252,167,41,25,31,321,2,7,10.08,20.5,TRUE,0.000129546394883159,2.477898,20461517,20461518,20461738
"stage1_only","TS-RIGHT-TUNED","TS tuned K1cap in {2,5,15,25}, T1=90, T2=4, eta=0.5/L",3,20460517,1,0.558757090859543,0.40212096038162,0.251034604421864,6.47731974415796e-05,0.5,0.4,25,NA,90,4,NA,49,NA,NA,NA,NA,NA,NA,49,252,167,41,25,31,321,2,7,10.08,20.5,TRUE,0.000129546394883159,2.477898,20461517,20461518,20461738
"stage1_only","TS-RIGHT-TUNED","TS tuned K1cap in {2,5,15,25}, T1=100, T2=4, eta=0.5/L",3,20460517,1,0.559715751221827,0.404745334132846,0.248462397683031,6.47731974415796e-05,0.5,0.4,25,NA,100,4,NA,49,NA,NA,NA,NA,NA,NA,49,252,167,41,25,31,321,2,7,10.08,20.5,TRUE,0.000129546394883159,2.477898,20461517,20461518,20461738
"after_stage2","TS-RIGHT-TUNED","TS tuned K1cap in {2,5,15,25}, T1=0, T2=4, eta=0.5/L",3,20460517,2,1.33917797725916,0.636869459001608,0.0906731096978752,6.59616464018035e-05,0.5,0.4,2,NA,0,4,NA,46,NA,NA,NA,NA,NA,NA,46,252,167,41,2,31,302,2,7,126,20.5,TRUE,0.000131923292803607,2.487424,20462517,20462518,20462738
"after_stage2","TS-RIGHT-TUNED","TS tuned K1cap in {2,5,15,25}, T1=10, T2=4, eta=0.5/L",3,20460517,2,1.25712489148284,0.623287642130058,0.198690506842461,6.59616464018035e-05,0.5,0.4,2,NA,10,4,NA,46,NA,NA,NA,NA,NA,NA,46,252,167,41,2,31,302,2,7,126,20.5,TRUE,0.000131923292803607,2.487424,20462517,20462518,20462738
"after_stage2","TS-RIGHT-TUNED","TS tuned K1cap in {2,5,15,25}, T1=20, T2=4, eta=0.5/L",3,20460517,2,1.24040476907718,0.632363250794783,0.219864050255417,6.59616464018035e-05,0.5,0.4,2,NA,20,4,NA,46,NA,NA,NA,NA,NA,NA,46,252,167,41,2,31,302,2,7,126,20.5,TRUE,0.000131923292803607,2.487424,20462517,20462518,20462738
"after_stage2","TS-RIGHT-TUNED","TS tuned K1cap in {2,5,15,25}, T1=30, T2=4, eta=0.5/L",3,20460517,2,1.23319266260233,0.642276315565126,0.228909592113048,6.59616464018035e-05,0.5,0.4,2,NA,30,4,NA,46,NA,NA,NA,NA,NA,NA,46,252,167,41,2,31,302,2,7,126,20.5,TRUE,0.000131923292803607,2.487424,20462517,20462518,20462738
"after_stage2","TS-RIGHT-TUNED","TS tuned K1cap in {2,5,15,25}, T1=40, T2=4, eta=0.5/L",3,20460517,2,1.23149907029583,0.6512803709554,0.231026075759318,6.59616464018035e-05,0.5,0.4,2,NA,40,4,NA,46,NA,NA,NA,NA,NA,NA,46,252,167,41,2,31,302,2,7,126,20.5,TRUE,0.000131923292803607,2.487424,20462517,20462518,20462738
"after_stage2","TS-RIGHT-TUNED","TS tuned K1cap in {2,5,15,25}, T1=50, T2=4, eta=0.5/L",3,20460517,2,1.2294841977193,0.658422985403092,0.233540274957247,6.59616464018035e-05,0.5,0.4,2,NA,50,4,NA,46,NA,NA,NA,NA,NA,NA,46,252,167,41,2,31,302,2,7,126,20.5,TRUE,0.000131923292803607,2.487424,20462517,20462518,20462738
"after_stage2","TS-RIGHT-TUNED","TS tuned K1cap in {2,5,15,25}, T1=60, T2=4, eta=0.5/L",3,20460517,2,1.22916156128948,0.664160278208483,0.233942484897956,6.59616464018035e-05,0.5,0.4,2,NA,60,4,NA,46,NA,NA,NA,NA,NA,NA,46,252,167,41,2,31,302,2,7,126,20.5,TRUE,0.000131923292803607,2.487424,20462517,20462518,20462738
"after_stage2","TS-RIGHT-TUNED","TS tuned K1cap in {2,5,15,25}, T1=70, T2=4, eta=0.5/L",3,20460517,2,1.22894313089184,0.668817807906928,0.234214728002606,6.59616464018035e-05,0.5,0.4,2,NA,70,4,NA,46,NA,NA,NA,NA,NA,NA,46,252,167,41,2,31,302,2,7,126,20.5,TRUE,0.000131923292803607,2.487424,20462517,20462518,20462738
"after_stage2","TS-RIGHT-TUNED","TS tuned K1cap in {2,5,15,25}, T1=80, T2=4, eta=0.5/L",3,20460517,2,1.22753811613683,0.672722829363071,0.235964726898644,6.59616464018035e-05,0.5,0.4,2,NA,80,4,NA,46,NA,NA,NA,NA,NA,NA,46,252,167,41,2,31,302,2,7,126,20.5,TRUE,0.000131923292803607,2.487424,20462517,20462518,20462738
"after_stage2","TS-RIGHT-TUNED","TS tuned K1cap in {2,5,15,25}, T1=90, T2=4, eta=0.5/L",3,20460517,2,1.22753122437229,0.675347819925026,0.235973305917655,6.59616464018035e-05,0.5,0.4,2,NA,90,4,NA,46,NA,NA,NA,NA,NA,NA,46,252,167,41,2,31,302,2,7,126,20.5,TRUE,0.000131923292803607,2.487424,20462517,20462518,20462738
"after_stage2","TS-RIGHT-TUNED","TS tuned K1cap in {2,5,15,25}, T1=100, T2=4, eta=0.5/L",3,20460517,2,1.22755365001342,0.677360401674149,0.235945389813164,6.59616464018035e-05,0.5,0.4,2,NA,100,4,NA,46,NA,NA,NA,NA,NA,NA,46,252,167,41,2,31,302,2,7,126,20.5,TRUE,0.000131923292803607,2.487424,20462517,20462518,20462738
"stage1_only","TS-RIGHT-TUNED","TS tuned K1cap in {2,5,15,25}, T1=0, T2=4, eta=0.5/L",3,20460517,2,1.44588867658246,0.700791980952381,-0.0600177796659014,6.59616464018035e-05,0.5,0.4,2,NA,0,4,NA,46,NA,NA,NA,NA,NA,NA,0,252,167,41,2,31,302,2,7,126,20.5,TRUE,0.000131923292803607,2.487424,20462517,20462518,20462738
"stage1_only","TS-RIGHT-TUNED","TS tuned K1cap in {2,5,15,25}, T1=10, T2=4, eta=0.5/L",3,20460517,2,1.24177896681695,0.626521182401527,0.218134526258676,6.59616464018035e-05,0.5,0.4,2,NA,10,4,NA,46,NA,NA,NA,NA,NA,NA,46,252,167,41,2,31,302,2,7,126,20.5,TRUE,0.000131923292803607,2.487424,20462517,20462518,20462738
"stage1_only","TS-RIGHT-TUNED","TS tuned K1cap in {2,5,15,25}, T1=20, T2=4, eta=0.5/L",3,20460517,2,1.2211204800379,0.638246691698804,0.243932679868306,6.59616464018035e-05,0.5,0.4,2,NA,20,4,NA,46,NA,NA,NA,NA,NA,NA,46,252,167,41,2,31,302,2,7,126,20.5,TRUE,0.000131923292803607,2.487424,20462517,20462518,20462738
"stage1_only","TS-RIGHT-TUNED","TS tuned K1cap in {2,5,15,25}, T1=30, T2=4, eta=0.5/L",3,20460517,2,1.21553597885437,0.648294223948486,0.250832251482553,6.59616464018035e-05,0.5,0.4,2,NA,30,4,NA,46,NA,NA,NA,NA,NA,NA,46,252,167,41,2,31,302,2,7,126,20.5,TRUE,0.000131923292803607,2.487424,20462517,20462518,20462738
"stage1_only","TS-RIGHT-TUNED","TS tuned K1cap in {2,5,15,25}, T1=40, T2=4, eta=0.5/L",3,20460517,2,1.21368433752252,0.656668552732102,0.253112946467713,6.59616464018035e-05,0.5,0.4,2,NA,40,4,NA,46,NA,NA,NA,NA,NA,NA,46,252,167,41,2,31,302,2,7,126,20.5,TRUE,0.000131923292803607,2.487424,20462517,20462518,20462738
"stage1_only","TS-RIGHT-TUNED","TS tuned K1cap in {2,5,15,25}, T1=50, T2=4, eta=0.5/L",3,20460517,2,1.21331319342524,0.661678735201772,0.253569672040344,6.59616464018035e-05,0.5,0.4,2,NA,50,4,NA,46,NA,NA,NA,NA,NA,NA,46,252,167,41,2,31,302,2,7,126,20.5,TRUE,0.000131923292803607,2.487424,20462517,20462518,20462738
"stage1_only","TS-RIGHT-TUNED","TS tuned K1cap in {2,5,15,25}, T1=60, T2=4, eta=0.5/L",3,20460517,2,1.21357021498832,0.665836719211996,0.253253399192169,6.59616464018035e-05,0.5,0.4,2,NA,60,4,NA,46,NA,NA,NA,NA,NA,NA,46,252,167,41,2,31,302,2,7,126,20.5,TRUE,0.000131923292803607,2.487424,20462517,20462518,20462738
"stage1_only","TS-RIGHT-TUNED","TS tuned K1cap in {2,5,15,25}, T1=70, T2=4, eta=0.5/L",3,20460517,2,1.21430694924477,0.669589340274652,0.25234645406679,6.59616464018035e-05,0.5,0.4,2,NA,70,4,NA,46,NA,NA,NA,NA,NA,NA,46,252,167,41,2,31,302,2,7,126,20.5,TRUE,0.000131923292803607,2.487424,20462517,20462518,20462738
"stage1_only","TS-RIGHT-TUNED","TS tuned K1cap in {2,5,15,25}, T1=80, T2=4, eta=0.5/L",3,20460517,2,1.2151420710753,0.672697285187068,0.251317724876042,6.59616464018035e-05,0.5,0.4,2,NA,80,4,NA,46,NA,NA,NA,NA,NA,NA,46,252,167,41,2,31,302,2,7,126,20.5,TRUE,0.000131923292803607,2.487424,20462517,20462518,20462738
"stage1_only","TS-RIGHT-TUNED","TS tuned K1cap in {2,5,15,25}, T1=90, T2=4, eta=0.5/L",3,20460517,2,1.21592347623636,0.675628544193928,0.25035452508312,6.59616464018035e-05,0.5,0.4,2,NA,90,4,NA,46,NA,NA,NA,NA,NA,NA,46,252,167,41,2,31,302,2,7,126,20.5,TRUE,0.000131923292803607,2.487424,20462517,20462518,20462738
"stage1_only","TS-RIGHT-TUNED","TS tuned K1cap in {2,5,15,25}, T1=100, T2=4, eta=0.5/L",3,20460517,2,1.21659568194894,0.677791401630212,0.249525434648017,6.59616464018035e-05,0.5,0.4,2,NA,100,4,NA,46,NA,NA,NA,NA,NA,NA,46,252,167,41,2,31,302,2,7,126,20.5,TRUE,0.000131923292803607,2.487424,20462517,20462518,20462738
"after_stage2","TS-RIGHT-TUNED","TS tuned K1cap in {2,5,15,25}, T1=0, T2=4, eta=0.5/L",3,20460517,3,1.05661087503827,0.624769706437917,0.0501117250129444,7.01914939290493e-05,0.5,0.4,2,NA,0,4,NA,30,NA,NA,NA,NA,NA,NA,30,252,167,41,2,31,197,2,7,126,20.5,TRUE,0.000140382987858099,2.469759,20463517,20463518,20463738
"after_stage2","TS-RIGHT-TUNED","TS tuned K1cap in {2,5,15,25}, T1=10, T2=4, eta=0.5/L",3,20460517,3,0.980379238724552,0.606500310341436,0.182231108237604,7.01914939290493e-05,0.5,0.4,5,NA,10,4,NA,30,NA,NA,NA,NA,NA,NA,30,252,167,41,5,31,197,2,7,50.4,20.5,TRUE,0.000140382987858099,2.469759,20463517,20463518,20463738
"after_stage2","TS-RIGHT-TUNED","TS tuned K1cap in {2,5,15,25}, T1=20, T2=4, eta=0.5/L",3,20460517,3,0.976751109943052,0.621002898418023,0.188272608795361,7.01914939290493e-05,0.5,0.4,2,NA,20,4,NA,30,NA,NA,NA,NA,NA,NA,30,252,167,41,2,31,197,2,7,126,20.5,TRUE,0.000140382987858099,2.469759,20463517,20463518,20463738
"after_stage2","TS-RIGHT-TUNED","TS tuned K1cap in {2,5,15,25}, T1=30, T2=4, eta=0.5/L",3,20460517,3,0.980832942859221,0.631067501024585,0.181474031863397,7.01914939290493e-05,0.5,0.4,2,NA,30,4,NA,30,NA,NA,NA,NA,NA,NA,30,252,167,41,2,31,197,2,7,126,20.5,TRUE,0.000140382987858099,2.469759,20463517,20463518,20463738
"after_stage2","TS-RIGHT-TUNED","TS tuned K1cap in {2,5,15,25}, T1=40, T2=4, eta=0.5/L",3,20460517,3,0.986523434696203,0.635671680649538,0.171948807446959,7.01914939290493e-05,0.5,0.4,2,NA,40,4,NA,30,NA,NA,NA,NA,NA,NA,30,252,167,41,2,31,197,2,7,126,20.5,TRUE,0.000140382987858099,2.469759,20463517,20463518,20463738
"after_stage2","TS-RIGHT-TUNED","TS tuned K1cap in {2,5,15,25}, T1=50, T2=4, eta=0.5/L",3,20460517,3,0.989441136887951,0.641668717735824,0.167043542276911,7.01914939290493e-05,0.5,0.4,2,NA,50,4,NA,30,NA,NA,NA,NA,NA,NA,30,252,167,41,2,31,197,2,7,126,20.5,TRUE,0.000140382987858099,2.469759,20463517,20463518,20463738
"after_stage2","TS-RIGHT-TUNED","TS tuned K1cap in {2,5,15,25}, T1=60, T2=4, eta=0.5/L",3,20460517,3,0.992575241182836,0.641394030340248,0.161758322422042,7.01914939290493e-05,0.5,0.4,2,NA,60,4,NA,30,NA,NA,NA,NA,NA,NA,30,252,167,41,2,31,197,2,7,126,20.5,TRUE,0.000140382987858099,2.469759,20463517,20463518,20463738
"after_stage2","TS-RIGHT-TUNED","TS tuned K1cap in {2,5,15,25}, T1=70, T2=4, eta=0.5/L",3,20460517,3,0.99322170573119,0.642593498838653,0.160666072741166,7.01914939290493e-05,0.5,0.4,2,NA,70,4,NA,30,NA,NA,NA,NA,NA,NA,30,252,167,41,2,31,197,2,7,126,20.5,TRUE,0.000140382987858099,2.469759,20463517,20463518,20463738
"after_stage2","TS-RIGHT-TUNED","TS tuned K1cap in {2,5,15,25}, T1=80, T2=4, eta=0.5/L",3,20460517,3,0.992617128655833,0.64547163988022,0.161687571984088,7.01914939290493e-05,0.5,0.4,2,NA,80,4,NA,30,NA,NA,NA,NA,NA,NA,30,252,167,41,2,31,197,2,7,126,20.5,TRUE,0.000140382987858099,2.469759,20463517,20463518,20463738
"after_stage2","TS-RIGHT-TUNED","TS tuned K1cap in {2,5,15,25}, T1=90, T2=4, eta=0.5/L",3,20460517,3,0.988209956016451,0.645632652397554,0.169115180461425,7.01914939290493e-05,0.5,0.4,2,NA,90,4,NA,30,NA,NA,NA,NA,NA,NA,30,252,167,41,2,31,197,2,7,126,20.5,TRUE,0.000140382987858099,2.469759,20463517,20463518,20463738
"after_stage2","TS-RIGHT-TUNED","TS tuned K1cap in {2,5,15,25}, T1=100, T2=4, eta=0.5/L",3,20460517,3,0.99197643372446,0.621260102880257,0.162769417478917,7.01914939290493e-05,0.5,0.4,15,NA,100,4,NA,30,NA,NA,NA,NA,NA,NA,30,252,167,41,15,31,197,2,7,16.8,20.5,TRUE,0.000140382987858099,2.469759,20463517,20463518,20463738
"stage1_only","TS-RIGHT-TUNED","TS tuned K1cap in {2,5,15,25}, T1=0, T2=4, eta=0.5/L",3,20460517,3,1.1019363774631,0.646053066666667,-0.0331310522684289,7.01914939290493e-05,0.5,0.4,2,NA,0,4,NA,30,NA,NA,NA,NA,NA,NA,0,252,167,41,2,31,197,2,7,126,20.5,TRUE,0.000140382987858099,2.469759,20463517,20463518,20463738
"stage1_only","TS-RIGHT-TUNED","TS tuned K1cap in {2,5,15,25}, T1=10, T2=4, eta=0.5/L",3,20460517,3,0.949389231386612,0.634493132012591,0.23311370413332,7.01914939290493e-05,0.5,0.4,2,NA,10,4,NA,30,NA,NA,NA,NA,NA,NA,30,252,167,41,2,31,197,2,7,126,20.5,TRUE,0.000140382987858099,2.469759,20463517,20463518,20463738
"stage1_only","TS-RIGHT-TUNED","TS tuned K1cap in {2,5,15,25}, T1=20, T2=4, eta=0.5/L",3,20460517,3,0.957509429691285,0.651841144554402,0.219939128849213,7.01914939290493e-05,0.5,0.4,2,NA,20,4,NA,30,NA,NA,NA,NA,NA,NA,30,252,167,41,2,31,197,2,7,126,20.5,TRUE,0.000140382987858099,2.469759,20463517,20463518,20463738
"stage1_only","TS-RIGHT-TUNED","TS tuned K1cap in {2,5,15,25}, T1=30, T2=4, eta=0.5/L",3,20460517,3,0.965412902871421,0.663380400208776,0.207008426895374,7.01914939290493e-05,0.5,0.4,2,NA,30,4,NA,30,NA,NA,NA,NA,NA,NA,30,252,167,41,2,31,197,2,7,126,20.5,TRUE,0.000140382987858099,2.469759,20463517,20463518,20463738
"stage1_only","TS-RIGHT-TUNED","TS tuned K1cap in {2,5,15,25}, T1=40, T2=4, eta=0.5/L",3,20460517,3,0.971333932229,0.671236572901244,0.197251513643637,7.01914939290493e-05,0.5,0.4,2,NA,40,4,NA,30,NA,NA,NA,NA,NA,NA,30,252,167,41,2,31,197,2,7,126,20.5,TRUE,0.000140382987858099,2.469759,20463517,20463518,20463738
"stage1_only","TS-RIGHT-TUNED","TS tuned K1cap in {2,5,15,25}, T1=50, T2=4, eta=0.5/L",3,20460517,3,0.972008246989197,0.615367582807096,0.196136566402041,7.01914939290493e-05,0.5,0.4,15,NA,50,4,NA,30,NA,NA,NA,NA,NA,NA,30,252,167,41,15,31,197,2,7,16.8,20.5,TRUE,0.000140382987858099,2.469759,20463517,20463518,20463738
"stage1_only","TS-RIGHT-TUNED","TS tuned K1cap in {2,5,15,25}, T1=60, T2=4, eta=0.5/L",3,20460517,3,0.970332648740403,0.618679730807971,0.198905660579511,7.01914939290493e-05,0.5,0.4,15,NA,60,4,NA,30,NA,NA,NA,NA,NA,NA,30,252,167,41,15,31,197,2,7,16.8,20.5,TRUE,0.000140382987858099,2.469759,20463517,20463518,20463738
"stage1_only","TS-RIGHT-TUNED","TS tuned K1cap in {2,5,15,25}, T1=70, T2=4, eta=0.5/L",3,20460517,3,0.969712467697084,0.622006508229721,0.199929360551467,7.01914939290493e-05,0.5,0.4,15,NA,70,4,NA,30,NA,NA,NA,NA,NA,NA,30,252,167,41,15,31,197,2,7,16.8,20.5,TRUE,0.000140382987858099,2.469759,20463517,20463518,20463738
"stage1_only","TS-RIGHT-TUNED","TS tuned K1cap in {2,5,15,25}, T1=80, T2=4, eta=0.5/L",3,20460517,3,0.97018309353589,0.626087888631642,0.199152583312793,7.01914939290493e-05,0.5,0.4,15,NA,80,4,NA,30,NA,NA,NA,NA,NA,NA,30,252,167,41,15,31,197,2,7,16.8,20.5,TRUE,0.000140382987858099,2.469759,20463517,20463518,20463738
"stage1_only","TS-RIGHT-TUNED","TS tuned K1cap in {2,5,15,25}, T1=90, T2=4, eta=0.5/L",3,20460517,3,0.970755465247813,0.629478588783766,0.198207364571785,7.01914939290493e-05,0.5,0.4,15,NA,90,4,NA,30,NA,NA,NA,NA,NA,NA,30,252,167,41,15,31,197,2,7,16.8,20.5,TRUE,0.000140382987858099,2.469759,20463517,20463518,20463738
"stage1_only","TS-RIGHT-TUNED","TS tuned K1cap in {2,5,15,25}, T1=100, T2=4, eta=0.5/L",3,20460517,3,0.970086104331339,0.631639588846612,0.199312696742756,7.01914939290493e-05,0.5,0.4,15,NA,100,4,NA,30,NA,NA,NA,NA,NA,NA,30,252,167,41,15,31,197,2,7,16.8,20.5,TRUE,0.000140382987858099,2.469759,20463517,20463518,20463738
"after_stage2","TS-RIGHT-TUNED","TS tuned K1cap in {2,5,15,25}, T1=0, T2=4, eta=0.5/L",3,20460517,4,0.587751600460301,0.432530582116147,0.179525751641335,6.66448161581337e-05,0.5,0.4,2,NA,0,4,NA,13,NA,NA,NA,NA,NA,NA,13,252,167,41,2,31,86,2,7,126,20.5,TRUE,0.000133289632316267,2.437935,20464517,20464518,20464738
"after_stage2","TS-RIGHT-TUNED","TS tuned K1cap in {2,5,15,25}, T1=10, T2=4, eta=0.5/L",3,20460517,4,0.590282889018592,0.437183708582534,0.172443408321773,6.66448161581337e-05,0.5,0.4,25,NA,10,4,NA,13,NA,NA,NA,NA,NA,NA,13,252,167,41,25,31,86,2,7,10.08,20.5,TRUE,0.000133289632316267,2.437935,20464517,20464518,20464738
"after_stage2","TS-RIGHT-TUNED","TS tuned K1cap in {2,5,15,25}, T1=20, T2=4, eta=0.5/L",3,20460517,4,0.596282642420921,0.440709291646156,0.155535011061255,6.66448161581337e-05,0.5,0.4,25,NA,20,4,NA,13,NA,NA,NA,NA,NA,NA,13,252,167,41,25,31,86,2,7,10.08,20.5,TRUE,0.000133289632316267,2.437935,20464517,20464518,20464738
"after_stage2","TS-RIGHT-TUNED","TS tuned K1cap in {2,5,15,25}, T1=30, T2=4, eta=0.5/L",3,20460517,4,0.604103712769761,0.450550021615322,0.133237080618459,6.66448161581337e-05,0.5,0.4,15,NA,30,4,NA,13,NA,NA,NA,NA,NA,NA,13,252,167,41,15,31,86,2,7,16.8,20.5,TRUE,0.000133289632316267,2.437935,20464517,20464518,20464738
"after_stage2","TS-RIGHT-TUNED","TS tuned K1cap in {2,5,15,25}, T1=40, T2=4, eta=0.5/L",3,20460517,4,0.608035728154686,0.45451111011295,0.121917115072269,6.66448161581337e-05,0.5,0.4,15,NA,40,4,NA,13,NA,NA,NA,NA,NA,NA,13,252,167,41,15,31,86,2,7,16.8,20.5,TRUE,0.000133289632316267,2.437935,20464517,20464518,20464738
"after_stage2","TS-RIGHT-TUNED","TS tuned K1cap in {2,5,15,25}, T1=50, T2=4, eta=0.5/L",3,20460517,4,0.597355894350907,0.444385882810927,0.152492362281055,6.66448161581337e-05,0.5,0.4,15,NA,50,4,NA,13,NA,NA,NA,NA,NA,NA,13,252,167,41,15,31,86,2,7,16.8,20.5,TRUE,0.000133289632316267,2.437935,20464517,20464518,20464738
"after_stage2","TS-RIGHT-TUNED","TS tuned K1cap in {2,5,15,25}, T1=60, T2=4, eta=0.5/L",3,20460517,4,0.597700259206315,0.444517869482442,0.151514935016896,6.66448161581337e-05,0.5,0.4,15,NA,60,4,NA,13,NA,NA,NA,NA,NA,NA,13,252,167,41,15,31,86,2,7,16.8,20.5,TRUE,0.000133289632316267,2.437935,20464517,20464518,20464738
"after_stage2","TS-RIGHT-TUNED","TS tuned K1cap in {2,5,15,25}, T1=70, T2=4, eta=0.5/L",3,20460517,4,0.599424805201826,0.445993103664315,0.146611599406569,6.66448161581337e-05,0.5,0.4,15,NA,70,4,NA,13,NA,NA,NA,NA,NA,NA,13,252,167,41,15,31,86,2,7,16.8,20.5,TRUE,0.000133289632316267,2.437935,20464517,20464518,20464738
"after_stage2","TS-RIGHT-TUNED","TS tuned K1cap in {2,5,15,25}, T1=80, T2=4, eta=0.5/L",3,20460517,4,0.599724357761399,0.446382860954831,0.145758453016648,6.66448161581337e-05,0.5,0.4,15,NA,80,4,NA,13,NA,NA,NA,NA,NA,NA,13,252,167,41,15,31,86,2,7,16.8,20.5,TRUE,0.000133289632316267,2.437935,20464517,20464518,20464738
"after_stage2","TS-RIGHT-TUNED","TS tuned K1cap in {2,5,15,25}, T1=90, T2=4, eta=0.5/L",3,20460517,4,0.600209514108344,0.447010569052841,0.144375790007865,6.66448161581337e-05,0.5,0.4,15,NA,90,4,NA,13,NA,NA,NA,NA,NA,NA,13,252,167,41,15,31,86,2,7,16.8,20.5,TRUE,0.000133289632316267,2.437935,20464517,20464518,20464738
"after_stage2","TS-RIGHT-TUNED","TS tuned K1cap in {2,5,15,25}, T1=100, T2=4, eta=0.5/L",3,20460517,4,0.600310081716991,0.447535928069078,0.144089039173251,6.66448161581337e-05,0.5,0.4,15,NA,100,4,NA,13,NA,NA,NA,NA,NA,NA,13,252,167,41,15,31,86,2,7,16.8,20.5,TRUE,0.000133289632316267,2.437935,20464517,20464518,20464738
"stage1_only","TS-RIGHT-TUNED","TS tuned K1cap in {2,5,15,25}, T1=0, T2=4, eta=0.5/L",3,20460517,4,0.65236705313063,0.461190323809524,-0.010790968765326,6.66448161581337e-05,0.5,0.4,2,NA,0,4,NA,13,NA,NA,NA,NA,NA,NA,0,252,167,41,2,31,86,2,7,126,20.5,TRUE,0.000133289632316267,2.437935,20464517,20464518,20464738
"stage1_only","TS-RIGHT-TUNED","TS tuned K1cap in {2,5,15,25}, T1=10, T2=4, eta=0.5/L",3,20460517,4,0.60598757491266,0.436228632776837,0.127822752554338,6.66448161581337e-05,0.5,0.4,5,NA,10,4,NA,13,NA,NA,NA,NA,NA,NA,13,252,167,41,5,31,86,2,7,50.4,20.5,TRUE,0.000133289632316267,2.437935,20464517,20464518,20464738
"stage1_only","TS-RIGHT-TUNED","TS tuned K1cap in {2,5,15,25}, T1=20, T2=4, eta=0.5/L",3,20460517,4,0.610818001661878,0.445565146081574,0.113862797951285,6.66448161581337e-05,0.5,0.4,25,NA,20,4,NA,13,NA,NA,NA,NA,NA,NA,13,252,167,41,25,31,86,2,7,10.08,20.5,TRUE,0.000133289632316267,2.437935,20464517,20464518,20464738
"stage1_only","TS-RIGHT-TUNED","TS tuned K1cap in {2,5,15,25}, T1=30, T2=4, eta=0.5/L",3,20460517,4,0.612143601936444,0.447461401854618,0.110012425677807,6.66448161581337e-05,0.5,0.4,25,NA,30,4,NA,13,NA,NA,NA,NA,NA,NA,13,252,167,41,25,31,86,2,7,10.08,20.5,TRUE,0.000133289632316267,2.437935,20464517,20464518,20464738
"stage1_only","TS-RIGHT-TUNED","TS tuned K1cap in {2,5,15,25}, T1=40, T2=4, eta=0.5/L",3,20460517,4,0.612976683010147,0.449317204468265,0.107588365970534,6.66448161581337e-05,0.5,0.4,25,NA,40,4,NA,13,NA,NA,NA,NA,NA,NA,13,252,167,41,25,31,86,2,7,10.08,20.5,TRUE,0.000133289632316267,2.437935,20464517,20464518,20464738
"stage1_only","TS-RIGHT-TUNED","TS tuned K1cap in {2,5,15,25}, T1=50, T2=4, eta=0.5/L",3,20460517,4,0.610180296683581,0.448871484119538,0.115712118434508,6.66448161581337e-05,0.5,0.4,15,NA,50,4,NA,13,NA,NA,NA,NA,NA,NA,13,252,167,41,15,31,86,2,7,16.8,20.5,TRUE,0.000133289632316267,2.437935,20464517,20464518,20464738
"stage1_only","TS-RIGHT-TUNED","TS tuned K1cap in {2,5,15,25}, T1=60, T2=4, eta=0.5/L",3,20460517,4,0.605633642834944,0.442073567214802,0.128841259768617,6.66448161581337e-05,0.5,0.4,25,NA,60,4,NA,13,NA,NA,NA,NA,NA,NA,13,252,167,41,25,31,86,2,7,10.08,20.5,TRUE,0.000133289632316267,2.437935,20464517,20464518,20464738
"stage1_only","TS-RIGHT-TUNED","TS tuned K1cap in {2,5,15,25}, T1=70, T2=4, eta=0.5/L",3,20460517,4,0.602895708835073,0.438724987772374,0.136700082478157,6.66448161581337e-05,0.5,0.4,25,NA,70,4,NA,13,NA,NA,NA,NA,NA,NA,13,252,167,41,25,31,86,2,7,10.08,20.5,TRUE,0.000133289632316267,2.437935,20464517,20464518,20464738
"stage1_only","TS-RIGHT-TUNED","TS tuned K1cap in {2,5,15,25}, T1=80, T2=4, eta=0.5/L",3,20460517,4,0.60047317900932,0.43724130227499,0.14362389381638,6.66448161581337e-05,0.5,0.4,15,NA,80,4,NA,13,NA,NA,NA,NA,NA,NA,13,252,167,41,15,31,86,2,7,16.8,20.5,TRUE,0.000133289632316267,2.437935,20464517,20464518,20464738
"stage1_only","TS-RIGHT-TUNED","TS tuned K1cap in {2,5,15,25}, T1=90, T2=4, eta=0.5/L",3,20460517,4,0.598929499140485,0.435029905753092,0.148021330233919,6.66448161581337e-05,0.5,0.4,15,NA,90,4,NA,13,NA,NA,NA,NA,NA,NA,13,252,167,41,15,31,86,2,7,16.8,20.5,TRUE,0.000133289632316267,2.437935,20464517,20464518,20464738
"stage1_only","TS-RIGHT-TUNED","TS tuned K1cap in {2,5,15,25}, T1=100, T2=4, eta=0.5/L",3,20460517,4,0.596202957058916,0.433190719217832,0.155760699341423,6.66448161581337e-05,0.5,0.4,15,NA,100,4,NA,13,NA,NA,NA,NA,NA,NA,13,252,167,41,15,31,86,2,7,16.8,20.5,TRUE,0.000133289632316267,2.437935,20464517,20464518,20464738
"after_stage2","TS-RIGHT-TUNED","TS tuned K1cap in {2,5,15,25}, T1=0, T2=4, eta=0.5/L",3,20460517,5,0.796191916354212,0.556537511474407,0.0455778435851544,6.78391964263934e-05,0.5,0.4,2,NA,0,4,NA,10,NA,NA,NA,NA,NA,NA,10,252,168,42,2,31,66,2,7,126,21,TRUE,0.000135678392852787,2.4570205,20465517,20465518,20465738
"after_stage2","TS-RIGHT-TUNED","TS tuned K1cap in {2,5,15,25}, T1=10, T2=4, eta=0.5/L",3,20460517,5,0.772840642466802,0.549448936302443,0.100740798023718,6.78391964263934e-05,0.5,0.4,25,NA,10,4,NA,10,NA,NA,NA,NA,NA,NA,10,252,168,42,25,31,66,2,7,10.08,21,TRUE,0.000135678392852787,2.4570205,20465517,20465518,20465738
"after_stage2","TS-RIGHT-TUNED","TS tuned K1cap in {2,5,15,25}, T1=20, T2=4, eta=0.5/L",3,20460517,5,0.77238189579152,0.552566348856351,0.101808054868121,6.78391964263934e-05,0.5,0.4,25,NA,20,4,NA,10,NA,NA,NA,NA,NA,NA,10,252,168,42,25,31,66,2,7,10.08,21,TRUE,0.000135678392852787,2.4570205,20465517,20465518,20465738
"after_stage2","TS-RIGHT-TUNED","TS tuned K1cap in {2,5,15,25}, T1=30, T2=4, eta=0.5/L",3,20460517,5,0.771778700260922,0.552747979564749,0.10321040211336,6.78391964263934e-05,0.5,0.4,25,NA,30,4,NA,10,NA,NA,NA,NA,NA,NA,10,252,168,42,25,31,66,2,7,10.08,21,TRUE,0.000135678392852787,2.4570205,20465517,20465518,20465738
"after_stage2","TS-RIGHT-TUNED","TS tuned K1cap in {2,5,15,25}, T1=40, T2=4, eta=0.5/L",3,20460517,5,0.775602704662228,0.555646312065805,0.0943015706740405,6.78391964263934e-05,0.5,0.4,25,NA,40,4,NA,10,NA,NA,NA,NA,NA,NA,10,252,168,42,25,31,66,2,7,10.08,21,TRUE,0.000135678392852787,2.4570205,20465517,20465518,20465738
"after_stage2","TS-RIGHT-TUNED","TS tuned K1cap in {2,5,15,25}, T1=50, T2=4, eta=0.5/L",3,20460517,5,0.774644991744883,0.555637456969674,0.096536899530702,6.78391964263934e-05,0.5,0.4,25,NA,50,4,NA,10,NA,NA,NA,NA,NA,NA,10,252,168,42,25,31,66,2,7,10.08,21,TRUE,0.000135678392852787,2.4570205,20465517,20465518,20465738
"after_stage2","TS-RIGHT-TUNED","TS tuned K1cap in {2,5,15,25}, T1=60, T2=4, eta=0.5/L",3,20460517,5,0.773986795799841,0.555553685558501,0.0980715460428548,6.78391964263934e-05,0.5,0.4,25,NA,60,4,NA,10,NA,NA,NA,NA,NA,NA,10,252,168,42,25,31,66,2,7,10.08,21,TRUE,0.000135678392852787,2.4570205,20465517,20465518,20465738
"after_stage2","TS-RIGHT-TUNED","TS tuned K1cap in {2,5,15,25}, T1=70, T2=4, eta=0.5/L",3,20460517,5,0.773497483020342,0.55542309793711,0.0992115800039407,6.78391964263934e-05,0.5,0.4,25,NA,70,4,NA,10,NA,NA,NA,NA,NA,NA,10,252,168,42,25,31,66,2,7,10.08,21,TRUE,0.000135678392852787,2.4570205,20465517,20465518,20465738
"after_stage2","TS-RIGHT-TUNED","TS tuned K1cap in {2,5,15,25}, T1=80, T2=4, eta=0.5/L",3,20460517,5,0.773083237031706,0.555298999127615,0.10017615475233,6.78391964263934e-05,0.5,0.4,25,NA,80,4,NA,10,NA,NA,NA,NA,NA,NA,10,252,168,42,25,31,66,2,7,10.08,21,TRUE,0.000135678392852787,2.4570205,20465517,20465518,20465738
"after_stage2","TS-RIGHT-TUNED","TS tuned K1cap in {2,5,15,25}, T1=90, T2=4, eta=0.5/L",3,20460517,5,0.772724503678333,0.555189515889679,0.101011050443719,6.78391964263934e-05,0.5,0.4,25,NA,90,4,NA,10,NA,NA,NA,NA,NA,NA,10,252,168,42,25,31,66,2,7,10.08,21,TRUE,0.000135678392852787,2.4570205,20465517,20465518,20465738
"after_stage2","TS-RIGHT-TUNED","TS tuned K1cap in {2,5,15,25}, T1=100, T2=4, eta=0.5/L",3,20460517,5,0.772408704593415,0.555094485462137,0.101745702635523,6.78391964263934e-05,0.5,0.4,25,NA,100,4,NA,10,NA,NA,NA,NA,NA,NA,10,252,168,42,25,31,66,2,7,10.08,21,TRUE,0.000135678392852787,2.4570205,20465517,20465518,20465738
"stage1_only","TS-RIGHT-TUNED","TS tuned K1cap in {2,5,15,25}, T1=0, T2=4, eta=0.5/L",3,20460517,5,0.815228632140973,0.534680865384615,-0.000607683921384217,6.78391964263934e-05,0.5,0.4,2,NA,0,4,NA,10,NA,NA,NA,NA,NA,NA,0,252,168,42,2,31,66,2,7,126,21,TRUE,0.000135678392852787,2.4570205,20465517,20465518,20465738
"stage1_only","TS-RIGHT-TUNED","TS tuned K1cap in {2,5,15,25}, T1=10, T2=4, eta=0.5/L",3,20460517,5,0.768199269598409,0.512688839120707,0.111509548919166,6.78391964263934e-05,0.5,0.4,25,NA,10,4,NA,10,NA,NA,NA,NA,NA,NA,10,252,168,42,25,31,66,2,7,10.08,21,TRUE,0.000135678392852787,2.4570205,20465517,20465518,20465738
"stage1_only","TS-RIGHT-TUNED","TS tuned K1cap in {2,5,15,25}, T1=20, T2=4, eta=0.5/L",3,20460517,5,0.762426597995305,0.515908440928337,0.124812588567424,6.78391964263934e-05,0.5,0.4,25,NA,20,4,NA,10,NA,NA,NA,NA,NA,NA,10,252,168,42,25,31,66,2,7,10.08,21,TRUE,0.000135678392852787,2.4570205,20465517,20465518,20465738
"stage1_only","TS-RIGHT-TUNED","TS tuned K1cap in {2,5,15,25}, T1=30, T2=4, eta=0.5/L",3,20460517,5,0.759428467698218,0.517081544932621,0.131682146370586,6.78391964263934e-05,0.5,0.4,25,NA,30,4,NA,10,NA,NA,NA,NA,NA,NA,10,252,168,42,25,31,66,2,7,10.08,21,TRUE,0.000135678392852787,2.4570205,20465517,20465518,20465738
"stage1_only","TS-RIGHT-TUNED","TS tuned K1cap in {2,5,15,25}, T1=40, T2=4, eta=0.5/L",3,20460517,5,0.757403466288983,0.517497950177478,0.136306678253567,6.78391964263934e-05,0.5,0.4,25,NA,40,4,NA,10,NA,NA,NA,NA,NA,NA,10,252,168,42,25,31,66,2,7,10.08,21,TRUE,0.000135678392852787,2.4570205,20465517,20465518,20465738
"stage1_only","TS-RIGHT-TUNED","TS tuned K1cap in {2,5,15,25}, T1=50, T2=4, eta=0.5/L",3,20460517,5,0.75584806399526,0.517727573290705,0.139850393700637,6.78391964263934e-05,0.5,0.4,25,NA,50,4,NA,10,NA,NA,NA,NA,NA,NA,10,252,168,42,25,31,66,2,7,10.08,21,TRUE,0.000135678392852787,2.4570205,20465517,20465518,20465738
"stage1_only","TS-RIGHT-TUNED","TS tuned K1cap in {2,5,15,25}, T1=60, T2=4, eta=0.5/L",3,20460517,5,0.754821081726242,0.517804542485431,0.142186202496543,6.78391964263934e-05,0.5,0.4,25,NA,60,4,NA,10,NA,NA,NA,NA,NA,NA,10,252,168,42,25,31,66,2,7,10.08,21,TRUE,0.000135678392852787,2.4570205,20465517,20465518,20465738
"stage1_only","TS-RIGHT-TUNED","TS tuned K1cap in {2,5,15,25}, T1=70, T2=4, eta=0.5/L",3,20460517,5,0.754079863802356,0.517775200288894,0.143870084394681,6.78391964263934e-05,0.5,0.4,25,NA,70,4,NA,10,NA,NA,NA,NA,NA,NA,10,252,168,42,25,31,66,2,7,10.08,21,TRUE,0.000135678392852787,2.4570205,20465517,20465518,20465738
"stage1_only","TS-RIGHT-TUNED","TS tuned K1cap in {2,5,15,25}, T1=80, T2=4, eta=0.5/L",3,20460517,5,0.753467025032526,0.517672918460684,0.145261068110463,6.78391964263934e-05,0.5,0.4,25,NA,80,4,NA,10,NA,NA,NA,NA,NA,NA,10,252,168,42,25,31,66,2,7,10.08,21,TRUE,0.000135678392852787,2.4570205,20465517,20465518,20465738
"stage1_only","TS-RIGHT-TUNED","TS tuned K1cap in {2,5,15,25}, T1=90, T2=4, eta=0.5/L",3,20460517,5,0.752932972636714,0.517497175434483,0.146472305194132,6.78391964263934e-05,0.5,0.4,25,NA,90,4,NA,10,NA,NA,NA,NA,NA,NA,10,252,168,42,25,31,66,2,7,10.08,21,TRUE,0.000135678392852787,2.4570205,20465517,20465518,20465738
"stage1_only","TS-RIGHT-TUNED","TS tuned K1cap in {2,5,15,25}, T1=100, T2=4, eta=0.5/L",3,20460517,5,0.752456873904716,0.51727550048614,0.147551378607026,6.78391964263934e-05,0.5,0.4,25,NA,100,4,NA,10,NA,NA,NA,NA,NA,NA,10,252,168,42,25,31,66,2,7,10.08,21,TRUE,0.000135678392852787,2.4570205,20465517,20465518,20465738
"after_stage2","TS-RIGHT-TUNED","TS tuned K1cap in {2,5,15,25}, T1=0, T2=4, eta=0.5/L",4,20560517,1,0.865489318606052,0.494958970831282,0.307780982202474,6.74466801479406e-05,0.5,0.4,2,NA,0,4,NA,27,NA,NA,NA,NA,NA,NA,27,252,167,41,2,31,177,2,7,126,20.5,TRUE,0.000134893360295881,2.475555,20561517,20561518,20561738
"after_stage2","TS-RIGHT-TUNED","TS tuned K1cap in {2,5,15,25}, T1=10, T2=4, eta=0.5/L",4,20560517,1,0.840020639114486,0.502972117845544,0.347921298420266,6.74466801479406e-05,0.5,0.4,2,NA,10,4,NA,27,NA,NA,NA,NA,NA,NA,27,252,167,41,2,31,177,2,7,126,20.5,TRUE,0.000134893360295881,2.475555,20561517,20561518,20561738
"after_stage2","TS-RIGHT-TUNED","TS tuned K1cap in {2,5,15,25}, T1=20, T2=4, eta=0.5/L",4,20560517,1,0.834004071199099,0.507559602334574,0.357228750088425,6.74466801479406e-05,0.5,0.4,2,NA,20,4,NA,27,NA,NA,NA,NA,NA,NA,27,252,167,41,2,31,177,2,7,126,20.5,TRUE,0.000134893360295881,2.475555,20561517,20561518,20561738
"after_stage2","TS-RIGHT-TUNED","TS tuned K1cap in {2,5,15,25}, T1=30, T2=4, eta=0.5/L",4,20560517,1,0.835788066970903,0.50756710932491,0.354475939471246,6.74466801479406e-05,0.5,0.4,15,NA,30,4,NA,27,NA,NA,NA,NA,NA,NA,27,252,167,41,15,31,177,2,7,16.8,20.5,TRUE,0.000134893360295881,2.475555,20561517,20561518,20561738
"after_stage2","TS-RIGHT-TUNED","TS tuned K1cap in {2,5,15,25}, T1=40, T2=4, eta=0.5/L",4,20560517,1,0.829155679426152,0.508314722938885,0.364680388519233,6.74466801479406e-05,0.5,0.4,15,NA,40,4,NA,27,NA,NA,NA,NA,NA,NA,27,252,167,41,15,31,177,2,7,16.8,20.5,TRUE,0.000134893360295881,2.475555,20561517,20561518,20561738
"after_stage2","TS-RIGHT-TUNED","TS tuned K1cap in {2,5,15,25}, T1=50, T2=4, eta=0.5/L",4,20560517,1,0.832643158320502,0.507222093894714,0.359324763757603,6.74466801479406e-05,0.5,0.4,15,NA,50,4,NA,27,NA,NA,NA,NA,NA,NA,27,252,167,41,15,31,177,2,7,16.8,20.5,TRUE,0.000134893360295881,2.475555,20561517,20561518,20561738
"after_stage2","TS-RIGHT-TUNED","TS tuned K1cap in {2,5,15,25}, T1=60, T2=4, eta=0.5/L",4,20560517,1,0.830546656840941,0.504242484964511,0.362546997877446,6.74466801479406e-05,0.5,0.4,15,NA,60,4,NA,27,NA,NA,NA,NA,NA,NA,27,252,167,41,15,31,177,2,7,16.8,20.5,TRUE,0.000134893360295881,2.475555,20561517,20561518,20561738
"after_stage2","TS-RIGHT-TUNED","TS tuned K1cap in {2,5,15,25}, T1=70, T2=4, eta=0.5/L",4,20560517,1,0.830780270725256,0.499968006079411,0.362188345382075,6.74466801479406e-05,0.5,0.4,15,NA,70,4,NA,27,NA,NA,NA,NA,NA,NA,27,252,167,41,15,31,177,2,7,16.8,20.5,TRUE,0.000134893360295881,2.475555,20561517,20561518,20561738
"after_stage2","TS-RIGHT-TUNED","TS tuned K1cap in {2,5,15,25}, T1=80, T2=4, eta=0.5/L",4,20560517,1,0.831315275253136,0.497114626511962,0.361366607051888,6.74466801479406e-05,0.5,0.4,2,NA,80,4,NA,27,NA,NA,NA,NA,NA,NA,27,252,167,41,2,31,177,2,7,126,20.5,TRUE,0.000134893360295881,2.475555,20561517,20561518,20561738
"after_stage2","TS-RIGHT-TUNED","TS tuned K1cap in {2,5,15,25}, T1=90, T2=4, eta=0.5/L",4,20560517,1,0.830295518077561,0.491887324026083,0.362932442701417,6.74466801479406e-05,0.5,0.4,15,NA,90,4,NA,27,NA,NA,NA,NA,NA,NA,27,252,167,41,15,31,177,2,7,16.8,20.5,TRUE,0.000134893360295881,2.475555,20561517,20561518,20561738
"after_stage2","TS-RIGHT-TUNED","TS tuned K1cap in {2,5,15,25}, T1=100, T2=4, eta=0.5/L",4,20560517,1,0.829538264855919,0.492051292470555,0.36409396039866,6.74466801479406e-05,0.5,0.4,15,NA,100,4,NA,27,NA,NA,NA,NA,NA,NA,27,252,167,41,15,31,177,2,7,16.8,20.5,TRUE,0.000134893360295881,2.475555,20561517,20561518,20561738
"stage1_only","TS-RIGHT-TUNED","TS tuned K1cap in {2,5,15,25}, T1=0, T2=4, eta=0.5/L",4,20560517,1,1.04942321308437,0.591489876190476,-0.0177038909430347,6.74466801479406e-05,0.5,0.4,2,NA,0,4,NA,27,NA,NA,NA,NA,NA,NA,0,252,167,41,2,31,177,2,7,126,20.5,TRUE,0.000134893360295881,2.475555,20561517,20561518,20561738
"stage1_only","TS-RIGHT-TUNED","TS tuned K1cap in {2,5,15,25}, T1=10, T2=4, eta=0.5/L",4,20560517,1,0.909473016359262,0.518045024963503,0.235636855323459,6.74466801479406e-05,0.5,0.4,2,NA,10,4,NA,27,NA,NA,NA,NA,NA,NA,27,252,167,41,2,31,177,2,7,126,20.5,TRUE,0.000134893360295881,2.475555,20561517,20561518,20561738
"stage1_only","TS-RIGHT-TUNED","TS tuned K1cap in {2,5,15,25}, T1=20, T2=4, eta=0.5/L",4,20560517,1,0.894758700796571,0.520409984861607,0.260169958243151,6.74466801479406e-05,0.5,0.4,2,NA,20,4,NA,27,NA,NA,NA,NA,NA,NA,27,252,167,41,2,31,177,2,7,126,20.5,TRUE,0.000134893360295881,2.475555,20561517,20561518,20561738
"stage1_only","TS-RIGHT-TUNED","TS tuned K1cap in {2,5,15,25}, T1=30, T2=4, eta=0.5/L",4,20560517,1,0.887517645938702,0.517999154400764,0.272096018054457,6.74466801479406e-05,0.5,0.4,2,NA,30,4,NA,27,NA,NA,NA,NA,NA,NA,27,252,167,41,2,31,177,2,7,126,20.5,TRUE,0.000134893360295881,2.475555,20561517,20561518,20561738
"stage1_only","TS-RIGHT-TUNED","TS tuned K1cap in {2,5,15,25}, T1=40, T2=4, eta=0.5/L",4,20560517,1,0.883999909677751,0.515795945242283,0.277854776179064,6.74466801479406e-05,0.5,0.4,2,NA,40,4,NA,27,NA,NA,NA,NA,NA,NA,27,252,167,41,2,31,177,2,7,126,20.5,TRUE,0.000134893360295881,2.475555,20561517,20561518,20561738
"stage1_only","TS-RIGHT-TUNED","TS tuned K1cap in {2,5,15,25}, T1=50, T2=4, eta=0.5/L",4,20560517,1,0.879253456484036,0.51220676582815,0.285588773656272,6.74466801479406e-05,0.5,0.4,2,NA,50,4,NA,27,NA,NA,NA,NA,NA,NA,27,252,167,41,2,31,177,2,7,126,20.5,TRUE,0.000134893360295881,2.475555,20561517,20561518,20561738
"stage1_only","TS-RIGHT-TUNED","TS tuned K1cap in {2,5,15,25}, T1=60, T2=4, eta=0.5/L",4,20560517,1,0.87675022356005,0.510564126912771,0.289650837883268,6.74466801479406e-05,0.5,0.4,2,NA,60,4,NA,27,NA,NA,NA,NA,NA,NA,27,252,167,41,2,31,177,2,7,126,20.5,TRUE,0.000134893360295881,2.475555,20561517,20561518,20561738
"stage1_only","TS-RIGHT-TUNED","TS tuned K1cap in {2,5,15,25}, T1=70, T2=4, eta=0.5/L",4,20560517,1,0.87702895091529,0.510511681355466,0.289199112386101,6.74466801479406e-05,0.5,0.4,2,NA,70,4,NA,27,NA,NA,NA,NA,NA,NA,27,252,167,41,2,31,177,2,7,126,20.5,TRUE,0.000134893360295881,2.475555,20561517,20561518,20561738
"stage1_only","TS-RIGHT-TUNED","TS tuned K1cap in {2,5,15,25}, T1=80, T2=4, eta=0.5/L",4,20560517,1,0.880190485453311,0.513214285365367,0.284065252273523,6.74466801479406e-05,0.5,0.4,2,NA,80,4,NA,27,NA,NA,NA,NA,NA,NA,27,252,167,41,2,31,177,2,7,126,20.5,TRUE,0.000134893360295881,2.475555,20561517,20561518,20561738
"stage1_only","TS-RIGHT-TUNED","TS tuned K1cap in {2,5,15,25}, T1=90, T2=4, eta=0.5/L",4,20560517,1,0.881468673028153,0.51445144373569,0.281984422375072,6.74466801479406e-05,0.5,0.4,2,NA,90,4,NA,27,NA,NA,NA,NA,NA,NA,27,252,167,41,2,31,177,2,7,126,20.5,TRUE,0.000134893360295881,2.475555,20561517,20561518,20561738
"stage1_only","TS-RIGHT-TUNED","TS tuned K1cap in {2,5,15,25}, T1=100, T2=4, eta=0.5/L",4,20560517,1,0.881901648505823,0.51512106817914,0.281278873783797,6.74466801479406e-05,0.5,0.4,2,NA,100,4,NA,27,NA,NA,NA,NA,NA,NA,27,252,167,41,2,31,177,2,7,126,20.5,TRUE,0.000134893360295881,2.475555,20561517,20561518,20561738
"after_stage2","TS-RIGHT-TUNED","TS tuned K1cap in {2,5,15,25}, T1=0, T2=4, eta=0.5/L",4,20560517,2,0.72691364007532,0.538273018988346,-0.0245286537024898,6.77674458552566e-05,0.5,0.4,2,NA,0,4,NA,39,NA,NA,NA,NA,NA,NA,39,252,167,41,2,31,256,2,7,126,20.5,TRUE,0.000135534891710513,2.458379,20562517,20562518,20562738
"after_stage2","TS-RIGHT-TUNED","TS tuned K1cap in {2,5,15,25}, T1=10, T2=4, eta=0.5/L",4,20560517,2,0.721777131694931,0.536486925152924,-0.0101007854673147,6.77674458552566e-05,0.5,0.4,2,NA,10,4,NA,39,NA,NA,NA,NA,NA,NA,39,252,167,41,2,31,256,2,7,126,20.5,TRUE,0.000135534891710513,2.458379,20562517,20562518,20562738
"after_stage2","TS-RIGHT-TUNED","TS tuned K1cap in {2,5,15,25}, T1=20, T2=4, eta=0.5/L",4,20560517,2,0.719405279366626,0.532831639274148,-0.00347305143328014,6.77674458552566e-05,0.5,0.4,2,NA,20,4,NA,39,NA,NA,NA,NA,NA,NA,39,252,167,41,2,31,256,2,7,126,20.5,TRUE,0.000135534891710513,2.458379,20562517,20562518,20562738
"after_stage2","TS-RIGHT-TUNED","TS tuned K1cap in {2,5,15,25}, T1=30, T2=4, eta=0.5/L",4,20560517,2,0.720429899008864,0.533658833420601,-0.00633349859605148,6.77674458552566e-05,0.5,0.4,2,NA,30,4,NA,39,NA,NA,NA,NA,NA,NA,39,252,167,41,2,31,256,2,7,126,20.5,TRUE,0.000135534891710513,2.458379,20562517,20562518,20562738
"after_stage2","TS-RIGHT-TUNED","TS tuned K1cap in {2,5,15,25}, T1=40, T2=4, eta=0.5/L",4,20560517,2,0.723708318552509,0.54551256328296,-0.0155132678347392,6.77674458552566e-05,0.5,0.4,15,NA,40,4,NA,39,NA,NA,NA,NA,NA,NA,39,252,167,41,15,31,256,2,7,16.8,20.5,TRUE,0.000135534891710513,2.458379,20562517,20562518,20562738
"after_stage2","TS-RIGHT-TUNED","TS tuned K1cap in {2,5,15,25}, T1=50, T2=4, eta=0.5/L",4,20560517,2,0.715609832621226,0.542479304849314,0.00708728731527386,6.77674458552566e-05,0.5,0.4,15,NA,50,4,NA,39,NA,NA,NA,NA,NA,NA,39,252,167,41,15,31,256,2,7,16.8,20.5,TRUE,0.000135534891710513,2.458379,20562517,20562518,20562738
"after_stage2","TS-RIGHT-TUNED","TS tuned K1cap in {2,5,15,25}, T1=60, T2=4, eta=0.5/L",4,20560517,2,0.713389694491054,0.542569295066063,0.0132386389485971,6.77674458552566e-05,0.5,0.4,15,NA,60,4,NA,39,NA,NA,NA,NA,NA,NA,39,252,167,41,15,31,256,2,7,16.8,20.5,TRUE,0.000135534891710513,2.458379,20562517,20562518,20562738
"after_stage2","TS-RIGHT-TUNED","TS tuned K1cap in {2,5,15,25}, T1=70, T2=4, eta=0.5/L",4,20560517,2,0.713756430925723,0.544322960674558,0.0122238377440069,6.77674458552566e-05,0.5,0.4,15,NA,70,4,NA,39,NA,NA,NA,NA,NA,NA,39,252,167,41,15,31,256,2,7,16.8,20.5,TRUE,0.000135534891710513,2.458379,20562517,20562518,20562738
"after_stage2","TS-RIGHT-TUNED","TS tuned K1cap in {2,5,15,25}, T1=80, T2=4, eta=0.5/L",4,20560517,2,0.715533850785692,0.547889321394924,0.0072981265793377,6.77674458552566e-05,0.5,0.4,15,NA,80,4,NA,39,NA,NA,NA,NA,NA,NA,39,252,167,41,15,31,256,2,7,16.8,20.5,TRUE,0.000135534891710513,2.458379,20562517,20562518,20562738
"after_stage2","TS-RIGHT-TUNED","TS tuned K1cap in {2,5,15,25}, T1=90, T2=4, eta=0.5/L",4,20560517,2,0.714786860426465,0.540344255852327,0.00936973132307439,6.77674458552566e-05,0.5,0.4,15,NA,90,4,NA,39,NA,NA,NA,NA,NA,NA,39,252,167,41,15,31,256,2,7,16.8,20.5,TRUE,0.000135534891710513,2.458379,20562517,20562518,20562738
"after_stage2","TS-RIGHT-TUNED","TS tuned K1cap in {2,5,15,25}, T1=100, T2=4, eta=0.5/L",4,20560517,2,0.718380068321875,0.543347021232472,-0.000615027887231223,6.77674458552566e-05,0.5,0.4,15,NA,100,4,NA,39,NA,NA,NA,NA,NA,NA,39,252,167,41,15,31,256,2,7,16.8,20.5,TRUE,0.000135534891710513,2.458379,20562517,20562518,20562738
"stage1_only","TS-RIGHT-TUNED","TS tuned K1cap in {2,5,15,25}, T1=0, T2=4, eta=0.5/L",4,20560517,2,0.718492628800622,0.501610638095238,-0.000928618242326484,6.77674458552566e-05,0.5,0.4,2,NA,0,4,NA,39,NA,NA,NA,NA,NA,NA,0,252,167,41,2,31,256,2,7,126,20.5,TRUE,0.000135534891710513,2.458379,20562517,20562518,20562738
"stage1_only","TS-RIGHT-TUNED","TS tuned K1cap in {2,5,15,25}, T1=10, T2=4, eta=0.5/L",4,20560517,2,0.640335153031138,0.454691065978719,0.204988956716167,6.77674458552566e-05,0.5,0.4,15,NA,10,4,NA,39,NA,NA,NA,NA,NA,NA,39,252,167,41,15,31,256,2,7,16.8,20.5,TRUE,0.000135534891710513,2.458379,20562517,20562518,20562738
"stage1_only","TS-RIGHT-TUNED","TS tuned K1cap in {2,5,15,25}, T1=20, T2=4, eta=0.5/L",4,20560517,2,0.634396063509392,0.457064302310277,0.219667973450071,6.77674458552566e-05,0.5,0.4,15,NA,20,4,NA,39,NA,NA,NA,NA,NA,NA,39,252,167,41,15,31,256,2,7,16.8,20.5,TRUE,0.000135534891710513,2.458379,20562517,20562518,20562738
"stage1_only","TS-RIGHT-TUNED","TS tuned K1cap in {2,5,15,25}, T1=30, T2=4, eta=0.5/L",4,20560517,2,0.633700784819045,0.459592011210776,0.22137747624339,6.77674458552566e-05,0.5,0.4,15,NA,30,4,NA,39,NA,NA,NA,NA,NA,NA,39,252,167,41,15,31,256,2,7,16.8,20.5,TRUE,0.000135534891710513,2.458379,20562517,20562518,20562738
"stage1_only","TS-RIGHT-TUNED","TS tuned K1cap in {2,5,15,25}, T1=40, T2=4, eta=0.5/L",4,20560517,2,0.633480516225522,0.46194644240101,0.221918666298153,6.77674458552566e-05,0.5,0.4,15,NA,40,4,NA,39,NA,NA,NA,NA,NA,NA,39,252,167,41,15,31,256,2,7,16.8,20.5,TRUE,0.000135534891710513,2.458379,20562517,20562518,20562738
"stage1_only","TS-RIGHT-TUNED","TS tuned K1cap in {2,5,15,25}, T1=50, T2=4, eta=0.5/L",4,20560517,2,0.634312910231149,0.464476149035019,0.219872523627239,6.77674458552566e-05,0.5,0.4,15,NA,50,4,NA,39,NA,NA,NA,NA,NA,NA,39,252,167,41,15,31,256,2,7,16.8,20.5,TRUE,0.000135534891710513,2.458379,20562517,20562518,20562738
"stage1_only","TS-RIGHT-TUNED","TS tuned K1cap in {2,5,15,25}, T1=60, T2=4, eta=0.5/L",4,20560517,2,0.636480357672301,0.467842748592357,0.214532023211882,6.77674458552566e-05,0.5,0.4,15,NA,60,4,NA,39,NA,NA,NA,NA,NA,NA,39,252,167,41,15,31,256,2,7,16.8,20.5,TRUE,0.000135534891710513,2.458379,20562517,20562518,20562738
"stage1_only","TS-RIGHT-TUNED","TS tuned K1cap in {2,5,15,25}, T1=70, T2=4, eta=0.5/L",4,20560517,2,0.638949135210483,0.458672384555482,0.208426865527014,6.77674458552566e-05,0.5,0.4,25,NA,70,4,NA,39,NA,NA,NA,NA,NA,NA,39,252,167,41,25,31,256,2,7,10.08,20.5,TRUE,0.000135534891710513,2.458379,20562517,20562518,20562738
"stage1_only","TS-RIGHT-TUNED","TS tuned K1cap in {2,5,15,25}, T1=80, T2=4, eta=0.5/L",4,20560517,2,0.638713796957809,0.460484564027421,0.209009863832507,6.77674458552566e-05,0.5,0.4,25,NA,80,4,NA,39,NA,NA,NA,NA,NA,NA,39,252,167,41,25,31,256,2,7,10.08,20.5,TRUE,0.000135534891710513,2.458379,20562517,20562518,20562738
"stage1_only","TS-RIGHT-TUNED","TS tuned K1cap in {2,5,15,25}, T1=90, T2=4, eta=0.5/L",4,20560517,2,0.639056805601642,0.463095487828314,0.208160064414492,6.77674458552566e-05,0.5,0.4,25,NA,90,4,NA,39,NA,NA,NA,NA,NA,NA,39,252,167,41,25,31,256,2,7,10.08,20.5,TRUE,0.000135534891710513,2.458379,20562517,20562518,20562738
"stage1_only","TS-RIGHT-TUNED","TS tuned K1cap in {2,5,15,25}, T1=100, T2=4, eta=0.5/L",4,20560517,2,0.64000613043438,0.466175689582825,0.205805745842578,6.77674458552566e-05,0.5,0.4,25,NA,100,4,NA,39,NA,NA,NA,NA,NA,NA,39,252,167,41,25,31,256,2,7,10.08,20.5,TRUE,0.000135534891710513,2.458379,20562517,20562518,20562738
"after_stage2","TS-RIGHT-TUNED","TS tuned K1cap in {2,5,15,25}, T1=0, T2=4, eta=0.5/L",4,20560517,3,1.44989463330863,0.700830575760163,0.0573332169421406,6.78009010353296e-05,0.5,0.4,2,NA,0,4,NA,13,NA,NA,NA,NA,NA,NA,13,252,167,41,2,31,86,2,7,126,20.5,TRUE,0.000135601802070659,2.446731,20563517,20563518,20563738
"after_stage2","TS-RIGHT-TUNED","TS tuned K1cap in {2,5,15,25}, T1=10, T2=4, eta=0.5/L",4,20560517,3,1.36750509348025,0.672038861570725,0.161422463436369,6.78009010353296e-05,0.5,0.4,5,NA,10,4,NA,13,NA,NA,NA,NA,NA,NA,13,252,167,41,5,31,86,2,7,50.4,20.5,TRUE,0.000135601802070659,2.446731,20563517,20563518,20563738
"after_stage2","TS-RIGHT-TUNED","TS tuned K1cap in {2,5,15,25}, T1=20, T2=4, eta=0.5/L",4,20560517,3,1.35042304613618,0.67315556589396,0.182241623807882,6.78009010353296e-05,0.5,0.4,5,NA,20,4,NA,13,NA,NA,NA,NA,NA,NA,13,252,167,41,5,31,86,2,7,50.4,20.5,TRUE,0.000135601802070659,2.446731,20563517,20563518,20563738
"after_stage2","TS-RIGHT-TUNED","TS tuned K1cap in {2,5,15,25}, T1=30, T2=4, eta=0.5/L",4,20560517,3,1.34084648989543,0.672523352396117,0.193798803831746,6.78009010353296e-05,0.5,0.4,5,NA,30,4,NA,13,NA,NA,NA,NA,NA,NA,13,252,167,41,5,31,86,2,7,50.4,20.5,TRUE,0.000135601802070659,2.446731,20563517,20563518,20563738
"after_stage2","TS-RIGHT-TUNED","TS tuned K1cap in {2,5,15,25}, T1=40, T2=4, eta=0.5/L",4,20560517,3,1.33445696049649,0.673624166259975,0.201464070032605,6.78009010353296e-05,0.5,0.4,5,NA,40,4,NA,13,NA,NA,NA,NA,NA,NA,13,252,167,41,5,31,86,2,7,50.4,20.5,TRUE,0.000135601802070659,2.446731,20563517,20563518,20563738
"after_stage2","TS-RIGHT-TUNED","TS tuned K1cap in {2,5,15,25}, T1=50, T2=4, eta=0.5/L",4,20560517,3,1.3299968577473,0.674041775123517,0.206792979969901,6.78009010353296e-05,0.5,0.4,5,NA,50,4,NA,13,NA,NA,NA,NA,NA,NA,13,252,167,41,5,31,86,2,7,50.4,20.5,TRUE,0.000135601802070659,2.446731,20563517,20563518,20563738
"after_stage2","TS-RIGHT-TUNED","TS tuned K1cap in {2,5,15,25}, T1=60, T2=4, eta=0.5/L",4,20560517,3,1.3344937809383,0.683267901317754,0.201420002891807,6.78009010353296e-05,0.5,0.4,5,NA,60,4,NA,13,NA,NA,NA,NA,NA,NA,13,252,167,41,5,31,86,2,7,50.4,20.5,TRUE,0.000135601802070659,2.446731,20563517,20563518,20563738
"after_stage2","TS-RIGHT-TUNED","TS tuned K1cap in {2,5,15,25}, T1=70, T2=4, eta=0.5/L",4,20560517,3,1.33367628164345,0.684583159001383,0.202398109545008,6.78009010353296e-05,0.5,0.4,5,NA,70,4,NA,13,NA,NA,NA,NA,NA,NA,13,252,167,41,5,31,86,2,7,50.4,20.5,TRUE,0.000135601802070659,2.446731,20563517,20563518,20563738
"after_stage2","TS-RIGHT-TUNED","TS tuned K1cap in {2,5,15,25}, T1=80, T2=4, eta=0.5/L",4,20560517,3,1.33366485172545,0.685927852403744,0.202411780756333,6.78009010353296e-05,0.5,0.4,5,NA,80,4,NA,13,NA,NA,NA,NA,NA,NA,13,252,167,41,5,31,86,2,7,50.4,20.5,TRUE,0.000135601802070659,2.446731,20563517,20563518,20563738
"after_stage2","TS-RIGHT-TUNED","TS tuned K1cap in {2,5,15,25}, T1=90, T2=4, eta=0.5/L",4,20560517,3,1.34061880923607,0.684055389877505,0.194072572435419,6.78009010353296e-05,0.5,0.4,5,NA,90,4,NA,13,NA,NA,NA,NA,NA,NA,13,252,167,41,5,31,86,2,7,50.4,20.5,TRUE,0.000135601802070659,2.446731,20563517,20563518,20563738
"after_stage2","TS-RIGHT-TUNED","TS tuned K1cap in {2,5,15,25}, T1=100, T2=4, eta=0.5/L",4,20560517,3,1.32629452449608,0.681312557144965,0.211202959160339,6.78009010353296e-05,0.5,0.4,5,NA,100,4,NA,13,NA,NA,NA,NA,NA,NA,13,252,167,41,5,31,86,2,7,50.4,20.5,TRUE,0.000135601802070659,2.446731,20563517,20563518,20563738
"stage1_only","TS-RIGHT-TUNED","TS tuned K1cap in {2,5,15,25}, T1=0, T2=4, eta=0.5/L",4,20560517,3,1.50806629719595,0.711476742857143,-0.0198262535948639,6.78009010353296e-05,0.5,0.4,2,NA,0,4,NA,13,NA,NA,NA,NA,NA,NA,0,252,167,41,2,31,86,2,7,126,20.5,TRUE,0.000135601802070659,2.446731,20563517,20563518,20563738
"stage1_only","TS-RIGHT-TUNED","TS tuned K1cap in {2,5,15,25}, T1=10, T2=4, eta=0.5/L",4,20560517,3,1.33320593817028,0.686396097980535,0.20296058590841,6.78009010353296e-05,0.5,0.4,5,NA,10,4,NA,13,NA,NA,NA,NA,NA,NA,13,252,167,41,5,31,86,2,7,50.4,20.5,TRUE,0.000135601802070659,2.446731,20563517,20563518,20563738
"stage1_only","TS-RIGHT-TUNED","TS tuned K1cap in {2,5,15,25}, T1=20, T2=4, eta=0.5/L",4,20560517,3,1.3034310878002,0.680020351760877,0.238164038043393,6.78009010353296e-05,0.5,0.4,5,NA,20,4,NA,13,NA,NA,NA,NA,NA,NA,13,252,167,41,5,31,86,2,7,50.4,20.5,TRUE,0.000135601802070659,2.446731,20563517,20563518,20563738
"stage1_only","TS-RIGHT-TUNED","TS tuned K1cap in {2,5,15,25}, T1=30, T2=4, eta=0.5/L",4,20560517,3,1.29052851506558,0.682362488525889,0.253172107937403,6.78009010353296e-05,0.5,0.4,5,NA,30,4,NA,13,NA,NA,NA,NA,NA,NA,13,252,167,41,5,31,86,2,7,50.4,20.5,TRUE,0.000135601802070659,2.446731,20563517,20563518,20563738
"stage1_only","TS-RIGHT-TUNED","TS tuned K1cap in {2,5,15,25}, T1=40, T2=4, eta=0.5/L",4,20560517,3,1.28271974287439,0.681948492757983,0.262182625965067,6.78009010353296e-05,0.5,0.4,5,NA,40,4,NA,13,NA,NA,NA,NA,NA,NA,13,252,167,41,5,31,86,2,7,50.4,20.5,TRUE,0.000135601802070659,2.446731,20563517,20563518,20563738
"stage1_only","TS-RIGHT-TUNED","TS tuned K1cap in {2,5,15,25}, T1=50, T2=4, eta=0.5/L",4,20560517,3,1.27832733369702,0.684322601353434,0.267226981296028,6.78009010353296e-05,0.5,0.4,5,NA,50,4,NA,13,NA,NA,NA,NA,NA,NA,13,252,167,41,5,31,86,2,7,50.4,20.5,TRUE,0.000135601802070659,2.446731,20563517,20563518,20563738
"stage1_only","TS-RIGHT-TUNED","TS tuned K1cap in {2,5,15,25}, T1=60, T2=4, eta=0.5/L",4,20560517,3,1.2769828845976,0.685985299172742,0.268767522489018,6.78009010353296e-05,0.5,0.4,5,NA,60,4,NA,13,NA,NA,NA,NA,NA,NA,13,252,167,41,5,31,86,2,7,50.4,20.5,TRUE,0.000135601802070659,2.446731,20563517,20563518,20563738
"stage1_only","TS-RIGHT-TUNED","TS tuned K1cap in {2,5,15,25}, T1=70, T2=4, eta=0.5/L",4,20560517,3,1.27664705986629,0.686954401428941,0.269152075271071,6.78009010353296e-05,0.5,0.4,5,NA,70,4,NA,13,NA,NA,NA,NA,NA,NA,13,252,167,41,5,31,86,2,7,50.4,20.5,TRUE,0.000135601802070659,2.446731,20563517,20563518,20563738
"stage1_only","TS-RIGHT-TUNED","TS tuned K1cap in {2,5,15,25}, T1=80, T2=4, eta=0.5/L",4,20560517,3,1.27731499249613,0.687811105938965,0.268387126379713,6.78009010353296e-05,0.5,0.4,5,NA,80,4,NA,13,NA,NA,NA,NA,NA,NA,13,252,167,41,5,31,86,2,7,50.4,20.5,TRUE,0.000135601802070659,2.446731,20563517,20563518,20563738
"stage1_only","TS-RIGHT-TUNED","TS tuned K1cap in {2,5,15,25}, T1=90, T2=4, eta=0.5/L",4,20560517,3,1.27825202051845,0.688261776104564,0.267313321997756,6.78009010353296e-05,0.5,0.4,5,NA,90,4,NA,13,NA,NA,NA,NA,NA,NA,13,252,167,41,5,31,86,2,7,50.4,20.5,TRUE,0.000135601802070659,2.446731,20563517,20563518,20563738
"stage1_only","TS-RIGHT-TUNED","TS tuned K1cap in {2,5,15,25}, T1=100, T2=4, eta=0.5/L",4,20560517,3,1.27919542777703,0.688491472388933,0.266231411708442,6.78009010353296e-05,0.5,0.4,5,NA,100,4,NA,13,NA,NA,NA,NA,NA,NA,13,252,167,41,5,31,86,2,7,50.4,20.5,TRUE,0.000135601802070659,2.446731,20563517,20563518,20563738
"after_stage2","TS-RIGHT-TUNED","TS tuned K1cap in {2,5,15,25}, T1=0, T2=4, eta=0.5/L",4,20560517,4,0.5799787526859,0.459189919763767,0.105244784189965,6.40537188613249e-05,0.5,0.4,2,NA,0,4,NA,41,NA,NA,NA,NA,NA,NA,41,252,167,41,2,31,269,2,7,126,20.5,TRUE,0.00012810743772265,2.485022,20564517,20564518,20564738
"after_stage2","TS-RIGHT-TUNED","TS tuned K1cap in {2,5,15,25}, T1=10, T2=4, eta=0.5/L",4,20560517,4,0.566344667939131,0.458805368967801,0.146817962327394,6.40537188613249e-05,0.5,0.4,5,NA,10,4,NA,41,NA,NA,NA,NA,NA,NA,41,252,167,41,5,31,269,2,7,50.4,20.5,TRUE,0.00012810743772265,2.485022,20564517,20564518,20564738
"after_stage2","TS-RIGHT-TUNED","TS tuned K1cap in {2,5,15,25}, T1=20, T2=4, eta=0.5/L",4,20560517,4,0.570677260568124,0.461540462575064,0.133714177034784,6.40537188613249e-05,0.5,0.4,5,NA,20,4,NA,41,NA,NA,NA,NA,NA,NA,41,252,167,41,5,31,269,2,7,50.4,20.5,TRUE,0.00012810743772265,2.485022,20564517,20564518,20564738
"after_stage2","TS-RIGHT-TUNED","TS tuned K1cap in {2,5,15,25}, T1=30, T2=4, eta=0.5/L",4,20560517,4,0.571756490558062,0.457454769588322,0.130434545137657,6.40537188613249e-05,0.5,0.4,25,NA,30,4,NA,41,NA,NA,NA,NA,NA,NA,41,252,167,41,25,31,269,2,7,10.08,20.5,TRUE,0.00012810743772265,2.485022,20564517,20564518,20564738
"after_stage2","TS-RIGHT-TUNED","TS tuned K1cap in {2,5,15,25}, T1=40, T2=4, eta=0.5/L",4,20560517,4,0.573322737238653,0.459802672625303,0.125663914735701,6.40537188613249e-05,0.5,0.4,25,NA,40,4,NA,41,NA,NA,NA,NA,NA,NA,41,252,167,41,25,31,269,2,7,10.08,20.5,TRUE,0.00012810743772265,2.485022,20564517,20564518,20564738
"after_stage2","TS-RIGHT-TUNED","TS tuned K1cap in {2,5,15,25}, T1=50, T2=4, eta=0.5/L",4,20560517,4,0.572785922765324,0.460272418151227,0.127300467764015,6.40537188613249e-05,0.5,0.4,25,NA,50,4,NA,41,NA,NA,NA,NA,NA,NA,41,252,167,41,25,31,269,2,7,10.08,20.5,TRUE,0.00012810743772265,2.485022,20564517,20564518,20564738
"after_stage2","TS-RIGHT-TUNED","TS tuned K1cap in {2,5,15,25}, T1=60, T2=4, eta=0.5/L",4,20560517,4,0.575638639962679,0.46244758687936,0.118585992040908,6.40537188613249e-05,0.5,0.4,25,NA,60,4,NA,41,NA,NA,NA,NA,NA,NA,41,252,167,41,25,31,269,2,7,10.08,20.5,TRUE,0.00012810743772265,2.485022,20564517,20564518,20564738
"after_stage2","TS-RIGHT-TUNED","TS tuned K1cap in {2,5,15,25}, T1=70, T2=4, eta=0.5/L",4,20560517,4,0.57173588892758,0.465327463893373,0.130497208679666,6.40537188613249e-05,0.5,0.4,25,NA,70,4,NA,41,NA,NA,NA,NA,NA,NA,41,252,167,41,25,31,269,2,7,10.08,20.5,TRUE,0.00012810743772265,2.485022,20564517,20564518,20564738
"after_stage2","TS-RIGHT-TUNED","TS tuned K1cap in {2,5,15,25}, T1=80, T2=4, eta=0.5/L",4,20560517,4,0.572163001570937,0.46621090904369,0.129197607377649,6.40537188613249e-05,0.5,0.4,25,NA,80,4,NA,41,NA,NA,NA,NA,NA,NA,41,252,167,41,25,31,269,2,7,10.08,20.5,TRUE,0.00012810743772265,2.485022,20564517,20564518,20564738
"after_stage2","TS-RIGHT-TUNED","TS tuned K1cap in {2,5,15,25}, T1=90, T2=4, eta=0.5/L",4,20560517,4,0.577792175153272,0.469441177089469,0.111978698611742,6.40537188613249e-05,0.5,0.4,15,NA,90,4,NA,41,NA,NA,NA,NA,NA,NA,41,252,167,41,15,31,269,2,7,16.8,20.5,TRUE,0.00012810743772265,2.485022,20564517,20564518,20564738
"after_stage2","TS-RIGHT-TUNED","TS tuned K1cap in {2,5,15,25}, T1=100, T2=4, eta=0.5/L",4,20560517,4,0.581762252908885,0.475455544432032,0.0997333762418352,6.40537188613249e-05,0.5,0.4,25,NA,100,4,NA,41,NA,NA,NA,NA,NA,NA,41,252,167,41,25,31,269,2,7,10.08,20.5,TRUE,0.00012810743772265,2.485022,20564517,20564518,20564738
"stage1_only","TS-RIGHT-TUNED","TS tuned K1cap in {2,5,15,25}, T1=0, T2=4, eta=0.5/L",4,20560517,4,0.615872572125034,0.476540742857143,-0.00893177058684258,6.40537188613249e-05,0.5,0.4,2,NA,0,4,NA,41,NA,NA,NA,NA,NA,NA,0,252,167,41,2,31,269,2,7,126,20.5,TRUE,0.00012810743772265,2.485022,20564517,20564518,20564738
"stage1_only","TS-RIGHT-TUNED","TS tuned K1cap in {2,5,15,25}, T1=10, T2=4, eta=0.5/L",4,20560517,4,0.545732031837759,0.446755018002889,0.207792476572544,6.40537188613249e-05,0.5,0.4,5,NA,10,4,NA,41,NA,NA,NA,NA,NA,NA,41,252,167,41,5,31,269,2,7,50.4,20.5,TRUE,0.00012810743772265,2.485022,20564517,20564518,20564738
"stage1_only","TS-RIGHT-TUNED","TS tuned K1cap in {2,5,15,25}, T1=20, T2=4, eta=0.5/L",4,20560517,4,0.554426975342233,0.455354841018748,0.182347485976178,6.40537188613249e-05,0.5,0.4,5,NA,20,4,NA,41,NA,NA,NA,NA,NA,NA,41,252,167,41,5,31,269,2,7,50.4,20.5,TRUE,0.00012810743772265,2.485022,20564517,20564518,20564738
"stage1_only","TS-RIGHT-TUNED","TS tuned K1cap in {2,5,15,25}, T1=30, T2=4, eta=0.5/L",4,20560517,4,0.563310992504613,0.460493853228425,0.155933772420841,6.40537188613249e-05,0.5,0.4,5,NA,30,4,NA,41,NA,NA,NA,NA,NA,NA,41,252,167,41,5,31,269,2,7,50.4,20.5,TRUE,0.00012810743772265,2.485022,20564517,20564518,20564738
"stage1_only","TS-RIGHT-TUNED","TS tuned K1cap in {2,5,15,25}, T1=40, T2=4, eta=0.5/L",4,20560517,4,0.568771781403434,0.446578364077121,0.139489538667656,6.40537188613249e-05,0.5,0.4,25,NA,40,4,NA,41,NA,NA,NA,NA,NA,NA,41,252,167,41,25,31,269,2,7,10.08,20.5,TRUE,0.00012810743772265,2.485022,20564517,20564518,20564738
"stage1_only","TS-RIGHT-TUNED","TS tuned K1cap in {2,5,15,25}, T1=50, T2=4, eta=0.5/L",4,20560517,4,0.56859667730666,0.44809481907067,0.14001929671034,6.40537188613249e-05,0.5,0.4,25,NA,50,4,NA,41,NA,NA,NA,NA,NA,NA,41,252,167,41,25,31,269,2,7,10.08,20.5,TRUE,0.00012810743772265,2.485022,20564517,20564518,20564738
"stage1_only","TS-RIGHT-TUNED","TS tuned K1cap in {2,5,15,25}, T1=60, T2=4, eta=0.5/L",4,20560517,4,0.56912847150205,0.449412653711236,0.138409907734514,6.40537188613249e-05,0.5,0.4,25,NA,60,4,NA,41,NA,NA,NA,NA,NA,NA,41,252,167,41,25,31,269,2,7,10.08,20.5,TRUE,0.00012810743772265,2.485022,20564517,20564518,20564738
"stage1_only","TS-RIGHT-TUNED","TS tuned K1cap in {2,5,15,25}, T1=70, T2=4, eta=0.5/L",4,20560517,4,0.56978950864843,0.450440512260551,0.13640728848836,6.40537188613249e-05,0.5,0.4,25,NA,70,4,NA,41,NA,NA,NA,NA,NA,NA,41,252,167,41,25,31,269,2,7,10.08,20.5,TRUE,0.00012810743772265,2.485022,20564517,20564518,20564738
"stage1_only","TS-RIGHT-TUNED","TS tuned K1cap in {2,5,15,25}, T1=80, T2=4, eta=0.5/L",4,20560517,4,0.57061937884461,0.451889039914584,0.133889896577464,6.40537188613249e-05,0.5,0.4,25,NA,80,4,NA,41,NA,NA,NA,NA,NA,NA,41,252,167,41,25,31,269,2,7,10.08,20.5,TRUE,0.00012810743772265,2.485022,20564517,20564518,20564738
"stage1_only","TS-RIGHT-TUNED","TS tuned K1cap in {2,5,15,25}, T1=90, T2=4, eta=0.5/L",4,20560517,4,0.572050765251129,0.453826520109212,0.129539209576938,6.40537188613249e-05,0.5,0.4,25,NA,90,4,NA,41,NA,NA,NA,NA,NA,NA,41,252,167,41,25,31,269,2,7,10.08,20.5,TRUE,0.00012810743772265,2.485022,20564517,20564518,20564738
"stage1_only","TS-RIGHT-TUNED","TS tuned K1cap in {2,5,15,25}, T1=100, T2=4, eta=0.5/L",4,20560517,4,0.573422686024192,0.455673224896982,0.125359037773548,6.40537188613249e-05,0.5,0.4,25,NA,100,4,NA,41,NA,NA,NA,NA,NA,NA,41,252,167,41,25,31,269,2,7,10.08,20.5,TRUE,0.00012810743772265,2.485022,20564517,20564518,20564738
"after_stage2","TS-RIGHT-TUNED","TS tuned K1cap in {2,5,15,25}, T1=0, T2=4, eta=0.5/L",4,20560517,5,0.663422726932415,0.483186961631006,0.135621789218853,5.56521001987994e-05,0.5,0.4,2,NA,0,4,NA,23,NA,NA,NA,NA,NA,NA,23,252,168,42,2,31,151,2,7,126,21,TRUE,0.000111304200397599,2.4705925,20565517,20565518,20565738
"after_stage2","TS-RIGHT-TUNED","TS tuned K1cap in {2,5,15,25}, T1=10, T2=4, eta=0.5/L",4,20560517,5,0.65695057885452,0.483494235811948,0.152404739231695,5.56521001987994e-05,0.5,0.4,25,NA,10,4,NA,23,NA,NA,NA,NA,NA,NA,23,252,168,42,25,31,151,2,7,10.08,21,TRUE,0.000111304200397599,2.4705925,20565517,20565518,20565738
"after_stage2","TS-RIGHT-TUNED","TS tuned K1cap in {2,5,15,25}, T1=20, T2=4, eta=0.5/L",4,20560517,5,0.655427777245641,0.482733188557231,0.156329611312233,5.56521001987994e-05,0.5,0.4,25,NA,20,4,NA,23,NA,NA,NA,NA,NA,NA,23,252,168,42,25,31,151,2,7,10.08,21,TRUE,0.000111304200397599,2.4705925,20565517,20565518,20565738
"after_stage2","TS-RIGHT-TUNED","TS tuned K1cap in {2,5,15,25}, T1=30, T2=4, eta=0.5/L",4,20560517,5,0.656158379698361,0.483395220966199,0.15444769168974,5.56521001987994e-05,0.5,0.4,25,NA,30,4,NA,23,NA,NA,NA,NA,NA,NA,23,252,168,42,25,31,151,2,7,10.08,21,TRUE,0.000111304200397599,2.4705925,20565517,20565518,20565738
"after_stage2","TS-RIGHT-TUNED","TS tuned K1cap in {2,5,15,25}, T1=40, T2=4, eta=0.5/L",4,20560517,5,0.656640425561999,0.485857313814142,0.153204867625061,5.56521001987994e-05,0.5,0.4,25,NA,40,4,NA,23,NA,NA,NA,NA,NA,NA,23,252,168,42,25,31,151,2,7,10.08,21,TRUE,0.000111304200397599,2.4705925,20565517,20565518,20565738
"after_stage2","TS-RIGHT-TUNED","TS tuned K1cap in {2,5,15,25}, T1=50, T2=4, eta=0.5/L",4,20560517,5,0.656033893241288,0.484443117086494,0.154768497853116,5.56521001987994e-05,0.5,0.4,25,NA,50,4,NA,23,NA,NA,NA,NA,NA,NA,23,252,168,42,25,31,151,2,7,10.08,21,TRUE,0.000111304200397599,2.4705925,20565517,20565518,20565738
"after_stage2","TS-RIGHT-TUNED","TS tuned K1cap in {2,5,15,25}, T1=60, T2=4, eta=0.5/L",4,20560517,5,0.653299634306234,0.487004608795905,0.161799432307451,5.56521001987994e-05,0.5,0.4,25,NA,60,4,NA,23,NA,NA,NA,NA,NA,NA,23,252,168,42,25,31,151,2,7,10.08,21,TRUE,0.000111304200397599,2.4705925,20565517,20565518,20565738
"after_stage2","TS-RIGHT-TUNED","TS tuned K1cap in {2,5,15,25}, T1=70, T2=4, eta=0.5/L",4,20560517,5,0.650870715349453,0.485240279615215,0.168020579360417,5.56521001987994e-05,0.5,0.4,25,NA,70,4,NA,23,NA,NA,NA,NA,NA,NA,23,252,168,42,25,31,151,2,7,10.08,21,TRUE,0.000111304200397599,2.4705925,20565517,20565518,20565738
"after_stage2","TS-RIGHT-TUNED","TS tuned K1cap in {2,5,15,25}, T1=80, T2=4, eta=0.5/L",4,20560517,5,0.650614543375014,0.485352762738139,0.168675357225402,5.56521001987994e-05,0.5,0.4,25,NA,80,4,NA,23,NA,NA,NA,NA,NA,NA,23,252,168,42,25,31,151,2,7,10.08,21,TRUE,0.000111304200397599,2.4705925,20565517,20565518,20565738
"after_stage2","TS-RIGHT-TUNED","TS tuned K1cap in {2,5,15,25}, T1=90, T2=4, eta=0.5/L",4,20560517,5,0.649953659384998,0.487705315520293,0.170363392366746,5.56521001987994e-05,0.5,0.4,25,NA,90,4,NA,23,NA,NA,NA,NA,NA,NA,23,252,168,42,25,31,151,2,7,10.08,21,TRUE,0.000111304200397599,2.4705925,20565517,20565518,20565738
"after_stage2","TS-RIGHT-TUNED","TS tuned K1cap in {2,5,15,25}, T1=100, T2=4, eta=0.5/L",4,20560517,5,0.649690460636676,0.487526304067259,0.171035179043331,5.56521001987994e-05,0.5,0.4,25,NA,100,4,NA,23,NA,NA,NA,NA,NA,NA,23,252,168,42,25,31,151,2,7,10.08,21,TRUE,0.000111304200397599,2.4705925,20565517,20565518,20565738
"stage1_only","TS-RIGHT-TUNED","TS tuned K1cap in {2,5,15,25}, T1=0, T2=4, eta=0.5/L",4,20560517,5,0.719362035043324,0.512318038461538,-0.016291160288836,5.56521001987994e-05,0.5,0.4,2,NA,0,4,NA,23,NA,NA,NA,NA,NA,NA,0,252,168,42,2,31,151,2,7,126,21,TRUE,0.000111304200397599,2.4705925,20565517,20565518,20565738
"stage1_only","TS-RIGHT-TUNED","TS tuned K1cap in {2,5,15,25}, T1=10, T2=4, eta=0.5/L",4,20560517,5,0.645801525230566,0.462422126153026,0.180929558933727,5.56521001987994e-05,0.5,0.4,5,NA,10,4,NA,23,NA,NA,NA,NA,NA,NA,23,252,168,42,5,31,151,2,7,50.4,21,TRUE,0.000111304200397599,2.4705925,20565517,20565518,20565738
"stage1_only","TS-RIGHT-TUNED","TS tuned K1cap in {2,5,15,25}, T1=20, T2=4, eta=0.5/L",4,20560517,5,0.652204477946578,0.461249566081762,0.164607305522928,5.56521001987994e-05,0.5,0.4,25,NA,20,4,NA,23,NA,NA,NA,NA,NA,NA,23,252,168,42,25,31,151,2,7,10.08,21,TRUE,0.000111304200397599,2.4705925,20565517,20565518,20565738
"stage1_only","TS-RIGHT-TUNED","TS tuned K1cap in {2,5,15,25}, T1=30, T2=4, eta=0.5/L",4,20560517,5,0.649299071102937,0.460036694980916,0.172033655846154,5.56521001987994e-05,0.5,0.4,25,NA,30,4,NA,23,NA,NA,NA,NA,NA,NA,23,252,168,42,25,31,151,2,7,10.08,21,TRUE,0.000111304200397599,2.4705925,20565517,20565518,20565738
"stage1_only","TS-RIGHT-TUNED","TS tuned K1cap in {2,5,15,25}, T1=40, T2=4, eta=0.5/L",4,20560517,5,0.647987023267603,0.459933440249285,0.175376441675356,5.56521001987994e-05,0.5,0.4,25,NA,40,4,NA,23,NA,NA,NA,NA,NA,NA,23,252,168,42,25,31,151,2,7,10.08,21,TRUE,0.000111304200397599,2.4705925,20565517,20565518,20565738
"stage1_only","TS-RIGHT-TUNED","TS tuned K1cap in {2,5,15,25}, T1=50, T2=4, eta=0.5/L",4,20560517,5,0.647637708300201,0.460039491752409,0.176265273394422,5.56521001987994e-05,0.5,0.4,25,NA,50,4,NA,23,NA,NA,NA,NA,NA,NA,23,252,168,42,25,31,151,2,7,10.08,21,TRUE,0.000111304200397599,2.4705925,20565517,20565518,20565738
"stage1_only","TS-RIGHT-TUNED","TS tuned K1cap in {2,5,15,25}, T1=60, T2=4, eta=0.5/L",4,20560517,5,0.64734168306951,0.460433413329154,0.177018134230535,5.56521001987994e-05,0.5,0.4,25,NA,60,4,NA,23,NA,NA,NA,NA,NA,NA,23,252,168,42,25,31,151,2,7,10.08,21,TRUE,0.000111304200397599,2.4705925,20565517,20565518,20565738
"stage1_only","TS-RIGHT-TUNED","TS tuned K1cap in {2,5,15,25}, T1=70, T2=4, eta=0.5/L",4,20560517,5,0.646174984727814,0.461213227859271,0.17998196723757,5.56521001987994e-05,0.5,0.4,25,NA,70,4,NA,23,NA,NA,NA,NA,NA,NA,23,252,168,42,25,31,151,2,7,10.08,21,TRUE,0.000111304200397599,2.4705925,20565517,20565518,20565738
"stage1_only","TS-RIGHT-TUNED","TS tuned K1cap in {2,5,15,25}, T1=80, T2=4, eta=0.5/L",4,20560517,5,0.644219098581266,0.461710975257662,0.184938626375409,5.56521001987994e-05,0.5,0.4,25,NA,80,4,NA,23,NA,NA,NA,NA,NA,NA,23,252,168,42,25,31,151,2,7,10.08,21,TRUE,0.000111304200397599,2.4705925,20565517,20565518,20565738
"stage1_only","TS-RIGHT-TUNED","TS tuned K1cap in {2,5,15,25}, T1=90, T2=4, eta=0.5/L",4,20560517,5,0.642592638995343,0.462036614297864,0.189049001044869,5.56521001987994e-05,0.5,0.4,25,NA,90,4,NA,23,NA,NA,NA,NA,NA,NA,23,252,168,42,25,31,151,2,7,10.08,21,TRUE,0.000111304200397599,2.4705925,20565517,20565518,20565738
"stage1_only","TS-RIGHT-TUNED","TS tuned K1cap in {2,5,15,25}, T1=100, T2=4, eta=0.5/L",4,20560517,5,0.641394591652005,0.462217765658854,0.192070050296564,5.56521001987994e-05,0.5,0.4,25,NA,100,4,NA,23,NA,NA,NA,NA,NA,NA,23,252,168,42,25,31,151,2,7,10.08,21,TRUE,0.000111304200397599,2.4705925,20565517,20565518,20565738
"after_stage2","TS-RIGHT-TUNED","TS tuned K1cap in {2,5,15,25}, T1=0, T2=4, eta=0.5/L",5,20660517,1,0.625765954421356,0.494368846459683,0.140701449492805,6.47226625390657e-05,0.5,0.4,2,NA,0,4,NA,16,NA,NA,NA,NA,NA,NA,16,252,167,41,2,31,105,2,7,126,20.5,TRUE,0.000129445325078131,2.465694,20661517,20661518,20661738
"after_stage2","TS-RIGHT-TUNED","TS tuned K1cap in {2,5,15,25}, T1=10, T2=4, eta=0.5/L",5,20660517,1,0.616296575043819,0.488348858705546,0.166511282431765,6.47226625390657e-05,0.5,0.4,15,NA,10,4,NA,16,NA,NA,NA,NA,NA,NA,16,252,167,41,15,31,105,2,7,16.8,20.5,TRUE,0.000129445325078131,2.465694,20661517,20661518,20661738
"after_stage2","TS-RIGHT-TUNED","TS tuned K1cap in {2,5,15,25}, T1=20, T2=4, eta=0.5/L",5,20660517,1,0.613309348232764,0.488926799118646,0.174571641001483,6.47226625390657e-05,0.5,0.4,15,NA,20,4,NA,16,NA,NA,NA,NA,NA,NA,16,252,167,41,15,31,105,2,7,16.8,20.5,TRUE,0.000129445325078131,2.465694,20661517,20661518,20661738
"after_stage2","TS-RIGHT-TUNED","TS tuned K1cap in {2,5,15,25}, T1=30, T2=4, eta=0.5/L",5,20660517,1,0.611124607950849,0.486251030902813,0.180441874794688,6.47226625390657e-05,0.5,0.4,15,NA,30,4,NA,16,NA,NA,NA,NA,NA,NA,16,252,167,41,15,31,105,2,7,16.8,20.5,TRUE,0.000129445325078131,2.465694,20661517,20661518,20661738
"after_stage2","TS-RIGHT-TUNED","TS tuned K1cap in {2,5,15,25}, T1=40, T2=4, eta=0.5/L",5,20660517,1,0.608869928372317,0.484049226770525,0.186478065245725,6.47226625390657e-05,0.5,0.4,15,NA,40,4,NA,16,NA,NA,NA,NA,NA,NA,16,252,167,41,15,31,105,2,7,16.8,20.5,TRUE,0.000129445325078131,2.465694,20661517,20661518,20661738
"after_stage2","TS-RIGHT-TUNED","TS tuned K1cap in {2,5,15,25}, T1=50, T2=4, eta=0.5/L",5,20660517,1,0.609355134955632,0.48446685120859,0.185180962340612,6.47226625390657e-05,0.5,0.4,15,NA,50,4,NA,16,NA,NA,NA,NA,NA,NA,16,252,167,41,15,31,105,2,7,16.8,20.5,TRUE,0.000129445325078131,2.465694,20661517,20661518,20661738
"after_stage2","TS-RIGHT-TUNED","TS tuned K1cap in {2,5,15,25}, T1=60, T2=4, eta=0.5/L",5,20660517,1,0.609925929551702,0.48494244412024,0.183653734265759,6.47226625390657e-05,0.5,0.4,15,NA,60,4,NA,16,NA,NA,NA,NA,NA,NA,16,252,167,41,15,31,105,2,7,16.8,20.5,TRUE,0.000129445325078131,2.465694,20661517,20661518,20661738
"after_stage2","TS-RIGHT-TUNED","TS tuned K1cap in {2,5,15,25}, T1=70, T2=4, eta=0.5/L",5,20660517,1,0.610273092663326,0.485138860319216,0.182724159208763,6.47226625390657e-05,0.5,0.4,15,NA,70,4,NA,16,NA,NA,NA,NA,NA,NA,16,252,167,41,15,31,105,2,7,16.8,20.5,TRUE,0.000129445325078131,2.465694,20661517,20661518,20661738
"after_stage2","TS-RIGHT-TUNED","TS tuned K1cap in {2,5,15,25}, T1=80, T2=4, eta=0.5/L",5,20660517,1,0.610611350497563,0.485331637021909,0.181817920432833,6.47226625390657e-05,0.5,0.4,15,NA,80,4,NA,16,NA,NA,NA,NA,NA,NA,16,252,167,41,15,31,105,2,7,16.8,20.5,TRUE,0.000129445325078131,2.465694,20661517,20661518,20661738
"after_stage2","TS-RIGHT-TUNED","TS tuned K1cap in {2,5,15,25}, T1=90, T2=4, eta=0.5/L",5,20660517,1,0.610852785674858,0.485435063787394,0.181170775605144,6.47226625390657e-05,0.5,0.4,15,NA,90,4,NA,16,NA,NA,NA,NA,NA,NA,16,252,167,41,15,31,105,2,7,16.8,20.5,TRUE,0.000129445325078131,2.465694,20661517,20661518,20661738
"after_stage2","TS-RIGHT-TUNED","TS tuned K1cap in {2,5,15,25}, T1=100, T2=4, eta=0.5/L",5,20660517,1,0.611039468064004,0.485498467342301,0.180670215216846,6.47226625390657e-05,0.5,0.4,15,NA,100,4,NA,16,NA,NA,NA,NA,NA,NA,16,252,167,41,15,31,105,2,7,16.8,20.5,TRUE,0.000129445325078131,2.465694,20661517,20661518,20661738
"stage1_only","TS-RIGHT-TUNED","TS tuned K1cap in {2,5,15,25}, T1=0, T2=4, eta=0.5/L",5,20660517,1,0.675350253026757,0.515735019047619,-0.000871564500942501,6.47226625390657e-05,0.5,0.4,2,NA,0,4,NA,16,NA,NA,NA,NA,NA,NA,0,252,167,41,2,31,105,2,7,126,20.5,TRUE,0.000129445325078131,2.465694,20661517,20661518,20661738
"stage1_only","TS-RIGHT-TUNED","TS tuned K1cap in {2,5,15,25}, T1=10, T2=4, eta=0.5/L",5,20660517,1,0.607968784580545,0.49087564234157,0.188884351721205,6.47226625390657e-05,0.5,0.4,2,NA,10,4,NA,16,NA,NA,NA,NA,NA,NA,16,252,167,41,2,31,105,2,7,126,20.5,TRUE,0.000129445325078131,2.465694,20661517,20661518,20661738
"stage1_only","TS-RIGHT-TUNED","TS tuned K1cap in {2,5,15,25}, T1=20, T2=4, eta=0.5/L",5,20660517,1,0.60495993542361,0.465667117133773,0.196892938986439,6.47226625390657e-05,0.5,0.4,15,NA,20,4,NA,16,NA,NA,NA,NA,NA,NA,16,252,167,41,15,31,105,2,7,16.8,20.5,TRUE,0.000129445325078131,2.465694,20661517,20661518,20661738
"stage1_only","TS-RIGHT-TUNED","TS tuned K1cap in {2,5,15,25}, T1=30, T2=4, eta=0.5/L",5,20660517,1,0.602140353697103,0.462724094060754,0.20436169475728,6.47226625390657e-05,0.5,0.4,15,NA,30,4,NA,16,NA,NA,NA,NA,NA,NA,16,252,167,41,15,31,105,2,7,16.8,20.5,TRUE,0.000129445325078131,2.465694,20661517,20661518,20661738
"stage1_only","TS-RIGHT-TUNED","TS tuned K1cap in {2,5,15,25}, T1=40, T2=4, eta=0.5/L",5,20660517,1,0.601390629249014,0.461473445660863,0.206341758471279,6.47226625390657e-05,0.5,0.4,15,NA,40,4,NA,16,NA,NA,NA,NA,NA,NA,16,252,167,41,15,31,105,2,7,16.8,20.5,TRUE,0.000129445325078131,2.465694,20661517,20661518,20661738
"stage1_only","TS-RIGHT-TUNED","TS tuned K1cap in {2,5,15,25}, T1=50, T2=4, eta=0.5/L",5,20660517,1,0.601644577992614,0.461202662063487,0.205671342081848,6.47226625390657e-05,0.5,0.4,15,NA,50,4,NA,16,NA,NA,NA,NA,NA,NA,16,252,167,41,15,31,105,2,7,16.8,20.5,TRUE,0.000129445325078131,2.465694,20661517,20661518,20661738
"stage1_only","TS-RIGHT-TUNED","TS tuned K1cap in {2,5,15,25}, T1=60, T2=4, eta=0.5/L",5,20660517,1,0.602553873771057,0.461246146429584,0.203268509809647,6.47226625390657e-05,0.5,0.4,15,NA,60,4,NA,16,NA,NA,NA,NA,NA,NA,16,252,167,41,15,31,105,2,7,16.8,20.5,TRUE,0.000129445325078131,2.465694,20661517,20661518,20661738
"stage1_only","TS-RIGHT-TUNED","TS tuned K1cap in {2,5,15,25}, T1=70, T2=4, eta=0.5/L",5,20660517,1,0.603796980572782,0.461499993122207,0.199977703693345,6.47226625390657e-05,0.5,0.4,15,NA,70,4,NA,16,NA,NA,NA,NA,NA,NA,16,252,167,41,15,31,105,2,7,16.8,20.5,TRUE,0.000129445325078131,2.465694,20661517,20661518,20661738
"stage1_only","TS-RIGHT-TUNED","TS tuned K1cap in {2,5,15,25}, T1=80, T2=4, eta=0.5/L",5,20660517,1,0.604365134178085,0.461629162196847,0.198471404661404,6.47226625390657e-05,0.5,0.4,15,NA,80,4,NA,16,NA,NA,NA,NA,NA,NA,16,252,167,41,15,31,105,2,7,16.8,20.5,TRUE,0.000129445325078131,2.465694,20661517,20661518,20661738
"stage1_only","TS-RIGHT-TUNED","TS tuned K1cap in {2,5,15,25}, T1=90, T2=4, eta=0.5/L",5,20660517,1,0.6045602251586,0.461716218187591,0.197953849199457,6.47226625390657e-05,0.5,0.4,15,NA,90,4,NA,16,NA,NA,NA,NA,NA,NA,16,252,167,41,15,31,105,2,7,16.8,20.5,TRUE,0.000129445325078131,2.465694,20661517,20661518,20661738
"stage1_only","TS-RIGHT-TUNED","TS tuned K1cap in {2,5,15,25}, T1=100, T2=4, eta=0.5/L",5,20660517,1,0.604602337108565,0.461820513275282,0.197842108789397,6.47226625390657e-05,0.5,0.4,15,NA,100,4,NA,16,NA,NA,NA,NA,NA,NA,16,252,167,41,15,31,105,2,7,16.8,20.5,TRUE,0.000129445325078131,2.465694,20661517,20661518,20661738
"after_stage2","TS-RIGHT-TUNED","TS tuned K1cap in {2,5,15,25}, T1=0, T2=4, eta=0.5/L",5,20660517,2,0.868048610103597,0.489249066081623,0.199064944923625,6.21382125634771e-05,0.5,0.4,2,NA,0,4,NA,18,NA,NA,NA,NA,NA,NA,18,252,167,41,2,31,118,2,7,126,20.5,TRUE,0.000124276425126954,2.469759,20662517,20662518,20662738
"after_stage2","TS-RIGHT-TUNED","TS tuned K1cap in {2,5,15,25}, T1=10, T2=4, eta=0.5/L",5,20660517,2,0.816663237196824,0.49626533036192,0.291083276067719,6.21382125634771e-05,0.5,0.4,2,NA,10,4,NA,18,NA,NA,NA,NA,NA,NA,18,252,167,41,2,31,118,2,7,126,20.5,TRUE,0.000124276425126954,2.469759,20662517,20662518,20662738
"after_stage2","TS-RIGHT-TUNED","TS tuned K1cap in {2,5,15,25}, T1=20, T2=4, eta=0.5/L",5,20660517,2,0.796593421000729,0.504213802074253,0.325498933597412,6.21382125634771e-05,0.5,0.4,2,NA,20,4,NA,18,NA,NA,NA,NA,NA,NA,18,252,167,41,2,31,118,2,7,126,20.5,TRUE,0.000124276425126954,2.469759,20662517,20662518,20662738
"after_stage2","TS-RIGHT-TUNED","TS tuned K1cap in {2,5,15,25}, T1=30, T2=4, eta=0.5/L",5,20660517,2,0.790532134939068,0.508740354662853,0.335724450613565,6.21382125634771e-05,0.5,0.4,2,NA,30,4,NA,18,NA,NA,NA,NA,NA,NA,18,252,167,41,2,31,118,2,7,126,20.5,TRUE,0.000124276425126954,2.469759,20662517,20662518,20662738
"after_stage2","TS-RIGHT-TUNED","TS tuned K1cap in {2,5,15,25}, T1=40, T2=4, eta=0.5/L",5,20660517,2,0.791184717148304,0.515726034346751,0.334627282489357,6.21382125634771e-05,0.5,0.4,2,NA,40,4,NA,18,NA,NA,NA,NA,NA,NA,18,252,167,41,2,31,118,2,7,126,20.5,TRUE,0.000124276425126954,2.469759,20662517,20662518,20662738
"after_stage2","TS-RIGHT-TUNED","TS tuned K1cap in {2,5,15,25}, T1=50, T2=4, eta=0.5/L",5,20660517,2,0.791245307814466,0.521331738910241,0.334525367174142,6.21382125634771e-05,0.5,0.4,2,NA,50,4,NA,18,NA,NA,NA,NA,NA,NA,18,252,167,41,2,31,118,2,7,126,20.5,TRUE,0.000124276425126954,2.469759,20662517,20662518,20662738
"after_stage2","TS-RIGHT-TUNED","TS tuned K1cap in {2,5,15,25}, T1=60, T2=4, eta=0.5/L",5,20660517,2,0.793004034871329,0.525652978381076,0.331563734514537,6.21382125634771e-05,0.5,0.4,2,NA,60,4,NA,18,NA,NA,NA,NA,NA,NA,18,252,167,41,2,31,118,2,7,126,20.5,TRUE,0.000124276425126954,2.469759,20662517,20662518,20662738
"after_stage2","TS-RIGHT-TUNED","TS tuned K1cap in {2,5,15,25}, T1=70, T2=4, eta=0.5/L",5,20660517,2,0.793387636182209,0.52842972767802,0.330916890276738,6.21382125634771e-05,0.5,0.4,2,NA,70,4,NA,18,NA,NA,NA,NA,NA,NA,18,252,167,41,2,31,118,2,7,126,20.5,TRUE,0.000124276425126954,2.469759,20662517,20662518,20662738
"after_stage2","TS-RIGHT-TUNED","TS tuned K1cap in {2,5,15,25}, T1=80, T2=4, eta=0.5/L",5,20660517,2,0.7939043252148,0.530596178738567,0.330045133624542,6.21382125634771e-05,0.5,0.4,2,NA,80,4,NA,18,NA,NA,NA,NA,NA,NA,18,252,167,41,2,31,118,2,7,126,20.5,TRUE,0.000124276425126954,2.469759,20662517,20662518,20662738
"after_stage2","TS-RIGHT-TUNED","TS tuned K1cap in {2,5,15,25}, T1=90, T2=4, eta=0.5/L",5,20660517,2,0.79425507174257,0.532146188528065,0.329453031418619,6.21382125634771e-05,0.5,0.4,2,NA,90,4,NA,18,NA,NA,NA,NA,NA,NA,18,252,167,41,2,31,118,2,7,126,20.5,TRUE,0.000124276425126954,2.469759,20662517,20662518,20662738
"after_stage2","TS-RIGHT-TUNED","TS tuned K1cap in {2,5,15,25}, T1=100, T2=4, eta=0.5/L",5,20660517,2,0.794446664029413,0.533244337263674,0.329129490211648,6.21382125634771e-05,0.5,0.4,2,NA,100,4,NA,18,NA,NA,NA,NA,NA,NA,18,252,167,41,2,31,118,2,7,126,20.5,TRUE,0.000124276425126954,2.469759,20662517,20662518,20662738
"stage1_only","TS-RIGHT-TUNED","TS tuned K1cap in {2,5,15,25}, T1=0, T2=4, eta=0.5/L",5,20660517,2,0.975973212101946,0.533752057142857,-0.0124766244832177,6.21382125634771e-05,0.5,0.4,2,NA,0,4,NA,18,NA,NA,NA,NA,NA,NA,0,252,167,41,2,31,118,2,7,126,20.5,TRUE,0.000124276425126954,2.469759,20662517,20662518,20662738
"stage1_only","TS-RIGHT-TUNED","TS tuned K1cap in {2,5,15,25}, T1=10, T2=4, eta=0.5/L",5,20660517,2,0.801145242169627,0.494529374892438,0.317768566002929,6.21382125634771e-05,0.5,0.4,2,NA,10,4,NA,18,NA,NA,NA,NA,NA,NA,18,252,167,41,2,31,118,2,7,126,20.5,TRUE,0.000124276425126954,2.469759,20662517,20662518,20662738
"stage1_only","TS-RIGHT-TUNED","TS tuned K1cap in {2,5,15,25}, T1=20, T2=4, eta=0.5/L",5,20660517,2,0.783084823661546,0.5047459784443,0.348181286529885,6.21382125634771e-05,0.5,0.4,2,NA,20,4,NA,18,NA,NA,NA,NA,NA,NA,18,252,167,41,2,31,118,2,7,126,20.5,TRUE,0.000124276425126954,2.469759,20662517,20662518,20662738
"stage1_only","TS-RIGHT-TUNED","TS tuned K1cap in {2,5,15,25}, T1=30, T2=4, eta=0.5/L",5,20660517,2,0.781829088722267,0.513731323841159,0.350270090285783,6.21382125634771e-05,0.5,0.4,2,NA,30,4,NA,18,NA,NA,NA,NA,NA,NA,18,252,167,41,2,31,118,2,7,126,20.5,TRUE,0.000124276425126954,2.469759,20662517,20662518,20662738
"stage1_only","TS-RIGHT-TUNED","TS tuned K1cap in {2,5,15,25}, T1=40, T2=4, eta=0.5/L",5,20660517,2,0.785760240495169,0.522107693985819,0.343719788340548,6.21382125634771e-05,0.5,0.4,2,NA,40,4,NA,18,NA,NA,NA,NA,NA,NA,18,252,167,41,2,31,118,2,7,126,20.5,TRUE,0.000124276425126954,2.469759,20662517,20662518,20662738
"stage1_only","TS-RIGHT-TUNED","TS tuned K1cap in {2,5,15,25}, T1=50, T2=4, eta=0.5/L",5,20660517,2,0.79052933064495,0.5278218705795,0.335729163440861,6.21382125634771e-05,0.5,0.4,2,NA,50,4,NA,18,NA,NA,NA,NA,NA,NA,18,252,167,41,2,31,118,2,7,126,20.5,TRUE,0.000124276425126954,2.469759,20662517,20662518,20662738
"stage1_only","TS-RIGHT-TUNED","TS tuned K1cap in {2,5,15,25}, T1=60, T2=4, eta=0.5/L",5,20660517,2,0.794853850715,0.531762554849836,0.328441616356703,6.21382125634771e-05,0.5,0.4,2,NA,60,4,NA,18,NA,NA,NA,NA,NA,NA,18,252,167,41,2,31,118,2,7,126,20.5,TRUE,0.000124276425126954,2.469759,20662517,20662518,20662738
"stage1_only","TS-RIGHT-TUNED","TS tuned K1cap in {2,5,15,25}, T1=70, T2=4, eta=0.5/L",5,20660517,2,0.798406792247967,0.53470314874374,0.32242455972362,6.21382125634771e-05,0.5,0.4,2,NA,70,4,NA,18,NA,NA,NA,NA,NA,NA,18,252,167,41,2,31,118,2,7,126,20.5,TRUE,0.000124276425126954,2.469759,20662517,20662518,20662738
"stage1_only","TS-RIGHT-TUNED","TS tuned K1cap in {2,5,15,25}, T1=80, T2=4, eta=0.5/L",5,20660517,2,0.801186747099605,0.537215020641029,0.317697875446738,6.21382125634771e-05,0.5,0.4,2,NA,80,4,NA,18,NA,NA,NA,NA,NA,NA,18,252,167,41,2,31,118,2,7,126,20.5,TRUE,0.000124276425126954,2.469759,20662517,20662518,20662738
"stage1_only","TS-RIGHT-TUNED","TS tuned K1cap in {2,5,15,25}, T1=90, T2=4, eta=0.5/L",5,20660517,2,0.80329631476327,0.539097066546483,0.314100068909515,6.21382125634771e-05,0.5,0.4,2,NA,90,4,NA,18,NA,NA,NA,NA,NA,NA,18,252,167,41,2,31,118,2,7,126,20.5,TRUE,0.000124276425126954,2.469759,20662517,20662518,20662738
"stage1_only","TS-RIGHT-TUNED","TS tuned K1cap in {2,5,15,25}, T1=100, T2=4, eta=0.5/L",5,20660517,2,0.80485925139821,0.54043387367481,0.311428424589407,6.21382125634771e-05,0.5,0.4,2,NA,100,4,NA,18,NA,NA,NA,NA,NA,NA,18,252,167,41,2,31,118,2,7,126,20.5,TRUE,0.000124276425126954,2.469759,20662517,20662518,20662738
"after_stage2","TS-RIGHT-TUNED","TS tuned K1cap in {2,5,15,25}, T1=0, T2=4, eta=0.5/L",5,20660517,3,1.26814271941244,0.614740401119293,0.0673472216216489,6.08830230911972e-05,0.5,0.4,2,NA,0,4,NA,29,NA,NA,NA,NA,NA,NA,29,252,167,41,2,31,190,2,7,126,20.5,TRUE,0.000121766046182394,2.475555,20663517,20663518,20663738
"after_stage2","TS-RIGHT-TUNED","TS tuned K1cap in {2,5,15,25}, T1=10, T2=4, eta=0.5/L",5,20660517,3,1.17253921403751,0.593976310978826,0.202669320644273,6.08830230911972e-05,0.5,0.4,2,NA,10,4,NA,29,NA,NA,NA,NA,NA,NA,29,252,167,41,2,31,190,2,7,126,20.5,TRUE,0.000121766046182394,2.475555,20663517,20663518,20663738
"after_stage2","TS-RIGHT-TUNED","TS tuned K1cap in {2,5,15,25}, T1=20, T2=4, eta=0.5/L",5,20660517,3,1.15865290458146,0.602048761675665,0.221442966812891,6.08830230911972e-05,0.5,0.4,2,NA,20,4,NA,29,NA,NA,NA,NA,NA,NA,29,252,167,41,2,31,190,2,7,126,20.5,TRUE,0.000121766046182394,2.475555,20663517,20663518,20663738
"after_stage2","TS-RIGHT-TUNED","TS tuned K1cap in {2,5,15,25}, T1=30, T2=4, eta=0.5/L",5,20660517,3,1.15204113092076,0.607730284523894,0.230303179442267,6.08830230911972e-05,0.5,0.4,2,NA,30,4,NA,29,NA,NA,NA,NA,NA,NA,29,252,167,41,2,31,190,2,7,126,20.5,TRUE,0.000121766046182394,2.475555,20663517,20663518,20663738
"after_stage2","TS-RIGHT-TUNED","TS tuned K1cap in {2,5,15,25}, T1=40, T2=4, eta=0.5/L",5,20660517,3,1.14862685254766,0.611951621745014,0.234858685189526,6.08830230911972e-05,0.5,0.4,2,NA,40,4,NA,29,NA,NA,NA,NA,NA,NA,29,252,167,41,2,31,190,2,7,126,20.5,TRUE,0.000121766046182394,2.475555,20663517,20663518,20663738
"after_stage2","TS-RIGHT-TUNED","TS tuned K1cap in {2,5,15,25}, T1=50, T2=4, eta=0.5/L",5,20660517,3,1.15216514979676,0.61933746581811,0.230137452594456,6.08830230911972e-05,0.5,0.4,2,NA,50,4,NA,29,NA,NA,NA,NA,NA,NA,29,252,167,41,2,31,190,2,7,126,20.5,TRUE,0.000121766046182394,2.475555,20663517,20663518,20663738
"after_stage2","TS-RIGHT-TUNED","TS tuned K1cap in {2,5,15,25}, T1=60, T2=4, eta=0.5/L",5,20660517,3,1.15094431137345,0.621020774198672,0.231768086587751,6.08830230911972e-05,0.5,0.4,2,NA,60,4,NA,29,NA,NA,NA,NA,NA,NA,29,252,167,41,2,31,190,2,7,126,20.5,TRUE,0.000121766046182394,2.475555,20663517,20663518,20663738
"after_stage2","TS-RIGHT-TUNED","TS tuned K1cap in {2,5,15,25}, T1=70, T2=4, eta=0.5/L",5,20660517,3,1.14686493539148,0.62269865398746,0.237204236569696,6.08830230911972e-05,0.5,0.4,2,NA,70,4,NA,29,NA,NA,NA,NA,NA,NA,29,252,167,41,2,31,190,2,7,126,20.5,TRUE,0.000121766046182394,2.475555,20663517,20663518,20663738
"after_stage2","TS-RIGHT-TUNED","TS tuned K1cap in {2,5,15,25}, T1=80, T2=4, eta=0.5/L",5,20660517,3,1.15341079193129,0.627220541849322,0.228471907311932,6.08830230911972e-05,0.5,0.4,2,NA,80,4,NA,29,NA,NA,NA,NA,NA,NA,29,252,167,41,2,31,190,2,7,126,20.5,TRUE,0.000121766046182394,2.475555,20663517,20663518,20663738
"after_stage2","TS-RIGHT-TUNED","TS tuned K1cap in {2,5,15,25}, T1=90, T2=4, eta=0.5/L",5,20660517,3,1.15121197253933,0.629572381765348,0.231410728273303,6.08830230911972e-05,0.5,0.4,2,NA,90,4,NA,29,NA,NA,NA,NA,NA,NA,29,252,167,41,2,31,190,2,7,126,20.5,TRUE,0.000121766046182394,2.475555,20663517,20663518,20663738
"after_stage2","TS-RIGHT-TUNED","TS tuned K1cap in {2,5,15,25}, T1=100, T2=4, eta=0.5/L",5,20660517,3,1.14902207217837,0.632421169935912,0.234332054818791,6.08830230911972e-05,0.5,0.4,2,NA,100,4,NA,29,NA,NA,NA,NA,NA,NA,29,252,167,41,2,31,190,2,7,126,20.5,TRUE,0.000121766046182394,2.475555,20663517,20663518,20663738
"stage1_only","TS-RIGHT-TUNED","TS tuned K1cap in {2,5,15,25}, T1=0, T2=4, eta=0.5/L",5,20660517,3,1.33118836264668,0.649650904761905,-0.0276914599647498,6.08830230911972e-05,0.5,0.4,2,NA,0,4,NA,29,NA,NA,NA,NA,NA,NA,0,252,167,41,2,31,190,2,7,126,20.5,TRUE,0.000121766046182394,2.475555,20663517,20663518,20663738
"stage1_only","TS-RIGHT-TUNED","TS tuned K1cap in {2,5,15,25}, T1=10, T2=4, eta=0.5/L",5,20660517,3,1.14268408509614,0.606740684871261,0.242755582439085,6.08830230911972e-05,0.5,0.4,2,NA,10,4,NA,29,NA,NA,NA,NA,NA,NA,29,252,167,41,2,31,190,2,7,126,20.5,TRUE,0.000121766046182394,2.475555,20663517,20663518,20663738
"stage1_only","TS-RIGHT-TUNED","TS tuned K1cap in {2,5,15,25}, T1=20, T2=4, eta=0.5/L",5,20660517,3,1.12145069723941,0.610603453369315,0.270636386367996,6.08830230911972e-05,0.5,0.4,2,NA,20,4,NA,29,NA,NA,NA,NA,NA,NA,29,252,167,41,2,31,190,2,7,126,20.5,TRUE,0.000121766046182394,2.475555,20663517,20663518,20663738
"stage1_only","TS-RIGHT-TUNED","TS tuned K1cap in {2,5,15,25}, T1=30, T2=4, eta=0.5/L",5,20660517,3,1.11704310148323,0.611822817863485,0.276358301009251,6.08830230911972e-05,0.5,0.4,2,NA,30,4,NA,29,NA,NA,NA,NA,NA,NA,29,252,167,41,2,31,190,2,7,126,20.5,TRUE,0.000121766046182394,2.475555,20663517,20663518,20663738
"stage1_only","TS-RIGHT-TUNED","TS tuned K1cap in {2,5,15,25}, T1=40, T2=4, eta=0.5/L",5,20660517,3,1.11567925147025,0.618249830638415,0.278124278059708,6.08830230911972e-05,0.5,0.4,2,NA,40,4,NA,29,NA,NA,NA,NA,NA,NA,29,252,167,41,2,31,190,2,7,126,20.5,TRUE,0.000121766046182394,2.475555,20663517,20663518,20663738
"stage1_only","TS-RIGHT-TUNED","TS tuned K1cap in {2,5,15,25}, T1=50, T2=4, eta=0.5/L",5,20660517,3,1.1156432656816,0.623784108645212,0.278170844934874,6.08830230911972e-05,0.5,0.4,2,NA,50,4,NA,29,NA,NA,NA,NA,NA,NA,29,252,167,41,2,31,190,2,7,126,20.5,TRUE,0.000121766046182394,2.475555,20663517,20663518,20663738
"stage1_only","TS-RIGHT-TUNED","TS tuned K1cap in {2,5,15,25}, T1=60, T2=4, eta=0.5/L",5,20660517,3,1.11669185105657,0.62891347121741,0.276813322829344,6.08830230911972e-05,0.5,0.4,2,NA,60,4,NA,29,NA,NA,NA,NA,NA,NA,29,252,167,41,2,31,190,2,7,126,20.5,TRUE,0.000121766046182394,2.475555,20663517,20663518,20663738
"stage1_only","TS-RIGHT-TUNED","TS tuned K1cap in {2,5,15,25}, T1=70, T2=4, eta=0.5/L",5,20660517,3,1.11769224153544,0.632942805172406,0.275517006166593,6.08830230911972e-05,0.5,0.4,2,NA,70,4,NA,29,NA,NA,NA,NA,NA,NA,29,252,167,41,2,31,190,2,7,126,20.5,TRUE,0.000121766046182394,2.475555,20663517,20663518,20663738
"stage1_only","TS-RIGHT-TUNED","TS tuned K1cap in {2,5,15,25}, T1=80, T2=4, eta=0.5/L",5,20660517,3,1.11897013423856,0.636291647534901,0.273859410718301,6.08830230911972e-05,0.5,0.4,2,NA,80,4,NA,29,NA,NA,NA,NA,NA,NA,29,252,167,41,2,31,190,2,7,126,20.5,TRUE,0.000121766046182394,2.475555,20663517,20663518,20663738
"stage1_only","TS-RIGHT-TUNED","TS tuned K1cap in {2,5,15,25}, T1=90, T2=4, eta=0.5/L",5,20660517,3,1.12026095616931,0.639102488585862,0.272183121414997,6.08830230911972e-05,0.5,0.4,2,NA,90,4,NA,29,NA,NA,NA,NA,NA,NA,29,252,167,41,2,31,190,2,7,126,20.5,TRUE,0.000121766046182394,2.475555,20663517,20663518,20663738
"stage1_only","TS-RIGHT-TUNED","TS tuned K1cap in {2,5,15,25}, T1=100, T2=4, eta=0.5/L",5,20660517,3,1.12030846071399,0.64094075986505,0.272121394114229,6.08830230911972e-05,0.5,0.4,2,NA,100,4,NA,29,NA,NA,NA,NA,NA,NA,29,252,167,41,2,31,190,2,7,126,20.5,TRUE,0.000121766046182394,2.475555,20663517,20663518,20663738
"after_stage2","TS-RIGHT-TUNED","TS tuned K1cap in {2,5,15,25}, T1=0, T2=4, eta=0.5/L",5,20660517,4,0.858157872858595,0.511177817933425,0.229064667753087,7.07699719359676e-05,0.5,0.4,2,NA,0,4,NA,17,NA,NA,NA,NA,NA,NA,17,252,167,41,2,31,112,2,7,126,20.5,TRUE,0.000141539943871935,2.471426,20664517,20664518,20664738
"after_stage2","TS-RIGHT-TUNED","TS tuned K1cap in {2,5,15,25}, T1=10, T2=4, eta=0.5/L",5,20660517,4,0.851863759335034,0.540868107633434,0.240331964796416,7.07699719359676e-05,0.5,0.4,2,NA,10,4,NA,17,NA,NA,NA,NA,NA,NA,17,252,167,41,2,31,112,2,7,126,20.5,TRUE,0.000141539943871935,2.471426,20664517,20664518,20664738
"after_stage2","TS-RIGHT-TUNED","TS tuned K1cap in {2,5,15,25}, T1=20, T2=4, eta=0.5/L",5,20660517,4,0.849222566816695,0.545188908994358,0.245035343839605,7.07699719359676e-05,0.5,0.4,2,NA,20,4,NA,17,NA,NA,NA,NA,NA,NA,17,252,167,41,2,31,112,2,7,126,20.5,TRUE,0.000141539943871935,2.471426,20664517,20664518,20664738
"after_stage2","TS-RIGHT-TUNED","TS tuned K1cap in {2,5,15,25}, T1=30, T2=4, eta=0.5/L",5,20660517,4,0.849528659566892,0.530892440004481,0.244491008670726,7.07699719359676e-05,0.5,0.4,5,NA,30,4,NA,17,NA,NA,NA,NA,NA,NA,17,252,167,41,5,31,112,2,7,50.4,20.5,TRUE,0.000141539943871935,2.471426,20664517,20664518,20664738
"after_stage2","TS-RIGHT-TUNED","TS tuned K1cap in {2,5,15,25}, T1=40, T2=4, eta=0.5/L",5,20660517,4,0.850790306093731,0.527170254350331,0.242245309062209,7.07699719359676e-05,0.5,0.4,25,NA,40,4,NA,17,NA,NA,NA,NA,NA,NA,17,252,167,41,25,31,112,2,7,10.08,20.5,TRUE,0.000141539943871935,2.471426,20664517,20664518,20664738
"after_stage2","TS-RIGHT-TUNED","TS tuned K1cap in {2,5,15,25}, T1=50, T2=4, eta=0.5/L",5,20660517,4,0.84436484278028,0.521427631770596,0.253647740490741,7.07699719359676e-05,0.5,0.4,25,NA,50,4,NA,17,NA,NA,NA,NA,NA,NA,17,252,167,41,25,31,112,2,7,10.08,20.5,TRUE,0.000141539943871935,2.471426,20664517,20664518,20664738
"after_stage2","TS-RIGHT-TUNED","TS tuned K1cap in {2,5,15,25}, T1=60, T2=4, eta=0.5/L",5,20660517,4,0.844042521216044,0.522247652177279,0.254217445669687,7.07699719359676e-05,0.5,0.4,25,NA,60,4,NA,17,NA,NA,NA,NA,NA,NA,17,252,167,41,25,31,112,2,7,10.08,20.5,TRUE,0.000141539943871935,2.471426,20664517,20664518,20664738
"after_stage2","TS-RIGHT-TUNED","TS tuned K1cap in {2,5,15,25}, T1=70, T2=4, eta=0.5/L",5,20660517,4,0.843806816801702,0.523610456842908,0.254633916857632,7.07699719359676e-05,0.5,0.4,25,NA,70,4,NA,17,NA,NA,NA,NA,NA,NA,17,252,167,41,25,31,112,2,7,10.08,20.5,TRUE,0.000141539943871935,2.471426,20664517,20664518,20664738
"after_stage2","TS-RIGHT-TUNED","TS tuned K1cap in {2,5,15,25}, T1=80, T2=4, eta=0.5/L",5,20660517,4,0.843365075087523,0.525090005761166,0.255414126496517,7.07699719359676e-05,0.5,0.4,25,NA,80,4,NA,17,NA,NA,NA,NA,NA,NA,17,252,167,41,25,31,112,2,7,10.08,20.5,TRUE,0.000141539943871935,2.471426,20664517,20664518,20664738
"after_stage2","TS-RIGHT-TUNED","TS tuned K1cap in {2,5,15,25}, T1=90, T2=4, eta=0.5/L",5,20660517,4,0.844820991359249,0.526621570316136,0.252841123576388,7.07699719359676e-05,0.5,0.4,25,NA,90,4,NA,17,NA,NA,NA,NA,NA,NA,17,252,167,41,25,31,112,2,7,10.08,20.5,TRUE,0.000141539943871935,2.471426,20664517,20664518,20664738
"after_stage2","TS-RIGHT-TUNED","TS tuned K1cap in {2,5,15,25}, T1=100, T2=4, eta=0.5/L",5,20660517,4,0.844559543349423,0.527045552024626,0.253303500758505,7.07699719359676e-05,0.5,0.4,25,NA,100,4,NA,17,NA,NA,NA,NA,NA,NA,17,252,167,41,25,31,112,2,7,10.08,20.5,TRUE,0.000141539943871935,2.471426,20664517,20664518,20664738
"stage1_only","TS-RIGHT-TUNED","TS tuned K1cap in {2,5,15,25}, T1=0, T2=4, eta=0.5/L",5,20660517,4,0.991383664618838,0.538548904761905,-0.0288855904653613,7.07699719359676e-05,0.5,0.4,2,NA,0,4,NA,17,NA,NA,NA,NA,NA,NA,0,252,167,41,2,31,112,2,7,126,20.5,TRUE,0.000141539943871935,2.471426,20664517,20664518,20664738
"stage1_only","TS-RIGHT-TUNED","TS tuned K1cap in {2,5,15,25}, T1=10, T2=4, eta=0.5/L",5,20660517,4,0.894635145825611,0.566778068229349,0.162132241885969,7.07699719359676e-05,0.5,0.4,2,NA,10,4,NA,17,NA,NA,NA,NA,NA,NA,17,252,167,41,2,31,112,2,7,126,20.5,TRUE,0.000141539943871935,2.471426,20664517,20664518,20664738
"stage1_only","TS-RIGHT-TUNED","TS tuned K1cap in {2,5,15,25}, T1=20, T2=4, eta=0.5/L",5,20660517,4,0.894450279225325,0.573845795946354,0.162478478586149,7.07699719359676e-05,0.5,0.4,2,NA,20,4,NA,17,NA,NA,NA,NA,NA,NA,17,252,167,41,2,31,112,2,7,126,20.5,TRUE,0.000141539943871935,2.471426,20664517,20664518,20664738
"stage1_only","TS-RIGHT-TUNED","TS tuned K1cap in {2,5,15,25}, T1=30, T2=4, eta=0.5/L",5,20660517,4,0.888067164476755,0.524886328965176,0.174389527498922,7.07699719359676e-05,0.5,0.4,5,NA,30,4,NA,17,NA,NA,NA,NA,NA,NA,17,252,167,41,5,31,112,2,7,50.4,20.5,TRUE,0.000141539943871935,2.471426,20664517,20664518,20664738
"stage1_only","TS-RIGHT-TUNED","TS tuned K1cap in {2,5,15,25}, T1=40, T2=4, eta=0.5/L",5,20660517,4,0.885148972627784,0.528644520599685,0.17980653058194,7.07699719359676e-05,0.5,0.4,5,NA,40,4,NA,17,NA,NA,NA,NA,NA,NA,17,252,167,41,5,31,112,2,7,50.4,20.5,TRUE,0.000141539943871935,2.471426,20664517,20664518,20664738
"stage1_only","TS-RIGHT-TUNED","TS tuned K1cap in {2,5,15,25}, T1=50, T2=4, eta=0.5/L",5,20660517,4,0.885296480483685,0.533769662642099,0.179533141435566,7.07699719359676e-05,0.5,0.4,5,NA,50,4,NA,17,NA,NA,NA,NA,NA,NA,17,252,167,41,5,31,112,2,7,50.4,20.5,TRUE,0.000141539943871935,2.471426,20664517,20664518,20664738
"stage1_only","TS-RIGHT-TUNED","TS tuned K1cap in {2,5,15,25}, T1=60, T2=4, eta=0.5/L",5,20660517,4,0.887679769244997,0.540441664788816,0.17510967077838,7.07699719359676e-05,0.5,0.4,5,NA,60,4,NA,17,NA,NA,NA,NA,NA,NA,17,252,167,41,5,31,112,2,7,50.4,20.5,TRUE,0.000141539943871935,2.471426,20664517,20664518,20664738
"stage1_only","TS-RIGHT-TUNED","TS tuned K1cap in {2,5,15,25}, T1=70, T2=4, eta=0.5/L",5,20660517,4,0.891542753697483,0.546569820812626,0.167914571419279,7.07699719359676e-05,0.5,0.4,5,NA,70,4,NA,17,NA,NA,NA,NA,NA,NA,17,252,167,41,5,31,112,2,7,50.4,20.5,TRUE,0.000141539943871935,2.471426,20664517,20664518,20664738
"stage1_only","TS-RIGHT-TUNED","TS tuned K1cap in {2,5,15,25}, T1=80, T2=4, eta=0.5/L",5,20660517,4,0.896242218038311,0.552926486572466,0.15911934126556,7.07699719359676e-05,0.5,0.4,5,NA,80,4,NA,17,NA,NA,NA,NA,NA,NA,17,252,167,41,5,31,112,2,7,50.4,20.5,TRUE,0.000141539943871935,2.471426,20664517,20664518,20664738
"stage1_only","TS-RIGHT-TUNED","TS tuned K1cap in {2,5,15,25}, T1=90, T2=4, eta=0.5/L",5,20660517,4,0.901421164580435,0.559424049925529,0.149373185050509,7.07699719359676e-05,0.5,0.4,5,NA,90,4,NA,17,NA,NA,NA,NA,NA,NA,17,252,167,41,5,31,112,2,7,50.4,20.5,TRUE,0.000141539943871935,2.471426,20664517,20664518,20664738
"stage1_only","TS-RIGHT-TUNED","TS tuned K1cap in {2,5,15,25}, T1=100, T2=4, eta=0.5/L",5,20660517,4,0.903791879425982,0.514043828900191,0.144893047479641,7.07699719359676e-05,0.5,0.4,25,NA,100,4,NA,17,NA,NA,NA,NA,NA,NA,17,252,167,41,25,31,112,2,7,10.08,20.5,TRUE,0.000141539943871935,2.471426,20664517,20664518,20664738
"after_stage2","TS-RIGHT-TUNED","TS tuned K1cap in {2,5,15,25}, T1=0, T2=4, eta=0.5/L",5,20660517,5,0.798122880064494,0.538884366867688,-0.00133659545618725,7.1310305145548e-05,0.5,0.4,2,NA,0,4,NA,13,NA,NA,NA,NA,NA,NA,13,252,168,42,2,31,86,2,7,126,21,TRUE,0.000142620610291096,2.455474,20665517,20665518,20665738
"after_stage2","TS-RIGHT-TUNED","TS tuned K1cap in {2,5,15,25}, T1=10, T2=4, eta=0.5/L",5,20660517,5,0.793124092959801,0.533946351175493,0.0111672269775968,7.1310305145548e-05,0.5,0.4,25,NA,10,4,NA,13,NA,NA,NA,NA,NA,NA,13,252,168,42,25,31,86,2,7,10.08,21,TRUE,0.000142620610291096,2.455474,20665517,20665518,20665738
"after_stage2","TS-RIGHT-TUNED","TS tuned K1cap in {2,5,15,25}, T1=20, T2=4, eta=0.5/L",5,20660517,5,0.796667993612693,0.539714220444103,0.0023107206773082,7.1310305145548e-05,0.5,0.4,25,NA,20,4,NA,13,NA,NA,NA,NA,NA,NA,13,252,168,42,25,31,86,2,7,10.08,21,TRUE,0.000142620610291096,2.455474,20665517,20665518,20665738
"after_stage2","TS-RIGHT-TUNED","TS tuned K1cap in {2,5,15,25}, T1=30, T2=4, eta=0.5/L",5,20660517,5,0.78329302564597,0.531154351437112,0.0355291955374955,7.1310305145548e-05,0.5,0.4,25,NA,30,4,NA,13,NA,NA,NA,NA,NA,NA,13,252,168,42,25,31,86,2,7,10.08,21,TRUE,0.000142620610291096,2.455474,20665517,20665518,20665738
"after_stage2","TS-RIGHT-TUNED","TS tuned K1cap in {2,5,15,25}, T1=40, T2=4, eta=0.5/L",5,20660517,5,0.78461611227757,0.533757989953748,0.032268203495786,7.1310305145548e-05,0.5,0.4,25,NA,40,4,NA,13,NA,NA,NA,NA,NA,NA,13,252,168,42,25,31,86,2,7,10.08,21,TRUE,0.000142620610291096,2.455474,20665517,20665518,20665738
"after_stage2","TS-RIGHT-TUNED","TS tuned K1cap in {2,5,15,25}, T1=50, T2=4, eta=0.5/L",5,20660517,5,0.784595291768141,0.534248615100177,0.0323195621190585,7.1310305145548e-05,0.5,0.4,25,NA,50,4,NA,13,NA,NA,NA,NA,NA,NA,13,252,168,42,25,31,86,2,7,10.08,21,TRUE,0.000142620610291096,2.455474,20665517,20665518,20665738
"after_stage2","TS-RIGHT-TUNED","TS tuned K1cap in {2,5,15,25}, T1=60, T2=4, eta=0.5/L",5,20660517,5,0.779619530922345,0.530073835958917,0.0445543504908472,7.1310305145548e-05,0.5,0.4,15,NA,60,4,NA,13,NA,NA,NA,NA,NA,NA,13,252,168,42,15,31,86,2,7,16.8,21,TRUE,0.000142620610291096,2.455474,20665517,20665518,20665738
"after_stage2","TS-RIGHT-TUNED","TS tuned K1cap in {2,5,15,25}, T1=70, T2=4, eta=0.5/L",5,20660517,5,0.779409438098223,0.531391703160469,0.0450692304292034,7.1310305145548e-05,0.5,0.4,15,NA,70,4,NA,13,NA,NA,NA,NA,NA,NA,13,252,168,42,15,31,86,2,7,16.8,21,TRUE,0.000142620610291096,2.455474,20665517,20665518,20665738
"after_stage2","TS-RIGHT-TUNED","TS tuned K1cap in {2,5,15,25}, T1=80, T2=4, eta=0.5/L",5,20660517,5,0.779664998827196,0.532315354765699,0.0444429028501857,7.1310305145548e-05,0.5,0.4,15,NA,80,4,NA,13,NA,NA,NA,NA,NA,NA,13,252,168,42,15,31,86,2,7,16.8,21,TRUE,0.000142620610291096,2.455474,20665517,20665518,20665738
"after_stage2","TS-RIGHT-TUNED","TS tuned K1cap in {2,5,15,25}, T1=90, T2=4, eta=0.5/L",5,20660517,5,0.780463696459874,0.5335219245423,0.0424841331003752,7.1310305145548e-05,0.5,0.4,15,NA,90,4,NA,13,NA,NA,NA,NA,NA,NA,13,252,168,42,15,31,86,2,7,16.8,21,TRUE,0.000142620610291096,2.455474,20665517,20665518,20665738
"after_stage2","TS-RIGHT-TUNED","TS tuned K1cap in {2,5,15,25}, T1=100, T2=4, eta=0.5/L",5,20660517,5,0.781932972227853,0.538536287611124,0.0388755626649854,7.1310305145548e-05,0.5,0.4,15,NA,100,4,NA,13,NA,NA,NA,NA,NA,NA,13,252,168,42,15,31,86,2,7,16.8,21,TRUE,0.000142620610291096,2.455474,20665517,20665518,20665738
"stage1_only","TS-RIGHT-TUNED","TS tuned K1cap in {2,5,15,25}, T1=0, T2=4, eta=0.5/L",5,20660517,5,0.79762694251409,0.552618067307692,-9.25611303681517e-05,7.1310305145548e-05,0.5,0.4,2,NA,0,4,NA,13,NA,NA,NA,NA,NA,NA,0,252,168,42,2,31,86,2,7,126,21,TRUE,0.000142620610291096,2.455474,20665517,20665518,20665738
"stage1_only","TS-RIGHT-TUNED","TS tuned K1cap in {2,5,15,25}, T1=10, T2=4, eta=0.5/L",5,20660517,5,0.750362612391167,0.508760739229331,0.114919159114832,7.1310305145548e-05,0.5,0.4,15,NA,10,4,NA,13,NA,NA,NA,NA,NA,NA,13,252,168,42,15,31,86,2,7,16.8,21,TRUE,0.000142620610291096,2.455474,20665517,20665518,20665738
"stage1_only","TS-RIGHT-TUNED","TS tuned K1cap in {2,5,15,25}, T1=20, T2=4, eta=0.5/L",5,20660517,5,0.747325463529444,0.504353293195122,0.122069520916022,7.1310305145548e-05,0.5,0.4,25,NA,20,4,NA,13,NA,NA,NA,NA,NA,NA,13,252,168,42,25,31,86,2,7,10.08,21,TRUE,0.000142620610291096,2.455474,20665517,20665518,20665738
"stage1_only","TS-RIGHT-TUNED","TS tuned K1cap in {2,5,15,25}, T1=30, T2=4, eta=0.5/L",5,20660517,5,0.745391280006296,0.50148164044988,0.126608055507804,7.1310305145548e-05,0.5,0.4,25,NA,30,4,NA,13,NA,NA,NA,NA,NA,NA,13,252,168,42,25,31,86,2,7,10.08,21,TRUE,0.000142620610291096,2.455474,20665517,20665518,20665738
"stage1_only","TS-RIGHT-TUNED","TS tuned K1cap in {2,5,15,25}, T1=40, T2=4, eta=0.5/L",5,20660517,5,0.745641658770335,0.500989005654765,0.126021207958541,7.1310305145548e-05,0.5,0.4,25,NA,40,4,NA,13,NA,NA,NA,NA,NA,NA,13,252,168,42,25,31,86,2,7,10.08,21,TRUE,0.000142620610291096,2.455474,20665517,20665518,20665738
"stage1_only","TS-RIGHT-TUNED","TS tuned K1cap in {2,5,15,25}, T1=50, T2=4, eta=0.5/L",5,20660517,5,0.74508301176071,0.505927538309755,0.127330315978655,7.1310305145548e-05,0.5,0.4,15,NA,50,4,NA,13,NA,NA,NA,NA,NA,NA,13,252,168,42,15,31,86,2,7,16.8,21,TRUE,0.000142620610291096,2.455474,20665517,20665518,20665738
"stage1_only","TS-RIGHT-TUNED","TS tuned K1cap in {2,5,15,25}, T1=60, T2=4, eta=0.5/L",5,20660517,5,0.741996947531392,0.505476436283212,0.134544377603216,7.1310305145548e-05,0.5,0.4,15,NA,60,4,NA,13,NA,NA,NA,NA,NA,NA,13,252,168,42,15,31,86,2,7,16.8,21,TRUE,0.000142620610291096,2.455474,20665517,20665518,20665738
"stage1_only","TS-RIGHT-TUNED","TS tuned K1cap in {2,5,15,25}, T1=70, T2=4, eta=0.5/L",5,20660517,5,0.740740770271292,0.50577046969564,0.13747227483412,7.1310305145548e-05,0.5,0.4,15,NA,70,4,NA,13,NA,NA,NA,NA,NA,NA,13,252,168,42,15,31,86,2,7,16.8,21,TRUE,0.000142620610291096,2.455474,20665517,20665518,20665738
"stage1_only","TS-RIGHT-TUNED","TS tuned K1cap in {2,5,15,25}, T1=80, T2=4, eta=0.5/L",5,20660517,5,0.740417920363868,0.50613060759873,0.138223971845658,7.1310305145548e-05,0.5,0.4,15,NA,80,4,NA,13,NA,NA,NA,NA,NA,NA,13,252,168,42,15,31,86,2,7,16.8,21,TRUE,0.000142620610291096,2.455474,20665517,20665518,20665738
"stage1_only","TS-RIGHT-TUNED","TS tuned K1cap in {2,5,15,25}, T1=90, T2=4, eta=0.5/L",5,20660517,5,0.740580898883906,0.506611685876864,0.137844547102876,7.1310305145548e-05,0.5,0.4,15,NA,90,4,NA,13,NA,NA,NA,NA,NA,NA,13,252,168,42,15,31,86,2,7,16.8,21,TRUE,0.000142620610291096,2.455474,20665517,20665518,20665738
"stage1_only","TS-RIGHT-TUNED","TS tuned K1cap in {2,5,15,25}, T1=100, T2=4, eta=0.5/L",5,20660517,5,0.740855679658941,0.507037216082098,0.137204650250041,7.1310305145548e-05,0.5,0.4,15,NA,100,4,NA,13,NA,NA,NA,NA,NA,NA,13,252,168,42,15,31,86,2,7,16.8,21,TRUE,0.000142620610291096,2.455474,20665517,20665518,20665738
"after_stage2","TS-RIGHT-TUNED","TS tuned K1cap in {2,5,15,25}, T1=0, T2=4, eta=0.5/L",6,20760517,1,1.07848711447914,0.558251185839756,0.116011930087845,6.59306776480723e-05,0.5,0.4,2,NA,0,4,NA,8,NA,NA,NA,NA,NA,NA,8,252,167,41,2,31,53,2,7,126,20.5,TRUE,0.000131861355296145,2.469354,20761517,20761518,20761738
"after_stage2","TS-RIGHT-TUNED","TS tuned K1cap in {2,5,15,25}, T1=10, T2=4, eta=0.5/L",6,20760517,1,0.998424901165232,0.554385664837121,0.242387222515017,6.59306776480723e-05,0.5,0.4,2,NA,10,4,NA,8,NA,NA,NA,NA,NA,NA,8,252,167,41,2,31,53,2,7,126,20.5,TRUE,0.000131861355296145,2.469354,20761517,20761518,20761738
"after_stage2","TS-RIGHT-TUNED","TS tuned K1cap in {2,5,15,25}, T1=20, T2=4, eta=0.5/L",6,20760517,1,0.984189615320109,0.556152046591291,0.263836909386644,6.59306776480723e-05,0.5,0.4,2,NA,20,4,NA,8,NA,NA,NA,NA,NA,NA,8,252,167,41,2,31,53,2,7,126,20.5,TRUE,0.000131861355296145,2.469354,20761517,20761518,20761738
"after_stage2","TS-RIGHT-TUNED","TS tuned K1cap in {2,5,15,25}, T1=30, T2=4, eta=0.5/L",6,20760517,1,0.976805307702101,0.556642030998777,0.274842230840459,6.59306776480723e-05,0.5,0.4,2,NA,30,4,NA,8,NA,NA,NA,NA,NA,NA,8,252,167,41,2,31,53,2,7,126,20.5,TRUE,0.000131861355296145,2.469354,20761517,20761518,20761738
"after_stage2","TS-RIGHT-TUNED","TS tuned K1cap in {2,5,15,25}, T1=40, T2=4, eta=0.5/L",6,20760517,1,0.971295168553866,0.556874297214863,0.283000356707074,6.59306776480723e-05,0.5,0.4,2,NA,40,4,NA,8,NA,NA,NA,NA,NA,NA,8,252,167,41,2,31,53,2,7,126,20.5,TRUE,0.000131861355296145,2.469354,20761517,20761518,20761738
"after_stage2","TS-RIGHT-TUNED","TS tuned K1cap in {2,5,15,25}, T1=50, T2=4, eta=0.5/L",6,20760517,1,0.967454773307827,0.556773378213248,0.288659024573257,6.59306776480723e-05,0.5,0.4,2,NA,50,4,NA,8,NA,NA,NA,NA,NA,NA,8,252,167,41,2,31,53,2,7,126,20.5,TRUE,0.000131861355296145,2.469354,20761517,20761518,20761738
"after_stage2","TS-RIGHT-TUNED","TS tuned K1cap in {2,5,15,25}, T1=60, T2=4, eta=0.5/L",6,20760517,1,0.964411815508489,0.556720252661382,0.293126781570712,6.59306776480723e-05,0.5,0.4,2,NA,60,4,NA,8,NA,NA,NA,NA,NA,NA,8,252,167,41,2,31,53,2,7,126,20.5,TRUE,0.000131861355296145,2.469354,20761517,20761518,20761738
"after_stage2","TS-RIGHT-TUNED","TS tuned K1cap in {2,5,15,25}, T1=70, T2=4, eta=0.5/L",6,20760517,1,0.961938707919468,0.556664891396871,0.296747500462917,6.59306776480723e-05,0.5,0.4,2,NA,70,4,NA,8,NA,NA,NA,NA,NA,NA,8,252,167,41,2,31,53,2,7,126,20.5,TRUE,0.000131861355296145,2.469354,20761517,20761518,20761738
"after_stage2","TS-RIGHT-TUNED","TS tuned K1cap in {2,5,15,25}, T1=80, T2=4, eta=0.5/L",6,20760517,1,0.959887480161191,0.556621518227829,0.29974351885248,6.59306776480723e-05,0.5,0.4,2,NA,80,4,NA,8,NA,NA,NA,NA,NA,NA,8,252,167,41,2,31,53,2,7,126,20.5,TRUE,0.000131861355296145,2.469354,20761517,20761518,20761738
"after_stage2","TS-RIGHT-TUNED","TS tuned K1cap in {2,5,15,25}, T1=90, T2=4, eta=0.5/L",6,20760517,1,0.957575365180281,0.556796926163195,0.303112921150378,6.59306776480723e-05,0.5,0.4,2,NA,90,4,NA,8,NA,NA,NA,NA,NA,NA,8,252,167,41,2,31,53,2,7,126,20.5,TRUE,0.000131861355296145,2.469354,20761517,20761518,20761738
"after_stage2","TS-RIGHT-TUNED","TS tuned K1cap in {2,5,15,25}, T1=100, T2=4, eta=0.5/L",6,20760517,1,0.956109410710177,0.556990718911396,0.305245020151516,6.59306776480723e-05,0.5,0.4,2,NA,100,4,NA,8,NA,NA,NA,NA,NA,NA,8,252,167,41,2,31,53,2,7,126,20.5,TRUE,0.000131861355296145,2.469354,20761517,20761518,20761738
"stage1_only","TS-RIGHT-TUNED","TS tuned K1cap in {2,5,15,25}, T1=0, T2=4, eta=0.5/L",6,20760517,1,1.14987269870617,0.588996771428571,-0.00488417754241044,6.59306776480723e-05,0.5,0.4,2,NA,0,4,NA,8,NA,NA,NA,NA,NA,NA,0,252,167,41,2,31,53,2,7,126,20.5,TRUE,0.000131861355296145,2.469354,20761517,20761518,20761738
"stage1_only","TS-RIGHT-TUNED","TS tuned K1cap in {2,5,15,25}, T1=10, T2=4, eta=0.5/L",6,20760517,1,0.99671889652807,0.569940718979546,0.244974070405186,6.59306776480723e-05,0.5,0.4,2,NA,10,4,NA,8,NA,NA,NA,NA,NA,NA,8,252,167,41,2,31,53,2,7,126,20.5,TRUE,0.000131861355296145,2.469354,20761517,20761518,20761738
"stage1_only","TS-RIGHT-TUNED","TS tuned K1cap in {2,5,15,25}, T1=20, T2=4, eta=0.5/L",6,20760517,1,0.979933928567851,0.57373954385035,0.270189559520551,6.59306776480723e-05,0.5,0.4,2,NA,20,4,NA,8,NA,NA,NA,NA,NA,NA,8,252,167,41,2,31,53,2,7,126,20.5,TRUE,0.000131861355296145,2.469354,20761517,20761518,20761738
"stage1_only","TS-RIGHT-TUNED","TS tuned K1cap in {2,5,15,25}, T1=30, T2=4, eta=0.5/L",6,20760517,1,0.972307892498604,0.572649555384805,0.281504413398165,6.59306776480723e-05,0.5,0.4,2,NA,30,4,NA,8,NA,NA,NA,NA,NA,NA,8,252,167,41,2,31,53,2,7,126,20.5,TRUE,0.000131861355296145,2.469354,20761517,20761518,20761738
"stage1_only","TS-RIGHT-TUNED","TS tuned K1cap in {2,5,15,25}, T1=40, T2=4, eta=0.5/L",6,20760517,1,0.967242017436499,0.571493515298342,0.288971856412389,6.59306776480723e-05,0.5,0.4,2,NA,40,4,NA,8,NA,NA,NA,NA,NA,NA,8,252,167,41,2,31,53,2,7,126,20.5,TRUE,0.000131861355296145,2.469354,20761517,20761518,20761738
"stage1_only","TS-RIGHT-TUNED","TS tuned K1cap in {2,5,15,25}, T1=50, T2=4, eta=0.5/L",6,20760517,1,0.963446504497058,0.570578767690223,0.294541137961026,6.59306776480723e-05,0.5,0.4,2,NA,50,4,NA,8,NA,NA,NA,NA,NA,NA,8,252,167,41,2,31,53,2,7,126,20.5,TRUE,0.000131861355296145,2.469354,20761517,20761518,20761738
"stage1_only","TS-RIGHT-TUNED","TS tuned K1cap in {2,5,15,25}, T1=60, T2=4, eta=0.5/L",6,20760517,1,0.96044548337811,0.569869088129241,0.298929133934318,6.59306776480723e-05,0.5,0.4,2,NA,60,4,NA,8,NA,NA,NA,NA,NA,NA,8,252,167,41,2,31,53,2,7,126,20.5,TRUE,0.000131861355296145,2.469354,20761517,20761518,20761738
"stage1_only","TS-RIGHT-TUNED","TS tuned K1cap in {2,5,15,25}, T1=70, T2=4, eta=0.5/L",6,20760517,1,0.95799682417892,0.569310936275487,0.302499342362848,6.59306776480723e-05,0.5,0.4,2,NA,70,4,NA,8,NA,NA,NA,NA,NA,NA,8,252,167,41,2,31,53,2,7,126,20.5,TRUE,0.000131861355296145,2.469354,20761517,20761518,20761738
"stage1_only","TS-RIGHT-TUNED","TS tuned K1cap in {2,5,15,25}, T1=80, T2=4, eta=0.5/L",6,20760517,1,0.955953595411746,0.568860291183142,0.305471447446094,6.59306776480723e-05,0.5,0.4,2,NA,80,4,NA,8,NA,NA,NA,NA,NA,NA,8,252,167,41,2,31,53,2,7,126,20.5,TRUE,0.000131861355296145,2.469354,20761517,20761518,20761738
"stage1_only","TS-RIGHT-TUNED","TS tuned K1cap in {2,5,15,25}, T1=90, T2=4, eta=0.5/L",6,20760517,1,0.95421721044201,0.568484042760271,0.307992226049292,6.59306776480723e-05,0.5,0.4,2,NA,90,4,NA,8,NA,NA,NA,NA,NA,NA,8,252,167,41,2,31,53,2,7,126,20.5,TRUE,0.000131861355296145,2.469354,20761517,20761518,20761738
"stage1_only","TS-RIGHT-TUNED","TS tuned K1cap in {2,5,15,25}, T1=100, T2=4, eta=0.5/L",6,20760517,1,0.952717802990152,0.568158352877095,0.310165287664552,6.59306776480723e-05,0.5,0.4,2,NA,100,4,NA,8,NA,NA,NA,NA,NA,NA,8,252,167,41,2,31,53,2,7,126,20.5,TRUE,0.000131861355296145,2.469354,20761517,20761518,20761738
"after_stage2","TS-RIGHT-TUNED","TS tuned K1cap in {2,5,15,25}, T1=0, T2=4, eta=0.5/L",6,20760517,2,0.545794754968676,0.428080916987805,0.210674487551,6.61740232514419e-05,0.5,0.4,2,NA,0,4,NA,45,NA,NA,NA,NA,NA,NA,45,252,167,41,2,31,295,2,7,126,20.5,TRUE,0.000132348046502884,2.465694,20762517,20762518,20762738
"after_stage2","TS-RIGHT-TUNED","TS tuned K1cap in {2,5,15,25}, T1=10, T2=4, eta=0.5/L",6,20760517,2,0.53315061989694,0.417758956730654,0.246822631978043,6.61740232514419e-05,0.5,0.4,25,NA,10,4,NA,45,NA,NA,NA,NA,NA,NA,45,252,167,41,25,31,295,2,7,10.08,20.5,TRUE,0.000132348046502884,2.465694,20762517,20762518,20762738
"after_stage2","TS-RIGHT-TUNED","TS tuned K1cap in {2,5,15,25}, T1=20, T2=4, eta=0.5/L",6,20760517,2,0.533086415698519,0.418588149504723,0.247004022510827,6.61740232514419e-05,0.5,0.4,25,NA,20,4,NA,45,NA,NA,NA,NA,NA,NA,45,252,167,41,25,31,295,2,7,10.08,20.5,TRUE,0.000132348046502884,2.465694,20762517,20762518,20762738
"after_stage2","TS-RIGHT-TUNED","TS tuned K1cap in {2,5,15,25}, T1=30, T2=4, eta=0.5/L",6,20760517,2,0.533158411839628,0.421369572243374,0.246800616594202,6.61740232514419e-05,0.5,0.4,15,NA,30,4,NA,45,NA,NA,NA,NA,NA,NA,45,252,167,41,15,31,295,2,7,16.8,20.5,TRUE,0.000132348046502884,2.465694,20762517,20762518,20762738
"after_stage2","TS-RIGHT-TUNED","TS tuned K1cap in {2,5,15,25}, T1=40, T2=4, eta=0.5/L",6,20760517,2,0.537871715669688,0.421977647221428,0.233424669316387,6.61740232514419e-05,0.5,0.4,25,NA,40,4,NA,45,NA,NA,NA,NA,NA,NA,45,252,167,41,25,31,295,2,7,10.08,20.5,TRUE,0.000132348046502884,2.465694,20762517,20762518,20762738
"after_stage2","TS-RIGHT-TUNED","TS tuned K1cap in {2,5,15,25}, T1=50, T2=4, eta=0.5/L",6,20760517,2,0.537804946333904,0.422047984991205,0.233614976957748,6.61740232514419e-05,0.5,0.4,25,NA,50,4,NA,45,NA,NA,NA,NA,NA,NA,45,252,167,41,25,31,295,2,7,10.08,20.5,TRUE,0.000132348046502884,2.465694,20762517,20762518,20762738
"after_stage2","TS-RIGHT-TUNED","TS tuned K1cap in {2,5,15,25}, T1=60, T2=4, eta=0.5/L",6,20760517,2,0.538407323591512,0.423409560115706,0.231897211241536,6.61740232514419e-05,0.5,0.4,25,NA,60,4,NA,45,NA,NA,NA,NA,NA,NA,45,252,167,41,25,31,295,2,7,10.08,20.5,TRUE,0.000132348046502884,2.465694,20762517,20762518,20762738
"after_stage2","TS-RIGHT-TUNED","TS tuned K1cap in {2,5,15,25}, T1=70, T2=4, eta=0.5/L",6,20760517,2,0.539436770775731,0.424104624808492,0.228957142795183,6.61740232514419e-05,0.5,0.4,25,NA,70,4,NA,45,NA,NA,NA,NA,NA,NA,45,252,167,41,25,31,295,2,7,10.08,20.5,TRUE,0.000132348046502884,2.465694,20762517,20762518,20762738
"after_stage2","TS-RIGHT-TUNED","TS tuned K1cap in {2,5,15,25}, T1=80, T2=4, eta=0.5/L",6,20760517,2,0.540474743949623,0.425981357479717,0.225987038321409,6.61740232514419e-05,0.5,0.4,25,NA,80,4,NA,45,NA,NA,NA,NA,NA,NA,45,252,167,41,25,31,295,2,7,10.08,20.5,TRUE,0.000132348046502884,2.465694,20762517,20762518,20762738
"after_stage2","TS-RIGHT-TUNED","TS tuned K1cap in {2,5,15,25}, T1=90, T2=4, eta=0.5/L",6,20760517,2,0.538982329311721,0.424490287122607,0.230255705560861,6.61740232514419e-05,0.5,0.4,25,NA,90,4,NA,45,NA,NA,NA,NA,NA,NA,45,252,167,41,25,31,295,2,7,10.08,20.5,TRUE,0.000132348046502884,2.465694,20762517,20762518,20762738
"after_stage2","TS-RIGHT-TUNED","TS tuned K1cap in {2,5,15,25}, T1=100, T2=4, eta=0.5/L",6,20760517,2,0.540231779971001,0.425713316217199,0.226682778506596,6.61740232514419e-05,0.5,0.4,25,NA,100,4,NA,45,NA,NA,NA,NA,NA,NA,45,252,167,41,25,31,295,2,7,10.08,20.5,TRUE,0.000132348046502884,2.465694,20762517,20762518,20762738
"stage1_only","TS-RIGHT-TUNED","TS tuned K1cap in {2,5,15,25}, T1=0, T2=4, eta=0.5/L",6,20760517,2,0.6171531795093,0.467915523809524,-0.00921423149281275,6.61740232514419e-05,0.5,0.4,2,NA,0,4,NA,45,NA,NA,NA,NA,NA,NA,0,252,167,41,2,31,295,2,7,126,20.5,TRUE,0.000132348046502884,2.465694,20762517,20762518,20762738
"stage1_only","TS-RIGHT-TUNED","TS tuned K1cap in {2,5,15,25}, T1=10, T2=4, eta=0.5/L",6,20760517,2,0.538920609538257,0.426032819677915,0.230431984896038,6.61740232514419e-05,0.5,0.4,5,NA,10,4,NA,45,NA,NA,NA,NA,NA,NA,45,252,167,41,5,31,295,2,7,50.4,20.5,TRUE,0.000132348046502884,2.465694,20762517,20762518,20762738
"stage1_only","TS-RIGHT-TUNED","TS tuned K1cap in {2,5,15,25}, T1=20, T2=4, eta=0.5/L",6,20760517,2,0.543193370188744,0.430978345232361,0.218180774517913,6.61740232514419e-05,0.5,0.4,25,NA,20,4,NA,45,NA,NA,NA,NA,NA,NA,45,252,167,41,25,31,295,2,7,10.08,20.5,TRUE,0.000132348046502884,2.465694,20762517,20762518,20762738
"stage1_only","TS-RIGHT-TUNED","TS tuned K1cap in {2,5,15,25}, T1=30, T2=4, eta=0.5/L",6,20760517,2,0.546027421041926,0.43216618383067,0.210001383203188,6.61740232514419e-05,0.5,0.4,25,NA,30,4,NA,45,NA,NA,NA,NA,NA,NA,45,252,167,41,25,31,295,2,7,10.08,20.5,TRUE,0.000132348046502884,2.465694,20762517,20762518,20762738
"stage1_only","TS-RIGHT-TUNED","TS tuned K1cap in {2,5,15,25}, T1=40, T2=4, eta=0.5/L",6,20760517,2,0.548873709384405,0.435968170938141,0.201743832999092,6.61740232514419e-05,0.5,0.4,25,NA,40,4,NA,45,NA,NA,NA,NA,NA,NA,45,252,167,41,25,31,295,2,7,10.08,20.5,TRUE,0.000132348046502884,2.465694,20762517,20762518,20762738
"stage1_only","TS-RIGHT-TUNED","TS tuned K1cap in {2,5,15,25}, T1=50, T2=4, eta=0.5/L",6,20760517,2,0.549479474987617,0.430145320366467,0.199980866549401,6.61740232514419e-05,0.5,0.4,15,NA,50,4,NA,45,NA,NA,NA,NA,NA,NA,45,252,167,41,15,31,295,2,7,16.8,20.5,TRUE,0.000132348046502884,2.465694,20762517,20762518,20762738
"stage1_only","TS-RIGHT-TUNED","TS tuned K1cap in {2,5,15,25}, T1=60, T2=4, eta=0.5/L",6,20760517,2,0.550980731693481,0.436615795070223,0.19560336077413,6.61740232514419e-05,0.5,0.4,25,NA,60,4,NA,45,NA,NA,NA,NA,NA,NA,45,252,167,41,25,31,295,2,7,10.08,20.5,TRUE,0.000132348046502884,2.465694,20762517,20762518,20762738
"stage1_only","TS-RIGHT-TUNED","TS tuned K1cap in {2,5,15,25}, T1=70, T2=4, eta=0.5/L",6,20760517,2,0.551148225395119,0.437214585144824,0.195114226248862,6.61740232514419e-05,0.5,0.4,25,NA,70,4,NA,45,NA,NA,NA,NA,NA,NA,45,252,167,41,25,31,295,2,7,10.08,20.5,TRUE,0.000132348046502884,2.465694,20762517,20762518,20762738
"stage1_only","TS-RIGHT-TUNED","TS tuned K1cap in {2,5,15,25}, T1=80, T2=4, eta=0.5/L",6,20760517,2,0.55153735337182,0.437661679034167,0.193977275701029,6.61740232514419e-05,0.5,0.4,25,NA,80,4,NA,45,NA,NA,NA,NA,NA,NA,45,252,167,41,25,31,295,2,7,10.08,20.5,TRUE,0.000132348046502884,2.465694,20762517,20762518,20762738
"stage1_only","TS-RIGHT-TUNED","TS tuned K1cap in {2,5,15,25}, T1=90, T2=4, eta=0.5/L",6,20760517,2,0.552374139707278,0.438240826180152,0.191529642930858,6.61740232514419e-05,0.5,0.4,25,NA,90,4,NA,45,NA,NA,NA,NA,NA,NA,45,252,167,41,25,31,295,2,7,10.08,20.5,TRUE,0.000132348046502884,2.465694,20762517,20762518,20762738
"stage1_only","TS-RIGHT-TUNED","TS tuned K1cap in {2,5,15,25}, T1=100, T2=4, eta=0.5/L",6,20760517,2,0.55391861873558,0.43927652821601,0.187002236224922,6.61740232514419e-05,0.5,0.4,25,NA,100,4,NA,45,NA,NA,NA,NA,NA,NA,45,252,167,41,25,31,295,2,7,10.08,20.5,TRUE,0.000132348046502884,2.465694,20762517,20762518,20762738
"after_stage2","TS-RIGHT-TUNED","TS tuned K1cap in {2,5,15,25}, T1=0, T2=4, eta=0.5/L",6,20760517,3,0.673403202740073,0.514787072482105,-0.0278576881490131,6.78879463543698e-05,0.5,0.4,2,NA,0,4,NA,16,NA,NA,NA,NA,NA,NA,16,252,167,41,2,31,105,2,7,126,20.5,TRUE,0.00013577589270874,2.48831,20763517,20763518,20763738
"after_stage2","TS-RIGHT-TUNED","TS tuned K1cap in {2,5,15,25}, T1=10, T2=4, eta=0.5/L",6,20760517,3,0.683341376738784,0.525436751583975,-0.0584200789532572,6.78879463543698e-05,0.5,0.4,25,NA,10,4,NA,16,NA,NA,NA,NA,NA,NA,16,252,167,41,25,31,105,2,7,10.08,20.5,TRUE,0.00013577589270874,2.48831,20763517,20763518,20763738
"after_stage2","TS-RIGHT-TUNED","TS tuned K1cap in {2,5,15,25}, T1=20, T2=4, eta=0.5/L",6,20760517,3,0.68517183897885,0.527661947447045,-0.0640980399331792,6.78879463543698e-05,0.5,0.4,25,NA,20,4,NA,16,NA,NA,NA,NA,NA,NA,16,252,167,41,25,31,105,2,7,10.08,20.5,TRUE,0.00013577589270874,2.48831,20763517,20763518,20763738
"after_stage2","TS-RIGHT-TUNED","TS tuned K1cap in {2,5,15,25}, T1=30, T2=4, eta=0.5/L",6,20760517,3,0.689602275070262,0.531907773712763,-0.0779038042742815,6.78879463543698e-05,0.5,0.4,25,NA,30,4,NA,16,NA,NA,NA,NA,NA,NA,16,252,167,41,25,31,105,2,7,10.08,20.5,TRUE,0.00013577589270874,2.48831,20763517,20763518,20763738
"after_stage2","TS-RIGHT-TUNED","TS tuned K1cap in {2,5,15,25}, T1=40, T2=4, eta=0.5/L",6,20760517,3,0.692497951994555,0.534142664882321,-0.0869751616558325,6.78879463543698e-05,0.5,0.4,25,NA,40,4,NA,16,NA,NA,NA,NA,NA,NA,16,252,167,41,25,31,105,2,7,10.08,20.5,TRUE,0.00013577589270874,2.48831,20763517,20763518,20763738
"after_stage2","TS-RIGHT-TUNED","TS tuned K1cap in {2,5,15,25}, T1=50, T2=4, eta=0.5/L",6,20760517,3,0.696411052151136,0.536570786048,-0.0992942165594024,6.78879463543698e-05,0.5,0.4,25,NA,50,4,NA,16,NA,NA,NA,NA,NA,NA,16,252,167,41,25,31,105,2,7,10.08,20.5,TRUE,0.00013577589270874,2.48831,20763517,20763518,20763738
"after_stage2","TS-RIGHT-TUNED","TS tuned K1cap in {2,5,15,25}, T1=60, T2=4, eta=0.5/L",6,20760517,3,0.698550715717756,0.537953327994462,-0.10605956906383,6.78879463543698e-05,0.5,0.4,25,NA,60,4,NA,16,NA,NA,NA,NA,NA,NA,16,252,167,41,25,31,105,2,7,10.08,20.5,TRUE,0.00013577589270874,2.48831,20763517,20763518,20763738
"after_stage2","TS-RIGHT-TUNED","TS tuned K1cap in {2,5,15,25}, T1=70, T2=4, eta=0.5/L",6,20760517,3,0.701836194871408,0.539506129264682,-0.116488250280983,6.78879463543698e-05,0.5,0.4,25,NA,70,4,NA,16,NA,NA,NA,NA,NA,NA,16,252,167,41,25,31,105,2,7,10.08,20.5,TRUE,0.00013577589270874,2.48831,20763517,20763518,20763738
"after_stage2","TS-RIGHT-TUNED","TS tuned K1cap in {2,5,15,25}, T1=80, T2=4, eta=0.5/L",6,20760517,3,0.711911978114865,0.543991380986701,-0.148775682412331,6.78879463543698e-05,0.5,0.4,25,NA,80,4,NA,16,NA,NA,NA,NA,NA,NA,16,252,167,41,25,31,105,2,7,10.08,20.5,TRUE,0.00013577589270874,2.48831,20763517,20763518,20763738
"after_stage2","TS-RIGHT-TUNED","TS tuned K1cap in {2,5,15,25}, T1=90, T2=4, eta=0.5/L",6,20760517,3,0.70005325474936,0.536799252567689,-0.110822816614791,6.78879463543698e-05,0.5,0.4,25,NA,90,4,NA,16,NA,NA,NA,NA,NA,NA,16,252,167,41,25,31,105,2,7,10.08,20.5,TRUE,0.00013577589270874,2.48831,20763517,20763518,20763738
"after_stage2","TS-RIGHT-TUNED","TS tuned K1cap in {2,5,15,25}, T1=100, T2=4, eta=0.5/L",6,20760517,3,0.700919057204257,0.537394359159439,-0.113572172744774,6.78879463543698e-05,0.5,0.4,25,NA,100,4,NA,16,NA,NA,NA,NA,NA,NA,16,252,167,41,25,31,105,2,7,10.08,20.5,TRUE,0.00013577589270874,2.48831,20763517,20763518,20763738
"stage1_only","TS-RIGHT-TUNED","TS tuned K1cap in {2,5,15,25}, T1=0, T2=4, eta=0.5/L",6,20760517,3,0.667515857539986,0.496828619047619,-0.00996380081250159,6.78879463543698e-05,0.5,0.4,2,NA,0,4,NA,16,NA,NA,NA,NA,NA,NA,0,252,167,41,2,31,105,2,7,126,20.5,TRUE,0.00013577589270874,2.48831,20763517,20763518,20763738
"stage1_only","TS-RIGHT-TUNED","TS tuned K1cap in {2,5,15,25}, T1=10, T2=4, eta=0.5/L",6,20760517,3,0.622754253212304,0.467306309919044,0.120945021044077,6.78879463543698e-05,0.5,0.4,25,NA,10,4,NA,16,NA,NA,NA,NA,NA,NA,16,252,167,41,25,31,105,2,7,10.08,20.5,TRUE,0.00013577589270874,2.48831,20763517,20763518,20763738
"stage1_only","TS-RIGHT-TUNED","TS tuned K1cap in {2,5,15,25}, T1=20, T2=4, eta=0.5/L",6,20760517,3,0.622787013460308,0.469107067765034,0.120852532501644,6.78879463543698e-05,0.5,0.4,25,NA,20,4,NA,16,NA,NA,NA,NA,NA,NA,16,252,167,41,25,31,105,2,7,10.08,20.5,TRUE,0.00013577589270874,2.48831,20763517,20763518,20763738
"stage1_only","TS-RIGHT-TUNED","TS tuned K1cap in {2,5,15,25}, T1=30, T2=4, eta=0.5/L",6,20760517,3,0.624890195599978,0.472916451988077,0.114904658491384,6.78879463543698e-05,0.5,0.4,25,NA,30,4,NA,16,NA,NA,NA,NA,NA,NA,16,252,167,41,25,31,105,2,7,10.08,20.5,TRUE,0.00013577589270874,2.48831,20763517,20763518,20763738
"stage1_only","TS-RIGHT-TUNED","TS tuned K1cap in {2,5,15,25}, T1=40, T2=4, eta=0.5/L",6,20760517,3,0.627221065902582,0.475829431418382,0.108289448060738,6.78879463543698e-05,0.5,0.4,25,NA,40,4,NA,16,NA,NA,NA,NA,NA,NA,16,252,167,41,25,31,105,2,7,10.08,20.5,TRUE,0.00013577589270874,2.48831,20763517,20763518,20763738
"stage1_only","TS-RIGHT-TUNED","TS tuned K1cap in {2,5,15,25}, T1=50, T2=4, eta=0.5/L",6,20760517,3,0.630418014623641,0.476016516156257,0.0991761761557141,6.78879463543698e-05,0.5,0.4,25,NA,50,4,NA,16,NA,NA,NA,NA,NA,NA,16,252,167,41,25,31,105,2,7,10.08,20.5,TRUE,0.00013577589270874,2.48831,20763517,20763518,20763738
"stage1_only","TS-RIGHT-TUNED","TS tuned K1cap in {2,5,15,25}, T1=60, T2=4, eta=0.5/L",6,20760517,3,0.633297668318652,0.477017635899704,0.0909277275707594,6.78879463543698e-05,0.5,0.4,25,NA,60,4,NA,16,NA,NA,NA,NA,NA,NA,16,252,167,41,25,31,105,2,7,10.08,20.5,TRUE,0.00013577589270874,2.48831,20763517,20763518,20763738
"stage1_only","TS-RIGHT-TUNED","TS tuned K1cap in {2,5,15,25}, T1=70, T2=4, eta=0.5/L",6,20760517,3,0.634964220488248,0.478421076810287,0.086136900565623,6.78879463543698e-05,0.5,0.4,25,NA,70,4,NA,16,NA,NA,NA,NA,NA,NA,16,252,167,41,25,31,105,2,7,10.08,20.5,TRUE,0.00013577589270874,2.48831,20763517,20763518,20763738
"stage1_only","TS-RIGHT-TUNED","TS tuned K1cap in {2,5,15,25}, T1=80, T2=4, eta=0.5/L",6,20760517,3,0.634886934866413,0.477753548653027,0.0863593514606711,6.78879463543698e-05,0.5,0.4,25,NA,80,4,NA,16,NA,NA,NA,NA,NA,NA,16,252,167,41,25,31,105,2,7,10.08,20.5,TRUE,0.00013577589270874,2.48831,20763517,20763518,20763738
"stage1_only","TS-RIGHT-TUNED","TS tuned K1cap in {2,5,15,25}, T1=90, T2=4, eta=0.5/L",6,20760517,3,0.633715934537062,0.477679387410914,0.0897265237610579,6.78879463543698e-05,0.5,0.4,25,NA,90,4,NA,16,NA,NA,NA,NA,NA,NA,16,252,167,41,25,31,105,2,7,10.08,20.5,TRUE,0.00013577589270874,2.48831,20763517,20763518,20763738
"stage1_only","TS-RIGHT-TUNED","TS tuned K1cap in {2,5,15,25}, T1=100, T2=4, eta=0.5/L",6,20760517,3,0.633469031372297,0.47815416111997,0.090435692040841,6.78879463543698e-05,0.5,0.4,25,NA,100,4,NA,16,NA,NA,NA,NA,NA,NA,16,252,167,41,25,31,105,2,7,10.08,20.5,TRUE,0.00013577589270874,2.48831,20763517,20763518,20763738
"after_stage2","TS-RIGHT-TUNED","TS tuned K1cap in {2,5,15,25}, T1=0, T2=4, eta=0.5/L",6,20760517,4,1.23698837553409,0.627721784933926,0.146406854328303,6.88935368453995e-05,0.5,0.4,2,NA,0,4,NA,33,NA,NA,NA,NA,NA,NA,33,252,167,41,2,31,217,2,7,126,20.5,TRUE,0.000137787073690799,2.465694,20764517,20764518,20764738
"after_stage2","TS-RIGHT-TUNED","TS tuned K1cap in {2,5,15,25}, T1=10, T2=4, eta=0.5/L",6,20760517,4,1.17740058062616,0.620577499672596,0.226664096533492,6.88935368453995e-05,0.5,0.4,2,NA,10,4,NA,33,NA,NA,NA,NA,NA,NA,33,252,167,41,2,31,217,2,7,126,20.5,TRUE,0.000137787073690799,2.465694,20764517,20764518,20764738
"after_stage2","TS-RIGHT-TUNED","TS tuned K1cap in {2,5,15,25}, T1=20, T2=4, eta=0.5/L",6,20760517,4,1.16302006642935,0.626266463192695,0.245439445519589,6.88935368453995e-05,0.5,0.4,2,NA,20,4,NA,33,NA,NA,NA,NA,NA,NA,33,252,167,41,2,31,217,2,7,126,20.5,TRUE,0.000137787073690799,2.465694,20764517,20764518,20764738
"after_stage2","TS-RIGHT-TUNED","TS tuned K1cap in {2,5,15,25}, T1=30, T2=4, eta=0.5/L",6,20760517,4,1.15668900518007,0.628982163050226,0.253632195812626,6.88935368453995e-05,0.5,0.4,2,NA,30,4,NA,33,NA,NA,NA,NA,NA,NA,33,252,167,41,2,31,217,2,7,126,20.5,TRUE,0.000137787073690799,2.465694,20764517,20764518,20764738
"after_stage2","TS-RIGHT-TUNED","TS tuned K1cap in {2,5,15,25}, T1=40, T2=4, eta=0.5/L",6,20760517,4,1.15390977823792,0.63303074376701,0.25721454761998,6.88935368453995e-05,0.5,0.4,2,NA,40,4,NA,33,NA,NA,NA,NA,NA,NA,33,252,167,41,2,31,217,2,7,126,20.5,TRUE,0.000137787073690799,2.465694,20764517,20764518,20764738
"after_stage2","TS-RIGHT-TUNED","TS tuned K1cap in {2,5,15,25}, T1=50, T2=4, eta=0.5/L",6,20760517,4,1.15133895833515,0.632835308285024,0.260520595419334,6.88935368453995e-05,0.5,0.4,2,NA,50,4,NA,33,NA,NA,NA,NA,NA,NA,33,252,167,41,2,31,217,2,7,126,20.5,TRUE,0.000137787073690799,2.465694,20764517,20764518,20764738
"after_stage2","TS-RIGHT-TUNED","TS tuned K1cap in {2,5,15,25}, T1=60, T2=4, eta=0.5/L",6,20760517,4,1.14887427889418,0.633088239873173,0.263683224231133,6.88935368453995e-05,0.5,0.4,2,NA,60,4,NA,33,NA,NA,NA,NA,NA,NA,33,252,167,41,2,31,217,2,7,126,20.5,TRUE,0.000137787073690799,2.465694,20764517,20764518,20764738
"after_stage2","TS-RIGHT-TUNED","TS tuned K1cap in {2,5,15,25}, T1=70, T2=4, eta=0.5/L",6,20760517,4,1.1465647293414,0.633560272580223,0.266640642318408,6.88935368453995e-05,0.5,0.4,2,NA,70,4,NA,33,NA,NA,NA,NA,NA,NA,33,252,167,41,2,31,217,2,7,126,20.5,TRUE,0.000137787073690799,2.465694,20764517,20764518,20764738
"after_stage2","TS-RIGHT-TUNED","TS tuned K1cap in {2,5,15,25}, T1=80, T2=4, eta=0.5/L",6,20760517,4,1.1452169658613,0.632725897631189,0.268363726965483,6.88935368453995e-05,0.5,0.4,2,NA,80,4,NA,33,NA,NA,NA,NA,NA,NA,33,252,167,41,2,31,217,2,7,126,20.5,TRUE,0.000137787073690799,2.465694,20764517,20764518,20764738
"after_stage2","TS-RIGHT-TUNED","TS tuned K1cap in {2,5,15,25}, T1=90, T2=4, eta=0.5/L",6,20760517,4,1.14263558908626,0.631862030307862,0.271658299796425,6.88935368453995e-05,0.5,0.4,2,NA,90,4,NA,33,NA,NA,NA,NA,NA,NA,33,252,167,41,2,31,217,2,7,126,20.5,TRUE,0.000137787073690799,2.465694,20764517,20764518,20764738
"after_stage2","TS-RIGHT-TUNED","TS tuned K1cap in {2,5,15,25}, T1=100, T2=4, eta=0.5/L",6,20760517,4,1.1406092459893,0.631364281280652,0.274239282816493,6.88935368453995e-05,0.5,0.4,2,NA,100,4,NA,33,NA,NA,NA,NA,NA,NA,33,252,167,41,2,31,217,2,7,126,20.5,TRUE,0.000137787073690799,2.465694,20764517,20764518,20764738
"stage1_only","TS-RIGHT-TUNED","TS tuned K1cap in {2,5,15,25}, T1=0, T2=4, eta=0.5/L",6,20760517,4,1.35916070044516,0.682456647619048,-0.0305315667915682,6.88935368453995e-05,0.5,0.4,2,NA,0,4,NA,33,NA,NA,NA,NA,NA,NA,0,252,167,41,2,31,217,2,7,126,20.5,TRUE,0.000137787073690799,2.465694,20764517,20764518,20764738
"stage1_only","TS-RIGHT-TUNED","TS tuned K1cap in {2,5,15,25}, T1=10, T2=4, eta=0.5/L",6,20760517,4,1.1818915971134,0.626115851034556,0.220753299326151,6.88935368453995e-05,0.5,0.4,2,NA,10,4,NA,33,NA,NA,NA,NA,NA,NA,33,252,167,41,2,31,217,2,7,126,20.5,TRUE,0.000137787073690799,2.465694,20764517,20764518,20764738
"stage1_only","TS-RIGHT-TUNED","TS tuned K1cap in {2,5,15,25}, T1=20, T2=4, eta=0.5/L",6,20760517,4,1.15411636909371,0.63242707114261,0.256948553827555,6.88935368453995e-05,0.5,0.4,2,NA,20,4,NA,33,NA,NA,NA,NA,NA,NA,33,252,167,41,2,31,217,2,7,126,20.5,TRUE,0.000137787073690799,2.465694,20764517,20764518,20764738
"stage1_only","TS-RIGHT-TUNED","TS tuned K1cap in {2,5,15,25}, T1=30, T2=4, eta=0.5/L",6,20760517,4,1.14255173315116,0.635799329395784,0.271765199203032,6.88935368453995e-05,0.5,0.4,2,NA,30,4,NA,33,NA,NA,NA,NA,NA,NA,33,252,167,41,2,31,217,2,7,126,20.5,TRUE,0.000137787073690799,2.465694,20764517,20764518,20764738
"stage1_only","TS-RIGHT-TUNED","TS tuned K1cap in {2,5,15,25}, T1=40, T2=4, eta=0.5/L",6,20760517,4,1.1380679997161,0.63571127836555,0.277469630384371,6.88935368453995e-05,0.5,0.4,2,NA,40,4,NA,33,NA,NA,NA,NA,NA,NA,33,252,167,41,2,31,217,2,7,126,20.5,TRUE,0.000137787073690799,2.465694,20764517,20764518,20764738
"stage1_only","TS-RIGHT-TUNED","TS tuned K1cap in {2,5,15,25}, T1=50, T2=4, eta=0.5/L",6,20760517,4,1.13489359052641,0.636617980298027,0.281494711962197,6.88935368453995e-05,0.5,0.4,2,NA,50,4,NA,33,NA,NA,NA,NA,NA,NA,33,252,167,41,2,31,217,2,7,126,20.5,TRUE,0.000137787073690799,2.465694,20764517,20764518,20764738
"stage1_only","TS-RIGHT-TUNED","TS tuned K1cap in {2,5,15,25}, T1=60, T2=4, eta=0.5/L",6,20760517,4,1.13269857129765,0.636823174664014,0.284271373589334,6.88935368453995e-05,0.5,0.4,2,NA,60,4,NA,33,NA,NA,NA,NA,NA,NA,33,252,167,41,2,31,217,2,7,126,20.5,TRUE,0.000137787073690799,2.465694,20764517,20764518,20764738
"stage1_only","TS-RIGHT-TUNED","TS tuned K1cap in {2,5,15,25}, T1=70, T2=4, eta=0.5/L",6,20760517,4,1.13024600038556,0.635343580473176,0.287367474961844,6.88935368453995e-05,0.5,0.4,2,NA,70,4,NA,33,NA,NA,NA,NA,NA,NA,33,252,167,41,2,31,217,2,7,126,20.5,TRUE,0.000137787073690799,2.465694,20764517,20764518,20764738
"stage1_only","TS-RIGHT-TUNED","TS tuned K1cap in {2,5,15,25}, T1=80, T2=4, eta=0.5/L",6,20760517,4,1.12629248138224,0.631197544859207,0.292344229911209,6.88935368453995e-05,0.5,0.4,2,NA,80,4,NA,33,NA,NA,NA,NA,NA,NA,33,252,167,41,2,31,217,2,7,126,20.5,TRUE,0.000137787073690799,2.465694,20764517,20764518,20764738
"stage1_only","TS-RIGHT-TUNED","TS tuned K1cap in {2,5,15,25}, T1=90, T2=4, eta=0.5/L",6,20760517,4,1.12346050067995,0.628087772103543,0.295898454016795,6.88935368453995e-05,0.5,0.4,2,NA,90,4,NA,33,NA,NA,NA,NA,NA,NA,33,252,167,41,2,31,217,2,7,126,20.5,TRUE,0.000137787073690799,2.465694,20764517,20764518,20764738
"stage1_only","TS-RIGHT-TUNED","TS tuned K1cap in {2,5,15,25}, T1=100, T2=4, eta=0.5/L",6,20760517,4,1.12128368419981,0.625714132531596,0.298624344190677,6.88935368453995e-05,0.5,0.4,2,NA,100,4,NA,33,NA,NA,NA,NA,NA,NA,33,252,167,41,2,31,217,2,7,126,20.5,TRUE,0.000137787073690799,2.465694,20764517,20764518,20764738
"after_stage2","TS-RIGHT-TUNED","TS tuned K1cap in {2,5,15,25}, T1=0, T2=4, eta=0.5/L",6,20760517,5,0.781666937377243,0.533050120957316,0.22847379883534,6.51611779492197e-05,0.5,0.4,2,NA,0,4,NA,38,NA,NA,NA,NA,NA,NA,38,252,168,42,2,31,249,2,7,126,21,TRUE,0.000130322355898439,2.4398965,20765517,20765518,20765738
"after_stage2","TS-RIGHT-TUNED","TS tuned K1cap in {2,5,15,25}, T1=10, T2=4, eta=0.5/L",6,20760517,5,0.764948451995196,0.52749198604283,0.261124044321587,6.51611779492197e-05,0.5,0.4,5,NA,10,4,NA,38,NA,NA,NA,NA,NA,NA,38,252,168,42,5,31,249,2,7,50.4,21,TRUE,0.000130322355898439,2.4398965,20765517,20765518,20765738
"after_stage2","TS-RIGHT-TUNED","TS tuned K1cap in {2,5,15,25}, T1=20, T2=4, eta=0.5/L",6,20760517,5,0.768393115601285,0.533415968405042,0.254454549806935,6.51611779492197e-05,0.5,0.4,5,NA,20,4,NA,38,NA,NA,NA,NA,NA,NA,38,252,168,42,5,31,249,2,7,50.4,21,TRUE,0.000130322355898439,2.4398965,20765517,20765518,20765738
"after_stage2","TS-RIGHT-TUNED","TS tuned K1cap in {2,5,15,25}, T1=30, T2=4, eta=0.5/L",6,20760517,5,0.773946234409038,0.540340663975745,0.243639610212897,6.51611779492197e-05,0.5,0.4,5,NA,30,4,NA,38,NA,NA,NA,NA,NA,NA,38,252,168,42,5,31,249,2,7,50.4,21,TRUE,0.000130322355898439,2.4398965,20765517,20765518,20765738
"after_stage2","TS-RIGHT-TUNED","TS tuned K1cap in {2,5,15,25}, T1=40, T2=4, eta=0.5/L",6,20760517,5,0.774436299892278,0.545736130170028,0.242681446823797,6.51611779492197e-05,0.5,0.4,15,NA,40,4,NA,38,NA,NA,NA,NA,NA,NA,38,252,168,42,15,31,249,2,7,16.8,21,TRUE,0.000130322355898439,2.4398965,20765517,20765518,20765738
"after_stage2","TS-RIGHT-TUNED","TS tuned K1cap in {2,5,15,25}, T1=50, T2=4, eta=0.5/L",6,20760517,5,0.775834721651856,0.550896835299894,0.239943953958499,6.51611779492197e-05,0.5,0.4,15,NA,50,4,NA,38,NA,NA,NA,NA,NA,NA,38,252,168,42,15,31,249,2,7,16.8,21,TRUE,0.000130322355898439,2.4398965,20765517,20765518,20765738
"after_stage2","TS-RIGHT-TUNED","TS tuned K1cap in {2,5,15,25}, T1=60, T2=4, eta=0.5/L",6,20760517,5,0.774159228499115,0.550242876432459,0.243223244182143,6.51611779492197e-05,0.5,0.4,15,NA,60,4,NA,38,NA,NA,NA,NA,NA,NA,38,252,168,42,15,31,249,2,7,16.8,21,TRUE,0.000130322355898439,2.4398965,20765517,20765518,20765738
"after_stage2","TS-RIGHT-TUNED","TS tuned K1cap in {2,5,15,25}, T1=70, T2=4, eta=0.5/L",6,20760517,5,0.772738581827597,0.550121485135517,0.245998192485559,6.51611779492197e-05,0.5,0.4,15,NA,70,4,NA,38,NA,NA,NA,NA,NA,NA,38,252,168,42,15,31,249,2,7,16.8,21,TRUE,0.000130322355898439,2.4398965,20765517,20765518,20765738
"after_stage2","TS-RIGHT-TUNED","TS tuned K1cap in {2,5,15,25}, T1=80, T2=4, eta=0.5/L",6,20760517,5,0.771568476802657,0.549443303584738,0.248279930063141,6.51611779492197e-05,0.5,0.4,15,NA,80,4,NA,38,NA,NA,NA,NA,NA,NA,38,252,168,42,15,31,249,2,7,16.8,21,TRUE,0.000130322355898439,2.4398965,20765517,20765518,20765738
"after_stage2","TS-RIGHT-TUNED","TS tuned K1cap in {2,5,15,25}, T1=90, T2=4, eta=0.5/L",6,20760517,5,0.773205509504692,0.556566710908159,0.245086705241854,6.51611779492197e-05,0.5,0.4,15,NA,90,4,NA,38,NA,NA,NA,NA,NA,NA,38,252,168,42,15,31,249,2,7,16.8,21,TRUE,0.000130322355898439,2.4398965,20765517,20765518,20765738
"after_stage2","TS-RIGHT-TUNED","TS tuned K1cap in {2,5,15,25}, T1=100, T2=4, eta=0.5/L",6,20760517,5,0.775721345866398,0.558140681833996,0.240166077698219,6.51611779492197e-05,0.5,0.4,15,NA,100,4,NA,38,NA,NA,NA,NA,NA,NA,38,252,168,42,15,31,249,2,7,16.8,21,TRUE,0.000130322355898439,2.4398965,20765517,20765518,20765738
"stage1_only","TS-RIGHT-TUNED","TS tuned K1cap in {2,5,15,25}, T1=0, T2=4, eta=0.5/L",6,20760517,5,0.892899660383722,0.559582711538462,-0.00672883842930805,6.51611779492197e-05,0.5,0.4,2,NA,0,4,NA,38,NA,NA,NA,NA,NA,NA,0,252,168,42,2,31,249,2,7,126,21,TRUE,0.000130322355898439,2.4398965,20765517,20765518,20765738
"stage1_only","TS-RIGHT-TUNED","TS tuned K1cap in {2,5,15,25}, T1=10, T2=4, eta=0.5/L",6,20760517,5,0.805244615559326,0.522929384885428,0.181228244238106,6.51611779492197e-05,0.5,0.4,5,NA,10,4,NA,38,NA,NA,NA,NA,NA,NA,38,252,168,42,5,31,249,2,7,50.4,21,TRUE,0.000130322355898439,2.4398965,20765517,20765518,20765738
"stage1_only","TS-RIGHT-TUNED","TS tuned K1cap in {2,5,15,25}, T1=20, T2=4, eta=0.5/L",6,20760517,5,0.811257846253214,0.539111350781505,0.168954094141113,6.51611779492197e-05,0.5,0.4,5,NA,20,4,NA,38,NA,NA,NA,NA,NA,NA,38,252,168,42,5,31,249,2,7,50.4,21,TRUE,0.000130322355898439,2.4398965,20765517,20765518,20765738
"stage1_only","TS-RIGHT-TUNED","TS tuned K1cap in {2,5,15,25}, T1=30, T2=4, eta=0.5/L",6,20760517,5,0.818953931115732,0.550058637932029,0.15311169072415,6.51611779492197e-05,0.5,0.4,5,NA,30,4,NA,38,NA,NA,NA,NA,NA,NA,38,252,168,42,5,31,249,2,7,50.4,21,TRUE,0.000130322355898439,2.4398965,20765517,20765518,20765738
"stage1_only","TS-RIGHT-TUNED","TS tuned K1cap in {2,5,15,25}, T1=40, T2=4, eta=0.5/L",6,20760517,5,0.82599366003193,0.558892187485895,0.138489407375945,6.51611779492197e-05,0.5,0.4,5,NA,40,4,NA,38,NA,NA,NA,NA,NA,NA,38,252,168,42,5,31,249,2,7,50.4,21,TRUE,0.000130322355898439,2.4398965,20765517,20765518,20765738
"stage1_only","TS-RIGHT-TUNED","TS tuned K1cap in {2,5,15,25}, T1=50, T2=4, eta=0.5/L",6,20760517,5,0.832922846829995,0.565557458499141,0.123974509260744,6.51611779492197e-05,0.5,0.4,5,NA,50,4,NA,38,NA,NA,NA,NA,NA,NA,38,252,168,42,5,31,249,2,7,50.4,21,TRUE,0.000130322355898439,2.4398965,20765517,20765518,20765738
"stage1_only","TS-RIGHT-TUNED","TS tuned K1cap in {2,5,15,25}, T1=60, T2=4, eta=0.5/L",6,20760517,5,0.837321514488347,0.566432920832202,0.114697492137165,6.51611779492197e-05,0.5,0.4,5,NA,60,4,NA,38,NA,NA,NA,NA,NA,NA,38,252,168,42,5,31,249,2,7,50.4,21,TRUE,0.000130322355898439,2.4398965,20765517,20765518,20765738
"stage1_only","TS-RIGHT-TUNED","TS tuned K1cap in {2,5,15,25}, T1=70, T2=4, eta=0.5/L",6,20760517,5,0.839243961084319,0.567890857016744,0.110627608457433,6.51611779492197e-05,0.5,0.4,5,NA,70,4,NA,38,NA,NA,NA,NA,NA,NA,38,252,168,42,5,31,249,2,7,50.4,21,TRUE,0.000130322355898439,2.4398965,20765517,20765518,20765738
"stage1_only","TS-RIGHT-TUNED","TS tuned K1cap in {2,5,15,25}, T1=80, T2=4, eta=0.5/L",6,20760517,5,0.840252141488981,0.569201809434547,0.10848952601915,6.51611779492197e-05,0.5,0.4,5,NA,80,4,NA,38,NA,NA,NA,NA,NA,NA,38,252,168,42,5,31,249,2,7,50.4,21,TRUE,0.000130322355898439,2.4398965,20765517,20765518,20765738
"stage1_only","TS-RIGHT-TUNED","TS tuned K1cap in {2,5,15,25}, T1=90, T2=4, eta=0.5/L",6,20760517,5,0.841122069710391,0.570041079140436,0.106642576625724,6.51611779492197e-05,0.5,0.4,5,NA,90,4,NA,38,NA,NA,NA,NA,NA,NA,38,252,168,42,5,31,249,2,7,50.4,21,TRUE,0.000130322355898439,2.4398965,20765517,20765518,20765738
"stage1_only","TS-RIGHT-TUNED","TS tuned K1cap in {2,5,15,25}, T1=100, T2=4, eta=0.5/L",6,20760517,5,0.841248555116106,0.569762553502667,0.106373875621998,6.51611779492197e-05,0.5,0.4,5,NA,100,4,NA,38,NA,NA,NA,NA,NA,NA,38,252,168,42,5,31,249,2,7,50.4,21,TRUE,0.000130322355898439,2.4398965,20765517,20765518,20765738
"after_stage2","TS-RIGHT-TUNED","TS tuned K1cap in {2,5,15,25}, T1=0, T2=4, eta=0.5/L",7,20860517,1,0.600918394696143,0.449178700442755,0.194042979849592,6.7165740982095e-05,0.5,0.4,2,NA,0,4,NA,14,NA,NA,NA,NA,NA,NA,14,252,167,41,2,31,92,2,7,126,20.5,TRUE,0.00013433148196419,2.458379,20861517,20861518,20861738
"after_stage2","TS-RIGHT-TUNED","TS tuned K1cap in {2,5,15,25}, T1=10, T2=4, eta=0.5/L",7,20860517,1,0.592239963912094,0.452950919290203,0.217154056489943,6.7165740982095e-05,0.5,0.4,15,NA,10,4,NA,14,NA,NA,NA,NA,NA,NA,14,252,167,41,15,31,92,2,7,16.8,20.5,TRUE,0.00013433148196419,2.458379,20861517,20861518,20861738
"after_stage2","TS-RIGHT-TUNED","TS tuned K1cap in {2,5,15,25}, T1=20, T2=4, eta=0.5/L",7,20860517,1,0.595422569807311,0.460299710267658,0.2087176634459,6.7165740982095e-05,0.5,0.4,15,NA,20,4,NA,14,NA,NA,NA,NA,NA,NA,14,252,167,41,15,31,92,2,7,16.8,20.5,TRUE,0.00013433148196419,2.458379,20861517,20861518,20861738
"after_stage2","TS-RIGHT-TUNED","TS tuned K1cap in {2,5,15,25}, T1=30, T2=4, eta=0.5/L",7,20860517,1,0.592186742697149,0.460393247582763,0.217294749934202,6.7165740982095e-05,0.5,0.4,15,NA,30,4,NA,14,NA,NA,NA,NA,NA,NA,14,252,167,41,15,31,92,2,7,16.8,20.5,TRUE,0.00013433148196419,2.458379,20861517,20861518,20861738
"after_stage2","TS-RIGHT-TUNED","TS tuned K1cap in {2,5,15,25}, T1=40, T2=4, eta=0.5/L",7,20860517,1,0.591179827867848,0.461576448632351,0.219954206606426,6.7165740982095e-05,0.5,0.4,15,NA,40,4,NA,14,NA,NA,NA,NA,NA,NA,14,252,167,41,15,31,92,2,7,16.8,20.5,TRUE,0.00013433148196419,2.458379,20861517,20861518,20861738
"after_stage2","TS-RIGHT-TUNED","TS tuned K1cap in {2,5,15,25}, T1=50, T2=4, eta=0.5/L",7,20860517,1,0.585995133252235,0.458403025314407,0.233576338555002,6.7165740982095e-05,0.5,0.4,15,NA,50,4,NA,14,NA,NA,NA,NA,NA,NA,14,252,167,41,15,31,92,2,7,16.8,20.5,TRUE,0.00013433148196419,2.458379,20861517,20861518,20861738
"after_stage2","TS-RIGHT-TUNED","TS tuned K1cap in {2,5,15,25}, T1=60, T2=4, eta=0.5/L",7,20860517,1,0.584303156236127,0.458576389726788,0.23799582610944,6.7165740982095e-05,0.5,0.4,15,NA,60,4,NA,14,NA,NA,NA,NA,NA,NA,14,252,167,41,15,31,92,2,7,16.8,20.5,TRUE,0.00013433148196419,2.458379,20861517,20861518,20861738
"after_stage2","TS-RIGHT-TUNED","TS tuned K1cap in {2,5,15,25}, T1=70, T2=4, eta=0.5/L",7,20860517,1,0.588203145738185,0.466726665234624,0.227789733392787,6.7165740982095e-05,0.5,0.4,15,NA,70,4,NA,14,NA,NA,NA,NA,NA,NA,14,252,167,41,15,31,92,2,7,16.8,20.5,TRUE,0.00013433148196419,2.458379,20861517,20861518,20861738
"after_stage2","TS-RIGHT-TUNED","TS tuned K1cap in {2,5,15,25}, T1=80, T2=4, eta=0.5/L",7,20860517,1,0.578763049826483,0.456047381916266,0.252377301059895,6.7165740982095e-05,0.5,0.4,15,NA,80,4,NA,14,NA,NA,NA,NA,NA,NA,14,252,167,41,15,31,92,2,7,16.8,20.5,TRUE,0.00013433148196419,2.458379,20861517,20861518,20861738
"after_stage2","TS-RIGHT-TUNED","TS tuned K1cap in {2,5,15,25}, T1=90, T2=4, eta=0.5/L",7,20860517,1,0.577853789610576,0.455904072759395,0.254724546942573,6.7165740982095e-05,0.5,0.4,15,NA,90,4,NA,14,NA,NA,NA,NA,NA,NA,14,252,167,41,15,31,92,2,7,16.8,20.5,TRUE,0.00013433148196419,2.458379,20861517,20861518,20861738
"after_stage2","TS-RIGHT-TUNED","TS tuned K1cap in {2,5,15,25}, T1=100, T2=4, eta=0.5/L",7,20860517,1,0.577252867710918,0.456379482203451,0.256273795156194,6.7165740982095e-05,0.5,0.4,15,NA,100,4,NA,14,NA,NA,NA,NA,NA,NA,14,252,167,41,15,31,92,2,7,16.8,20.5,TRUE,0.00013433148196419,2.458379,20861517,20861518,20861738
"stage1_only","TS-RIGHT-TUNED","TS tuned K1cap in {2,5,15,25}, T1=0, T2=4, eta=0.5/L",7,20860517,1,0.669734647272677,0.471330104761905,-0.00112064930557776,6.7165740982095e-05,0.5,0.4,2,NA,0,4,NA,14,NA,NA,NA,NA,NA,NA,0,252,167,41,2,31,92,2,7,126,20.5,TRUE,0.00013433148196419,2.458379,20861517,20861518,20861738
"stage1_only","TS-RIGHT-TUNED","TS tuned K1cap in {2,5,15,25}, T1=10, T2=4, eta=0.5/L",7,20860517,1,0.611011589378231,0.440110023221973,0.16674144479852,6.7165740982095e-05,0.5,0.4,15,NA,10,4,NA,14,NA,NA,NA,NA,NA,NA,14,252,167,41,15,31,92,2,7,16.8,20.5,TRUE,0.00013433148196419,2.458379,20861517,20861518,20861738
"stage1_only","TS-RIGHT-TUNED","TS tuned K1cap in {2,5,15,25}, T1=20, T2=4, eta=0.5/L",7,20860517,1,0.602890989808412,0.439726539221012,0.188742971387439,6.7165740982095e-05,0.5,0.4,15,NA,20,4,NA,14,NA,NA,NA,NA,NA,NA,14,252,167,41,15,31,92,2,7,16.8,20.5,TRUE,0.00013433148196419,2.458379,20861517,20861518,20861738
"stage1_only","TS-RIGHT-TUNED","TS tuned K1cap in {2,5,15,25}, T1=30, T2=4, eta=0.5/L",7,20860517,1,0.600048375293775,0.441547007030492,0.196375045727726,6.7165740982095e-05,0.5,0.4,15,NA,30,4,NA,14,NA,NA,NA,NA,NA,NA,14,252,167,41,15,31,92,2,7,16.8,20.5,TRUE,0.00013433148196419,2.458379,20861517,20861518,20861738
"stage1_only","TS-RIGHT-TUNED","TS tuned K1cap in {2,5,15,25}, T1=40, T2=4, eta=0.5/L",7,20860517,1,0.598452345026641,0.443855583803287,0.200644381459282,6.7165740982095e-05,0.5,0.4,15,NA,40,4,NA,14,NA,NA,NA,NA,NA,NA,14,252,167,41,15,31,92,2,7,16.8,20.5,TRUE,0.00013433148196419,2.458379,20861517,20861518,20861738
"stage1_only","TS-RIGHT-TUNED","TS tuned K1cap in {2,5,15,25}, T1=50, T2=4, eta=0.5/L",7,20860517,1,0.597161142217817,0.445821959129957,0.20408999173015,6.7165740982095e-05,0.5,0.4,15,NA,50,4,NA,14,NA,NA,NA,NA,NA,NA,14,252,167,41,15,31,92,2,7,16.8,20.5,TRUE,0.00013433148196419,2.458379,20861517,20861518,20861738
"stage1_only","TS-RIGHT-TUNED","TS tuned K1cap in {2,5,15,25}, T1=60, T2=4, eta=0.5/L",7,20860517,1,0.59303108947504,0.443136106612777,0.215061178158099,6.7165740982095e-05,0.5,0.4,15,NA,60,4,NA,14,NA,NA,NA,NA,NA,NA,14,252,167,41,15,31,92,2,7,16.8,20.5,TRUE,0.00013433148196419,2.458379,20861517,20861518,20861738
"stage1_only","TS-RIGHT-TUNED","TS tuned K1cap in {2,5,15,25}, T1=70, T2=4, eta=0.5/L",7,20860517,1,0.590586857560021,0.442297816994693,0.221518238395044,6.7165740982095e-05,0.5,0.4,15,NA,70,4,NA,14,NA,NA,NA,NA,NA,NA,14,252,167,41,15,31,92,2,7,16.8,20.5,TRUE,0.00013433148196419,2.458379,20861517,20861518,20861738
"stage1_only","TS-RIGHT-TUNED","TS tuned K1cap in {2,5,15,25}, T1=80, T2=4, eta=0.5/L",7,20860517,1,0.588713950664674,0.442327681782935,0.22644795178511,6.7165740982095e-05,0.5,0.4,15,NA,80,4,NA,14,NA,NA,NA,NA,NA,NA,14,252,167,41,15,31,92,2,7,16.8,20.5,TRUE,0.00013433148196419,2.458379,20861517,20861518,20861738
"stage1_only","TS-RIGHT-TUNED","TS tuned K1cap in {2,5,15,25}, T1=90, T2=4, eta=0.5/L",7,20860517,1,0.587139192883651,0.442232287715191,0.230580783610434,6.7165740982095e-05,0.5,0.4,15,NA,90,4,NA,14,NA,NA,NA,NA,NA,NA,14,252,167,41,15,31,92,2,7,16.8,20.5,TRUE,0.00013433148196419,2.458379,20861517,20861518,20861738
"stage1_only","TS-RIGHT-TUNED","TS tuned K1cap in {2,5,15,25}, T1=100, T2=4, eta=0.5/L",7,20860517,1,0.585958339737247,0.442112065654036,0.233672580088696,6.7165740982095e-05,0.5,0.4,15,NA,100,4,NA,14,NA,NA,NA,NA,NA,NA,14,252,167,41,15,31,92,2,7,16.8,20.5,TRUE,0.00013433148196419,2.458379,20861517,20861518,20861738
"after_stage2","TS-RIGHT-TUNED","TS tuned K1cap in {2,5,15,25}, T1=0, T2=4, eta=0.5/L",7,20860517,2,1.47343489172133,0.706218603474607,0.0484164195745003,6.90468814413865e-05,0.5,0.4,2,NA,0,4,NA,19,NA,NA,NA,NA,NA,NA,19,252,167,41,2,31,125,2,7,126,20.5,TRUE,0.000138093762882773,2.469759,20862517,20862518,20862738
"after_stage2","TS-RIGHT-TUNED","TS tuned K1cap in {2,5,15,25}, T1=10, T2=4, eta=0.5/L",7,20860517,2,1.37559700746603,0.706313680127095,0.170593404686339,6.90468814413865e-05,0.5,0.4,2,NA,10,4,NA,19,NA,NA,NA,NA,NA,NA,19,252,167,41,2,31,125,2,7,126,20.5,TRUE,0.000138093762882773,2.469759,20862517,20862518,20862738
"after_stage2","TS-RIGHT-TUNED","TS tuned K1cap in {2,5,15,25}, T1=20, T2=4, eta=0.5/L",7,20860517,2,1.34590529436208,0.702171286522364,0.206011809815472,6.90468814413865e-05,0.5,0.4,2,NA,20,4,NA,19,NA,NA,NA,NA,NA,NA,19,252,167,41,2,31,125,2,7,126,20.5,TRUE,0.000138093762882773,2.469759,20862517,20862518,20862738
"after_stage2","TS-RIGHT-TUNED","TS tuned K1cap in {2,5,15,25}, T1=30, T2=4, eta=0.5/L",7,20860517,2,1.33237347382428,0.700645031953884,0.221897169313009,6.90468814413865e-05,0.5,0.4,2,NA,30,4,NA,19,NA,NA,NA,NA,NA,NA,19,252,167,41,2,31,125,2,7,126,20.5,TRUE,0.000138093762882773,2.469759,20862517,20862518,20862738
"after_stage2","TS-RIGHT-TUNED","TS tuned K1cap in {2,5,15,25}, T1=40, T2=4, eta=0.5/L",7,20860517,2,1.32527922896759,0.7025550266111,0.23016115281028,6.90468814413865e-05,0.5,0.4,2,NA,40,4,NA,19,NA,NA,NA,NA,NA,NA,19,252,167,41,2,31,125,2,7,126,20.5,TRUE,0.000138093762882773,2.469759,20862517,20862518,20862738
"after_stage2","TS-RIGHT-TUNED","TS tuned K1cap in {2,5,15,25}, T1=50, T2=4, eta=0.5/L",7,20860517,2,1.31599493700209,0.706383802776786,0.240909639245658,6.90468814413865e-05,0.5,0.4,2,NA,50,4,NA,19,NA,NA,NA,NA,NA,NA,19,252,167,41,2,31,125,2,7,126,20.5,TRUE,0.000138093762882773,2.469759,20862517,20862518,20862738
"after_stage2","TS-RIGHT-TUNED","TS tuned K1cap in {2,5,15,25}, T1=60, T2=4, eta=0.5/L",7,20860517,2,1.31632228666189,0.706263443571408,0.240531949530195,6.90468814413865e-05,0.5,0.4,2,NA,60,4,NA,19,NA,NA,NA,NA,NA,NA,19,252,167,41,2,31,125,2,7,126,20.5,TRUE,0.000138093762882773,2.469759,20862517,20862518,20862738
"after_stage2","TS-RIGHT-TUNED","TS tuned K1cap in {2,5,15,25}, T1=70, T2=4, eta=0.5/L",7,20860517,2,1.31031707460461,0.707637253310833,0.247445702144711,6.90468814413865e-05,0.5,0.4,2,NA,70,4,NA,19,NA,NA,NA,NA,NA,NA,19,252,167,41,2,31,125,2,7,126,20.5,TRUE,0.000138093762882773,2.469759,20862517,20862518,20862738
"after_stage2","TS-RIGHT-TUNED","TS tuned K1cap in {2,5,15,25}, T1=80, T2=4, eta=0.5/L",7,20860517,2,1.3093387364193,0.710379755458236,0.248569060393944,6.90468814413865e-05,0.5,0.4,2,NA,80,4,NA,19,NA,NA,NA,NA,NA,NA,19,252,167,41,2,31,125,2,7,126,20.5,TRUE,0.000138093762882773,2.469759,20862517,20862518,20862738
"after_stage2","TS-RIGHT-TUNED","TS tuned K1cap in {2,5,15,25}, T1=90, T2=4, eta=0.5/L",7,20860517,2,1.30715087740185,0.711520029529581,0.251078191694431,6.90468814413865e-05,0.5,0.4,2,NA,90,4,NA,19,NA,NA,NA,NA,NA,NA,19,252,167,41,2,31,125,2,7,126,20.5,TRUE,0.000138093762882773,2.469759,20862517,20862518,20862738
"after_stage2","TS-RIGHT-TUNED","TS tuned K1cap in {2,5,15,25}, T1=100, T2=4, eta=0.5/L",7,20860517,2,1.30438720633894,0.712260251581416,0.254241691080408,6.90468814413865e-05,0.5,0.4,2,NA,100,4,NA,19,NA,NA,NA,NA,NA,NA,19,252,167,41,2,31,125,2,7,126,20.5,TRUE,0.000138093762882773,2.469759,20862517,20862518,20862738
"stage1_only","TS-RIGHT-TUNED","TS tuned K1cap in {2,5,15,25}, T1=0, T2=4, eta=0.5/L",7,20860517,2,1.54979224465272,0.759406638095238,-0.0527663776098812,6.90468814413865e-05,0.5,0.4,2,NA,0,4,NA,19,NA,NA,NA,NA,NA,NA,0,252,167,41,2,31,125,2,7,126,20.5,TRUE,0.000138093762882773,2.469759,20862517,20862518,20862738
"stage1_only","TS-RIGHT-TUNED","TS tuned K1cap in {2,5,15,25}, T1=10, T2=4, eta=0.5/L",7,20860517,2,1.34353085280894,0.711787394908971,0.208810841156473,6.90468814413865e-05,0.5,0.4,2,NA,10,4,NA,19,NA,NA,NA,NA,NA,NA,19,252,167,41,2,31,125,2,7,126,20.5,TRUE,0.000138093762882773,2.469759,20862517,20862518,20862738
"stage1_only","TS-RIGHT-TUNED","TS tuned K1cap in {2,5,15,25}, T1=20, T2=4, eta=0.5/L",7,20860517,2,1.30688620838565,0.713468613384628,0.251381441050615,6.90468814413865e-05,0.5,0.4,2,NA,20,4,NA,19,NA,NA,NA,NA,NA,NA,19,252,167,41,2,31,125,2,7,126,20.5,TRUE,0.000138093762882773,2.469759,20862517,20862518,20862738
"stage1_only","TS-RIGHT-TUNED","TS tuned K1cap in {2,5,15,25}, T1=30, T2=4, eta=0.5/L",7,20860517,2,1.29032826458208,0.71410115017531,0.270230916038407,6.90468814413865e-05,0.5,0.4,2,NA,30,4,NA,19,NA,NA,NA,NA,NA,NA,19,252,167,41,2,31,125,2,7,126,20.5,TRUE,0.000138093762882773,2.469759,20862517,20862518,20862738
"stage1_only","TS-RIGHT-TUNED","TS tuned K1cap in {2,5,15,25}, T1=40, T2=4, eta=0.5/L",7,20860517,2,1.2812963511798,0.713910940913607,0.280411492707329,6.90468814413865e-05,0.5,0.4,2,NA,40,4,NA,19,NA,NA,NA,NA,NA,NA,19,252,167,41,2,31,125,2,7,126,20.5,TRUE,0.000138093762882773,2.469759,20862517,20862518,20862738
"stage1_only","TS-RIGHT-TUNED","TS tuned K1cap in {2,5,15,25}, T1=50, T2=4, eta=0.5/L",7,20860517,2,1.27571579142074,0.713306526249059,0.286666035860003,6.90468814413865e-05,0.5,0.4,2,NA,50,4,NA,19,NA,NA,NA,NA,NA,NA,19,252,167,41,2,31,125,2,7,126,20.5,TRUE,0.000138093762882773,2.469759,20862517,20862518,20862738
"stage1_only","TS-RIGHT-TUNED","TS tuned K1cap in {2,5,15,25}, T1=60, T2=4, eta=0.5/L",7,20860517,2,1.27192079995189,0.712479288048242,0.290903766238244,6.90468814413865e-05,0.5,0.4,2,NA,60,4,NA,19,NA,NA,NA,NA,NA,NA,19,252,167,41,2,31,125,2,7,126,20.5,TRUE,0.000138093762882773,2.469759,20862517,20862518,20862738
"stage1_only","TS-RIGHT-TUNED","TS tuned K1cap in {2,5,15,25}, T1=70, T2=4, eta=0.5/L",7,20860517,2,1.2692319469781,0.711116725317215,0.293898669966133,6.90468814413865e-05,0.5,0.4,2,NA,70,4,NA,19,NA,NA,NA,NA,NA,NA,19,252,167,41,2,31,125,2,7,126,20.5,TRUE,0.000138093762882773,2.469759,20862517,20862518,20862738
"stage1_only","TS-RIGHT-TUNED","TS tuned K1cap in {2,5,15,25}, T1=80, T2=4, eta=0.5/L",7,20860517,2,1.26631248290285,0.706498612531579,0.29714325679059,6.90468814413865e-05,0.5,0.4,2,NA,80,4,NA,19,NA,NA,NA,NA,NA,NA,19,252,167,41,2,31,125,2,7,126,20.5,TRUE,0.000138093762882773,2.469759,20862517,20862518,20862738
"stage1_only","TS-RIGHT-TUNED","TS tuned K1cap in {2,5,15,25}, T1=90, T2=4, eta=0.5/L",7,20860517,2,1.26443325606901,0.705091555154061,0.299227808915311,6.90468814413865e-05,0.5,0.4,2,NA,90,4,NA,19,NA,NA,NA,NA,NA,NA,19,252,167,41,2,31,125,2,7,126,20.5,TRUE,0.000138093762882773,2.469759,20862517,20862518,20862738
"stage1_only","TS-RIGHT-TUNED","TS tuned K1cap in {2,5,15,25}, T1=100, T2=4, eta=0.5/L",7,20860517,2,1.2630373995117,0.704946775447457,0.30077417370686,6.90468814413865e-05,0.5,0.4,2,NA,100,4,NA,19,NA,NA,NA,NA,NA,NA,19,252,167,41,2,31,125,2,7,126,20.5,TRUE,0.000138093762882773,2.469759,20862517,20862518,20862738
"after_stage2","TS-RIGHT-TUNED","TS tuned K1cap in {2,5,15,25}, T1=0, T2=4, eta=0.5/L",7,20860517,3,0.793765410997468,0.451463034615384,0.054713712478704,6.01490262796337e-05,0.5,0.4,2,NA,0,4,NA,13,NA,NA,NA,NA,NA,NA,13,252,167,41,2,31,86,2,7,126,20.5,TRUE,0.000120298052559267,2.44818,20863517,20863518,20863738
"after_stage2","TS-RIGHT-TUNED","TS tuned K1cap in {2,5,15,25}, T1=10, T2=4, eta=0.5/L",7,20860517,3,0.724720556164686,0.474226347048185,0.212010959286836,6.01490262796337e-05,0.5,0.4,2,NA,10,4,NA,13,NA,NA,NA,NA,NA,NA,13,252,167,41,2,31,86,2,7,126,20.5,TRUE,0.000120298052559267,2.44818,20863517,20863518,20863738
"after_stage2","TS-RIGHT-TUNED","TS tuned K1cap in {2,5,15,25}, T1=20, T2=4, eta=0.5/L",7,20860517,3,0.705663485876983,0.474279914604698,0.252907616335985,6.01490262796337e-05,0.5,0.4,2,NA,20,4,NA,13,NA,NA,NA,NA,NA,NA,13,252,167,41,2,31,86,2,7,126,20.5,TRUE,0.000120298052559267,2.44818,20863517,20863518,20863738
"after_stage2","TS-RIGHT-TUNED","TS tuned K1cap in {2,5,15,25}, T1=30, T2=4, eta=0.5/L",7,20860517,3,0.693205198674812,0.468396801327308,0.279054161015165,6.01490262796337e-05,0.5,0.4,2,NA,30,4,NA,13,NA,NA,NA,NA,NA,NA,13,252,167,41,2,31,86,2,7,126,20.5,TRUE,0.000120298052559267,2.44818,20863517,20863518,20863738
"after_stage2","TS-RIGHT-TUNED","TS tuned K1cap in {2,5,15,25}, T1=40, T2=4, eta=0.5/L",7,20860517,3,0.69072800005217,0.475304520491732,0.284197616375696,6.01490262796337e-05,0.5,0.4,2,NA,40,4,NA,13,NA,NA,NA,NA,NA,NA,13,252,167,41,2,31,86,2,7,126,20.5,TRUE,0.000120298052559267,2.44818,20863517,20863518,20863738
"after_stage2","TS-RIGHT-TUNED","TS tuned K1cap in {2,5,15,25}, T1=50, T2=4, eta=0.5/L",7,20860517,3,0.685429190313769,0.471432352927622,0.295137819536786,6.01490262796337e-05,0.5,0.4,2,NA,50,4,NA,13,NA,NA,NA,NA,NA,NA,13,252,167,41,2,31,86,2,7,126,20.5,TRUE,0.000120298052559267,2.44818,20863517,20863518,20863738
"after_stage2","TS-RIGHT-TUNED","TS tuned K1cap in {2,5,15,25}, T1=60, T2=4, eta=0.5/L",7,20860517,3,0.681799765033059,0.474053823180267,0.302582706785791,6.01490262796337e-05,0.5,0.4,2,NA,60,4,NA,13,NA,NA,NA,NA,NA,NA,13,252,167,41,2,31,86,2,7,126,20.5,TRUE,0.000120298052559267,2.44818,20863517,20863518,20863738
"after_stage2","TS-RIGHT-TUNED","TS tuned K1cap in {2,5,15,25}, T1=70, T2=4, eta=0.5/L",7,20860517,3,0.681722377560468,0.477074474814778,0.30274101807139,6.01490262796337e-05,0.5,0.4,2,NA,70,4,NA,13,NA,NA,NA,NA,NA,NA,13,252,167,41,2,31,86,2,7,126,20.5,TRUE,0.000120298052559267,2.44818,20863517,20863518,20863738
"after_stage2","TS-RIGHT-TUNED","TS tuned K1cap in {2,5,15,25}, T1=80, T2=4, eta=0.5/L",7,20860517,3,0.681842179429616,0.479190118297977,0.302495932177608,6.01490262796337e-05,0.5,0.4,2,NA,80,4,NA,13,NA,NA,NA,NA,NA,NA,13,252,167,41,2,31,86,2,7,126,20.5,TRUE,0.000120298052559267,2.44818,20863517,20863518,20863738
"after_stage2","TS-RIGHT-TUNED","TS tuned K1cap in {2,5,15,25}, T1=90, T2=4, eta=0.5/L",7,20860517,3,0.682180312470436,0.481043114076149,0.301803960754737,6.01490262796337e-05,0.5,0.4,2,NA,90,4,NA,13,NA,NA,NA,NA,NA,NA,13,252,167,41,2,31,86,2,7,126,20.5,TRUE,0.000120298052559267,2.44818,20863517,20863518,20863738
"after_stage2","TS-RIGHT-TUNED","TS tuned K1cap in {2,5,15,25}, T1=100, T2=4, eta=0.5/L",7,20860517,3,0.670426218465957,0.471031888045917,0.325656776712028,6.01490262796337e-05,0.5,0.4,2,NA,100,4,NA,13,NA,NA,NA,NA,NA,NA,13,252,167,41,2,31,86,2,7,126,20.5,TRUE,0.000120298052559267,2.44818,20863517,20863518,20863738
"stage1_only","TS-RIGHT-TUNED","TS tuned K1cap in {2,5,15,25}, T1=0, T2=4, eta=0.5/L",7,20860517,3,0.816439785212672,0.462525257142857,-6.2947969904803e-05,6.01490262796337e-05,0.5,0.4,2,NA,0,4,NA,13,NA,NA,NA,NA,NA,NA,0,252,167,41,2,31,86,2,7,126,20.5,TRUE,0.000120298052559267,2.44818,20863517,20863518,20863738
"stage1_only","TS-RIGHT-TUNED","TS tuned K1cap in {2,5,15,25}, T1=10, T2=4, eta=0.5/L",7,20860517,3,0.726318352820664,0.517214546019654,0.208532558798062,6.01490262796337e-05,0.5,0.4,2,NA,10,4,NA,13,NA,NA,NA,NA,NA,NA,13,252,167,41,2,31,86,2,7,126,20.5,TRUE,0.000120298052559267,2.44818,20863517,20863518,20863738
"stage1_only","TS-RIGHT-TUNED","TS tuned K1cap in {2,5,15,25}, T1=20, T2=4, eta=0.5/L",7,20860517,3,0.705897257895215,0.510932041716563,0.2524125411997,6.01490262796337e-05,0.5,0.4,2,NA,20,4,NA,13,NA,NA,NA,NA,NA,NA,13,252,167,41,2,31,86,2,7,126,20.5,TRUE,0.000120298052559267,2.44818,20863517,20863518,20863738
"stage1_only","TS-RIGHT-TUNED","TS tuned K1cap in {2,5,15,25}, T1=30, T2=4, eta=0.5/L",7,20860517,3,0.697217257790764,0.509449264658746,0.270684784337559,6.01490262796337e-05,0.5,0.4,2,NA,30,4,NA,13,NA,NA,NA,NA,NA,NA,13,252,167,41,2,31,86,2,7,126,20.5,TRUE,0.000120298052559267,2.44818,20863517,20863518,20863738
"stage1_only","TS-RIGHT-TUNED","TS tuned K1cap in {2,5,15,25}, T1=40, T2=4, eta=0.5/L",7,20860517,3,0.689309769917844,0.508644722736886,0.287134026407906,6.01490262796337e-05,0.5,0.4,2,NA,40,4,NA,13,NA,NA,NA,NA,NA,NA,13,252,167,41,2,31,86,2,7,126,20.5,TRUE,0.000120298052559267,2.44818,20863517,20863518,20863738
"stage1_only","TS-RIGHT-TUNED","TS tuned K1cap in {2,5,15,25}, T1=50, T2=4, eta=0.5/L",7,20860517,3,0.686666477840107,0.510214967118062,0.292590789624289,6.01490262796337e-05,0.5,0.4,2,NA,50,4,NA,13,NA,NA,NA,NA,NA,NA,13,252,167,41,2,31,86,2,7,126,20.5,TRUE,0.000120298052559267,2.44818,20863517,20863518,20863738
"stage1_only","TS-RIGHT-TUNED","TS tuned K1cap in {2,5,15,25}, T1=60, T2=4, eta=0.5/L",7,20860517,3,0.686642445541513,0.512930281122107,0.292640305284137,6.01490262796337e-05,0.5,0.4,2,NA,60,4,NA,13,NA,NA,NA,NA,NA,NA,13,252,167,41,2,31,86,2,7,126,20.5,TRUE,0.000120298052559267,2.44818,20863517,20863518,20863738
"stage1_only","TS-RIGHT-TUNED","TS tuned K1cap in {2,5,15,25}, T1=70, T2=4, eta=0.5/L",7,20860517,3,0.685978347670275,0.513288017306166,0.294007913430824,6.01490262796337e-05,0.5,0.4,2,NA,70,4,NA,13,NA,NA,NA,NA,NA,NA,13,252,167,41,2,31,86,2,7,126,20.5,TRUE,0.000120298052559267,2.44818,20863517,20863518,20863738
"stage1_only","TS-RIGHT-TUNED","TS tuned K1cap in {2,5,15,25}, T1=80, T2=4, eta=0.5/L",7,20860517,3,0.685399252372191,0.513060094724887,0.295199391650234,6.01490262796337e-05,0.5,0.4,2,NA,80,4,NA,13,NA,NA,NA,NA,NA,NA,13,252,167,41,2,31,86,2,7,126,20.5,TRUE,0.000120298052559267,2.44818,20863517,20863518,20863738
"stage1_only","TS-RIGHT-TUNED","TS tuned K1cap in {2,5,15,25}, T1=90, T2=4, eta=0.5/L",7,20860517,3,0.685129321365639,0.512717851792054,0.295754426031576,6.01490262796337e-05,0.5,0.4,2,NA,90,4,NA,13,NA,NA,NA,NA,NA,NA,13,252,167,41,2,31,86,2,7,126,20.5,TRUE,0.000120298052559267,2.44818,20863517,20863518,20863738
"stage1_only","TS-RIGHT-TUNED","TS tuned K1cap in {2,5,15,25}, T1=100, T2=4, eta=0.5/L",7,20860517,3,0.675003838717103,0.504134053920925,0.3164166079129,6.01490262796337e-05,0.5,0.4,2,NA,100,4,NA,13,NA,NA,NA,NA,NA,NA,13,252,167,41,2,31,86,2,7,126,20.5,TRUE,0.000120298052559267,2.44818,20863517,20863518,20863738
"after_stage2","TS-RIGHT-TUNED","TS tuned K1cap in {2,5,15,25}, T1=0, T2=4, eta=0.5/L",7,20860517,4,0.792030924235923,0.523164695157276,0.192932087670131,7.50499540353865e-05,0.5,0.4,2,NA,0,4,NA,12,NA,NA,NA,NA,NA,NA,12,252,167,41,2,31,79,2,7,126,20.5,TRUE,0.000150099908070773,2.465694,20864517,20864518,20864738
"after_stage2","TS-RIGHT-TUNED","TS tuned K1cap in {2,5,15,25}, T1=10, T2=4, eta=0.5/L",7,20860517,4,0.770201325993135,0.523660451107705,0.236807089291783,7.50499540353865e-05,0.5,0.4,15,NA,10,4,NA,12,NA,NA,NA,NA,NA,NA,12,252,167,41,15,31,79,2,7,16.8,20.5,TRUE,0.000150099908070773,2.465694,20864517,20864518,20864738
"after_stage2","TS-RIGHT-TUNED","TS tuned K1cap in {2,5,15,25}, T1=20, T2=4, eta=0.5/L",7,20860517,4,0.761351589584687,0.515622366340048,0.254244746874654,7.50499540353865e-05,0.5,0.4,15,NA,20,4,NA,12,NA,NA,NA,NA,NA,NA,12,252,167,41,15,31,79,2,7,16.8,20.5,TRUE,0.000150099908070773,2.465694,20864517,20864518,20864738
"after_stage2","TS-RIGHT-TUNED","TS tuned K1cap in {2,5,15,25}, T1=30, T2=4, eta=0.5/L",7,20860517,4,0.758629894376362,0.514696097083425,0.259567098826536,7.50499540353865e-05,0.5,0.4,15,NA,30,4,NA,12,NA,NA,NA,NA,NA,NA,12,252,167,41,15,31,79,2,7,16.8,20.5,TRUE,0.000150099908070773,2.465694,20864517,20864518,20864738
"after_stage2","TS-RIGHT-TUNED","TS tuned K1cap in {2,5,15,25}, T1=40, T2=4, eta=0.5/L",7,20860517,4,0.757441495485743,0.51492209567092,0.261885068199923,7.50499540353865e-05,0.5,0.4,15,NA,40,4,NA,12,NA,NA,NA,NA,NA,NA,12,252,167,41,15,31,79,2,7,16.8,20.5,TRUE,0.000150099908070773,2.465694,20864517,20864518,20864738
"after_stage2","TS-RIGHT-TUNED","TS tuned K1cap in {2,5,15,25}, T1=50, T2=4, eta=0.5/L",7,20860517,4,0.756905576664197,0.51522449058417,0.262929187769377,7.50499540353865e-05,0.5,0.4,15,NA,50,4,NA,12,NA,NA,NA,NA,NA,NA,12,252,167,41,15,31,79,2,7,16.8,20.5,TRUE,0.000150099908070773,2.465694,20864517,20864518,20864738
"after_stage2","TS-RIGHT-TUNED","TS tuned K1cap in {2,5,15,25}, T1=60, T2=4, eta=0.5/L",7,20860517,4,0.756542521973382,0.515503466492496,0.263636099824898,7.50499540353865e-05,0.5,0.4,15,NA,60,4,NA,12,NA,NA,NA,NA,NA,NA,12,252,167,41,15,31,79,2,7,16.8,20.5,TRUE,0.000150099908070773,2.465694,20864517,20864518,20864738
"after_stage2","TS-RIGHT-TUNED","TS tuned K1cap in {2,5,15,25}, T1=70, T2=4, eta=0.5/L",7,20860517,4,0.758795145534286,0.517690048797672,0.259244489022598,7.50499540353865e-05,0.5,0.4,15,NA,70,4,NA,12,NA,NA,NA,NA,NA,NA,12,252,167,41,15,31,79,2,7,16.8,20.5,TRUE,0.000150099908070773,2.465694,20864517,20864518,20864738
"after_stage2","TS-RIGHT-TUNED","TS tuned K1cap in {2,5,15,25}, T1=80, T2=4, eta=0.5/L",7,20860517,4,0.767116261351738,0.523813597478973,0.242908828862416,7.50499540353865e-05,0.5,0.4,25,NA,80,4,NA,12,NA,NA,NA,NA,NA,NA,12,252,167,41,25,31,79,2,7,10.08,20.5,TRUE,0.000150099908070773,2.465694,20864517,20864518,20864738
"after_stage2","TS-RIGHT-TUNED","TS tuned K1cap in {2,5,15,25}, T1=90, T2=4, eta=0.5/L",7,20860517,4,0.767590963902142,0.524603800028603,0.24197154118714,7.50499540353865e-05,0.5,0.4,25,NA,90,4,NA,12,NA,NA,NA,NA,NA,NA,12,252,167,41,25,31,79,2,7,10.08,20.5,TRUE,0.000150099908070773,2.465694,20864517,20864518,20864738
"after_stage2","TS-RIGHT-TUNED","TS tuned K1cap in {2,5,15,25}, T1=100, T2=4, eta=0.5/L",7,20860517,4,0.768237248362054,0.525455783840964,0.240694537480115,7.50499540353865e-05,0.5,0.4,25,NA,100,4,NA,12,NA,NA,NA,NA,NA,NA,12,252,167,41,25,31,79,2,7,10.08,20.5,TRUE,0.000150099908070773,2.465694,20864517,20864518,20864738
"stage1_only","TS-RIGHT-TUNED","TS tuned K1cap in {2,5,15,25}, T1=0, T2=4, eta=0.5/L",7,20860517,4,0.883238186815215,0.577159904761905,-0.00364812742166687,7.50499540353865e-05,0.5,0.4,2,NA,0,4,NA,12,NA,NA,NA,NA,NA,NA,0,252,167,41,2,31,79,2,7,126,20.5,TRUE,0.000150099908070773,2.465694,20864517,20864518,20864738
"stage1_only","TS-RIGHT-TUNED","TS tuned K1cap in {2,5,15,25}, T1=10, T2=4, eta=0.5/L",7,20860517,4,0.776888964504391,0.510953296659502,0.223495979850172,7.50499540353865e-05,0.5,0.4,5,NA,10,4,NA,12,NA,NA,NA,NA,NA,NA,12,252,167,41,5,31,79,2,7,50.4,20.5,TRUE,0.000150099908070773,2.465694,20864517,20864518,20864738
"stage1_only","TS-RIGHT-TUNED","TS tuned K1cap in {2,5,15,25}, T1=20, T2=4, eta=0.5/L",7,20860517,4,0.771718881497112,0.509468169964794,0.233796633265395,7.50499540353865e-05,0.5,0.4,5,NA,20,4,NA,12,NA,NA,NA,NA,NA,NA,12,252,167,41,5,31,79,2,7,50.4,20.5,TRUE,0.000150099908070773,2.465694,20864517,20864518,20864738
"stage1_only","TS-RIGHT-TUNED","TS tuned K1cap in {2,5,15,25}, T1=30, T2=4, eta=0.5/L",7,20860517,4,0.772624588868452,0.50347175338516,0.231997109435198,7.50499540353865e-05,0.5,0.4,5,NA,30,4,NA,12,NA,NA,NA,NA,NA,NA,12,252,167,41,5,31,79,2,7,50.4,20.5,TRUE,0.000150099908070773,2.465694,20864517,20864518,20864738
"stage1_only","TS-RIGHT-TUNED","TS tuned K1cap in {2,5,15,25}, T1=40, T2=4, eta=0.5/L",7,20860517,4,0.776465579962282,0.508303273921715,0.224342098745428,7.50499540353865e-05,0.5,0.4,5,NA,40,4,NA,12,NA,NA,NA,NA,NA,NA,12,252,167,41,5,31,79,2,7,50.4,20.5,TRUE,0.000150099908070773,2.465694,20864517,20864518,20864738
"stage1_only","TS-RIGHT-TUNED","TS tuned K1cap in {2,5,15,25}, T1=50, T2=4, eta=0.5/L",7,20860517,4,0.779658836110324,0.511985567264271,0.217949110916918,7.50499540353865e-05,0.5,0.4,5,NA,50,4,NA,12,NA,NA,NA,NA,NA,NA,12,252,167,41,5,31,79,2,7,50.4,20.5,TRUE,0.000150099908070773,2.465694,20864517,20864518,20864738
"stage1_only","TS-RIGHT-TUNED","TS tuned K1cap in {2,5,15,25}, T1=60, T2=4, eta=0.5/L",7,20860517,4,0.779426078095823,0.515159798073095,0.218415985484351,7.50499540353865e-05,0.5,0.4,15,NA,60,4,NA,12,NA,NA,NA,NA,NA,NA,12,252,167,41,15,31,79,2,7,16.8,20.5,TRUE,0.000150099908070773,2.465694,20864517,20864518,20864738
"stage1_only","TS-RIGHT-TUNED","TS tuned K1cap in {2,5,15,25}, T1=70, T2=4, eta=0.5/L",7,20860517,4,0.778456935009056,0.514526825840678,0.220358429665549,7.50499540353865e-05,0.5,0.4,15,NA,70,4,NA,12,NA,NA,NA,NA,NA,NA,12,252,167,41,15,31,79,2,7,16.8,20.5,TRUE,0.000150099908070773,2.465694,20864517,20864518,20864738
"stage1_only","TS-RIGHT-TUNED","TS tuned K1cap in {2,5,15,25}, T1=80, T2=4, eta=0.5/L",7,20860517,4,0.77756397714012,0.513921881663426,0.222146037303942,7.50499540353865e-05,0.5,0.4,15,NA,80,4,NA,12,NA,NA,NA,NA,NA,NA,12,252,167,41,15,31,79,2,7,16.8,20.5,TRUE,0.000150099908070773,2.465694,20864517,20864518,20864738
"stage1_only","TS-RIGHT-TUNED","TS tuned K1cap in {2,5,15,25}, T1=90, T2=4, eta=0.5/L",7,20860517,4,0.776819280952948,0.513441543224562,0.223635271650185,7.50499540353865e-05,0.5,0.4,15,NA,90,4,NA,12,NA,NA,NA,NA,NA,NA,12,252,167,41,15,31,79,2,7,16.8,20.5,TRUE,0.000150099908070773,2.465694,20864517,20864518,20864738
"stage1_only","TS-RIGHT-TUNED","TS tuned K1cap in {2,5,15,25}, T1=100, T2=4, eta=0.5/L",7,20860517,4,0.77635050384274,0.513023804452946,0.224571994543265,7.50499540353865e-05,0.5,0.4,15,NA,100,4,NA,12,NA,NA,NA,NA,NA,NA,12,252,167,41,15,31,79,2,7,16.8,20.5,TRUE,0.000150099908070773,2.465694,20864517,20864518,20864738
"after_stage2","TS-RIGHT-TUNED","TS tuned K1cap in {2,5,15,25}, T1=0, T2=4, eta=0.5/L",7,20860517,5,0.665382533380162,0.480318813027666,0.0990146216349206,6.01923708821441e-05,0.5,0.4,2,NA,0,4,NA,14,NA,NA,NA,NA,NA,NA,14,252,168,42,2,31,92,2,7,126,21,TRUE,0.000120384741764288,2.486504,20865517,20865518,20865738
"after_stage2","TS-RIGHT-TUNED","TS tuned K1cap in {2,5,15,25}, T1=10, T2=4, eta=0.5/L",7,20860517,5,0.664211921699428,0.484787188364917,0.102182051441141,6.01923708821441e-05,0.5,0.4,25,NA,10,4,NA,14,NA,NA,NA,NA,NA,NA,14,252,168,42,25,31,92,2,7,10.08,21,TRUE,0.000120384741764288,2.486504,20865517,20865518,20865738
"after_stage2","TS-RIGHT-TUNED","TS tuned K1cap in {2,5,15,25}, T1=20, T2=4, eta=0.5/L",7,20860517,5,0.669038348986462,0.487616243378552,0.08908684350718,6.01923708821441e-05,0.5,0.4,25,NA,20,4,NA,14,NA,NA,NA,NA,NA,NA,14,252,168,42,25,31,92,2,7,10.08,21,TRUE,0.000120384741764288,2.486504,20865517,20865518,20865738
"after_stage2","TS-RIGHT-TUNED","TS tuned K1cap in {2,5,15,25}, T1=30, T2=4, eta=0.5/L",7,20860517,5,0.669111900861326,0.489509853010199,0.088886546907008,6.01923708821441e-05,0.5,0.4,25,NA,30,4,NA,14,NA,NA,NA,NA,NA,NA,14,252,168,42,25,31,92,2,7,10.08,21,TRUE,0.000120384741764288,2.486504,20865517,20865518,20865738
"after_stage2","TS-RIGHT-TUNED","TS tuned K1cap in {2,5,15,25}, T1=40, T2=4, eta=0.5/L",7,20860517,5,0.666283788973478,0.491113805362976,0.096572212923633,6.01923708821441e-05,0.5,0.4,25,NA,40,4,NA,14,NA,NA,NA,NA,NA,NA,14,252,168,42,25,31,92,2,7,10.08,21,TRUE,0.000120384741764288,2.486504,20865517,20865518,20865738
"after_stage2","TS-RIGHT-TUNED","TS tuned K1cap in {2,5,15,25}, T1=50, T2=4, eta=0.5/L",7,20860517,5,0.668841865629649,0.493212352908388,0.0896217993693775,6.01923708821441e-05,0.5,0.4,25,NA,50,4,NA,14,NA,NA,NA,NA,NA,NA,14,252,168,42,25,31,92,2,7,10.08,21,TRUE,0.000120384741764288,2.486504,20865517,20865518,20865738
"after_stage2","TS-RIGHT-TUNED","TS tuned K1cap in {2,5,15,25}, T1=60, T2=4, eta=0.5/L",7,20860517,5,0.669356517282453,0.493644576728131,0.0882202486352912,6.01923708821441e-05,0.5,0.4,25,NA,60,4,NA,14,NA,NA,NA,NA,NA,NA,14,252,168,42,25,31,92,2,7,10.08,21,TRUE,0.000120384741764288,2.486504,20865517,20865518,20865738
"after_stage2","TS-RIGHT-TUNED","TS tuned K1cap in {2,5,15,25}, T1=70, T2=4, eta=0.5/L",7,20860517,5,0.66966946885612,0.49386949373041,0.0873674606055846,6.01923708821441e-05,0.5,0.4,25,NA,70,4,NA,14,NA,NA,NA,NA,NA,NA,14,252,168,42,25,31,92,2,7,10.08,21,TRUE,0.000120384741764288,2.486504,20865517,20865518,20865738
"after_stage2","TS-RIGHT-TUNED","TS tuned K1cap in {2,5,15,25}, T1=80, T2=4, eta=0.5/L",7,20860517,5,0.66935345465138,0.48675439193184,0.088228592286358,6.01923708821441e-05,0.5,0.4,25,NA,80,4,NA,14,NA,NA,NA,NA,NA,NA,14,252,168,42,25,31,92,2,7,10.08,21,TRUE,0.000120384741764288,2.486504,20865517,20865518,20865738
"after_stage2","TS-RIGHT-TUNED","TS tuned K1cap in {2,5,15,25}, T1=90, T2=4, eta=0.5/L",7,20860517,5,0.669586638800708,0.487392488578584,0.087593209970985,6.01923708821441e-05,0.5,0.4,25,NA,90,4,NA,14,NA,NA,NA,NA,NA,NA,14,252,168,42,25,31,92,2,7,10.08,21,TRUE,0.000120384741764288,2.486504,20865517,20865518,20865738
"after_stage2","TS-RIGHT-TUNED","TS tuned K1cap in {2,5,15,25}, T1=100, T2=4, eta=0.5/L",7,20860517,5,0.672113786598863,0.494909727388816,0.0806930183710507,6.01923708821441e-05,0.5,0.4,15,NA,100,4,NA,14,NA,NA,NA,NA,NA,NA,14,252,168,42,15,31,92,2,7,16.8,21,TRUE,0.000120384741764288,2.486504,20865517,20865518,20865738
"stage1_only","TS-RIGHT-TUNED","TS tuned K1cap in {2,5,15,25}, T1=0, T2=4, eta=0.5/L",7,20860517,5,0.70747645381533,0.522767403846154,-0.0185888812267567,6.01923708821441e-05,0.5,0.4,2,NA,0,4,NA,14,NA,NA,NA,NA,NA,NA,0,252,168,42,2,31,92,2,7,126,21,TRUE,0.000120384741764288,2.486504,20865517,20865518,20865738
"stage1_only","TS-RIGHT-TUNED","TS tuned K1cap in {2,5,15,25}, T1=10, T2=4, eta=0.5/L",7,20860517,5,0.673525589306277,0.486358601566663,0.0768268777358866,6.01923708821441e-05,0.5,0.4,5,NA,10,4,NA,14,NA,NA,NA,NA,NA,NA,14,252,168,42,5,31,92,2,7,50.4,21,TRUE,0.000120384741764288,2.486504,20865517,20865518,20865738
"stage1_only","TS-RIGHT-TUNED","TS tuned K1cap in {2,5,15,25}, T1=20, T2=4, eta=0.5/L",7,20860517,5,0.669479326118126,0.483376621873475,0.0878856440444001,6.01923708821441e-05,0.5,0.4,15,NA,20,4,NA,14,NA,NA,NA,NA,NA,NA,14,252,168,42,15,31,92,2,7,16.8,21,TRUE,0.000120384741764288,2.486504,20865517,20865518,20865738
"stage1_only","TS-RIGHT-TUNED","TS tuned K1cap in {2,5,15,25}, T1=30, T2=4, eta=0.5/L",7,20860517,5,0.66884079038896,0.484740597268738,0.0896247264436135,6.01923708821441e-05,0.5,0.4,15,NA,30,4,NA,14,NA,NA,NA,NA,NA,NA,14,252,168,42,15,31,92,2,7,16.8,21,TRUE,0.000120384741764288,2.486504,20865517,20865518,20865738
"stage1_only","TS-RIGHT-TUNED","TS tuned K1cap in {2,5,15,25}, T1=40, T2=4, eta=0.5/L",7,20860517,5,0.667469211283665,0.485715225901884,0.0933546766139555,6.01923708821441e-05,0.5,0.4,15,NA,40,4,NA,14,NA,NA,NA,NA,NA,NA,14,252,168,42,15,31,92,2,7,16.8,21,TRUE,0.000120384741764288,2.486504,20865517,20865518,20865738
"stage1_only","TS-RIGHT-TUNED","TS tuned K1cap in {2,5,15,25}, T1=50, T2=4, eta=0.5/L",7,20860517,5,0.664144639203165,0.485564649605801,0.102363934274789,6.01923708821441e-05,0.5,0.4,15,NA,50,4,NA,14,NA,NA,NA,NA,NA,NA,14,252,168,42,15,31,92,2,7,16.8,21,TRUE,0.000120384741764288,2.486504,20865517,20865518,20865738
"stage1_only","TS-RIGHT-TUNED","TS tuned K1cap in {2,5,15,25}, T1=60, T2=4, eta=0.5/L",7,20860517,5,0.66243470953878,0.486110894287977,0.106980153543752,6.01923708821441e-05,0.5,0.4,15,NA,60,4,NA,14,NA,NA,NA,NA,NA,NA,14,252,168,42,15,31,92,2,7,16.8,21,TRUE,0.000120384741764288,2.486504,20865517,20865518,20865738
"stage1_only","TS-RIGHT-TUNED","TS tuned K1cap in {2,5,15,25}, T1=70, T2=4, eta=0.5/L",7,20860517,5,0.662075259987384,0.487278523513888,0.107949029387517,6.01923708821441e-05,0.5,0.4,15,NA,70,4,NA,14,NA,NA,NA,NA,NA,NA,14,252,168,42,15,31,92,2,7,16.8,21,TRUE,0.000120384741764288,2.486504,20865517,20865518,20865738
"stage1_only","TS-RIGHT-TUNED","TS tuned K1cap in {2,5,15,25}, T1=80, T2=4, eta=0.5/L",7,20860517,5,0.662593055359106,0.489303784684319,0.106553174526246,6.01923708821441e-05,0.5,0.4,15,NA,80,4,NA,14,NA,NA,NA,NA,NA,NA,14,252,168,42,15,31,92,2,7,16.8,21,TRUE,0.000120384741764288,2.486504,20865517,20865518,20865738
"stage1_only","TS-RIGHT-TUNED","TS tuned K1cap in {2,5,15,25}, T1=90, T2=4, eta=0.5/L",7,20860517,5,0.663669493990294,0.491039104812453,0.103647856141971,6.01923708821441e-05,0.5,0.4,15,NA,90,4,NA,14,NA,NA,NA,NA,NA,NA,14,252,168,42,15,31,92,2,7,16.8,21,TRUE,0.000120384741764288,2.486504,20865517,20865518,20865738
"stage1_only","TS-RIGHT-TUNED","TS tuned K1cap in {2,5,15,25}, T1=100, T2=4, eta=0.5/L",7,20860517,5,0.664587289635891,0.491712607732804,0.101166991976102,6.01923708821441e-05,0.5,0.4,15,NA,100,4,NA,14,NA,NA,NA,NA,NA,NA,14,252,168,42,15,31,92,2,7,16.8,21,TRUE,0.000120384741764288,2.486504,20865517,20865518,20865738
"after_stage2","TS-RIGHT-TUNED","TS tuned K1cap in {2,5,15,25}, T1=0, T2=4, eta=0.5/L",8,20960517,1,0.708590794328102,0.560930141285335,-0.0611365636244945,6.56484099517854e-05,0.5,0.4,2,NA,0,4,NA,31,NA,NA,NA,NA,NA,NA,31,252,167,41,2,31,203,2,7,126,20.5,TRUE,0.000131296819903571,2.423912,20961517,20961518,20961738
"after_stage2","TS-RIGHT-TUNED","TS tuned K1cap in {2,5,15,25}, T1=10, T2=4, eta=0.5/L",8,20960517,1,0.694113337695997,0.540550391818705,-0.0182186485063516,6.56484099517854e-05,0.5,0.4,15,NA,10,4,NA,31,NA,NA,NA,NA,NA,NA,31,252,167,41,15,31,203,2,7,16.8,20.5,TRUE,0.000131296819903571,2.423912,20961517,20961518,20961738
"after_stage2","TS-RIGHT-TUNED","TS tuned K1cap in {2,5,15,25}, T1=20, T2=4, eta=0.5/L",8,20960517,1,0.689842626142741,0.53247614811336,-0.00572748828777914,6.56484099517854e-05,0.5,0.4,2,NA,20,4,NA,31,NA,NA,NA,NA,NA,NA,31,252,167,41,2,31,203,2,7,126,20.5,TRUE,0.000131296819903571,2.423912,20961517,20961518,20961738
"after_stage2","TS-RIGHT-TUNED","TS tuned K1cap in {2,5,15,25}, T1=30, T2=4, eta=0.5/L",8,20960517,1,0.687014654339298,0.528171028943371,0.00250145876281171,6.56484099517854e-05,0.5,0.4,5,NA,30,4,NA,31,NA,NA,NA,NA,NA,NA,31,252,167,41,5,31,203,2,7,50.4,20.5,TRUE,0.000131296819903571,2.423912,20961517,20961518,20961738
"after_stage2","TS-RIGHT-TUNED","TS tuned K1cap in {2,5,15,25}, T1=40, T2=4, eta=0.5/L",8,20960517,1,0.681505288425522,0.527212225200206,0.0184357597275239,6.56484099517854e-05,0.5,0.4,2,NA,40,4,NA,31,NA,NA,NA,NA,NA,NA,31,252,167,41,2,31,203,2,7,126,20.5,TRUE,0.000131296819903571,2.423912,20961517,20961518,20961738
"after_stage2","TS-RIGHT-TUNED","TS tuned K1cap in {2,5,15,25}, T1=50, T2=4, eta=0.5/L",8,20960517,1,0.684211930772451,0.529850845276289,0.0106235854181074,6.56484099517854e-05,0.5,0.4,5,NA,50,4,NA,31,NA,NA,NA,NA,NA,NA,31,252,167,41,5,31,203,2,7,50.4,20.5,TRUE,0.000131296819903571,2.423912,20961517,20961518,20961738
"after_stage2","TS-RIGHT-TUNED","TS tuned K1cap in {2,5,15,25}, T1=60, T2=4, eta=0.5/L",8,20960517,1,0.682131007798369,0.53447924085169,0.0166324994284281,6.56484099517854e-05,0.5,0.4,5,NA,60,4,NA,31,NA,NA,NA,NA,NA,NA,31,252,167,41,5,31,203,2,7,50.4,20.5,TRUE,0.000131296819903571,2.423912,20961517,20961518,20961738
"after_stage2","TS-RIGHT-TUNED","TS tuned K1cap in {2,5,15,25}, T1=70, T2=4, eta=0.5/L",8,20960517,1,0.685849160253887,0.544916416181389,0.00588302422891418,6.56484099517854e-05,0.5,0.4,15,NA,70,4,NA,31,NA,NA,NA,NA,NA,NA,31,252,167,41,15,31,203,2,7,16.8,20.5,TRUE,0.000131296819903571,2.423912,20961517,20961518,20961738
"after_stage2","TS-RIGHT-TUNED","TS tuned K1cap in {2,5,15,25}, T1=80, T2=4, eta=0.5/L",8,20960517,1,0.682188617619302,0.542650671149619,0.0164663905219375,6.56484099517854e-05,0.5,0.4,15,NA,80,4,NA,31,NA,NA,NA,NA,NA,NA,31,252,167,41,15,31,203,2,7,16.8,20.5,TRUE,0.000131296819903571,2.423912,20961517,20961518,20961738
"after_stage2","TS-RIGHT-TUNED","TS tuned K1cap in {2,5,15,25}, T1=90, T2=4, eta=0.5/L",8,20960517,1,0.678519499459663,0.527591012539318,0.027017714079943,6.56484099517854e-05,0.5,0.4,25,NA,90,4,NA,31,NA,NA,NA,NA,NA,NA,31,252,167,41,25,31,203,2,7,10.08,20.5,TRUE,0.000131296819903571,2.423912,20961517,20961518,20961738
"after_stage2","TS-RIGHT-TUNED","TS tuned K1cap in {2,5,15,25}, T1=100, T2=4, eta=0.5/L",8,20960517,1,0.681179444334103,0.533977757276999,0.0193741543448751,6.56484099517854e-05,0.5,0.4,5,NA,100,4,NA,31,NA,NA,NA,NA,NA,NA,31,252,167,41,5,31,203,2,7,50.4,20.5,TRUE,0.000131296819903571,2.423912,20961517,20961518,20961738
"stage1_only","TS-RIGHT-TUNED","TS tuned K1cap in {2,5,15,25}, T1=0, T2=4, eta=0.5/L",8,20960517,1,0.692521185812157,0.515322523809524,-0.0135528414957127,6.56484099517854e-05,0.5,0.4,2,NA,0,4,NA,31,NA,NA,NA,NA,NA,NA,0,252,167,41,2,31,203,2,7,126,20.5,TRUE,0.000131296819903571,2.423912,20961517,20961518,20961738
"stage1_only","TS-RIGHT-TUNED","TS tuned K1cap in {2,5,15,25}, T1=10, T2=4, eta=0.5/L",8,20960517,1,0.584425597567313,0.448372814555267,0.278163686015674,6.56484099517854e-05,0.5,0.4,2,NA,10,4,NA,31,NA,NA,NA,NA,NA,NA,31,252,167,41,2,31,203,2,7,126,20.5,TRUE,0.000131296819903571,2.423912,20961517,20961518,20961738
"stage1_only","TS-RIGHT-TUNED","TS tuned K1cap in {2,5,15,25}, T1=20, T2=4, eta=0.5/L",8,20960517,1,0.57532928995111,0.447692460226511,0.300458898601123,6.56484099517854e-05,0.5,0.4,2,NA,20,4,NA,31,NA,NA,NA,NA,NA,NA,31,252,167,41,2,31,203,2,7,126,20.5,TRUE,0.000131296819903571,2.423912,20961517,20961518,20961738
"stage1_only","TS-RIGHT-TUNED","TS tuned K1cap in {2,5,15,25}, T1=30, T2=4, eta=0.5/L",8,20960517,1,0.576597816879408,0.452606143262466,0.297370701887461,6.56484099517854e-05,0.5,0.4,2,NA,30,4,NA,31,NA,NA,NA,NA,NA,NA,31,252,167,41,2,31,203,2,7,126,20.5,TRUE,0.000131296819903571,2.423912,20961517,20961518,20961738
"stage1_only","TS-RIGHT-TUNED","TS tuned K1cap in {2,5,15,25}, T1=40, T2=4, eta=0.5/L",8,20960517,1,0.576057122052753,0.453108499943122,0.298687841457797,6.56484099517854e-05,0.5,0.4,2,NA,40,4,NA,31,NA,NA,NA,NA,NA,NA,31,252,167,41,2,31,203,2,7,126,20.5,TRUE,0.000131296819903571,2.423912,20961517,20961518,20961738
"stage1_only","TS-RIGHT-TUNED","TS tuned K1cap in {2,5,15,25}, T1=50, T2=4, eta=0.5/L",8,20960517,1,0.57600469862602,0.453131650236979,0.298815479889007,6.56484099517854e-05,0.5,0.4,2,NA,50,4,NA,31,NA,NA,NA,NA,NA,NA,31,252,167,41,2,31,203,2,7,126,20.5,TRUE,0.000131296819903571,2.423912,20961517,20961518,20961738
"stage1_only","TS-RIGHT-TUNED","TS tuned K1cap in {2,5,15,25}, T1=60, T2=4, eta=0.5/L",8,20960517,1,0.576891081430016,0.454875714632102,0.296655788786293,6.56484099517854e-05,0.5,0.4,2,NA,60,4,NA,31,NA,NA,NA,NA,NA,NA,31,252,167,41,2,31,203,2,7,126,20.5,TRUE,0.000131296819903571,2.423912,20961517,20961518,20961738
"stage1_only","TS-RIGHT-TUNED","TS tuned K1cap in {2,5,15,25}, T1=70, T2=4, eta=0.5/L",8,20960517,1,0.578331266153875,0.456661096445543,0.29313966586592,6.56484099517854e-05,0.5,0.4,2,NA,70,4,NA,31,NA,NA,NA,NA,NA,NA,31,252,167,41,2,31,203,2,7,126,20.5,TRUE,0.000131296819903571,2.423912,20961517,20961518,20961738
"stage1_only","TS-RIGHT-TUNED","TS tuned K1cap in {2,5,15,25}, T1=80, T2=4, eta=0.5/L",8,20960517,1,0.580088544995585,0.458395481298086,0.288837502243775,6.56484099517854e-05,0.5,0.4,2,NA,80,4,NA,31,NA,NA,NA,NA,NA,NA,31,252,167,41,2,31,203,2,7,126,20.5,TRUE,0.000131296819903571,2.423912,20961517,20961518,20961738
"stage1_only","TS-RIGHT-TUNED","TS tuned K1cap in {2,5,15,25}, T1=90, T2=4, eta=0.5/L",8,20960517,1,0.58202134211575,0.460065642324577,0.284090562340928,6.56484099517854e-05,0.5,0.4,2,NA,90,4,NA,31,NA,NA,NA,NA,NA,NA,31,252,167,41,2,31,203,2,7,126,20.5,TRUE,0.000131296819903571,2.423912,20961517,20961518,20961738
"stage1_only","TS-RIGHT-TUNED","TS tuned K1cap in {2,5,15,25}, T1=100, T2=4, eta=0.5/L",8,20960517,1,0.583897987569845,0.461561866459797,0.27946642205475,6.56484099517854e-05,0.5,0.4,2,NA,100,4,NA,31,NA,NA,NA,NA,NA,NA,31,252,167,41,2,31,203,2,7,126,20.5,TRUE,0.000131296819903571,2.423912,20961517,20961518,20961738
"after_stage2","TS-RIGHT-TUNED","TS tuned K1cap in {2,5,15,25}, T1=0, T2=4, eta=0.5/L",8,20960517,2,0.900621121197298,0.566764783534956,0.0911903556552516,6.5724464510262e-05,0.5,0.4,2,NA,0,4,NA,11,NA,NA,NA,NA,NA,NA,11,252,167,41,2,31,73,2,7,126,20.5,TRUE,0.000131448929020524,2.469354,20962517,20962518,20962738
"after_stage2","TS-RIGHT-TUNED","TS tuned K1cap in {2,5,15,25}, T1=10, T2=4, eta=0.5/L",8,20960517,2,0.884148258762379,0.597246013817816,0.124131588569126,6.5724464510262e-05,0.5,0.4,2,NA,10,4,NA,11,NA,NA,NA,NA,NA,NA,11,252,167,41,2,31,73,2,7,126,20.5,TRUE,0.000131448929020524,2.469354,20962517,20962518,20962738
"after_stage2","TS-RIGHT-TUNED","TS tuned K1cap in {2,5,15,25}, T1=20, T2=4, eta=0.5/L",8,20960517,2,0.871339768457024,0.59217210264117,0.149324855455036,6.5724464510262e-05,0.5,0.4,2,NA,20,4,NA,11,NA,NA,NA,NA,NA,NA,11,252,167,41,2,31,73,2,7,126,20.5,TRUE,0.000131448929020524,2.469354,20962517,20962518,20962738
"after_stage2","TS-RIGHT-TUNED","TS tuned K1cap in {2,5,15,25}, T1=30, T2=4, eta=0.5/L",8,20960517,2,0.869996446482945,0.601098000592616,0.151945761321373,6.5724464510262e-05,0.5,0.4,2,NA,30,4,NA,11,NA,NA,NA,NA,NA,NA,11,252,167,41,2,31,73,2,7,126,20.5,TRUE,0.000131448929020524,2.469354,20962517,20962518,20962738
"after_stage2","TS-RIGHT-TUNED","TS tuned K1cap in {2,5,15,25}, T1=40, T2=4, eta=0.5/L",8,20960517,2,0.866270626918156,0.601514424765965,0.159193908775986,6.5724464510262e-05,0.5,0.4,2,NA,40,4,NA,11,NA,NA,NA,NA,NA,NA,11,252,167,41,2,31,73,2,7,126,20.5,TRUE,0.000131448929020524,2.469354,20962517,20962518,20962738
"after_stage2","TS-RIGHT-TUNED","TS tuned K1cap in {2,5,15,25}, T1=50, T2=4, eta=0.5/L",8,20960517,2,0.863471845202916,0.601187613299512,0.164618151921464,6.5724464510262e-05,0.5,0.4,2,NA,50,4,NA,11,NA,NA,NA,NA,NA,NA,11,252,167,41,2,31,73,2,7,126,20.5,TRUE,0.000131448929020524,2.469354,20962517,20962518,20962738
"after_stage2","TS-RIGHT-TUNED","TS tuned K1cap in {2,5,15,25}, T1=60, T2=4, eta=0.5/L",8,20960517,2,0.862273496498239,0.601789452893456,0.166935272275843,6.5724464510262e-05,0.5,0.4,2,NA,60,4,NA,11,NA,NA,NA,NA,NA,NA,11,252,167,41,2,31,73,2,7,126,20.5,TRUE,0.000131448929020524,2.469354,20962517,20962518,20962738
"after_stage2","TS-RIGHT-TUNED","TS tuned K1cap in {2,5,15,25}, T1=70, T2=4, eta=0.5/L",8,20960517,2,0.849062616307073,0.587390450994972,0.192266470921479,6.5724464510262e-05,0.5,0.4,2,NA,70,4,NA,11,NA,NA,NA,NA,NA,NA,11,252,167,41,2,31,73,2,7,126,20.5,TRUE,0.000131448929020524,2.469354,20962517,20962518,20962738
"after_stage2","TS-RIGHT-TUNED","TS tuned K1cap in {2,5,15,25}, T1=80, T2=4, eta=0.5/L",8,20960517,2,0.845790992485489,0.586286082764251,0.198479225897166,6.5724464510262e-05,0.5,0.4,2,NA,80,4,NA,11,NA,NA,NA,NA,NA,NA,11,252,167,41,2,31,73,2,7,126,20.5,TRUE,0.000131448929020524,2.469354,20962517,20962518,20962738
"after_stage2","TS-RIGHT-TUNED","TS tuned K1cap in {2,5,15,25}, T1=90, T2=4, eta=0.5/L",8,20960517,2,0.844666306134464,0.586445564320477,0.200609445128824,6.5724464510262e-05,0.5,0.4,2,NA,90,4,NA,11,NA,NA,NA,NA,NA,NA,11,252,167,41,2,31,73,2,7,126,20.5,TRUE,0.000131448929020524,2.469354,20962517,20962518,20962738
"after_stage2","TS-RIGHT-TUNED","TS tuned K1cap in {2,5,15,25}, T1=100, T2=4, eta=0.5/L",8,20960517,2,0.843940201433741,0.586846551863673,0.201983222563998,6.5724464510262e-05,0.5,0.4,2,NA,100,4,NA,11,NA,NA,NA,NA,NA,NA,11,252,167,41,2,31,73,2,7,126,20.5,TRUE,0.000131448929020524,2.469354,20962517,20962518,20962738
"stage1_only","TS-RIGHT-TUNED","TS tuned K1cap in {2,5,15,25}, T1=0, T2=4, eta=0.5/L",8,20960517,2,0.946487048728029,0.550522561904762,-0.00373258445307534,6.5724464510262e-05,0.5,0.4,2,NA,0,4,NA,11,NA,NA,NA,NA,NA,NA,0,252,167,41,2,31,73,2,7,126,20.5,TRUE,0.000131448929020524,2.469354,20962517,20962518,20962738
"stage1_only","TS-RIGHT-TUNED","TS tuned K1cap in {2,5,15,25}, T1=10, T2=4, eta=0.5/L",8,20960517,2,0.87258983619299,0.570038277469094,0.146882262117492,6.5724464510262e-05,0.5,0.4,2,NA,10,4,NA,11,NA,NA,NA,NA,NA,NA,11,252,167,41,2,31,73,2,7,126,20.5,TRUE,0.000131448929020524,2.469354,20962517,20962518,20962738
"stage1_only","TS-RIGHT-TUNED","TS tuned K1cap in {2,5,15,25}, T1=20, T2=4, eta=0.5/L",8,20960517,2,0.857731868534275,0.568756032117228,0.175687730136914,6.5724464510262e-05,0.5,0.4,2,NA,20,4,NA,11,NA,NA,NA,NA,NA,NA,11,252,167,41,2,31,73,2,7,126,20.5,TRUE,0.000131448929020524,2.469354,20962517,20962518,20962738
"stage1_only","TS-RIGHT-TUNED","TS tuned K1cap in {2,5,15,25}, T1=30, T2=4, eta=0.5/L",8,20960517,2,0.851496943650135,0.573815580440545,0.187628163860096,6.5724464510262e-05,0.5,0.4,2,NA,30,4,NA,11,NA,NA,NA,NA,NA,NA,11,252,167,41,2,31,73,2,7,126,20.5,TRUE,0.000131448929020524,2.469354,20962517,20962518,20962738
"stage1_only","TS-RIGHT-TUNED","TS tuned K1cap in {2,5,15,25}, T1=40, T2=4, eta=0.5/L",8,20960517,2,0.848602486014775,0.576540180218761,0.193141699557406,6.5724464510262e-05,0.5,0.4,2,NA,40,4,NA,11,NA,NA,NA,NA,NA,NA,11,252,167,41,2,31,73,2,7,126,20.5,TRUE,0.000131448929020524,2.469354,20962517,20962518,20962738
"stage1_only","TS-RIGHT-TUNED","TS tuned K1cap in {2,5,15,25}, T1=50, T2=4, eta=0.5/L",8,20960517,2,0.846378304347051,0.577641504083887,0.197365697608381,6.5724464510262e-05,0.5,0.4,2,NA,50,4,NA,11,NA,NA,NA,NA,NA,NA,11,252,167,41,2,31,73,2,7,126,20.5,TRUE,0.000131448929020524,2.469354,20962517,20962518,20962738
"stage1_only","TS-RIGHT-TUNED","TS tuned K1cap in {2,5,15,25}, T1=60, T2=4, eta=0.5/L",8,20960517,2,0.838245021151716,0.574204335971947,0.212717429452329,6.5724464510262e-05,0.5,0.4,2,NA,60,4,NA,11,NA,NA,NA,NA,NA,NA,11,252,167,41,2,31,73,2,7,126,20.5,TRUE,0.000131448929020524,2.469354,20962517,20962518,20962738
"stage1_only","TS-RIGHT-TUNED","TS tuned K1cap in {2,5,15,25}, T1=70, T2=4, eta=0.5/L",8,20960517,2,0.834658266787729,0.57387341618199,0.219440398964468,6.5724464510262e-05,0.5,0.4,2,NA,70,4,NA,11,NA,NA,NA,NA,NA,NA,11,252,167,41,2,31,73,2,7,126,20.5,TRUE,0.000131448929020524,2.469354,20962517,20962518,20962738
"stage1_only","TS-RIGHT-TUNED","TS tuned K1cap in {2,5,15,25}, T1=80, T2=4, eta=0.5/L",8,20960517,2,0.833122714147671,0.574088664349631,0.222309807577673,6.5724464510262e-05,0.5,0.4,2,NA,80,4,NA,11,NA,NA,NA,NA,NA,NA,11,252,167,41,2,31,73,2,7,126,20.5,TRUE,0.000131448929020524,2.469354,20962517,20962518,20962738
"stage1_only","TS-RIGHT-TUNED","TS tuned K1cap in {2,5,15,25}, T1=90, T2=4, eta=0.5/L",8,20960517,2,0.83227749389308,0.574425787129079,0.223886972763902,6.5724464510262e-05,0.5,0.4,2,NA,90,4,NA,11,NA,NA,NA,NA,NA,NA,11,252,167,41,2,31,73,2,7,126,20.5,TRUE,0.000131448929020524,2.469354,20962517,20962518,20962738
"stage1_only","TS-RIGHT-TUNED","TS tuned K1cap in {2,5,15,25}, T1=100, T2=4, eta=0.5/L",8,20960517,2,0.83170597824763,0.574786090437091,0.224952503063251,6.5724464510262e-05,0.5,0.4,2,NA,100,4,NA,11,NA,NA,NA,NA,NA,NA,11,252,167,41,2,31,73,2,7,126,20.5,TRUE,0.000131448929020524,2.469354,20962517,20962518,20962738
"after_stage2","TS-RIGHT-TUNED","TS tuned K1cap in {2,5,15,25}, T1=0, T2=4, eta=0.5/L",8,20960517,3,0.716750515052745,0.525233060132981,0.107391270340287,6.77836240076227e-05,0.5,0.4,2,NA,0,4,NA,22,NA,NA,NA,NA,NA,NA,22,252,167,41,2,31,145,2,7,126,20.5,TRUE,0.000135567248015245,2.458379,20963517,20963518,20963738
"after_stage2","TS-RIGHT-TUNED","TS tuned K1cap in {2,5,15,25}, T1=10, T2=4, eta=0.5/L",8,20960517,3,0.719720819480686,0.522906001379368,0.099977774827771,6.77836240076227e-05,0.5,0.4,15,NA,10,4,NA,22,NA,NA,NA,NA,NA,NA,22,252,167,41,15,31,145,2,7,16.8,20.5,TRUE,0.000135567248015245,2.458379,20963517,20963518,20963738
"after_stage2","TS-RIGHT-TUNED","TS tuned K1cap in {2,5,15,25}, T1=20, T2=4, eta=0.5/L",8,20960517,3,0.712328401940905,0.525336348196772,0.118371493374529,6.77836240076227e-05,0.5,0.4,15,NA,20,4,NA,22,NA,NA,NA,NA,NA,NA,22,252,167,41,15,31,145,2,7,16.8,20.5,TRUE,0.000135567248015245,2.458379,20963517,20963518,20963738
"after_stage2","TS-RIGHT-TUNED","TS tuned K1cap in {2,5,15,25}, T1=30, T2=4, eta=0.5/L",8,20960517,3,0.722950804066801,0.539894768422467,0.0918813545874065,6.77836240076227e-05,0.5,0.4,15,NA,30,4,NA,22,NA,NA,NA,NA,NA,NA,22,252,167,41,15,31,145,2,7,16.8,20.5,TRUE,0.000135567248015245,2.458379,20963517,20963518,20963738
"after_stage2","TS-RIGHT-TUNED","TS tuned K1cap in {2,5,15,25}, T1=40, T2=4, eta=0.5/L",8,20960517,3,0.718561997578099,0.534009602506353,0.102873691689459,6.77836240076227e-05,0.5,0.4,15,NA,40,4,NA,22,NA,NA,NA,NA,NA,NA,22,252,167,41,15,31,145,2,7,16.8,20.5,TRUE,0.000135567248015245,2.458379,20963517,20963518,20963738
"after_stage2","TS-RIGHT-TUNED","TS tuned K1cap in {2,5,15,25}, T1=50, T2=4, eta=0.5/L",8,20960517,3,0.720035194272719,0.536516383742178,0.0991913418460265,6.77836240076227e-05,0.5,0.4,15,NA,50,4,NA,22,NA,NA,NA,NA,NA,NA,22,252,167,41,15,31,145,2,7,16.8,20.5,TRUE,0.000135567248015245,2.458379,20963517,20963518,20963738
"after_stage2","TS-RIGHT-TUNED","TS tuned K1cap in {2,5,15,25}, T1=60, T2=4, eta=0.5/L",8,20960517,3,0.725632229059203,0.547852231896483,0.085132436616998,6.77836240076227e-05,0.5,0.4,15,NA,60,4,NA,22,NA,NA,NA,NA,NA,NA,22,252,167,41,15,31,145,2,7,16.8,20.5,TRUE,0.000135567248015245,2.458379,20963517,20963518,20963738
"after_stage2","TS-RIGHT-TUNED","TS tuned K1cap in {2,5,15,25}, T1=70, T2=4, eta=0.5/L",8,20960517,3,0.719902126938819,0.539645618648918,0.0995242620455482,6.77836240076227e-05,0.5,0.4,15,NA,70,4,NA,22,NA,NA,NA,NA,NA,NA,22,252,167,41,15,31,145,2,7,16.8,20.5,TRUE,0.000135567248015245,2.458379,20963517,20963518,20963738
"after_stage2","TS-RIGHT-TUNED","TS tuned K1cap in {2,5,15,25}, T1=80, T2=4, eta=0.5/L",8,20960517,3,0.727207830190034,0.551225038294897,0.0811551289031748,6.77836240076227e-05,0.5,0.4,15,NA,80,4,NA,22,NA,NA,NA,NA,NA,NA,22,252,167,41,15,31,145,2,7,16.8,20.5,TRUE,0.000135567248015245,2.458379,20963517,20963518,20963738
"after_stage2","TS-RIGHT-TUNED","TS tuned K1cap in {2,5,15,25}, T1=90, T2=4, eta=0.5/L",8,20960517,3,0.728487797384285,0.55305411464694,0.0779177426460103,6.77836240076227e-05,0.5,0.4,15,NA,90,4,NA,22,NA,NA,NA,NA,NA,NA,22,252,167,41,15,31,145,2,7,16.8,20.5,TRUE,0.000135567248015245,2.458379,20963517,20963518,20963738
"after_stage2","TS-RIGHT-TUNED","TS tuned K1cap in {2,5,15,25}, T1=100, T2=4, eta=0.5/L",8,20960517,3,0.731325237457063,0.551102157600676,0.0707207834962514,6.77836240076227e-05,0.5,0.4,25,NA,100,4,NA,22,NA,NA,NA,NA,NA,NA,22,252,167,41,25,31,145,2,7,10.08,20.5,TRUE,0.000135567248015245,2.458379,20963517,20963518,20963738
"stage1_only","TS-RIGHT-TUNED","TS tuned K1cap in {2,5,15,25}, T1=0, T2=4, eta=0.5/L",8,20960517,3,0.76073301638011,0.51319779047619,-0.00551749950799851,6.77836240076227e-05,0.5,0.4,2,NA,0,4,NA,22,NA,NA,NA,NA,NA,NA,0,252,167,41,2,31,145,2,7,126,20.5,TRUE,0.000135567248015245,2.458379,20963517,20963518,20963738
"stage1_only","TS-RIGHT-TUNED","TS tuned K1cap in {2,5,15,25}, T1=10, T2=4, eta=0.5/L",8,20960517,3,0.703197229944709,0.495766340396549,0.1408294047483,6.77836240076227e-05,0.5,0.4,15,NA,10,4,NA,22,NA,NA,NA,NA,NA,NA,22,252,167,41,15,31,145,2,7,16.8,20.5,TRUE,0.000135567248015245,2.458379,20963517,20963518,20963738
"stage1_only","TS-RIGHT-TUNED","TS tuned K1cap in {2,5,15,25}, T1=20, T2=4, eta=0.5/L",8,20960517,3,0.698093463369571,0.504464323708851,0.153255770821162,6.77836240076227e-05,0.5,0.4,15,NA,20,4,NA,22,NA,NA,NA,NA,NA,NA,22,252,167,41,15,31,145,2,7,16.8,20.5,TRUE,0.000135567248015245,2.458379,20963517,20963518,20963738
"stage1_only","TS-RIGHT-TUNED","TS tuned K1cap in {2,5,15,25}, T1=30, T2=4, eta=0.5/L",8,20960517,3,0.698170148160398,0.485331291768512,0.153069732779319,6.77836240076227e-05,0.5,0.4,25,NA,30,4,NA,22,NA,NA,NA,NA,NA,NA,22,252,167,41,25,31,145,2,7,10.08,20.5,TRUE,0.000135567248015245,2.458379,20963517,20963518,20963738
"stage1_only","TS-RIGHT-TUNED","TS tuned K1cap in {2,5,15,25}, T1=40, T2=4, eta=0.5/L",8,20960517,3,0.696711870328779,0.487267155272106,0.156604028233317,6.77836240076227e-05,0.5,0.4,25,NA,40,4,NA,22,NA,NA,NA,NA,NA,NA,22,252,167,41,25,31,145,2,7,10.08,20.5,TRUE,0.000135567248015245,2.458379,20963517,20963518,20963738
"stage1_only","TS-RIGHT-TUNED","TS tuned K1cap in {2,5,15,25}, T1=50, T2=4, eta=0.5/L",8,20960517,3,0.696759711173583,0.489663114608686,0.156488197965974,6.77836240076227e-05,0.5,0.4,25,NA,50,4,NA,22,NA,NA,NA,NA,NA,NA,22,252,167,41,25,31,145,2,7,10.08,20.5,TRUE,0.000135567248015245,2.458379,20963517,20963518,20963738
"stage1_only","TS-RIGHT-TUNED","TS tuned K1cap in {2,5,15,25}, T1=60, T2=4, eta=0.5/L",8,20960517,3,0.697750682977984,0.492088843852783,0.154087109530178,6.77836240076227e-05,0.5,0.4,25,NA,60,4,NA,22,NA,NA,NA,NA,NA,NA,22,252,167,41,25,31,145,2,7,10.08,20.5,TRUE,0.000135567248015245,2.458379,20963517,20963518,20963738
"stage1_only","TS-RIGHT-TUNED","TS tuned K1cap in {2,5,15,25}, T1=70, T2=4, eta=0.5/L",8,20960517,3,0.698673443209197,0.4939264758757,0.151848226960503,6.77836240076227e-05,0.5,0.4,25,NA,70,4,NA,22,NA,NA,NA,NA,NA,NA,22,252,167,41,25,31,145,2,7,10.08,20.5,TRUE,0.000135567248015245,2.458379,20963517,20963518,20963738
"stage1_only","TS-RIGHT-TUNED","TS tuned K1cap in {2,5,15,25}, T1=80, T2=4, eta=0.5/L",8,20960517,3,0.69948629886124,0.495477557895395,0.149873553335595,6.77836240076227e-05,0.5,0.4,25,NA,80,4,NA,22,NA,NA,NA,NA,NA,NA,22,252,167,41,25,31,145,2,7,10.08,20.5,TRUE,0.000135567248015245,2.458379,20963517,20963518,20963738
"stage1_only","TS-RIGHT-TUNED","TS tuned K1cap in {2,5,15,25}, T1=90, T2=4, eta=0.5/L",8,20960517,3,0.700000695222751,0.496763691550868,0.148622741859244,6.77836240076227e-05,0.5,0.4,25,NA,90,4,NA,22,NA,NA,NA,NA,NA,NA,22,252,167,41,25,31,145,2,7,10.08,20.5,TRUE,0.000135567248015245,2.458379,20963517,20963518,20963738
"stage1_only","TS-RIGHT-TUNED","TS tuned K1cap in {2,5,15,25}, T1=100, T2=4, eta=0.5/L",8,20960517,3,0.700511769567826,0.498031960807607,0.147379097622125,6.77836240076227e-05,0.5,0.4,25,NA,100,4,NA,22,NA,NA,NA,NA,NA,NA,22,252,167,41,25,31,145,2,7,10.08,20.5,TRUE,0.000135567248015245,2.458379,20963517,20963518,20963738
"after_stage2","TS-RIGHT-TUNED","TS tuned K1cap in {2,5,15,25}, T1=0, T2=4, eta=0.5/L",8,20960517,4,1.22314760750971,0.63274634604428,0.197300501161452,6.462927094444e-05,0.5,0.4,2,NA,0,4,NA,50,NA,NA,NA,NA,NA,NA,50,252,167,41,2,31,328,2,7,126,20.5,TRUE,0.00012925854188888,2.477898,20964517,20964518,20964738
"after_stage2","TS-RIGHT-TUNED","TS tuned K1cap in {2,5,15,25}, T1=10, T2=4, eta=0.5/L",8,20960517,4,1.1676906585425,0.612703237110193,0.268438463693926,6.462927094444e-05,0.5,0.4,2,NA,10,4,NA,50,NA,NA,NA,NA,NA,NA,50,252,167,41,2,31,328,2,7,126,20.5,TRUE,0.00012925854188888,2.477898,20964517,20964518,20964738
"after_stage2","TS-RIGHT-TUNED","TS tuned K1cap in {2,5,15,25}, T1=20, T2=4, eta=0.5/L",8,20960517,4,1.14826755024732,0.606539129786657,0.292573319109673,6.462927094444e-05,0.5,0.4,2,NA,20,4,NA,50,NA,NA,NA,NA,NA,NA,50,252,167,41,2,31,328,2,7,126,20.5,TRUE,0.00012925854188888,2.477898,20964517,20964518,20964738
"after_stage2","TS-RIGHT-TUNED","TS tuned K1cap in {2,5,15,25}, T1=30, T2=4, eta=0.5/L",8,20960517,4,1.1367693543777,0.601945421200088,0.306670042323737,6.462927094444e-05,0.5,0.4,2,NA,30,4,NA,50,NA,NA,NA,NA,NA,NA,50,252,167,41,2,31,328,2,7,126,20.5,TRUE,0.00012925854188888,2.477898,20964517,20964518,20964738
"after_stage2","TS-RIGHT-TUNED","TS tuned K1cap in {2,5,15,25}, T1=40, T2=4, eta=0.5/L",8,20960517,4,1.13393833202612,0.601433501512312,0.310119094622997,6.462927094444e-05,0.5,0.4,2,NA,40,4,NA,50,NA,NA,NA,NA,NA,NA,50,252,167,41,2,31,328,2,7,126,20.5,TRUE,0.00012925854188888,2.477898,20964517,20964518,20964738
"after_stage2","TS-RIGHT-TUNED","TS tuned K1cap in {2,5,15,25}, T1=50, T2=4, eta=0.5/L",8,20960517,4,1.13428000136663,0.602882118533779,0.309703293060201,6.462927094444e-05,0.5,0.4,2,NA,50,4,NA,50,NA,NA,NA,NA,NA,NA,50,252,167,41,2,31,328,2,7,126,20.5,TRUE,0.00012925854188888,2.477898,20964517,20964518,20964738
"after_stage2","TS-RIGHT-TUNED","TS tuned K1cap in {2,5,15,25}, T1=60, T2=4, eta=0.5/L",8,20960517,4,1.13305338727535,0.603186562048648,0.311195464023007,6.462927094444e-05,0.5,0.4,2,NA,60,4,NA,50,NA,NA,NA,NA,NA,NA,50,252,167,41,2,31,328,2,7,126,20.5,TRUE,0.00012925854188888,2.477898,20964517,20964518,20964738
"after_stage2","TS-RIGHT-TUNED","TS tuned K1cap in {2,5,15,25}, T1=70, T2=4, eta=0.5/L",8,20960517,4,1.13842442707834,0.607937905541332,0.304649673218276,6.462927094444e-05,0.5,0.4,2,NA,70,4,NA,50,NA,NA,NA,NA,NA,NA,50,252,167,41,2,31,328,2,7,126,20.5,TRUE,0.00012925854188888,2.477898,20964517,20964518,20964738
"after_stage2","TS-RIGHT-TUNED","TS tuned K1cap in {2,5,15,25}, T1=80, T2=4, eta=0.5/L",8,20960517,4,1.13787136298071,0.622748845810194,0.305325132872968,6.462927094444e-05,0.5,0.4,5,NA,80,4,NA,50,NA,NA,NA,NA,NA,NA,50,252,167,41,5,31,328,2,7,50.4,20.5,TRUE,0.00012925854188888,2.477898,20964517,20964518,20964738
"after_stage2","TS-RIGHT-TUNED","TS tuned K1cap in {2,5,15,25}, T1=90, T2=4, eta=0.5/L",8,20960517,4,1.13965570431391,0.613674162068343,0.303144730056623,6.462927094444e-05,0.5,0.4,2,NA,90,4,NA,50,NA,NA,NA,NA,NA,NA,50,252,167,41,2,31,328,2,7,126,20.5,TRUE,0.00012925854188888,2.477898,20964517,20964518,20964738
"after_stage2","TS-RIGHT-TUNED","TS tuned K1cap in {2,5,15,25}, T1=100, T2=4, eta=0.5/L",8,20960517,4,1.14150307212104,0.61597727041462,0.300883711444359,6.462927094444e-05,0.5,0.4,2,NA,100,4,NA,50,NA,NA,NA,NA,NA,NA,50,252,167,41,2,31,328,2,7,126,20.5,TRUE,0.00012925854188888,2.477898,20964517,20964518,20964738
"stage1_only","TS-RIGHT-TUNED","TS tuned K1cap in {2,5,15,25}, T1=0, T2=4, eta=0.5/L",8,20960517,4,1.39057257767139,0.702536238095238,-0.0374867836874104,6.462927094444e-05,0.5,0.4,2,NA,0,4,NA,50,NA,NA,NA,NA,NA,NA,0,252,167,41,2,31,328,2,7,126,20.5,TRUE,0.00012925854188888,2.477898,20964517,20964518,20964738
"stage1_only","TS-RIGHT-TUNED","TS tuned K1cap in {2,5,15,25}, T1=10, T2=4, eta=0.5/L",8,20960517,4,1.24708453122431,0.622031263883577,0.165575521306956,6.462927094444e-05,0.5,0.4,2,NA,10,4,NA,50,NA,NA,NA,NA,NA,NA,50,252,167,41,2,31,328,2,7,126,20.5,TRUE,0.00012925854188888,2.477898,20964517,20964518,20964738
"stage1_only","TS-RIGHT-TUNED","TS tuned K1cap in {2,5,15,25}, T1=20, T2=4, eta=0.5/L",8,20960517,4,1.22519660750493,0.61378511288543,0.194608906337181,6.462927094444e-05,0.5,0.4,2,NA,20,4,NA,50,NA,NA,NA,NA,NA,NA,50,252,167,41,2,31,328,2,7,126,20.5,TRUE,0.00012925854188888,2.477898,20964517,20964518,20964738
"stage1_only","TS-RIGHT-TUNED","TS tuned K1cap in {2,5,15,25}, T1=30, T2=4, eta=0.5/L",8,20960517,4,1.21427041994895,0.611218107044108,0.208909657674232,6.462927094444e-05,0.5,0.4,2,NA,30,4,NA,50,NA,NA,NA,NA,NA,NA,50,252,167,41,2,31,328,2,7,126,20.5,TRUE,0.00012925854188888,2.477898,20964517,20964518,20964738
"stage1_only","TS-RIGHT-TUNED","TS tuned K1cap in {2,5,15,25}, T1=40, T2=4, eta=0.5/L",8,20960517,4,1.20959384963765,0.610402577688812,0.214991442021343,6.462927094444e-05,0.5,0.4,2,NA,40,4,NA,50,NA,NA,NA,NA,NA,NA,50,252,167,41,2,31,328,2,7,126,20.5,TRUE,0.00012925854188888,2.477898,20964517,20964518,20964738
"stage1_only","TS-RIGHT-TUNED","TS tuned K1cap in {2,5,15,25}, T1=50, T2=4, eta=0.5/L",8,20960517,4,1.2086638272708,0.611565151317459,0.216198119535684,6.462927094444e-05,0.5,0.4,2,NA,50,4,NA,50,NA,NA,NA,NA,NA,NA,50,252,167,41,2,31,328,2,7,126,20.5,TRUE,0.00012925854188888,2.477898,20964517,20964518,20964738
"stage1_only","TS-RIGHT-TUNED","TS tuned K1cap in {2,5,15,25}, T1=60, T2=4, eta=0.5/L",8,20960517,4,1.20948461586498,0.615291185762044,0.215133217832349,6.462927094444e-05,0.5,0.4,2,NA,60,4,NA,50,NA,NA,NA,NA,NA,NA,50,252,167,41,2,31,328,2,7,126,20.5,TRUE,0.00012925854188888,2.477898,20964517,20964518,20964738
"stage1_only","TS-RIGHT-TUNED","TS tuned K1cap in {2,5,15,25}, T1=70, T2=4, eta=0.5/L",8,20960517,4,1.21097884330661,0.618325474639508,0.213192731937992,6.462927094444e-05,0.5,0.4,2,NA,70,4,NA,50,NA,NA,NA,NA,NA,NA,50,252,167,41,2,31,328,2,7,126,20.5,TRUE,0.00012925854188888,2.477898,20964517,20964518,20964738
"stage1_only","TS-RIGHT-TUNED","TS tuned K1cap in {2,5,15,25}, T1=80, T2=4, eta=0.5/L",8,20960517,4,1.2129078790742,0.62139678107748,0.21068403701173,6.462927094444e-05,0.5,0.4,2,NA,80,4,NA,50,NA,NA,NA,NA,NA,NA,50,252,167,41,2,31,328,2,7,126,20.5,TRUE,0.00012925854188888,2.477898,20964517,20964518,20964738
"stage1_only","TS-RIGHT-TUNED","TS tuned K1cap in {2,5,15,25}, T1=90, T2=4, eta=0.5/L",8,20960517,4,1.21433404476616,0.624142638719638,0.208826753081869,6.462927094444e-05,0.5,0.4,2,NA,90,4,NA,50,NA,NA,NA,NA,NA,NA,50,252,167,41,2,31,328,2,7,126,20.5,TRUE,0.00012925854188888,2.477898,20964517,20964518,20964738
"stage1_only","TS-RIGHT-TUNED","TS tuned K1cap in {2,5,15,25}, T1=100, T2=4, eta=0.5/L",8,20960517,4,1.21499913921357,0.626282704137824,0.207959859762436,6.462927094444e-05,0.5,0.4,2,NA,100,4,NA,50,NA,NA,NA,NA,NA,NA,50,252,167,41,2,31,328,2,7,126,20.5,TRUE,0.00012925854188888,2.477898,20964517,20964518,20964738
"after_stage2","TS-RIGHT-TUNED","TS tuned K1cap in {2,5,15,25}, T1=0, T2=4, eta=0.5/L",8,20960517,5,0.871963829487992,0.487348245146023,0.141728541165298,6.61380511293327e-05,0.5,0.4,2,NA,0,4,NA,25,NA,NA,NA,NA,NA,NA,25,252,168,42,2,31,164,2,7,126,21,TRUE,0.000132276102258665,2.500581,20965517,20965518,20965738
"after_stage2","TS-RIGHT-TUNED","TS tuned K1cap in {2,5,15,25}, T1=10, T2=4, eta=0.5/L",8,20960517,5,0.837365398483639,0.489021530706394,0.208487545952898,6.61380511293327e-05,0.5,0.4,5,NA,10,4,NA,25,NA,NA,NA,NA,NA,NA,25,252,168,42,5,31,164,2,7,50.4,21,TRUE,0.000132276102258665,2.500581,20965517,20965518,20965738
"after_stage2","TS-RIGHT-TUNED","TS tuned K1cap in {2,5,15,25}, T1=20, T2=4, eta=0.5/L",8,20960517,5,0.855515986382401,0.493646747225513,0.173802285784098,6.61380511293327e-05,0.5,0.4,25,NA,20,4,NA,25,NA,NA,NA,NA,NA,NA,25,252,168,42,25,31,164,2,7,10.08,21,TRUE,0.000132276102258665,2.500581,20965517,20965518,20965738
"after_stage2","TS-RIGHT-TUNED","TS tuned K1cap in {2,5,15,25}, T1=30, T2=4, eta=0.5/L",8,20960517,5,0.854011303446048,0.494619902225195,0.176705965859147,6.61380511293327e-05,0.5,0.4,25,NA,30,4,NA,25,NA,NA,NA,NA,NA,NA,25,252,168,42,25,31,164,2,7,10.08,21,TRUE,0.000132276102258665,2.500581,20965517,20965518,20965738
"after_stage2","TS-RIGHT-TUNED","TS tuned K1cap in {2,5,15,25}, T1=40, T2=4, eta=0.5/L",8,20960517,5,0.851457271970277,0.494129212158869,0.181622937430577,6.61380511293327e-05,0.5,0.4,25,NA,40,4,NA,25,NA,NA,NA,NA,NA,NA,25,252,168,42,25,31,164,2,7,10.08,21,TRUE,0.000132276102258665,2.500581,20965517,20965518,20965738
"after_stage2","TS-RIGHT-TUNED","TS tuned K1cap in {2,5,15,25}, T1=50, T2=4, eta=0.5/L",8,20960517,5,0.850150179415099,0.493840202337114,0.184133629497134,6.61380511293327e-05,0.5,0.4,25,NA,50,4,NA,25,NA,NA,NA,NA,NA,NA,25,252,168,42,25,31,164,2,7,10.08,21,TRUE,0.000132276102258665,2.500581,20965517,20965518,20965738
"after_stage2","TS-RIGHT-TUNED","TS tuned K1cap in {2,5,15,25}, T1=60, T2=4, eta=0.5/L",8,20960517,5,0.853337610723974,0.494124856865369,0.178004375910751,6.61380511293327e-05,0.5,0.4,25,NA,60,4,NA,25,NA,NA,NA,NA,NA,NA,25,252,168,42,25,31,164,2,7,10.08,21,TRUE,0.000132276102258665,2.500581,20965517,20965518,20965738
"after_stage2","TS-RIGHT-TUNED","TS tuned K1cap in {2,5,15,25}, T1=70, T2=4, eta=0.5/L",8,20960517,5,0.852187699997062,0.49376543333898,0.180218235254323,6.61380511293327e-05,0.5,0.4,25,NA,70,4,NA,25,NA,NA,NA,NA,NA,NA,25,252,168,42,25,31,164,2,7,10.08,21,TRUE,0.000132276102258665,2.500581,20965517,20965518,20965738
"after_stage2","TS-RIGHT-TUNED","TS tuned K1cap in {2,5,15,25}, T1=80, T2=4, eta=0.5/L",8,20960517,5,0.851081458684681,0.493311379952387,0.182345202912693,6.61380511293327e-05,0.5,0.4,25,NA,80,4,NA,25,NA,NA,NA,NA,NA,NA,25,252,168,42,25,31,164,2,7,10.08,21,TRUE,0.000132276102258665,2.500581,20965517,20965518,20965738
"after_stage2","TS-RIGHT-TUNED","TS tuned K1cap in {2,5,15,25}, T1=90, T2=4, eta=0.5/L",8,20960517,5,0.849336680037865,0.492113637331331,0.185694269613441,6.61380511293327e-05,0.5,0.4,25,NA,90,4,NA,25,NA,NA,NA,NA,NA,NA,25,252,168,42,25,31,164,2,7,10.08,21,TRUE,0.000132276102258665,2.500581,20965517,20965518,20965738
"after_stage2","TS-RIGHT-TUNED","TS tuned K1cap in {2,5,15,25}, T1=100, T2=4, eta=0.5/L",8,20960517,5,0.853211072951484,0.493140197934675,0.178248138243746,6.61380511293327e-05,0.5,0.4,25,NA,100,4,NA,25,NA,NA,NA,NA,NA,NA,25,252,168,42,25,31,164,2,7,10.08,21,TRUE,0.000132276102258665,2.500581,20965517,20965518,20965738
"stage1_only","TS-RIGHT-TUNED","TS tuned K1cap in {2,5,15,25}, T1=0, T2=4, eta=0.5/L",8,20960517,5,0.965681667903022,0.522875230769231,-0.0526783827269925,6.61380511293327e-05,0.5,0.4,2,NA,0,4,NA,25,NA,NA,NA,NA,NA,NA,0,252,168,42,2,31,164,2,7,126,21,TRUE,0.000132276102258665,2.500581,20965517,20965518,20965738
"stage1_only","TS-RIGHT-TUNED","TS tuned K1cap in {2,5,15,25}, T1=10, T2=4, eta=0.5/L",8,20960517,5,0.843150071627368,0.496336267464317,0.197513947359413,6.61380511293327e-05,0.5,0.4,5,NA,10,4,NA,25,NA,NA,NA,NA,NA,NA,25,252,168,42,5,31,164,2,7,50.4,21,TRUE,0.000132276102258665,2.500581,20965517,20965518,20965738
"stage1_only","TS-RIGHT-TUNED","TS tuned K1cap in {2,5,15,25}, T1=20, T2=4, eta=0.5/L",8,20960517,5,0.856335585162497,0.511892265586716,0.172218504743524,6.61380511293327e-05,0.5,0.4,5,NA,20,4,NA,25,NA,NA,NA,NA,NA,NA,25,252,168,42,5,31,164,2,7,50.4,21,TRUE,0.000132276102258665,2.500581,20965517,20965518,20965738
"stage1_only","TS-RIGHT-TUNED","TS tuned K1cap in {2,5,15,25}, T1=30, T2=4, eta=0.5/L",8,20960517,5,0.875106332953405,0.531541769587948,0.135531079595007,6.61380511293327e-05,0.5,0.4,5,NA,30,4,NA,25,NA,NA,NA,NA,NA,NA,25,252,168,42,5,31,164,2,7,50.4,21,TRUE,0.000132276102258665,2.500581,20965517,20965518,20965738
"stage1_only","TS-RIGHT-TUNED","TS tuned K1cap in {2,5,15,25}, T1=40, T2=4, eta=0.5/L",8,20960517,5,0.885948063175816,0.51285997916035,0.113978507933353,6.61380511293327e-05,0.5,0.4,15,NA,40,4,NA,25,NA,NA,NA,NA,NA,NA,25,252,168,42,15,31,164,2,7,16.8,21,TRUE,0.000132276102258665,2.500581,20965517,20965518,20965738
"stage1_only","TS-RIGHT-TUNED","TS tuned K1cap in {2,5,15,25}, T1=50, T2=4, eta=0.5/L",8,20960517,5,0.885388507199513,0.512787222902076,0.115097359200597,6.61380511293327e-05,0.5,0.4,15,NA,50,4,NA,25,NA,NA,NA,NA,NA,NA,25,252,168,42,15,31,164,2,7,16.8,21,TRUE,0.000132276102258665,2.500581,20965517,20965518,20965738
"stage1_only","TS-RIGHT-TUNED","TS tuned K1cap in {2,5,15,25}, T1=60, T2=4, eta=0.5/L",8,20960517,5,0.885378541911193,0.502317910168961,0.115117278728019,6.61380511293327e-05,0.5,0.4,25,NA,60,4,NA,25,NA,NA,NA,NA,NA,NA,25,252,168,42,25,31,164,2,7,10.08,21,TRUE,0.000132276102258665,2.500581,20965517,20965518,20965738
"stage1_only","TS-RIGHT-TUNED","TS tuned K1cap in {2,5,15,25}, T1=70, T2=4, eta=0.5/L",8,20960517,5,0.88294454759457,0.500999570172017,0.119975853692996,6.61380511293327e-05,0.5,0.4,25,NA,70,4,NA,25,NA,NA,NA,NA,NA,NA,25,252,168,42,25,31,164,2,7,10.08,21,TRUE,0.000132276102258665,2.500581,20965517,20965518,20965738
"stage1_only","TS-RIGHT-TUNED","TS tuned K1cap in {2,5,15,25}, T1=80, T2=4, eta=0.5/L",8,20960517,5,0.880576301296829,0.499522025207234,0.124690348872166,6.61380511293327e-05,0.5,0.4,25,NA,80,4,NA,25,NA,NA,NA,NA,NA,NA,25,252,168,42,25,31,164,2,7,10.08,21,TRUE,0.000132276102258665,2.500581,20965517,20965518,20965738
"stage1_only","TS-RIGHT-TUNED","TS tuned K1cap in {2,5,15,25}, T1=90, T2=4, eta=0.5/L",8,20960517,5,0.878433657416792,0.498460119620233,0.128944824337663,6.61380511293327e-05,0.5,0.4,25,NA,90,4,NA,25,NA,NA,NA,NA,NA,NA,25,252,168,42,25,31,164,2,7,10.08,21,TRUE,0.000132276102258665,2.500581,20965517,20965518,20965738
"stage1_only","TS-RIGHT-TUNED","TS tuned K1cap in {2,5,15,25}, T1=100, T2=4, eta=0.5/L",8,20960517,5,0.876732537751158,0.497569813616324,0.132315219645298,6.61380511293327e-05,0.5,0.4,25,NA,100,4,NA,25,NA,NA,NA,NA,NA,NA,25,252,168,42,25,31,164,2,7,10.08,21,TRUE,0.000132276102258665,2.500581,20965517,20965518,20965738
"after_stage2","TS-RIGHT-TUNED","TS tuned K1cap in {2,5,15,25}, T1=0, T2=4, eta=0.5/L",9,21060517,1,0.905512037878525,0.552350073504918,0.142020118290079,6.5197896009472e-05,0.5,0.4,2,NA,0,4,NA,15,NA,NA,NA,NA,NA,NA,15,252,167,41,2,31,99,2,7,126,20.5,TRUE,0.000130395792018944,2.455286,21061517,21061518,21061738
"after_stage2","TS-RIGHT-TUNED","TS tuned K1cap in {2,5,15,25}, T1=10, T2=4, eta=0.5/L",9,21060517,1,0.872366265827884,0.57262016930096,0.203682290160436,6.5197896009472e-05,0.5,0.4,2,NA,10,4,NA,15,NA,NA,NA,NA,NA,NA,15,252,167,41,2,31,99,2,7,126,20.5,TRUE,0.000130395792018944,2.455286,21061517,21061518,21061738
"after_stage2","TS-RIGHT-TUNED","TS tuned K1cap in {2,5,15,25}, T1=20, T2=4, eta=0.5/L",9,21060517,1,0.85565549813263,0.570798534647192,0.233898101343417,6.5197896009472e-05,0.5,0.4,2,NA,20,4,NA,15,NA,NA,NA,NA,NA,NA,15,252,167,41,2,31,99,2,7,126,20.5,TRUE,0.000130395792018944,2.455286,21061517,21061518,21061738
"after_stage2","TS-RIGHT-TUNED","TS tuned K1cap in {2,5,15,25}, T1=30, T2=4, eta=0.5/L",9,21060517,1,0.852500019200722,0.576947596342403,0.23953813039449,6.5197896009472e-05,0.5,0.4,2,NA,30,4,NA,15,NA,NA,NA,NA,NA,NA,15,252,167,41,2,31,99,2,7,126,20.5,TRUE,0.000130395792018944,2.455286,21061517,21061518,21061738
"after_stage2","TS-RIGHT-TUNED","TS tuned K1cap in {2,5,15,25}, T1=40, T2=4, eta=0.5/L",9,21060517,1,0.845083716559,0.574290793918843,0.252711816094128,6.5197896009472e-05,0.5,0.4,2,NA,40,4,NA,15,NA,NA,NA,NA,NA,NA,15,252,167,41,2,31,99,2,7,126,20.5,TRUE,0.000130395792018944,2.455286,21061517,21061518,21061738
"after_stage2","TS-RIGHT-TUNED","TS tuned K1cap in {2,5,15,25}, T1=50, T2=4, eta=0.5/L",9,21060517,1,0.842766141828735,0.574837653152559,0.25680495239223,6.5197896009472e-05,0.5,0.4,2,NA,50,4,NA,15,NA,NA,NA,NA,NA,NA,15,252,167,41,2,31,99,2,7,126,20.5,TRUE,0.000130395792018944,2.455286,21061517,21061518,21061738
"after_stage2","TS-RIGHT-TUNED","TS tuned K1cap in {2,5,15,25}, T1=60, T2=4, eta=0.5/L",9,21060517,1,0.841610656858955,0.57575804380939,0.258841488897744,6.5197896009472e-05,0.5,0.4,2,NA,60,4,NA,15,NA,NA,NA,NA,NA,NA,15,252,167,41,2,31,99,2,7,126,20.5,TRUE,0.000130395792018944,2.455286,21061517,21061518,21061738
"after_stage2","TS-RIGHT-TUNED","TS tuned K1cap in {2,5,15,25}, T1=70, T2=4, eta=0.5/L",9,21060517,1,0.840982587337562,0.57689439657385,0.25994728615293,6.5197896009472e-05,0.5,0.4,2,NA,70,4,NA,15,NA,NA,NA,NA,NA,NA,15,252,167,41,2,31,99,2,7,126,20.5,TRUE,0.000130395792018944,2.455286,21061517,21061518,21061738
"after_stage2","TS-RIGHT-TUNED","TS tuned K1cap in {2,5,15,25}, T1=80, T2=4, eta=0.5/L",9,21060517,1,0.840614912775808,0.577938598911839,0.260594241467057,6.5197896009472e-05,0.5,0.4,2,NA,80,4,NA,15,NA,NA,NA,NA,NA,NA,15,252,167,41,2,31,99,2,7,126,20.5,TRUE,0.000130395792018944,2.455286,21061517,21061518,21061738
"after_stage2","TS-RIGHT-TUNED","TS tuned K1cap in {2,5,15,25}, T1=90, T2=4, eta=0.5/L",9,21060517,1,0.842180476734797,0.582461191305917,0.257837533405067,6.5197896009472e-05,0.5,0.4,2,NA,90,4,NA,15,NA,NA,NA,NA,NA,NA,15,252,167,41,2,31,99,2,7,126,20.5,TRUE,0.000130395792018944,2.455286,21061517,21061518,21061738
"after_stage2","TS-RIGHT-TUNED","TS tuned K1cap in {2,5,15,25}, T1=100, T2=4, eta=0.5/L",9,21060517,1,0.843319591781685,0.585549840862691,0.255828509931217,6.5197896009472e-05,0.5,0.4,2,NA,100,4,NA,15,NA,NA,NA,NA,NA,NA,15,252,167,41,2,31,99,2,7,126,20.5,TRUE,0.000130395792018944,2.455286,21061517,21061518,21061738
"stage1_only","TS-RIGHT-TUNED","TS tuned K1cap in {2,5,15,25}, T1=0, T2=4, eta=0.5/L",9,21060517,1,0.977640782297943,0.560594457142857,-0.000108844037352673,6.5197896009472e-05,0.5,0.4,2,NA,0,4,NA,15,NA,NA,NA,NA,NA,NA,0,252,167,41,2,31,99,2,7,126,20.5,TRUE,0.000130395792018944,2.455286,21061517,21061518,21061738
"stage1_only","TS-RIGHT-TUNED","TS tuned K1cap in {2,5,15,25}, T1=10, T2=4, eta=0.5/L",9,21060517,1,0.878984142574034,0.582172640550602,0.191554536402762,6.5197896009472e-05,0.5,0.4,2,NA,10,4,NA,15,NA,NA,NA,NA,NA,NA,15,252,167,41,2,31,99,2,7,126,20.5,TRUE,0.000130395792018944,2.455286,21061517,21061518,21061738
"stage1_only","TS-RIGHT-TUNED","TS tuned K1cap in {2,5,15,25}, T1=20, T2=4, eta=0.5/L",9,21060517,1,0.870569251149007,0.604476699232688,0.20695963086983,6.5197896009472e-05,0.5,0.4,2,NA,20,4,NA,15,NA,NA,NA,NA,NA,NA,15,252,167,41,2,31,99,2,7,126,20.5,TRUE,0.000130395792018944,2.455286,21061517,21061518,21061738
"stage1_only","TS-RIGHT-TUNED","TS tuned K1cap in {2,5,15,25}, T1=30, T2=4, eta=0.5/L",9,21060517,1,0.868867525466664,0.614160292227504,0.210056956379043,6.5197896009472e-05,0.5,0.4,2,NA,30,4,NA,15,NA,NA,NA,NA,NA,NA,15,252,167,41,2,31,99,2,7,126,20.5,TRUE,0.000130395792018944,2.455286,21061517,21061518,21061738
"stage1_only","TS-RIGHT-TUNED","TS tuned K1cap in {2,5,15,25}, T1=40, T2=4, eta=0.5/L",9,21060517,1,0.864608782215871,0.614544622871276,0.217781770120868,6.5197896009472e-05,0.5,0.4,2,NA,40,4,NA,15,NA,NA,NA,NA,NA,NA,15,252,167,41,2,31,99,2,7,126,20.5,TRUE,0.000130395792018944,2.455286,21061517,21061518,21061738
"stage1_only","TS-RIGHT-TUNED","TS tuned K1cap in {2,5,15,25}, T1=50, T2=4, eta=0.5/L",9,21060517,1,0.862687308161171,0.614056947988406,0.221254651604347,6.5197896009472e-05,0.5,0.4,2,NA,50,4,NA,15,NA,NA,NA,NA,NA,NA,15,252,167,41,2,31,99,2,7,126,20.5,TRUE,0.000130395792018944,2.455286,21061517,21061518,21061738
"stage1_only","TS-RIGHT-TUNED","TS tuned K1cap in {2,5,15,25}, T1=60, T2=4, eta=0.5/L",9,21060517,1,0.861807691519612,0.614133737657929,0.222841896812772,6.5197896009472e-05,0.5,0.4,2,NA,60,4,NA,15,NA,NA,NA,NA,NA,NA,15,252,167,41,2,31,99,2,7,126,20.5,TRUE,0.000130395792018944,2.455286,21061517,21061518,21061738
"stage1_only","TS-RIGHT-TUNED","TS tuned K1cap in {2,5,15,25}, T1=70, T2=4, eta=0.5/L",9,21060517,1,0.86138302103771,0.614229773223661,0.223607624002198,6.5197896009472e-05,0.5,0.4,2,NA,70,4,NA,15,NA,NA,NA,NA,NA,NA,15,252,167,41,2,31,99,2,7,126,20.5,TRUE,0.000130395792018944,2.455286,21061517,21061518,21061738
"stage1_only","TS-RIGHT-TUNED","TS tuned K1cap in {2,5,15,25}, T1=80, T2=4, eta=0.5/L",9,21060517,1,0.861585344917863,0.61565400301713,0.223242859055143,6.5197896009472e-05,0.5,0.4,2,NA,80,4,NA,15,NA,NA,NA,NA,NA,NA,15,252,167,41,2,31,99,2,7,126,20.5,TRUE,0.000130395792018944,2.455286,21061517,21061518,21061738
"stage1_only","TS-RIGHT-TUNED","TS tuned K1cap in {2,5,15,25}, T1=90, T2=4, eta=0.5/L",9,21060517,1,0.863376056208289,0.620573942368917,0.220010693473056,6.5197896009472e-05,0.5,0.4,2,NA,90,4,NA,15,NA,NA,NA,NA,NA,NA,15,252,167,41,2,31,99,2,7,126,20.5,TRUE,0.000130395792018944,2.455286,21061517,21061518,21061738
"stage1_only","TS-RIGHT-TUNED","TS tuned K1cap in {2,5,15,25}, T1=100, T2=4, eta=0.5/L",9,21060517,1,0.864637463863929,0.624089073520494,0.217729872243913,6.5197896009472e-05,0.5,0.4,2,NA,100,4,NA,15,NA,NA,NA,NA,NA,NA,15,252,167,41,2,31,99,2,7,126,20.5,TRUE,0.000130395792018944,2.455286,21061517,21061518,21061738
"after_stage2","TS-RIGHT-TUNED","TS tuned K1cap in {2,5,15,25}, T1=0, T2=4, eta=0.5/L",9,21060517,2,1.08048691423426,0.565397990830093,0.136119607675868,7.33943606338069e-05,0.5,0.4,2,NA,0,4,NA,35,NA,NA,NA,NA,NA,NA,35,252,167,41,2,31,230,2,7,126,20.5,TRUE,0.000146788721267614,2.486035,21062517,21062518,21062738
"after_stage2","TS-RIGHT-TUNED","TS tuned K1cap in {2,5,15,25}, T1=10, T2=4, eta=0.5/L",9,21060517,2,1.0343244173574,0.589129410017171,0.208359237832886,7.33943606338069e-05,0.5,0.4,2,NA,10,4,NA,35,NA,NA,NA,NA,NA,NA,35,252,167,41,2,31,230,2,7,126,20.5,TRUE,0.000146788721267614,2.486035,21062517,21062518,21062738
"after_stage2","TS-RIGHT-TUNED","TS tuned K1cap in {2,5,15,25}, T1=20, T2=4, eta=0.5/L",9,21060517,2,1.03156508765109,0.607581070686229,0.212577419498356,7.33943606338069e-05,0.5,0.4,2,NA,20,4,NA,35,NA,NA,NA,NA,NA,NA,35,252,167,41,2,31,230,2,7,126,20.5,TRUE,0.000146788721267614,2.486035,21062517,21062518,21062738
"after_stage2","TS-RIGHT-TUNED","TS tuned K1cap in {2,5,15,25}, T1=30, T2=4, eta=0.5/L",9,21060517,2,1.02970159796188,0.615816104612757,0.215419757831056,7.33943606338069e-05,0.5,0.4,2,NA,30,4,NA,35,NA,NA,NA,NA,NA,NA,35,252,167,41,2,31,230,2,7,126,20.5,TRUE,0.000146788721267614,2.486035,21062517,21062518,21062738
"after_stage2","TS-RIGHT-TUNED","TS tuned K1cap in {2,5,15,25}, T1=40, T2=4, eta=0.5/L",9,21060517,2,1.02593024659313,0.622256305861336,0.2211563889872,7.33943606338069e-05,0.5,0.4,2,NA,40,4,NA,35,NA,NA,NA,NA,NA,NA,35,252,167,41,2,31,230,2,7,126,20.5,TRUE,0.000146788721267614,2.486035,21062517,21062518,21062738
"after_stage2","TS-RIGHT-TUNED","TS tuned K1cap in {2,5,15,25}, T1=50, T2=4, eta=0.5/L",9,21060517,2,1.02645484590294,0.630124631087922,0.22035967735105,7.33943606338069e-05,0.5,0.4,2,NA,50,4,NA,35,NA,NA,NA,NA,NA,NA,35,252,167,41,2,31,230,2,7,126,20.5,TRUE,0.000146788721267614,2.486035,21062517,21062518,21062738
"after_stage2","TS-RIGHT-TUNED","TS tuned K1cap in {2,5,15,25}, T1=60, T2=4, eta=0.5/L",9,21060517,2,1.02560439560119,0.632227535619481,0.221651055482842,7.33943606338069e-05,0.5,0.4,2,NA,60,4,NA,35,NA,NA,NA,NA,NA,NA,35,252,167,41,2,31,230,2,7,126,20.5,TRUE,0.000146788721267614,2.486035,21062517,21062518,21062738
"after_stage2","TS-RIGHT-TUNED","TS tuned K1cap in {2,5,15,25}, T1=70, T2=4, eta=0.5/L",9,21060517,2,1.02818572111933,0.638089024904054,0.217728099563752,7.33943606338069e-05,0.5,0.4,2,NA,70,4,NA,35,NA,NA,NA,NA,NA,NA,35,252,167,41,2,31,230,2,7,126,20.5,TRUE,0.000146788721267614,2.486035,21062517,21062518,21062738
"after_stage2","TS-RIGHT-TUNED","TS tuned K1cap in {2,5,15,25}, T1=80, T2=4, eta=0.5/L",9,21060517,2,1.03130887576156,0.64281751046053,0.212968518374167,7.33943606338069e-05,0.5,0.4,2,NA,80,4,NA,35,NA,NA,NA,NA,NA,NA,35,252,167,41,2,31,230,2,7,126,20.5,TRUE,0.000146788721267614,2.486035,21062517,21062518,21062738
"after_stage2","TS-RIGHT-TUNED","TS tuned K1cap in {2,5,15,25}, T1=90, T2=4, eta=0.5/L",9,21060517,2,1.03462284689454,0.647212747976062,0.20790235396887,7.33943606338069e-05,0.5,0.4,2,NA,90,4,NA,35,NA,NA,NA,NA,NA,NA,35,252,167,41,2,31,230,2,7,126,20.5,TRUE,0.000146788721267614,2.486035,21062517,21062518,21062738
"after_stage2","TS-RIGHT-TUNED","TS tuned K1cap in {2,5,15,25}, T1=100, T2=4, eta=0.5/L",9,21060517,2,1.04088337645292,0.652653295874547,0.198287344769203,7.33943606338069e-05,0.5,0.4,2,NA,100,4,NA,35,NA,NA,NA,NA,NA,NA,35,252,167,41,2,31,230,2,7,126,20.5,TRUE,0.000146788721267614,2.486035,21062517,21062518,21062738
"stage1_only","TS-RIGHT-TUNED","TS tuned K1cap in {2,5,15,25}, T1=0, T2=4, eta=0.5/L",9,21060517,2,1.18758057051944,0.648593676190476,-0.0436160778445689,7.33943606338069e-05,0.5,0.4,2,NA,0,4,NA,35,NA,NA,NA,NA,NA,NA,0,252,167,41,2,31,230,2,7,126,20.5,TRUE,0.000146788721267614,2.486035,21062517,21062518,21062738
"stage1_only","TS-RIGHT-TUNED","TS tuned K1cap in {2,5,15,25}, T1=10, T2=4, eta=0.5/L",9,21060517,2,1.0564485990832,0.621968154237146,0.174130672424071,7.33943606338069e-05,0.5,0.4,2,NA,10,4,NA,35,NA,NA,NA,NA,NA,NA,35,252,167,41,2,31,230,2,7,126,20.5,TRUE,0.000146788721267614,2.486035,21062517,21062518,21062738
"stage1_only","TS-RIGHT-TUNED","TS tuned K1cap in {2,5,15,25}, T1=20, T2=4, eta=0.5/L",9,21060517,2,1.04810567664097,0.633759460586259,0.187123178561376,7.33943606338069e-05,0.5,0.4,2,NA,20,4,NA,35,NA,NA,NA,NA,NA,NA,35,252,167,41,2,31,230,2,7,126,20.5,TRUE,0.000146788721267614,2.486035,21062517,21062518,21062738
"stage1_only","TS-RIGHT-TUNED","TS tuned K1cap in {2,5,15,25}, T1=30, T2=4, eta=0.5/L",9,21060517,2,1.0455243765868,0.641294404256993,0.191122193515241,7.33943606338069e-05,0.5,0.4,2,NA,30,4,NA,35,NA,NA,NA,NA,NA,NA,35,252,167,41,2,31,230,2,7,126,20.5,TRUE,0.000146788721267614,2.486035,21062517,21062518,21062738
"stage1_only","TS-RIGHT-TUNED","TS tuned K1cap in {2,5,15,25}, T1=40, T2=4, eta=0.5/L",9,21060517,2,1.04719467384114,0.650712887355917,0.188535652980399,7.33943606338069e-05,0.5,0.4,2,NA,40,4,NA,35,NA,NA,NA,NA,NA,NA,35,252,167,41,2,31,230,2,7,126,20.5,TRUE,0.000146788721267614,2.486035,21062517,21062518,21062738
"stage1_only","TS-RIGHT-TUNED","TS tuned K1cap in {2,5,15,25}, T1=50, T2=4, eta=0.5/L",9,21060517,2,1.05015584908164,0.658292478888872,0.183939973604506,7.33943606338069e-05,0.5,0.4,2,NA,50,4,NA,35,NA,NA,NA,NA,NA,NA,35,252,167,41,2,31,230,2,7,126,20.5,TRUE,0.000146788721267614,2.486035,21062517,21062518,21062738
"stage1_only","TS-RIGHT-TUNED","TS tuned K1cap in {2,5,15,25}, T1=60, T2=4, eta=0.5/L",9,21060517,2,1.05459271970598,0.664392175953718,0.177029758255131,7.33943606338069e-05,0.5,0.4,2,NA,60,4,NA,35,NA,NA,NA,NA,NA,NA,35,252,167,41,2,31,230,2,7,126,20.5,TRUE,0.000146788721267614,2.486035,21062517,21062518,21062738
"stage1_only","TS-RIGHT-TUNED","TS tuned K1cap in {2,5,15,25}, T1=70, T2=4, eta=0.5/L",9,21060517,2,1.05989293366604,0.670802630572576,0.16873673776761,7.33943606338069e-05,0.5,0.4,2,NA,70,4,NA,35,NA,NA,NA,NA,NA,NA,35,252,167,41,2,31,230,2,7,126,20.5,TRUE,0.000146788721267614,2.486035,21062517,21062518,21062738
"stage1_only","TS-RIGHT-TUNED","TS tuned K1cap in {2,5,15,25}, T1=80, T2=4, eta=0.5/L",9,21060517,2,1.06398208489746,0.636639574675434,0.162310205046571,7.33943606338069e-05,0.5,0.4,5,NA,80,4,NA,35,NA,NA,NA,NA,NA,NA,35,252,167,41,5,31,230,2,7,50.4,20.5,TRUE,0.000146788721267614,2.486035,21062517,21062518,21062738
"stage1_only","TS-RIGHT-TUNED","TS tuned K1cap in {2,5,15,25}, T1=90, T2=4, eta=0.5/L",9,21060517,2,1.06084781942201,0.637256525059862,0.167238248658474,7.33943606338069e-05,0.5,0.4,5,NA,90,4,NA,35,NA,NA,NA,NA,NA,NA,35,252,167,41,5,31,230,2,7,50.4,20.5,TRUE,0.000146788721267614,2.486035,21062517,21062518,21062738
"stage1_only","TS-RIGHT-TUNED","TS tuned K1cap in {2,5,15,25}, T1=100, T2=4, eta=0.5/L",9,21060517,2,1.05850007795517,0.638849313658367,0.1709201073622,7.33943606338069e-05,0.5,0.4,5,NA,100,4,NA,35,NA,NA,NA,NA,NA,NA,35,252,167,41,5,31,230,2,7,50.4,20.5,TRUE,0.000146788721267614,2.486035,21062517,21062518,21062738
"after_stage2","TS-RIGHT-TUNED","TS tuned K1cap in {2,5,15,25}, T1=0, T2=4, eta=0.5/L",9,21060517,3,0.661755689837557,0.46832160134219,0.0649086253905492,6.20378900749841e-05,0.5,0.4,2,NA,0,4,NA,17,NA,NA,NA,NA,NA,NA,17,252,167,41,2,31,112,2,7,126,20.5,TRUE,0.000124075780149968,2.455286,21063517,21063518,21063738
"after_stage2","TS-RIGHT-TUNED","TS tuned K1cap in {2,5,15,25}, T1=10, T2=4, eta=0.5/L",9,21060517,3,0.64600025592163,0.455341546394186,0.108904884848873,6.20378900749841e-05,0.5,0.4,15,NA,10,4,NA,17,NA,NA,NA,NA,NA,NA,17,252,167,41,15,31,112,2,7,16.8,20.5,TRUE,0.000124075780149968,2.455286,21063517,21063518,21063738
"after_stage2","TS-RIGHT-TUNED","TS tuned K1cap in {2,5,15,25}, T1=20, T2=4, eta=0.5/L",9,21060517,3,0.63947788249454,0.452481412326118,0.126808017848151,6.20378900749841e-05,0.5,0.4,15,NA,20,4,NA,17,NA,NA,NA,NA,NA,NA,17,252,167,41,15,31,112,2,7,16.8,20.5,TRUE,0.000124075780149968,2.455286,21063517,21063518,21063738
"after_stage2","TS-RIGHT-TUNED","TS tuned K1cap in {2,5,15,25}, T1=30, T2=4, eta=0.5/L",9,21060517,3,0.636425221583389,0.452482047131937,0.13512479265964,6.20378900749841e-05,0.5,0.4,15,NA,30,4,NA,17,NA,NA,NA,NA,NA,NA,17,252,167,41,15,31,112,2,7,16.8,20.5,TRUE,0.000124075780149968,2.455286,21063517,21063518,21063738
"after_stage2","TS-RIGHT-TUNED","TS tuned K1cap in {2,5,15,25}, T1=40, T2=4, eta=0.5/L",9,21060517,3,0.635648283478206,0.453230651079233,0.137235156379311,6.20378900749841e-05,0.5,0.4,15,NA,40,4,NA,17,NA,NA,NA,NA,NA,NA,17,252,167,41,15,31,112,2,7,16.8,20.5,TRUE,0.000124075780149968,2.455286,21063517,21063518,21063738
"after_stage2","TS-RIGHT-TUNED","TS tuned K1cap in {2,5,15,25}, T1=50, T2=4, eta=0.5/L",9,21060517,3,0.635247148159066,0.45214530607758,0.138323734005307,6.20378900749841e-05,0.5,0.4,15,NA,50,4,NA,17,NA,NA,NA,NA,NA,NA,17,252,167,41,15,31,112,2,7,16.8,20.5,TRUE,0.000124075780149968,2.455286,21063517,21063518,21063738
"after_stage2","TS-RIGHT-TUNED","TS tuned K1cap in {2,5,15,25}, T1=60, T2=4, eta=0.5/L",9,21060517,3,0.632817721357031,0.450472466399107,0.144901887033273,6.20378900749841e-05,0.5,0.4,15,NA,60,4,NA,17,NA,NA,NA,NA,NA,NA,17,252,167,41,15,31,112,2,7,16.8,20.5,TRUE,0.000124075780149968,2.455286,21063517,21063518,21063738
"after_stage2","TS-RIGHT-TUNED","TS tuned K1cap in {2,5,15,25}, T1=70, T2=4, eta=0.5/L",9,21060517,3,0.642295498120339,0.460110209190638,0.119096290294602,6.20378900749841e-05,0.5,0.4,15,NA,70,4,NA,17,NA,NA,NA,NA,NA,NA,17,252,167,41,15,31,112,2,7,16.8,20.5,TRUE,0.000124075780149968,2.455286,21063517,21063518,21063738
"after_stage2","TS-RIGHT-TUNED","TS tuned K1cap in {2,5,15,25}, T1=80, T2=4, eta=0.5/L",9,21060517,3,0.636930450029337,0.463027079968967,0.133751079038383,6.20378900749841e-05,0.5,0.4,15,NA,80,4,NA,17,NA,NA,NA,NA,NA,NA,17,252,167,41,15,31,112,2,7,16.8,20.5,TRUE,0.000124075780149968,2.455286,21063517,21063518,21063738
"after_stage2","TS-RIGHT-TUNED","TS tuned K1cap in {2,5,15,25}, T1=90, T2=4, eta=0.5/L",9,21060517,3,0.638449461579053,0.467368059476317,0.129614328510185,6.20378900749841e-05,0.5,0.4,15,NA,90,4,NA,17,NA,NA,NA,NA,NA,NA,17,252,167,41,15,31,112,2,7,16.8,20.5,TRUE,0.000124075780149968,2.455286,21063517,21063518,21063738
"after_stage2","TS-RIGHT-TUNED","TS tuned K1cap in {2,5,15,25}, T1=100, T2=4, eta=0.5/L",9,21060517,3,0.637509327534818,0.462157354529898,0.132175773954174,6.20378900749841e-05,0.5,0.4,15,NA,100,4,NA,17,NA,NA,NA,NA,NA,NA,17,252,167,41,15,31,112,2,7,16.8,20.5,TRUE,0.000124075780149968,2.455286,21063517,21063518,21063738
"stage1_only","TS-RIGHT-TUNED","TS tuned K1cap in {2,5,15,25}, T1=0, T2=4, eta=0.5/L",9,21060517,3,0.684349495474053,0.484867304761905,-3.35853208717207e-05,6.20378900749841e-05,0.5,0.4,2,NA,0,4,NA,17,NA,NA,NA,NA,NA,NA,0,252,167,41,2,31,112,2,7,126,20.5,TRUE,0.000124075780149968,2.455286,21063517,21063518,21063738
"stage1_only","TS-RIGHT-TUNED","TS tuned K1cap in {2,5,15,25}, T1=10, T2=4, eta=0.5/L",9,21060517,3,0.641182171000867,0.452319853531255,0.122147484057212,6.20378900749841e-05,0.5,0.4,15,NA,10,4,NA,17,NA,NA,NA,NA,NA,NA,17,252,167,41,15,31,112,2,7,16.8,20.5,TRUE,0.000124075780149968,2.455286,21063517,21063518,21063738
"stage1_only","TS-RIGHT-TUNED","TS tuned K1cap in {2,5,15,25}, T1=20, T2=4, eta=0.5/L",9,21060517,3,0.631629848147807,0.446542617877392,0.148109113272699,6.20378900749841e-05,0.5,0.4,15,NA,20,4,NA,17,NA,NA,NA,NA,NA,NA,17,252,167,41,15,31,112,2,7,16.8,20.5,TRUE,0.000124075780149968,2.455286,21063517,21063518,21063738
"stage1_only","TS-RIGHT-TUNED","TS tuned K1cap in {2,5,15,25}, T1=30, T2=4, eta=0.5/L",9,21060517,3,0.628798134884814,0.445602936006766,0.155730359521213,6.20378900749841e-05,0.5,0.4,15,NA,30,4,NA,17,NA,NA,NA,NA,NA,NA,17,252,167,41,15,31,112,2,7,16.8,20.5,TRUE,0.000124075780149968,2.455286,21063517,21063518,21063738
"stage1_only","TS-RIGHT-TUNED","TS tuned K1cap in {2,5,15,25}, T1=40, T2=4, eta=0.5/L",9,21060517,3,0.629154992384465,0.44647718140039,0.154771802461252,6.20378900749841e-05,0.5,0.4,15,NA,40,4,NA,17,NA,NA,NA,NA,NA,NA,17,252,167,41,15,31,112,2,7,16.8,20.5,TRUE,0.000124075780149968,2.455286,21063517,21063518,21063738
"stage1_only","TS-RIGHT-TUNED","TS tuned K1cap in {2,5,15,25}, T1=50, T2=4, eta=0.5/L",9,21060517,3,0.630403601060198,0.447555786671284,0.151413626826099,6.20378900749841e-05,0.5,0.4,15,NA,50,4,NA,17,NA,NA,NA,NA,NA,NA,17,252,167,41,15,31,112,2,7,16.8,20.5,TRUE,0.000124075780149968,2.455286,21063517,21063518,21063738
"stage1_only","TS-RIGHT-TUNED","TS tuned K1cap in {2,5,15,25}, T1=60, T2=4, eta=0.5/L",9,21060517,3,0.632467476407882,0.449070020051637,0.145848165573627,6.20378900749841e-05,0.5,0.4,15,NA,60,4,NA,17,NA,NA,NA,NA,NA,NA,17,252,167,41,15,31,112,2,7,16.8,20.5,TRUE,0.000124075780149968,2.455286,21063517,21063518,21063738
"stage1_only","TS-RIGHT-TUNED","TS tuned K1cap in {2,5,15,25}, T1=70, T2=4, eta=0.5/L",9,21060517,3,0.634294176695309,0.45214120149735,0.140907096921887,6.20378900749841e-05,0.5,0.4,15,NA,70,4,NA,17,NA,NA,NA,NA,NA,NA,17,252,167,41,15,31,112,2,7,16.8,20.5,TRUE,0.000124075780149968,2.455286,21063517,21063518,21063738
"stage1_only","TS-RIGHT-TUNED","TS tuned K1cap in {2,5,15,25}, T1=80, T2=4, eta=0.5/L",9,21060517,3,0.636244555938713,0.45655612171184,0.135615757044306,6.20378900749841e-05,0.5,0.4,15,NA,80,4,NA,17,NA,NA,NA,NA,NA,NA,17,252,167,41,15,31,112,2,7,16.8,20.5,TRUE,0.000124075780149968,2.455286,21063517,21063518,21063738
"stage1_only","TS-RIGHT-TUNED","TS tuned K1cap in {2,5,15,25}, T1=90, T2=4, eta=0.5/L",9,21060517,3,0.637872918393278,0.460710322391038,0.131185598843933,6.20378900749841e-05,0.5,0.4,15,NA,90,4,NA,17,NA,NA,NA,NA,NA,NA,17,252,167,41,15,31,112,2,7,16.8,20.5,TRUE,0.000124075780149968,2.455286,21063517,21063518,21063738
"stage1_only","TS-RIGHT-TUNED","TS tuned K1cap in {2,5,15,25}, T1=100, T2=4, eta=0.5/L",9,21060517,3,0.637908509471363,0.463202678807052,0.131088642528741,6.20378900749841e-05,0.5,0.4,15,NA,100,4,NA,17,NA,NA,NA,NA,NA,NA,17,252,167,41,15,31,112,2,7,16.8,20.5,TRUE,0.000124075780149968,2.455286,21063517,21063518,21063738
"after_stage2","TS-RIGHT-TUNED","TS tuned K1cap in {2,5,15,25}, T1=0, T2=4, eta=0.5/L",9,21060517,4,1.07553797984841,0.620055818572545,0.313323286850472,7.14293862924366e-05,0.5,0.4,2,NA,0,4,NA,27,NA,NA,NA,NA,NA,NA,27,252,167,41,2,31,177,2,7,126,20.5,TRUE,0.000142858772584873,2.455286,21064517,21064518,21064738
"after_stage2","TS-RIGHT-TUNED","TS tuned K1cap in {2,5,15,25}, T1=10, T2=4, eta=0.5/L",9,21060517,4,1.0535522633432,0.617449362056752,0.341109893367467,7.14293862924366e-05,0.5,0.4,15,NA,10,4,NA,27,NA,NA,NA,NA,NA,NA,27,252,167,41,15,31,177,2,7,16.8,20.5,TRUE,0.000142858772584873,2.455286,21064517,21064518,21064738
"after_stage2","TS-RIGHT-TUNED","TS tuned K1cap in {2,5,15,25}, T1=20, T2=4, eta=0.5/L",9,21060517,4,1.0531941607255,0.617948569533326,0.341557730993372,7.14293862924366e-05,0.5,0.4,15,NA,20,4,NA,27,NA,NA,NA,NA,NA,NA,27,252,167,41,15,31,177,2,7,16.8,20.5,TRUE,0.000142858772584873,2.455286,21064517,21064518,21064738
"after_stage2","TS-RIGHT-TUNED","TS tuned K1cap in {2,5,15,25}, T1=30, T2=4, eta=0.5/L",9,21060517,4,1.05158890481238,0.62133607346375,0.343563368473975,7.14293862924366e-05,0.5,0.4,15,NA,30,4,NA,27,NA,NA,NA,NA,NA,NA,27,252,167,41,15,31,177,2,7,16.8,20.5,TRUE,0.000142858772584873,2.455286,21064517,21064518,21064738
"after_stage2","TS-RIGHT-TUNED","TS tuned K1cap in {2,5,15,25}, T1=40, T2=4, eta=0.5/L",9,21060517,4,1.05465452508874,0.623431268111289,0.339730466246422,7.14293862924366e-05,0.5,0.4,15,NA,40,4,NA,27,NA,NA,NA,NA,NA,NA,27,252,167,41,15,31,177,2,7,16.8,20.5,TRUE,0.000142858772584873,2.455286,21064517,21064518,21064738
"after_stage2","TS-RIGHT-TUNED","TS tuned K1cap in {2,5,15,25}, T1=50, T2=4, eta=0.5/L",9,21060517,4,1.05404880657152,0.625013736032975,0.340488672133987,7.14293862924366e-05,0.5,0.4,15,NA,50,4,NA,27,NA,NA,NA,NA,NA,NA,27,252,167,41,15,31,177,2,7,16.8,20.5,TRUE,0.000142858772584873,2.455286,21064517,21064518,21064738
"after_stage2","TS-RIGHT-TUNED","TS tuned K1cap in {2,5,15,25}, T1=60, T2=4, eta=0.5/L",9,21060517,4,1.05707504918106,0.629465029730571,0.336696236025904,7.14293862924366e-05,0.5,0.4,15,NA,60,4,NA,27,NA,NA,NA,NA,NA,NA,27,252,167,41,15,31,177,2,7,16.8,20.5,TRUE,0.000142858772584873,2.455286,21064517,21064518,21064738
"after_stage2","TS-RIGHT-TUNED","TS tuned K1cap in {2,5,15,25}, T1=70, T2=4, eta=0.5/L",9,21060517,4,1.06384174802409,0.632306193928939,0.328176987306315,7.14293862924366e-05,0.5,0.4,15,NA,70,4,NA,27,NA,NA,NA,NA,NA,NA,27,252,167,41,15,31,177,2,7,16.8,20.5,TRUE,0.000142858772584873,2.455286,21064517,21064518,21064738
"after_stage2","TS-RIGHT-TUNED","TS tuned K1cap in {2,5,15,25}, T1=80, T2=4, eta=0.5/L",9,21060517,4,1.06538487294566,0.633406934427388,0.326226586848216,7.14293862924366e-05,0.5,0.4,15,NA,80,4,NA,27,NA,NA,NA,NA,NA,NA,27,252,167,41,15,31,177,2,7,16.8,20.5,TRUE,0.000142858772584873,2.455286,21064517,21064518,21064738
"after_stage2","TS-RIGHT-TUNED","TS tuned K1cap in {2,5,15,25}, T1=90, T2=4, eta=0.5/L",9,21060517,4,1.069282559777,0.629783237566234,0.321287598701495,7.14293862924366e-05,0.5,0.4,15,NA,90,4,NA,27,NA,NA,NA,NA,NA,NA,27,252,167,41,15,31,177,2,7,16.8,20.5,TRUE,0.000142858772584873,2.455286,21064517,21064518,21064738
"after_stage2","TS-RIGHT-TUNED","TS tuned K1cap in {2,5,15,25}, T1=100, T2=4, eta=0.5/L",9,21060517,4,1.07031925798151,0.632230411325465,0.319970900864063,7.14293862924366e-05,0.5,0.4,15,NA,100,4,NA,27,NA,NA,NA,NA,NA,NA,27,252,167,41,15,31,177,2,7,16.8,20.5,TRUE,0.000142858772584873,2.455286,21064517,21064518,21064738
"stage1_only","TS-RIGHT-TUNED","TS tuned K1cap in {2,5,15,25}, T1=0, T2=4, eta=0.5/L",9,21060517,4,1.31261558190259,0.7177952,-0.022765166961622,7.14293862924366e-05,0.5,0.4,2,NA,0,4,NA,27,NA,NA,NA,NA,NA,NA,0,252,167,41,2,31,177,2,7,126,20.5,TRUE,0.000142858772584873,2.455286,21064517,21064518,21064738
"stage1_only","TS-RIGHT-TUNED","TS tuned K1cap in {2,5,15,25}, T1=10, T2=4, eta=0.5/L",9,21060517,4,1.18604266728076,0.65180726365587,0.164971221356905,7.14293862924366e-05,0.5,0.4,2,NA,10,4,NA,27,NA,NA,NA,NA,NA,NA,27,252,167,41,2,31,177,2,7,126,20.5,TRUE,0.000142858772584873,2.455286,21064517,21064518,21064738
"stage1_only","TS-RIGHT-TUNED","TS tuned K1cap in {2,5,15,25}, T1=20, T2=4, eta=0.5/L",9,21060517,4,1.17328171384696,0.636160619354043,0.18284315722288,7.14293862924366e-05,0.5,0.4,5,NA,20,4,NA,27,NA,NA,NA,NA,NA,NA,27,252,167,41,5,31,177,2,7,50.4,20.5,TRUE,0.000142858772584873,2.455286,21064517,21064518,21064738
"stage1_only","TS-RIGHT-TUNED","TS tuned K1cap in {2,5,15,25}, T1=30, T2=4, eta=0.5/L",9,21060517,4,1.16677749878857,0.631345365564204,0.191878040727209,7.14293862924366e-05,0.5,0.4,5,NA,30,4,NA,27,NA,NA,NA,NA,NA,NA,27,252,167,41,5,31,177,2,7,50.4,20.5,TRUE,0.000142858772584873,2.455286,21064517,21064518,21064738
"stage1_only","TS-RIGHT-TUNED","TS tuned K1cap in {2,5,15,25}, T1=40, T2=4, eta=0.5/L",9,21060517,4,1.16491188720246,0.630451364225373,0.194460257773126,7.14293862924366e-05,0.5,0.4,5,NA,40,4,NA,27,NA,NA,NA,NA,NA,NA,27,252,167,41,5,31,177,2,7,50.4,20.5,TRUE,0.000142858772584873,2.455286,21064517,21064518,21064738
"stage1_only","TS-RIGHT-TUNED","TS tuned K1cap in {2,5,15,25}, T1=50, T2=4, eta=0.5/L",9,21060517,4,1.16486870209576,0.631490041029153,0.194519981903837,7.14293862924366e-05,0.5,0.4,5,NA,50,4,NA,27,NA,NA,NA,NA,NA,NA,27,252,167,41,5,31,177,2,7,50.4,20.5,TRUE,0.000142858772584873,2.455286,21064517,21064518,21064738
"stage1_only","TS-RIGHT-TUNED","TS tuned K1cap in {2,5,15,25}, T1=60, T2=4, eta=0.5/L",9,21060517,4,1.16608036870349,0.642197911393383,0.192843431009206,7.14293862924366e-05,0.5,0.4,15,NA,60,4,NA,27,NA,NA,NA,NA,NA,NA,27,252,167,41,15,31,177,2,7,16.8,20.5,TRUE,0.000142858772584873,2.455286,21064517,21064518,21064738
"stage1_only","TS-RIGHT-TUNED","TS tuned K1cap in {2,5,15,25}, T1=70, T2=4, eta=0.5/L",9,21060517,4,1.1671507440657,0.643315685689232,0.191360931082188,7.14293862924366e-05,0.5,0.4,15,NA,70,4,NA,27,NA,NA,NA,NA,NA,NA,27,252,167,41,15,31,177,2,7,16.8,20.5,TRUE,0.000142858772584873,2.455286,21064517,21064518,21064738
"stage1_only","TS-RIGHT-TUNED","TS tuned K1cap in {2,5,15,25}, T1=80, T2=4, eta=0.5/L",9,21060517,4,1.16826071075019,0.64384897170132,0.189822159463852,7.14293862924366e-05,0.5,0.4,15,NA,80,4,NA,27,NA,NA,NA,NA,NA,NA,27,252,167,41,15,31,177,2,7,16.8,20.5,TRUE,0.000142858772584873,2.455286,21064517,21064518,21064738
"stage1_only","TS-RIGHT-TUNED","TS tuned K1cap in {2,5,15,25}, T1=90, T2=4, eta=0.5/L",9,21060517,4,1.16821388916478,0.642548066400025,0.189887098822779,7.14293862924366e-05,0.5,0.4,15,NA,90,4,NA,27,NA,NA,NA,NA,NA,NA,27,252,167,41,15,31,177,2,7,16.8,20.5,TRUE,0.000142858772584873,2.455286,21064517,21064518,21064738
"stage1_only","TS-RIGHT-TUNED","TS tuned K1cap in {2,5,15,25}, T1=100, T2=4, eta=0.5/L",9,21060517,4,1.16949104117427,0.642753468630458,0.188114815700924,7.14293862924366e-05,0.5,0.4,15,NA,100,4,NA,27,NA,NA,NA,NA,NA,NA,27,252,167,41,15,31,177,2,7,16.8,20.5,TRUE,0.000142858772584873,2.455286,21064517,21064518,21064738
"after_stage2","TS-RIGHT-TUNED","TS tuned K1cap in {2,5,15,25}, T1=0, T2=4, eta=0.5/L",9,21060517,5,0.522800316938532,0.415673873999409,-0.166526519347565,6.57335971173148e-05,0.5,0.4,2,NA,0,4,NA,12,NA,NA,NA,NA,NA,NA,12,252,168,42,2,31,79,2,7,126,21,TRUE,0.00013146719423463,2.4858095,21065517,21065518,21065738
"after_stage2","TS-RIGHT-TUNED","TS tuned K1cap in {2,5,15,25}, T1=10, T2=4, eta=0.5/L",9,21060517,5,0.54220614248913,0.431286489789741,-0.254734381560471,6.57335971173148e-05,0.5,0.4,25,NA,10,4,NA,12,NA,NA,NA,NA,NA,NA,12,252,168,42,25,31,79,2,7,10.08,21,TRUE,0.00013146719423463,2.4858095,21065517,21065518,21065738
"after_stage2","TS-RIGHT-TUNED","TS tuned K1cap in {2,5,15,25}, T1=20, T2=4, eta=0.5/L",9,21060517,5,0.553543214832967,0.438166394321443,-0.307753814011136,6.57335971173148e-05,0.5,0.4,25,NA,20,4,NA,12,NA,NA,NA,NA,NA,NA,12,252,168,42,25,31,79,2,7,10.08,21,TRUE,0.00013146719423463,2.4858095,21065517,21065518,21065738
"after_stage2","TS-RIGHT-TUNED","TS tuned K1cap in {2,5,15,25}, T1=30, T2=4, eta=0.5/L",9,21060517,5,0.55836080093612,0.440998359437692,-0.330616103313821,6.57335971173148e-05,0.5,0.4,25,NA,30,4,NA,12,NA,NA,NA,NA,NA,NA,12,252,168,42,25,31,79,2,7,10.08,21,TRUE,0.00013146719423463,2.4858095,21065517,21065518,21065738
"after_stage2","TS-RIGHT-TUNED","TS tuned K1cap in {2,5,15,25}, T1=40, T2=4, eta=0.5/L",9,21060517,5,0.561989393717718,0.443006315228464,-0.347966721710434,6.57335971173148e-05,0.5,0.4,25,NA,40,4,NA,12,NA,NA,NA,NA,NA,NA,12,252,168,42,25,31,79,2,7,10.08,21,TRUE,0.00013146719423463,2.4858095,21065517,21065518,21065738
"after_stage2","TS-RIGHT-TUNED","TS tuned K1cap in {2,5,15,25}, T1=50, T2=4, eta=0.5/L",9,21060517,5,0.559310032645066,0.439664042053645,-0.335144131140559,6.57335971173148e-05,0.5,0.4,25,NA,50,4,NA,12,NA,NA,NA,NA,NA,NA,12,252,168,42,25,31,79,2,7,10.08,21,TRUE,0.00013146719423463,2.4858095,21065517,21065518,21065738
"after_stage2","TS-RIGHT-TUNED","TS tuned K1cap in {2,5,15,25}, T1=60, T2=4, eta=0.5/L",9,21060517,5,0.562626429428071,0.442012525567122,-0.351024393735674,6.57335971173148e-05,0.5,0.4,25,NA,60,4,NA,12,NA,NA,NA,NA,NA,NA,12,252,168,42,25,31,79,2,7,10.08,21,TRUE,0.00013146719423463,2.4858095,21065517,21065518,21065738
"after_stage2","TS-RIGHT-TUNED","TS tuned K1cap in {2,5,15,25}, T1=70, T2=4, eta=0.5/L",9,21060517,5,0.564828919510073,0.443074798098034,-0.361622694615074,6.57335971173148e-05,0.5,0.4,25,NA,70,4,NA,12,NA,NA,NA,NA,NA,NA,12,252,168,42,25,31,79,2,7,10.08,21,TRUE,0.00013146719423463,2.4858095,21065517,21065518,21065738
"after_stage2","TS-RIGHT-TUNED","TS tuned K1cap in {2,5,15,25}, T1=80, T2=4, eta=0.5/L",9,21060517,5,0.566769955382625,0.443914229005315,-0.370997213766391,6.57335971173148e-05,0.5,0.4,25,NA,80,4,NA,12,NA,NA,NA,NA,NA,NA,12,252,168,42,25,31,79,2,7,10.08,21,TRUE,0.00013146719423463,2.4858095,21065517,21065518,21065738
"after_stage2","TS-RIGHT-TUNED","TS tuned K1cap in {2,5,15,25}, T1=90, T2=4, eta=0.5/L",9,21060517,5,0.569000341301089,0.44534941603823,-0.381808900485212,6.57335971173148e-05,0.5,0.4,25,NA,90,4,NA,12,NA,NA,NA,NA,NA,NA,12,252,168,42,25,31,79,2,7,10.08,21,TRUE,0.00013146719423463,2.4858095,21065517,21065518,21065738
"after_stage2","TS-RIGHT-TUNED","TS tuned K1cap in {2,5,15,25}, T1=100, T2=4, eta=0.5/L",9,21060517,5,0.57083691187916,0.446122616638811,-0.390743465252852,6.57335971173148e-05,0.5,0.4,25,NA,100,4,NA,12,NA,NA,NA,NA,NA,NA,12,252,168,42,25,31,79,2,7,10.08,21,TRUE,0.00013146719423463,2.4858095,21065517,21065518,21065738
"stage1_only","TS-RIGHT-TUNED","TS tuned K1cap in {2,5,15,25}, T1=0, T2=4, eta=0.5/L",9,21060517,5,0.488783048427123,0.382422375,-0.0196595784065265,6.57335971173148e-05,0.5,0.4,2,NA,0,4,NA,12,NA,NA,NA,NA,NA,NA,0,252,168,42,2,31,79,2,7,126,21,TRUE,0.00013146719423463,2.4858095,21065517,21065518,21065738
"stage1_only","TS-RIGHT-TUNED","TS tuned K1cap in {2,5,15,25}, T1=10, T2=4, eta=0.5/L",9,21060517,5,0.482188946874727,0.375150802447616,0.00766700067805759,6.57335971173148e-05,0.5,0.4,25,NA,10,4,NA,12,NA,NA,NA,NA,NA,NA,12,252,168,42,25,31,79,2,7,10.08,21,TRUE,0.00013146719423463,2.4858095,21065517,21065518,21065738
"stage1_only","TS-RIGHT-TUNED","TS tuned K1cap in {2,5,15,25}, T1=20, T2=4, eta=0.5/L",9,21060517,5,0.495275921957686,0.386574191632757,-0.0469293185936759,6.57335971173148e-05,0.5,0.4,25,NA,20,4,NA,12,NA,NA,NA,NA,NA,NA,12,252,168,42,25,31,79,2,7,10.08,21,TRUE,0.00013146719423463,2.4858095,21065517,21065518,21065738
"stage1_only","TS-RIGHT-TUNED","TS tuned K1cap in {2,5,15,25}, T1=30, T2=4, eta=0.5/L",9,21060517,5,0.501465136214016,0.392148661625506,-0.0732587085908549,6.57335971173148e-05,0.5,0.4,25,NA,30,4,NA,12,NA,NA,NA,NA,NA,NA,12,252,168,42,25,31,79,2,7,10.08,21,TRUE,0.00013146719423463,2.4858095,21065517,21065518,21065738
"stage1_only","TS-RIGHT-TUNED","TS tuned K1cap in {2,5,15,25}, T1=40, T2=4, eta=0.5/L",9,21060517,5,0.506409299246611,0.396043525864389,-0.0945264878737466,6.57335971173148e-05,0.5,0.4,25,NA,40,4,NA,12,NA,NA,NA,NA,NA,NA,12,252,168,42,25,31,79,2,7,10.08,21,TRUE,0.00013146719423463,2.4858095,21065517,21065518,21065738
"stage1_only","TS-RIGHT-TUNED","TS tuned K1cap in {2,5,15,25}, T1=50, T2=4, eta=0.5/L",9,21060517,5,0.510164543380887,0.398984882833835,-0.110819449665955,6.57335971173148e-05,0.5,0.4,25,NA,50,4,NA,12,NA,NA,NA,NA,NA,NA,12,252,168,42,25,31,79,2,7,10.08,21,TRUE,0.00013146719423463,2.4858095,21065517,21065518,21065738
"stage1_only","TS-RIGHT-TUNED","TS tuned K1cap in {2,5,15,25}, T1=60, T2=4, eta=0.5/L",9,21060517,5,0.513460793193264,0.401590416059565,-0.125220165377194,6.57335971173148e-05,0.5,0.4,25,NA,60,4,NA,12,NA,NA,NA,NA,NA,NA,12,252,168,42,25,31,79,2,7,10.08,21,TRUE,0.00013146719423463,2.4858095,21065517,21065518,21065738
"stage1_only","TS-RIGHT-TUNED","TS tuned K1cap in {2,5,15,25}, T1=70, T2=4, eta=0.5/L",9,21060517,5,0.515837126188546,0.403396894508827,-0.13565946409635,6.57335971173148e-05,0.5,0.4,25,NA,70,4,NA,12,NA,NA,NA,NA,NA,NA,12,252,168,42,25,31,79,2,7,10.08,21,TRUE,0.00013146719423463,2.4858095,21065517,21065518,21065738
"stage1_only","TS-RIGHT-TUNED","TS tuned K1cap in {2,5,15,25}, T1=80, T2=4, eta=0.5/L",9,21060517,5,0.51794470340392,0.404820597862568,-0.144958444259145,6.57335971173148e-05,0.5,0.4,25,NA,80,4,NA,12,NA,NA,NA,NA,NA,NA,12,252,168,42,25,31,79,2,7,10.08,21,TRUE,0.00013146719423463,2.4858095,21065517,21065518,21065738
"stage1_only","TS-RIGHT-TUNED","TS tuned K1cap in {2,5,15,25}, T1=90, T2=4, eta=0.5/L",9,21060517,5,0.520151781109999,0.406183634688078,-0.154737080167619,6.57335971173148e-05,0.5,0.4,25,NA,90,4,NA,12,NA,NA,NA,NA,NA,NA,12,252,168,42,25,31,79,2,7,10.08,21,TRUE,0.00013146719423463,2.4858095,21065517,21065518,21065738
"stage1_only","TS-RIGHT-TUNED","TS tuned K1cap in {2,5,15,25}, T1=100, T2=4, eta=0.5/L",9,21060517,5,0.522040621793611,0.407268533504583,-0.163138760692092,6.57335971173148e-05,0.5,0.4,25,NA,100,4,NA,12,NA,NA,NA,NA,NA,NA,12,252,168,42,25,31,79,2,7,10.08,21,TRUE,0.00013146719423463,2.4858095,21065517,21065518,21065738
"after_stage2","TS-RIGHT-TUNED","TS tuned K1cap in {2,5,15,25}, T1=0, T2=4, eta=0.5/L",10,21160517,1,0.826871168604627,0.549138456091566,0.100881147592472,6.65360446017625e-05,0.5,0.4,2,NA,0,4,NA,15,NA,NA,NA,NA,NA,NA,15,252,167,41,2,31,99,2,7,126,20.5,TRUE,0.000133072089203525,2.437935,21161517,21161518,21161738
"after_stage2","TS-RIGHT-TUNED","TS tuned K1cap in {2,5,15,25}, T1=10, T2=4, eta=0.5/L",10,21160517,1,0.797443901834834,0.519972242391621,0.163739299122246,6.65360446017625e-05,0.5,0.4,15,NA,10,4,NA,15,NA,NA,NA,NA,NA,NA,15,252,167,41,15,31,99,2,7,16.8,20.5,TRUE,0.000133072089203525,2.437935,21161517,21161518,21161738
"after_stage2","TS-RIGHT-TUNED","TS tuned K1cap in {2,5,15,25}, T1=20, T2=4, eta=0.5/L",10,21160517,1,0.788420692998497,0.511702188829096,0.182557084798636,6.65360446017625e-05,0.5,0.4,25,NA,20,4,NA,15,NA,NA,NA,NA,NA,NA,15,252,167,41,25,31,99,2,7,10.08,20.5,TRUE,0.000133072089203525,2.437935,21161517,21161518,21161738
"after_stage2","TS-RIGHT-TUNED","TS tuned K1cap in {2,5,15,25}, T1=30, T2=4, eta=0.5/L",10,21160517,1,0.78755201904836,0.509413994297008,0.184357393153596,6.65360446017625e-05,0.5,0.4,25,NA,30,4,NA,15,NA,NA,NA,NA,NA,NA,15,252,167,41,25,31,99,2,7,10.08,20.5,TRUE,0.000133072089203525,2.437935,21161517,21161518,21161738
"after_stage2","TS-RIGHT-TUNED","TS tuned K1cap in {2,5,15,25}, T1=40, T2=4, eta=0.5/L",10,21160517,1,0.789554961734311,0.510031353784718,0.180203349254503,6.65360446017625e-05,0.5,0.4,25,NA,40,4,NA,15,NA,NA,NA,NA,NA,NA,15,252,167,41,25,31,99,2,7,10.08,20.5,TRUE,0.000133072089203525,2.437935,21161517,21161518,21161738
"after_stage2","TS-RIGHT-TUNED","TS tuned K1cap in {2,5,15,25}, T1=50, T2=4, eta=0.5/L",10,21160517,1,0.791431573326161,0.512886951279725,0.176301738215882,6.65360446017625e-05,0.5,0.4,25,NA,50,4,NA,15,NA,NA,NA,NA,NA,NA,15,252,167,41,25,31,99,2,7,10.08,20.5,TRUE,0.000133072089203525,2.437935,21161517,21161518,21161738
"after_stage2","TS-RIGHT-TUNED","TS tuned K1cap in {2,5,15,25}, T1=60, T2=4, eta=0.5/L",10,21160517,1,0.789895635402232,0.51381093872272,0.17949575219687,6.65360446017625e-05,0.5,0.4,15,NA,60,4,NA,15,NA,NA,NA,NA,NA,NA,15,252,167,41,15,31,99,2,7,16.8,20.5,TRUE,0.000133072089203525,2.437935,21161517,21161518,21161738
"after_stage2","TS-RIGHT-TUNED","TS tuned K1cap in {2,5,15,25}, T1=70, T2=4, eta=0.5/L",10,21160517,1,0.785586331310766,0.50681070191739,0.188423912590843,6.65360446017625e-05,0.5,0.4,25,NA,70,4,NA,15,NA,NA,NA,NA,NA,NA,15,252,167,41,25,31,99,2,7,10.08,20.5,TRUE,0.000133072089203525,2.437935,21161517,21161518,21161738
"after_stage2","TS-RIGHT-TUNED","TS tuned K1cap in {2,5,15,25}, T1=80, T2=4, eta=0.5/L",10,21160517,1,0.78513876601951,0.506290344882558,0.189348393586982,6.65360446017625e-05,0.5,0.4,25,NA,80,4,NA,15,NA,NA,NA,NA,NA,NA,15,252,167,41,25,31,99,2,7,10.08,20.5,TRUE,0.000133072089203525,2.437935,21161517,21161518,21161738
"after_stage2","TS-RIGHT-TUNED","TS tuned K1cap in {2,5,15,25}, T1=90, T2=4, eta=0.5/L",10,21160517,1,0.782749078986244,0.509684139294351,0.194275562214601,6.65360446017625e-05,0.5,0.4,15,NA,90,4,NA,15,NA,NA,NA,NA,NA,NA,15,252,167,41,15,31,99,2,7,16.8,20.5,TRUE,0.000133072089203525,2.437935,21161517,21161518,21161738
"after_stage2","TS-RIGHT-TUNED","TS tuned K1cap in {2,5,15,25}, T1=100, T2=4, eta=0.5/L",10,21160517,1,0.78005393514234,0.508179481603702,0.199814514127476,6.65360446017625e-05,0.5,0.4,15,NA,100,4,NA,15,NA,NA,NA,NA,NA,NA,15,252,167,41,15,31,99,2,7,16.8,20.5,TRUE,0.000133072089203525,2.437935,21161517,21161518,21161738
"stage1_only","TS-RIGHT-TUNED","TS tuned K1cap in {2,5,15,25}, T1=0, T2=4, eta=0.5/L",10,21160517,1,0.874018438706137,0.579817190476191,-0.00457552994638788,6.65360446017625e-05,0.5,0.4,2,NA,0,4,NA,15,NA,NA,NA,NA,NA,NA,0,252,167,41,2,31,99,2,7,126,20.5,TRUE,0.000133072089203525,2.437935,21161517,21161518,21161738
"stage1_only","TS-RIGHT-TUNED","TS tuned K1cap in {2,5,15,25}, T1=10, T2=4, eta=0.5/L",10,21160517,1,0.807248087783068,0.532806060351658,0.143050054728453,6.65360446017625e-05,0.5,0.4,15,NA,10,4,NA,15,NA,NA,NA,NA,NA,NA,15,252,167,41,15,31,99,2,7,16.8,20.5,TRUE,0.000133072089203525,2.437935,21161517,21161518,21161738
"stage1_only","TS-RIGHT-TUNED","TS tuned K1cap in {2,5,15,25}, T1=20, T2=4, eta=0.5/L",10,21160517,1,0.796426962137981,0.520712011548196,0.165870820721946,6.65360446017625e-05,0.5,0.4,25,NA,20,4,NA,15,NA,NA,NA,NA,NA,NA,15,252,167,41,25,31,99,2,7,10.08,20.5,TRUE,0.000133072089203525,2.437935,21161517,21161518,21161738
"stage1_only","TS-RIGHT-TUNED","TS tuned K1cap in {2,5,15,25}, T1=30, T2=4, eta=0.5/L",10,21160517,1,0.794456392776082,0.516900738148345,0.169993423291497,6.65360446017625e-05,0.5,0.4,25,NA,30,4,NA,15,NA,NA,NA,NA,NA,NA,15,252,167,41,25,31,99,2,7,10.08,20.5,TRUE,0.000133072089203525,2.437935,21161517,21161518,21161738
"stage1_only","TS-RIGHT-TUNED","TS tuned K1cap in {2,5,15,25}, T1=40, T2=4, eta=0.5/L",10,21160517,1,0.794200804789108,0.51540776537527,0.170527387365183,6.65360446017625e-05,0.5,0.4,25,NA,40,4,NA,15,NA,NA,NA,NA,NA,NA,15,252,167,41,25,31,99,2,7,10.08,20.5,TRUE,0.000133072089203525,2.437935,21161517,21161518,21161738
"stage1_only","TS-RIGHT-TUNED","TS tuned K1cap in {2,5,15,25}, T1=50, T2=4, eta=0.5/L",10,21160517,1,0.794175547388191,0.514407742811412,0.170580144776324,6.65360446017625e-05,0.5,0.4,25,NA,50,4,NA,15,NA,NA,NA,NA,NA,NA,15,252,167,41,25,31,99,2,7,10.08,20.5,TRUE,0.000133072089203525,2.437935,21161517,21161518,21161738
"stage1_only","TS-RIGHT-TUNED","TS tuned K1cap in {2,5,15,25}, T1=60, T2=4, eta=0.5/L",10,21160517,1,0.792870862961454,0.514160810999026,0.173303074991452,6.65360446017625e-05,0.5,0.4,25,NA,60,4,NA,15,NA,NA,NA,NA,NA,NA,15,252,167,41,25,31,99,2,7,10.08,20.5,TRUE,0.000133072089203525,2.437935,21161517,21161518,21161738
"stage1_only","TS-RIGHT-TUNED","TS tuned K1cap in {2,5,15,25}, T1=70, T2=4, eta=0.5/L",10,21160517,1,0.791769389965247,0.514200833937948,0.175598409275828,6.65360446017625e-05,0.5,0.4,25,NA,70,4,NA,15,NA,NA,NA,NA,NA,NA,15,252,167,41,25,31,99,2,7,10.08,20.5,TRUE,0.000133072089203525,2.437935,21161517,21161518,21161738
"stage1_only","TS-RIGHT-TUNED","TS tuned K1cap in {2,5,15,25}, T1=80, T2=4, eta=0.5/L",10,21160517,1,0.791375140477891,0.514440059315282,0.176419201262194,6.65360446017625e-05,0.5,0.4,25,NA,80,4,NA,15,NA,NA,NA,NA,NA,NA,15,252,167,41,25,31,99,2,7,10.08,20.5,TRUE,0.000133072089203525,2.437935,21161517,21161518,21161738
"stage1_only","TS-RIGHT-TUNED","TS tuned K1cap in {2,5,15,25}, T1=90, T2=4, eta=0.5/L",10,21160517,1,0.788138922660061,0.515047800408478,0.183141265326549,6.65360446017625e-05,0.5,0.4,15,NA,90,4,NA,15,NA,NA,NA,NA,NA,NA,15,252,167,41,15,31,99,2,7,16.8,20.5,TRUE,0.000133072089203525,2.437935,21161517,21161518,21161738
"stage1_only","TS-RIGHT-TUNED","TS tuned K1cap in {2,5,15,25}, T1=100, T2=4, eta=0.5/L",10,21160517,1,0.784429752159439,0.511802575945028,0.190811838602366,6.65360446017625e-05,0.5,0.4,15,NA,100,4,NA,15,NA,NA,NA,NA,NA,NA,15,252,167,41,15,31,99,2,7,16.8,20.5,TRUE,0.000133072089203525,2.437935,21161517,21161518,21161738
"after_stage2","TS-RIGHT-TUNED","TS tuned K1cap in {2,5,15,25}, T1=0, T2=4, eta=0.5/L",10,21160517,2,0.985941806758603,0.50756538454919,0.129200346712632,6.23175621249523e-05,0.5,0.4,2,NA,0,4,NA,14,NA,NA,NA,NA,NA,NA,14,252,167,41,2,31,92,2,7,126,20.5,TRUE,0.000124635124249905,2.458379,21162517,21162518,21162738
"after_stage2","TS-RIGHT-TUNED","TS tuned K1cap in {2,5,15,25}, T1=10, T2=4, eta=0.5/L",10,21160517,2,0.944980074262562,0.517887993958915,0.200053421803753,6.23175621249523e-05,0.5,0.4,2,NA,10,4,NA,14,NA,NA,NA,NA,NA,NA,14,252,167,41,2,31,92,2,7,126,20.5,TRUE,0.000124635124249905,2.458379,21162517,21162518,21162738
"after_stage2","TS-RIGHT-TUNED","TS tuned K1cap in {2,5,15,25}, T1=20, T2=4, eta=0.5/L",10,21160517,2,0.926627220266761,0.515283742049681,0.230823884131409,6.23175621249523e-05,0.5,0.4,2,NA,20,4,NA,14,NA,NA,NA,NA,NA,NA,14,252,167,41,2,31,92,2,7,126,20.5,TRUE,0.000124635124249905,2.458379,21162517,21162518,21162738
"after_stage2","TS-RIGHT-TUNED","TS tuned K1cap in {2,5,15,25}, T1=30, T2=4, eta=0.5/L",10,21160517,2,0.918181123218309,0.512905061308728,0.244781878032274,6.23175621249523e-05,0.5,0.4,2,NA,30,4,NA,14,NA,NA,NA,NA,NA,NA,14,252,167,41,2,31,92,2,7,126,20.5,TRUE,0.000124635124249905,2.458379,21162517,21162518,21162738
"after_stage2","TS-RIGHT-TUNED","TS tuned K1cap in {2,5,15,25}, T1=40, T2=4, eta=0.5/L",10,21160517,2,0.912234210906524,0.512451182649043,0.254533051064809,6.23175621249523e-05,0.5,0.4,2,NA,40,4,NA,14,NA,NA,NA,NA,NA,NA,14,252,167,41,2,31,92,2,7,126,20.5,TRUE,0.000124635124249905,2.458379,21162517,21162518,21162738
"after_stage2","TS-RIGHT-TUNED","TS tuned K1cap in {2,5,15,25}, T1=50, T2=4, eta=0.5/L",10,21160517,2,0.907493396759008,0.513354906716048,0.26226119134777,6.23175621249523e-05,0.5,0.4,2,NA,50,4,NA,14,NA,NA,NA,NA,NA,NA,14,252,167,41,2,31,92,2,7,126,20.5,TRUE,0.000124635124249905,2.458379,21162517,21162518,21162738
"after_stage2","TS-RIGHT-TUNED","TS tuned K1cap in {2,5,15,25}, T1=60, T2=4, eta=0.5/L",10,21160517,2,0.90469065428494,0.51308770702107,0.266811084329712,6.23175621249523e-05,0.5,0.4,2,NA,60,4,NA,14,NA,NA,NA,NA,NA,NA,14,252,167,41,2,31,92,2,7,126,20.5,TRUE,0.000124635124249905,2.458379,21162517,21162518,21162738
"after_stage2","TS-RIGHT-TUNED","TS tuned K1cap in {2,5,15,25}, T1=70, T2=4, eta=0.5/L",10,21160517,2,0.90210558311292,0.512559753893553,0.270995139137709,6.23175621249523e-05,0.5,0.4,2,NA,70,4,NA,14,NA,NA,NA,NA,NA,NA,14,252,167,41,2,31,92,2,7,126,20.5,TRUE,0.000124635124249905,2.458379,21162517,21162518,21162738
"after_stage2","TS-RIGHT-TUNED","TS tuned K1cap in {2,5,15,25}, T1=80, T2=4, eta=0.5/L",10,21160517,2,0.901209479495495,0.512973357449489,0.272442728968414,6.23175621249523e-05,0.5,0.4,2,NA,80,4,NA,14,NA,NA,NA,NA,NA,NA,14,252,167,41,2,31,92,2,7,126,20.5,TRUE,0.000124635124249905,2.458379,21162517,21162518,21162738
"after_stage2","TS-RIGHT-TUNED","TS tuned K1cap in {2,5,15,25}, T1=90, T2=4, eta=0.5/L",10,21160517,2,0.899723830883396,0.512976335789722,0.274839515829588,6.23175621249523e-05,0.5,0.4,2,NA,90,4,NA,14,NA,NA,NA,NA,NA,NA,14,252,167,41,2,31,92,2,7,126,20.5,TRUE,0.000124635124249905,2.458379,21162517,21162518,21162738
"after_stage2","TS-RIGHT-TUNED","TS tuned K1cap in {2,5,15,25}, T1=100, T2=4, eta=0.5/L",10,21160517,2,0.899633394759305,0.513392445831634,0.274985288132921,6.23175621249523e-05,0.5,0.4,2,NA,100,4,NA,14,NA,NA,NA,NA,NA,NA,14,252,167,41,2,31,92,2,7,126,20.5,TRUE,0.000124635124249905,2.458379,21162517,21162518,21162738
"stage1_only","TS-RIGHT-TUNED","TS tuned K1cap in {2,5,15,25}, T1=0, T2=4, eta=0.5/L",10,21160517,2,1.06229271147712,0.534910295238095,-0.0108904326075727,6.23175621249523e-05,0.5,0.4,2,NA,0,4,NA,14,NA,NA,NA,NA,NA,NA,0,252,167,41,2,31,92,2,7,126,20.5,TRUE,0.000124635124249905,2.458379,21162517,21162518,21162738
"stage1_only","TS-RIGHT-TUNED","TS tuned K1cap in {2,5,15,25}, T1=10, T2=4, eta=0.5/L",10,21160517,2,0.941897370061416,0.518743703956033,0.20526406373514,6.23175621249523e-05,0.5,0.4,2,NA,10,4,NA,14,NA,NA,NA,NA,NA,NA,14,252,167,41,2,31,92,2,7,126,20.5,TRUE,0.000124635124249905,2.458379,21162517,21162518,21162738
"stage1_only","TS-RIGHT-TUNED","TS tuned K1cap in {2,5,15,25}, T1=20, T2=4, eta=0.5/L",10,21160517,2,0.923900007049319,0.524776417096737,0.235344839869973,6.23175621249523e-05,0.5,0.4,2,NA,20,4,NA,14,NA,NA,NA,NA,NA,NA,14,252,167,41,2,31,92,2,7,126,20.5,TRUE,0.000124635124249905,2.458379,21162517,21162518,21162738
"stage1_only","TS-RIGHT-TUNED","TS tuned K1cap in {2,5,15,25}, T1=30, T2=4, eta=0.5/L",10,21160517,2,0.911564797201006,0.523397130214222,0.255626723478446,6.23175621249523e-05,0.5,0.4,2,NA,30,4,NA,14,NA,NA,NA,NA,NA,NA,14,252,167,41,2,31,92,2,7,126,20.5,TRUE,0.000124635124249905,2.458379,21162517,21162518,21162738
"stage1_only","TS-RIGHT-TUNED","TS tuned K1cap in {2,5,15,25}, T1=40, T2=4, eta=0.5/L",10,21160517,2,0.902719071951039,0.519111176449023,0.27000326318007,6.23175621249523e-05,0.5,0.4,2,NA,40,4,NA,14,NA,NA,NA,NA,NA,NA,14,252,167,41,2,31,92,2,7,126,20.5,TRUE,0.000124635124249905,2.458379,21162517,21162518,21162738
"stage1_only","TS-RIGHT-TUNED","TS tuned K1cap in {2,5,15,25}, T1=50, T2=4, eta=0.5/L",10,21160517,2,0.897326050708213,0.515534600831066,0.278699496946638,6.23175621249523e-05,0.5,0.4,2,NA,50,4,NA,14,NA,NA,NA,NA,NA,NA,14,252,167,41,2,31,92,2,7,126,20.5,TRUE,0.000124635124249905,2.458379,21162517,21162518,21162738
"stage1_only","TS-RIGHT-TUNED","TS tuned K1cap in {2,5,15,25}, T1=60, T2=4, eta=0.5/L",10,21160517,2,0.893603205523767,0.513820445558256,0.284672174789203,6.23175621249523e-05,0.5,0.4,2,NA,60,4,NA,14,NA,NA,NA,NA,NA,NA,14,252,167,41,2,31,92,2,7,126,20.5,TRUE,0.000124635124249905,2.458379,21162517,21162518,21162738
"stage1_only","TS-RIGHT-TUNED","TS tuned K1cap in {2,5,15,25}, T1=70, T2=4, eta=0.5/L",10,21160517,2,0.889874780327149,0.511176403088447,0.290628917884625,6.23175621249523e-05,0.5,0.4,2,NA,70,4,NA,14,NA,NA,NA,NA,NA,NA,14,252,167,41,2,31,92,2,7,126,20.5,TRUE,0.000124635124249905,2.458379,21162517,21162518,21162738
"stage1_only","TS-RIGHT-TUNED","TS tuned K1cap in {2,5,15,25}, T1=80, T2=4, eta=0.5/L",10,21160517,2,0.888057039242606,0.510823177052718,0.293524012813227,6.23175621249523e-05,0.5,0.4,2,NA,80,4,NA,14,NA,NA,NA,NA,NA,NA,14,252,167,41,2,31,92,2,7,126,20.5,TRUE,0.000124635124249905,2.458379,21162517,21162518,21162738
"stage1_only","TS-RIGHT-TUNED","TS tuned K1cap in {2,5,15,25}, T1=90, T2=4, eta=0.5/L",10,21160517,2,0.886808600421693,0.510834276920799,0.29550895759312,6.23175621249523e-05,0.5,0.4,2,NA,90,4,NA,14,NA,NA,NA,NA,NA,NA,14,252,167,41,2,31,92,2,7,126,20.5,TRUE,0.000124635124249905,2.458379,21162517,21162518,21162738
"stage1_only","TS-RIGHT-TUNED","TS tuned K1cap in {2,5,15,25}, T1=100, T2=4, eta=0.5/L",10,21160517,2,0.885849428432761,0.510865290455816,0.297032088154416,6.23175621249523e-05,0.5,0.4,2,NA,100,4,NA,14,NA,NA,NA,NA,NA,NA,14,252,167,41,2,31,92,2,7,126,20.5,TRUE,0.000124635124249905,2.458379,21162517,21162518,21162738
"after_stage2","TS-RIGHT-TUNED","TS tuned K1cap in {2,5,15,25}, T1=0, T2=4, eta=0.5/L",10,21160517,3,0.770767835344444,0.514721432670614,0.342253006477356,6.63171355285138e-05,0.5,0.4,2,NA,0,4,NA,44,NA,NA,NA,NA,NA,NA,44,252,167,41,2,31,289,2,7,126,20.5,TRUE,0.000132634271057028,2.446731,21163517,21163518,21163738
"after_stage2","TS-RIGHT-TUNED","TS tuned K1cap in {2,5,15,25}, T1=10, T2=4, eta=0.5/L",10,21160517,3,0.764903126308096,0.505787665884617,0.35222441130332,6.63171355285138e-05,0.5,0.4,2,NA,10,4,NA,44,NA,NA,NA,NA,NA,NA,44,252,167,41,2,31,289,2,7,126,20.5,TRUE,0.000132634271057028,2.446731,21163517,21163518,21163738
"after_stage2","TS-RIGHT-TUNED","TS tuned K1cap in {2,5,15,25}, T1=20, T2=4, eta=0.5/L",10,21160517,3,0.764929815690048,0.503667241148517,0.352179205495853,6.63171355285138e-05,0.5,0.4,2,NA,20,4,NA,44,NA,NA,NA,NA,NA,NA,44,252,167,41,2,31,289,2,7,126,20.5,TRUE,0.000132634271057028,2.446731,21163517,21163518,21163738
"after_stage2","TS-RIGHT-TUNED","TS tuned K1cap in {2,5,15,25}, T1=30, T2=4, eta=0.5/L",10,21160517,3,0.765811796553157,0.512348073642523,0.350684441060592,6.63171355285138e-05,0.5,0.4,15,NA,30,4,NA,44,NA,NA,NA,NA,NA,NA,44,252,167,41,15,31,289,2,7,16.8,20.5,TRUE,0.000132634271057028,2.446731,21163517,21163518,21163738
"after_stage2","TS-RIGHT-TUNED","TS tuned K1cap in {2,5,15,25}, T1=40, T2=4, eta=0.5/L",10,21160517,3,0.764272455721058,0.510483146716559,0.353292166361149,6.63171355285138e-05,0.5,0.4,15,NA,40,4,NA,44,NA,NA,NA,NA,NA,NA,44,252,167,41,15,31,289,2,7,16.8,20.5,TRUE,0.000132634271057028,2.446731,21163517,21163518,21163738
"after_stage2","TS-RIGHT-TUNED","TS tuned K1cap in {2,5,15,25}, T1=50, T2=4, eta=0.5/L",10,21160517,3,0.766145468025754,0.513407424877828,0.350118491881701,6.63171355285138e-05,0.5,0.4,15,NA,50,4,NA,44,NA,NA,NA,NA,NA,NA,44,252,167,41,15,31,289,2,7,16.8,20.5,TRUE,0.000132634271057028,2.446731,21163517,21163518,21163738
"after_stage2","TS-RIGHT-TUNED","TS tuned K1cap in {2,5,15,25}, T1=60, T2=4, eta=0.5/L",10,21160517,3,0.770314373108131,0.51403466329546,0.343026717239471,6.63171355285138e-05,0.5,0.4,15,NA,60,4,NA,44,NA,NA,NA,NA,NA,NA,44,252,167,41,15,31,289,2,7,16.8,20.5,TRUE,0.000132634271057028,2.446731,21163517,21163518,21163738
"after_stage2","TS-RIGHT-TUNED","TS tuned K1cap in {2,5,15,25}, T1=70, T2=4, eta=0.5/L",10,21160517,3,0.777694027650795,0.508563861601072,0.330378740711299,6.63171355285138e-05,0.5,0.4,2,NA,70,4,NA,44,NA,NA,NA,NA,NA,NA,44,252,167,41,2,31,289,2,7,126,20.5,TRUE,0.000132634271057028,2.446731,21163517,21163518,21163738
"after_stage2","TS-RIGHT-TUNED","TS tuned K1cap in {2,5,15,25}, T1=80, T2=4, eta=0.5/L",10,21160517,3,0.77897737985816,0.521204105819,0.328166896594359,6.63171355285138e-05,0.5,0.4,15,NA,80,4,NA,44,NA,NA,NA,NA,NA,NA,44,252,167,41,15,31,289,2,7,16.8,20.5,TRUE,0.000132634271057028,2.446731,21163517,21163518,21163738
"after_stage2","TS-RIGHT-TUNED","TS tuned K1cap in {2,5,15,25}, T1=90, T2=4, eta=0.5/L",10,21160517,3,0.782586918833034,0.516763602954444,0.321926340192569,6.63171355285138e-05,0.5,0.4,2,NA,90,4,NA,44,NA,NA,NA,NA,NA,NA,44,252,167,41,2,31,289,2,7,126,20.5,TRUE,0.000132634271057028,2.446731,21163517,21163518,21163738
"after_stage2","TS-RIGHT-TUNED","TS tuned K1cap in {2,5,15,25}, T1=100, T2=4, eta=0.5/L",10,21160517,3,0.783574886586962,0.533942909654101,0.320213207101049,6.63171355285138e-05,0.5,0.4,25,NA,100,4,NA,44,NA,NA,NA,NA,NA,NA,44,252,167,41,25,31,289,2,7,10.08,20.5,TRUE,0.000132634271057028,2.446731,21163517,21163518,21163738
"stage1_only","TS-RIGHT-TUNED","TS tuned K1cap in {2,5,15,25}, T1=0, T2=4, eta=0.5/L",10,21160517,3,0.950761603705336,0.579410476190476,-0.000817693767825256,6.63171355285138e-05,0.5,0.4,2,NA,0,4,NA,44,NA,NA,NA,NA,NA,NA,0,252,167,41,2,31,289,2,7,126,20.5,TRUE,0.000132634271057028,2.446731,21163517,21163518,21163738
"stage1_only","TS-RIGHT-TUNED","TS tuned K1cap in {2,5,15,25}, T1=10, T2=4, eta=0.5/L",10,21160517,3,0.852081289772309,0.515825569782278,0.196152317834647,6.63171355285138e-05,0.5,0.4,2,NA,10,4,NA,44,NA,NA,NA,NA,NA,NA,44,252,167,41,2,31,289,2,7,126,20.5,TRUE,0.000132634271057028,2.446731,21163517,21163518,21163738
"stage1_only","TS-RIGHT-TUNED","TS tuned K1cap in {2,5,15,25}, T1=20, T2=4, eta=0.5/L",10,21160517,3,0.847344390992157,0.512934286185247,0.205064991128679,6.63171355285138e-05,0.5,0.4,2,NA,20,4,NA,44,NA,NA,NA,NA,NA,NA,44,252,167,41,2,31,289,2,7,126,20.5,TRUE,0.000132634271057028,2.446731,21163517,21163518,21163738
"stage1_only","TS-RIGHT-TUNED","TS tuned K1cap in {2,5,15,25}, T1=30, T2=4, eta=0.5/L",10,21160517,3,0.847665587106606,0.511229693530534,0.204462217494326,6.63171355285138e-05,0.5,0.4,2,NA,30,4,NA,44,NA,NA,NA,NA,NA,NA,44,252,167,41,2,31,289,2,7,126,20.5,TRUE,0.000132634271057028,2.446731,21163517,21163518,21163738
"stage1_only","TS-RIGHT-TUNED","TS tuned K1cap in {2,5,15,25}, T1=40, T2=4, eta=0.5/L",10,21160517,3,0.848732802871524,0.512853404933106,0.202457783362549,6.63171355285138e-05,0.5,0.4,2,NA,40,4,NA,44,NA,NA,NA,NA,NA,NA,44,252,167,41,2,31,289,2,7,126,20.5,TRUE,0.000132634271057028,2.446731,21163517,21163518,21163738
"stage1_only","TS-RIGHT-TUNED","TS tuned K1cap in {2,5,15,25}, T1=50, T2=4, eta=0.5/L",10,21160517,3,0.850095493966359,0.515536957347179,0.199894724325072,6.63171355285138e-05,0.5,0.4,2,NA,50,4,NA,44,NA,NA,NA,NA,NA,NA,44,252,167,41,2,31,289,2,7,126,20.5,TRUE,0.000132634271057028,2.446731,21163517,21163518,21163738
"stage1_only","TS-RIGHT-TUNED","TS tuned K1cap in {2,5,15,25}, T1=60, T2=4, eta=0.5/L",10,21160517,3,0.851805458102908,0.518897244253714,0.19667266903267,6.63171355285138e-05,0.5,0.4,2,NA,60,4,NA,44,NA,NA,NA,NA,NA,NA,44,252,167,41,2,31,289,2,7,126,20.5,TRUE,0.000132634271057028,2.446731,21163517,21163518,21163738
"stage1_only","TS-RIGHT-TUNED","TS tuned K1cap in {2,5,15,25}, T1=70, T2=4, eta=0.5/L",10,21160517,3,0.853822046700085,0.522436145368328,0.19286452642368,6.63171355285138e-05,0.5,0.4,2,NA,70,4,NA,44,NA,NA,NA,NA,NA,NA,44,252,167,41,2,31,289,2,7,126,20.5,TRUE,0.000132634271057028,2.446731,21163517,21163518,21163738
"stage1_only","TS-RIGHT-TUNED","TS tuned K1cap in {2,5,15,25}, T1=80, T2=4, eta=0.5/L",10,21160517,3,0.855550413759057,0.523597337764913,0.189593497464801,6.63171355285138e-05,0.5,0.4,15,NA,80,4,NA,44,NA,NA,NA,NA,NA,NA,44,252,167,41,15,31,289,2,7,16.8,20.5,TRUE,0.000132634271057028,2.446731,21163517,21163518,21163738
"stage1_only","TS-RIGHT-TUNED","TS tuned K1cap in {2,5,15,25}, T1=90, T2=4, eta=0.5/L",10,21160517,3,0.855852461946302,0.525700152917504,0.189021175785941,6.63171355285138e-05,0.5,0.4,15,NA,90,4,NA,44,NA,NA,NA,NA,NA,NA,44,252,167,41,15,31,289,2,7,16.8,20.5,TRUE,0.000132634271057028,2.446731,21163517,21163518,21163738
"stage1_only","TS-RIGHT-TUNED","TS tuned K1cap in {2,5,15,25}, T1=100, T2=4, eta=0.5/L",10,21160517,3,0.856021001448939,0.527414826393316,0.188701738892623,6.63171355285138e-05,0.5,0.4,15,NA,100,4,NA,44,NA,NA,NA,NA,NA,NA,44,252,167,41,15,31,289,2,7,16.8,20.5,TRUE,0.000132634271057028,2.446731,21163517,21163518,21163738
"after_stage2","TS-RIGHT-TUNED","TS tuned K1cap in {2,5,15,25}, T1=0, T2=4, eta=0.5/L",10,21160517,4,1.16260982361274,0.64232123402993,0.170157971301006,6.65402332541954e-05,0.5,0.4,2,NA,0,4,NA,37,NA,NA,NA,NA,NA,NA,37,252,167,41,2,31,243,2,7,126,20.5,TRUE,0.000133080466508391,2.485584,21164517,21164518,21164738
"after_stage2","TS-RIGHT-TUNED","TS tuned K1cap in {2,5,15,25}, T1=10, T2=4, eta=0.5/L",10,21160517,4,1.12964169401904,0.646520227034089,0.216554343920944,6.65402332541954e-05,0.5,0.4,2,NA,10,4,NA,37,NA,NA,NA,NA,NA,NA,37,252,167,41,2,31,243,2,7,126,20.5,TRUE,0.000133080466508391,2.485584,21164517,21164518,21164738
"after_stage2","TS-RIGHT-TUNED","TS tuned K1cap in {2,5,15,25}, T1=20, T2=4, eta=0.5/L",10,21160517,4,1.1170695668396,0.650717470511705,0.233895716846661,6.65402332541954e-05,0.5,0.4,2,NA,20,4,NA,37,NA,NA,NA,NA,NA,NA,37,252,167,41,2,31,243,2,7,126,20.5,TRUE,0.000133080466508391,2.485584,21164517,21164518,21164738
"after_stage2","TS-RIGHT-TUNED","TS tuned K1cap in {2,5,15,25}, T1=30, T2=4, eta=0.5/L",10,21160517,4,1.11441175837703,0.656368793543211,0.237536915610798,6.65402332541954e-05,0.5,0.4,2,NA,30,4,NA,37,NA,NA,NA,NA,NA,NA,37,252,167,41,2,31,243,2,7,126,20.5,TRUE,0.000133080466508391,2.485584,21164517,21164518,21164738
"after_stage2","TS-RIGHT-TUNED","TS tuned K1cap in {2,5,15,25}, T1=40, T2=4, eta=0.5/L",10,21160517,4,1.11303649783658,0.660394215436341,0.23941761791404,6.65402332541954e-05,0.5,0.4,2,NA,40,4,NA,37,NA,NA,NA,NA,NA,NA,37,252,167,41,2,31,243,2,7,126,20.5,TRUE,0.000133080466508391,2.485584,21164517,21164518,21164738
"after_stage2","TS-RIGHT-TUNED","TS tuned K1cap in {2,5,15,25}, T1=50, T2=4, eta=0.5/L",10,21160517,4,1.11276607219999,0.662421982704629,0.239787158335968,6.65402332541954e-05,0.5,0.4,2,NA,50,4,NA,37,NA,NA,NA,NA,NA,NA,37,252,167,41,2,31,243,2,7,126,20.5,TRUE,0.000133080466508391,2.485584,21164517,21164518,21164738
"after_stage2","TS-RIGHT-TUNED","TS tuned K1cap in {2,5,15,25}, T1=60, T2=4, eta=0.5/L",10,21160517,4,1.11166267019851,0.665932704634582,0.241294041968022,6.65402332541954e-05,0.5,0.4,2,NA,60,4,NA,37,NA,NA,NA,NA,NA,NA,37,252,167,41,2,31,243,2,7,126,20.5,TRUE,0.000133080466508391,2.485584,21164517,21164518,21164738
"after_stage2","TS-RIGHT-TUNED","TS tuned K1cap in {2,5,15,25}, T1=70, T2=4, eta=0.5/L",10,21160517,4,1.11256606003688,0.668721217003535,0.240060419991839,6.65402332541954e-05,0.5,0.4,2,NA,70,4,NA,37,NA,NA,NA,NA,NA,NA,37,252,167,41,2,31,243,2,7,126,20.5,TRUE,0.000133080466508391,2.485584,21164517,21164518,21164738
"after_stage2","TS-RIGHT-TUNED","TS tuned K1cap in {2,5,15,25}, T1=80, T2=4, eta=0.5/L",10,21160517,4,1.11093039053934,0.667412479166907,0.242293269461183,6.65402332541954e-05,0.5,0.4,2,NA,80,4,NA,37,NA,NA,NA,NA,NA,NA,37,252,167,41,2,31,243,2,7,126,20.5,TRUE,0.000133080466508391,2.485584,21164517,21164518,21164738
"after_stage2","TS-RIGHT-TUNED","TS tuned K1cap in {2,5,15,25}, T1=90, T2=4, eta=0.5/L",10,21160517,4,1.11428417573093,0.666616654580429,0.237711485717017,6.65402332541954e-05,0.5,0.4,2,NA,90,4,NA,37,NA,NA,NA,NA,NA,NA,37,252,167,41,2,31,243,2,7,126,20.5,TRUE,0.000133080466508391,2.485584,21164517,21164518,21164738
"after_stage2","TS-RIGHT-TUNED","TS tuned K1cap in {2,5,15,25}, T1=100, T2=4, eta=0.5/L",10,21160517,4,1.11677961701582,0.66704626172919,0.234293369741161,6.65402332541954e-05,0.5,0.4,2,NA,100,4,NA,37,NA,NA,NA,NA,NA,NA,37,252,167,41,2,31,243,2,7,126,20.5,TRUE,0.000133080466508391,2.485584,21164517,21164518,21164738
"stage1_only","TS-RIGHT-TUNED","TS tuned K1cap in {2,5,15,25}, T1=0, T2=4, eta=0.5/L",10,21160517,4,1.30045958854498,0.673745609523809,-0.0382959796012106,6.65402332541954e-05,0.5,0.4,2,NA,0,4,NA,37,NA,NA,NA,NA,NA,NA,0,252,167,41,2,31,243,2,7,126,20.5,TRUE,0.000133080466508391,2.485584,21164517,21164518,21164738
"stage1_only","TS-RIGHT-TUNED","TS tuned K1cap in {2,5,15,25}, T1=10, T2=4, eta=0.5/L",10,21160517,4,1.16437366117244,0.639486185047591,0.167638094330688,6.65402332541954e-05,0.5,0.4,2,NA,10,4,NA,37,NA,NA,NA,NA,NA,NA,37,252,167,41,2,31,243,2,7,126,20.5,TRUE,0.000133080466508391,2.485584,21164517,21164518,21164738
"stage1_only","TS-RIGHT-TUNED","TS tuned K1cap in {2,5,15,25}, T1=20, T2=4, eta=0.5/L",10,21160517,4,1.14618293469036,0.644451900419101,0.19344251449149,6.65402332541954e-05,0.5,0.4,2,NA,20,4,NA,37,NA,NA,NA,NA,NA,NA,37,252,167,41,2,31,243,2,7,126,20.5,TRUE,0.000133080466508391,2.485584,21164517,21164518,21164738
"stage1_only","TS-RIGHT-TUNED","TS tuned K1cap in {2,5,15,25}, T1=30, T2=4, eta=0.5/L",10,21160517,4,1.1395874259958,0.650663542576671,0.202698194769738,6.65402332541954e-05,0.5,0.4,2,NA,30,4,NA,37,NA,NA,NA,NA,NA,NA,37,252,167,41,2,31,243,2,7,126,20.5,TRUE,0.000133080466508391,2.485584,21164517,21164518,21164738
"stage1_only","TS-RIGHT-TUNED","TS tuned K1cap in {2,5,15,25}, T1=40, T2=4, eta=0.5/L",10,21160517,4,1.13646547078821,0.656710482544309,0.207060705105253,6.65402332541954e-05,0.5,0.4,2,NA,40,4,NA,37,NA,NA,NA,NA,NA,NA,37,252,167,41,2,31,243,2,7,126,20.5,TRUE,0.000133080466508391,2.485584,21164517,21164518,21164738
"stage1_only","TS-RIGHT-TUNED","TS tuned K1cap in {2,5,15,25}, T1=50, T2=4, eta=0.5/L",10,21160517,4,1.13401123856068,0.661496490814776,0.210481760890481,6.65402332541954e-05,0.5,0.4,2,NA,50,4,NA,37,NA,NA,NA,NA,NA,NA,37,252,167,41,2,31,243,2,7,126,20.5,TRUE,0.000133080466508391,2.485584,21164517,21164518,21164738
"stage1_only","TS-RIGHT-TUNED","TS tuned K1cap in {2,5,15,25}, T1=60, T2=4, eta=0.5/L",10,21160517,4,1.13256084837105,0.664639042059369,0.212500042856716,6.65402332541954e-05,0.5,0.4,2,NA,60,4,NA,37,NA,NA,NA,NA,NA,NA,37,252,167,41,2,31,243,2,7,126,20.5,TRUE,0.000133080466508391,2.485584,21164517,21164518,21164738
"stage1_only","TS-RIGHT-TUNED","TS tuned K1cap in {2,5,15,25}, T1=70, T2=4, eta=0.5/L",10,21160517,4,1.13144565284699,0.667244412370348,0.214050130082857,6.65402332541954e-05,0.5,0.4,2,NA,70,4,NA,37,NA,NA,NA,NA,NA,NA,37,252,167,41,2,31,243,2,7,126,20.5,TRUE,0.000133080466508391,2.485584,21164517,21164518,21164738
"stage1_only","TS-RIGHT-TUNED","TS tuned K1cap in {2,5,15,25}, T1=80, T2=4, eta=0.5/L",10,21160517,4,1.13125159539811,0.667614953068831,0.214319707939824,6.65402332541954e-05,0.5,0.4,2,NA,80,4,NA,37,NA,NA,NA,NA,NA,NA,37,252,167,41,2,31,243,2,7,126,20.5,TRUE,0.000133080466508391,2.485584,21164517,21164518,21164738
"stage1_only","TS-RIGHT-TUNED","TS tuned K1cap in {2,5,15,25}, T1=90, T2=4, eta=0.5/L",10,21160517,4,1.13267464732931,0.668723545261275,0.212341779965683,6.65402332541954e-05,0.5,0.4,2,NA,90,4,NA,37,NA,NA,NA,NA,NA,NA,37,252,167,41,2,31,243,2,7,126,20.5,TRUE,0.000133080466508391,2.485584,21164517,21164518,21164738
"stage1_only","TS-RIGHT-TUNED","TS tuned K1cap in {2,5,15,25}, T1=100, T2=4, eta=0.5/L",10,21160517,4,1.13441629959173,0.669877334435317,0.209917639166065,6.65402332541954e-05,0.5,0.4,2,NA,100,4,NA,37,NA,NA,NA,NA,NA,NA,37,252,167,41,2,31,243,2,7,126,20.5,TRUE,0.000133080466508391,2.485584,21164517,21164518,21164738
"after_stage2","TS-RIGHT-TUNED","TS tuned K1cap in {2,5,15,25}, T1=0, T2=4, eta=0.5/L",10,21160517,5,0.54399170668289,0.412633328247678,0.0260841373312602,6.68068370555618e-05,0.5,0.4,2,NA,0,4,NA,45,NA,NA,NA,NA,NA,NA,45,252,168,42,2,31,295,2,7,126,21,TRUE,0.000133613674111124,2.4867295,21165517,21165518,21165738
"after_stage2","TS-RIGHT-TUNED","TS tuned K1cap in {2,5,15,25}, T1=10, T2=4, eta=0.5/L",10,21160517,5,0.543530325520985,0.419912963779859,0.027735470880805,6.68068370555618e-05,0.5,0.4,25,NA,10,4,NA,45,NA,NA,NA,NA,NA,NA,45,252,168,42,25,31,295,2,7,10.08,21,TRUE,0.000133613674111124,2.4867295,21165517,21165518,21165738
"after_stage2","TS-RIGHT-TUNED","TS tuned K1cap in {2,5,15,25}, T1=20, T2=4, eta=0.5/L",10,21160517,5,0.541459430098201,0.421908205370897,0.0351301730631708,6.68068370555618e-05,0.5,0.4,25,NA,20,4,NA,45,NA,NA,NA,NA,NA,NA,45,252,168,42,25,31,295,2,7,10.08,21,TRUE,0.000133613674111124,2.4867295,21165517,21165518,21165738
"after_stage2","TS-RIGHT-TUNED","TS tuned K1cap in {2,5,15,25}, T1=30, T2=4, eta=0.5/L",10,21160517,5,0.541961300698467,0.42314873818301,0.03334069747336,6.68068370555618e-05,0.5,0.4,25,NA,30,4,NA,45,NA,NA,NA,NA,NA,NA,45,252,168,42,25,31,295,2,7,10.08,21,TRUE,0.000133613674111124,2.4867295,21165517,21165518,21165738
"after_stage2","TS-RIGHT-TUNED","TS tuned K1cap in {2,5,15,25}, T1=40, T2=4, eta=0.5/L",10,21160517,5,0.540783458939176,0.42602534858151,0.0375378033036129,6.68068370555618e-05,0.5,0.4,25,NA,40,4,NA,45,NA,NA,NA,NA,NA,NA,45,252,168,42,25,31,295,2,7,10.08,21,TRUE,0.000133613674111124,2.4867295,21165517,21165518,21165738
"after_stage2","TS-RIGHT-TUNED","TS tuned K1cap in {2,5,15,25}, T1=50, T2=4, eta=0.5/L",10,21160517,5,0.542952839796804,0.42792396635315,0.0298003809212332,6.68068370555618e-05,0.5,0.4,25,NA,50,4,NA,45,NA,NA,NA,NA,NA,NA,45,252,168,42,25,31,295,2,7,10.08,21,TRUE,0.000133613674111124,2.4867295,21165517,21165518,21165738
"after_stage2","TS-RIGHT-TUNED","TS tuned K1cap in {2,5,15,25}, T1=60, T2=4, eta=0.5/L",10,21160517,5,0.542461493226933,0.42798320096632,0.0315555556717017,6.68068370555618e-05,0.5,0.4,25,NA,60,4,NA,45,NA,NA,NA,NA,NA,NA,45,252,168,42,25,31,295,2,7,10.08,21,TRUE,0.000133613674111124,2.4867295,21165517,21165518,21165738
"after_stage2","TS-RIGHT-TUNED","TS tuned K1cap in {2,5,15,25}, T1=70, T2=4, eta=0.5/L",10,21160517,5,0.544369473212603,0.429016105585766,0.0247310264040138,6.68068370555618e-05,0.5,0.4,25,NA,70,4,NA,45,NA,NA,NA,NA,NA,NA,45,252,168,42,25,31,295,2,7,10.08,21,TRUE,0.000133613674111124,2.4867295,21165517,21165518,21165738
"after_stage2","TS-RIGHT-TUNED","TS tuned K1cap in {2,5,15,25}, T1=80, T2=4, eta=0.5/L",10,21160517,5,0.544911722830245,0.430000249882745,0.0227871164531734,6.68068370555618e-05,0.5,0.4,25,NA,80,4,NA,45,NA,NA,NA,NA,NA,NA,45,252,168,42,25,31,295,2,7,10.08,21,TRUE,0.000133613674111124,2.4867295,21165517,21165518,21165738
"after_stage2","TS-RIGHT-TUNED","TS tuned K1cap in {2,5,15,25}, T1=90, T2=4, eta=0.5/L",10,21160517,5,0.549034442568557,0.432307900789952,0.00794428879914499,6.68068370555618e-05,0.5,0.4,25,NA,90,4,NA,45,NA,NA,NA,NA,NA,NA,45,252,168,42,25,31,295,2,7,10.08,21,TRUE,0.000133613674111124,2.4867295,21165517,21165518,21165738
"after_stage2","TS-RIGHT-TUNED","TS tuned K1cap in {2,5,15,25}, T1=100, T2=4, eta=0.5/L",10,21160517,5,0.549171128281271,0.433298870898322,0.0074502698063228,6.68068370555618e-05,0.5,0.4,25,NA,100,4,NA,45,NA,NA,NA,NA,NA,NA,45,252,168,42,25,31,295,2,7,10.08,21,TRUE,0.000133613674111124,2.4867295,21165517,21165518,21165738
"stage1_only","TS-RIGHT-TUNED","TS tuned K1cap in {2,5,15,25}, T1=0, T2=4, eta=0.5/L",10,21160517,5,0.553672722638807,0.431574403846154,-0.00888842143099122,6.68068370555618e-05,0.5,0.4,2,NA,0,4,NA,45,NA,NA,NA,NA,NA,NA,0,252,168,42,2,31,295,2,7,126,21,TRUE,0.000133613674111124,2.4867295,21165517,21165518,21165738
"stage1_only","TS-RIGHT-TUNED","TS tuned K1cap in {2,5,15,25}, T1=10, T2=4, eta=0.5/L",10,21160517,5,0.515070129253683,0.400857832210432,0.126888696899324,6.68068370555618e-05,0.5,0.4,25,NA,10,4,NA,45,NA,NA,NA,NA,NA,NA,45,252,168,42,25,31,295,2,7,10.08,21,TRUE,0.000133613674111124,2.4867295,21165517,21165518,21165738
"stage1_only","TS-RIGHT-TUNED","TS tuned K1cap in {2,5,15,25}, T1=20, T2=4, eta=0.5/L",10,21160517,5,0.518840831372706,0.410296904479773,0.114058236332396,6.68068370555618e-05,0.5,0.4,25,NA,20,4,NA,45,NA,NA,NA,NA,NA,NA,45,252,168,42,25,31,295,2,7,10.08,21,TRUE,0.000133613674111124,2.4867295,21165517,21165518,21165738
"stage1_only","TS-RIGHT-TUNED","TS tuned K1cap in {2,5,15,25}, T1=30, T2=4, eta=0.5/L",10,21160517,5,0.519705557790857,0.412396551130373,0.111102664565989,6.68068370555618e-05,0.5,0.4,25,NA,30,4,NA,45,NA,NA,NA,NA,NA,NA,45,252,168,42,25,31,295,2,7,10.08,21,TRUE,0.000133613674111124,2.4867295,21165517,21165518,21165738
"stage1_only","TS-RIGHT-TUNED","TS tuned K1cap in {2,5,15,25}, T1=40, T2=4, eta=0.5/L",10,21160517,5,0.519802297083191,0.412543260590328,0.110771710620182,6.68068370555618e-05,0.5,0.4,25,NA,40,4,NA,45,NA,NA,NA,NA,NA,NA,45,252,168,42,25,31,295,2,7,10.08,21,TRUE,0.000133613674111124,2.4867295,21165517,21165518,21165738
"stage1_only","TS-RIGHT-TUNED","TS tuned K1cap in {2,5,15,25}, T1=50, T2=4, eta=0.5/L",10,21160517,5,0.521901477994099,0.413704027442357,0.103575050570319,6.68068370555618e-05,0.5,0.4,25,NA,50,4,NA,45,NA,NA,NA,NA,NA,NA,45,252,168,42,25,31,295,2,7,10.08,21,TRUE,0.000133613674111124,2.4867295,21165517,21165518,21165738
"stage1_only","TS-RIGHT-TUNED","TS tuned K1cap in {2,5,15,25}, T1=60, T2=4, eta=0.5/L",10,21160517,5,0.525255274290682,0.415573388580921,0.0920169821724813,6.68068370555618e-05,0.5,0.4,25,NA,60,4,NA,45,NA,NA,NA,NA,NA,NA,45,252,168,42,25,31,295,2,7,10.08,21,TRUE,0.000133613674111124,2.4867295,21165517,21165518,21165738
"stage1_only","TS-RIGHT-TUNED","TS tuned K1cap in {2,5,15,25}, T1=70, T2=4, eta=0.5/L",10,21160517,5,0.529178894932882,0.41834226839999,0.0784011759034547,6.68068370555618e-05,0.5,0.4,25,NA,70,4,NA,45,NA,NA,NA,NA,NA,NA,45,252,168,42,25,31,295,2,7,10.08,21,TRUE,0.000133613674111124,2.4867295,21165517,21165518,21165738
"stage1_only","TS-RIGHT-TUNED","TS tuned K1cap in {2,5,15,25}, T1=80, T2=4, eta=0.5/L",10,21160517,5,0.532405337927906,0.42121040490943,0.0671288032468349,6.68068370555618e-05,0.5,0.4,25,NA,80,4,NA,45,NA,NA,NA,NA,NA,NA,45,252,168,42,25,31,295,2,7,10.08,21,TRUE,0.000133613674111124,2.4867295,21165517,21165518,21165738
"stage1_only","TS-RIGHT-TUNED","TS tuned K1cap in {2,5,15,25}, T1=90, T2=4, eta=0.5/L",10,21160517,5,0.536005050437085,0.424393627064999,0.0544714529006178,6.68068370555618e-05,0.5,0.4,25,NA,90,4,NA,45,NA,NA,NA,NA,NA,NA,45,252,168,42,25,31,295,2,7,10.08,21,TRUE,0.000133613674111124,2.4867295,21165517,21165518,21165738
"stage1_only","TS-RIGHT-TUNED","TS tuned K1cap in {2,5,15,25}, T1=100, T2=4, eta=0.5/L",10,21160517,5,0.539627261601279,0.428000914274916,0.0416489003785412,6.68068370555618e-05,0.5,0.4,25,NA,100,4,NA,45,NA,NA,NA,NA,NA,NA,45,252,168,42,25,31,295,2,7,10.08,21,TRUE,0.000133613674111124,2.4867295,21165517,21165518,21165738
"after_stage2","TS-RIGHT-TUNED","TS tuned K1cap in {2,5,15,25}, T1=0, T2=4, eta=0.5/L",11,21260517,1,1.1547551209839,0.545339521192878,0.0516018288976732,6.55525683627378e-05,0.5,0.4,2,NA,0,4,NA,9,NA,NA,NA,NA,NA,NA,9,252,167,41,2,31,59,2,7,126,20.5,TRUE,0.000131105136725476,2.5083,21261517,21261518,21261738
"after_stage2","TS-RIGHT-TUNED","TS tuned K1cap in {2,5,15,25}, T1=10, T2=4, eta=0.5/L",11,21260517,1,1.0270989714832,0.529183727547145,0.249699039021173,6.55525683627378e-05,0.5,0.4,2,NA,10,4,NA,9,NA,NA,NA,NA,NA,NA,9,252,167,41,2,31,59,2,7,126,20.5,TRUE,0.000131105136725476,2.5083,21261517,21261518,21261738
"after_stage2","TS-RIGHT-TUNED","TS tuned K1cap in {2,5,15,25}, T1=20, T2=4, eta=0.5/L",11,21260517,1,1.00387572619723,0.536415227862741,0.283244853142141,6.55525683627378e-05,0.5,0.4,2,NA,20,4,NA,9,NA,NA,NA,NA,NA,NA,9,252,167,41,2,31,59,2,7,126,20.5,TRUE,0.000131105136725476,2.5083,21261517,21261518,21261738
"after_stage2","TS-RIGHT-TUNED","TS tuned K1cap in {2,5,15,25}, T1=30, T2=4, eta=0.5/L",11,21260517,1,0.993338251271138,0.539077591418705,0.298213138880305,6.55525683627378e-05,0.5,0.4,2,NA,30,4,NA,9,NA,NA,NA,NA,NA,NA,9,252,167,41,2,31,59,2,7,126,20.5,TRUE,0.000131105136725476,2.5083,21261517,21261518,21261738
"after_stage2","TS-RIGHT-TUNED","TS tuned K1cap in {2,5,15,25}, T1=40, T2=4, eta=0.5/L",11,21260517,1,0.985638672970601,0.533478873173676,0.309050376204937,6.55525683627378e-05,0.5,0.4,2,NA,40,4,NA,9,NA,NA,NA,NA,NA,NA,9,252,167,41,2,31,59,2,7,126,20.5,TRUE,0.000131105136725476,2.5083,21261517,21261518,21261738
"after_stage2","TS-RIGHT-TUNED","TS tuned K1cap in {2,5,15,25}, T1=50, T2=4, eta=0.5/L",11,21260517,1,0.985606149789172,0.54324029103832,0.309095974069217,6.55525683627378e-05,0.5,0.4,2,NA,50,4,NA,9,NA,NA,NA,NA,NA,NA,9,252,167,41,2,31,59,2,7,126,20.5,TRUE,0.000131105136725476,2.5083,21261517,21261518,21261738
"after_stage2","TS-RIGHT-TUNED","TS tuned K1cap in {2,5,15,25}, T1=60, T2=4, eta=0.5/L",11,21260517,1,0.986490995551899,0.551102304162965,0.30785487401668,6.55525683627378e-05,0.5,0.4,2,NA,60,4,NA,9,NA,NA,NA,NA,NA,NA,9,252,167,41,2,31,59,2,7,126,20.5,TRUE,0.000131105136725476,2.5083,21261517,21261518,21261738
"after_stage2","TS-RIGHT-TUNED","TS tuned K1cap in {2,5,15,25}, T1=70, T2=4, eta=0.5/L",11,21260517,1,0.98440380521363,0.550337159870866,0.310780618626495,6.55525683627378e-05,0.5,0.4,2,NA,70,4,NA,9,NA,NA,NA,NA,NA,NA,9,252,167,41,2,31,59,2,7,126,20.5,TRUE,0.000131105136725476,2.5083,21261517,21261518,21261738
"after_stage2","TS-RIGHT-TUNED","TS tuned K1cap in {2,5,15,25}, T1=80, T2=4, eta=0.5/L",11,21260517,1,0.980993809899845,0.553655047497941,0.315547289004928,6.55525683627378e-05,0.5,0.4,2,NA,80,4,NA,9,NA,NA,NA,NA,NA,NA,9,252,167,41,2,31,59,2,7,126,20.5,TRUE,0.000131105136725476,2.5083,21261517,21261518,21261738
"after_stage2","TS-RIGHT-TUNED","TS tuned K1cap in {2,5,15,25}, T1=90, T2=4, eta=0.5/L",11,21260517,1,0.97629098345211,0.557248287167329,0.322094010831465,6.55525683627378e-05,0.5,0.4,2,NA,90,4,NA,9,NA,NA,NA,NA,NA,NA,9,252,167,41,2,31,59,2,7,126,20.5,TRUE,0.000131105136725476,2.5083,21261517,21261518,21261738
"after_stage2","TS-RIGHT-TUNED","TS tuned K1cap in {2,5,15,25}, T1=100, T2=4, eta=0.5/L",11,21260517,1,0.974399003746929,0.559543661883355,0.324718928235041,6.55525683627378e-05,0.5,0.4,2,NA,100,4,NA,9,NA,NA,NA,NA,NA,NA,9,252,167,41,2,31,59,2,7,126,20.5,TRUE,0.000131105136725476,2.5083,21261517,21261518,21261738
"stage1_only","TS-RIGHT-TUNED","TS tuned K1cap in {2,5,15,25}, T1=0, T2=4, eta=0.5/L",11,21260517,1,1.22540757332255,0.577063390476191,-0.0680019217148835,6.55525683627378e-05,0.5,0.4,2,NA,0,4,NA,9,NA,NA,NA,NA,NA,NA,0,252,167,41,2,31,59,2,7,126,20.5,TRUE,0.000131105136725476,2.5083,21261517,21261518,21261738
"stage1_only","TS-RIGHT-TUNED","TS tuned K1cap in {2,5,15,25}, T1=10, T2=4, eta=0.5/L",11,21260517,1,1.02140261089589,0.528749529248579,0.25799840069159,6.55525683627378e-05,0.5,0.4,2,NA,10,4,NA,9,NA,NA,NA,NA,NA,NA,9,252,167,41,2,31,59,2,7,126,20.5,TRUE,0.000131105136725476,2.5083,21261517,21261518,21261738
"stage1_only","TS-RIGHT-TUNED","TS tuned K1cap in {2,5,15,25}, T1=20, T2=4, eta=0.5/L",11,21260517,1,0.999420929048249,0.536285916167182,0.289592081347214,6.55525683627378e-05,0.5,0.4,2,NA,20,4,NA,9,NA,NA,NA,NA,NA,NA,9,252,167,41,2,31,59,2,7,126,20.5,TRUE,0.000131105136725476,2.5083,21261517,21261518,21261738
"stage1_only","TS-RIGHT-TUNED","TS tuned K1cap in {2,5,15,25}, T1=30, T2=4, eta=0.5/L",11,21260517,1,0.990197389326033,0.537998916908364,0.302644118679138,6.55525683627378e-05,0.5,0.4,2,NA,30,4,NA,9,NA,NA,NA,NA,NA,NA,9,252,167,41,2,31,59,2,7,126,20.5,TRUE,0.000131105136725476,2.5083,21261517,21261518,21261738
"stage1_only","TS-RIGHT-TUNED","TS tuned K1cap in {2,5,15,25}, T1=40, T2=4, eta=0.5/L",11,21260517,1,0.984432581929494,0.53890208742545,0.310740322642076,6.55525683627378e-05,0.5,0.4,2,NA,40,4,NA,9,NA,NA,NA,NA,NA,NA,9,252,167,41,2,31,59,2,7,126,20.5,TRUE,0.000131105136725476,2.5083,21261517,21261518,21261738
"stage1_only","TS-RIGHT-TUNED","TS tuned K1cap in {2,5,15,25}, T1=50, T2=4, eta=0.5/L",11,21260517,1,0.980765474877909,0.539503843485429,0.315865876818422,6.55525683627378e-05,0.5,0.4,2,NA,50,4,NA,9,NA,NA,NA,NA,NA,NA,9,252,167,41,2,31,59,2,7,126,20.5,TRUE,0.000131105136725476,2.5083,21261517,21261518,21261738
"stage1_only","TS-RIGHT-TUNED","TS tuned K1cap in {2,5,15,25}, T1=60, T2=4, eta=0.5/L",11,21260517,1,0.981626709334112,0.549545027468251,0.314663839042519,6.55525683627378e-05,0.5,0.4,2,NA,60,4,NA,9,NA,NA,NA,NA,NA,NA,9,252,167,41,2,31,59,2,7,126,20.5,TRUE,0.000131105136725476,2.5083,21261517,21261518,21261738
"stage1_only","TS-RIGHT-TUNED","TS tuned K1cap in {2,5,15,25}, T1=70, T2=4, eta=0.5/L",11,21260517,1,0.982700320012352,0.557497551909875,0.313163907186005,6.55525683627378e-05,0.5,0.4,2,NA,70,4,NA,9,NA,NA,NA,NA,NA,NA,9,252,167,41,2,31,59,2,7,126,20.5,TRUE,0.000131105136725476,2.5083,21261517,21261518,21261738
"stage1_only","TS-RIGHT-TUNED","TS tuned K1cap in {2,5,15,25}, T1=80, T2=4, eta=0.5/L",11,21260517,1,0.982291060818854,0.560726265118098,0.313735872915414,6.55525683627378e-05,0.5,0.4,2,NA,80,4,NA,9,NA,NA,NA,NA,NA,NA,9,252,167,41,2,31,59,2,7,126,20.5,TRUE,0.000131105136725476,2.5083,21261517,21261518,21261738
"stage1_only","TS-RIGHT-TUNED","TS tuned K1cap in {2,5,15,25}, T1=90, T2=4, eta=0.5/L",11,21260517,1,0.978138432920498,0.562945022633741,0.319525960844242,6.55525683627378e-05,0.5,0.4,2,NA,90,4,NA,9,NA,NA,NA,NA,NA,NA,9,252,167,41,2,31,59,2,7,126,20.5,TRUE,0.000131105136725476,2.5083,21261517,21261518,21261738
"stage1_only","TS-RIGHT-TUNED","TS tuned K1cap in {2,5,15,25}, T1=100, T2=4, eta=0.5/L",11,21260517,1,0.97651030332952,0.566429243849793,0.321789398864439,6.55525683627378e-05,0.5,0.4,2,NA,100,4,NA,9,NA,NA,NA,NA,NA,NA,9,252,167,41,2,31,59,2,7,126,20.5,TRUE,0.000131105136725476,2.5083,21261517,21261518,21261738
"after_stage2","TS-RIGHT-TUNED","TS tuned K1cap in {2,5,15,25}, T1=0, T2=4, eta=0.5/L",11,21260517,2,0.869582289472487,0.525810043958215,0.181704933938401,6.96180019785776e-05,0.5,0.4,2,NA,0,4,NA,12,NA,NA,NA,NA,NA,NA,12,252,167,41,2,31,79,2,7,126,20.5,TRUE,0.000139236003957155,2.44818,21262517,21262518,21262738
"after_stage2","TS-RIGHT-TUNED","TS tuned K1cap in {2,5,15,25}, T1=10, T2=4, eta=0.5/L",11,21260517,2,0.798075263780036,0.503658550045376,0.310750815706069,6.96180019785776e-05,0.5,0.4,2,NA,10,4,NA,12,NA,NA,NA,NA,NA,NA,12,252,167,41,2,31,79,2,7,126,20.5,TRUE,0.000139236003957155,2.44818,21262517,21262518,21262738
"after_stage2","TS-RIGHT-TUNED","TS tuned K1cap in {2,5,15,25}, T1=20, T2=4, eta=0.5/L",11,21260517,2,0.785038072931985,0.508546853756065,0.33308574547596,6.96180019785776e-05,0.5,0.4,2,NA,20,4,NA,12,NA,NA,NA,NA,NA,NA,12,252,167,41,2,31,79,2,7,126,20.5,TRUE,0.000139236003957155,2.44818,21262517,21262518,21262738
"after_stage2","TS-RIGHT-TUNED","TS tuned K1cap in {2,5,15,25}, T1=30, T2=4, eta=0.5/L",11,21260517,2,0.775540178151951,0.506539664019696,0.349125638397184,6.96180019785776e-05,0.5,0.4,2,NA,30,4,NA,12,NA,NA,NA,NA,NA,NA,12,252,167,41,2,31,79,2,7,126,20.5,TRUE,0.000139236003957155,2.44818,21262517,21262518,21262738
"after_stage2","TS-RIGHT-TUNED","TS tuned K1cap in {2,5,15,25}, T1=40, T2=4, eta=0.5/L",11,21260517,2,0.774328023902427,0.509188086838388,0.351158656365434,6.96180019785776e-05,0.5,0.4,2,NA,40,4,NA,12,NA,NA,NA,NA,NA,NA,12,252,167,41,2,31,79,2,7,126,20.5,TRUE,0.000139236003957155,2.44818,21262517,21262518,21262738
"after_stage2","TS-RIGHT-TUNED","TS tuned K1cap in {2,5,15,25}, T1=50, T2=4, eta=0.5/L",11,21260517,2,0.774295228674467,0.51541309501851,0.351213616146053,6.96180019785776e-05,0.5,0.4,2,NA,50,4,NA,12,NA,NA,NA,NA,NA,NA,12,252,167,41,2,31,79,2,7,126,20.5,TRUE,0.000139236003957155,2.44818,21262517,21262518,21262738
"after_stage2","TS-RIGHT-TUNED","TS tuned K1cap in {2,5,15,25}, T1=60, T2=4, eta=0.5/L",11,21260517,2,0.768172782671206,0.513375025884527,0.361433117140312,6.96180019785776e-05,0.5,0.4,2,NA,60,4,NA,12,NA,NA,NA,NA,NA,NA,12,252,167,41,2,31,79,2,7,126,20.5,TRUE,0.000139236003957155,2.44818,21262517,21262518,21262738
"after_stage2","TS-RIGHT-TUNED","TS tuned K1cap in {2,5,15,25}, T1=70, T2=4, eta=0.5/L",11,21260517,2,0.771298033289333,0.518752158828208,0.356226629154075,6.96180019785776e-05,0.5,0.4,2,NA,70,4,NA,12,NA,NA,NA,NA,NA,NA,12,252,167,41,2,31,79,2,7,126,20.5,TRUE,0.000139236003957155,2.44818,21262517,21262518,21262738
"after_stage2","TS-RIGHT-TUNED","TS tuned K1cap in {2,5,15,25}, T1=80, T2=4, eta=0.5/L",11,21260517,2,0.770419725187127,0.520700250988135,0.357691975631014,6.96180019785776e-05,0.5,0.4,2,NA,80,4,NA,12,NA,NA,NA,NA,NA,NA,12,252,167,41,2,31,79,2,7,126,20.5,TRUE,0.000139236003957155,2.44818,21262517,21262518,21262738
"after_stage2","TS-RIGHT-TUNED","TS tuned K1cap in {2,5,15,25}, T1=90, T2=4, eta=0.5/L",11,21260517,2,0.770612110138035,0.522448514508459,0.357371148366722,6.96180019785776e-05,0.5,0.4,2,NA,90,4,NA,12,NA,NA,NA,NA,NA,NA,12,252,167,41,2,31,79,2,7,126,20.5,TRUE,0.000139236003957155,2.44818,21262517,21262518,21262738
"after_stage2","TS-RIGHT-TUNED","TS tuned K1cap in {2,5,15,25}, T1=100, T2=4, eta=0.5/L",11,21260517,2,0.76464832879893,0.515469408488085,0.367279292858429,6.96180019785776e-05,0.5,0.4,2,NA,100,4,NA,12,NA,NA,NA,NA,NA,NA,12,252,167,41,2,31,79,2,7,126,20.5,TRUE,0.000139236003957155,2.44818,21262517,21262518,21262738
"stage1_only","TS-RIGHT-TUNED","TS tuned K1cap in {2,5,15,25}, T1=0, T2=4, eta=0.5/L",11,21260517,2,0.963132422241906,0.593234171428571,-0.00383091460725571,6.96180019785776e-05,0.5,0.4,2,NA,0,4,NA,12,NA,NA,NA,NA,NA,NA,0,252,167,41,2,31,79,2,7,126,20.5,TRUE,0.000139236003957155,2.44818,21262517,21262518,21262738
"stage1_only","TS-RIGHT-TUNED","TS tuned K1cap in {2,5,15,25}, T1=10, T2=4, eta=0.5/L",11,21260517,2,0.771226825583394,0.51252326520374,0.356345492438594,6.96180019785776e-05,0.5,0.4,2,NA,10,4,NA,12,NA,NA,NA,NA,NA,NA,12,252,167,41,2,31,79,2,7,126,20.5,TRUE,0.000139236003957155,2.44818,21262517,21262518,21262738
"stage1_only","TS-RIGHT-TUNED","TS tuned K1cap in {2,5,15,25}, T1=20, T2=4, eta=0.5/L",11,21260517,2,0.754812533502672,0.51722225195873,0.383452180161835,6.96180019785776e-05,0.5,0.4,2,NA,20,4,NA,12,NA,NA,NA,NA,NA,NA,12,252,167,41,2,31,79,2,7,126,20.5,TRUE,0.000139236003957155,2.44818,21262517,21262518,21262738
"stage1_only","TS-RIGHT-TUNED","TS tuned K1cap in {2,5,15,25}, T1=30, T2=4, eta=0.5/L",11,21260517,2,0.749271392127872,0.515700307157434,0.392471210778312,6.96180019785776e-05,0.5,0.4,2,NA,30,4,NA,12,NA,NA,NA,NA,NA,NA,12,252,167,41,2,31,79,2,7,126,20.5,TRUE,0.000139236003957155,2.44818,21262517,21262518,21262738
"stage1_only","TS-RIGHT-TUNED","TS tuned K1cap in {2,5,15,25}, T1=40, T2=4, eta=0.5/L",11,21260517,2,0.749006273432923,0.521818265104543,0.392901065022832,6.96180019785776e-05,0.5,0.4,2,NA,40,4,NA,12,NA,NA,NA,NA,NA,NA,12,252,167,41,2,31,79,2,7,126,20.5,TRUE,0.000139236003957155,2.44818,21262517,21262518,21262738
"stage1_only","TS-RIGHT-TUNED","TS tuned K1cap in {2,5,15,25}, T1=50, T2=4, eta=0.5/L",11,21260517,2,0.749590236084294,0.526018286292526,0.391954046771474,6.96180019785776e-05,0.5,0.4,2,NA,50,4,NA,12,NA,NA,NA,NA,NA,NA,12,252,167,41,2,31,79,2,7,126,20.5,TRUE,0.000139236003957155,2.44818,21262517,21262518,21262738
"stage1_only","TS-RIGHT-TUNED","TS tuned K1cap in {2,5,15,25}, T1=60, T2=4, eta=0.5/L",11,21260517,2,0.750177331210288,0.529503517662634,0.391001204549578,6.96180019785776e-05,0.5,0.4,2,NA,60,4,NA,12,NA,NA,NA,NA,NA,NA,12,252,167,41,2,31,79,2,7,126,20.5,TRUE,0.000139236003957155,2.44818,21262517,21262518,21262738
"stage1_only","TS-RIGHT-TUNED","TS tuned K1cap in {2,5,15,25}, T1=70, T2=4, eta=0.5/L",11,21260517,2,0.750851208456379,0.532561166634309,0.389906597344046,6.96180019785776e-05,0.5,0.4,2,NA,70,4,NA,12,NA,NA,NA,NA,NA,NA,12,252,167,41,2,31,79,2,7,126,20.5,TRUE,0.000139236003957155,2.44818,21262517,21262518,21262738
"stage1_only","TS-RIGHT-TUNED","TS tuned K1cap in {2,5,15,25}, T1=80, T2=4, eta=0.5/L",11,21260517,2,0.750814657857495,0.535092875593213,0.389965993230314,6.96180019785776e-05,0.5,0.4,2,NA,80,4,NA,12,NA,NA,NA,NA,NA,NA,12,252,167,41,2,31,79,2,7,126,20.5,TRUE,0.000139236003957155,2.44818,21262517,21262518,21262738
"stage1_only","TS-RIGHT-TUNED","TS tuned K1cap in {2,5,15,25}, T1=90, T2=4, eta=0.5/L",11,21260517,2,0.74876656294857,0.533345854002208,0.393289592322725,6.96180019785776e-05,0.5,0.4,2,NA,90,4,NA,12,NA,NA,NA,NA,NA,NA,12,252,167,41,2,31,79,2,7,126,20.5,TRUE,0.000139236003957155,2.44818,21262517,21262518,21262738
"stage1_only","TS-RIGHT-TUNED","TS tuned K1cap in {2,5,15,25}, T1=100, T2=4, eta=0.5/L",11,21260517,2,0.746348862944078,0.530224049825417,0.397201293711223,6.96180019785776e-05,0.5,0.4,2,NA,100,4,NA,12,NA,NA,NA,NA,NA,NA,12,252,167,41,2,31,79,2,7,126,20.5,TRUE,0.000139236003957155,2.44818,21262517,21262518,21262738
"after_stage2","TS-RIGHT-TUNED","TS tuned K1cap in {2,5,15,25}, T1=0, T2=4, eta=0.5/L",11,21260517,3,0.944278723844767,0.610116149567922,0.172814702741028,6.49767513420928e-05,0.5,0.4,2,NA,0,4,NA,7,NA,NA,NA,NA,NA,NA,7,252,167,41,2,31,46,2,7,126,20.5,TRUE,0.000129953502684186,2.441858,21263517,21263518,21263738
"after_stage2","TS-RIGHT-TUNED","TS tuned K1cap in {2,5,15,25}, T1=10, T2=4, eta=0.5/L",11,21260517,3,0.922028518862783,0.621009553116287,0.211337654372747,6.49767513420928e-05,0.5,0.4,2,NA,10,4,NA,7,NA,NA,NA,NA,NA,NA,7,252,167,41,2,31,46,2,7,126,20.5,TRUE,0.000129953502684186,2.441858,21263517,21263518,21263738
"after_stage2","TS-RIGHT-TUNED","TS tuned K1cap in {2,5,15,25}, T1=20, T2=4, eta=0.5/L",11,21260517,3,0.915426909131174,0.62185561820974,0.222590673501874,6.49767513420928e-05,0.5,0.4,2,NA,20,4,NA,7,NA,NA,NA,NA,NA,NA,7,252,167,41,2,31,46,2,7,126,20.5,TRUE,0.000129953502684186,2.441858,21263517,21263518,21263738
"after_stage2","TS-RIGHT-TUNED","TS tuned K1cap in {2,5,15,25}, T1=30, T2=4, eta=0.5/L",11,21260517,3,0.910360905673535,0.617839606694336,0.231171283909517,6.49767513420928e-05,0.5,0.4,2,NA,30,4,NA,7,NA,NA,NA,NA,NA,NA,7,252,167,41,2,31,46,2,7,126,20.5,TRUE,0.000129953502684186,2.441858,21263517,21263518,21263738
"after_stage2","TS-RIGHT-TUNED","TS tuned K1cap in {2,5,15,25}, T1=40, T2=4, eta=0.5/L",11,21260517,3,0.907506167993423,0.616861106909431,0.235985557071629,6.49767513420928e-05,0.5,0.4,2,NA,40,4,NA,7,NA,NA,NA,NA,NA,NA,7,252,167,41,2,31,46,2,7,126,20.5,TRUE,0.000129953502684186,2.441858,21263517,21263518,21263738
"after_stage2","TS-RIGHT-TUNED","TS tuned K1cap in {2,5,15,25}, T1=50, T2=4, eta=0.5/L",11,21260517,3,0.90773420499443,0.621607718877591,0.23560154766701,6.49767513420928e-05,0.5,0.4,2,NA,50,4,NA,7,NA,NA,NA,NA,NA,NA,7,252,167,41,2,31,46,2,7,126,20.5,TRUE,0.000129953502684186,2.441858,21263517,21263518,21263738
"after_stage2","TS-RIGHT-TUNED","TS tuned K1cap in {2,5,15,25}, T1=60, T2=4, eta=0.5/L",11,21260517,3,0.905834285214647,0.620933276273971,0.238798024957566,6.49767513420928e-05,0.5,0.4,2,NA,60,4,NA,7,NA,NA,NA,NA,NA,NA,7,252,167,41,2,31,46,2,7,126,20.5,TRUE,0.000129953502684186,2.441858,21263517,21263518,21263738
"after_stage2","TS-RIGHT-TUNED","TS tuned K1cap in {2,5,15,25}, T1=70, T2=4, eta=0.5/L",11,21260517,3,0.904519091002028,0.620226552870936,0.241006821140136,6.49767513420928e-05,0.5,0.4,2,NA,70,4,NA,7,NA,NA,NA,NA,NA,NA,7,252,167,41,2,31,46,2,7,126,20.5,TRUE,0.000129953502684186,2.441858,21263517,21263518,21263738
"after_stage2","TS-RIGHT-TUNED","TS tuned K1cap in {2,5,15,25}, T1=80, T2=4, eta=0.5/L",11,21260517,3,0.903525591301268,0.619615509838408,0.242673221294939,6.49767513420928e-05,0.5,0.4,2,NA,80,4,NA,7,NA,NA,NA,NA,NA,NA,7,252,167,41,2,31,46,2,7,126,20.5,TRUE,0.000129953502684186,2.441858,21263517,21263518,21263738
"after_stage2","TS-RIGHT-TUNED","TS tuned K1cap in {2,5,15,25}, T1=90, T2=4, eta=0.5/L",11,21260517,3,0.902761035559722,0.619133776993571,0.243954366095162,6.49767513420928e-05,0.5,0.4,2,NA,90,4,NA,7,NA,NA,NA,NA,NA,NA,7,252,167,41,2,31,46,2,7,126,20.5,TRUE,0.000129953502684186,2.441858,21263517,21263518,21263738
"after_stage2","TS-RIGHT-TUNED","TS tuned K1cap in {2,5,15,25}, T1=100, T2=4, eta=0.5/L",11,21260517,3,0.90216537346124,0.618763215045623,0.24495174887158,6.49767513420928e-05,0.5,0.4,2,NA,100,4,NA,7,NA,NA,NA,NA,NA,NA,7,252,167,41,2,31,46,2,7,126,20.5,TRUE,0.000129953502684186,2.441858,21263517,21263518,21263738
"stage1_only","TS-RIGHT-TUNED","TS tuned K1cap in {2,5,15,25}, T1=0, T2=4, eta=0.5/L",11,21260517,3,1.04005872411424,0.627001695238095,-0.00350171756569506,6.49767513420928e-05,0.5,0.4,2,NA,0,4,NA,7,NA,NA,NA,NA,NA,NA,0,252,167,41,2,31,46,2,7,126,20.5,TRUE,0.000129953502684186,2.441858,21263517,21263518,21263738
"stage1_only","TS-RIGHT-TUNED","TS tuned K1cap in {2,5,15,25}, T1=10, T2=4, eta=0.5/L",11,21260517,3,0.950020423314662,0.620845790883809,0.162724696881786,6.49767513420928e-05,0.5,0.4,2,NA,10,4,NA,7,NA,NA,NA,NA,NA,NA,7,252,167,41,2,31,46,2,7,126,20.5,TRUE,0.000129953502684186,2.441858,21263517,21263518,21263738
"stage1_only","TS-RIGHT-TUNED","TS tuned K1cap in {2,5,15,25}, T1=20, T2=4, eta=0.5/L",11,21260517,3,0.938643284887203,0.625552983805346,0.182658495893765,6.49767513420928e-05,0.5,0.4,2,NA,20,4,NA,7,NA,NA,NA,NA,NA,NA,7,252,167,41,2,31,46,2,7,126,20.5,TRUE,0.000129953502684186,2.441858,21263517,21263518,21263738
"stage1_only","TS-RIGHT-TUNED","TS tuned K1cap in {2,5,15,25}, T1=30, T2=4, eta=0.5/L",11,21260517,3,0.932291139813399,0.624647507804629,0.193683566305835,6.49767513420928e-05,0.5,0.4,2,NA,30,4,NA,7,NA,NA,NA,NA,NA,NA,7,252,167,41,2,31,46,2,7,126,20.5,TRUE,0.000129953502684186,2.441858,21263517,21263518,21263738
"stage1_only","TS-RIGHT-TUNED","TS tuned K1cap in {2,5,15,25}, T1=40, T2=4, eta=0.5/L",11,21260517,3,0.92808896127533,0.623102418545384,0.200935913441644,6.49767513420928e-05,0.5,0.4,2,NA,40,4,NA,7,NA,NA,NA,NA,NA,NA,7,252,167,41,2,31,46,2,7,126,20.5,TRUE,0.000129953502684186,2.441858,21263517,21263518,21263738
"stage1_only","TS-RIGHT-TUNED","TS tuned K1cap in {2,5,15,25}, T1=50, T2=4, eta=0.5/L",11,21260517,3,0.923283384993544,0.616891136160553,0.20918947976539,6.49767513420928e-05,0.5,0.4,2,NA,50,4,NA,7,NA,NA,NA,NA,NA,NA,7,252,167,41,2,31,46,2,7,126,20.5,TRUE,0.000129953502684186,2.441858,21263517,21263518,21263738
"stage1_only","TS-RIGHT-TUNED","TS tuned K1cap in {2,5,15,25}, T1=60, T2=4, eta=0.5/L",11,21260517,3,0.917311410383088,0.612974069469456,0.219386623475957,6.49767513420928e-05,0.5,0.4,2,NA,60,4,NA,7,NA,NA,NA,NA,NA,NA,7,252,167,41,2,31,46,2,7,126,20.5,TRUE,0.000129953502684186,2.441858,21263517,21263518,21263738
"stage1_only","TS-RIGHT-TUNED","TS tuned K1cap in {2,5,15,25}, T1=70, T2=4, eta=0.5/L",11,21260517,3,0.915652098699632,0.612227263619793,0.222208150328453,6.49767513420928e-05,0.5,0.4,2,NA,70,4,NA,7,NA,NA,NA,NA,NA,NA,7,252,167,41,2,31,46,2,7,126,20.5,TRUE,0.000129953502684186,2.441858,21263517,21263518,21263738
"stage1_only","TS-RIGHT-TUNED","TS tuned K1cap in {2,5,15,25}, T1=80, T2=4, eta=0.5/L",11,21260517,3,0.914516174039253,0.611585122584204,0.224136753816482,6.49767513420928e-05,0.5,0.4,2,NA,80,4,NA,7,NA,NA,NA,NA,NA,NA,7,252,167,41,2,31,46,2,7,126,20.5,TRUE,0.000129953502684186,2.441858,21263517,21263518,21263738
"stage1_only","TS-RIGHT-TUNED","TS tuned K1cap in {2,5,15,25}, T1=90, T2=4, eta=0.5/L",11,21260517,3,0.913655267487226,0.611068784230818,0.225596829375411,6.49767513420928e-05,0.5,0.4,2,NA,90,4,NA,7,NA,NA,NA,NA,NA,NA,7,252,167,41,2,31,46,2,7,126,20.5,TRUE,0.000129953502684186,2.441858,21263517,21263518,21263738
"stage1_only","TS-RIGHT-TUNED","TS tuned K1cap in {2,5,15,25}, T1=100, T2=4, eta=0.5/L",11,21260517,3,0.91298794665482,0.61066543875133,0.22672764241645,6.49767513420928e-05,0.5,0.4,2,NA,100,4,NA,7,NA,NA,NA,NA,NA,NA,7,252,167,41,2,31,46,2,7,126,20.5,TRUE,0.000129953502684186,2.441858,21263517,21263518,21263738
"after_stage2","TS-RIGHT-TUNED","TS tuned K1cap in {2,5,15,25}, T1=0, T2=4, eta=0.5/L",11,21260517,4,0.600973239275065,0.440097922495003,0.0452971113242514,6.6936111690349e-05,0.5,0.4,2,NA,0,4,NA,14,NA,NA,NA,NA,NA,NA,14,252,167,41,2,31,92,2,7,126,20.5,TRUE,0.000133872223380698,2.458379,21264517,21264518,21264738
"after_stage2","TS-RIGHT-TUNED","TS tuned K1cap in {2,5,15,25}, T1=10, T2=4, eta=0.5/L",11,21260517,4,0.611778920267787,0.453884264065329,0.0106567695833354,6.6936111690349e-05,0.5,0.4,25,NA,10,4,NA,14,NA,NA,NA,NA,NA,NA,14,252,167,41,25,31,92,2,7,10.08,20.5,TRUE,0.000133872223380698,2.458379,21264517,21264518,21264738
"after_stage2","TS-RIGHT-TUNED","TS tuned K1cap in {2,5,15,25}, T1=20, T2=4, eta=0.5/L",11,21260517,4,0.617532324885781,0.459890935888694,-0.00803906001665355,6.6936111690349e-05,0.5,0.4,25,NA,20,4,NA,14,NA,NA,NA,NA,NA,NA,14,252,167,41,25,31,92,2,7,10.08,20.5,TRUE,0.000133872223380698,2.458379,21264517,21264518,21264738
"after_stage2","TS-RIGHT-TUNED","TS tuned K1cap in {2,5,15,25}, T1=30, T2=4, eta=0.5/L",11,21260517,4,0.618085907445513,0.460172536389953,-0.0098471693025568,6.6936111690349e-05,0.5,0.4,25,NA,30,4,NA,14,NA,NA,NA,NA,NA,NA,14,252,167,41,25,31,92,2,7,10.08,20.5,TRUE,0.000133872223380698,2.458379,21264517,21264518,21264738
"after_stage2","TS-RIGHT-TUNED","TS tuned K1cap in {2,5,15,25}, T1=40, T2=4, eta=0.5/L",11,21260517,4,0.620797041063883,0.462172904747821,-0.0187256604705106,6.6936111690349e-05,0.5,0.4,25,NA,40,4,NA,14,NA,NA,NA,NA,NA,NA,14,252,167,41,25,31,92,2,7,10.08,20.5,TRUE,0.000133872223380698,2.458379,21264517,21264518,21264738
"after_stage2","TS-RIGHT-TUNED","TS tuned K1cap in {2,5,15,25}, T1=50, T2=4, eta=0.5/L",11,21260517,4,0.622835740757656,0.463890609151676,-0.025427644494338,6.6936111690349e-05,0.5,0.4,25,NA,50,4,NA,14,NA,NA,NA,NA,NA,NA,14,252,167,41,25,31,92,2,7,10.08,20.5,TRUE,0.000133872223380698,2.458379,21264517,21264518,21264738
"after_stage2","TS-RIGHT-TUNED","TS tuned K1cap in {2,5,15,25}, T1=60, T2=4, eta=0.5/L",11,21260517,4,0.624529008209502,0.465341691463703,-0.0310107649275333,6.6936111690349e-05,0.5,0.4,25,NA,60,4,NA,14,NA,NA,NA,NA,NA,NA,14,252,167,41,25,31,92,2,7,10.08,20.5,TRUE,0.000133872223380698,2.458379,21264517,21264518,21264738
"after_stage2","TS-RIGHT-TUNED","TS tuned K1cap in {2,5,15,25}, T1=70, T2=4, eta=0.5/L",11,21260517,4,0.626203275839284,0.466720034441296,-0.0365461419912327,6.6936111690349e-05,0.5,0.4,25,NA,70,4,NA,14,NA,NA,NA,NA,NA,NA,14,252,167,41,25,31,92,2,7,10.08,20.5,TRUE,0.000133872223380698,2.458379,21264517,21264518,21264738
"after_stage2","TS-RIGHT-TUNED","TS tuned K1cap in {2,5,15,25}, T1=80, T2=4, eta=0.5/L",11,21260517,4,0.625760670804281,0.466766972770563,-0.0350813831040162,6.6936111690349e-05,0.5,0.4,25,NA,80,4,NA,14,NA,NA,NA,NA,NA,NA,14,252,167,41,25,31,92,2,7,10.08,20.5,TRUE,0.000133872223380698,2.458379,21264517,21264518,21264738
"after_stage2","TS-RIGHT-TUNED","TS tuned K1cap in {2,5,15,25}, T1=90, T2=4, eta=0.5/L",11,21260517,4,0.623447904228307,0.455709507868641,-0.0274443490322089,6.6936111690349e-05,0.5,0.4,25,NA,90,4,NA,14,NA,NA,NA,NA,NA,NA,14,252,167,41,25,31,92,2,7,10.08,20.5,TRUE,0.000133872223380698,2.458379,21264517,21264518,21264738
"after_stage2","TS-RIGHT-TUNED","TS tuned K1cap in {2,5,15,25}, T1=100, T2=4, eta=0.5/L",11,21260517,4,0.626059345435754,0.456559613554057,-0.0360697044993843,6.6936111690349e-05,0.5,0.4,25,NA,100,4,NA,14,NA,NA,NA,NA,NA,NA,14,252,167,41,25,31,92,2,7,10.08,20.5,TRUE,0.000133872223380698,2.458379,21264517,21264518,21264738
"stage1_only","TS-RIGHT-TUNED","TS tuned K1cap in {2,5,15,25}, T1=0, T2=4, eta=0.5/L",11,21260517,4,0.615543165110744,0.454525866666667,-0.00155544375635563,6.6936111690349e-05,0.5,0.4,2,NA,0,4,NA,14,NA,NA,NA,NA,NA,NA,0,252,167,41,2,31,92,2,7,126,20.5,TRUE,0.000133872223380698,2.458379,21264517,21264518,21264738
"stage1_only","TS-RIGHT-TUNED","TS tuned K1cap in {2,5,15,25}, T1=10, T2=4, eta=0.5/L",11,21260517,4,0.59431474994531,0.438337036363235,0.0663351976492966,6.6936111690349e-05,0.5,0.4,25,NA,10,4,NA,14,NA,NA,NA,NA,NA,NA,14,252,167,41,25,31,92,2,7,10.08,20.5,TRUE,0.000133872223380698,2.458379,21264517,21264518,21264738
"stage1_only","TS-RIGHT-TUNED","TS tuned K1cap in {2,5,15,25}, T1=20, T2=4, eta=0.5/L",11,21260517,4,0.599769843119949,0.441638455535455,0.0491167007469986,6.6936111690349e-05,0.5,0.4,25,NA,20,4,NA,14,NA,NA,NA,NA,NA,NA,14,252,167,41,25,31,92,2,7,10.08,20.5,TRUE,0.000133872223380698,2.458379,21264517,21264518,21264738
"stage1_only","TS-RIGHT-TUNED","TS tuned K1cap in {2,5,15,25}, T1=30, T2=4, eta=0.5/L",11,21260517,4,0.60454530254475,0.445722561047239,0.0339142614950583,6.6936111690349e-05,0.5,0.4,25,NA,30,4,NA,14,NA,NA,NA,NA,NA,NA,14,252,167,41,25,31,92,2,7,10.08,20.5,TRUE,0.000133872223380698,2.458379,21264517,21264518,21264738
"stage1_only","TS-RIGHT-TUNED","TS tuned K1cap in {2,5,15,25}, T1=40, T2=4, eta=0.5/L",11,21260517,4,0.607989158697116,0.448819459862135,0.0228760918974544,6.6936111690349e-05,0.5,0.4,25,NA,40,4,NA,14,NA,NA,NA,NA,NA,NA,14,252,167,41,25,31,92,2,7,10.08,20.5,TRUE,0.000133872223380698,2.458379,21264517,21264518,21264738
"stage1_only","TS-RIGHT-TUNED","TS tuned K1cap in {2,5,15,25}, T1=50, T2=4, eta=0.5/L",11,21260517,4,0.610144181811322,0.450892064547985,0.0159369665618777,6.6936111690349e-05,0.5,0.4,25,NA,50,4,NA,14,NA,NA,NA,NA,NA,NA,14,252,167,41,25,31,92,2,7,10.08,20.5,TRUE,0.000133872223380698,2.458379,21264517,21264518,21264738
"stage1_only","TS-RIGHT-TUNED","TS tuned K1cap in {2,5,15,25}, T1=60, T2=4, eta=0.5/L",11,21260517,4,0.611893853119704,0.45243341865559,0.0102850054829292,6.6936111690349e-05,0.5,0.4,25,NA,60,4,NA,14,NA,NA,NA,NA,NA,NA,14,252,167,41,25,31,92,2,7,10.08,20.5,TRUE,0.000133872223380698,2.458379,21264517,21264518,21264738
"stage1_only","TS-RIGHT-TUNED","TS tuned K1cap in {2,5,15,25}, T1=70, T2=4, eta=0.5/L",11,21260517,4,0.613611898797436,0.454107415121673,0.00471945624403558,6.6936111690349e-05,0.5,0.4,25,NA,70,4,NA,14,NA,NA,NA,NA,NA,NA,14,252,167,41,25,31,92,2,7,10.08,20.5,TRUE,0.000133872223380698,2.458379,21264517,21264518,21264738
"stage1_only","TS-RIGHT-TUNED","TS tuned K1cap in {2,5,15,25}, T1=80, T2=4, eta=0.5/L",11,21260517,4,0.614121482562544,0.450227330835868,0.00306567669649094,6.6936111690349e-05,0.5,0.4,25,NA,80,4,NA,14,NA,NA,NA,NA,NA,NA,14,252,167,41,25,31,92,2,7,10.08,20.5,TRUE,0.000133872223380698,2.458379,21264517,21264518,21264738
"stage1_only","TS-RIGHT-TUNED","TS tuned K1cap in {2,5,15,25}, T1=90, T2=4, eta=0.5/L",11,21260517,4,0.616529760483335,0.448662013878895,-0.00476861193642208,6.6936111690349e-05,0.5,0.4,25,NA,90,4,NA,14,NA,NA,NA,NA,NA,NA,14,252,167,41,25,31,92,2,7,10.08,20.5,TRUE,0.000133872223380698,2.458379,21264517,21264518,21264738
"stage1_only","TS-RIGHT-TUNED","TS tuned K1cap in {2,5,15,25}, T1=100, T2=4, eta=0.5/L",11,21260517,4,0.619383923775806,0.448752318178614,-0.0140930984757175,6.6936111690349e-05,0.5,0.4,25,NA,100,4,NA,14,NA,NA,NA,NA,NA,NA,14,252,167,41,25,31,92,2,7,10.08,20.5,TRUE,0.000133872223380698,2.458379,21264517,21264518,21264738
"after_stage2","TS-RIGHT-TUNED","TS tuned K1cap in {2,5,15,25}, T1=0, T2=4, eta=0.5/L",11,21260517,5,0.854046908779974,0.530124656357367,0.208521923494034,6.77270132267736e-05,0.5,0.4,2,NA,0,4,NA,36,NA,NA,NA,NA,NA,NA,36,252,168,42,2,31,236,2,7,126,21,TRUE,0.000135454026453547,2.4705925,21265517,21265518,21265738
"after_stage2","TS-RIGHT-TUNED","TS tuned K1cap in {2,5,15,25}, T1=10, T2=4, eta=0.5/L",11,21260517,5,0.841293118545608,0.529636823338463,0.231984274359115,6.77270132267736e-05,0.5,0.4,5,NA,10,4,NA,36,NA,NA,NA,NA,NA,NA,36,252,168,42,5,31,236,2,7,50.4,21,TRUE,0.000135454026453547,2.4705925,21265517,21265518,21265738
"after_stage2","TS-RIGHT-TUNED","TS tuned K1cap in {2,5,15,25}, T1=20, T2=4, eta=0.5/L",11,21260517,5,0.844348769610428,0.532140736379892,0.226395140467462,6.77270132267736e-05,0.5,0.4,25,NA,20,4,NA,36,NA,NA,NA,NA,NA,NA,36,252,168,42,25,31,236,2,7,10.08,21,TRUE,0.000135454026453547,2.4705925,21265517,21265518,21265738
"after_stage2","TS-RIGHT-TUNED","TS tuned K1cap in {2,5,15,25}, T1=30, T2=4, eta=0.5/L",11,21260517,5,0.833998158851406,0.546155218571807,0.24524565263872,6.77270132267736e-05,0.5,0.4,5,NA,30,4,NA,36,NA,NA,NA,NA,NA,NA,36,252,168,42,5,31,236,2,7,50.4,21,TRUE,0.000135454026453547,2.4705925,21265517,21265518,21265738
"after_stage2","TS-RIGHT-TUNED","TS tuned K1cap in {2,5,15,25}, T1=40, T2=4, eta=0.5/L",11,21260517,5,0.831313269533147,0.549957408094517,0.250097390064621,6.77270132267736e-05,0.5,0.4,5,NA,40,4,NA,36,NA,NA,NA,NA,NA,NA,36,252,168,42,5,31,236,2,7,50.4,21,TRUE,0.000135454026453547,2.4705925,21265517,21265518,21265738
"after_stage2","TS-RIGHT-TUNED","TS tuned K1cap in {2,5,15,25}, T1=50, T2=4, eta=0.5/L",11,21260517,5,0.826504110388002,0.552189377217284,0.258748688162895,6.77270132267736e-05,0.5,0.4,5,NA,50,4,NA,36,NA,NA,NA,NA,NA,NA,36,252,168,42,5,31,236,2,7,50.4,21,TRUE,0.000135454026453547,2.4705925,21265517,21265518,21265738
"after_stage2","TS-RIGHT-TUNED","TS tuned K1cap in {2,5,15,25}, T1=60, T2=4, eta=0.5/L",11,21260517,5,0.821955487082645,0.555009186976387,0.266885114913918,6.77270132267736e-05,0.5,0.4,5,NA,60,4,NA,36,NA,NA,NA,NA,NA,NA,36,252,168,42,5,31,236,2,7,50.4,21,TRUE,0.000135454026453547,2.4705925,21265517,21265518,21265738
"after_stage2","TS-RIGHT-TUNED","TS tuned K1cap in {2,5,15,25}, T1=70, T2=4, eta=0.5/L",11,21260517,5,0.821011884031054,0.557558925576556,0.26856737722305,6.77270132267736e-05,0.5,0.4,5,NA,70,4,NA,36,NA,NA,NA,NA,NA,NA,36,252,168,42,5,31,236,2,7,50.4,21,TRUE,0.000135454026453547,2.4705925,21265517,21265518,21265738
"after_stage2","TS-RIGHT-TUNED","TS tuned K1cap in {2,5,15,25}, T1=80, T2=4, eta=0.5/L",11,21260517,5,0.820409323323707,0.559025974877517,0.269640615832436,6.77270132267736e-05,0.5,0.4,5,NA,80,4,NA,36,NA,NA,NA,NA,NA,NA,36,252,168,42,5,31,236,2,7,50.4,21,TRUE,0.000135454026453547,2.4705925,21265517,21265518,21265738
"after_stage2","TS-RIGHT-TUNED","TS tuned K1cap in {2,5,15,25}, T1=90, T2=4, eta=0.5/L",11,21260517,5,0.825751267753824,0.562398948707161,0.260098448988171,6.77270132267736e-05,0.5,0.4,5,NA,90,4,NA,36,NA,NA,NA,NA,NA,NA,36,252,168,42,5,31,236,2,7,50.4,21,TRUE,0.000135454026453547,2.4705925,21265517,21265518,21265738
"after_stage2","TS-RIGHT-TUNED","TS tuned K1cap in {2,5,15,25}, T1=100, T2=4, eta=0.5/L",11,21260517,5,0.825244139173953,0.565121842369717,0.261006979236111,6.77270132267736e-05,0.5,0.4,5,NA,100,4,NA,36,NA,NA,NA,NA,NA,NA,36,252,168,42,5,31,236,2,7,50.4,21,TRUE,0.000135454026453547,2.4705925,21265517,21265518,21265738
"stage1_only","TS-RIGHT-TUNED","TS tuned K1cap in {2,5,15,25}, T1=0, T2=4, eta=0.5/L",11,21260517,5,0.961605265714816,0.554195019230769,-0.00338846754006661,6.77270132267736e-05,0.5,0.4,2,NA,0,4,NA,36,NA,NA,NA,NA,NA,NA,0,252,168,42,2,31,236,2,7,126,21,TRUE,0.000135454026453547,2.4705925,21265517,21265518,21265738
"stage1_only","TS-RIGHT-TUNED","TS tuned K1cap in {2,5,15,25}, T1=10, T2=4, eta=0.5/L",11,21260517,5,0.870362671098233,0.519562430461031,0.177992174308366,6.77270132267736e-05,0.5,0.4,2,NA,10,4,NA,36,NA,NA,NA,NA,NA,NA,36,252,168,42,2,31,236,2,7,126,21,TRUE,0.000135454026453547,2.4705925,21265517,21265518,21265738
"stage1_only","TS-RIGHT-TUNED","TS tuned K1cap in {2,5,15,25}, T1=20, T2=4, eta=0.5/L",11,21260517,5,0.86716412481757,0.525568465925712,0.184022761339758,6.77270132267736e-05,0.5,0.4,2,NA,20,4,NA,36,NA,NA,NA,NA,NA,NA,36,252,168,42,2,31,236,2,7,126,21,TRUE,0.000135454026453547,2.4705925,21265517,21265518,21265738
"stage1_only","TS-RIGHT-TUNED","TS tuned K1cap in {2,5,15,25}, T1=30, T2=4, eta=0.5/L",11,21260517,5,0.870429995978939,0.530170929273561,0.177865000381792,6.77270132267736e-05,0.5,0.4,2,NA,30,4,NA,36,NA,NA,NA,NA,NA,NA,36,252,168,42,2,31,236,2,7,126,21,TRUE,0.000135454026453547,2.4705925,21265517,21265518,21265738
"stage1_only","TS-RIGHT-TUNED","TS tuned K1cap in {2,5,15,25}, T1=40, T2=4, eta=0.5/L",11,21260517,5,0.869523791443257,0.52899302355053,0.179575958523514,6.77270132267736e-05,0.5,0.4,5,NA,40,4,NA,36,NA,NA,NA,NA,NA,NA,36,252,168,42,5,31,236,2,7,50.4,21,TRUE,0.000135454026453547,2.4705925,21265517,21265518,21265738
"stage1_only","TS-RIGHT-TUNED","TS tuned K1cap in {2,5,15,25}, T1=50, T2=4, eta=0.5/L",11,21260517,5,0.864106124707062,0.529314396153821,0.18976759955003,6.77270132267736e-05,0.5,0.4,5,NA,50,4,NA,36,NA,NA,NA,NA,NA,NA,36,252,168,42,5,31,236,2,7,50.4,21,TRUE,0.000135454026453547,2.4705925,21265517,21265518,21265738
"stage1_only","TS-RIGHT-TUNED","TS tuned K1cap in {2,5,15,25}, T1=60, T2=4, eta=0.5/L",11,21260517,5,0.859609389428975,0.530316925176177,0.198178419795661,6.77270132267736e-05,0.5,0.4,5,NA,60,4,NA,36,NA,NA,NA,NA,NA,NA,36,252,168,42,5,31,236,2,7,50.4,21,TRUE,0.000135454026453547,2.4705925,21265517,21265518,21265738
"stage1_only","TS-RIGHT-TUNED","TS tuned K1cap in {2,5,15,25}, T1=70, T2=4, eta=0.5/L",11,21260517,5,0.856981101449063,0.531300268267278,0.203074123105334,6.77270132267736e-05,0.5,0.4,5,NA,70,4,NA,36,NA,NA,NA,NA,NA,NA,36,252,168,42,5,31,236,2,7,50.4,21,TRUE,0.000135454026453547,2.4705925,21265517,21265518,21265738
"stage1_only","TS-RIGHT-TUNED","TS tuned K1cap in {2,5,15,25}, T1=80, T2=4, eta=0.5/L",11,21260517,5,0.855966051445134,0.531988281419168,0.204960840446668,6.77270132267736e-05,0.5,0.4,5,NA,80,4,NA,36,NA,NA,NA,NA,NA,NA,36,252,168,42,5,31,236,2,7,50.4,21,TRUE,0.000135454026453547,2.4705925,21265517,21265518,21265738
"stage1_only","TS-RIGHT-TUNED","TS tuned K1cap in {2,5,15,25}, T1=90, T2=4, eta=0.5/L",11,21260517,5,0.857707185012964,0.535766616491671,0.201723148372808,6.77270132267736e-05,0.5,0.4,5,NA,90,4,NA,36,NA,NA,NA,NA,NA,NA,36,252,168,42,5,31,236,2,7,50.4,21,TRUE,0.000135454026453547,2.4705925,21265517,21265518,21265738
"stage1_only","TS-RIGHT-TUNED","TS tuned K1cap in {2,5,15,25}, T1=100, T2=4, eta=0.5/L",11,21260517,5,0.858243896205103,0.539212528547029,0.200723790601608,6.77270132267736e-05,0.5,0.4,5,NA,100,4,NA,36,NA,NA,NA,NA,NA,NA,36,252,168,42,5,31,236,2,7,50.4,21,TRUE,0.000135454026453547,2.4705925,21265517,21265518,21265738
"after_stage2","TS-RIGHT-TUNED","TS tuned K1cap in {2,5,15,25}, T1=0, T2=4, eta=0.5/L",12,21360517,1,1.1696652964208,0.641198259858157,0.19267280654543,6.77109118064978e-05,0.5,0.4,2,NA,0,4,NA,36,NA,NA,NA,NA,NA,NA,36,252,167,41,2,31,236,2,7,126,20.5,TRUE,0.000135421823612996,2.455286,21361517,21361518,21361738
"after_stage2","TS-RIGHT-TUNED","TS tuned K1cap in {2,5,15,25}, T1=10, T2=4, eta=0.5/L",12,21360517,1,1.11137990340766,0.619472733247433,0.271127691891122,6.77109118064978e-05,0.5,0.4,2,NA,10,4,NA,36,NA,NA,NA,NA,NA,NA,36,252,167,41,2,31,236,2,7,126,20.5,TRUE,0.000135421823612996,2.455286,21361517,21361518,21361738
"after_stage2","TS-RIGHT-TUNED","TS tuned K1cap in {2,5,15,25}, T1=20, T2=4, eta=0.5/L",12,21360517,1,1.10038035888388,0.606230480847779,0.285483879487895,6.77109118064978e-05,0.5,0.4,5,NA,20,4,NA,36,NA,NA,NA,NA,NA,NA,36,252,167,41,5,31,236,2,7,50.4,20.5,TRUE,0.000135421823612996,2.455286,21361517,21361518,21361738
"after_stage2","TS-RIGHT-TUNED","TS tuned K1cap in {2,5,15,25}, T1=30, T2=4, eta=0.5/L",12,21360517,1,1.08890611687247,0.605998791778669,0.300307455054955,6.77109118064978e-05,0.5,0.4,5,NA,30,4,NA,36,NA,NA,NA,NA,NA,NA,36,252,167,41,5,31,236,2,7,50.4,20.5,TRUE,0.000135421823612996,2.455286,21361517,21361518,21361738
"after_stage2","TS-RIGHT-TUNED","TS tuned K1cap in {2,5,15,25}, T1=40, T2=4, eta=0.5/L",12,21360517,1,1.0853685600336,0.605731275058056,0.304846288078808,6.77109118064978e-05,0.5,0.4,5,NA,40,4,NA,36,NA,NA,NA,NA,NA,NA,36,252,167,41,5,31,236,2,7,50.4,20.5,TRUE,0.000135421823612996,2.455286,21361517,21361518,21361738
"after_stage2","TS-RIGHT-TUNED","TS tuned K1cap in {2,5,15,25}, T1=50, T2=4, eta=0.5/L",12,21360517,1,1.08367003296441,0.605324179804925,0.307020321036876,6.77109118064978e-05,0.5,0.4,5,NA,50,4,NA,36,NA,NA,NA,NA,NA,NA,36,252,167,41,5,31,236,2,7,50.4,20.5,TRUE,0.000135421823612996,2.455286,21361517,21361518,21361738
"after_stage2","TS-RIGHT-TUNED","TS tuned K1cap in {2,5,15,25}, T1=60, T2=4, eta=0.5/L",12,21360517,1,1.08120282090028,0.606830025865406,0.310172168900793,6.77109118064978e-05,0.5,0.4,5,NA,60,4,NA,36,NA,NA,NA,NA,NA,NA,36,252,167,41,5,31,236,2,7,50.4,20.5,TRUE,0.000135421823612996,2.455286,21361517,21361518,21361738
"after_stage2","TS-RIGHT-TUNED","TS tuned K1cap in {2,5,15,25}, T1=70, T2=4, eta=0.5/L",12,21360517,1,1.07949072380399,0.606950338892837,0.312355139752996,6.77109118064978e-05,0.5,0.4,5,NA,70,4,NA,36,NA,NA,NA,NA,NA,NA,36,252,167,41,5,31,236,2,7,50.4,20.5,TRUE,0.000135421823612996,2.455286,21361517,21361518,21361738
"after_stage2","TS-RIGHT-TUNED","TS tuned K1cap in {2,5,15,25}, T1=80, T2=4, eta=0.5/L",12,21360517,1,1.08124625007305,0.610104466223915,0.310116750521997,6.77109118064978e-05,0.5,0.4,5,NA,80,4,NA,36,NA,NA,NA,NA,NA,NA,36,252,167,41,5,31,236,2,7,50.4,20.5,TRUE,0.000135421823612996,2.455286,21361517,21361518,21361738
"after_stage2","TS-RIGHT-TUNED","TS tuned K1cap in {2,5,15,25}, T1=90, T2=4, eta=0.5/L",12,21360517,1,1.08052930704061,0.615542181358789,0.311031330358193,6.77109118064978e-05,0.5,0.4,5,NA,90,4,NA,36,NA,NA,NA,NA,NA,NA,36,252,167,41,5,31,236,2,7,50.4,20.5,TRUE,0.000135421823612996,2.455286,21361517,21361518,21361738
"after_stage2","TS-RIGHT-TUNED","TS tuned K1cap in {2,5,15,25}, T1=100, T2=4, eta=0.5/L",12,21360517,1,1.07767297150933,0.616643602649276,0.314669037567495,6.77109118064978e-05,0.5,0.4,5,NA,100,4,NA,36,NA,NA,NA,NA,NA,NA,36,252,167,41,5,31,236,2,7,50.4,20.5,TRUE,0.000135421823612996,2.455286,21361517,21361518,21361738
"stage1_only","TS-RIGHT-TUNED","TS tuned K1cap in {2,5,15,25}, T1=0, T2=4, eta=0.5/L",12,21360517,1,1.311355683307,0.694478847619048,-0.0147694340444182,6.77109118064978e-05,0.5,0.4,2,NA,0,4,NA,36,NA,NA,NA,NA,NA,NA,0,252,167,41,2,31,236,2,7,126,20.5,TRUE,0.000135421823612996,2.455286,21361517,21361518,21361738
"stage1_only","TS-RIGHT-TUNED","TS tuned K1cap in {2,5,15,25}, T1=10, T2=4, eta=0.5/L",12,21360517,1,1.16958426934966,0.650969129544874,0.192784655793856,6.77109118064978e-05,0.5,0.4,2,NA,10,4,NA,36,NA,NA,NA,NA,NA,NA,36,252,167,41,2,31,236,2,7,126,20.5,TRUE,0.000135421823612996,2.455286,21361517,21361518,21361738
"stage1_only","TS-RIGHT-TUNED","TS tuned K1cap in {2,5,15,25}, T1=20, T2=4, eta=0.5/L",12,21360517,1,1.15178046199608,0.651364232368847,0.217173018203438,6.77109118064978e-05,0.5,0.4,2,NA,20,4,NA,36,NA,NA,NA,NA,NA,NA,36,252,167,41,2,31,236,2,7,126,20.5,TRUE,0.000135421823612996,2.455286,21361517,21361518,21361738
"stage1_only","TS-RIGHT-TUNED","TS tuned K1cap in {2,5,15,25}, T1=30, T2=4, eta=0.5/L",12,21360517,1,1.14405254617149,0.643168263579985,0.227642593154004,6.77109118064978e-05,0.5,0.4,5,NA,30,4,NA,36,NA,NA,NA,NA,NA,NA,36,252,167,41,5,31,236,2,7,50.4,20.5,TRUE,0.000135421823612996,2.455286,21361517,21361518,21361738
"stage1_only","TS-RIGHT-TUNED","TS tuned K1cap in {2,5,15,25}, T1=40, T2=4, eta=0.5/L",12,21360517,1,1.13515358476551,0.639381640724524,0.239611357039469,6.77109118064978e-05,0.5,0.4,5,NA,40,4,NA,36,NA,NA,NA,NA,NA,NA,36,252,167,41,5,31,236,2,7,50.4,20.5,TRUE,0.000135421823612996,2.455286,21361517,21361518,21361738
"stage1_only","TS-RIGHT-TUNED","TS tuned K1cap in {2,5,15,25}, T1=50, T2=4, eta=0.5/L",12,21360517,1,1.13207285361527,0.638195894670924,0.243733044613285,6.77109118064978e-05,0.5,0.4,5,NA,50,4,NA,36,NA,NA,NA,NA,NA,NA,36,252,167,41,5,31,236,2,7,50.4,20.5,TRUE,0.000135421823612996,2.455286,21361517,21361518,21361738
"stage1_only","TS-RIGHT-TUNED","TS tuned K1cap in {2,5,15,25}, T1=60, T2=4, eta=0.5/L",12,21360517,1,1.13053595976689,0.637996364884403,0.245785055773843,6.77109118064978e-05,0.5,0.4,5,NA,60,4,NA,36,NA,NA,NA,NA,NA,NA,36,252,167,41,5,31,236,2,7,50.4,20.5,TRUE,0.000135421823612996,2.455286,21361517,21361518,21361738
"stage1_only","TS-RIGHT-TUNED","TS tuned K1cap in {2,5,15,25}, T1=70, T2=4, eta=0.5/L",12,21360517,1,1.12869275768123,0.638486154913699,0.248242363378772,6.77109118064978e-05,0.5,0.4,5,NA,70,4,NA,36,NA,NA,NA,NA,NA,NA,36,252,167,41,5,31,236,2,7,50.4,20.5,TRUE,0.000135421823612996,2.455286,21361517,21361518,21361738
"stage1_only","TS-RIGHT-TUNED","TS tuned K1cap in {2,5,15,25}, T1=80, T2=4, eta=0.5/L",12,21360517,1,1.12537981183173,0.638620374259822,0.252649013837559,6.77109118064978e-05,0.5,0.4,5,NA,80,4,NA,36,NA,NA,NA,NA,NA,NA,36,252,167,41,5,31,236,2,7,50.4,20.5,TRUE,0.000135421823612996,2.455286,21361517,21361518,21361738
"stage1_only","TS-RIGHT-TUNED","TS tuned K1cap in {2,5,15,25}, T1=90, T2=4, eta=0.5/L",12,21360517,1,1.12277635301773,0.637488448345573,0.25610286452667,6.77109118064978e-05,0.5,0.4,5,NA,90,4,NA,36,NA,NA,NA,NA,NA,NA,36,252,167,41,5,31,236,2,7,50.4,20.5,TRUE,0.000135421823612996,2.455286,21361517,21361518,21361738
"stage1_only","TS-RIGHT-TUNED","TS tuned K1cap in {2,5,15,25}, T1=100, T2=4, eta=0.5/L",12,21360517,1,1.1213808770828,0.639683471629646,0.257950864686261,6.77109118064978e-05,0.5,0.4,5,NA,100,4,NA,36,NA,NA,NA,NA,NA,NA,36,252,167,41,5,31,236,2,7,50.4,20.5,TRUE,0.000135421823612996,2.455286,21361517,21361518,21361738
"after_stage2","TS-RIGHT-TUNED","TS tuned K1cap in {2,5,15,25}, T1=0, T2=4, eta=0.5/L",12,21360517,2,1.00681512519411,0.541027936297982,0.209696457332157,6.46289149731017e-05,0.5,0.4,2,NA,0,4,NA,27,NA,NA,NA,NA,NA,NA,27,252,167,41,2,31,177,2,7,126,20.5,TRUE,0.000129257829946203,2.455662,21362517,21362518,21362738
"after_stage2","TS-RIGHT-TUNED","TS tuned K1cap in {2,5,15,25}, T1=10, T2=4, eta=0.5/L",12,21360517,2,0.972055984736975,0.53770112951117,0.263323148692583,6.46289149731017e-05,0.5,0.4,2,NA,10,4,NA,27,NA,NA,NA,NA,NA,NA,27,252,167,41,2,31,177,2,7,126,20.5,TRUE,0.000129257829946203,2.455662,21362517,21362518,21362738
"after_stage2","TS-RIGHT-TUNED","TS tuned K1cap in {2,5,15,25}, T1=20, T2=4, eta=0.5/L",12,21360517,2,0.950135671387795,0.527331442302248,0.296173340677605,6.46289149731017e-05,0.5,0.4,2,NA,20,4,NA,27,NA,NA,NA,NA,NA,NA,27,252,167,41,2,31,177,2,7,126,20.5,TRUE,0.000129257829946203,2.455662,21362517,21362518,21362738
"after_stage2","TS-RIGHT-TUNED","TS tuned K1cap in {2,5,15,25}, T1=30, T2=4, eta=0.5/L",12,21360517,2,0.944566169146975,0.530468030178828,0.304400534450588,6.46289149731017e-05,0.5,0.4,2,NA,30,4,NA,27,NA,NA,NA,NA,NA,NA,27,252,167,41,2,31,177,2,7,126,20.5,TRUE,0.000129257829946203,2.455662,21362517,21362518,21362738
"after_stage2","TS-RIGHT-TUNED","TS tuned K1cap in {2,5,15,25}, T1=40, T2=4, eta=0.5/L",12,21360517,2,0.942708664213895,0.536803388067192,0.307133660054949,6.46289149731017e-05,0.5,0.4,2,NA,40,4,NA,27,NA,NA,NA,NA,NA,NA,27,252,167,41,2,31,177,2,7,126,20.5,TRUE,0.000129257829946203,2.455662,21362517,21362518,21362738
"after_stage2","TS-RIGHT-TUNED","TS tuned K1cap in {2,5,15,25}, T1=50, T2=4, eta=0.5/L",12,21360517,2,0.939553168120638,0.543026918920954,0.311764312103792,6.46289149731017e-05,0.5,0.4,2,NA,50,4,NA,27,NA,NA,NA,NA,NA,NA,27,252,167,41,2,31,177,2,7,126,20.5,TRUE,0.000129257829946203,2.455662,21362517,21362518,21362738
"after_stage2","TS-RIGHT-TUNED","TS tuned K1cap in {2,5,15,25}, T1=60, T2=4, eta=0.5/L",12,21360517,2,0.936582145878467,0.543124679047561,0.316110059988881,6.46289149731017e-05,0.5,0.4,2,NA,60,4,NA,27,NA,NA,NA,NA,NA,NA,27,252,167,41,2,31,177,2,7,126,20.5,TRUE,0.000129257829946203,2.455662,21362517,21362518,21362738
"after_stage2","TS-RIGHT-TUNED","TS tuned K1cap in {2,5,15,25}, T1=70, T2=4, eta=0.5/L",12,21360517,2,0.93642411263598,0.550032583400215,0.316340831474412,6.46289149731017e-05,0.5,0.4,2,NA,70,4,NA,27,NA,NA,NA,NA,NA,NA,27,252,167,41,2,31,177,2,7,126,20.5,TRUE,0.000129257829946203,2.455662,21362517,21362518,21362738
"after_stage2","TS-RIGHT-TUNED","TS tuned K1cap in {2,5,15,25}, T1=80, T2=4, eta=0.5/L",12,21360517,2,0.935139039158311,0.556966001060345,0.318215942176918,6.46289149731017e-05,0.5,0.4,2,NA,80,4,NA,27,NA,NA,NA,NA,NA,NA,27,252,167,41,2,31,177,2,7,126,20.5,TRUE,0.000129257829946203,2.455662,21362517,21362518,21362738
"after_stage2","TS-RIGHT-TUNED","TS tuned K1cap in {2,5,15,25}, T1=90, T2=4, eta=0.5/L",12,21360517,2,0.933398818420584,0.559660257115402,0.32075107493602,6.46289149731017e-05,0.5,0.4,2,NA,90,4,NA,27,NA,NA,NA,NA,NA,NA,27,252,167,41,2,31,177,2,7,126,20.5,TRUE,0.000129257829946203,2.455662,21362517,21362518,21362738
"after_stage2","TS-RIGHT-TUNED","TS tuned K1cap in {2,5,15,25}, T1=100, T2=4, eta=0.5/L",12,21360517,2,0.931969577469697,0.562395076725904,0.322829644347555,6.46289149731017e-05,0.5,0.4,2,NA,100,4,NA,27,NA,NA,NA,NA,NA,NA,27,252,167,41,2,31,177,2,7,126,20.5,TRUE,0.000129257829946203,2.455662,21362517,21362518,21362738
"stage1_only","TS-RIGHT-TUNED","TS tuned K1cap in {2,5,15,25}, T1=0, T2=4, eta=0.5/L",12,21360517,2,1.13764827953894,0.580629342857143,-0.00904490765368715,6.46289149731017e-05,0.5,0.4,2,NA,0,4,NA,27,NA,NA,NA,NA,NA,NA,0,252,167,41,2,31,177,2,7,126,20.5,TRUE,0.000129257829946203,2.455662,21362517,21362518,21362738
"stage1_only","TS-RIGHT-TUNED","TS tuned K1cap in {2,5,15,25}, T1=10, T2=4, eta=0.5/L",12,21360517,2,1.01121772842794,0.527459935367362,0.202769663735892,6.46289149731017e-05,0.5,0.4,2,NA,10,4,NA,27,NA,NA,NA,NA,NA,NA,27,252,167,41,2,31,177,2,7,126,20.5,TRUE,0.000129257829946203,2.455662,21362517,21362518,21362738
"stage1_only","TS-RIGHT-TUNED","TS tuned K1cap in {2,5,15,25}, T1=20, T2=4, eta=0.5/L",12,21360517,2,0.981250444423989,0.529681894737825,0.249321116921667,6.46289149731017e-05,0.5,0.4,2,NA,20,4,NA,27,NA,NA,NA,NA,NA,NA,27,252,167,41,2,31,177,2,7,126,20.5,TRUE,0.000129257829946203,2.455662,21362517,21362518,21362738
"stage1_only","TS-RIGHT-TUNED","TS tuned K1cap in {2,5,15,25}, T1=30, T2=4, eta=0.5/L",12,21360517,2,0.966328409302905,0.534721480817878,0.271978908342149,6.46289149731017e-05,0.5,0.4,2,NA,30,4,NA,27,NA,NA,NA,NA,NA,NA,27,252,167,41,2,31,177,2,7,126,20.5,TRUE,0.000129257829946203,2.455662,21362517,21362518,21362738
"stage1_only","TS-RIGHT-TUNED","TS tuned K1cap in {2,5,15,25}, T1=40, T2=4, eta=0.5/L",12,21360517,2,0.957509410037186,0.541258502654348,0.285206544196624,6.46289149731017e-05,0.5,0.4,2,NA,40,4,NA,27,NA,NA,NA,NA,NA,NA,27,252,167,41,2,31,177,2,7,126,20.5,TRUE,0.000129257829946203,2.455662,21362517,21362518,21362738
"stage1_only","TS-RIGHT-TUNED","TS tuned K1cap in {2,5,15,25}, T1=50, T2=4, eta=0.5/L",12,21360517,2,0.951148514564058,0.546795592243957,0.294671984591953,6.46289149731017e-05,0.5,0.4,2,NA,50,4,NA,27,NA,NA,NA,NA,NA,NA,27,252,167,41,2,31,177,2,7,126,20.5,TRUE,0.000129257829946203,2.455662,21362517,21362518,21362738
"stage1_only","TS-RIGHT-TUNED","TS tuned K1cap in {2,5,15,25}, T1=60, T2=4, eta=0.5/L",12,21360517,2,0.945685409450962,0.550256737982843,0.302751091054616,6.46289149731017e-05,0.5,0.4,2,NA,60,4,NA,27,NA,NA,NA,NA,NA,NA,27,252,167,41,2,31,177,2,7,126,20.5,TRUE,0.000129257829946203,2.455662,21362517,21362518,21362738
"stage1_only","TS-RIGHT-TUNED","TS tuned K1cap in {2,5,15,25}, T1=70, T2=4, eta=0.5/L",12,21360517,2,0.940595704870139,0.553639317715693,0.310236119555087,6.46289149731017e-05,0.5,0.4,2,NA,70,4,NA,27,NA,NA,NA,NA,NA,NA,27,252,167,41,2,31,177,2,7,126,20.5,TRUE,0.000129257829946203,2.455662,21362517,21362518,21362738
"stage1_only","TS-RIGHT-TUNED","TS tuned K1cap in {2,5,15,25}, T1=80, T2=4, eta=0.5/L",12,21360517,2,0.936744805674666,0.557178753307996,0.315872491808421,6.46289149731017e-05,0.5,0.4,2,NA,80,4,NA,27,NA,NA,NA,NA,NA,NA,27,252,167,41,2,31,177,2,7,126,20.5,TRUE,0.000129257829946203,2.455662,21362517,21362518,21362738
"stage1_only","TS-RIGHT-TUNED","TS tuned K1cap in {2,5,15,25}, T1=90, T2=4, eta=0.5/L",12,21360517,2,0.932946577312704,0.558918991863856,0.321409121343193,6.46289149731017e-05,0.5,0.4,2,NA,90,4,NA,27,NA,NA,NA,NA,NA,NA,27,252,167,41,2,31,177,2,7,126,20.5,TRUE,0.000129257829946203,2.455662,21362517,21362518,21362738
"stage1_only","TS-RIGHT-TUNED","TS tuned K1cap in {2,5,15,25}, T1=100, T2=4, eta=0.5/L",12,21360517,2,0.929030036883855,0.559569412879807,0.32709465588359,6.46289149731017e-05,0.5,0.4,2,NA,100,4,NA,27,NA,NA,NA,NA,NA,NA,27,252,167,41,2,31,177,2,7,126,20.5,TRUE,0.000129257829946203,2.455662,21362517,21362518,21362738
"after_stage2","TS-RIGHT-TUNED","TS tuned K1cap in {2,5,15,25}, T1=0, T2=4, eta=0.5/L",12,21360517,3,0.575787898996822,0.440415378916846,0.0630181262254528,6.24628303904446e-05,0.5,0.4,2,NA,0,4,NA,10,NA,NA,NA,NA,NA,NA,10,252,167,41,2,31,66,2,7,126,20.5,TRUE,0.000124925660780889,2.477898,21363517,21363518,21363738
"after_stage2","TS-RIGHT-TUNED","TS tuned K1cap in {2,5,15,25}, T1=10, T2=4, eta=0.5/L",12,21360517,3,0.575754437796937,0.447936341952369,0.0631270261409076,6.24628303904446e-05,0.5,0.4,25,NA,10,4,NA,10,NA,NA,NA,NA,NA,NA,10,252,167,41,25,31,66,2,7,10.08,20.5,TRUE,0.000124925660780889,2.477898,21363517,21363518,21363738
"after_stage2","TS-RIGHT-TUNED","TS tuned K1cap in {2,5,15,25}, T1=20, T2=4, eta=0.5/L",12,21360517,3,0.570072470368969,0.452233993755177,0.0815272827366592,6.24628303904446e-05,0.5,0.4,25,NA,20,4,NA,10,NA,NA,NA,NA,NA,NA,10,252,167,41,25,31,66,2,7,10.08,20.5,TRUE,0.000124925660780889,2.477898,21363517,21363518,21363738
"after_stage2","TS-RIGHT-TUNED","TS tuned K1cap in {2,5,15,25}, T1=30, T2=4, eta=0.5/L",12,21360517,3,0.578789907969753,0.45623056832723,0.0532222945458869,6.24628303904446e-05,0.5,0.4,25,NA,30,4,NA,10,NA,NA,NA,NA,NA,NA,10,252,167,41,25,31,66,2,7,10.08,20.5,TRUE,0.000124925660780889,2.477898,21363517,21363518,21363738
"after_stage2","TS-RIGHT-TUNED","TS tuned K1cap in {2,5,15,25}, T1=40, T2=4, eta=0.5/L",12,21360517,3,0.57241181510053,0.450434977010345,0.0739737418705139,6.24628303904446e-05,0.5,0.4,25,NA,40,4,NA,10,NA,NA,NA,NA,NA,NA,10,252,167,41,25,31,66,2,7,10.08,20.5,TRUE,0.000124925660780889,2.477898,21363517,21363518,21363738
"after_stage2","TS-RIGHT-TUNED","TS tuned K1cap in {2,5,15,25}, T1=50, T2=4, eta=0.5/L",12,21360517,3,0.572924788049498,0.451556803097572,0.0723132615732457,6.24628303904446e-05,0.5,0.4,25,NA,50,4,NA,10,NA,NA,NA,NA,NA,NA,10,252,167,41,25,31,66,2,7,10.08,20.5,TRUE,0.000124925660780889,2.477898,21363517,21363518,21363738
"after_stage2","TS-RIGHT-TUNED","TS tuned K1cap in {2,5,15,25}, T1=60, T2=4, eta=0.5/L",12,21360517,3,0.573231179712825,0.452357173039536,0.0713207700936676,6.24628303904446e-05,0.5,0.4,25,NA,60,4,NA,10,NA,NA,NA,NA,NA,NA,10,252,167,41,25,31,66,2,7,10.08,20.5,TRUE,0.000124925660780889,2.477898,21363517,21363518,21363738
"after_stage2","TS-RIGHT-TUNED","TS tuned K1cap in {2,5,15,25}, T1=70, T2=4, eta=0.5/L",12,21360517,3,0.573524950267608,0.453039497234681,0.070368663754962,6.24628303904446e-05,0.5,0.4,25,NA,70,4,NA,10,NA,NA,NA,NA,NA,NA,10,252,167,41,25,31,66,2,7,10.08,20.5,TRUE,0.000124925660780889,2.477898,21363517,21363518,21363738
"after_stage2","TS-RIGHT-TUNED","TS tuned K1cap in {2,5,15,25}, T1=80, T2=4, eta=0.5/L",12,21360517,3,0.573944542815645,0.453591074603708,0.0690079241122092,6.24628303904446e-05,0.5,0.4,25,NA,80,4,NA,10,NA,NA,NA,NA,NA,NA,10,252,167,41,25,31,66,2,7,10.08,20.5,TRUE,0.000124925660780889,2.477898,21363517,21363518,21363738
"after_stage2","TS-RIGHT-TUNED","TS tuned K1cap in {2,5,15,25}, T1=90, T2=4, eta=0.5/L",12,21360517,3,0.574492797184391,0.454017370794105,0.0672284342081525,6.24628303904446e-05,0.5,0.4,25,NA,90,4,NA,10,NA,NA,NA,NA,NA,NA,10,252,167,41,25,31,66,2,7,10.08,20.5,TRUE,0.000124925660780889,2.477898,21363517,21363518,21363738
"after_stage2","TS-RIGHT-TUNED","TS tuned K1cap in {2,5,15,25}, T1=100, T2=4, eta=0.5/L",12,21360517,3,0.575080773131161,0.454338826508073,0.0653181303479036,6.24628303904446e-05,0.5,0.4,25,NA,100,4,NA,10,NA,NA,NA,NA,NA,NA,10,252,167,41,25,31,66,2,7,10.08,20.5,TRUE,0.000124925660780889,2.477898,21363517,21363518,21363738
"stage1_only","TS-RIGHT-TUNED","TS tuned K1cap in {2,5,15,25}, T1=0, T2=4, eta=0.5/L",12,21360517,3,0.594929044060686,0.459948333333333,-0.000314273046561508,6.24628303904446e-05,0.5,0.4,2,NA,0,4,NA,10,NA,NA,NA,NA,NA,NA,0,252,167,41,2,31,66,2,7,126,20.5,TRUE,0.000124925660780889,2.477898,21363517,21363518,21363738
"stage1_only","TS-RIGHT-TUNED","TS tuned K1cap in {2,5,15,25}, T1=10, T2=4, eta=0.5/L",12,21360517,3,0.547115013803724,0.42881026479288,0.154013586676574,6.24628303904446e-05,0.5,0.4,15,NA,10,4,NA,10,NA,NA,NA,NA,NA,NA,10,252,167,41,15,31,66,2,7,16.8,20.5,TRUE,0.000124925660780889,2.477898,21363517,21363518,21363738
"stage1_only","TS-RIGHT-TUNED","TS tuned K1cap in {2,5,15,25}, T1=20, T2=4, eta=0.5/L",12,21360517,3,0.546318388790683,0.428534872041197,0.156475384583452,6.24628303904446e-05,0.5,0.4,15,NA,20,4,NA,10,NA,NA,NA,NA,NA,NA,10,252,167,41,15,31,66,2,7,16.8,20.5,TRUE,0.000124925660780889,2.477898,21363517,21363518,21363738
"stage1_only","TS-RIGHT-TUNED","TS tuned K1cap in {2,5,15,25}, T1=30, T2=4, eta=0.5/L",12,21360517,3,0.54761676201304,0.431139400631731,0.152461200817171,6.24628303904446e-05,0.5,0.4,15,NA,30,4,NA,10,NA,NA,NA,NA,NA,NA,10,252,167,41,15,31,66,2,7,16.8,20.5,TRUE,0.000124925660780889,2.477898,21363517,21363518,21363738
"stage1_only","TS-RIGHT-TUNED","TS tuned K1cap in {2,5,15,25}, T1=40, T2=4, eta=0.5/L",12,21360517,3,0.548409935992193,0.432640330098307,0.150004254235368,6.24628303904446e-05,0.5,0.4,15,NA,40,4,NA,10,NA,NA,NA,NA,NA,NA,10,252,167,41,15,31,66,2,7,16.8,20.5,TRUE,0.000124925660780889,2.477898,21363517,21363518,21363738
"stage1_only","TS-RIGHT-TUNED","TS tuned K1cap in {2,5,15,25}, T1=50, T2=4, eta=0.5/L",12,21360517,3,0.549077381808903,0.433648636978497,0.147934009692348,6.24628303904446e-05,0.5,0.4,15,NA,50,4,NA,10,NA,NA,NA,NA,NA,NA,10,252,167,41,15,31,66,2,7,16.8,20.5,TRUE,0.000124925660780889,2.477898,21363517,21363518,21363738
"stage1_only","TS-RIGHT-TUNED","TS tuned K1cap in {2,5,15,25}, T1=60, T2=4, eta=0.5/L",12,21360517,3,0.549854690679997,0.434503742737408,0.145519824424298,6.24628303904446e-05,0.5,0.4,15,NA,60,4,NA,10,NA,NA,NA,NA,NA,NA,10,252,167,41,15,31,66,2,7,16.8,20.5,TRUE,0.000124925660780889,2.477898,21363517,21363518,21363738
"stage1_only","TS-RIGHT-TUNED","TS tuned K1cap in {2,5,15,25}, T1=70, T2=4, eta=0.5/L",12,21360517,3,0.550671612761876,0.435318949728162,0.14297892669455,6.24628303904446e-05,0.5,0.4,15,NA,70,4,NA,10,NA,NA,NA,NA,NA,NA,10,252,167,41,15,31,66,2,7,16.8,20.5,TRUE,0.000124925660780889,2.477898,21363517,21363518,21363738
"stage1_only","TS-RIGHT-TUNED","TS tuned K1cap in {2,5,15,25}, T1=80, T2=4, eta=0.5/L",12,21360517,3,0.551501370871039,0.436092116778162,0.140394243080191,6.24628303904446e-05,0.5,0.4,15,NA,80,4,NA,10,NA,NA,NA,NA,NA,NA,10,252,167,41,15,31,66,2,7,16.8,20.5,TRUE,0.000124925660780889,2.477898,21363517,21363518,21363738
"stage1_only","TS-RIGHT-TUNED","TS tuned K1cap in {2,5,15,25}, T1=90, T2=4, eta=0.5/L",12,21360517,3,0.552343502418775,0.436996670225371,0.13776703721619,6.24628303904446e-05,0.5,0.4,15,NA,90,4,NA,10,NA,NA,NA,NA,NA,NA,10,252,167,41,15,31,66,2,7,16.8,20.5,TRUE,0.000124925660780889,2.477898,21363517,21363518,21363738
"stage1_only","TS-RIGHT-TUNED","TS tuned K1cap in {2,5,15,25}, T1=100, T2=4, eta=0.5/L",12,21360517,3,0.549074557526864,0.435192469844041,0.14794277519085,6.24628303904446e-05,0.5,0.4,15,NA,100,4,NA,10,NA,NA,NA,NA,NA,NA,10,252,167,41,15,31,66,2,7,16.8,20.5,TRUE,0.000124925660780889,2.477898,21363517,21363518,21363738
"after_stage2","TS-RIGHT-TUNED","TS tuned K1cap in {2,5,15,25}, T1=0, T2=4, eta=0.5/L",12,21360517,4,0.788204145942747,0.537903023791018,0.191315573553615,6.95907964419908e-05,0.5,0.4,2,NA,0,4,NA,13,NA,NA,NA,NA,NA,NA,13,252,167,41,2,31,86,2,7,126,20.5,TRUE,0.000139181592883982,2.471426,21364517,21364518,21364738
"after_stage2","TS-RIGHT-TUNED","TS tuned K1cap in {2,5,15,25}, T1=10, T2=4, eta=0.5/L",12,21360517,4,0.808861929584334,0.564224677232917,0.14837100351751,6.95907964419908e-05,0.5,0.4,5,NA,10,4,NA,13,NA,NA,NA,NA,NA,NA,13,252,167,41,5,31,86,2,7,50.4,20.5,TRUE,0.000139181592883982,2.471426,21364517,21364518,21364738
"after_stage2","TS-RIGHT-TUNED","TS tuned K1cap in {2,5,15,25}, T1=20, T2=4, eta=0.5/L",12,21360517,4,0.808143406579055,0.554569460654662,0.149883358636134,6.95907964419908e-05,0.5,0.4,15,NA,20,4,NA,13,NA,NA,NA,NA,NA,NA,13,252,167,41,15,31,86,2,7,16.8,20.5,TRUE,0.000139181592883982,2.471426,21364517,21364518,21364738
"after_stage2","TS-RIGHT-TUNED","TS tuned K1cap in {2,5,15,25}, T1=30, T2=4, eta=0.5/L",12,21360517,4,0.815471477131737,0.567145263948681,0.134396108399513,6.95907964419908e-05,0.5,0.4,5,NA,30,4,NA,13,NA,NA,NA,NA,NA,NA,13,252,167,41,5,31,86,2,7,50.4,20.5,TRUE,0.000139181592883982,2.471426,21364517,21364518,21364738
"after_stage2","TS-RIGHT-TUNED","TS tuned K1cap in {2,5,15,25}, T1=40, T2=4, eta=0.5/L",12,21360517,4,0.818946160576987,0.569155075739427,0.127003802412361,6.95907964419908e-05,0.5,0.4,5,NA,40,4,NA,13,NA,NA,NA,NA,NA,NA,13,252,167,41,5,31,86,2,7,50.4,20.5,TRUE,0.000139181592883982,2.471426,21364517,21364518,21364738
"after_stage2","TS-RIGHT-TUNED","TS tuned K1cap in {2,5,15,25}, T1=50, T2=4, eta=0.5/L",12,21360517,4,0.820940263978667,0.566398835379207,0.122747199922092,6.95907964419908e-05,0.5,0.4,15,NA,50,4,NA,13,NA,NA,NA,NA,NA,NA,13,252,167,41,15,31,86,2,7,16.8,20.5,TRUE,0.000139181592883982,2.471426,21364517,21364518,21364738
"after_stage2","TS-RIGHT-TUNED","TS tuned K1cap in {2,5,15,25}, T1=60, T2=4, eta=0.5/L",12,21360517,4,0.82258682016264,0.558573539565675,0.11922466692973,6.95907964419908e-05,0.5,0.4,15,NA,60,4,NA,13,NA,NA,NA,NA,NA,NA,13,252,167,41,15,31,86,2,7,16.8,20.5,TRUE,0.000139181592883982,2.471426,21364517,21364518,21364738
"after_stage2","TS-RIGHT-TUNED","TS tuned K1cap in {2,5,15,25}, T1=70, T2=4, eta=0.5/L",12,21360517,4,0.825110812866713,0.561543527981122,0.113811302527026,6.95907964419908e-05,0.5,0.4,15,NA,70,4,NA,13,NA,NA,NA,NA,NA,NA,13,252,167,41,15,31,86,2,7,16.8,20.5,TRUE,0.000139181592883982,2.471426,21364517,21364518,21364738
"after_stage2","TS-RIGHT-TUNED","TS tuned K1cap in {2,5,15,25}, T1=80, T2=4, eta=0.5/L",12,21360517,4,0.828459387999065,0.566141353379376,0.10660380777754,6.95907964419908e-05,0.5,0.4,15,NA,80,4,NA,13,NA,NA,NA,NA,NA,NA,13,252,167,41,15,31,86,2,7,16.8,20.5,TRUE,0.000139181592883982,2.471426,21364517,21364518,21364738
"after_stage2","TS-RIGHT-TUNED","TS tuned K1cap in {2,5,15,25}, T1=90, T2=4, eta=0.5/L",12,21360517,4,0.831952768205599,0.565184167312916,0.0990535216644457,6.95907964419908e-05,0.5,0.4,15,NA,90,4,NA,13,NA,NA,NA,NA,NA,NA,13,252,167,41,15,31,86,2,7,16.8,20.5,TRUE,0.000139181592883982,2.471426,21364517,21364518,21364738
"after_stage2","TS-RIGHT-TUNED","TS tuned K1cap in {2,5,15,25}, T1=100, T2=4, eta=0.5/L",12,21360517,4,0.834798113721721,0.576415673941628,0.0928803642071701,6.95907964419908e-05,0.5,0.4,5,NA,100,4,NA,13,NA,NA,NA,NA,NA,NA,13,252,167,41,5,31,86,2,7,50.4,20.5,TRUE,0.000139181592883982,2.471426,21364517,21364518,21364738
"stage1_only","TS-RIGHT-TUNED","TS tuned K1cap in {2,5,15,25}, T1=0, T2=4, eta=0.5/L",12,21360517,4,0.883266518385168,0.514233952380952,-0.015512295375478,6.95907964419908e-05,0.5,0.4,2,NA,0,4,NA,13,NA,NA,NA,NA,NA,NA,0,252,167,41,2,31,86,2,7,126,20.5,TRUE,0.000139181592883982,2.471426,21364517,21364518,21364738
"stage1_only","TS-RIGHT-TUNED","TS tuned K1cap in {2,5,15,25}, T1=10, T2=4, eta=0.5/L",12,21360517,4,0.83269616256678,0.515439827241878,0.0974427144410337,6.95907964419908e-05,0.5,0.4,5,NA,10,4,NA,13,NA,NA,NA,NA,NA,NA,13,252,167,41,5,31,86,2,7,50.4,20.5,TRUE,0.000139181592883982,2.471426,21364517,21364518,21364738
"stage1_only","TS-RIGHT-TUNED","TS tuned K1cap in {2,5,15,25}, T1=20, T2=4, eta=0.5/L",12,21360517,4,0.837659722148104,0.521728315641305,0.0866506656376789,6.95907964419908e-05,0.5,0.4,5,NA,20,4,NA,13,NA,NA,NA,NA,NA,NA,13,252,167,41,5,31,86,2,7,50.4,20.5,TRUE,0.000139181592883982,2.471426,21364517,21364518,21364738
"stage1_only","TS-RIGHT-TUNED","TS tuned K1cap in {2,5,15,25}, T1=30, T2=4, eta=0.5/L",12,21360517,4,0.841511978314639,0.52440247181314,0.0782306690566928,6.95907964419908e-05,0.5,0.4,5,NA,30,4,NA,13,NA,NA,NA,NA,NA,NA,13,252,167,41,5,31,86,2,7,50.4,20.5,TRUE,0.000139181592883982,2.471426,21364517,21364518,21364738
"stage1_only","TS-RIGHT-TUNED","TS tuned K1cap in {2,5,15,25}, T1=40, T2=4, eta=0.5/L",12,21360517,4,0.844235398023333,0.526398151126217,0.0722546947966786,6.95907964419908e-05,0.5,0.4,5,NA,40,4,NA,13,NA,NA,NA,NA,NA,NA,13,252,167,41,5,31,86,2,7,50.4,20.5,TRUE,0.000139181592883982,2.471426,21364517,21364518,21364738
"stage1_only","TS-RIGHT-TUNED","TS tuned K1cap in {2,5,15,25}, T1=50, T2=4, eta=0.5/L",12,21360517,4,0.846432388708777,0.530441580125034,0.0674197875908281,6.95907964419908e-05,0.5,0.4,5,NA,50,4,NA,13,NA,NA,NA,NA,NA,NA,13,252,167,41,5,31,86,2,7,50.4,20.5,TRUE,0.000139181592883982,2.471426,21364517,21364518,21364738
"stage1_only","TS-RIGHT-TUNED","TS tuned K1cap in {2,5,15,25}, T1=60, T2=4, eta=0.5/L",12,21360517,4,0.848108986299056,0.531538456644423,0.0637216534107053,6.95907964419908e-05,0.5,0.4,5,NA,60,4,NA,13,NA,NA,NA,NA,NA,NA,13,252,167,41,5,31,86,2,7,50.4,20.5,TRUE,0.000139181592883982,2.471426,21364517,21364518,21364738
"stage1_only","TS-RIGHT-TUNED","TS tuned K1cap in {2,5,15,25}, T1=70, T2=4, eta=0.5/L",12,21360517,4,0.84932316415747,0.53196551279729,0.0610389270149774,6.95907964419908e-05,0.5,0.4,5,NA,70,4,NA,13,NA,NA,NA,NA,NA,NA,13,252,167,41,5,31,86,2,7,50.4,20.5,TRUE,0.000139181592883982,2.471426,21364517,21364518,21364738
"stage1_only","TS-RIGHT-TUNED","TS tuned K1cap in {2,5,15,25}, T1=80, T2=4, eta=0.5/L",12,21360517,4,0.851726711889673,0.535515208345391,0.0557169689441744,6.95907964419908e-05,0.5,0.4,5,NA,80,4,NA,13,NA,NA,NA,NA,NA,NA,13,252,167,41,5,31,86,2,7,50.4,20.5,TRUE,0.000139181592883982,2.471426,21364517,21364518,21364738
"stage1_only","TS-RIGHT-TUNED","TS tuned K1cap in {2,5,15,25}, T1=90, T2=4, eta=0.5/L",12,21360517,4,0.857265877231459,0.541602442570433,0.0433948283975258,6.95907964419908e-05,0.5,0.4,5,NA,90,4,NA,13,NA,NA,NA,NA,NA,NA,13,252,167,41,5,31,86,2,7,50.4,20.5,TRUE,0.000139181592883982,2.471426,21364517,21364518,21364738
"stage1_only","TS-RIGHT-TUNED","TS tuned K1cap in {2,5,15,25}, T1=100, T2=4, eta=0.5/L",12,21360517,4,0.862931130898431,0.547970224606746,0.0307095735013939,6.95907964419908e-05,0.5,0.4,5,NA,100,4,NA,13,NA,NA,NA,NA,NA,NA,13,252,167,41,5,31,86,2,7,50.4,20.5,TRUE,0.000139181592883982,2.471426,21364517,21364518,21364738
"after_stage2","TS-RIGHT-TUNED","TS tuned K1cap in {2,5,15,25}, T1=0, T2=4, eta=0.5/L",12,21360517,5,0.742927085764104,0.520522249825564,0.117424969814692,6.92299491176067e-05,0.5,0.4,2,NA,0,4,NA,9,NA,NA,NA,NA,NA,NA,9,252,168,42,2,31,59,2,7,126,21,TRUE,0.000138459898235213,2.4734905,21365517,21365518,21365738
"after_stage2","TS-RIGHT-TUNED","TS tuned K1cap in {2,5,15,25}, T1=10, T2=4, eta=0.5/L",12,21360517,5,0.739271541219429,0.518497165147888,0.126088955753551,6.92299491176067e-05,0.5,0.4,2,NA,10,4,NA,9,NA,NA,NA,NA,NA,NA,9,252,168,42,2,31,59,2,7,126,21,TRUE,0.000138459898235213,2.4734905,21365517,21365518,21365738
"after_stage2","TS-RIGHT-TUNED","TS tuned K1cap in {2,5,15,25}, T1=20, T2=4, eta=0.5/L",12,21360517,5,0.730678349057996,0.507866429504601,0.146287324920204,6.92299491176067e-05,0.5,0.4,5,NA,20,4,NA,9,NA,NA,NA,NA,NA,NA,9,252,168,42,5,31,59,2,7,50.4,21,TRUE,0.000138459898235213,2.4734905,21365517,21365518,21365738
"after_stage2","TS-RIGHT-TUNED","TS tuned K1cap in {2,5,15,25}, T1=30, T2=4, eta=0.5/L",12,21360517,5,0.733060240865693,0.517194554326094,0.140712325774301,6.92299491176067e-05,0.5,0.4,5,NA,30,4,NA,9,NA,NA,NA,NA,NA,NA,9,252,168,42,5,31,59,2,7,50.4,21,TRUE,0.000138459898235213,2.4734905,21365517,21365518,21365738
"after_stage2","TS-RIGHT-TUNED","TS tuned K1cap in {2,5,15,25}, T1=40, T2=4, eta=0.5/L",12,21360517,5,0.730253654620468,0.510098571243063,0.147279448627836,6.92299491176067e-05,0.5,0.4,25,NA,40,4,NA,9,NA,NA,NA,NA,NA,NA,9,252,168,42,25,31,59,2,7,10.08,21,TRUE,0.000138459898235213,2.4734905,21365517,21365518,21365738
"after_stage2","TS-RIGHT-TUNED","TS tuned K1cap in {2,5,15,25}, T1=50, T2=4, eta=0.5/L",12,21360517,5,0.72579430436668,0.502144087239789,0.157662058041392,6.92299491176067e-05,0.5,0.4,25,NA,50,4,NA,9,NA,NA,NA,NA,NA,NA,9,252,168,42,25,31,59,2,7,10.08,21,TRUE,0.000138459898235213,2.4734905,21365517,21365518,21365738
"after_stage2","TS-RIGHT-TUNED","TS tuned K1cap in {2,5,15,25}, T1=60, T2=4, eta=0.5/L",12,21360517,5,0.728480207763219,0.505783097476009,0.151416143570714,6.92299491176067e-05,0.5,0.4,25,NA,60,4,NA,9,NA,NA,NA,NA,NA,NA,9,252,168,42,25,31,59,2,7,10.08,21,TRUE,0.000138459898235213,2.4734905,21365517,21365518,21365738
"after_stage2","TS-RIGHT-TUNED","TS tuned K1cap in {2,5,15,25}, T1=70, T2=4, eta=0.5/L",12,21360517,5,0.731323462577905,0.51835288891665,0.144779179199193,6.92299491176067e-05,0.5,0.4,5,NA,70,4,NA,9,NA,NA,NA,NA,NA,NA,9,252,168,42,5,31,59,2,7,50.4,21,TRUE,0.000138459898235213,2.4734905,21365517,21365518,21365738
"after_stage2","TS-RIGHT-TUNED","TS tuned K1cap in {2,5,15,25}, T1=80, T2=4, eta=0.5/L",12,21360517,5,0.730923837578308,0.518445987098905,0.145713578981945,6.92299491176067e-05,0.5,0.4,5,NA,80,4,NA,9,NA,NA,NA,NA,NA,NA,9,252,168,42,5,31,59,2,7,50.4,21,TRUE,0.000138459898235213,2.4734905,21365517,21365518,21365738
"after_stage2","TS-RIGHT-TUNED","TS tuned K1cap in {2,5,15,25}, T1=90, T2=4, eta=0.5/L",12,21360517,5,0.730941817198174,0.519098829133528,0.145671550159707,6.92299491176067e-05,0.5,0.4,5,NA,90,4,NA,9,NA,NA,NA,NA,NA,NA,9,252,168,42,5,31,59,2,7,50.4,21,TRUE,0.000138459898235213,2.4734905,21365517,21365518,21365738
"after_stage2","TS-RIGHT-TUNED","TS tuned K1cap in {2,5,15,25}, T1=100, T2=4, eta=0.5/L",12,21360517,5,0.731141357568193,0.513310355520561,0.14520503892785,6.92299491176067e-05,0.5,0.4,25,NA,100,4,NA,9,NA,NA,NA,NA,NA,NA,9,252,168,42,25,31,59,2,7,10.08,21,TRUE,0.000138459898235213,2.4734905,21365517,21365518,21365738
"stage1_only","TS-RIGHT-TUNED","TS tuned K1cap in {2,5,15,25}, T1=0, T2=4, eta=0.5/L",12,21360517,5,0.801716415351199,0.541971711538462,-0.0277815179786074,6.92299491176067e-05,0.5,0.4,2,NA,0,4,NA,9,NA,NA,NA,NA,NA,NA,0,252,168,42,2,31,59,2,7,126,21,TRUE,0.000138459898235213,2.4734905,21365517,21365518,21365738
"stage1_only","TS-RIGHT-TUNED","TS tuned K1cap in {2,5,15,25}, T1=10, T2=4, eta=0.5/L",12,21360517,5,0.70494211871943,0.459257772497157,0.205367779483455,6.92299491176067e-05,0.5,0.4,2,NA,10,4,NA,9,NA,NA,NA,NA,NA,NA,9,252,168,42,2,31,59,2,7,126,21,TRUE,0.000138459898235213,2.4734905,21365517,21365518,21365738
"stage1_only","TS-RIGHT-TUNED","TS tuned K1cap in {2,5,15,25}, T1=20, T2=4, eta=0.5/L",12,21360517,5,0.699582432911755,0.457686854627112,0.217405047169115,6.92299491176067e-05,0.5,0.4,2,NA,20,4,NA,9,NA,NA,NA,NA,NA,NA,9,252,168,42,2,31,59,2,7,126,21,TRUE,0.000138459898235213,2.4734905,21365517,21365518,21365738
"stage1_only","TS-RIGHT-TUNED","TS tuned K1cap in {2,5,15,25}, T1=30, T2=4, eta=0.5/L",12,21360517,5,0.701408927461039,0.459759247411144,0.213313259498623,6.92299491176067e-05,0.5,0.4,2,NA,30,4,NA,9,NA,NA,NA,NA,NA,NA,9,252,168,42,2,31,59,2,7,126,21,TRUE,0.000138459898235213,2.4734905,21365517,21365518,21365738
"stage1_only","TS-RIGHT-TUNED","TS tuned K1cap in {2,5,15,25}, T1=40, T2=4, eta=0.5/L",12,21360517,5,0.703104200796254,0.462119726165415,0.209505892108554,6.92299491176067e-05,0.5,0.4,2,NA,40,4,NA,9,NA,NA,NA,NA,NA,NA,9,252,168,42,2,31,59,2,7,126,21,TRUE,0.000138459898235213,2.4734905,21365517,21365518,21365738
"stage1_only","TS-RIGHT-TUNED","TS tuned K1cap in {2,5,15,25}, T1=50, T2=4, eta=0.5/L",12,21360517,5,0.7041269015426,0.463456624390206,0.207204592042581,6.92299491176067e-05,0.5,0.4,2,NA,50,4,NA,9,NA,NA,NA,NA,NA,NA,9,252,168,42,2,31,59,2,7,126,21,TRUE,0.000138459898235213,2.4734905,21365517,21365518,21365738
"stage1_only","TS-RIGHT-TUNED","TS tuned K1cap in {2,5,15,25}, T1=60, T2=4, eta=0.5/L",12,21360517,5,0.704655654252817,0.464191431896095,0.206013471201483,6.92299491176067e-05,0.5,0.4,2,NA,60,4,NA,9,NA,NA,NA,NA,NA,NA,9,252,168,42,2,31,59,2,7,126,21,TRUE,0.000138459898235213,2.4734905,21365517,21365518,21365738
"stage1_only","TS-RIGHT-TUNED","TS tuned K1cap in {2,5,15,25}, T1=70, T2=4, eta=0.5/L",12,21360517,5,0.704876066750623,0.464574501136174,0.205516684087886,6.92299491176067e-05,0.5,0.4,2,NA,70,4,NA,9,NA,NA,NA,NA,NA,NA,9,252,168,42,2,31,59,2,7,126,21,TRUE,0.000138459898235213,2.4734905,21365517,21365518,21365738
"stage1_only","TS-RIGHT-TUNED","TS tuned K1cap in {2,5,15,25}, T1=80, T2=4, eta=0.5/L",12,21360517,5,0.704913381526001,0.464752210518818,0.205432565041792,6.92299491176067e-05,0.5,0.4,2,NA,80,4,NA,9,NA,NA,NA,NA,NA,NA,9,252,168,42,2,31,59,2,7,126,21,TRUE,0.000138459898235213,2.4734905,21365517,21365518,21365738
"stage1_only","TS-RIGHT-TUNED","TS tuned K1cap in {2,5,15,25}, T1=90, T2=4, eta=0.5/L",12,21360517,5,0.704845027048116,0.464810242064601,0.205586653786005,6.92299491176067e-05,0.5,0.4,2,NA,90,4,NA,9,NA,NA,NA,NA,NA,NA,9,252,168,42,2,31,59,2,7,126,21,TRUE,0.000138459898235213,2.4734905,21365517,21365518,21365738
"stage1_only","TS-RIGHT-TUNED","TS tuned K1cap in {2,5,15,25}, T1=100, T2=4, eta=0.5/L",12,21360517,5,0.704717419731486,0.464798896125926,0.205874273830353,6.92299491176067e-05,0.5,0.4,2,NA,100,4,NA,9,NA,NA,NA,NA,NA,NA,9,252,168,42,2,31,59,2,7,126,21,TRUE,0.000138459898235213,2.4734905,21365517,21365518,21365738
"after_stage2","TS-RIGHT-TUNED","TS tuned K1cap in {2,5,15,25}, T1=0, T2=4, eta=0.5/L",13,21460517,1,1.13189298867741,0.647962546964252,0.0696802974303732,6.48355743656894e-05,0.5,0.4,2,NA,0,4,NA,8,NA,NA,NA,NA,NA,NA,8,252,167,41,2,31,53,2,7,126,20.5,TRUE,0.000129671148731379,2.485022,21461517,21461518,21461738
"after_stage2","TS-RIGHT-TUNED","TS tuned K1cap in {2,5,15,25}, T1=10, T2=4, eta=0.5/L",13,21460517,1,1.00470933144215,0.634125864680114,0.267002740556089,6.48355743656894e-05,0.5,0.4,2,NA,10,4,NA,8,NA,NA,NA,NA,NA,NA,8,252,167,41,2,31,53,2,7,126,20.5,TRUE,0.000129671148731379,2.485022,21461517,21461518,21461738
"after_stage2","TS-RIGHT-TUNED","TS tuned K1cap in {2,5,15,25}, T1=20, T2=4, eta=0.5/L",13,21460517,1,0.977445745815305,0.638915597628385,0.306243922583171,6.48355743656894e-05,0.5,0.4,2,NA,20,4,NA,8,NA,NA,NA,NA,NA,NA,8,252,167,41,2,31,53,2,7,126,20.5,TRUE,0.000129671148731379,2.485022,21461517,21461518,21461738
"after_stage2","TS-RIGHT-TUNED","TS tuned K1cap in {2,5,15,25}, T1=30, T2=4, eta=0.5/L",13,21460517,1,0.96020315165598,0.637996869890989,0.330504390390586,6.48355743656894e-05,0.5,0.4,2,NA,30,4,NA,8,NA,NA,NA,NA,NA,NA,8,252,167,41,2,31,53,2,7,126,20.5,TRUE,0.000129671148731379,2.485022,21461517,21461518,21461738
"after_stage2","TS-RIGHT-TUNED","TS tuned K1cap in {2,5,15,25}, T1=40, T2=4, eta=0.5/L",13,21460517,1,0.941490352823058,0.629962112595303,0.356344880769734,6.48355743656894e-05,0.5,0.4,2,NA,40,4,NA,8,NA,NA,NA,NA,NA,NA,8,252,167,41,2,31,53,2,7,126,20.5,TRUE,0.000129671148731379,2.485022,21461517,21461518,21461738
"after_stage2","TS-RIGHT-TUNED","TS tuned K1cap in {2,5,15,25}, T1=50, T2=4, eta=0.5/L",13,21460517,1,0.932285088272493,0.629344197172044,0.368869810439145,6.48355743656894e-05,0.5,0.4,2,NA,50,4,NA,8,NA,NA,NA,NA,NA,NA,8,252,167,41,2,31,53,2,7,126,20.5,TRUE,0.000129671148731379,2.485022,21461517,21461518,21461738
"after_stage2","TS-RIGHT-TUNED","TS tuned K1cap in {2,5,15,25}, T1=60, T2=4, eta=0.5/L",13,21460517,1,0.925722658871904,0.629032922147214,0.377723690690961,6.48355743656894e-05,0.5,0.4,2,NA,60,4,NA,8,NA,NA,NA,NA,NA,NA,8,252,167,41,2,31,53,2,7,126,20.5,TRUE,0.000129671148731379,2.485022,21461517,21461518,21461738
"after_stage2","TS-RIGHT-TUNED","TS tuned K1cap in {2,5,15,25}, T1=70, T2=4, eta=0.5/L",13,21460517,1,0.920969535681804,0.628723552960018,0.384097441249744,6.48355743656894e-05,0.5,0.4,2,NA,70,4,NA,8,NA,NA,NA,NA,NA,NA,8,252,167,41,2,31,53,2,7,126,20.5,TRUE,0.000129671148731379,2.485022,21461517,21461518,21461738
"after_stage2","TS-RIGHT-TUNED","TS tuned K1cap in {2,5,15,25}, T1=80, T2=4, eta=0.5/L",13,21460517,1,0.917482548112417,0.628871450238396,0.388752489571134,6.48355743656894e-05,0.5,0.4,2,NA,80,4,NA,8,NA,NA,NA,NA,NA,NA,8,252,167,41,2,31,53,2,7,126,20.5,TRUE,0.000129671148731379,2.485022,21461517,21461518,21461738
"after_stage2","TS-RIGHT-TUNED","TS tuned K1cap in {2,5,15,25}, T1=90, T2=4, eta=0.5/L",13,21460517,1,0.914894456309371,0.628982928920081,0.392196115659681,6.48355743656894e-05,0.5,0.4,2,NA,90,4,NA,8,NA,NA,NA,NA,NA,NA,8,252,167,41,2,31,53,2,7,126,20.5,TRUE,0.000129671148731379,2.485022,21461517,21461518,21461738
"after_stage2","TS-RIGHT-TUNED","TS tuned K1cap in {2,5,15,25}, T1=100, T2=4, eta=0.5/L",13,21460517,1,0.91295263134169,0.629067449645575,0.394773453921561,6.48355743656894e-05,0.5,0.4,2,NA,100,4,NA,8,NA,NA,NA,NA,NA,NA,8,252,167,41,2,31,53,2,7,126,20.5,TRUE,0.000129671148731379,2.485022,21461517,21461518,21461738
"stage1_only","TS-RIGHT-TUNED","TS tuned K1cap in {2,5,15,25}, T1=0, T2=4, eta=0.5/L",13,21460517,1,1.18976449089244,0.668496285714286,-0.027882531011324,6.48355743656894e-05,0.5,0.4,2,NA,0,4,NA,8,NA,NA,NA,NA,NA,NA,0,252,167,41,2,31,53,2,7,126,20.5,TRUE,0.000129671148731379,2.485022,21461517,21461518,21461738
"stage1_only","TS-RIGHT-TUNED","TS tuned K1cap in {2,5,15,25}, T1=10, T2=4, eta=0.5/L",13,21460517,1,1.00450976049218,0.633619272112758,0.267293910203119,6.48355743656894e-05,0.5,0.4,2,NA,10,4,NA,8,NA,NA,NA,NA,NA,NA,8,252,167,41,2,31,53,2,7,126,20.5,TRUE,0.000129671148731379,2.485022,21461517,21461518,21461738
"stage1_only","TS-RIGHT-TUNED","TS tuned K1cap in {2,5,15,25}, T1=20, T2=4, eta=0.5/L",13,21460517,1,0.967262299717964,0.643147905621026,0.320624312405437,6.48355743656894e-05,0.5,0.4,2,NA,20,4,NA,8,NA,NA,NA,NA,NA,NA,8,252,167,41,2,31,53,2,7,126,20.5,TRUE,0.000129671148731379,2.485022,21461517,21461518,21461738
"stage1_only","TS-RIGHT-TUNED","TS tuned K1cap in {2,5,15,25}, T1=30, T2=4, eta=0.5/L",13,21460517,1,0.946081234419815,0.644832333036125,0.350052412957921,6.48355743656894e-05,0.5,0.4,2,NA,30,4,NA,8,NA,NA,NA,NA,NA,NA,8,252,167,41,2,31,53,2,7,126,20.5,TRUE,0.000129671148731379,2.485022,21461517,21461518,21461738
"stage1_only","TS-RIGHT-TUNED","TS tuned K1cap in {2,5,15,25}, T1=40, T2=4, eta=0.5/L",13,21460517,1,0.933542918890728,0.646186073866876,0.367165631283158,6.48355743656894e-05,0.5,0.4,2,NA,40,4,NA,8,NA,NA,NA,NA,NA,NA,8,252,167,41,2,31,53,2,7,126,20.5,TRUE,0.000129671148731379,2.485022,21461517,21461518,21461738
"stage1_only","TS-RIGHT-TUNED","TS tuned K1cap in {2,5,15,25}, T1=50, T2=4, eta=0.5/L",13,21460517,1,0.925574331935139,0.646244697993607,0.377923087223682,6.48355743656894e-05,0.5,0.4,2,NA,50,4,NA,8,NA,NA,NA,NA,NA,NA,8,252,167,41,2,31,53,2,7,126,20.5,TRUE,0.000129671148731379,2.485022,21461517,21461518,21461738
"stage1_only","TS-RIGHT-TUNED","TS tuned K1cap in {2,5,15,25}, T1=60, T2=4, eta=0.5/L",13,21460517,1,0.920221445030895,0.645848415043002,0.385097612911147,6.48355743656894e-05,0.5,0.4,2,NA,60,4,NA,8,NA,NA,NA,NA,NA,NA,8,252,167,41,2,31,53,2,7,126,20.5,TRUE,0.000129671148731379,2.485022,21461517,21461518,21461738
"stage1_only","TS-RIGHT-TUNED","TS tuned K1cap in {2,5,15,25}, T1=70, T2=4, eta=0.5/L",13,21460517,1,0.916559672965995,0.645638278619227,0.389981551478603,6.48355743656894e-05,0.5,0.4,2,NA,70,4,NA,8,NA,NA,NA,NA,NA,NA,8,252,167,41,2,31,53,2,7,126,20.5,TRUE,0.000129671148731379,2.485022,21461517,21461518,21461738
"stage1_only","TS-RIGHT-TUNED","TS tuned K1cap in {2,5,15,25}, T1=80, T2=4, eta=0.5/L",13,21460517,1,0.914037157536383,0.645823909871532,0.393334663144471,6.48355743656894e-05,0.5,0.4,2,NA,80,4,NA,8,NA,NA,NA,NA,NA,NA,8,252,167,41,2,31,53,2,7,126,20.5,TRUE,0.000129671148731379,2.485022,21461517,21461518,21461738
"stage1_only","TS-RIGHT-TUNED","TS tuned K1cap in {2,5,15,25}, T1=90, T2=4, eta=0.5/L",13,21460517,1,0.912291024243457,0.646295698017342,0.395650338601725,6.48355743656894e-05,0.5,0.4,2,NA,90,4,NA,8,NA,NA,NA,NA,NA,NA,8,252,167,41,2,31,53,2,7,126,20.5,TRUE,0.000129671148731379,2.485022,21461517,21461518,21461738
"stage1_only","TS-RIGHT-TUNED","TS tuned K1cap in {2,5,15,25}, T1=100, T2=4, eta=0.5/L",13,21460517,1,0.911076218902672,0.646679139959228,0.39725876917686,6.48355743656894e-05,0.5,0.4,2,NA,100,4,NA,8,NA,NA,NA,NA,NA,NA,8,252,167,41,2,31,53,2,7,126,20.5,TRUE,0.000129671148731379,2.485022,21461517,21461518,21461738
"after_stage2","TS-RIGHT-TUNED","TS tuned K1cap in {2,5,15,25}, T1=0, T2=4, eta=0.5/L",13,21460517,2,0.678176165441746,0.464444318650772,0.106342942162873,6.41224337964508e-05,0.5,0.4,2,NA,0,4,NA,8,NA,NA,NA,NA,NA,NA,8,252,167,41,2,31,53,2,7,126,20.5,TRUE,0.000128244867592902,2.477898,21462517,21462518,21462738
"after_stage2","TS-RIGHT-TUNED","TS tuned K1cap in {2,5,15,25}, T1=10, T2=4, eta=0.5/L",13,21460517,2,0.668026241351384,0.461417997132619,0.132892604484231,6.41224337964508e-05,0.5,0.4,25,NA,10,4,NA,8,NA,NA,NA,NA,NA,NA,8,252,167,41,25,31,53,2,7,10.08,20.5,TRUE,0.000128244867592902,2.477898,21462517,21462518,21462738
"after_stage2","TS-RIGHT-TUNED","TS tuned K1cap in {2,5,15,25}, T1=20, T2=4, eta=0.5/L",13,21460517,2,0.674120653591147,0.468046547916012,0.116999171194346,6.41224337964508e-05,0.5,0.4,15,NA,20,4,NA,8,NA,NA,NA,NA,NA,NA,8,252,167,41,15,31,53,2,7,16.8,20.5,TRUE,0.000128244867592902,2.477898,21462517,21462518,21462738
"after_stage2","TS-RIGHT-TUNED","TS tuned K1cap in {2,5,15,25}, T1=30, T2=4, eta=0.5/L",13,21460517,2,0.671830462029988,0.465787850223609,0.122988621165716,6.41224337964508e-05,0.5,0.4,25,NA,30,4,NA,8,NA,NA,NA,NA,NA,NA,8,252,167,41,25,31,53,2,7,10.08,20.5,TRUE,0.000128244867592902,2.477898,21462517,21462518,21462738
"after_stage2","TS-RIGHT-TUNED","TS tuned K1cap in {2,5,15,25}, T1=40, T2=4, eta=0.5/L",13,21460517,2,0.669054515540805,0.471842790995746,0.130221121464118,6.41224337964508e-05,0.5,0.4,5,NA,40,4,NA,8,NA,NA,NA,NA,NA,NA,8,252,167,41,5,31,53,2,7,50.4,20.5,TRUE,0.000128244867592902,2.477898,21462517,21462518,21462738
"after_stage2","TS-RIGHT-TUNED","TS tuned K1cap in {2,5,15,25}, T1=50, T2=4, eta=0.5/L",13,21460517,2,0.671001018337948,0.474058082696024,0.125152805592094,6.41224337964508e-05,0.5,0.4,5,NA,50,4,NA,8,NA,NA,NA,NA,NA,NA,8,252,167,41,5,31,53,2,7,50.4,20.5,TRUE,0.000128244867592902,2.477898,21462517,21462518,21462738
"after_stage2","TS-RIGHT-TUNED","TS tuned K1cap in {2,5,15,25}, T1=60, T2=4, eta=0.5/L",13,21460517,2,0.672996073831332,0.476130293652369,0.119942788425856,6.41224337964508e-05,0.5,0.4,5,NA,60,4,NA,8,NA,NA,NA,NA,NA,NA,8,252,167,41,5,31,53,2,7,50.4,20.5,TRUE,0.000128244867592902,2.477898,21462517,21462518,21462738
"after_stage2","TS-RIGHT-TUNED","TS tuned K1cap in {2,5,15,25}, T1=70, T2=4, eta=0.5/L",13,21460517,2,0.674875334267104,0.477816453996778,0.115021018861097,6.41224337964508e-05,0.5,0.4,5,NA,70,4,NA,8,NA,NA,NA,NA,NA,NA,8,252,167,41,5,31,53,2,7,50.4,20.5,TRUE,0.000128244867592902,2.477898,21462517,21462518,21462738
"after_stage2","TS-RIGHT-TUNED","TS tuned K1cap in {2,5,15,25}, T1=80, T2=4, eta=0.5/L",13,21460517,2,0.673257874666476,0.470777005530217,0.119257956714092,6.41224337964508e-05,0.5,0.4,5,NA,80,4,NA,8,NA,NA,NA,NA,NA,NA,8,252,167,41,5,31,53,2,7,50.4,20.5,TRUE,0.000128244867592902,2.477898,21462517,21462518,21462738
"after_stage2","TS-RIGHT-TUNED","TS tuned K1cap in {2,5,15,25}, T1=90, T2=4, eta=0.5/L",13,21460517,2,0.676416703284685,0.47255900127549,0.110973939807865,6.41224337964508e-05,0.5,0.4,5,NA,90,4,NA,8,NA,NA,NA,NA,NA,NA,8,252,167,41,5,31,53,2,7,50.4,20.5,TRUE,0.000128244867592902,2.477898,21462517,21462518,21462738
"after_stage2","TS-RIGHT-TUNED","TS tuned K1cap in {2,5,15,25}, T1=100, T2=4, eta=0.5/L",13,21460517,2,0.677838786988282,0.471522481200863,0.107231872374021,6.41224337964508e-05,0.5,0.4,25,NA,100,4,NA,8,NA,NA,NA,NA,NA,NA,8,252,167,41,25,31,53,2,7,10.08,20.5,TRUE,0.000128244867592902,2.477898,21462517,21462518,21462738
"stage1_only","TS-RIGHT-TUNED","TS tuned K1cap in {2,5,15,25}, T1=0, T2=4, eta=0.5/L",13,21460517,2,0.725954393124376,0.489387438095238,-0.0240107605015469,6.41224337964508e-05,0.5,0.4,2,NA,0,4,NA,8,NA,NA,NA,NA,NA,NA,0,252,167,41,2,31,53,2,7,126,20.5,TRUE,0.000128244867592902,2.477898,21462517,21462518,21462738
"stage1_only","TS-RIGHT-TUNED","TS tuned K1cap in {2,5,15,25}, T1=10, T2=4, eta=0.5/L",13,21460517,2,0.673058403029095,0.464346325147214,0.11977976875243,6.41224337964508e-05,0.5,0.4,15,NA,10,4,NA,8,NA,NA,NA,NA,NA,NA,8,252,167,41,15,31,53,2,7,16.8,20.5,TRUE,0.000128244867592902,2.477898,21462517,21462518,21462738
"stage1_only","TS-RIGHT-TUNED","TS tuned K1cap in {2,5,15,25}, T1=20, T2=4, eta=0.5/L",13,21460517,2,0.678474373705022,0.468694616285237,0.105556849921112,6.41224337964508e-05,0.5,0.4,15,NA,20,4,NA,8,NA,NA,NA,NA,NA,NA,8,252,167,41,15,31,53,2,7,16.8,20.5,TRUE,0.000128244867592902,2.477898,21462517,21462518,21462738
"stage1_only","TS-RIGHT-TUNED","TS tuned K1cap in {2,5,15,25}, T1=30, T2=4, eta=0.5/L",13,21460517,2,0.685664030021752,0.474177645211568,0.0864999430819701,6.41224337964508e-05,0.5,0.4,15,NA,30,4,NA,8,NA,NA,NA,NA,NA,NA,8,252,167,41,15,31,53,2,7,16.8,20.5,TRUE,0.000128244867592902,2.477898,21462517,21462518,21462738
"stage1_only","TS-RIGHT-TUNED","TS tuned K1cap in {2,5,15,25}, T1=40, T2=4, eta=0.5/L",13,21460517,2,0.688821626429956,0.479055211601036,0.0780669318975361,6.41224337964508e-05,0.5,0.4,25,NA,40,4,NA,8,NA,NA,NA,NA,NA,NA,8,252,167,41,25,31,53,2,7,10.08,20.5,TRUE,0.000128244867592902,2.477898,21462517,21462518,21462738
"stage1_only","TS-RIGHT-TUNED","TS tuned K1cap in {2,5,15,25}, T1=50, T2=4, eta=0.5/L",13,21460517,2,0.690932405288421,0.480689167076994,0.0724080549242732,6.41224337964508e-05,0.5,0.4,25,NA,50,4,NA,8,NA,NA,NA,NA,NA,NA,8,252,167,41,25,31,53,2,7,10.08,20.5,TRUE,0.000128244867592902,2.477898,21462517,21462518,21462738
"stage1_only","TS-RIGHT-TUNED","TS tuned K1cap in {2,5,15,25}, T1=60, T2=4, eta=0.5/L",13,21460517,2,0.692720183501907,0.481939958203072,0.0676015815003689,6.41224337964508e-05,0.5,0.4,25,NA,60,4,NA,8,NA,NA,NA,NA,NA,NA,8,252,167,41,25,31,53,2,7,10.08,20.5,TRUE,0.000128244867592902,2.477898,21462517,21462518,21462738
"stage1_only","TS-RIGHT-TUNED","TS tuned K1cap in {2,5,15,25}, T1=70, T2=4, eta=0.5/L",13,21460517,2,0.693712632769697,0.482588376297359,0.0649280026938855,6.41224337964508e-05,0.5,0.4,25,NA,70,4,NA,8,NA,NA,NA,NA,NA,NA,8,252,167,41,25,31,53,2,7,10.08,20.5,TRUE,0.000128244867592902,2.477898,21462517,21462518,21462738
"stage1_only","TS-RIGHT-TUNED","TS tuned K1cap in {2,5,15,25}, T1=80, T2=4, eta=0.5/L",13,21460517,2,0.694142264726898,0.482843505365864,0.0637694214724973,6.41224337964508e-05,0.5,0.4,25,NA,80,4,NA,8,NA,NA,NA,NA,NA,NA,8,252,167,41,25,31,53,2,7,10.08,20.5,TRUE,0.000128244867592902,2.477898,21462517,21462518,21462738
"stage1_only","TS-RIGHT-TUNED","TS tuned K1cap in {2,5,15,25}, T1=90, T2=4, eta=0.5/L",13,21460517,2,0.694207383456743,0.482851750094876,0.0635937542962282,6.41224337964508e-05,0.5,0.4,25,NA,90,4,NA,8,NA,NA,NA,NA,NA,NA,8,252,167,41,25,31,53,2,7,10.08,20.5,TRUE,0.000128244867592902,2.477898,21462517,21462518,21462738
"stage1_only","TS-RIGHT-TUNED","TS tuned K1cap in {2,5,15,25}, T1=100, T2=4, eta=0.5/L",13,21460517,2,0.694051772182503,0.482710549457032,0.0640135108157628,6.41224337964508e-05,0.5,0.4,25,NA,100,4,NA,8,NA,NA,NA,NA,NA,NA,8,252,167,41,25,31,53,2,7,10.08,20.5,TRUE,0.000128244867592902,2.477898,21462517,21462518,21462738
"after_stage2","TS-RIGHT-TUNED","TS tuned K1cap in {2,5,15,25}, T1=0, T2=4, eta=0.5/L",13,21460517,3,0.733306892560614,0.504236650370954,0.217764510395697,7.25222138273636e-05,0.5,0.4,2,NA,0,4,NA,30,NA,NA,NA,NA,NA,NA,30,252,167,41,2,31,197,2,7,126,20.5,TRUE,0.000145044427654727,2.455286,21463517,21463518,21463738
"after_stage2","TS-RIGHT-TUNED","TS tuned K1cap in {2,5,15,25}, T1=10, T2=4, eta=0.5/L",13,21460517,3,0.724339913627633,0.493882286079101,0.236778114041615,7.25222138273636e-05,0.5,0.4,25,NA,10,4,NA,30,NA,NA,NA,NA,NA,NA,30,252,167,41,25,31,197,2,7,10.08,20.5,TRUE,0.000145044427654727,2.455286,21463517,21463518,21463738
"after_stage2","TS-RIGHT-TUNED","TS tuned K1cap in {2,5,15,25}, T1=20, T2=4, eta=0.5/L",13,21460517,3,0.730154289705723,0.496113593891529,0.224475961856043,7.25222138273636e-05,0.5,0.4,15,NA,20,4,NA,30,NA,NA,NA,NA,NA,NA,30,252,167,41,15,31,197,2,7,16.8,20.5,TRUE,0.000145044427654727,2.455286,21463517,21463518,21463738
"after_stage2","TS-RIGHT-TUNED","TS tuned K1cap in {2,5,15,25}, T1=30, T2=4, eta=0.5/L",13,21460517,3,0.728076941895594,0.494030639120476,0.228882541192542,7.25222138273636e-05,0.5,0.4,25,NA,30,4,NA,30,NA,NA,NA,NA,NA,NA,30,252,167,41,25,31,197,2,7,10.08,20.5,TRUE,0.000145044427654727,2.455286,21463517,21463518,21463738
"after_stage2","TS-RIGHT-TUNED","TS tuned K1cap in {2,5,15,25}, T1=40, T2=4, eta=0.5/L",13,21460517,3,0.726706302802771,0.4903060328629,0.231783138146283,7.25222138273636e-05,0.5,0.4,25,NA,40,4,NA,30,NA,NA,NA,NA,NA,NA,30,252,167,41,25,31,197,2,7,10.08,20.5,TRUE,0.000145044427654727,2.455286,21463517,21463518,21463738
"after_stage2","TS-RIGHT-TUNED","TS tuned K1cap in {2,5,15,25}, T1=50, T2=4, eta=0.5/L",13,21460517,3,0.727669160740253,0.493271453105798,0.22974607385625,7.25222138273636e-05,0.5,0.4,25,NA,50,4,NA,30,NA,NA,NA,NA,NA,NA,30,252,167,41,25,31,197,2,7,10.08,20.5,TRUE,0.000145044427654727,2.455286,21463517,21463518,21463738
"after_stage2","TS-RIGHT-TUNED","TS tuned K1cap in {2,5,15,25}, T1=60, T2=4, eta=0.5/L",13,21460517,3,0.729090562178217,0.499014123922378,0.226733965038337,7.25222138273636e-05,0.5,0.4,25,NA,60,4,NA,30,NA,NA,NA,NA,NA,NA,30,252,167,41,25,31,197,2,7,10.08,20.5,TRUE,0.000145044427654727,2.455286,21463517,21463518,21463738
"after_stage2","TS-RIGHT-TUNED","TS tuned K1cap in {2,5,15,25}, T1=70, T2=4, eta=0.5/L",13,21460517,3,0.729360735775165,0.500786903995333,0.226160772117924,7.25222138273636e-05,0.5,0.4,25,NA,70,4,NA,30,NA,NA,NA,NA,NA,NA,30,252,167,41,25,31,197,2,7,10.08,20.5,TRUE,0.000145044427654727,2.455286,21463517,21463518,21463738
"after_stage2","TS-RIGHT-TUNED","TS tuned K1cap in {2,5,15,25}, T1=80, T2=4, eta=0.5/L",13,21460517,3,0.729046114151869,0.502142362045926,0.226828244413805,7.25222138273636e-05,0.5,0.4,25,NA,80,4,NA,30,NA,NA,NA,NA,NA,NA,30,252,167,41,25,31,197,2,7,10.08,20.5,TRUE,0.000145044427654727,2.455286,21463517,21463518,21463738
"after_stage2","TS-RIGHT-TUNED","TS tuned K1cap in {2,5,15,25}, T1=90, T2=4, eta=0.5/L",13,21460517,3,0.729029194635632,0.503360430833443,0.226864131143108,7.25222138273636e-05,0.5,0.4,25,NA,90,4,NA,30,NA,NA,NA,NA,NA,NA,30,252,167,41,25,31,197,2,7,10.08,20.5,TRUE,0.000145044427654727,2.455286,21463517,21463518,21463738
"after_stage2","TS-RIGHT-TUNED","TS tuned K1cap in {2,5,15,25}, T1=100, T2=4, eta=0.5/L",13,21460517,3,0.729429169065712,0.504807844022906,0.226015552211031,7.25222138273636e-05,0.5,0.4,25,NA,100,4,NA,30,NA,NA,NA,NA,NA,NA,30,252,167,41,25,31,197,2,7,10.08,20.5,TRUE,0.000145044427654727,2.455286,21463517,21463518,21463738
"stage1_only","TS-RIGHT-TUNED","TS tuned K1cap in {2,5,15,25}, T1=0, T2=4, eta=0.5/L",13,21460517,3,0.8293219807469,0.542332285714286,-0.00048903708771153,7.25222138273636e-05,0.5,0.4,2,NA,0,4,NA,30,NA,NA,NA,NA,NA,NA,0,252,167,41,2,31,197,2,7,126,20.5,TRUE,0.000145044427654727,2.455286,21463517,21463518,21463738
"stage1_only","TS-RIGHT-TUNED","TS tuned K1cap in {2,5,15,25}, T1=10, T2=4, eta=0.5/L",13,21460517,3,0.737259067490735,0.491415390798416,0.209310035293534,7.25222138273636e-05,0.5,0.4,15,NA,10,4,NA,30,NA,NA,NA,NA,NA,NA,30,252,167,41,15,31,197,2,7,16.8,20.5,TRUE,0.000145044427654727,2.455286,21463517,21463518,21463738
"stage1_only","TS-RIGHT-TUNED","TS tuned K1cap in {2,5,15,25}, T1=20, T2=4, eta=0.5/L",13,21460517,3,0.731298561854125,0.494887442610483,0.222043309116456,7.25222138273636e-05,0.5,0.4,15,NA,20,4,NA,30,NA,NA,NA,NA,NA,NA,30,252,167,41,15,31,197,2,7,16.8,20.5,TRUE,0.000145044427654727,2.455286,21463517,21463518,21463738
"stage1_only","TS-RIGHT-TUNED","TS tuned K1cap in {2,5,15,25}, T1=30, T2=4, eta=0.5/L",13,21460517,3,0.731357483563546,0.49785775832066,0.221917942030809,7.25222138273636e-05,0.5,0.4,15,NA,30,4,NA,30,NA,NA,NA,NA,NA,NA,30,252,167,41,15,31,197,2,7,16.8,20.5,TRUE,0.000145044427654727,2.455286,21463517,21463518,21463738
"stage1_only","TS-RIGHT-TUNED","TS tuned K1cap in {2,5,15,25}, T1=40, T2=4, eta=0.5/L",13,21460517,3,0.731919566699994,0.50003449005582,0.220721496040066,7.25222138273636e-05,0.5,0.4,15,NA,40,4,NA,30,NA,NA,NA,NA,NA,NA,30,252,167,41,15,31,197,2,7,16.8,20.5,TRUE,0.000145044427654727,2.455286,21463517,21463518,21463738
"stage1_only","TS-RIGHT-TUNED","TS tuned K1cap in {2,5,15,25}, T1=50, T2=4, eta=0.5/L",13,21460517,3,0.732471055463343,0.500981998092802,0.219546707804738,7.25222138273636e-05,0.5,0.4,15,NA,50,4,NA,30,NA,NA,NA,NA,NA,NA,30,252,167,41,15,31,197,2,7,16.8,20.5,TRUE,0.000145044427654727,2.455286,21463517,21463518,21463738
"stage1_only","TS-RIGHT-TUNED","TS tuned K1cap in {2,5,15,25}, T1=60, T2=4, eta=0.5/L",13,21460517,3,0.733270815069172,0.503355494982391,0.217841477897987,7.25222138273636e-05,0.5,0.4,15,NA,60,4,NA,30,NA,NA,NA,NA,NA,NA,30,252,167,41,15,31,197,2,7,16.8,20.5,TRUE,0.000145044427654727,2.455286,21463517,21463518,21463738
"stage1_only","TS-RIGHT-TUNED","TS tuned K1cap in {2,5,15,25}, T1=70, T2=4, eta=0.5/L",13,21460517,3,0.734207898407131,0.504632112751639,0.21584108175825,7.25222138273636e-05,0.5,0.4,15,NA,70,4,NA,30,NA,NA,NA,NA,NA,NA,30,252,167,41,15,31,197,2,7,16.8,20.5,TRUE,0.000145044427654727,2.455286,21463517,21463518,21463738
"stage1_only","TS-RIGHT-TUNED","TS tuned K1cap in {2,5,15,25}, T1=80, T2=4, eta=0.5/L",13,21460517,3,0.736012248865361,0.505889773775796,0.211982130921234,7.25222138273636e-05,0.5,0.4,15,NA,80,4,NA,30,NA,NA,NA,NA,NA,NA,30,252,167,41,15,31,197,2,7,16.8,20.5,TRUE,0.000145044427654727,2.455286,21463517,21463518,21463738
"stage1_only","TS-RIGHT-TUNED","TS tuned K1cap in {2,5,15,25}, T1=90, T2=4, eta=0.5/L",13,21460517,3,0.737705813898947,0.507482145151383,0.208351498625488,7.25222138273636e-05,0.5,0.4,15,NA,90,4,NA,30,NA,NA,NA,NA,NA,NA,30,252,167,41,15,31,197,2,7,16.8,20.5,TRUE,0.000145044427654727,2.455286,21463517,21463518,21463738
"stage1_only","TS-RIGHT-TUNED","TS tuned K1cap in {2,5,15,25}, T1=100, T2=4, eta=0.5/L",13,21460517,3,0.739736694893657,0.509598573117496,0.203986731804113,7.25222138273636e-05,0.5,0.4,15,NA,100,4,NA,30,NA,NA,NA,NA,NA,NA,30,252,167,41,15,31,197,2,7,16.8,20.5,TRUE,0.000145044427654727,2.455286,21463517,21463518,21463738
"after_stage2","TS-RIGHT-TUNED","TS tuned K1cap in {2,5,15,25}, T1=0, T2=4, eta=0.5/L",13,21460517,4,1.22952364718657,0.585765563674372,0.117989284208924,6.39611058389715e-05,0.5,0.4,2,NA,0,4,NA,32,NA,NA,NA,NA,NA,NA,32,252,167,41,2,31,210,2,7,126,20.5,TRUE,0.000127922211677943,2.455286,21464517,21464518,21464738
"after_stage2","TS-RIGHT-TUNED","TS tuned K1cap in {2,5,15,25}, T1=10, T2=4, eta=0.5/L",13,21460517,4,1.13472060715943,0.570936802222875,0.248761263213658,6.39611058389715e-05,0.5,0.4,2,NA,10,4,NA,32,NA,NA,NA,NA,NA,NA,32,252,167,41,2,31,210,2,7,126,20.5,TRUE,0.000127922211677943,2.455286,21464517,21464518,21464738
"after_stage2","TS-RIGHT-TUNED","TS tuned K1cap in {2,5,15,25}, T1=20, T2=4, eta=0.5/L",13,21460517,4,1.10783397875601,0.560578253912833,0.283939936586251,6.39611058389715e-05,0.5,0.4,2,NA,20,4,NA,32,NA,NA,NA,NA,NA,NA,32,252,167,41,2,31,210,2,7,126,20.5,TRUE,0.000127922211677943,2.455286,21464517,21464518,21464738
"after_stage2","TS-RIGHT-TUNED","TS tuned K1cap in {2,5,15,25}, T1=30, T2=4, eta=0.5/L",13,21460517,4,1.09274861648202,0.550668367330682,0.303308325975505,6.39611058389715e-05,0.5,0.4,2,NA,30,4,NA,32,NA,NA,NA,NA,NA,NA,32,252,167,41,2,31,210,2,7,126,20.5,TRUE,0.000127922211677943,2.455286,21464517,21464518,21464738
"after_stage2","TS-RIGHT-TUNED","TS tuned K1cap in {2,5,15,25}, T1=40, T2=4, eta=0.5/L",13,21460517,4,1.08602314362151,0.550036972480714,0.311857706586133,6.39611058389715e-05,0.5,0.4,2,NA,40,4,NA,32,NA,NA,NA,NA,NA,NA,32,252,167,41,2,31,210,2,7,126,20.5,TRUE,0.000127922211677943,2.455286,21464517,21464518,21464738
"after_stage2","TS-RIGHT-TUNED","TS tuned K1cap in {2,5,15,25}, T1=50, T2=4, eta=0.5/L",13,21460517,4,1.08208119819887,0.553121708184334,0.316844149781725,6.39611058389715e-05,0.5,0.4,2,NA,50,4,NA,32,NA,NA,NA,NA,NA,NA,32,252,167,41,2,31,210,2,7,126,20.5,TRUE,0.000127922211677943,2.455286,21464517,21464518,21464738
"after_stage2","TS-RIGHT-TUNED","TS tuned K1cap in {2,5,15,25}, T1=60, T2=4, eta=0.5/L",13,21460517,4,1.07906751613958,0.554692006542233,0.320644137346337,6.39611058389715e-05,0.5,0.4,2,NA,60,4,NA,32,NA,NA,NA,NA,NA,NA,32,252,167,41,2,31,210,2,7,126,20.5,TRUE,0.000127922211677943,2.455286,21464517,21464518,21464738
"after_stage2","TS-RIGHT-TUNED","TS tuned K1cap in {2,5,15,25}, T1=70, T2=4, eta=0.5/L",13,21460517,4,1.07789355537887,0.558650616158018,0.322121530145402,6.39611058389715e-05,0.5,0.4,2,NA,70,4,NA,32,NA,NA,NA,NA,NA,NA,32,252,167,41,2,31,210,2,7,126,20.5,TRUE,0.000127922211677943,2.455286,21464517,21464518,21464738
"after_stage2","TS-RIGHT-TUNED","TS tuned K1cap in {2,5,15,25}, T1=80, T2=4, eta=0.5/L",13,21460517,4,1.07753269655399,0.561183295197914,0.322575336516097,6.39611058389715e-05,0.5,0.4,2,NA,80,4,NA,32,NA,NA,NA,NA,NA,NA,32,252,167,41,2,31,210,2,7,126,20.5,TRUE,0.000127922211677943,2.455286,21464517,21464518,21464738
"after_stage2","TS-RIGHT-TUNED","TS tuned K1cap in {2,5,15,25}, T1=90, T2=4, eta=0.5/L",13,21460517,4,1.07615678278145,0.564815253497315,0.324304254509705,6.39611058389715e-05,0.5,0.4,2,NA,90,4,NA,32,NA,NA,NA,NA,NA,NA,32,252,167,41,2,31,210,2,7,126,20.5,TRUE,0.000127922211677943,2.455286,21464517,21464518,21464738
"after_stage2","TS-RIGHT-TUNED","TS tuned K1cap in {2,5,15,25}, T1=100, T2=4, eta=0.5/L",13,21460517,4,1.07489038272726,0.566780071213547,0.325893609622806,6.39611058389715e-05,0.5,0.4,2,NA,100,4,NA,32,NA,NA,NA,NA,NA,NA,32,252,167,41,2,31,210,2,7,126,20.5,TRUE,0.000127922211677943,2.455286,21464517,21464518,21464738
"stage1_only","TS-RIGHT-TUNED","TS tuned K1cap in {2,5,15,25}, T1=0, T2=4, eta=0.5/L",13,21460517,4,1.31563955572995,0.6260932,-0.00988968102461563,6.39611058389715e-05,0.5,0.4,2,NA,0,4,NA,32,NA,NA,NA,NA,NA,NA,0,252,167,41,2,31,210,2,7,126,20.5,TRUE,0.000127922211677943,2.455286,21464517,21464518,21464738
"stage1_only","TS-RIGHT-TUNED","TS tuned K1cap in {2,5,15,25}, T1=10, T2=4, eta=0.5/L",13,21460517,4,1.12115598492208,0.565114883132973,0.266614753484386,6.39611058389715e-05,0.5,0.4,2,NA,10,4,NA,32,NA,NA,NA,NA,NA,NA,32,252,167,41,2,31,210,2,7,126,20.5,TRUE,0.000127922211677943,2.455286,21464517,21464518,21464738
"stage1_only","TS-RIGHT-TUNED","TS tuned K1cap in {2,5,15,25}, T1=20, T2=4, eta=0.5/L",13,21460517,4,1.09010659699315,0.571026929252961,0.306673139779683,6.39611058389715e-05,0.5,0.4,2,NA,20,4,NA,32,NA,NA,NA,NA,NA,NA,32,252,167,41,2,31,210,2,7,126,20.5,TRUE,0.000127922211677943,2.455286,21464517,21464518,21464738
"stage1_only","TS-RIGHT-TUNED","TS tuned K1cap in {2,5,15,25}, T1=30, T2=4, eta=0.5/L",13,21460517,4,1.07371081160229,0.567641132280637,0.327372309495291,6.39611058389715e-05,0.5,0.4,2,NA,30,4,NA,32,NA,NA,NA,NA,NA,NA,32,252,167,41,2,31,210,2,7,126,20.5,TRUE,0.000127922211677943,2.455286,21464517,21464518,21464738
"stage1_only","TS-RIGHT-TUNED","TS tuned K1cap in {2,5,15,25}, T1=40, T2=4, eta=0.5/L",13,21460517,4,1.06502910323284,0.568326189744958,0.338205671550107,6.39611058389715e-05,0.5,0.4,2,NA,40,4,NA,32,NA,NA,NA,NA,NA,NA,32,252,167,41,2,31,210,2,7,126,20.5,TRUE,0.000127922211677943,2.455286,21464517,21464518,21464738
"stage1_only","TS-RIGHT-TUNED","TS tuned K1cap in {2,5,15,25}, T1=50, T2=4, eta=0.5/L",13,21460517,4,1.05923772109316,0.5702471998646,0.345383471975281,6.39611058389715e-05,0.5,0.4,2,NA,50,4,NA,32,NA,NA,NA,NA,NA,NA,32,252,167,41,2,31,210,2,7,126,20.5,TRUE,0.000127922211677943,2.455286,21464517,21464518,21464738
"stage1_only","TS-RIGHT-TUNED","TS tuned K1cap in {2,5,15,25}, T1=60, T2=4, eta=0.5/L",13,21460517,4,1.05563880333892,0.57133040256564,0.349824229170659,6.39611058389715e-05,0.5,0.4,2,NA,60,4,NA,32,NA,NA,NA,NA,NA,NA,32,252,167,41,2,31,210,2,7,126,20.5,TRUE,0.000127922211677943,2.455286,21464517,21464518,21464738
"stage1_only","TS-RIGHT-TUNED","TS tuned K1cap in {2,5,15,25}, T1=70, T2=4, eta=0.5/L",13,21460517,4,1.05329476112997,0.572564223791986,0.352708449385288,6.39611058389715e-05,0.5,0.4,2,NA,70,4,NA,32,NA,NA,NA,NA,NA,NA,32,252,167,41,2,31,210,2,7,126,20.5,TRUE,0.000127922211677943,2.455286,21464517,21464518,21464738
"stage1_only","TS-RIGHT-TUNED","TS tuned K1cap in {2,5,15,25}, T1=80, T2=4, eta=0.5/L",13,21460517,4,1.05167733240988,0.57506877752611,0.354694871688975,6.39611058389715e-05,0.5,0.4,2,NA,80,4,NA,32,NA,NA,NA,NA,NA,NA,32,252,167,41,2,31,210,2,7,126,20.5,TRUE,0.000127922211677943,2.455286,21464517,21464518,21464738
"stage1_only","TS-RIGHT-TUNED","TS tuned K1cap in {2,5,15,25}, T1=90, T2=4, eta=0.5/L",13,21460517,4,1.05052204001873,0.577588017327505,0.356111858816535,6.39611058389715e-05,0.5,0.4,2,NA,90,4,NA,32,NA,NA,NA,NA,NA,NA,32,252,167,41,2,31,210,2,7,126,20.5,TRUE,0.000127922211677943,2.455286,21464517,21464518,21464738
"stage1_only","TS-RIGHT-TUNED","TS tuned K1cap in {2,5,15,25}, T1=100, T2=4, eta=0.5/L",13,21460517,4,1.0496808828536,0.579623332968976,0.357142573580786,6.39611058389715e-05,0.5,0.4,2,NA,100,4,NA,32,NA,NA,NA,NA,NA,NA,32,252,167,41,2,31,210,2,7,126,20.5,TRUE,0.000127922211677943,2.455286,21464517,21464518,21464738
"after_stage2","TS-RIGHT-TUNED","TS tuned K1cap in {2,5,15,25}, T1=0, T2=4, eta=0.5/L",13,21460517,5,0.603901821846147,0.430034985032492,0.155642643132874,7.02689301756202e-05,0.5,0.4,2,NA,0,4,NA,14,NA,NA,NA,NA,NA,NA,14,252,168,42,2,31,92,2,7,126,21,TRUE,0.00014053786035124,2.4705925,21465517,21465518,21465738
"after_stage2","TS-RIGHT-TUNED","TS tuned K1cap in {2,5,15,25}, T1=10, T2=4, eta=0.5/L",13,21460517,5,0.591712830152941,0.42270647851595,0.189383229191592,7.02689301756202e-05,0.5,0.4,15,NA,10,4,NA,14,NA,NA,NA,NA,NA,NA,14,252,168,42,15,31,92,2,7,16.8,21,TRUE,0.00014053786035124,2.4705925,21465517,21465518,21465738
"after_stage2","TS-RIGHT-TUNED","TS tuned K1cap in {2,5,15,25}, T1=20, T2=4, eta=0.5/L",13,21460517,5,0.586413769292241,0.417338062625691,0.203837110402317,7.02689301756202e-05,0.5,0.4,15,NA,20,4,NA,14,NA,NA,NA,NA,NA,NA,14,252,168,42,15,31,92,2,7,16.8,21,TRUE,0.00014053786035124,2.4705925,21465517,21465518,21465738
"after_stage2","TS-RIGHT-TUNED","TS tuned K1cap in {2,5,15,25}, T1=30, T2=4, eta=0.5/L",13,21460517,5,0.588644269956971,0.418327870443245,0.197768974659906,7.02689301756202e-05,0.5,0.4,15,NA,30,4,NA,14,NA,NA,NA,NA,NA,NA,14,252,168,42,15,31,92,2,7,16.8,21,TRUE,0.00014053786035124,2.4705925,21465517,21465518,21465738
"after_stage2","TS-RIGHT-TUNED","TS tuned K1cap in {2,5,15,25}, T1=40, T2=4, eta=0.5/L",13,21460517,5,0.588200859636039,0.419289035359029,0.198977118723169,7.02689301756202e-05,0.5,0.4,15,NA,40,4,NA,14,NA,NA,NA,NA,NA,NA,14,252,168,42,15,31,92,2,7,16.8,21,TRUE,0.00014053786035124,2.4705925,21465517,21465518,21465738
"after_stage2","TS-RIGHT-TUNED","TS tuned K1cap in {2,5,15,25}, T1=50, T2=4, eta=0.5/L",13,21460517,5,0.57622721713052,0.409770565555386,0.231257047525275,7.02689301756202e-05,0.5,0.4,15,NA,50,4,NA,14,NA,NA,NA,NA,NA,NA,14,252,168,42,15,31,92,2,7,16.8,21,TRUE,0.00014053786035124,2.4705925,21465517,21465518,21465738
"after_stage2","TS-RIGHT-TUNED","TS tuned K1cap in {2,5,15,25}, T1=60, T2=4, eta=0.5/L",13,21460517,5,0.578241020672701,0.413534866836642,0.22587444015766,7.02689301756202e-05,0.5,0.4,15,NA,60,4,NA,14,NA,NA,NA,NA,NA,NA,14,252,168,42,15,31,92,2,7,16.8,21,TRUE,0.00014053786035124,2.4705925,21465517,21465518,21465738
"after_stage2","TS-RIGHT-TUNED","TS tuned K1cap in {2,5,15,25}, T1=70, T2=4, eta=0.5/L",13,21460517,5,0.586326243458956,0.423712444237451,0.204074757004593,7.02689301756202e-05,0.5,0.4,15,NA,70,4,NA,14,NA,NA,NA,NA,NA,NA,14,252,168,42,15,31,92,2,7,16.8,21,TRUE,0.00014053786035124,2.4705925,21465517,21465518,21465738
"after_stage2","TS-RIGHT-TUNED","TS tuned K1cap in {2,5,15,25}, T1=80, T2=4, eta=0.5/L",13,21460517,5,0.589036102529499,0.42282422439782,0.196700604905317,7.02689301756202e-05,0.5,0.4,25,NA,80,4,NA,14,NA,NA,NA,NA,NA,NA,14,252,168,42,25,31,92,2,7,10.08,21,TRUE,0.00014053786035124,2.4705925,21465517,21465518,21465738
"after_stage2","TS-RIGHT-TUNED","TS tuned K1cap in {2,5,15,25}, T1=90, T2=4, eta=0.5/L",13,21460517,5,0.589032671425029,0.422745465300867,0.196709963231932,7.02689301756202e-05,0.5,0.4,25,NA,90,4,NA,14,NA,NA,NA,NA,NA,NA,14,252,168,42,25,31,92,2,7,10.08,21,TRUE,0.00014053786035124,2.4705925,21465517,21465518,21465738
"after_stage2","TS-RIGHT-TUNED","TS tuned K1cap in {2,5,15,25}, T1=100, T2=4, eta=0.5/L",13,21460517,5,0.5889490861986,0.42254029409332,0.196937924833978,7.02689301756202e-05,0.5,0.4,25,NA,100,4,NA,14,NA,NA,NA,NA,NA,NA,14,252,168,42,25,31,92,2,7,10.08,21,TRUE,0.00014053786035124,2.4705925,21465517,21465518,21465738
"stage1_only","TS-RIGHT-TUNED","TS tuned K1cap in {2,5,15,25}, T1=0, T2=4, eta=0.5/L",13,21460517,5,0.66109340817736,0.466140384615385,-0.0118572918747035,7.02689301756202e-05,0.5,0.4,2,NA,0,4,NA,14,NA,NA,NA,NA,NA,NA,0,252,168,42,2,31,92,2,7,126,21,TRUE,0.00014053786035124,2.4705925,21465517,21465518,21465738
"stage1_only","TS-RIGHT-TUNED","TS tuned K1cap in {2,5,15,25}, T1=10, T2=4, eta=0.5/L",13,21460517,5,0.604897993225632,0.425838320990839,0.152854711900818,7.02689301756202e-05,0.5,0.4,15,NA,10,4,NA,14,NA,NA,NA,NA,NA,NA,14,252,168,42,15,31,92,2,7,16.8,21,TRUE,0.00014053786035124,2.4705925,21465517,21465518,21465738
"stage1_only","TS-RIGHT-TUNED","TS tuned K1cap in {2,5,15,25}, T1=20, T2=4, eta=0.5/L",13,21460517,5,0.59544177631744,0.420114295024109,0.179134099053802,7.02689301756202e-05,0.5,0.4,15,NA,20,4,NA,14,NA,NA,NA,NA,NA,NA,14,252,168,42,15,31,92,2,7,16.8,21,TRUE,0.00014053786035124,2.4705925,21465517,21465518,21465738
"stage1_only","TS-RIGHT-TUNED","TS tuned K1cap in {2,5,15,25}, T1=30, T2=4, eta=0.5/L",13,21460517,5,0.590292144603528,0.416674252655124,0.193271091535047,7.02689301756202e-05,0.5,0.4,15,NA,30,4,NA,14,NA,NA,NA,NA,NA,NA,14,252,168,42,15,31,92,2,7,16.8,21,TRUE,0.00014053786035124,2.4705925,21465517,21465518,21465738
"stage1_only","TS-RIGHT-TUNED","TS tuned K1cap in {2,5,15,25}, T1=40, T2=4, eta=0.5/L",13,21460517,5,0.587635600915562,0.415240408816243,0.200515938665855,7.02689301756202e-05,0.5,0.4,15,NA,40,4,NA,14,NA,NA,NA,NA,NA,NA,14,252,168,42,15,31,92,2,7,16.8,21,TRUE,0.00014053786035124,2.4705925,21465517,21465518,21465738
"stage1_only","TS-RIGHT-TUNED","TS tuned K1cap in {2,5,15,25}, T1=50, T2=4, eta=0.5/L",13,21460517,5,0.586918441865222,0.415642041875481,0.202466151901867,7.02689301756202e-05,0.5,0.4,15,NA,50,4,NA,14,NA,NA,NA,NA,NA,NA,14,252,168,42,15,31,92,2,7,16.8,21,TRUE,0.00014053786035124,2.4705925,21465517,21465518,21465738
"stage1_only","TS-RIGHT-TUNED","TS tuned K1cap in {2,5,15,25}, T1=60, T2=4, eta=0.5/L",13,21460517,5,0.589331390622664,0.417838054923807,0.195895003340881,7.02689301756202e-05,0.5,0.4,15,NA,60,4,NA,14,NA,NA,NA,NA,NA,NA,14,252,168,42,15,31,92,2,7,16.8,21,TRUE,0.00014053786035124,2.4705925,21465517,21465518,21465738
"stage1_only","TS-RIGHT-TUNED","TS tuned K1cap in {2,5,15,25}, T1=70, T2=4, eta=0.5/L",13,21460517,5,0.590401740753896,0.419705366729642,0.192971502285005,7.02689301756202e-05,0.5,0.4,15,NA,70,4,NA,14,NA,NA,NA,NA,NA,NA,14,252,168,42,15,31,92,2,7,16.8,21,TRUE,0.00014053786035124,2.4705925,21465517,21465518,21465738
"stage1_only","TS-RIGHT-TUNED","TS tuned K1cap in {2,5,15,25}, T1=80, T2=4, eta=0.5/L",13,21460517,5,0.589895232764899,0.418053488481557,0.194355614194198,7.02689301756202e-05,0.5,0.4,15,NA,80,4,NA,14,NA,NA,NA,NA,NA,NA,14,252,168,42,15,31,92,2,7,16.8,21,TRUE,0.00014053786035124,2.4705925,21465517,21465518,21465738
"stage1_only","TS-RIGHT-TUNED","TS tuned K1cap in {2,5,15,25}, T1=90, T2=4, eta=0.5/L",13,21460517,5,0.59004298030618,0.418612518878556,0.193951993764155,7.02689301756202e-05,0.5,0.4,15,NA,90,4,NA,14,NA,NA,NA,NA,NA,NA,14,252,168,42,15,31,92,2,7,16.8,21,TRUE,0.00014053786035124,2.4705925,21465517,21465518,21465738
"stage1_only","TS-RIGHT-TUNED","TS tuned K1cap in {2,5,15,25}, T1=100, T2=4, eta=0.5/L",13,21460517,5,0.589873618516744,0.41955099845746,0.19441465206293,7.02689301756202e-05,0.5,0.4,15,NA,100,4,NA,14,NA,NA,NA,NA,NA,NA,14,252,168,42,15,31,92,2,7,16.8,21,TRUE,0.00014053786035124,2.4705925,21465517,21465518,21465738
"after_stage2","TS-RIGHT-TUNED","TS tuned K1cap in {2,5,15,25}, T1=0, T2=4, eta=0.5/L",14,21560517,1,0.775624722111883,0.520735870414902,0.168131138967161,6.54074761316677e-05,0.5,0.4,2,NA,0,4,NA,40,NA,NA,NA,NA,NA,NA,40,252,167,41,2,31,262,2,7,126,20.5,TRUE,0.000130814952263335,2.469759,21561517,21561518,21561738
"after_stage2","TS-RIGHT-TUNED","TS tuned K1cap in {2,5,15,25}, T1=10, T2=4, eta=0.5/L",14,21560517,1,0.765011836214155,0.505336289561209,0.190740343129495,6.54074761316677e-05,0.5,0.4,5,NA,10,4,NA,40,NA,NA,NA,NA,NA,NA,40,252,167,41,5,31,262,2,7,50.4,20.5,TRUE,0.000130814952263335,2.469759,21561517,21561518,21561738
"after_stage2","TS-RIGHT-TUNED","TS tuned K1cap in {2,5,15,25}, T1=20, T2=4, eta=0.5/L",14,21560517,1,0.754095624215755,0.501654062314786,0.213670764702423,6.54074761316677e-05,0.5,0.4,5,NA,20,4,NA,40,NA,NA,NA,NA,NA,NA,40,252,167,41,5,31,262,2,7,50.4,20.5,TRUE,0.000130814952263335,2.469759,21561517,21561518,21561738
"after_stage2","TS-RIGHT-TUNED","TS tuned K1cap in {2,5,15,25}, T1=30, T2=4, eta=0.5/L",14,21560517,1,0.745331144417542,0.497815115509348,0.231842775473211,6.54074761316677e-05,0.5,0.4,5,NA,30,4,NA,40,NA,NA,NA,NA,NA,NA,40,252,167,41,5,31,262,2,7,50.4,20.5,TRUE,0.000130814952263335,2.469759,21561517,21561518,21561738
"after_stage2","TS-RIGHT-TUNED","TS tuned K1cap in {2,5,15,25}, T1=40, T2=4, eta=0.5/L",14,21560517,1,0.742288735695967,0.498669902459765,0.238101143698411,6.54074761316677e-05,0.5,0.4,5,NA,40,4,NA,40,NA,NA,NA,NA,NA,NA,40,252,167,41,5,31,262,2,7,50.4,20.5,TRUE,0.000130814952263335,2.469759,21561517,21561518,21561738
"after_stage2","TS-RIGHT-TUNED","TS tuned K1cap in {2,5,15,25}, T1=50, T2=4, eta=0.5/L",14,21560517,1,0.743984051490864,0.502441295318523,0.23461696263673,6.54074761316677e-05,0.5,0.4,5,NA,50,4,NA,40,NA,NA,NA,NA,NA,NA,40,252,167,41,5,31,262,2,7,50.4,20.5,TRUE,0.000130814952263335,2.469759,21561517,21561518,21561738
"after_stage2","TS-RIGHT-TUNED","TS tuned K1cap in {2,5,15,25}, T1=60, T2=4, eta=0.5/L",14,21560517,1,0.747821930653008,0.50802625564371,0.226700061488381,6.54074761316677e-05,0.5,0.4,5,NA,60,4,NA,40,NA,NA,NA,NA,NA,NA,40,252,167,41,5,31,262,2,7,50.4,20.5,TRUE,0.000130814952263335,2.469759,21561517,21561518,21561738
"after_stage2","TS-RIGHT-TUNED","TS tuned K1cap in {2,5,15,25}, T1=70, T2=4, eta=0.5/L",14,21560517,1,0.755172849767134,0.516663925484086,0.211422617583966,6.54074761316677e-05,0.5,0.4,5,NA,70,4,NA,40,NA,NA,NA,NA,NA,NA,40,252,167,41,5,31,262,2,7,50.4,20.5,TRUE,0.000130814952263335,2.469759,21561517,21561518,21561738
"after_stage2","TS-RIGHT-TUNED","TS tuned K1cap in {2,5,15,25}, T1=80, T2=4, eta=0.5/L",14,21560517,1,0.757801896612352,0.522469111287075,0.205922378281259,6.54074761316677e-05,0.5,0.4,5,NA,80,4,NA,40,NA,NA,NA,NA,NA,NA,40,252,167,41,5,31,262,2,7,50.4,20.5,TRUE,0.000130814952263335,2.469759,21561517,21561518,21561738
"after_stage2","TS-RIGHT-TUNED","TS tuned K1cap in {2,5,15,25}, T1=90, T2=4, eta=0.5/L",14,21560517,1,0.761515660265617,0.512208273703185,0.19812022641793,6.54074761316677e-05,0.5,0.4,15,NA,90,4,NA,40,NA,NA,NA,NA,NA,NA,40,252,167,41,15,31,262,2,7,16.8,20.5,TRUE,0.000130814952263335,2.469759,21561517,21561518,21561738
"after_stage2","TS-RIGHT-TUNED","TS tuned K1cap in {2,5,15,25}, T1=100, T2=4, eta=0.5/L",14,21560517,1,0.759750596225742,0.508183882726192,0.20183316085564,6.54074761316677e-05,0.5,0.4,15,NA,100,4,NA,40,NA,NA,NA,NA,NA,NA,40,252,167,41,15,31,262,2,7,16.8,20.5,TRUE,0.000130814952263335,2.469759,21561517,21561518,21561738
"stage1_only","TS-RIGHT-TUNED","TS tuned K1cap in {2,5,15,25}, T1=0, T2=4, eta=0.5/L",14,21560517,1,0.85574808659965,0.557016447619048,-0.0126128980690197,6.54074761316677e-05,0.5,0.4,2,NA,0,4,NA,40,NA,NA,NA,NA,NA,NA,0,252,167,41,2,31,262,2,7,126,20.5,TRUE,0.000130814952263335,2.469759,21561517,21561518,21561738
"stage1_only","TS-RIGHT-TUNED","TS tuned K1cap in {2,5,15,25}, T1=10, T2=4, eta=0.5/L",14,21560517,1,0.776351258724182,0.51560215411345,0.166571966771435,6.54074761316677e-05,0.5,0.4,5,NA,10,4,NA,40,NA,NA,NA,NA,NA,NA,40,252,167,41,5,31,262,2,7,50.4,20.5,TRUE,0.000130814952263335,2.469759,21561517,21561518,21561738
"stage1_only","TS-RIGHT-TUNED","TS tuned K1cap in {2,5,15,25}, T1=20, T2=4, eta=0.5/L",14,21560517,1,0.760548751595688,0.511409706196314,0.200155252910643,6.54074761316677e-05,0.5,0.4,5,NA,20,4,NA,40,NA,NA,NA,NA,NA,NA,40,252,167,41,5,31,262,2,7,50.4,20.5,TRUE,0.000130814952263335,2.469759,21561517,21561518,21561738
"stage1_only","TS-RIGHT-TUNED","TS tuned K1cap in {2,5,15,25}, T1=30, T2=4, eta=0.5/L",14,21560517,1,0.753010097080677,0.511668232150742,0.21593299067355,6.54074761316677e-05,0.5,0.4,5,NA,30,4,NA,40,NA,NA,NA,NA,NA,NA,40,252,167,41,5,31,262,2,7,50.4,20.5,TRUE,0.000130814952263335,2.469759,21561517,21561518,21561738
"stage1_only","TS-RIGHT-TUNED","TS tuned K1cap in {2,5,15,25}, T1=40, T2=4, eta=0.5/L",14,21560517,1,0.750297019702863,0.512743756561829,0.221572761737613,6.54074761316677e-05,0.5,0.4,5,NA,40,4,NA,40,NA,NA,NA,NA,NA,NA,40,252,167,41,5,31,262,2,7,50.4,20.5,TRUE,0.000130814952263335,2.469759,21561517,21561518,21561738
"stage1_only","TS-RIGHT-TUNED","TS tuned K1cap in {2,5,15,25}, T1=50, T2=4, eta=0.5/L",14,21560517,1,0.752230437170885,0.516274111770054,0.217555782043685,6.54074761316677e-05,0.5,0.4,5,NA,50,4,NA,40,NA,NA,NA,NA,NA,NA,40,252,167,41,5,31,262,2,7,50.4,20.5,TRUE,0.000130814952263335,2.469759,21561517,21561518,21561738
"stage1_only","TS-RIGHT-TUNED","TS tuned K1cap in {2,5,15,25}, T1=60, T2=4, eta=0.5/L",14,21560517,1,0.756863046802804,0.523156246849544,0.207888743925553,6.54074761316677e-05,0.5,0.4,5,NA,60,4,NA,40,NA,NA,NA,NA,NA,NA,40,252,167,41,5,31,262,2,7,50.4,20.5,TRUE,0.000130814952263335,2.469759,21561517,21561518,21561738
"stage1_only","TS-RIGHT-TUNED","TS tuned K1cap in {2,5,15,25}, T1=70, T2=4, eta=0.5/L",14,21560517,1,0.763150263002635,0.505309562036028,0.194674042138719,6.54074761316677e-05,0.5,0.4,2,NA,70,4,NA,40,NA,NA,NA,NA,NA,NA,40,252,167,41,2,31,262,2,7,126,20.5,TRUE,0.000130814952263335,2.469759,21561517,21561518,21561738
"stage1_only","TS-RIGHT-TUNED","TS tuned K1cap in {2,5,15,25}, T1=80, T2=4, eta=0.5/L",14,21560517,1,0.764512956588519,0.508390486448028,0.191795468024447,6.54074761316677e-05,0.5,0.4,2,NA,80,4,NA,40,NA,NA,NA,NA,NA,NA,40,252,167,41,2,31,262,2,7,126,20.5,TRUE,0.000130814952263335,2.469759,21561517,21561518,21561738
"stage1_only","TS-RIGHT-TUNED","TS tuned K1cap in {2,5,15,25}, T1=90, T2=4, eta=0.5/L",14,21560517,1,0.765249286597318,0.509984498829142,0.190237896426276,6.54074761316677e-05,0.5,0.4,2,NA,90,4,NA,40,NA,NA,NA,NA,NA,NA,40,252,167,41,2,31,262,2,7,126,20.5,TRUE,0.000130814952263335,2.469759,21561517,21561518,21561738
"stage1_only","TS-RIGHT-TUNED","TS tuned K1cap in {2,5,15,25}, T1=100, T2=4, eta=0.5/L",14,21560517,1,0.765681072692559,0.511239727326283,0.189323834394749,6.54074761316677e-05,0.5,0.4,2,NA,100,4,NA,40,NA,NA,NA,NA,NA,NA,40,252,167,41,2,31,262,2,7,126,20.5,TRUE,0.000130814952263335,2.469759,21561517,21561518,21561738
"after_stage2","TS-RIGHT-TUNED","TS tuned K1cap in {2,5,15,25}, T1=0, T2=4, eta=0.5/L",14,21560517,2,1.01597468066573,0.54886578927039,0.0756806757420859,6.9029240113218e-05,0.5,0.4,2,NA,0,4,NA,14,NA,NA,NA,NA,NA,NA,14,252,167,41,2,31,92,2,7,126,20.5,TRUE,0.000138058480226436,2.458379,21562517,21562518,21562738
"after_stage2","TS-RIGHT-TUNED","TS tuned K1cap in {2,5,15,25}, T1=10, T2=4, eta=0.5/L",14,21560517,2,0.990558930425975,0.594579012757709,0.121348007322843,6.9029240113218e-05,0.5,0.4,5,NA,10,4,NA,14,NA,NA,NA,NA,NA,NA,14,252,167,41,5,31,92,2,7,50.4,20.5,TRUE,0.000138058480226436,2.458379,21562517,21562518,21562738
"after_stage2","TS-RIGHT-TUNED","TS tuned K1cap in {2,5,15,25}, T1=20, T2=4, eta=0.5/L",14,21560517,2,0.993975476684134,0.601307274665697,0.115276420622524,6.9029240113218e-05,0.5,0.4,2,NA,20,4,NA,14,NA,NA,NA,NA,NA,NA,14,252,167,41,2,31,92,2,7,126,20.5,TRUE,0.000138058480226436,2.458379,21562517,21562518,21562738
"after_stage2","TS-RIGHT-TUNED","TS tuned K1cap in {2,5,15,25}, T1=30, T2=4, eta=0.5/L",14,21560517,2,0.987106303560693,0.59715244101779,0.127462475476007,6.9029240113218e-05,0.5,0.4,5,NA,30,4,NA,14,NA,NA,NA,NA,NA,NA,14,252,167,41,5,31,92,2,7,50.4,20.5,TRUE,0.000138058480226436,2.458379,21562517,21562518,21562738
"after_stage2","TS-RIGHT-TUNED","TS tuned K1cap in {2,5,15,25}, T1=40, T2=4, eta=0.5/L",14,21560517,2,0.986133381712855,0.595056121379245,0.129181626618105,6.9029240113218e-05,0.5,0.4,5,NA,40,4,NA,14,NA,NA,NA,NA,NA,NA,14,252,167,41,5,31,92,2,7,50.4,20.5,TRUE,0.000138058480226436,2.458379,21562517,21562518,21562738
"after_stage2","TS-RIGHT-TUNED","TS tuned K1cap in {2,5,15,25}, T1=50, T2=4, eta=0.5/L",14,21560517,2,0.990962625073171,0.597137706001268,0.120631685710132,6.9029240113218e-05,0.5,0.4,5,NA,50,4,NA,14,NA,NA,NA,NA,NA,NA,14,252,167,41,5,31,92,2,7,50.4,20.5,TRUE,0.000138058480226436,2.458379,21562517,21562518,21562738
"after_stage2","TS-RIGHT-TUNED","TS tuned K1cap in {2,5,15,25}, T1=60, T2=4, eta=0.5/L",14,21560517,2,0.987299525459115,0.590256004240476,0.127120850957869,6.9029240113218e-05,0.5,0.4,5,NA,60,4,NA,14,NA,NA,NA,NA,NA,NA,14,252,167,41,5,31,92,2,7,50.4,20.5,TRUE,0.000138058480226436,2.458379,21562517,21562518,21562738
"after_stage2","TS-RIGHT-TUNED","TS tuned K1cap in {2,5,15,25}, T1=70, T2=4, eta=0.5/L",14,21560517,2,0.987470099306731,0.589813993345823,0.126819213586703,6.9029240113218e-05,0.5,0.4,5,NA,70,4,NA,14,NA,NA,NA,NA,NA,NA,14,252,167,41,5,31,92,2,7,50.4,20.5,TRUE,0.000138058480226436,2.458379,21562517,21562518,21562738
"after_stage2","TS-RIGHT-TUNED","TS tuned K1cap in {2,5,15,25}, T1=80, T2=4, eta=0.5/L",14,21560517,2,0.987664207588423,0.589251128463415,0.126475895281125,6.9029240113218e-05,0.5,0.4,5,NA,80,4,NA,14,NA,NA,NA,NA,NA,NA,14,252,167,41,5,31,92,2,7,50.4,20.5,TRUE,0.000138058480226436,2.458379,21562517,21562518,21562738
"after_stage2","TS-RIGHT-TUNED","TS tuned K1cap in {2,5,15,25}, T1=90, T2=4, eta=0.5/L",14,21560517,2,0.990711811498929,0.591852838663986,0.121076767275764,6.9029240113218e-05,0.5,0.4,5,NA,90,4,NA,14,NA,NA,NA,NA,NA,NA,14,252,167,41,5,31,92,2,7,50.4,20.5,TRUE,0.000138058480226436,2.458379,21562517,21562518,21562738
"after_stage2","TS-RIGHT-TUNED","TS tuned K1cap in {2,5,15,25}, T1=100, T2=4, eta=0.5/L",14,21560517,2,0.987616625005978,0.588501990845199,0.126560060589914,6.9029240113218e-05,0.5,0.4,5,NA,100,4,NA,14,NA,NA,NA,NA,NA,NA,14,252,167,41,5,31,92,2,7,50.4,20.5,TRUE,0.000138058480226436,2.458379,21562517,21562518,21562738
"stage1_only","TS-RIGHT-TUNED","TS tuned K1cap in {2,5,15,25}, T1=0, T2=4, eta=0.5/L",14,21560517,2,1.06170856602988,0.536065638095238,-0.00940837909020154,6.9029240113218e-05,0.5,0.4,2,NA,0,4,NA,14,NA,NA,NA,NA,NA,NA,0,252,167,41,2,31,92,2,7,126,20.5,TRUE,0.000138058480226436,2.458379,21562517,21562518,21562738
"stage1_only","TS-RIGHT-TUNED","TS tuned K1cap in {2,5,15,25}, T1=10, T2=4, eta=0.5/L",14,21560517,2,0.972709795281132,0.574267953047259,0.152728025376398,6.9029240113218e-05,0.5,0.4,5,NA,10,4,NA,14,NA,NA,NA,NA,NA,NA,14,252,167,41,5,31,92,2,7,50.4,20.5,TRUE,0.000138058480226436,2.458379,21562517,21562518,21562738
"stage1_only","TS-RIGHT-TUNED","TS tuned K1cap in {2,5,15,25}, T1=20, T2=4, eta=0.5/L",14,21560517,2,0.979572477397468,0.589009425211847,0.140730470192893,6.9029240113218e-05,0.5,0.4,5,NA,20,4,NA,14,NA,NA,NA,NA,NA,NA,14,252,167,41,5,31,92,2,7,50.4,20.5,TRUE,0.000138058480226436,2.458379,21562517,21562518,21562738
"stage1_only","TS-RIGHT-TUNED","TS tuned K1cap in {2,5,15,25}, T1=30, T2=4, eta=0.5/L",14,21560517,2,0.979622170208704,0.587892375614353,0.140643288075012,6.9029240113218e-05,0.5,0.4,5,NA,30,4,NA,14,NA,NA,NA,NA,NA,NA,14,252,167,41,5,31,92,2,7,50.4,20.5,TRUE,0.000138058480226436,2.458379,21562517,21562518,21562738
"stage1_only","TS-RIGHT-TUNED","TS tuned K1cap in {2,5,15,25}, T1=40, T2=4, eta=0.5/L",14,21560517,2,0.97879242632908,0.585246471072653,0.142098428673948,6.9029240113218e-05,0.5,0.4,5,NA,40,4,NA,14,NA,NA,NA,NA,NA,NA,14,252,167,41,5,31,92,2,7,50.4,20.5,TRUE,0.000138058480226436,2.458379,21562517,21562518,21562738
"stage1_only","TS-RIGHT-TUNED","TS tuned K1cap in {2,5,15,25}, T1=50, T2=4, eta=0.5/L",14,21560517,2,0.977943291447145,0.582888308011284,0.143586299119517,6.9029240113218e-05,0.5,0.4,5,NA,50,4,NA,14,NA,NA,NA,NA,NA,NA,14,252,167,41,5,31,92,2,7,50.4,20.5,TRUE,0.000138058480226436,2.458379,21562517,21562518,21562738
"stage1_only","TS-RIGHT-TUNED","TS tuned K1cap in {2,5,15,25}, T1=60, T2=4, eta=0.5/L",14,21560517,2,0.977273908616154,0.580540276990085,0.144758294340695,6.9029240113218e-05,0.5,0.4,5,NA,60,4,NA,14,NA,NA,NA,NA,NA,NA,14,252,167,41,5,31,92,2,7,50.4,20.5,TRUE,0.000138058480226436,2.458379,21562517,21562518,21562738
"stage1_only","TS-RIGHT-TUNED","TS tuned K1cap in {2,5,15,25}, T1=70, T2=4, eta=0.5/L",14,21560517,2,0.976762928768048,0.578757055269064,0.145652408108805,6.9029240113218e-05,0.5,0.4,5,NA,70,4,NA,14,NA,NA,NA,NA,NA,NA,14,252,167,41,5,31,92,2,7,50.4,20.5,TRUE,0.000138058480226436,2.458379,21562517,21562518,21562738
"stage1_only","TS-RIGHT-TUNED","TS tuned K1cap in {2,5,15,25}, T1=80, T2=4, eta=0.5/L",14,21560517,2,0.97638649946052,0.577349662593235,0.14631078588466,6.9029240113218e-05,0.5,0.4,5,NA,80,4,NA,14,NA,NA,NA,NA,NA,NA,14,252,167,41,5,31,92,2,7,50.4,20.5,TRUE,0.000138058480226436,2.458379,21562517,21562518,21562738
"stage1_only","TS-RIGHT-TUNED","TS tuned K1cap in {2,5,15,25}, T1=90, T2=4, eta=0.5/L",14,21560517,2,0.971606644968889,0.571483113286096,0.154648718154746,6.9029240113218e-05,0.5,0.4,5,NA,90,4,NA,14,NA,NA,NA,NA,NA,NA,14,252,167,41,5,31,92,2,7,50.4,20.5,TRUE,0.000138058480226436,2.458379,21562517,21562518,21562738
"stage1_only","TS-RIGHT-TUNED","TS tuned K1cap in {2,5,15,25}, T1=100, T2=4, eta=0.5/L",14,21560517,2,0.969680237275825,0.569902956684124,0.157997556521937,6.9029240113218e-05,0.5,0.4,5,NA,100,4,NA,14,NA,NA,NA,NA,NA,NA,14,252,167,41,5,31,92,2,7,50.4,20.5,TRUE,0.000138058480226436,2.458379,21562517,21562518,21562738
"after_stage2","TS-RIGHT-TUNED","TS tuned K1cap in {2,5,15,25}, T1=0, T2=4, eta=0.5/L",14,21560517,3,0.835266131461331,0.503948821891441,0.203350693229701,7.01992221542607e-05,0.5,0.4,2,NA,0,4,NA,8,NA,NA,NA,NA,NA,NA,8,252,167,41,2,31,53,2,7,126,20.5,TRUE,0.000140398444308521,2.44818,21563517,21563518,21563738
"after_stage2","TS-RIGHT-TUNED","TS tuned K1cap in {2,5,15,25}, T1=10, T2=4, eta=0.5/L",14,21560517,3,0.831442757858103,0.531424412105476,0.210627216589635,7.01992221542607e-05,0.5,0.4,2,NA,10,4,NA,8,NA,NA,NA,NA,NA,NA,8,252,167,41,2,31,53,2,7,126,20.5,TRUE,0.000140398444308521,2.44818,21563517,21563518,21563738
"after_stage2","TS-RIGHT-TUNED","TS tuned K1cap in {2,5,15,25}, T1=20, T2=4, eta=0.5/L",14,21560517,3,0.825514224067027,0.537629820763823,0.221844197265696,7.01992221542607e-05,0.5,0.4,2,NA,20,4,NA,8,NA,NA,NA,NA,NA,NA,8,252,167,41,2,31,53,2,7,126,20.5,TRUE,0.000140398444308521,2.44818,21563517,21563518,21563738
"after_stage2","TS-RIGHT-TUNED","TS tuned K1cap in {2,5,15,25}, T1=30, T2=4, eta=0.5/L",14,21560517,3,0.821888972094566,0.540323752352587,0.228663744479776,7.01992221542607e-05,0.5,0.4,2,NA,30,4,NA,8,NA,NA,NA,NA,NA,NA,8,252,167,41,2,31,53,2,7,126,20.5,TRUE,0.000140398444308521,2.44818,21563517,21563518,21563738
"after_stage2","TS-RIGHT-TUNED","TS tuned K1cap in {2,5,15,25}, T1=40, T2=4, eta=0.5/L",14,21560517,3,0.819412607321898,0.541590814630877,0.233304839322857,7.01992221542607e-05,0.5,0.4,2,NA,40,4,NA,8,NA,NA,NA,NA,NA,NA,8,252,167,41,2,31,53,2,7,126,20.5,TRUE,0.000140398444308521,2.44818,21563517,21563518,21563738
"after_stage2","TS-RIGHT-TUNED","TS tuned K1cap in {2,5,15,25}, T1=50, T2=4, eta=0.5/L",14,21560517,3,0.814642197377697,0.536698368459714,0.242205858950161,7.01992221542607e-05,0.5,0.4,2,NA,50,4,NA,8,NA,NA,NA,NA,NA,NA,8,252,167,41,2,31,53,2,7,126,20.5,TRUE,0.000140398444308521,2.44818,21563517,21563518,21563738
"after_stage2","TS-RIGHT-TUNED","TS tuned K1cap in {2,5,15,25}, T1=60, T2=4, eta=0.5/L",14,21560517,3,0.812518956091674,0.53495100385755,0.246150862120594,7.01992221542607e-05,0.5,0.4,2,NA,60,4,NA,8,NA,NA,NA,NA,NA,NA,8,252,167,41,2,31,53,2,7,126,20.5,TRUE,0.000140398444308521,2.44818,21563517,21563518,21563738
"after_stage2","TS-RIGHT-TUNED","TS tuned K1cap in {2,5,15,25}, T1=70, T2=4, eta=0.5/L",14,21560517,3,0.808353786828047,0.53093167670445,0.25385987928695,7.01992221542607e-05,0.5,0.4,2,NA,70,4,NA,8,NA,NA,NA,NA,NA,NA,8,252,167,41,2,31,53,2,7,126,20.5,TRUE,0.000140398444308521,2.44818,21563517,21563518,21563738
"after_stage2","TS-RIGHT-TUNED","TS tuned K1cap in {2,5,15,25}, T1=80, T2=4, eta=0.5/L",14,21560517,3,0.808106437944091,0.532278807516103,0.254316433564969,7.01992221542607e-05,0.5,0.4,2,NA,80,4,NA,8,NA,NA,NA,NA,NA,NA,8,252,167,41,2,31,53,2,7,126,20.5,TRUE,0.000140398444308521,2.44818,21563517,21563518,21563738
"after_stage2","TS-RIGHT-TUNED","TS tuned K1cap in {2,5,15,25}, T1=90, T2=4, eta=0.5/L",14,21560517,3,0.801519944290777,0.534450046754661,0.266422325647007,7.01992221542607e-05,0.5,0.4,2,NA,90,4,NA,8,NA,NA,NA,NA,NA,NA,8,252,167,41,2,31,53,2,7,126,20.5,TRUE,0.000140398444308521,2.44818,21563517,21563518,21563738
"after_stage2","TS-RIGHT-TUNED","TS tuned K1cap in {2,5,15,25}, T1=100, T2=4, eta=0.5/L",14,21560517,3,0.801327680539651,0.535038701421022,0.2667742157789,7.01992221542607e-05,0.5,0.4,2,NA,100,4,NA,8,NA,NA,NA,NA,NA,NA,8,252,167,41,2,31,53,2,7,126,20.5,TRUE,0.000140398444308521,2.44818,21563517,21563518,21563738
"stage1_only","TS-RIGHT-TUNED","TS tuned K1cap in {2,5,15,25}, T1=0, T2=4, eta=0.5/L",14,21560517,3,0.936602504802941,0.531633257142857,-0.00167784582331176,7.01992221542607e-05,0.5,0.4,2,NA,0,4,NA,8,NA,NA,NA,NA,NA,NA,0,252,167,41,2,31,53,2,7,126,20.5,TRUE,0.000140398444308521,2.44818,21563517,21563518,21563738
"stage1_only","TS-RIGHT-TUNED","TS tuned K1cap in {2,5,15,25}, T1=10, T2=4, eta=0.5/L",14,21560517,3,0.84373478427244,0.52982616427006,0.187114556490692,7.01992221542607e-05,0.5,0.4,2,NA,10,4,NA,8,NA,NA,NA,NA,NA,NA,8,252,167,41,2,31,53,2,7,126,20.5,TRUE,0.000140398444308521,2.44818,21563517,21563518,21563738
"stage1_only","TS-RIGHT-TUNED","TS tuned K1cap in {2,5,15,25}, T1=20, T2=4, eta=0.5/L",14,21560517,3,0.834729162711123,0.539567817381364,0.204374650179669,7.01992221542607e-05,0.5,0.4,2,NA,20,4,NA,8,NA,NA,NA,NA,NA,NA,8,252,167,41,2,31,53,2,7,126,20.5,TRUE,0.000140398444308521,2.44818,21563517,21563518,21563738
"stage1_only","TS-RIGHT-TUNED","TS tuned K1cap in {2,5,15,25}, T1=30, T2=4, eta=0.5/L",14,21560517,3,0.830016870313783,0.543545940849981,0.213332373785333,7.01992221542607e-05,0.5,0.4,2,NA,30,4,NA,8,NA,NA,NA,NA,NA,NA,8,252,167,41,2,31,53,2,7,126,20.5,TRUE,0.000140398444308521,2.44818,21563517,21563518,21563738
"stage1_only","TS-RIGHT-TUNED","TS tuned K1cap in {2,5,15,25}, T1=40, T2=4, eta=0.5/L",14,21560517,3,0.82696495783396,0.5453572048018,0.219106779034298,7.01992221542607e-05,0.5,0.4,2,NA,40,4,NA,8,NA,NA,NA,NA,NA,NA,8,252,167,41,2,31,53,2,7,126,20.5,TRUE,0.000140398444308521,2.44818,21563517,21563518,21563738
"stage1_only","TS-RIGHT-TUNED","TS tuned K1cap in {2,5,15,25}, T1=50, T2=4, eta=0.5/L",14,21560517,3,0.824857083182372,0.546342470164247,0.223082587707556,7.01992221542607e-05,0.5,0.4,2,NA,50,4,NA,8,NA,NA,NA,NA,NA,NA,8,252,167,41,2,31,53,2,7,126,20.5,TRUE,0.000140398444308521,2.44818,21563517,21563518,21563738
"stage1_only","TS-RIGHT-TUNED","TS tuned K1cap in {2,5,15,25}, T1=60, T2=4, eta=0.5/L",14,21560517,3,0.818609503410169,0.537912601725199,0.234806974234306,7.01992221542607e-05,0.5,0.4,2,NA,60,4,NA,8,NA,NA,NA,NA,NA,NA,8,252,167,41,2,31,53,2,7,126,20.5,TRUE,0.000140398444308521,2.44818,21563517,21563518,21563738
"stage1_only","TS-RIGHT-TUNED","TS tuned K1cap in {2,5,15,25}, T1=70, T2=4, eta=0.5/L",14,21560517,3,0.817905478698079,0.541560825574499,0.236122578666683,7.01992221542607e-05,0.5,0.4,2,NA,70,4,NA,8,NA,NA,NA,NA,NA,NA,8,252,167,41,2,31,53,2,7,126,20.5,TRUE,0.000140398444308521,2.44818,21563517,21563518,21563738
"stage1_only","TS-RIGHT-TUNED","TS tuned K1cap in {2,5,15,25}, T1=80, T2=4, eta=0.5/L",14,21560517,3,0.817740436339424,0.543089919780713,0.236430828005488,7.01992221542607e-05,0.5,0.4,2,NA,80,4,NA,8,NA,NA,NA,NA,NA,NA,8,252,167,41,2,31,53,2,7,126,20.5,TRUE,0.000140398444308521,2.44818,21563517,21563518,21563738
"stage1_only","TS-RIGHT-TUNED","TS tuned K1cap in {2,5,15,25}, T1=90, T2=4, eta=0.5/L",14,21560517,3,0.817526316451297,0.5438723510475,0.236830646660251,7.01992221542607e-05,0.5,0.4,2,NA,90,4,NA,8,NA,NA,NA,NA,NA,NA,8,252,167,41,2,31,53,2,7,126,20.5,TRUE,0.000140398444308521,2.44818,21563517,21563518,21563738
"stage1_only","TS-RIGHT-TUNED","TS tuned K1cap in {2,5,15,25}, T1=100, T2=4, eta=0.5/L",14,21560517,3,0.817286401289641,0.544380692203893,0.237278507552302,7.01992221542607e-05,0.5,0.4,2,NA,100,4,NA,8,NA,NA,NA,NA,NA,NA,8,252,167,41,2,31,53,2,7,126,20.5,TRUE,0.000140398444308521,2.44818,21563517,21563518,21563738
"after_stage2","TS-RIGHT-TUNED","TS tuned K1cap in {2,5,15,25}, T1=0, T2=4, eta=0.5/L",14,21560517,4,1.08007145929674,0.561797339382619,0.121894022356371,6.50331672826285e-05,0.5,0.4,2,NA,0,4,NA,44,NA,NA,NA,NA,NA,NA,44,252,167,41,2,31,289,2,7,126,20.5,TRUE,0.000130066334565257,2.475555,21564517,21564518,21564738
"after_stage2","TS-RIGHT-TUNED","TS tuned K1cap in {2,5,15,25}, T1=10, T2=4, eta=0.5/L",14,21560517,4,0.950267333773388,0.532625115692643,0.320274513807039,6.50331672826285e-05,0.5,0.4,2,NA,10,4,NA,44,NA,NA,NA,NA,NA,NA,44,252,167,41,2,31,289,2,7,126,20.5,TRUE,0.000130066334565257,2.475555,21564517,21564518,21564738
"after_stage2","TS-RIGHT-TUNED","TS tuned K1cap in {2,5,15,25}, T1=20, T2=4, eta=0.5/L",14,21560517,4,0.923344983314012,0.53792512150607,0.358243994694173,6.50331672826285e-05,0.5,0.4,2,NA,20,4,NA,44,NA,NA,NA,NA,NA,NA,44,252,167,41,2,31,289,2,7,126,20.5,TRUE,0.000130066334565257,2.475555,21564517,21564518,21564738
"after_stage2","TS-RIGHT-TUNED","TS tuned K1cap in {2,5,15,25}, T1=30, T2=4, eta=0.5/L",14,21560517,4,0.914193674154201,0.543245032470614,0.370901894837454,6.50331672826285e-05,0.5,0.4,2,NA,30,4,NA,44,NA,NA,NA,NA,NA,NA,44,252,167,41,2,31,289,2,7,126,20.5,TRUE,0.000130066334565257,2.475555,21564517,21564518,21564738
"after_stage2","TS-RIGHT-TUNED","TS tuned K1cap in {2,5,15,25}, T1=40, T2=4, eta=0.5/L",14,21560517,4,0.917427635437083,0.554305588563311,0.3664431516658,6.50331672826285e-05,0.5,0.4,2,NA,40,4,NA,44,NA,NA,NA,NA,NA,NA,44,252,167,41,2,31,289,2,7,126,20.5,TRUE,0.000130066334565257,2.475555,21564517,21564518,21564738
"after_stage2","TS-RIGHT-TUNED","TS tuned K1cap in {2,5,15,25}, T1=50, T2=4, eta=0.5/L",14,21560517,4,0.915628267246538,0.560713182654955,0.368925928599939,6.50331672826285e-05,0.5,0.4,2,NA,50,4,NA,44,NA,NA,NA,NA,NA,NA,44,252,167,41,2,31,289,2,7,126,20.5,TRUE,0.000130066334565257,2.475555,21564517,21564518,21564738
"after_stage2","TS-RIGHT-TUNED","TS tuned K1cap in {2,5,15,25}, T1=60, T2=4, eta=0.5/L",14,21560517,4,0.914384179070069,0.563471445287592,0.370639677383729,6.50331672826285e-05,0.5,0.4,2,NA,60,4,NA,44,NA,NA,NA,NA,NA,NA,44,252,167,41,2,31,289,2,7,126,20.5,TRUE,0.000130066334565257,2.475555,21564517,21564518,21564738
"after_stage2","TS-RIGHT-TUNED","TS tuned K1cap in {2,5,15,25}, T1=70, T2=4, eta=0.5/L",14,21560517,4,0.919983594948916,0.57643490468123,0.362908046892312,6.50331672826285e-05,0.5,0.4,2,NA,70,4,NA,44,NA,NA,NA,NA,NA,NA,44,252,167,41,2,31,289,2,7,126,20.5,TRUE,0.000130066334565257,2.475555,21564517,21564518,21564738
"after_stage2","TS-RIGHT-TUNED","TS tuned K1cap in {2,5,15,25}, T1=80, T2=4, eta=0.5/L",14,21560517,4,0.917175902703481,0.575292814426633,0.366790786967736,6.50331672826285e-05,0.5,0.4,2,NA,80,4,NA,44,NA,NA,NA,NA,NA,NA,44,252,167,41,2,31,289,2,7,126,20.5,TRUE,0.000130066334565257,2.475555,21564517,21564518,21564738
"after_stage2","TS-RIGHT-TUNED","TS tuned K1cap in {2,5,15,25}, T1=90, T2=4, eta=0.5/L",14,21560517,4,0.930023443205218,0.587020694923698,0.348926910162634,6.50331672826285e-05,0.5,0.4,2,NA,90,4,NA,44,NA,NA,NA,NA,NA,NA,44,252,167,41,2,31,289,2,7,126,20.5,TRUE,0.000130066334565257,2.475555,21564517,21564518,21564738
"after_stage2","TS-RIGHT-TUNED","TS tuned K1cap in {2,5,15,25}, T1=100, T2=4, eta=0.5/L",14,21560517,4,0.931569339515822,0.590390194505802,0.346760668018769,6.50331672826285e-05,0.5,0.4,2,NA,100,4,NA,44,NA,NA,NA,NA,NA,NA,44,252,167,41,2,31,289,2,7,126,20.5,TRUE,0.000130066334565257,2.475555,21564517,21564518,21564738
"stage1_only","TS-RIGHT-TUNED","TS tuned K1cap in {2,5,15,25}, T1=0, T2=4, eta=0.5/L",14,21560517,4,1.16043441942491,0.61548899047619,-0.0136386390825898,6.50331672826285e-05,0.5,0.4,2,NA,0,4,NA,44,NA,NA,NA,NA,NA,NA,0,252,167,41,2,31,289,2,7,126,20.5,TRUE,0.000130066334565257,2.475555,21564517,21564518,21564738
"stage1_only","TS-RIGHT-TUNED","TS tuned K1cap in {2,5,15,25}, T1=10, T2=4, eta=0.5/L",14,21560517,4,0.926075155749879,0.550807120151098,0.354443259489062,6.50331672826285e-05,0.5,0.4,2,NA,10,4,NA,44,NA,NA,NA,NA,NA,NA,44,252,167,41,2,31,289,2,7,126,20.5,TRUE,0.000130066334565257,2.475555,21564517,21564518,21564738
"stage1_only","TS-RIGHT-TUNED","TS tuned K1cap in {2,5,15,25}, T1=20, T2=4, eta=0.5/L",14,21560517,4,0.903229976672365,0.55419638048949,0.38590064850414,6.50331672826285e-05,0.5,0.4,2,NA,20,4,NA,44,NA,NA,NA,NA,NA,NA,44,252,167,41,2,31,289,2,7,126,20.5,TRUE,0.000130066334565257,2.475555,21564517,21564518,21564738
"stage1_only","TS-RIGHT-TUNED","TS tuned K1cap in {2,5,15,25}, T1=30, T2=4, eta=0.5/L",14,21560517,4,0.89895301995259,0.564941191263504,0.391702621415218,6.50331672826285e-05,0.5,0.4,2,NA,30,4,NA,44,NA,NA,NA,NA,NA,NA,44,252,167,41,2,31,289,2,7,126,20.5,TRUE,0.000130066334565257,2.475555,21564517,21564518,21564738
"stage1_only","TS-RIGHT-TUNED","TS tuned K1cap in {2,5,15,25}, T1=40, T2=4, eta=0.5/L",14,21560517,4,0.899272559769225,0.573369155490573,0.391270096523286,6.50331672826285e-05,0.5,0.4,2,NA,40,4,NA,44,NA,NA,NA,NA,NA,NA,44,252,167,41,2,31,289,2,7,126,20.5,TRUE,0.000130066334565257,2.475555,21564517,21564518,21564738
"stage1_only","TS-RIGHT-TUNED","TS tuned K1cap in {2,5,15,25}, T1=50, T2=4, eta=0.5/L",14,21560517,4,0.903003576644179,0.584459563963143,0.386208465315939,6.50331672826285e-05,0.5,0.4,2,NA,50,4,NA,44,NA,NA,NA,NA,NA,NA,44,252,167,41,2,31,289,2,7,126,20.5,TRUE,0.000130066334565257,2.475555,21564517,21564518,21564738
"stage1_only","TS-RIGHT-TUNED","TS tuned K1cap in {2,5,15,25}, T1=60, T2=4, eta=0.5/L",14,21560517,4,0.905957115372228,0.59221809035618,0.38218672751409,6.50331672826285e-05,0.5,0.4,2,NA,60,4,NA,44,NA,NA,NA,NA,NA,NA,44,252,167,41,2,31,289,2,7,126,20.5,TRUE,0.000130066334565257,2.475555,21564517,21564518,21564738
"stage1_only","TS-RIGHT-TUNED","TS tuned K1cap in {2,5,15,25}, T1=70, T2=4, eta=0.5/L",14,21560517,4,0.90932333236248,0.598140225280322,0.377587045690331,6.50331672826285e-05,0.5,0.4,2,NA,70,4,NA,44,NA,NA,NA,NA,NA,NA,44,252,167,41,2,31,289,2,7,126,20.5,TRUE,0.000130066334565257,2.475555,21564517,21564518,21564738
"stage1_only","TS-RIGHT-TUNED","TS tuned K1cap in {2,5,15,25}, T1=80, T2=4, eta=0.5/L",14,21560517,4,0.914976703015596,0.603767540965347,0.369823758005752,6.50331672826285e-05,0.5,0.4,2,NA,80,4,NA,44,NA,NA,NA,NA,NA,NA,44,252,167,41,2,31,289,2,7,126,20.5,TRUE,0.000130066334565257,2.475555,21564517,21564518,21564738
"stage1_only","TS-RIGHT-TUNED","TS tuned K1cap in {2,5,15,25}, T1=90, T2=4, eta=0.5/L",14,21560517,4,0.918631611388251,0.60853613113226,0.364779177969645,6.50331672826285e-05,0.5,0.4,2,NA,90,4,NA,44,NA,NA,NA,NA,NA,NA,44,252,167,41,2,31,289,2,7,126,20.5,TRUE,0.000130066334565257,2.475555,21564517,21564518,21564738
"stage1_only","TS-RIGHT-TUNED","TS tuned K1cap in {2,5,15,25}, T1=100, T2=4, eta=0.5/L",14,21560517,4,0.920979701065219,0.611814917527175,0.361527685861644,6.50331672826285e-05,0.5,0.4,2,NA,100,4,NA,44,NA,NA,NA,NA,NA,NA,44,252,167,41,2,31,289,2,7,126,20.5,TRUE,0.000130066334565257,2.475555,21564517,21564518,21564738
"after_stage2","TS-RIGHT-TUNED","TS tuned K1cap in {2,5,15,25}, T1=0, T2=4, eta=0.5/L",14,21560517,5,0.763319315865586,0.526014689448763,0.15984829802602,7.08797533291524e-05,0.5,0.4,2,NA,0,4,NA,10,NA,NA,NA,NA,NA,NA,10,252,168,42,2,31,66,2,7,126,21,TRUE,0.000141759506658305,2.4798965,21565517,21565518,21565738
"after_stage2","TS-RIGHT-TUNED","TS tuned K1cap in {2,5,15,25}, T1=10, T2=4, eta=0.5/L",14,21560517,5,0.755300542579099,0.533197973331868,0.177407396577863,7.08797533291524e-05,0.5,0.4,15,NA,10,4,NA,10,NA,NA,NA,NA,NA,NA,10,252,168,42,15,31,66,2,7,16.8,21,TRUE,0.000141759506658305,2.4798965,21565517,21565518,21565738
"after_stage2","TS-RIGHT-TUNED","TS tuned K1cap in {2,5,15,25}, T1=20, T2=4, eta=0.5/L",14,21560517,5,0.754842177358387,0.533339777081851,0.178405498420684,7.08797533291524e-05,0.5,0.4,15,NA,20,4,NA,10,NA,NA,NA,NA,NA,NA,10,252,168,42,15,31,66,2,7,16.8,21,TRUE,0.000141759506658305,2.4798965,21565517,21565518,21565738
"after_stage2","TS-RIGHT-TUNED","TS tuned K1cap in {2,5,15,25}, T1=30, T2=4, eta=0.5/L",14,21560517,5,0.756113482425691,0.536961528982731,0.175635709303085,7.08797533291524e-05,0.5,0.4,15,NA,30,4,NA,10,NA,NA,NA,NA,NA,NA,10,252,168,42,15,31,66,2,7,16.8,21,TRUE,0.000141759506658305,2.4798965,21565517,21565518,21565738
"after_stage2","TS-RIGHT-TUNED","TS tuned K1cap in {2,5,15,25}, T1=40, T2=4, eta=0.5/L",14,21560517,5,0.747691982226769,0.532495249977853,0.193896783819375,7.08797533291524e-05,0.5,0.4,15,NA,40,4,NA,10,NA,NA,NA,NA,NA,NA,10,252,168,42,15,31,66,2,7,16.8,21,TRUE,0.000141759506658305,2.4798965,21565517,21565518,21565738
"after_stage2","TS-RIGHT-TUNED","TS tuned K1cap in {2,5,15,25}, T1=50, T2=4, eta=0.5/L",14,21560517,5,0.753798637003466,0.540436736283662,0.180675573954275,7.08797533291524e-05,0.5,0.4,15,NA,50,4,NA,10,NA,NA,NA,NA,NA,NA,10,252,168,42,15,31,66,2,7,16.8,21,TRUE,0.000141759506658305,2.4798965,21565517,21565518,21565738
"after_stage2","TS-RIGHT-TUNED","TS tuned K1cap in {2,5,15,25}, T1=60, T2=4, eta=0.5/L",14,21560517,5,0.75363166829008,0.541580560542369,0.181038499509104,7.08797533291524e-05,0.5,0.4,15,NA,60,4,NA,10,NA,NA,NA,NA,NA,NA,10,252,168,42,15,31,66,2,7,16.8,21,TRUE,0.000141759506658305,2.4798965,21565517,21565518,21565738
"after_stage2","TS-RIGHT-TUNED","TS tuned K1cap in {2,5,15,25}, T1=70, T2=4, eta=0.5/L",14,21560517,5,0.753187298551199,0.54292314816259,0.182003996136785,7.08797533291524e-05,0.5,0.4,15,NA,70,4,NA,10,NA,NA,NA,NA,NA,NA,10,252,168,42,15,31,66,2,7,16.8,21,TRUE,0.000141759506658305,2.4798965,21565517,21565518,21565738
"after_stage2","TS-RIGHT-TUNED","TS tuned K1cap in {2,5,15,25}, T1=80, T2=4, eta=0.5/L",14,21560517,5,0.750564867460905,0.547100206580088,0.18769024100256,7.08797533291524e-05,0.5,0.4,15,NA,80,4,NA,10,NA,NA,NA,NA,NA,NA,10,252,168,42,15,31,66,2,7,16.8,21,TRUE,0.000141759506658305,2.4798965,21565517,21565518,21565738
"after_stage2","TS-RIGHT-TUNED","TS tuned K1cap in {2,5,15,25}, T1=90, T2=4, eta=0.5/L",14,21560517,5,0.742930388383128,0.516587771368735,0.204131249863062,7.08797533291524e-05,0.5,0.4,25,NA,90,4,NA,10,NA,NA,NA,NA,NA,NA,10,252,168,42,25,31,66,2,7,10.08,21,TRUE,0.000141759506658305,2.4798965,21565517,21565518,21565738
"after_stage2","TS-RIGHT-TUNED","TS tuned K1cap in {2,5,15,25}, T1=100, T2=4, eta=0.5/L",14,21560517,5,0.743022394333003,0.517231892868694,0.203934113777044,7.08797533291524e-05,0.5,0.4,25,NA,100,4,NA,10,NA,NA,NA,NA,NA,NA,10,252,168,42,25,31,66,2,7,10.08,21,TRUE,0.000141759506658305,2.4798965,21565517,21565518,21565738
"stage1_only","TS-RIGHT-TUNED","TS tuned K1cap in {2,5,15,25}, T1=0, T2=4, eta=0.5/L",14,21560517,5,0.845227718871916,0.551879903846154,-0.0301315034920537,7.08797533291524e-05,0.5,0.4,2,NA,0,4,NA,10,NA,NA,NA,NA,NA,NA,0,252,168,42,2,31,66,2,7,126,21,TRUE,0.000141759506658305,2.4798965,21565517,21565518,21565738
"stage1_only","TS-RIGHT-TUNED","TS tuned K1cap in {2,5,15,25}, T1=10, T2=4, eta=0.5/L",14,21560517,5,0.771495248482758,0.513101772131387,0.141754138206271,7.08797533291524e-05,0.5,0.4,2,NA,10,4,NA,10,NA,NA,NA,NA,NA,NA,10,252,168,42,2,31,66,2,7,126,21,TRUE,0.000141759506658305,2.4798965,21565517,21565518,21565738
"stage1_only","TS-RIGHT-TUNED","TS tuned K1cap in {2,5,15,25}, T1=20, T2=4, eta=0.5/L",14,21560517,5,0.767668279636703,0.511726146652997,0.150247603125944,7.08797533291524e-05,0.5,0.4,2,NA,20,4,NA,10,NA,NA,NA,NA,NA,NA,10,252,168,42,2,31,66,2,7,126,21,TRUE,0.000141759506658305,2.4798965,21565517,21565518,21565738
"stage1_only","TS-RIGHT-TUNED","TS tuned K1cap in {2,5,15,25}, T1=30, T2=4, eta=0.5/L",14,21560517,5,0.769615510290164,0.513589031060166,0.145931253135516,7.08797533291524e-05,0.5,0.4,2,NA,30,4,NA,10,NA,NA,NA,NA,NA,NA,10,252,168,42,2,31,66,2,7,126,21,TRUE,0.000141759506658305,2.4798965,21565517,21565518,21565738
"stage1_only","TS-RIGHT-TUNED","TS tuned K1cap in {2,5,15,25}, T1=40, T2=4, eta=0.5/L",14,21560517,5,0.77260773226123,0.515926949042998,0.139277200096523,7.08797533291524e-05,0.5,0.4,2,NA,40,4,NA,10,NA,NA,NA,NA,NA,NA,10,252,168,42,2,31,66,2,7,126,21,TRUE,0.000141759506658305,2.4798965,21565517,21565518,21565738
"stage1_only","TS-RIGHT-TUNED","TS tuned K1cap in {2,5,15,25}, T1=50, T2=4, eta=0.5/L",14,21560517,5,0.770464607670294,0.506273047896569,0.144045668538349,7.08797533291524e-05,0.5,0.4,5,NA,50,4,NA,10,NA,NA,NA,NA,NA,NA,10,252,168,42,5,31,66,2,7,50.4,21,TRUE,0.000141759506658305,2.4798965,21565517,21565518,21565738
"stage1_only","TS-RIGHT-TUNED","TS tuned K1cap in {2,5,15,25}, T1=60, T2=4, eta=0.5/L",14,21560517,5,0.772743454511314,0.5064839563358,0.138974771086539,7.08797533291524e-05,0.5,0.4,5,NA,60,4,NA,10,NA,NA,NA,NA,NA,NA,10,252,168,42,5,31,66,2,7,50.4,21,TRUE,0.000141759506658305,2.4798965,21565517,21565518,21565738
"stage1_only","TS-RIGHT-TUNED","TS tuned K1cap in {2,5,15,25}, T1=70, T2=4, eta=0.5/L",14,21560517,5,0.774664457668445,0.527597264964513,0.13468851516092,7.08797533291524e-05,0.5,0.4,15,NA,70,4,NA,10,NA,NA,NA,NA,NA,NA,10,252,168,42,15,31,66,2,7,16.8,21,TRUE,0.000141759506658305,2.4798965,21565517,21565518,21565738
"stage1_only","TS-RIGHT-TUNED","TS tuned K1cap in {2,5,15,25}, T1=80, T2=4, eta=0.5/L",14,21560517,5,0.773813846884286,0.529044865814446,0.136587761142173,7.08797533291524e-05,0.5,0.4,15,NA,80,4,NA,10,NA,NA,NA,NA,NA,NA,10,252,168,42,15,31,66,2,7,16.8,21,TRUE,0.000141759506658305,2.4798965,21565517,21565518,21565738
"stage1_only","TS-RIGHT-TUNED","TS tuned K1cap in {2,5,15,25}, T1=90, T2=4, eta=0.5/L",14,21560517,5,0.773262337791521,0.529655282604143,0.137818057064465,7.08797533291524e-05,0.5,0.4,15,NA,90,4,NA,10,NA,NA,NA,NA,NA,NA,10,252,168,42,15,31,66,2,7,16.8,21,TRUE,0.000141759506658305,2.4798965,21565517,21565518,21565738
"stage1_only","TS-RIGHT-TUNED","TS tuned K1cap in {2,5,15,25}, T1=100, T2=4, eta=0.5/L",14,21560517,5,0.77267691915797,0.529599322276945,0.139123038020811,7.08797533291524e-05,0.5,0.4,15,NA,100,4,NA,10,NA,NA,NA,NA,NA,NA,10,252,168,42,15,31,66,2,7,16.8,21,TRUE,0.000141759506658305,2.4798965,21565517,21565518,21565738
"after_stage2","TS-RIGHT-TUNED","TS tuned K1cap in {2,5,15,25}, T1=0, T2=4, eta=0.5/L",15,21660517,1,0.777189169261454,0.539805572011076,0.115053405238662,6.50591530147067e-05,0.5,0.4,2,NA,0,4,NA,11,NA,NA,NA,NA,NA,NA,11,252,167,41,2,31,73,2,7,126,20.5,TRUE,0.000130118306029413,2.469759,21661517,21661518,21661738
"after_stage2","TS-RIGHT-TUNED","TS tuned K1cap in {2,5,15,25}, T1=10, T2=4, eta=0.5/L",15,21660517,1,0.724133866020157,0.520499659174198,0.231752243393679,6.50591530147067e-05,0.5,0.4,5,NA,10,4,NA,11,NA,NA,NA,NA,NA,NA,11,252,167,41,5,31,73,2,7,50.4,20.5,TRUE,0.000130118306029413,2.469759,21661517,21661518,21661738
"after_stage2","TS-RIGHT-TUNED","TS tuned K1cap in {2,5,15,25}, T1=20, T2=4, eta=0.5/L",15,21660517,1,0.719609122958131,0.527297306527933,0.241323024729833,6.50591530147067e-05,0.5,0.4,15,NA,20,4,NA,11,NA,NA,NA,NA,NA,NA,11,252,167,41,15,31,73,2,7,16.8,20.5,TRUE,0.000130118306029413,2.469759,21661517,21661518,21661738
"after_stage2","TS-RIGHT-TUNED","TS tuned K1cap in {2,5,15,25}, T1=30, T2=4, eta=0.5/L",15,21660517,1,0.720485867281368,0.520507871227906,0.23947321233505,6.50591530147067e-05,0.5,0.4,15,NA,30,4,NA,11,NA,NA,NA,NA,NA,NA,11,252,167,41,15,31,73,2,7,16.8,20.5,TRUE,0.000130118306029413,2.469759,21661517,21661518,21661738
"after_stage2","TS-RIGHT-TUNED","TS tuned K1cap in {2,5,15,25}, T1=40, T2=4, eta=0.5/L",15,21660517,1,0.713580066996699,0.521140303359465,0.253982520900296,6.50591530147067e-05,0.5,0.4,25,NA,40,4,NA,11,NA,NA,NA,NA,NA,NA,11,252,167,41,25,31,73,2,7,10.08,20.5,TRUE,0.000130118306029413,2.469759,21661517,21661518,21661738
"after_stage2","TS-RIGHT-TUNED","TS tuned K1cap in {2,5,15,25}, T1=50, T2=4, eta=0.5/L",15,21660517,1,0.708384017689261,0.517888579928909,0.264807460303889,6.50591530147067e-05,0.5,0.4,25,NA,50,4,NA,11,NA,NA,NA,NA,NA,NA,11,252,167,41,25,31,73,2,7,10.08,20.5,TRUE,0.000130118306029413,2.469759,21661517,21661518,21661738
"after_stage2","TS-RIGHT-TUNED","TS tuned K1cap in {2,5,15,25}, T1=60, T2=4, eta=0.5/L",15,21660517,1,0.707648583670362,0.517798168652327,0.266333200367641,6.50591530147067e-05,0.5,0.4,25,NA,60,4,NA,11,NA,NA,NA,NA,NA,NA,11,252,167,41,25,31,73,2,7,10.08,20.5,TRUE,0.000130118306029413,2.469759,21661517,21661518,21661738
"after_stage2","TS-RIGHT-TUNED","TS tuned K1cap in {2,5,15,25}, T1=70, T2=4, eta=0.5/L",15,21660517,1,0.707120477958489,0.517715076917138,0.267427837060247,6.50591530147067e-05,0.5,0.4,25,NA,70,4,NA,11,NA,NA,NA,NA,NA,NA,11,252,167,41,25,31,73,2,7,10.08,20.5,TRUE,0.000130118306029413,2.469759,21661517,21661518,21661738
"after_stage2","TS-RIGHT-TUNED","TS tuned K1cap in {2,5,15,25}, T1=80, T2=4, eta=0.5/L",15,21660517,1,0.706929558537972,0.517595616220324,0.267823366184625,6.50591530147067e-05,0.5,0.4,25,NA,80,4,NA,11,NA,NA,NA,NA,NA,NA,11,252,167,41,25,31,73,2,7,10.08,20.5,TRUE,0.000130118306029413,2.469759,21661517,21661518,21661738
"after_stage2","TS-RIGHT-TUNED","TS tuned K1cap in {2,5,15,25}, T1=90, T2=4, eta=0.5/L",15,21660517,1,0.70684768066604,0.517538180796077,0.267992960431254,6.50591530147067e-05,0.5,0.4,25,NA,90,4,NA,11,NA,NA,NA,NA,NA,NA,11,252,167,41,25,31,73,2,7,10.08,20.5,TRUE,0.000130118306029413,2.469759,21661517,21661518,21661738
"after_stage2","TS-RIGHT-TUNED","TS tuned K1cap in {2,5,15,25}, T1=100, T2=4, eta=0.5/L",15,21660517,1,0.706892848388908,0.517460071509275,0.267899406619381,6.50591530147067e-05,0.5,0.4,25,NA,100,4,NA,11,NA,NA,NA,NA,NA,NA,11,252,167,41,25,31,73,2,7,10.08,20.5,TRUE,0.000130118306029413,2.469759,21661517,21661518,21661738
"stage1_only","TS-RIGHT-TUNED","TS tuned K1cap in {2,5,15,25}, T1=0, T2=4, eta=0.5/L",15,21660517,1,0.829523821135946,0.569994133333333,-0.00814106876442322,6.50591530147067e-05,0.5,0.4,2,NA,0,4,NA,11,NA,NA,NA,NA,NA,NA,0,252,167,41,2,31,73,2,7,126,20.5,TRUE,0.000130118306029413,2.469759,21661517,21661518,21661738
"stage1_only","TS-RIGHT-TUNED","TS tuned K1cap in {2,5,15,25}, T1=10, T2=4, eta=0.5/L",15,21660517,1,0.715374233291439,0.515982866834624,0.250226356290718,6.50591530147067e-05,0.5,0.4,5,NA,10,4,NA,11,NA,NA,NA,NA,NA,NA,11,252,167,41,5,31,73,2,7,50.4,20.5,TRUE,0.000130118306029413,2.469759,21661517,21661518,21661738
"stage1_only","TS-RIGHT-TUNED","TS tuned K1cap in {2,5,15,25}, T1=20, T2=4, eta=0.5/L",15,21660517,1,0.715315033857261,0.5184244566134,0.250350443340145,6.50591530147067e-05,0.5,0.4,15,NA,20,4,NA,11,NA,NA,NA,NA,NA,NA,11,252,167,41,15,31,73,2,7,16.8,20.5,TRUE,0.000130118306029413,2.469759,21661517,21661518,21661738
"stage1_only","TS-RIGHT-TUNED","TS tuned K1cap in {2,5,15,25}, T1=30, T2=4, eta=0.5/L",15,21660517,1,0.715420762111282,0.521387187919158,0.250128820719308,6.50591530147067e-05,0.5,0.4,25,NA,30,4,NA,11,NA,NA,NA,NA,NA,NA,11,252,167,41,25,31,73,2,7,10.08,20.5,TRUE,0.000130118306029413,2.469759,21661517,21661518,21661738
"stage1_only","TS-RIGHT-TUNED","TS tuned K1cap in {2,5,15,25}, T1=40, T2=4, eta=0.5/L",15,21660517,1,0.71193042403733,0.520878965943479,0.257427796422742,6.50591530147067e-05,0.5,0.4,25,NA,40,4,NA,11,NA,NA,NA,NA,NA,NA,11,252,167,41,25,31,73,2,7,10.08,20.5,TRUE,0.000130118306029413,2.469759,21661517,21661518,21661738
"stage1_only","TS-RIGHT-TUNED","TS tuned K1cap in {2,5,15,25}, T1=50, T2=4, eta=0.5/L",15,21660517,1,0.709053872919251,0.520425919748159,0.263416391620716,6.50591530147067e-05,0.5,0.4,25,NA,50,4,NA,11,NA,NA,NA,NA,NA,NA,11,252,167,41,25,31,73,2,7,10.08,20.5,TRUE,0.000130118306029413,2.469759,21661517,21661518,21661738
"stage1_only","TS-RIGHT-TUNED","TS tuned K1cap in {2,5,15,25}, T1=60, T2=4, eta=0.5/L",15,21660517,1,0.707288364622406,0.52029168204038,0.267079936806842,6.50591530147067e-05,0.5,0.4,25,NA,60,4,NA,11,NA,NA,NA,NA,NA,NA,11,252,167,41,25,31,73,2,7,10.08,20.5,TRUE,0.000130118306029413,2.469759,21661517,21661518,21661738
"stage1_only","TS-RIGHT-TUNED","TS tuned K1cap in {2,5,15,25}, T1=70, T2=4, eta=0.5/L",15,21660517,1,0.706068640787102,0.520203183327409,0.269605608922666,6.50591530147067e-05,0.5,0.4,25,NA,70,4,NA,11,NA,NA,NA,NA,NA,NA,11,252,167,41,25,31,73,2,7,10.08,20.5,TRUE,0.000130118306029413,2.469759,21661517,21661518,21661738
"stage1_only","TS-RIGHT-TUNED","TS tuned K1cap in {2,5,15,25}, T1=80, T2=4, eta=0.5/L",15,21660517,1,0.705427853091109,0.520106763135123,0.270930736068489,6.50591530147067e-05,0.5,0.4,25,NA,80,4,NA,11,NA,NA,NA,NA,NA,NA,11,252,167,41,25,31,73,2,7,10.08,20.5,TRUE,0.000130118306029413,2.469759,21661517,21661518,21661738
"stage1_only","TS-RIGHT-TUNED","TS tuned K1cap in {2,5,15,25}, T1=90, T2=4, eta=0.5/L",15,21660517,1,0.705023299297821,0.520048065585926,0.271766719962906,6.50591530147067e-05,0.5,0.4,25,NA,90,4,NA,11,NA,NA,NA,NA,NA,NA,11,252,167,41,25,31,73,2,7,10.08,20.5,TRUE,0.000130118306029413,2.469759,21661517,21661518,21661738
"stage1_only","TS-RIGHT-TUNED","TS tuned K1cap in {2,5,15,25}, T1=100, T2=4, eta=0.5/L",15,21660517,1,0.704724047233166,0.520343541104607,0.272384796167928,6.50591530147067e-05,0.5,0.4,25,NA,100,4,NA,11,NA,NA,NA,NA,NA,NA,11,252,167,41,25,31,73,2,7,10.08,20.5,TRUE,0.000130118306029413,2.469759,21661517,21661518,21661738
"after_stage2","TS-RIGHT-TUNED","TS tuned K1cap in {2,5,15,25}, T1=0, T2=4, eta=0.5/L",15,21660517,2,0.599234620285048,0.450987276191221,0.0439709755471938,6.4298905423812e-05,0.5,0.4,2,NA,0,4,NA,14,NA,NA,NA,NA,NA,NA,14,252,167,41,2,31,92,2,7,126,20.5,TRUE,0.000128597810847624,2.465694,21662517,21662518,21662738
"after_stage2","TS-RIGHT-TUNED","TS tuned K1cap in {2,5,15,25}, T1=10, T2=4, eta=0.5/L",15,21660517,2,0.606719756610748,0.461255554375002,0.0199379815971403,6.4298905423812e-05,0.5,0.4,25,NA,10,4,NA,14,NA,NA,NA,NA,NA,NA,14,252,167,41,25,31,92,2,7,10.08,20.5,TRUE,0.000128597810847624,2.465694,21662517,21662518,21662738
"after_stage2","TS-RIGHT-TUNED","TS tuned K1cap in {2,5,15,25}, T1=20, T2=4, eta=0.5/L",15,21660517,2,0.595838941351908,0.445266726450666,0.0547753230367003,6.4298905423812e-05,0.5,0.4,25,NA,20,4,NA,14,NA,NA,NA,NA,NA,NA,14,252,167,41,25,31,92,2,7,10.08,20.5,TRUE,0.000128597810847624,2.465694,21662517,21662518,21662738
"after_stage2","TS-RIGHT-TUNED","TS tuned K1cap in {2,5,15,25}, T1=30, T2=4, eta=0.5/L",15,21660517,2,0.598004367425541,0.445439147170657,0.0478924782507558,6.4298905423812e-05,0.5,0.4,25,NA,30,4,NA,14,NA,NA,NA,NA,NA,NA,14,252,167,41,25,31,92,2,7,10.08,20.5,TRUE,0.000128597810847624,2.465694,21662517,21662518,21662738
"after_stage2","TS-RIGHT-TUNED","TS tuned K1cap in {2,5,15,25}, T1=40, T2=4, eta=0.5/L",15,21660517,2,0.602979692292105,0.447579519744445,0.0319837313966234,6.4298905423812e-05,0.5,0.4,25,NA,40,4,NA,14,NA,NA,NA,NA,NA,NA,14,252,167,41,25,31,92,2,7,10.08,20.5,TRUE,0.000128597810847624,2.465694,21662517,21662518,21662738
"after_stage2","TS-RIGHT-TUNED","TS tuned K1cap in {2,5,15,25}, T1=50, T2=4, eta=0.5/L",15,21660517,2,0.604802117092501,0.447539406821877,0.0261234916222531,6.4298905423812e-05,0.5,0.4,25,NA,50,4,NA,14,NA,NA,NA,NA,NA,NA,14,252,167,41,25,31,92,2,7,10.08,20.5,TRUE,0.000128597810847624,2.465694,21662517,21662518,21662738
"after_stage2","TS-RIGHT-TUNED","TS tuned K1cap in {2,5,15,25}, T1=60, T2=4, eta=0.5/L",15,21660517,2,0.606606218698737,0.447949566149179,0.0203047531828818,6.4298905423812e-05,0.5,0.4,25,NA,60,4,NA,14,NA,NA,NA,NA,NA,NA,14,252,167,41,25,31,92,2,7,10.08,20.5,TRUE,0.000128597810847624,2.465694,21662517,21662518,21662738
"after_stage2","TS-RIGHT-TUNED","TS tuned K1cap in {2,5,15,25}, T1=70, T2=4, eta=0.5/L",15,21660517,2,0.608377355402086,0.448559658458177,0.0145754767889437,6.4298905423812e-05,0.5,0.4,25,NA,70,4,NA,14,NA,NA,NA,NA,NA,NA,14,252,167,41,25,31,92,2,7,10.08,20.5,TRUE,0.000128597810847624,2.465694,21662517,21662518,21662738
"after_stage2","TS-RIGHT-TUNED","TS tuned K1cap in {2,5,15,25}, T1=80, T2=4, eta=0.5/L",15,21660517,2,0.610063811573546,0.449240497953048,0.00910460033486271,6.4298905423812e-05,0.5,0.4,25,NA,80,4,NA,14,NA,NA,NA,NA,NA,NA,14,252,167,41,25,31,92,2,7,10.08,20.5,TRUE,0.000128597810847624,2.465694,21662517,21662518,21662738
"after_stage2","TS-RIGHT-TUNED","TS tuned K1cap in {2,5,15,25}, T1=90, T2=4, eta=0.5/L",15,21660517,2,0.611406419562112,0.449697951349821,0.00473834229266346,6.4298905423812e-05,0.5,0.4,25,NA,90,4,NA,14,NA,NA,NA,NA,NA,NA,14,252,167,41,25,31,92,2,7,10.08,20.5,TRUE,0.000128597810847624,2.465694,21662517,21662518,21662738
"after_stage2","TS-RIGHT-TUNED","TS tuned K1cap in {2,5,15,25}, T1=100, T2=4, eta=0.5/L",15,21660517,2,0.612335336576529,0.449887376416806,0.00171181927392094,6.4298905423812e-05,0.5,0.4,25,NA,100,4,NA,14,NA,NA,NA,NA,NA,NA,14,252,167,41,25,31,92,2,7,10.08,20.5,TRUE,0.000128597810847624,2.465694,21662517,21662518,21662738
"stage1_only","TS-RIGHT-TUNED","TS tuned K1cap in {2,5,15,25}, T1=0, T2=4, eta=0.5/L",15,21660517,2,0.612885553611563,0.457826304761905,-8.30206024735602e-05,6.4298905423812e-05,0.5,0.4,2,NA,0,4,NA,14,NA,NA,NA,NA,NA,NA,0,252,167,41,2,31,92,2,7,126,20.5,TRUE,0.000128597810847624,2.465694,21662517,21662518,21662738
"stage1_only","TS-RIGHT-TUNED","TS tuned K1cap in {2,5,15,25}, T1=10, T2=4, eta=0.5/L",15,21660517,2,0.58424002774202,0.430017957500412,0.0912176138000378,6.4298905423812e-05,0.5,0.4,15,NA,10,4,NA,14,NA,NA,NA,NA,NA,NA,14,252,167,41,15,31,92,2,7,16.8,20.5,TRUE,0.000128597810847624,2.465694,21662517,21662518,21662738
"stage1_only","TS-RIGHT-TUNED","TS tuned K1cap in {2,5,15,25}, T1=20, T2=4, eta=0.5/L",15,21660517,2,0.584495827074103,0.427252200984364,0.0904216504735289,6.4298905423812e-05,0.5,0.4,25,NA,20,4,NA,14,NA,NA,NA,NA,NA,NA,14,252,167,41,25,31,92,2,7,10.08,20.5,TRUE,0.000128597810847624,2.465694,21662517,21662518,21662738
"stage1_only","TS-RIGHT-TUNED","TS tuned K1cap in {2,5,15,25}, T1=30, T2=4, eta=0.5/L",15,21660517,2,0.586241215683886,0.425492399601459,0.0849812761541324,6.4298905423812e-05,0.5,0.4,25,NA,30,4,NA,14,NA,NA,NA,NA,NA,NA,14,252,167,41,25,31,92,2,7,10.08,20.5,TRUE,0.000128597810847624,2.465694,21662517,21662518,21662738
"stage1_only","TS-RIGHT-TUNED","TS tuned K1cap in {2,5,15,25}, T1=40, T2=4, eta=0.5/L",15,21660517,2,0.588319732363397,0.42471745221964,0.0784813809340803,6.4298905423812e-05,0.5,0.4,25,NA,40,4,NA,14,NA,NA,NA,NA,NA,NA,14,252,167,41,25,31,92,2,7,10.08,20.5,TRUE,0.000128597810847624,2.465694,21662517,21662518,21662738
"stage1_only","TS-RIGHT-TUNED","TS tuned K1cap in {2,5,15,25}, T1=50, T2=4, eta=0.5/L",15,21660517,2,0.590383658794369,0.424926040784428,0.0720043491193668,6.4298905423812e-05,0.5,0.4,25,NA,50,4,NA,14,NA,NA,NA,NA,NA,NA,14,252,167,41,25,31,92,2,7,10.08,20.5,TRUE,0.000128597810847624,2.465694,21662517,21662518,21662738
"stage1_only","TS-RIGHT-TUNED","TS tuned K1cap in {2,5,15,25}, T1=60, T2=4, eta=0.5/L",15,21660517,2,0.591957549709502,0.425456604940678,0.067049907223262,6.4298905423812e-05,0.5,0.4,25,NA,60,4,NA,14,NA,NA,NA,NA,NA,NA,14,252,167,41,25,31,92,2,7,10.08,20.5,TRUE,0.000128597810847624,2.465694,21662517,21662518,21662738
"stage1_only","TS-RIGHT-TUNED","TS tuned K1cap in {2,5,15,25}, T1=70, T2=4, eta=0.5/L",15,21660517,2,0.593284955494382,0.425997599511064,0.0628611208861849,6.4298905423812e-05,0.5,0.4,25,NA,70,4,NA,14,NA,NA,NA,NA,NA,NA,14,252,167,41,25,31,92,2,7,10.08,20.5,TRUE,0.000128597810847624,2.465694,21662517,21662518,21662738
"stage1_only","TS-RIGHT-TUNED","TS tuned K1cap in {2,5,15,25}, T1=80, T2=4, eta=0.5/L",15,21660517,2,0.594342657748579,0.426515048935371,0.0595166994284303,6.4298905423812e-05,0.5,0.4,25,NA,80,4,NA,14,NA,NA,NA,NA,NA,NA,14,252,167,41,25,31,92,2,7,10.08,20.5,TRUE,0.000128597810847624,2.465694,21662517,21662518,21662738
"stage1_only","TS-RIGHT-TUNED","TS tuned K1cap in {2,5,15,25}, T1=90, T2=4, eta=0.5/L",15,21660517,2,0.595175995638181,0.427044180620359,0.0568775154274463,6.4298905423812e-05,0.5,0.4,25,NA,90,4,NA,14,NA,NA,NA,NA,NA,NA,14,252,167,41,25,31,92,2,7,10.08,20.5,TRUE,0.000128597810847624,2.465694,21662517,21662518,21662738
"stage1_only","TS-RIGHT-TUNED","TS tuned K1cap in {2,5,15,25}, T1=100, T2=4, eta=0.5/L",15,21660517,2,0.595782635921941,0.427650695258571,0.0549539577767724,6.4298905423812e-05,0.5,0.4,25,NA,100,4,NA,14,NA,NA,NA,NA,NA,NA,14,252,167,41,25,31,92,2,7,10.08,20.5,TRUE,0.000128597810847624,2.465694,21662517,21662518,21662738
"after_stage2","TS-RIGHT-TUNED","TS tuned K1cap in {2,5,15,25}, T1=0, T2=4, eta=0.5/L",15,21660517,3,0.918158223503415,0.549846872415989,0.146772746285521,6.28626060612246e-05,0.5,0.4,2,NA,0,4,NA,11,NA,NA,NA,NA,NA,NA,11,252,167,41,2,31,73,2,7,126,20.5,TRUE,0.000125725212122449,2.475555,21663517,21663518,21663738
"after_stage2","TS-RIGHT-TUNED","TS tuned K1cap in {2,5,15,25}, T1=10, T2=4, eta=0.5/L",15,21660517,3,0.868863504818377,0.551431139087857,0.235930658083962,6.28626060612246e-05,0.5,0.4,2,NA,10,4,NA,11,NA,NA,NA,NA,NA,NA,11,252,167,41,2,31,73,2,7,126,20.5,TRUE,0.000125725212122449,2.475555,21663517,21663518,21663738
"after_stage2","TS-RIGHT-TUNED","TS tuned K1cap in {2,5,15,25}, T1=20, T2=4, eta=0.5/L",15,21660517,3,0.863399388464996,0.559764310560008,0.24551061164156,6.28626060612246e-05,0.5,0.4,2,NA,20,4,NA,11,NA,NA,NA,NA,NA,NA,11,252,167,41,2,31,73,2,7,126,20.5,TRUE,0.000125725212122449,2.475555,21663517,21663518,21663738
"after_stage2","TS-RIGHT-TUNED","TS tuned K1cap in {2,5,15,25}, T1=30, T2=4, eta=0.5/L",15,21660517,3,0.860116976312734,0.566750911981729,0.251236438161735,6.28626060612246e-05,0.5,0.4,2,NA,30,4,NA,11,NA,NA,NA,NA,NA,NA,11,252,167,41,2,31,73,2,7,126,20.5,TRUE,0.000125725212122449,2.475555,21663517,21663518,21663738
"after_stage2","TS-RIGHT-TUNED","TS tuned K1cap in {2,5,15,25}, T1=40, T2=4, eta=0.5/L",15,21660517,3,0.850164116931652,0.565119354860806,0.268464841295646,6.28626060612246e-05,0.5,0.4,2,NA,40,4,NA,11,NA,NA,NA,NA,NA,NA,11,252,167,41,2,31,73,2,7,126,20.5,TRUE,0.000125725212122449,2.475555,21663517,21663518,21663738
"after_stage2","TS-RIGHT-TUNED","TS tuned K1cap in {2,5,15,25}, T1=50, T2=4, eta=0.5/L",15,21660517,3,0.847917186686395,0.565995512840242,0.272326534189652,6.28626060612246e-05,0.5,0.4,2,NA,50,4,NA,11,NA,NA,NA,NA,NA,NA,11,252,167,41,2,31,73,2,7,126,20.5,TRUE,0.000125725212122449,2.475555,21663517,21663518,21663738
"after_stage2","TS-RIGHT-TUNED","TS tuned K1cap in {2,5,15,25}, T1=60, T2=4, eta=0.5/L",15,21660517,3,0.846350175180333,0.566687451331493,0.275013633964935,6.28626060612246e-05,0.5,0.4,2,NA,60,4,NA,11,NA,NA,NA,NA,NA,NA,11,252,167,41,2,31,73,2,7,126,20.5,TRUE,0.000125725212122449,2.475555,21663517,21663518,21663738
"after_stage2","TS-RIGHT-TUNED","TS tuned K1cap in {2,5,15,25}, T1=70, T2=4, eta=0.5/L",15,21660517,3,0.845162080939969,0.567187006919219,0.277047656227089,6.28626060612246e-05,0.5,0.4,2,NA,70,4,NA,11,NA,NA,NA,NA,NA,NA,11,252,167,41,2,31,73,2,7,126,20.5,TRUE,0.000125725212122449,2.475555,21663517,21663518,21663738
"after_stage2","TS-RIGHT-TUNED","TS tuned K1cap in {2,5,15,25}, T1=80, T2=4, eta=0.5/L",15,21660517,3,0.844216222534538,0.567495180660696,0.278664926866942,6.28626060612246e-05,0.5,0.4,2,NA,80,4,NA,11,NA,NA,NA,NA,NA,NA,11,252,167,41,2,31,73,2,7,126,20.5,TRUE,0.000125725212122449,2.475555,21663517,21663518,21663738
"after_stage2","TS-RIGHT-TUNED","TS tuned K1cap in {2,5,15,25}, T1=90, T2=4, eta=0.5/L",15,21660517,3,0.843441310868596,0.567683374457513,0.279988555593172,6.28626060612246e-05,0.5,0.4,2,NA,90,4,NA,11,NA,NA,NA,NA,NA,NA,11,252,167,41,2,31,73,2,7,126,20.5,TRUE,0.000125725212122449,2.475555,21663517,21663518,21663738
"after_stage2","TS-RIGHT-TUNED","TS tuned K1cap in {2,5,15,25}, T1=100, T2=4, eta=0.5/L",15,21660517,3,0.84279446318421,0.567825738226703,0.281092507080843,6.28626060612246e-05,0.5,0.4,2,NA,100,4,NA,11,NA,NA,NA,NA,NA,NA,11,252,167,41,2,31,73,2,7,126,20.5,TRUE,0.000125725212122449,2.475555,21663517,21663518,21663738
"stage1_only","TS-RIGHT-TUNED","TS tuned K1cap in {2,5,15,25}, T1=0, T2=4, eta=0.5/L",15,21660517,3,1.00483879325549,0.560252857142857,-0.0219330601914109,6.28626060612246e-05,0.5,0.4,2,NA,0,4,NA,11,NA,NA,NA,NA,NA,NA,0,252,167,41,2,31,73,2,7,126,20.5,TRUE,0.000125725212122449,2.475555,21663517,21663518,21663738
"stage1_only","TS-RIGHT-TUNED","TS tuned K1cap in {2,5,15,25}, T1=10, T2=4, eta=0.5/L",15,21660517,3,0.88413252530299,0.512942720941381,0.208839861654531,6.28626060612246e-05,0.5,0.4,2,NA,10,4,NA,11,NA,NA,NA,NA,NA,NA,11,252,167,41,2,31,73,2,7,126,20.5,TRUE,0.000125725212122449,2.475555,21663517,21663518,21663738
"stage1_only","TS-RIGHT-TUNED","TS tuned K1cap in {2,5,15,25}, T1=20, T2=4, eta=0.5/L",15,21660517,3,0.858542971000745,0.52518988431597,0.25397439004915,6.28626060612246e-05,0.5,0.4,2,NA,20,4,NA,11,NA,NA,NA,NA,NA,NA,11,252,167,41,2,31,73,2,7,126,20.5,TRUE,0.000125725212122449,2.475555,21663517,21663518,21663738
"stage1_only","TS-RIGHT-TUNED","TS tuned K1cap in {2,5,15,25}, T1=30, T2=4, eta=0.5/L",15,21660517,3,0.84759767962406,0.531934703536206,0.272874825959236,6.28626060612246e-05,0.5,0.4,2,NA,30,4,NA,11,NA,NA,NA,NA,NA,NA,11,252,167,41,2,31,73,2,7,126,20.5,TRUE,0.000125725212122449,2.475555,21663517,21663518,21663738
"stage1_only","TS-RIGHT-TUNED","TS tuned K1cap in {2,5,15,25}, T1=40, T2=4, eta=0.5/L",15,21660517,3,0.842651552849184,0.536155079250882,0.281336292735691,6.28626060612246e-05,0.5,0.4,2,NA,40,4,NA,11,NA,NA,NA,NA,NA,NA,11,252,167,41,2,31,73,2,7,126,20.5,TRUE,0.000125725212122449,2.475555,21663517,21663518,21663738
"stage1_only","TS-RIGHT-TUNED","TS tuned K1cap in {2,5,15,25}, T1=50, T2=4, eta=0.5/L",15,21660517,3,0.839943233384434,0.538897776876991,0.285948502940993,6.28626060612246e-05,0.5,0.4,2,NA,50,4,NA,11,NA,NA,NA,NA,NA,NA,11,252,167,41,2,31,73,2,7,126,20.5,TRUE,0.000125725212122449,2.475555,21663517,21663518,21663738
"stage1_only","TS-RIGHT-TUNED","TS tuned K1cap in {2,5,15,25}, T1=60, T2=4, eta=0.5/L",15,21660517,3,0.838208601786556,0.540815981862143,0.288894743256014,6.28626060612246e-05,0.5,0.4,2,NA,60,4,NA,11,NA,NA,NA,NA,NA,NA,11,252,167,41,2,31,73,2,7,126,20.5,TRUE,0.000125725212122449,2.475555,21663517,21663518,21663738
"stage1_only","TS-RIGHT-TUNED","TS tuned K1cap in {2,5,15,25}, T1=70, T2=4, eta=0.5/L",15,21660517,3,0.836964546713116,0.542218456390918,0.291003997697372,6.28626060612246e-05,0.5,0.4,2,NA,70,4,NA,11,NA,NA,NA,NA,NA,NA,11,252,167,41,2,31,73,2,7,126,20.5,TRUE,0.000125725212122449,2.475555,21663517,21663518,21663738
"stage1_only","TS-RIGHT-TUNED","TS tuned K1cap in {2,5,15,25}, T1=80, T2=4, eta=0.5/L",15,21660517,3,0.836006150486261,0.543240721871798,0.29262679057132,6.28626060612246e-05,0.5,0.4,2,NA,80,4,NA,11,NA,NA,NA,NA,NA,NA,11,252,167,41,2,31,73,2,7,126,20.5,TRUE,0.000125725212122449,2.475555,21663517,21663518,21663738
"stage1_only","TS-RIGHT-TUNED","TS tuned K1cap in {2,5,15,25}, T1=90, T2=4, eta=0.5/L",15,21660517,3,0.835235696816341,0.543997828608215,0.293930003837896,6.28626060612246e-05,0.5,0.4,2,NA,90,4,NA,11,NA,NA,NA,NA,NA,NA,11,252,167,41,2,31,73,2,7,126,20.5,TRUE,0.000125725212122449,2.475555,21663517,21663518,21663738
"stage1_only","TS-RIGHT-TUNED","TS tuned K1cap in {2,5,15,25}, T1=100, T2=4, eta=0.5/L",15,21660517,3,0.834599991089951,0.544564429967325,0.295004387819535,6.28626060612246e-05,0.5,0.4,2,NA,100,4,NA,11,NA,NA,NA,NA,NA,NA,11,252,167,41,2,31,73,2,7,126,20.5,TRUE,0.000125725212122449,2.475555,21663517,21663518,21663738
"after_stage2","TS-RIGHT-TUNED","TS tuned K1cap in {2,5,15,25}, T1=0, T2=4, eta=0.5/L",15,21660517,4,0.651509675100364,0.436740455089546,0.0598297971307027,6.63130411497391e-05,0.5,0.4,2,NA,0,4,NA,49,NA,NA,NA,NA,NA,NA,49,252,167,41,2,31,321,2,7,126,20.5,TRUE,0.000132626082299478,2.465694,21664517,21664518,21664738
"after_stage2","TS-RIGHT-TUNED","TS tuned K1cap in {2,5,15,25}, T1=10, T2=4, eta=0.5/L",15,21660517,4,0.63408723153642,0.423339119440077,0.109440871141998,6.63130411497391e-05,0.5,0.4,25,NA,10,4,NA,49,NA,NA,NA,NA,NA,NA,49,252,167,41,25,31,321,2,7,10.08,20.5,TRUE,0.000132626082299478,2.465694,21664517,21664518,21664738
"after_stage2","TS-RIGHT-TUNED","TS tuned K1cap in {2,5,15,25}, T1=20, T2=4, eta=0.5/L",15,21660517,4,0.62346003917265,0.42374452029719,0.139041954416765,6.63130411497391e-05,0.5,0.4,15,NA,20,4,NA,49,NA,NA,NA,NA,NA,NA,49,252,167,41,15,31,321,2,7,16.8,20.5,TRUE,0.000132626082299478,2.465694,21664517,21664518,21664738
"after_stage2","TS-RIGHT-TUNED","TS tuned K1cap in {2,5,15,25}, T1=30, T2=4, eta=0.5/L",15,21660517,4,0.619417821829149,0.421159652146883,0.150169845265632,6.63130411497391e-05,0.5,0.4,15,NA,30,4,NA,49,NA,NA,NA,NA,NA,NA,49,252,167,41,15,31,321,2,7,16.8,20.5,TRUE,0.000132626082299478,2.465694,21664517,21664518,21664738
"after_stage2","TS-RIGHT-TUNED","TS tuned K1cap in {2,5,15,25}, T1=40, T2=4, eta=0.5/L",15,21660517,4,0.615164608543045,0.423213528913556,0.161800442001436,6.63130411497391e-05,0.5,0.4,15,NA,40,4,NA,49,NA,NA,NA,NA,NA,NA,49,252,167,41,15,31,321,2,7,16.8,20.5,TRUE,0.000132626082299478,2.465694,21664517,21664518,21664738
"after_stage2","TS-RIGHT-TUNED","TS tuned K1cap in {2,5,15,25}, T1=50, T2=4, eta=0.5/L",15,21660517,4,0.613152308616953,0.422236061750731,0.16727523733433,6.63130411497391e-05,0.5,0.4,15,NA,50,4,NA,49,NA,NA,NA,NA,NA,NA,49,252,167,41,15,31,321,2,7,16.8,20.5,TRUE,0.000132626082299478,2.465694,21664517,21664518,21664738
"after_stage2","TS-RIGHT-TUNED","TS tuned K1cap in {2,5,15,25}, T1=60, T2=4, eta=0.5/L",15,21660517,4,0.612618656184091,0.423402088979277,0.168724117834174,6.63130411497391e-05,0.5,0.4,15,NA,60,4,NA,49,NA,NA,NA,NA,NA,NA,49,252,167,41,15,31,321,2,7,16.8,20.5,TRUE,0.000132626082299478,2.465694,21664517,21664518,21664738
"after_stage2","TS-RIGHT-TUNED","TS tuned K1cap in {2,5,15,25}, T1=70, T2=4, eta=0.5/L",15,21660517,4,0.612439823225739,0.422618296078298,0.169209371835811,6.63130411497391e-05,0.5,0.4,15,NA,70,4,NA,49,NA,NA,NA,NA,NA,NA,49,252,167,41,15,31,321,2,7,16.8,20.5,TRUE,0.000132626082299478,2.465694,21664517,21664518,21664738
"after_stage2","TS-RIGHT-TUNED","TS tuned K1cap in {2,5,15,25}, T1=80, T2=4, eta=0.5/L",15,21660517,4,0.613213561019755,0.423516840756288,0.167108854725718,6.63130411497391e-05,0.5,0.4,15,NA,80,4,NA,49,NA,NA,NA,NA,NA,NA,49,252,167,41,15,31,321,2,7,16.8,20.5,TRUE,0.000132626082299478,2.465694,21664517,21664518,21664738
"after_stage2","TS-RIGHT-TUNED","TS tuned K1cap in {2,5,15,25}, T1=90, T2=4, eta=0.5/L",15,21660517,4,0.613674994913008,0.425054541277873,0.165854907235567,6.63130411497391e-05,0.5,0.4,15,NA,90,4,NA,49,NA,NA,NA,NA,NA,NA,49,252,167,41,15,31,321,2,7,16.8,20.5,TRUE,0.000132626082299478,2.465694,21664517,21664518,21664738
"after_stage2","TS-RIGHT-TUNED","TS tuned K1cap in {2,5,15,25}, T1=100, T2=4, eta=0.5/L",15,21660517,4,0.611970331261299,0.422659780449941,0.170482639852321,6.63130411497391e-05,0.5,0.4,15,NA,100,4,NA,49,NA,NA,NA,NA,NA,NA,49,252,167,41,15,31,321,2,7,16.8,20.5,TRUE,0.000132626082299478,2.465694,21664517,21664518,21664738
"stage1_only","TS-RIGHT-TUNED","TS tuned K1cap in {2,5,15,25}, T1=0, T2=4, eta=0.5/L",15,21660517,4,0.67348274640019,0.455696552380952,-0.00465671724033312,6.63130411497391e-05,0.5,0.4,2,NA,0,4,NA,49,NA,NA,NA,NA,NA,NA,0,252,167,41,2,31,321,2,7,126,20.5,TRUE,0.000132626082299478,2.465694,21664517,21664518,21664738
"stage1_only","TS-RIGHT-TUNED","TS tuned K1cap in {2,5,15,25}, T1=10, T2=4, eta=0.5/L",15,21660517,4,0.615568646776542,0.415058722264087,0.160699026604692,6.63130411497391e-05,0.5,0.4,15,NA,10,4,NA,49,NA,NA,NA,NA,NA,NA,49,252,167,41,15,31,321,2,7,16.8,20.5,TRUE,0.000132626082299478,2.465694,21664517,21664518,21664738
"stage1_only","TS-RIGHT-TUNED","TS tuned K1cap in {2,5,15,25}, T1=20, T2=4, eta=0.5/L",15,21660517,4,0.606289642415496,0.416484497496349,0.185811353850974,6.63130411497391e-05,0.5,0.4,15,NA,20,4,NA,49,NA,NA,NA,NA,NA,NA,49,252,167,41,15,31,321,2,7,16.8,20.5,TRUE,0.000132626082299478,2.465694,21664517,21664518,21664738
"stage1_only","TS-RIGHT-TUNED","TS tuned K1cap in {2,5,15,25}, T1=30, T2=4, eta=0.5/L",15,21660517,4,0.602884358329981,0.417904194720442,0.194931607000363,6.63130411497391e-05,0.5,0.4,15,NA,30,4,NA,49,NA,NA,NA,NA,NA,NA,49,252,167,41,15,31,321,2,7,16.8,20.5,TRUE,0.000132626082299478,2.465694,21664517,21664518,21664738
"stage1_only","TS-RIGHT-TUNED","TS tuned K1cap in {2,5,15,25}, T1=40, T2=4, eta=0.5/L",15,21660517,4,0.600909451076009,0.418446574456057,0.200197397231148,6.63130411497391e-05,0.5,0.4,15,NA,40,4,NA,49,NA,NA,NA,NA,NA,NA,49,252,167,41,15,31,321,2,7,16.8,20.5,TRUE,0.000132626082299478,2.465694,21664517,21664518,21664738
"stage1_only","TS-RIGHT-TUNED","TS tuned K1cap in {2,5,15,25}, T1=50, T2=4, eta=0.5/L",15,21660517,4,0.601092079618529,0.420227829549254,0.199711170962909,6.63130411497391e-05,0.5,0.4,15,NA,50,4,NA,49,NA,NA,NA,NA,NA,NA,49,252,167,41,15,31,321,2,7,16.8,20.5,TRUE,0.000132626082299478,2.465694,21664517,21664518,21664738
"stage1_only","TS-RIGHT-TUNED","TS tuned K1cap in {2,5,15,25}, T1=60, T2=4, eta=0.5/L",15,21660517,4,0.601951284587177,0.421930588852942,0.197421659587703,6.63130411497391e-05,0.5,0.4,15,NA,60,4,NA,49,NA,NA,NA,NA,NA,NA,49,252,167,41,15,31,321,2,7,16.8,20.5,TRUE,0.000132626082299478,2.465694,21664517,21664518,21664738
"stage1_only","TS-RIGHT-TUNED","TS tuned K1cap in {2,5,15,25}, T1=70, T2=4, eta=0.5/L",15,21660517,4,0.602744287925986,0.42311724674849,0.195305652715059,6.63130411497391e-05,0.5,0.4,15,NA,70,4,NA,49,NA,NA,NA,NA,NA,NA,49,252,167,41,15,31,321,2,7,16.8,20.5,TRUE,0.000132626082299478,2.465694,21664517,21664518,21664738
"stage1_only","TS-RIGHT-TUNED","TS tuned K1cap in {2,5,15,25}, T1=80, T2=4, eta=0.5/L",15,21660517,4,0.604586565086764,0.424231798160789,0.190379067366248,6.63130411497391e-05,0.5,0.4,15,NA,80,4,NA,49,NA,NA,NA,NA,NA,NA,49,252,167,41,15,31,321,2,7,16.8,20.5,TRUE,0.000132626082299478,2.465694,21664517,21664518,21664738
"stage1_only","TS-RIGHT-TUNED","TS tuned K1cap in {2,5,15,25}, T1=90, T2=4, eta=0.5/L",15,21660517,4,0.605814022087314,0.424403268126474,0.18708827745883,6.63130411497391e-05,0.5,0.4,15,NA,90,4,NA,49,NA,NA,NA,NA,NA,NA,49,252,167,41,15,31,321,2,7,16.8,20.5,TRUE,0.000132626082299478,2.465694,21664517,21664518,21664738
"stage1_only","TS-RIGHT-TUNED","TS tuned K1cap in {2,5,15,25}, T1=100, T2=4, eta=0.5/L",15,21660517,4,0.605164988527531,0.423815284674077,0.188829156165084,6.63130411497391e-05,0.5,0.4,15,NA,100,4,NA,49,NA,NA,NA,NA,NA,NA,49,252,167,41,15,31,321,2,7,16.8,20.5,TRUE,0.000132626082299478,2.465694,21664517,21664518,21664738
"after_stage2","TS-RIGHT-TUNED","TS tuned K1cap in {2,5,15,25}, T1=0, T2=4, eta=0.5/L",15,21660517,5,1.34526328350105,0.710564517806333,0.185006591384336,6.79660905068294e-05,0.5,0.4,2,NA,0,4,NA,56,NA,NA,NA,NA,NA,NA,56,252,168,42,2,31,367,2,7,126,21,TRUE,0.000135932181013659,2.4695565,21665517,21665518,21665738
"after_stage2","TS-RIGHT-TUNED","TS tuned K1cap in {2,5,15,25}, T1=10, T2=4, eta=0.5/L",15,21660517,5,1.30423175490816,0.698297507402922,0.233964214559368,6.79660905068294e-05,0.5,0.4,2,NA,10,4,NA,56,NA,NA,NA,NA,NA,NA,56,252,168,42,2,31,367,2,7,126,21,TRUE,0.000135932181013659,2.4695565,21665517,21665518,21665738
"after_stage2","TS-RIGHT-TUNED","TS tuned K1cap in {2,5,15,25}, T1=20, T2=4, eta=0.5/L",15,21660517,5,1.29605431653997,0.703710233334162,0.243540077633692,6.79660905068294e-05,0.5,0.4,15,NA,20,4,NA,56,NA,NA,NA,NA,NA,NA,56,252,168,42,15,31,367,2,7,16.8,21,TRUE,0.000135932181013659,2.4695565,21665517,21665518,21665738
"after_stage2","TS-RIGHT-TUNED","TS tuned K1cap in {2,5,15,25}, T1=30, T2=4, eta=0.5/L",15,21660517,5,1.29746101416019,0.709622648399393,0.241897109688005,6.79660905068294e-05,0.5,0.4,15,NA,30,4,NA,56,NA,NA,NA,NA,NA,NA,56,252,168,42,15,31,367,2,7,16.8,21,TRUE,0.000135932181013659,2.4695565,21665517,21665518,21665738
"after_stage2","TS-RIGHT-TUNED","TS tuned K1cap in {2,5,15,25}, T1=40, T2=4, eta=0.5/L",15,21660517,5,1.2960730345285,0.712164372152081,0.243518227453159,6.79660905068294e-05,0.5,0.4,15,NA,40,4,NA,56,NA,NA,NA,NA,NA,NA,56,252,168,42,15,31,367,2,7,16.8,21,TRUE,0.000135932181013659,2.4695565,21665517,21665518,21665738
"after_stage2","TS-RIGHT-TUNED","TS tuned K1cap in {2,5,15,25}, T1=50, T2=4, eta=0.5/L",15,21660517,5,1.29218830893109,0.709322787574933,0.248046243856643,6.79660905068294e-05,0.5,0.4,15,NA,50,4,NA,56,NA,NA,NA,NA,NA,NA,56,252,168,42,15,31,367,2,7,16.8,21,TRUE,0.000135932181013659,2.4695565,21665517,21665518,21665738
"after_stage2","TS-RIGHT-TUNED","TS tuned K1cap in {2,5,15,25}, T1=60, T2=4, eta=0.5/L",15,21660517,5,1.28969030021765,0.710859290928101,0.250950729850226,6.79660905068294e-05,0.5,0.4,15,NA,60,4,NA,56,NA,NA,NA,NA,NA,NA,56,252,168,42,15,31,367,2,7,16.8,21,TRUE,0.000135932181013659,2.4695565,21665517,21665518,21665738
"after_stage2","TS-RIGHT-TUNED","TS tuned K1cap in {2,5,15,25}, T1=70, T2=4, eta=0.5/L",15,21660517,5,1.28627472483918,0.714187266533254,0.254912993357078,6.79660905068294e-05,0.5,0.4,15,NA,70,4,NA,56,NA,NA,NA,NA,NA,NA,56,252,168,42,15,31,367,2,7,16.8,21,TRUE,0.000135932181013659,2.4695565,21665517,21665518,21665738
"after_stage2","TS-RIGHT-TUNED","TS tuned K1cap in {2,5,15,25}, T1=80, T2=4, eta=0.5/L",15,21660517,5,1.28724198563787,0.714455117689381,0.253791981780047,6.79660905068294e-05,0.5,0.4,15,NA,80,4,NA,56,NA,NA,NA,NA,NA,NA,56,252,168,42,15,31,367,2,7,16.8,21,TRUE,0.000135932181013659,2.4695565,21665517,21665518,21665738
"after_stage2","TS-RIGHT-TUNED","TS tuned K1cap in {2,5,15,25}, T1=90, T2=4, eta=0.5/L",15,21660517,5,1.2858080345206,0.715324336956289,0.255453564985291,6.79660905068294e-05,0.5,0.4,15,NA,90,4,NA,56,NA,NA,NA,NA,NA,NA,56,252,168,42,15,31,367,2,7,16.8,21,TRUE,0.000135932181013659,2.4695565,21665517,21665518,21665738
"after_stage2","TS-RIGHT-TUNED","TS tuned K1cap in {2,5,15,25}, T1=100, T2=4, eta=0.5/L",15,21660517,5,1.28023487757894,0.715709215952166,0.261893844344115,6.79660905068294e-05,0.5,0.4,15,NA,100,4,NA,56,NA,NA,NA,NA,NA,NA,56,252,168,42,15,31,367,2,7,16.8,21,TRUE,0.000135932181013659,2.4695565,21665517,21665518,21665738
"stage1_only","TS-RIGHT-TUNED","TS tuned K1cap in {2,5,15,25}, T1=0, T2=4, eta=0.5/L",15,21660517,5,1.51231750002629,0.747377807692308,-0.0299721306144518,6.79660905068294e-05,0.5,0.4,2,NA,0,4,NA,56,NA,NA,NA,NA,NA,NA,0,252,168,42,2,31,367,2,7,126,21,TRUE,0.000135932181013659,2.4695565,21665517,21665518,21665738
"stage1_only","TS-RIGHT-TUNED","TS tuned K1cap in {2,5,15,25}, T1=10, T2=4, eta=0.5/L",15,21660517,5,1.38452400942091,0.702663149578414,0.136742220315,6.79660905068294e-05,0.5,0.4,2,NA,10,4,NA,56,NA,NA,NA,NA,NA,NA,56,252,168,42,2,31,367,2,7,126,21,TRUE,0.000135932181013659,2.4695565,21665517,21665518,21665738
"stage1_only","TS-RIGHT-TUNED","TS tuned K1cap in {2,5,15,25}, T1=20, T2=4, eta=0.5/L",15,21660517,5,1.3767979205784,0.704935390019323,0.146349850058464,6.79660905068294e-05,0.5,0.4,2,NA,20,4,NA,56,NA,NA,NA,NA,NA,NA,56,252,168,42,2,31,367,2,7,126,21,TRUE,0.000135932181013659,2.4695565,21665517,21665518,21665738
"stage1_only","TS-RIGHT-TUNED","TS tuned K1cap in {2,5,15,25}, T1=30, T2=4, eta=0.5/L",15,21660517,5,1.37599712772716,0.702887851231872,0.147342585630795,6.79660905068294e-05,0.5,0.4,15,NA,30,4,NA,56,NA,NA,NA,NA,NA,NA,56,252,168,42,15,31,367,2,7,16.8,21,TRUE,0.000135932181013659,2.4695565,21665517,21665518,21665738
"stage1_only","TS-RIGHT-TUNED","TS tuned K1cap in {2,5,15,25}, T1=40, T2=4, eta=0.5/L",15,21660517,5,1.37600590131933,0.704914402552266,0.147331712218175,6.79660905068294e-05,0.5,0.4,15,NA,40,4,NA,56,NA,NA,NA,NA,NA,NA,56,252,168,42,15,31,367,2,7,16.8,21,TRUE,0.000135932181013659,2.4695565,21665517,21665518,21665738
"stage1_only","TS-RIGHT-TUNED","TS tuned K1cap in {2,5,15,25}, T1=50, T2=4, eta=0.5/L",15,21660517,5,1.37379158739137,0.705885794770485,0.150073787797019,6.79660905068294e-05,0.5,0.4,15,NA,50,4,NA,56,NA,NA,NA,NA,NA,NA,56,252,168,42,15,31,367,2,7,16.8,21,TRUE,0.000135932181013659,2.4695565,21665517,21665518,21665738
"stage1_only","TS-RIGHT-TUNED","TS tuned K1cap in {2,5,15,25}, T1=60, T2=4, eta=0.5/L",15,21660517,5,1.37047448538021,0.706914831533861,0.154173228060166,6.79660905068294e-05,0.5,0.4,15,NA,60,4,NA,56,NA,NA,NA,NA,NA,NA,56,252,168,42,15,31,367,2,7,16.8,21,TRUE,0.000135932181013659,2.4695565,21665517,21665518,21665738
"stage1_only","TS-RIGHT-TUNED","TS tuned K1cap in {2,5,15,25}, T1=70, T2=4, eta=0.5/L",15,21660517,5,1.36490721030234,0.706532613037582,0.161031269970779,6.79660905068294e-05,0.5,0.4,15,NA,70,4,NA,56,NA,NA,NA,NA,NA,NA,56,252,168,42,15,31,367,2,7,16.8,21,TRUE,0.000135932181013659,2.4695565,21665517,21665518,21665738
"stage1_only","TS-RIGHT-TUNED","TS tuned K1cap in {2,5,15,25}, T1=80, T2=4, eta=0.5/L",15,21660517,5,1.35935902950374,0.705015595509967,0.167838017958499,6.79660905068294e-05,0.5,0.4,15,NA,80,4,NA,56,NA,NA,NA,NA,NA,NA,56,252,168,42,15,31,367,2,7,16.8,21,TRUE,0.000135932181013659,2.4695565,21665517,21665518,21665738
"stage1_only","TS-RIGHT-TUNED","TS tuned K1cap in {2,5,15,25}, T1=90, T2=4, eta=0.5/L",15,21660517,5,1.35855636240796,0.704536914395736,0.168820468986306,6.79660905068294e-05,0.5,0.4,15,NA,90,4,NA,56,NA,NA,NA,NA,NA,NA,56,252,168,42,15,31,367,2,7,16.8,21,TRUE,0.000135932181013659,2.4695565,21665517,21665518,21665738
"stage1_only","TS-RIGHT-TUNED","TS tuned K1cap in {2,5,15,25}, T1=100, T2=4, eta=0.5/L",15,21660517,5,1.35686678698931,0.705006613267283,0.170886584585726,6.79660905068294e-05,0.5,0.4,15,NA,100,4,NA,56,NA,NA,NA,NA,NA,NA,56,252,168,42,15,31,367,2,7,16.8,21,TRUE,0.000135932181013659,2.4695565,21665517,21665518,21665738
"after_stage2","TS-RIGHT-TUNED","TS tuned K1cap in {2,5,15,25}, T1=0, T2=4, eta=0.5/L",16,21760517,1,0.68687372154798,0.430935557824397,0.0910959041435647,6.45984652242488e-05,0.5,0.4,2,NA,0,4,NA,14,NA,NA,NA,NA,NA,NA,14,252,167,41,2,31,92,2,7,126,20.5,TRUE,0.000129196930448498,2.494534,21761517,21761518,21761738
"after_stage2","TS-RIGHT-TUNED","TS tuned K1cap in {2,5,15,25}, T1=10, T2=4, eta=0.5/L",16,21760517,1,0.65995896795121,0.424315375119654,0.160930128631913,6.45984652242488e-05,0.5,0.4,5,NA,10,4,NA,14,NA,NA,NA,NA,NA,NA,14,252,167,41,5,31,92,2,7,50.4,20.5,TRUE,0.000129196930448498,2.494534,21761517,21761518,21761738
"after_stage2","TS-RIGHT-TUNED","TS tuned K1cap in {2,5,15,25}, T1=20, T2=4, eta=0.5/L",16,21760517,1,0.659061732275326,0.424103487636579,0.163210063300972,6.45984652242488e-05,0.5,0.4,5,NA,20,4,NA,14,NA,NA,NA,NA,NA,NA,14,252,167,41,5,31,92,2,7,50.4,20.5,TRUE,0.000129196930448498,2.494534,21761517,21761518,21761738
"after_stage2","TS-RIGHT-TUNED","TS tuned K1cap in {2,5,15,25}, T1=30, T2=4, eta=0.5/L",16,21760517,1,0.663693650396149,0.420553169557475,0.151406730055046,6.45984652242488e-05,0.5,0.4,5,NA,30,4,NA,14,NA,NA,NA,NA,NA,NA,14,252,167,41,5,31,92,2,7,50.4,20.5,TRUE,0.000129196930448498,2.494534,21761517,21761518,21761738
"after_stage2","TS-RIGHT-TUNED","TS tuned K1cap in {2,5,15,25}, T1=40, T2=4, eta=0.5/L",16,21760517,1,0.66362364193042,0.431549611341691,0.151585745115726,6.45984652242488e-05,0.5,0.4,15,NA,40,4,NA,14,NA,NA,NA,NA,NA,NA,14,252,167,41,15,31,92,2,7,16.8,20.5,TRUE,0.000129196930448498,2.494534,21761517,21761518,21761738
"after_stage2","TS-RIGHT-TUNED","TS tuned K1cap in {2,5,15,25}, T1=50, T2=4, eta=0.5/L",16,21760517,1,0.663941859032137,0.432954827186405,0.150771896308013,6.45984652242488e-05,0.5,0.4,15,NA,50,4,NA,14,NA,NA,NA,NA,NA,NA,14,252,167,41,15,31,92,2,7,16.8,20.5,TRUE,0.000129196930448498,2.494534,21761517,21761518,21761738
"after_stage2","TS-RIGHT-TUNED","TS tuned K1cap in {2,5,15,25}, T1=60, T2=4, eta=0.5/L",16,21760517,1,0.664465082612599,0.434061780255494,0.149432889755076,6.45984652242488e-05,0.5,0.4,15,NA,60,4,NA,14,NA,NA,NA,NA,NA,NA,14,252,167,41,15,31,92,2,7,16.8,20.5,TRUE,0.000129196930448498,2.494534,21761517,21761518,21761738
"after_stage2","TS-RIGHT-TUNED","TS tuned K1cap in {2,5,15,25}, T1=70, T2=4, eta=0.5/L",16,21760517,1,0.665284731077027,0.435098702702398,0.147333167625634,6.45984652242488e-05,0.5,0.4,15,NA,70,4,NA,14,NA,NA,NA,NA,NA,NA,14,252,167,41,15,31,92,2,7,16.8,20.5,TRUE,0.000129196930448498,2.494534,21761517,21761518,21761738
"after_stage2","TS-RIGHT-TUNED","TS tuned K1cap in {2,5,15,25}, T1=80, T2=4, eta=0.5/L",16,21760517,1,0.669169627009141,0.440813605123592,0.137345884274866,6.45984652242488e-05,0.5,0.4,15,NA,80,4,NA,14,NA,NA,NA,NA,NA,NA,14,252,167,41,15,31,92,2,7,16.8,20.5,TRUE,0.000129196930448498,2.494534,21761517,21761518,21761738
"after_stage2","TS-RIGHT-TUNED","TS tuned K1cap in {2,5,15,25}, T1=90, T2=4, eta=0.5/L",16,21760517,1,0.669209733800345,0.444120535519872,0.137242474544566,6.45984652242488e-05,0.5,0.4,15,NA,90,4,NA,14,NA,NA,NA,NA,NA,NA,14,252,167,41,15,31,92,2,7,16.8,20.5,TRUE,0.000129196930448498,2.494534,21761517,21761518,21761738
"after_stage2","TS-RIGHT-TUNED","TS tuned K1cap in {2,5,15,25}, T1=100, T2=4, eta=0.5/L",16,21760517,1,0.670421346323098,0.445350295668698,0.134115580064137,6.45984652242488e-05,0.5,0.4,15,NA,100,4,NA,14,NA,NA,NA,NA,NA,NA,14,252,167,41,15,31,92,2,7,16.8,20.5,TRUE,0.000129196930448498,2.494534,21761517,21761518,21761738
"stage1_only","TS-RIGHT-TUNED","TS tuned K1cap in {2,5,15,25}, T1=0, T2=4, eta=0.5/L",16,21760517,1,0.751052614178572,0.479596314285714,-0.0866882766480579,6.45984652242488e-05,0.5,0.4,2,NA,0,4,NA,14,NA,NA,NA,NA,NA,NA,0,252,167,41,2,31,92,2,7,126,20.5,TRUE,0.000129196930448498,2.494534,21761517,21761518,21761738
"stage1_only","TS-RIGHT-TUNED","TS tuned K1cap in {2,5,15,25}, T1=10, T2=4, eta=0.5/L",16,21760517,1,0.644143668097018,0.422672098700492,0.200663321089021,6.45984652242488e-05,0.5,0.4,5,NA,10,4,NA,14,NA,NA,NA,NA,NA,NA,14,252,167,41,5,31,92,2,7,50.4,20.5,TRUE,0.000129196930448498,2.494534,21761517,21761518,21761738
"stage1_only","TS-RIGHT-TUNED","TS tuned K1cap in {2,5,15,25}, T1=20, T2=4, eta=0.5/L",16,21760517,1,0.650937908668071,0.432624246276657,0.183712048670476,6.45984652242488e-05,0.5,0.4,5,NA,20,4,NA,14,NA,NA,NA,NA,NA,NA,14,252,167,41,5,31,92,2,7,50.4,20.5,TRUE,0.000129196930448498,2.494534,21761517,21761518,21761738
"stage1_only","TS-RIGHT-TUNED","TS tuned K1cap in {2,5,15,25}, T1=30, T2=4, eta=0.5/L",16,21760517,1,0.658034508376043,0.429514541220103,0.165816498205333,6.45984652242488e-05,0.5,0.4,5,NA,30,4,NA,14,NA,NA,NA,NA,NA,NA,14,252,167,41,5,31,92,2,7,50.4,20.5,TRUE,0.000129196930448498,2.494534,21761517,21761518,21761738
"stage1_only","TS-RIGHT-TUNED","TS tuned K1cap in {2,5,15,25}, T1=40, T2=4, eta=0.5/L",16,21760517,1,0.662405624127831,0.429112172650906,0.154697253695839,6.45984652242488e-05,0.5,0.4,5,NA,40,4,NA,14,NA,NA,NA,NA,NA,NA,14,252,167,41,5,31,92,2,7,50.4,20.5,TRUE,0.000129196930448498,2.494534,21761517,21761518,21761738
"stage1_only","TS-RIGHT-TUNED","TS tuned K1cap in {2,5,15,25}, T1=50, T2=4, eta=0.5/L",16,21760517,1,0.672365742097915,0.442530955277835,0.12908571791228,6.45984652242488e-05,0.5,0.4,15,NA,50,4,NA,14,NA,NA,NA,NA,NA,NA,14,252,167,41,15,31,92,2,7,16.8,20.5,TRUE,0.000129196930448498,2.494534,21761517,21761518,21761738
"stage1_only","TS-RIGHT-TUNED","TS tuned K1cap in {2,5,15,25}, T1=60, T2=4, eta=0.5/L",16,21760517,1,0.673069921617015,0.444153983018004,0.127260517397286,6.45984652242488e-05,0.5,0.4,15,NA,60,4,NA,14,NA,NA,NA,NA,NA,NA,14,252,167,41,15,31,92,2,7,16.8,20.5,TRUE,0.000129196930448498,2.494534,21761517,21761518,21761738
"stage1_only","TS-RIGHT-TUNED","TS tuned K1cap in {2,5,15,25}, T1=70, T2=4, eta=0.5/L",16,21760517,1,0.673837312523601,0.445339042060917,0.125269300395745,6.45984652242488e-05,0.5,0.4,15,NA,70,4,NA,14,NA,NA,NA,NA,NA,NA,14,252,167,41,15,31,92,2,7,16.8,20.5,TRUE,0.000129196930448498,2.494534,21761517,21761518,21761738
"stage1_only","TS-RIGHT-TUNED","TS tuned K1cap in {2,5,15,25}, T1=80, T2=4, eta=0.5/L",16,21760517,1,0.674815872716693,0.446453372297249,0.1227268523606,6.45984652242488e-05,0.5,0.4,15,NA,80,4,NA,14,NA,NA,NA,NA,NA,NA,14,252,167,41,15,31,92,2,7,16.8,20.5,TRUE,0.000129196930448498,2.494534,21761517,21761518,21761738
"stage1_only","TS-RIGHT-TUNED","TS tuned K1cap in {2,5,15,25}, T1=90, T2=4, eta=0.5/L",16,21760517,1,0.675293078534042,0.44394574044039,0.121485660829678,6.45984652242488e-05,0.5,0.4,15,NA,90,4,NA,14,NA,NA,NA,NA,NA,NA,14,252,167,41,15,31,92,2,7,16.8,20.5,TRUE,0.000129196930448498,2.494534,21761517,21761518,21761738
"stage1_only","TS-RIGHT-TUNED","TS tuned K1cap in {2,5,15,25}, T1=100, T2=4, eta=0.5/L",16,21760517,1,0.675399411045149,0.442530388824623,0.121208975066737,6.45984652242488e-05,0.5,0.4,15,NA,100,4,NA,14,NA,NA,NA,NA,NA,NA,14,252,167,41,15,31,92,2,7,16.8,20.5,TRUE,0.000129196930448498,2.494534,21761517,21761518,21761738
"after_stage2","TS-RIGHT-TUNED","TS tuned K1cap in {2,5,15,25}, T1=0, T2=4, eta=0.5/L",16,21760517,2,0.831824471618245,0.462573093506992,0.178743157098539,6.60901791547135e-05,0.5,0.4,2,NA,0,4,NA,46,NA,NA,NA,NA,NA,NA,46,252,167,41,2,31,302,2,7,126,20.5,TRUE,0.000132180358309427,2.446731,21762517,21762518,21762738
"after_stage2","TS-RIGHT-TUNED","TS tuned K1cap in {2,5,15,25}, T1=10, T2=4, eta=0.5/L",16,21760517,2,0.79079743105452,0.455722500526594,0.257756991946607,6.60901791547135e-05,0.5,0.4,2,NA,10,4,NA,46,NA,NA,NA,NA,NA,NA,46,252,167,41,2,31,302,2,7,126,20.5,TRUE,0.000132180358309427,2.446731,21762517,21762518,21762738
"after_stage2","TS-RIGHT-TUNED","TS tuned K1cap in {2,5,15,25}, T1=20, T2=4, eta=0.5/L",16,21760517,2,0.785880561520844,0.449784597701587,0.266958252016169,6.60901791547135e-05,0.5,0.4,15,NA,20,4,NA,46,NA,NA,NA,NA,NA,NA,46,252,167,41,15,31,302,2,7,16.8,20.5,TRUE,0.000132180358309427,2.446731,21762517,21762518,21762738
"after_stage2","TS-RIGHT-TUNED","TS tuned K1cap in {2,5,15,25}, T1=30, T2=4, eta=0.5/L",16,21760517,2,0.785983509466102,0.44919512241782,0.266766186991814,6.60901791547135e-05,0.5,0.4,15,NA,30,4,NA,46,NA,NA,NA,NA,NA,NA,46,252,167,41,15,31,302,2,7,16.8,20.5,TRUE,0.000132180358309427,2.446731,21762517,21762518,21762738
"after_stage2","TS-RIGHT-TUNED","TS tuned K1cap in {2,5,15,25}, T1=40, T2=4, eta=0.5/L",16,21760517,2,0.790876223178588,0.451010681858062,0.257609075895308,6.60901791547135e-05,0.5,0.4,15,NA,40,4,NA,46,NA,NA,NA,NA,NA,NA,46,252,167,41,15,31,302,2,7,16.8,20.5,TRUE,0.000132180358309427,2.446731,21762517,21762518,21762738
"after_stage2","TS-RIGHT-TUNED","TS tuned K1cap in {2,5,15,25}, T1=50, T2=4, eta=0.5/L",16,21760517,2,0.796797501901952,0.453379915570649,0.246450921213341,6.60901791547135e-05,0.5,0.4,15,NA,50,4,NA,46,NA,NA,NA,NA,NA,NA,46,252,167,41,15,31,302,2,7,16.8,20.5,TRUE,0.000132180358309427,2.446731,21762517,21762518,21762738
"after_stage2","TS-RIGHT-TUNED","TS tuned K1cap in {2,5,15,25}, T1=60, T2=4, eta=0.5/L",16,21760517,2,0.797600429049857,0.450414175575398,0.244931463983722,6.60901791547135e-05,0.5,0.4,15,NA,60,4,NA,46,NA,NA,NA,NA,NA,NA,46,252,167,41,15,31,302,2,7,16.8,20.5,TRUE,0.000132180358309427,2.446731,21762517,21762518,21762738
"after_stage2","TS-RIGHT-TUNED","TS tuned K1cap in {2,5,15,25}, T1=70, T2=4, eta=0.5/L",16,21760517,2,0.797823111930196,0.453897236972881,0.24450978841276,6.60901791547135e-05,0.5,0.4,15,NA,70,4,NA,46,NA,NA,NA,NA,NA,NA,46,252,167,41,15,31,302,2,7,16.8,20.5,TRUE,0.000132180358309427,2.446731,21762517,21762518,21762738
"after_stage2","TS-RIGHT-TUNED","TS tuned K1cap in {2,5,15,25}, T1=80, T2=4, eta=0.5/L",16,21760517,2,0.804045188499628,0.4575010321159,0.232679978287558,6.60901791547135e-05,0.5,0.4,15,NA,80,4,NA,46,NA,NA,NA,NA,NA,NA,46,252,167,41,15,31,302,2,7,16.8,20.5,TRUE,0.000132180358309427,2.446731,21762517,21762518,21762738
"after_stage2","TS-RIGHT-TUNED","TS tuned K1cap in {2,5,15,25}, T1=90, T2=4, eta=0.5/L",16,21760517,2,0.808245109595406,0.473613682739851,0.224642866895211,6.60901791547135e-05,0.5,0.4,25,NA,90,4,NA,46,NA,NA,NA,NA,NA,NA,46,252,167,41,25,31,302,2,7,10.08,20.5,TRUE,0.000132180358309427,2.446731,21762517,21762518,21762738
"after_stage2","TS-RIGHT-TUNED","TS tuned K1cap in {2,5,15,25}, T1=100, T2=4, eta=0.5/L",16,21760517,2,0.807226500835645,0.473447704432108,0.226595957327795,6.60901791547135e-05,0.5,0.4,25,NA,100,4,NA,46,NA,NA,NA,NA,NA,NA,46,252,167,41,25,31,302,2,7,10.08,20.5,TRUE,0.000132180358309427,2.446731,21762517,21762518,21762738
"stage1_only","TS-RIGHT-TUNED","TS tuned K1cap in {2,5,15,25}, T1=0, T2=4, eta=0.5/L",16,21760517,2,0.917904042731888,0.504218247619048,-2.3442540070473e-05,6.60901791547135e-05,0.5,0.4,2,NA,0,4,NA,46,NA,NA,NA,NA,NA,NA,0,252,167,41,2,31,302,2,7,126,20.5,TRUE,0.000132180358309427,2.446731,21762517,21762518,21762738
"stage1_only","TS-RIGHT-TUNED","TS tuned K1cap in {2,5,15,25}, T1=10, T2=4, eta=0.5/L",16,21760517,2,0.778964953984713,0.46761052562302,0.279802758553407,6.60901791547135e-05,0.5,0.4,2,NA,10,4,NA,46,NA,NA,NA,NA,NA,NA,46,252,167,41,2,31,302,2,7,126,20.5,TRUE,0.000132180358309427,2.446731,21762517,21762518,21762738
"stage1_only","TS-RIGHT-TUNED","TS tuned K1cap in {2,5,15,25}, T1=20, T2=4, eta=0.5/L",16,21760517,2,0.778870313611819,0.458490767452795,0.279977748697969,6.60901791547135e-05,0.5,0.4,5,NA,20,4,NA,46,NA,NA,NA,NA,NA,NA,46,252,167,41,5,31,302,2,7,50.4,20.5,TRUE,0.000132180358309427,2.446731,21762517,21762518,21762738
"stage1_only","TS-RIGHT-TUNED","TS tuned K1cap in {2,5,15,25}, T1=30, T2=4, eta=0.5/L",16,21760517,2,0.779647686963003,0.438172337807062,0.278539754655051,6.60901791547135e-05,0.5,0.4,15,NA,30,4,NA,46,NA,NA,NA,NA,NA,NA,46,252,167,41,15,31,302,2,7,16.8,20.5,TRUE,0.000132180358309427,2.446731,21762517,21762518,21762738
"stage1_only","TS-RIGHT-TUNED","TS tuned K1cap in {2,5,15,25}, T1=40, T2=4, eta=0.5/L",16,21760517,2,0.780903818973476,0.438319499633008,0.276213115643743,6.60901791547135e-05,0.5,0.4,15,NA,40,4,NA,46,NA,NA,NA,NA,NA,NA,46,252,167,41,15,31,302,2,7,16.8,20.5,TRUE,0.000132180358309427,2.446731,21762517,21762518,21762738
"stage1_only","TS-RIGHT-TUNED","TS tuned K1cap in {2,5,15,25}, T1=50, T2=4, eta=0.5/L",16,21760517,2,0.784319842789281,0.441907888977611,0.269866927987397,6.60901791547135e-05,0.5,0.4,15,NA,50,4,NA,46,NA,NA,NA,NA,NA,NA,46,252,167,41,15,31,302,2,7,16.8,20.5,TRUE,0.000132180358309427,2.446731,21762517,21762518,21762738
"stage1_only","TS-RIGHT-TUNED","TS tuned K1cap in {2,5,15,25}, T1=60, T2=4, eta=0.5/L",16,21760517,2,0.787676365694599,0.445886465694916,0.263604298406335,6.60901791547135e-05,0.5,0.4,15,NA,60,4,NA,46,NA,NA,NA,NA,NA,NA,46,252,167,41,15,31,302,2,7,16.8,20.5,TRUE,0.000132180358309427,2.446731,21762517,21762518,21762738
"stage1_only","TS-RIGHT-TUNED","TS tuned K1cap in {2,5,15,25}, T1=70, T2=4, eta=0.5/L",16,21760517,2,0.79116503400843,0.449927385928371,0.257066766791531,6.60901791547135e-05,0.5,0.4,15,NA,70,4,NA,46,NA,NA,NA,NA,NA,NA,46,252,167,41,15,31,302,2,7,16.8,20.5,TRUE,0.000132180358309427,2.446731,21762517,21762518,21762738
"stage1_only","TS-RIGHT-TUNED","TS tuned K1cap in {2,5,15,25}, T1=80, T2=4, eta=0.5/L",16,21760517,2,0.792812819572305,0.451333863543429,0.253968880916242,6.60901791547135e-05,0.5,0.4,15,NA,80,4,NA,46,NA,NA,NA,NA,NA,NA,46,252,167,41,15,31,302,2,7,16.8,20.5,TRUE,0.000132180358309427,2.446731,21762517,21762518,21762738
"stage1_only","TS-RIGHT-TUNED","TS tuned K1cap in {2,5,15,25}, T1=90, T2=4, eta=0.5/L",16,21760517,2,0.795214750684816,0.452655956853027,0.249441633794088,6.60901791547135e-05,0.5,0.4,15,NA,90,4,NA,46,NA,NA,NA,NA,NA,NA,46,252,167,41,15,31,302,2,7,16.8,20.5,TRUE,0.000132180358309427,2.446731,21762517,21762518,21762738
"stage1_only","TS-RIGHT-TUNED","TS tuned K1cap in {2,5,15,25}, T1=100, T2=4, eta=0.5/L",16,21760517,2,0.798263844719738,0.454130093308629,0.243674863295248,6.60901791547135e-05,0.5,0.4,15,NA,100,4,NA,46,NA,NA,NA,NA,NA,NA,46,252,167,41,15,31,302,2,7,16.8,20.5,TRUE,0.000132180358309427,2.446731,21762517,21762518,21762738
"after_stage2","TS-RIGHT-TUNED","TS tuned K1cap in {2,5,15,25}, T1=0, T2=4, eta=0.5/L",16,21760517,3,0.877762978422459,0.547775816101506,0.133440386266695,6.67085918978365e-05,0.5,0.4,2,NA,0,4,NA,13,NA,NA,NA,NA,NA,NA,13,252,167,41,2,31,86,2,7,126,20.5,TRUE,0.000133417183795673,2.430037,21763517,21763518,21763738
"after_stage2","TS-RIGHT-TUNED","TS tuned K1cap in {2,5,15,25}, T1=10, T2=4, eta=0.5/L",16,21760517,3,0.866534394407746,0.560944876468009,0.155469115514661,6.67085918978365e-05,0.5,0.4,15,NA,10,4,NA,13,NA,NA,NA,NA,NA,NA,13,252,167,41,15,31,86,2,7,16.8,20.5,TRUE,0.000133417183795673,2.430037,21763517,21763518,21763738
"after_stage2","TS-RIGHT-TUNED","TS tuned K1cap in {2,5,15,25}, T1=20, T2=4, eta=0.5/L",16,21760517,3,0.864955311836611,0.564092966555305,0.158544282331729,6.67085918978365e-05,0.5,0.4,15,NA,20,4,NA,13,NA,NA,NA,NA,NA,NA,13,252,167,41,15,31,86,2,7,16.8,20.5,TRUE,0.000133417183795673,2.430037,21763517,21763518,21763738
"after_stage2","TS-RIGHT-TUNED","TS tuned K1cap in {2,5,15,25}, T1=30, T2=4, eta=0.5/L",16,21760517,3,0.864301333901275,0.567152762204018,0.159816221891248,6.67085918978365e-05,0.5,0.4,15,NA,30,4,NA,13,NA,NA,NA,NA,NA,NA,13,252,167,41,15,31,86,2,7,16.8,20.5,TRUE,0.000133417183795673,2.430037,21763517,21763518,21763738
"after_stage2","TS-RIGHT-TUNED","TS tuned K1cap in {2,5,15,25}, T1=40, T2=4, eta=0.5/L",16,21760517,3,0.864425760047984,0.569482126020173,0.159574296185788,6.67085918978365e-05,0.5,0.4,15,NA,40,4,NA,13,NA,NA,NA,NA,NA,NA,13,252,167,41,15,31,86,2,7,16.8,20.5,TRUE,0.000133417183795673,2.430037,21763517,21763518,21763738
"after_stage2","TS-RIGHT-TUNED","TS tuned K1cap in {2,5,15,25}, T1=50, T2=4, eta=0.5/L",16,21760517,3,0.862101804652027,0.567283225781163,0.164087087287101,6.67085918978365e-05,0.5,0.4,15,NA,50,4,NA,13,NA,NA,NA,NA,NA,NA,13,252,167,41,15,31,86,2,7,16.8,20.5,TRUE,0.000133417183795673,2.430037,21763517,21763518,21763738
"after_stage2","TS-RIGHT-TUNED","TS tuned K1cap in {2,5,15,25}, T1=60, T2=4, eta=0.5/L",16,21760517,3,0.860996457393922,0.567408072370945,0.166229251246391,6.67085918978365e-05,0.5,0.4,15,NA,60,4,NA,13,NA,NA,NA,NA,NA,NA,13,252,167,41,15,31,86,2,7,16.8,20.5,TRUE,0.000133417183795673,2.430037,21763517,21763518,21763738
"after_stage2","TS-RIGHT-TUNED","TS tuned K1cap in {2,5,15,25}, T1=70, T2=4, eta=0.5/L",16,21760517,3,0.864112297927149,0.572290756231996,0.160183703888514,6.67085918978365e-05,0.5,0.4,15,NA,70,4,NA,13,NA,NA,NA,NA,NA,NA,13,252,167,41,15,31,86,2,7,16.8,20.5,TRUE,0.000133417183795673,2.430037,21763517,21763518,21763738
"after_stage2","TS-RIGHT-TUNED","TS tuned K1cap in {2,5,15,25}, T1=80, T2=4, eta=0.5/L",16,21760517,3,0.864061382786625,0.573105124741839,0.160282668120597,6.67085918978365e-05,0.5,0.4,15,NA,80,4,NA,13,NA,NA,NA,NA,NA,NA,13,252,167,41,15,31,86,2,7,16.8,20.5,TRUE,0.000133417183795673,2.430037,21763517,21763518,21763738
"after_stage2","TS-RIGHT-TUNED","TS tuned K1cap in {2,5,15,25}, T1=90, T2=4, eta=0.5/L",16,21760517,3,0.86417865849482,0.573745200527399,0.160054709482957,6.67085918978365e-05,0.5,0.4,15,NA,90,4,NA,13,NA,NA,NA,NA,NA,NA,13,252,167,41,15,31,86,2,7,16.8,20.5,TRUE,0.000133417183795673,2.430037,21763517,21763518,21763738
"after_stage2","TS-RIGHT-TUNED","TS tuned K1cap in {2,5,15,25}, T1=100, T2=4, eta=0.5/L",16,21760517,3,0.864372965325588,0.565055472096331,0.159676950893294,6.67085918978365e-05,0.5,0.4,25,NA,100,4,NA,13,NA,NA,NA,NA,NA,NA,13,252,167,41,25,31,86,2,7,10.08,20.5,TRUE,0.000133417183795673,2.430037,21763517,21763518,21763738
"stage1_only","TS-RIGHT-TUNED","TS tuned K1cap in {2,5,15,25}, T1=0, T2=4, eta=0.5/L",16,21760517,3,0.943207229187672,0.563579352380952,-0.000594628386228369,6.67085918978365e-05,0.5,0.4,2,NA,0,4,NA,13,NA,NA,NA,NA,NA,NA,0,252,167,41,2,31,86,2,7,126,20.5,TRUE,0.000133417183795673,2.430037,21763517,21763518,21763738
"stage1_only","TS-RIGHT-TUNED","TS tuned K1cap in {2,5,15,25}, T1=10, T2=4, eta=0.5/L",16,21760517,3,0.883324337363203,0.597773874180116,0.122424847559698,6.67085918978365e-05,0.5,0.4,5,NA,10,4,NA,13,NA,NA,NA,NA,NA,NA,13,252,167,41,5,31,86,2,7,50.4,20.5,TRUE,0.000133417183795673,2.430037,21763517,21763518,21763738
"stage1_only","TS-RIGHT-TUNED","TS tuned K1cap in {2,5,15,25}, T1=20, T2=4, eta=0.5/L",16,21760517,3,0.882524029180025,0.554228767980571,0.124014325815674,6.67085918978365e-05,0.5,0.4,15,NA,20,4,NA,13,NA,NA,NA,NA,NA,NA,13,252,167,41,15,31,86,2,7,16.8,20.5,TRUE,0.000133417183795673,2.430037,21763517,21763518,21763738
"stage1_only","TS-RIGHT-TUNED","TS tuned K1cap in {2,5,15,25}, T1=30, T2=4, eta=0.5/L",16,21760517,3,0.880062326159886,0.558196431008951,0.128894440047011,6.67085918978365e-05,0.5,0.4,15,NA,30,4,NA,13,NA,NA,NA,NA,NA,NA,13,252,167,41,15,31,86,2,7,16.8,20.5,TRUE,0.000133417183795673,2.430037,21763517,21763518,21763738
"stage1_only","TS-RIGHT-TUNED","TS tuned K1cap in {2,5,15,25}, T1=40, T2=4, eta=0.5/L",16,21760517,3,0.878439337435232,0.557745291731261,0.132104419199026,6.67085918978365e-05,0.5,0.4,15,NA,40,4,NA,13,NA,NA,NA,NA,NA,NA,13,252,167,41,15,31,86,2,7,16.8,20.5,TRUE,0.000133417183795673,2.430037,21763517,21763518,21763738
"stage1_only","TS-RIGHT-TUNED","TS tuned K1cap in {2,5,15,25}, T1=50, T2=4, eta=0.5/L",16,21760517,3,0.876135804702105,0.553291768107408,0.136650218795607,6.67085918978365e-05,0.5,0.4,15,NA,50,4,NA,13,NA,NA,NA,NA,NA,NA,13,252,167,41,15,31,86,2,7,16.8,20.5,TRUE,0.000133417183795673,2.430037,21763517,21763518,21763738
"stage1_only","TS-RIGHT-TUNED","TS tuned K1cap in {2,5,15,25}, T1=60, T2=4, eta=0.5/L",16,21760517,3,0.873250762058816,0.5499679271416,0.142326735885556,6.67085918978365e-05,0.5,0.4,15,NA,60,4,NA,13,NA,NA,NA,NA,NA,NA,13,252,167,41,15,31,86,2,7,16.8,20.5,TRUE,0.000133417183795673,2.430037,21763517,21763518,21763738
"stage1_only","TS-RIGHT-TUNED","TS tuned K1cap in {2,5,15,25}, T1=70, T2=4, eta=0.5/L",16,21760517,3,0.871746547118303,0.549585110838219,0.145278954982161,6.67085918978365e-05,0.5,0.4,15,NA,70,4,NA,13,NA,NA,NA,NA,NA,NA,13,252,167,41,15,31,86,2,7,16.8,20.5,TRUE,0.000133417183795673,2.430037,21763517,21763518,21763738
"stage1_only","TS-RIGHT-TUNED","TS tuned K1cap in {2,5,15,25}, T1=80, T2=4, eta=0.5/L",16,21760517,3,0.871059435997594,0.549661904044795,0.146625807198732,6.67085918978365e-05,0.5,0.4,15,NA,80,4,NA,13,NA,NA,NA,NA,NA,NA,13,252,167,41,15,31,86,2,7,16.8,20.5,TRUE,0.000133417183795673,2.430037,21763517,21763518,21763738
"stage1_only","TS-RIGHT-TUNED","TS tuned K1cap in {2,5,15,25}, T1=90, T2=4, eta=0.5/L",16,21760517,3,0.870858232383924,0.549816568171469,0.147019998763228,6.67085918978365e-05,0.5,0.4,15,NA,90,4,NA,13,NA,NA,NA,NA,NA,NA,13,252,167,41,15,31,86,2,7,16.8,20.5,TRUE,0.000133417183795673,2.430037,21763517,21763518,21763738
"stage1_only","TS-RIGHT-TUNED","TS tuned K1cap in {2,5,15,25}, T1=100, T2=4, eta=0.5/L",16,21760517,3,0.870934050863751,0.550169116775082,0.146871468359939,6.67085918978365e-05,0.5,0.4,15,NA,100,4,NA,13,NA,NA,NA,NA,NA,NA,13,252,167,41,15,31,86,2,7,16.8,20.5,TRUE,0.000133417183795673,2.430037,21763517,21763518,21763738
"after_stage2","TS-RIGHT-TUNED","TS tuned K1cap in {2,5,15,25}, T1=0, T2=4, eta=0.5/L",16,21760517,4,0.975210819329225,0.530572643121631,0.244919980675082,6.90424651368569e-05,0.5,0.4,2,NA,0,4,NA,37,NA,NA,NA,NA,NA,NA,37,252,167,41,2,31,243,2,7,126,20.5,TRUE,0.000138084930273714,2.475555,21764517,21764518,21764738
"after_stage2","TS-RIGHT-TUNED","TS tuned K1cap in {2,5,15,25}, T1=10, T2=4, eta=0.5/L",16,21760517,4,0.933387304702837,0.537924370602517,0.308296878134253,6.90424651368569e-05,0.5,0.4,2,NA,10,4,NA,37,NA,NA,NA,NA,NA,NA,37,252,167,41,2,31,243,2,7,126,20.5,TRUE,0.000138084930273714,2.475555,21764517,21764518,21764738
"after_stage2","TS-RIGHT-TUNED","TS tuned K1cap in {2,5,15,25}, T1=20, T2=4, eta=0.5/L",16,21760517,4,0.926404027862338,0.537511845594695,0.318608320892169,6.90424651368569e-05,0.5,0.4,2,NA,20,4,NA,37,NA,NA,NA,NA,NA,NA,37,252,167,41,2,31,243,2,7,126,20.5,TRUE,0.000138084930273714,2.475555,21764517,21764518,21764738
"after_stage2","TS-RIGHT-TUNED","TS tuned K1cap in {2,5,15,25}, T1=30, T2=4, eta=0.5/L",16,21760517,4,0.92964763219622,0.539932141052703,0.313828475068114,6.90424651368569e-05,0.5,0.4,2,NA,30,4,NA,37,NA,NA,NA,NA,NA,NA,37,252,167,41,2,31,243,2,7,126,20.5,TRUE,0.000138084930273714,2.475555,21764517,21764518,21764738
"after_stage2","TS-RIGHT-TUNED","TS tuned K1cap in {2,5,15,25}, T1=40, T2=4, eta=0.5/L",16,21760517,4,0.924674534938502,0.52572139141927,0.321150110485852,6.90424651368569e-05,0.5,0.4,5,NA,40,4,NA,37,NA,NA,NA,NA,NA,NA,37,252,167,41,5,31,243,2,7,50.4,20.5,TRUE,0.000138084930273714,2.475555,21764517,21764518,21764738
"after_stage2","TS-RIGHT-TUNED","TS tuned K1cap in {2,5,15,25}, T1=50, T2=4, eta=0.5/L",16,21760517,4,0.922763487091594,0.524515056716647,0.32395320276227,6.90424651368569e-05,0.5,0.4,5,NA,50,4,NA,37,NA,NA,NA,NA,NA,NA,37,252,167,41,5,31,243,2,7,50.4,20.5,TRUE,0.000138084930273714,2.475555,21764517,21764518,21764738
"after_stage2","TS-RIGHT-TUNED","TS tuned K1cap in {2,5,15,25}, T1=60, T2=4, eta=0.5/L",16,21760517,4,0.920110788595975,0.523914114167955,0.327834523703981,6.90424651368569e-05,0.5,0.4,5,NA,60,4,NA,37,NA,NA,NA,NA,NA,NA,37,252,167,41,5,31,243,2,7,50.4,20.5,TRUE,0.000138084930273714,2.475555,21764517,21764518,21764738
"after_stage2","TS-RIGHT-TUNED","TS tuned K1cap in {2,5,15,25}, T1=70, T2=4, eta=0.5/L",16,21760517,4,0.919796990432387,0.524298577321325,0.328292921382786,6.90424651368569e-05,0.5,0.4,5,NA,70,4,NA,37,NA,NA,NA,NA,NA,NA,37,252,167,41,5,31,243,2,7,50.4,20.5,TRUE,0.000138084930273714,2.475555,21764517,21764518,21764738
"after_stage2","TS-RIGHT-TUNED","TS tuned K1cap in {2,5,15,25}, T1=80, T2=4, eta=0.5/L",16,21760517,4,0.919894307675481,0.523831922141526,0.328150776670773,6.90424651368569e-05,0.5,0.4,5,NA,80,4,NA,37,NA,NA,NA,NA,NA,NA,37,252,167,41,5,31,243,2,7,50.4,20.5,TRUE,0.000138084930273714,2.475555,21764517,21764518,21764738
"after_stage2","TS-RIGHT-TUNED","TS tuned K1cap in {2,5,15,25}, T1=90, T2=4, eta=0.5/L",16,21760517,4,0.918474089668716,0.523829712758508,0.330223701325324,6.90424651368569e-05,0.5,0.4,5,NA,90,4,NA,37,NA,NA,NA,NA,NA,NA,37,252,167,41,5,31,243,2,7,50.4,20.5,TRUE,0.000138084930273714,2.475555,21764517,21764518,21764738
"after_stage2","TS-RIGHT-TUNED","TS tuned K1cap in {2,5,15,25}, T1=100, T2=4, eta=0.5/L",16,21760517,4,0.918986538619991,0.525047803264971,0.329476109390676,6.90424651368569e-05,0.5,0.4,5,NA,100,4,NA,37,NA,NA,NA,NA,NA,NA,37,252,167,41,5,31,243,2,7,50.4,20.5,TRUE,0.000138084930273714,2.475555,21764517,21764518,21764738
"stage1_only","TS-RIGHT-TUNED","TS tuned K1cap in {2,5,15,25}, T1=0, T2=4, eta=0.5/L",16,21760517,4,1.13248923182119,0.607701066666667,-0.0182727436645926,6.90424651368569e-05,0.5,0.4,2,NA,0,4,NA,37,NA,NA,NA,NA,NA,NA,0,252,167,41,2,31,243,2,7,126,20.5,TRUE,0.000138084930273714,2.475555,21764517,21764518,21764738
"stage1_only","TS-RIGHT-TUNED","TS tuned K1cap in {2,5,15,25}, T1=10, T2=4, eta=0.5/L",16,21760517,4,0.980871807699679,0.541979863888187,0.236128228953065,6.90424651368569e-05,0.5,0.4,2,NA,10,4,NA,37,NA,NA,NA,NA,NA,NA,37,252,167,41,2,31,243,2,7,126,20.5,TRUE,0.000138084930273714,2.475555,21764517,21764518,21764738
"stage1_only","TS-RIGHT-TUNED","TS tuned K1cap in {2,5,15,25}, T1=20, T2=4, eta=0.5/L",16,21760517,4,0.971320283904404,0.541172520558647,0.250932641117099,6.90424651368569e-05,0.5,0.4,2,NA,20,4,NA,37,NA,NA,NA,NA,NA,NA,37,252,167,41,2,31,243,2,7,126,20.5,TRUE,0.000138084930273714,2.475555,21764517,21764518,21764738
"stage1_only","TS-RIGHT-TUNED","TS tuned K1cap in {2,5,15,25}, T1=30, T2=4, eta=0.5/L",16,21760517,4,0.970646334879387,0.542098391074127,0.251971758874019,6.90424651368569e-05,0.5,0.4,2,NA,30,4,NA,37,NA,NA,NA,NA,NA,NA,37,252,167,41,2,31,243,2,7,126,20.5,TRUE,0.000138084930273714,2.475555,21764517,21764518,21764738
"stage1_only","TS-RIGHT-TUNED","TS tuned K1cap in {2,5,15,25}, T1=40, T2=4, eta=0.5/L",16,21760517,4,0.970806999765879,0.517374782282614,0.251724105708076,6.90424651368569e-05,0.5,0.4,5,NA,40,4,NA,37,NA,NA,NA,NA,NA,NA,37,252,167,41,5,31,243,2,7,50.4,20.5,TRUE,0.000138084930273714,2.475555,21764517,21764518,21764738
"stage1_only","TS-RIGHT-TUNED","TS tuned K1cap in {2,5,15,25}, T1=50, T2=4, eta=0.5/L",16,21760517,4,0.968133515088324,0.515471424493036,0.255839752928646,6.90424651368569e-05,0.5,0.4,5,NA,50,4,NA,37,NA,NA,NA,NA,NA,NA,37,252,167,41,5,31,243,2,7,50.4,20.5,TRUE,0.000138084930273714,2.475555,21764517,21764518,21764738
"stage1_only","TS-RIGHT-TUNED","TS tuned K1cap in {2,5,15,25}, T1=60, T2=4, eta=0.5/L",16,21760517,4,0.966812872602325,0.514281079994264,0.257868603948613,6.90424651368569e-05,0.5,0.4,5,NA,60,4,NA,37,NA,NA,NA,NA,NA,NA,37,252,167,41,5,31,243,2,7,50.4,20.5,TRUE,0.000138084930273714,2.475555,21764517,21764518,21764738
"stage1_only","TS-RIGHT-TUNED","TS tuned K1cap in {2,5,15,25}, T1=70, T2=4, eta=0.5/L",16,21760517,4,0.966091938122443,0.514509575398055,0.258974978608876,6.90424651368569e-05,0.5,0.4,5,NA,70,4,NA,37,NA,NA,NA,NA,NA,NA,37,252,167,41,5,31,243,2,7,50.4,20.5,TRUE,0.000138084930273714,2.475555,21764517,21764518,21764738
"stage1_only","TS-RIGHT-TUNED","TS tuned K1cap in {2,5,15,25}, T1=80, T2=4, eta=0.5/L",16,21760517,4,0.96606440980975,0.515408010490166,0.259017208291302,6.90424651368569e-05,0.5,0.4,5,NA,80,4,NA,37,NA,NA,NA,NA,NA,NA,37,252,167,41,5,31,243,2,7,50.4,20.5,TRUE,0.000138084930273714,2.475555,21764517,21764518,21764738
"stage1_only","TS-RIGHT-TUNED","TS tuned K1cap in {2,5,15,25}, T1=90, T2=4, eta=0.5/L",16,21760517,4,0.966212856012678,0.516200504013676,0.258789470819993,6.90424651368569e-05,0.5,0.4,5,NA,90,4,NA,37,NA,NA,NA,NA,NA,NA,37,252,167,41,5,31,243,2,7,50.4,20.5,TRUE,0.000138084930273714,2.475555,21764517,21764518,21764738
"stage1_only","TS-RIGHT-TUNED","TS tuned K1cap in {2,5,15,25}, T1=100, T2=4, eta=0.5/L",16,21760517,4,0.966508660931057,0.516999405561632,0.258335559902013,6.90424651368569e-05,0.5,0.4,5,NA,100,4,NA,37,NA,NA,NA,NA,NA,NA,37,252,167,41,5,31,243,2,7,50.4,20.5,TRUE,0.000138084930273714,2.475555,21764517,21764518,21764738
"after_stage2","TS-RIGHT-TUNED","TS tuned K1cap in {2,5,15,25}, T1=0, T2=4, eta=0.5/L",16,21760517,5,1.01495113865955,0.616193386770737,0.155489785154795,6.48097644548081e-05,0.5,0.4,2,NA,0,4,NA,15,NA,NA,NA,NA,NA,NA,15,252,168,42,2,31,99,2,7,126,21,TRUE,0.000129619528909616,2.4798965,21765517,21765518,21765738
"after_stage2","TS-RIGHT-TUNED","TS tuned K1cap in {2,5,15,25}, T1=10, T2=4, eta=0.5/L",16,21760517,5,0.982867551829644,0.653766324914627,0.208037474461372,6.48097644548081e-05,0.5,0.4,2,NA,10,4,NA,15,NA,NA,NA,NA,NA,NA,15,252,168,42,2,31,99,2,7,126,21,TRUE,0.000129619528909616,2.4798965,21765517,21765518,21765738
"after_stage2","TS-RIGHT-TUNED","TS tuned K1cap in {2,5,15,25}, T1=20, T2=4, eta=0.5/L",16,21760517,5,0.969814623624842,0.649998767269645,0.228933040870538,6.48097644548081e-05,0.5,0.4,2,NA,20,4,NA,15,NA,NA,NA,NA,NA,NA,15,252,168,42,2,31,99,2,7,126,21,TRUE,0.000129619528909616,2.4798965,21765517,21765518,21765738
"after_stage2","TS-RIGHT-TUNED","TS tuned K1cap in {2,5,15,25}, T1=30, T2=4, eta=0.5/L",16,21760517,5,0.964610378199166,0.644963298430991,0.237186277605416,6.48097644548081e-05,0.5,0.4,2,NA,30,4,NA,15,NA,NA,NA,NA,NA,NA,15,252,168,42,2,31,99,2,7,126,21,TRUE,0.000129619528909616,2.4798965,21765517,21765518,21765738
"after_stage2","TS-RIGHT-TUNED","TS tuned K1cap in {2,5,15,25}, T1=40, T2=4, eta=0.5/L",16,21760517,5,0.962300751569851,0.644228423625853,0.240834809105252,6.48097644548081e-05,0.5,0.4,2,NA,40,4,NA,15,NA,NA,NA,NA,NA,NA,15,252,168,42,2,31,99,2,7,126,21,TRUE,0.000129619528909616,2.4798965,21765517,21765518,21765738
"after_stage2","TS-RIGHT-TUNED","TS tuned K1cap in {2,5,15,25}, T1=50, T2=4, eta=0.5/L",16,21760517,5,0.961428502593049,0.644082185245631,0.242210430921425,6.48097644548081e-05,0.5,0.4,2,NA,50,4,NA,15,NA,NA,NA,NA,NA,NA,15,252,168,42,2,31,99,2,7,126,21,TRUE,0.000129619528909616,2.4798965,21765517,21765518,21765738
"after_stage2","TS-RIGHT-TUNED","TS tuned K1cap in {2,5,15,25}, T1=60, T2=4, eta=0.5/L",16,21760517,5,0.964632938220277,0.647264510126084,0.237150596266484,6.48097644548081e-05,0.5,0.4,2,NA,60,4,NA,15,NA,NA,NA,NA,NA,NA,15,252,168,42,2,31,99,2,7,126,21,TRUE,0.000129619528909616,2.4798965,21765517,21765518,21765738
"after_stage2","TS-RIGHT-TUNED","TS tuned K1cap in {2,5,15,25}, T1=70, T2=4, eta=0.5/L",16,21760517,5,0.962605748127517,0.647990538510428,0.240353505390745,6.48097644548081e-05,0.5,0.4,2,NA,70,4,NA,15,NA,NA,NA,NA,NA,NA,15,252,168,42,2,31,99,2,7,126,21,TRUE,0.000129619528909616,2.4798965,21765517,21765518,21765738
"after_stage2","TS-RIGHT-TUNED","TS tuned K1cap in {2,5,15,25}, T1=80, T2=4, eta=0.5/L",16,21760517,5,0.962031444440844,0.647354731265383,0.241259665865318,6.48097644548081e-05,0.5,0.4,2,NA,80,4,NA,15,NA,NA,NA,NA,NA,NA,15,252,168,42,2,31,99,2,7,126,21,TRUE,0.000129619528909616,2.4798965,21765517,21765518,21765738
"after_stage2","TS-RIGHT-TUNED","TS tuned K1cap in {2,5,15,25}, T1=90, T2=4, eta=0.5/L",16,21760517,5,0.961207071144798,0.641363826497929,0.242559451400942,6.48097644548081e-05,0.5,0.4,2,NA,90,4,NA,15,NA,NA,NA,NA,NA,NA,15,252,168,42,2,31,99,2,7,126,21,TRUE,0.000129619528909616,2.4798965,21765517,21765518,21765738
"after_stage2","TS-RIGHT-TUNED","TS tuned K1cap in {2,5,15,25}, T1=100, T2=4, eta=0.5/L",16,21760517,5,0.960737936763098,0.640285211053344,0.243298635909104,6.48097644548081e-05,0.5,0.4,2,NA,100,4,NA,15,NA,NA,NA,NA,NA,NA,15,252,168,42,2,31,99,2,7,126,21,TRUE,0.000129619528909616,2.4798965,21765517,21765518,21765738
"stage1_only","TS-RIGHT-TUNED","TS tuned K1cap in {2,5,15,25}, T1=0, T2=4, eta=0.5/L",16,21760517,5,1.11083073913059,0.648546673076923,-0.0116037136013574,6.48097644548081e-05,0.5,0.4,2,NA,0,4,NA,15,NA,NA,NA,NA,NA,NA,0,252,168,42,2,31,99,2,7,126,21,TRUE,0.000129619528909616,2.4798965,21765517,21765518,21765738
"stage1_only","TS-RIGHT-TUNED","TS tuned K1cap in {2,5,15,25}, T1=10, T2=4, eta=0.5/L",16,21760517,5,0.982423462714956,0.64922258647466,0.208752977748509,6.48097644548081e-05,0.5,0.4,2,NA,10,4,NA,15,NA,NA,NA,NA,NA,NA,15,252,168,42,2,31,99,2,7,126,21,TRUE,0.000129619528909616,2.4798965,21765517,21765518,21765738
"stage1_only","TS-RIGHT-TUNED","TS tuned K1cap in {2,5,15,25}, T1=20, T2=4, eta=0.5/L",16,21760517,5,0.971541683095852,0.653909029819861,0.226184341896652,6.48097644548081e-05,0.5,0.4,2,NA,20,4,NA,15,NA,NA,NA,NA,NA,NA,15,252,168,42,2,31,99,2,7,126,21,TRUE,0.000129619528909616,2.4798965,21765517,21765518,21765738
"stage1_only","TS-RIGHT-TUNED","TS tuned K1cap in {2,5,15,25}, T1=30, T2=4, eta=0.5/L",16,21760517,5,0.967386987073213,0.656095367769343,0.232788473565775,6.48097644548081e-05,0.5,0.4,2,NA,30,4,NA,15,NA,NA,NA,NA,NA,NA,15,252,168,42,2,31,99,2,7,126,21,TRUE,0.000129619528909616,2.4798965,21765517,21765518,21765738
"stage1_only","TS-RIGHT-TUNED","TS tuned K1cap in {2,5,15,25}, T1=40, T2=4, eta=0.5/L",16,21760517,5,0.965344169331602,0.655963167359129,0.236025272373239,6.48097644548081e-05,0.5,0.4,2,NA,40,4,NA,15,NA,NA,NA,NA,NA,NA,15,252,168,42,2,31,99,2,7,126,21,TRUE,0.000129619528909616,2.4798965,21765517,21765518,21765738
"stage1_only","TS-RIGHT-TUNED","TS tuned K1cap in {2,5,15,25}, T1=50, T2=4, eta=0.5/L",16,21760517,5,0.963647248276963,0.653995761832574,0.238708803087477,6.48097644548081e-05,0.5,0.4,2,NA,50,4,NA,15,NA,NA,NA,NA,NA,NA,15,252,168,42,2,31,99,2,7,126,21,TRUE,0.000129619528909616,2.4798965,21765517,21765518,21765738
"stage1_only","TS-RIGHT-TUNED","TS tuned K1cap in {2,5,15,25}, T1=60, T2=4, eta=0.5/L",16,21760517,5,0.961026751006343,0.649780113256709,0.242843612800679,6.48097644548081e-05,0.5,0.4,2,NA,60,4,NA,15,NA,NA,NA,NA,NA,NA,15,252,168,42,2,31,99,2,7,126,21,TRUE,0.000129619528909616,2.4798965,21765517,21765518,21765738
"stage1_only","TS-RIGHT-TUNED","TS tuned K1cap in {2,5,15,25}, T1=70, T2=4, eta=0.5/L",16,21760517,5,0.955978077084438,0.646732205925406,0.250778032428136,6.48097644548081e-05,0.5,0.4,2,NA,70,4,NA,15,NA,NA,NA,NA,NA,NA,15,252,168,42,2,31,99,2,7,126,21,TRUE,0.000129619528909616,2.4798965,21765517,21765518,21765738
"stage1_only","TS-RIGHT-TUNED","TS tuned K1cap in {2,5,15,25}, T1=80, T2=4, eta=0.5/L",16,21760517,5,0.95439517421096,0.64511009311963,0.253257092969106,6.48097644548081e-05,0.5,0.4,2,NA,80,4,NA,15,NA,NA,NA,NA,NA,NA,15,252,168,42,2,31,99,2,7,126,21,TRUE,0.000129619528909616,2.4798965,21765517,21765518,21765738
"stage1_only","TS-RIGHT-TUNED","TS tuned K1cap in {2,5,15,25}, T1=90, T2=4, eta=0.5/L",16,21760517,5,0.953633460744144,0.643615626636711,0.254448585045824,6.48097644548081e-05,0.5,0.4,2,NA,90,4,NA,15,NA,NA,NA,NA,NA,NA,15,252,168,42,2,31,99,2,7,126,21,TRUE,0.000129619528909616,2.4798965,21765517,21765518,21765738
"stage1_only","TS-RIGHT-TUNED","TS tuned K1cap in {2,5,15,25}, T1=100, T2=4, eta=0.5/L",16,21760517,5,0.953159796923464,0.642211421117812,0.255189022635001,6.48097644548081e-05,0.5,0.4,2,NA,100,4,NA,15,NA,NA,NA,NA,NA,NA,15,252,168,42,2,31,99,2,7,126,21,TRUE,0.000129619528909616,2.4798965,21765517,21765518,21765738
"after_stage2","TS-RIGHT-TUNED","TS tuned K1cap in {2,5,15,25}, T1=0, T2=4, eta=0.5/L",17,21860517,1,0.95887633486588,0.641079528713931,0.268375874728908,6.5864314641726e-05,0.5,0.4,2,NA,0,4,NA,10,NA,NA,NA,NA,NA,NA,10,252,167,41,2,31,66,2,7,126,20.5,TRUE,0.000131728629283452,2.477898,21861517,21861518,21861738
"after_stage2","TS-RIGHT-TUNED","TS tuned K1cap in {2,5,15,25}, T1=10, T2=4, eta=0.5/L",17,21860517,1,0.934400708120785,0.619862410193914,0.305249072913025,6.5864314641726e-05,0.5,0.4,2,NA,10,4,NA,10,NA,NA,NA,NA,NA,NA,10,252,167,41,2,31,66,2,7,126,20.5,TRUE,0.000131728629283452,2.477898,21861517,21861518,21861738
"after_stage2","TS-RIGHT-TUNED","TS tuned K1cap in {2,5,15,25}, T1=20, T2=4, eta=0.5/L",17,21860517,1,0.93245316035865,0.625570207678622,0.308142158345293,6.5864314641726e-05,0.5,0.4,2,NA,20,4,NA,10,NA,NA,NA,NA,NA,NA,10,252,167,41,2,31,66,2,7,126,20.5,TRUE,0.000131728629283452,2.477898,21861517,21861518,21861738
"after_stage2","TS-RIGHT-TUNED","TS tuned K1cap in {2,5,15,25}, T1=30, T2=4, eta=0.5/L",17,21860517,1,0.927638500692561,0.623048850272173,0.315268436281834,6.5864314641726e-05,0.5,0.4,2,NA,30,4,NA,10,NA,NA,NA,NA,NA,NA,10,252,167,41,2,31,66,2,7,126,20.5,TRUE,0.000131728629283452,2.477898,21861517,21861518,21861738
"after_stage2","TS-RIGHT-TUNED","TS tuned K1cap in {2,5,15,25}, T1=40, T2=4, eta=0.5/L",17,21860517,1,0.926023006458751,0.622240627820252,0.317651297016703,6.5864314641726e-05,0.5,0.4,2,NA,40,4,NA,10,NA,NA,NA,NA,NA,NA,10,252,167,41,2,31,66,2,7,126,20.5,TRUE,0.000131728629283452,2.477898,21861517,21861518,21861738
"after_stage2","TS-RIGHT-TUNED","TS tuned K1cap in {2,5,15,25}, T1=50, T2=4, eta=0.5/L",17,21860517,1,0.924955709751,0.621772187403022,0.319223285688076,6.5864314641726e-05,0.5,0.4,2,NA,50,4,NA,10,NA,NA,NA,NA,NA,NA,10,252,167,41,2,31,66,2,7,126,20.5,TRUE,0.000131728629283452,2.477898,21861517,21861518,21861738
"after_stage2","TS-RIGHT-TUNED","TS tuned K1cap in {2,5,15,25}, T1=60, T2=4, eta=0.5/L",17,21860517,1,0.92246084655648,0.614570954575986,0.322890821681469,6.5864314641726e-05,0.5,0.4,2,NA,60,4,NA,10,NA,NA,NA,NA,NA,NA,10,252,167,41,2,31,66,2,7,126,20.5,TRUE,0.000131728629283452,2.477898,21861517,21861518,21861738
"after_stage2","TS-RIGHT-TUNED","TS tuned K1cap in {2,5,15,25}, T1=70, T2=4, eta=0.5/L",17,21860517,1,0.92153594006881,0.614243354275264,0.324247949656516,6.5864314641726e-05,0.5,0.4,2,NA,70,4,NA,10,NA,NA,NA,NA,NA,NA,10,252,167,41,2,31,66,2,7,126,20.5,TRUE,0.000131728629283452,2.477898,21861517,21861518,21861738
"after_stage2","TS-RIGHT-TUNED","TS tuned K1cap in {2,5,15,25}, T1=80, T2=4, eta=0.5/L",17,21860517,1,0.920722167764139,0.613961700218656,0.325440883058783,6.5864314641726e-05,0.5,0.4,2,NA,80,4,NA,10,NA,NA,NA,NA,NA,NA,10,252,167,41,2,31,66,2,7,126,20.5,TRUE,0.000131728629283452,2.477898,21861517,21861518,21861738
"after_stage2","TS-RIGHT-TUNED","TS tuned K1cap in {2,5,15,25}, T1=90, T2=4, eta=0.5/L",17,21860517,1,0.919991180480829,0.613708724366463,0.32651156086565,6.5864314641726e-05,0.5,0.4,2,NA,90,4,NA,10,NA,NA,NA,NA,NA,NA,10,252,167,41,2,31,66,2,7,126,20.5,TRUE,0.000131728629283452,2.477898,21861517,21861518,21861738
"after_stage2","TS-RIGHT-TUNED","TS tuned K1cap in {2,5,15,25}, T1=100, T2=4, eta=0.5/L",17,21860517,1,0.919325759156578,0.613475571796578,0.32748546475913,6.5864314641726e-05,0.5,0.4,2,NA,100,4,NA,10,NA,NA,NA,NA,NA,NA,10,252,167,41,2,31,66,2,7,126,20.5,TRUE,0.000131728629283452,2.477898,21861517,21861518,21861738
"stage1_only","TS-RIGHT-TUNED","TS tuned K1cap in {2,5,15,25}, T1=0, T2=4, eta=0.5/L",17,21860517,1,1.1326044036398,0.685315095238095,-0.0207498127212542,6.5864314641726e-05,0.5,0.4,2,NA,0,4,NA,10,NA,NA,NA,NA,NA,NA,0,252,167,41,2,31,66,2,7,126,20.5,TRUE,0.000131728629283452,2.477898,21861517,21861518,21861738
"stage1_only","TS-RIGHT-TUNED","TS tuned K1cap in {2,5,15,25}, T1=10, T2=4, eta=0.5/L",17,21860517,1,1.03068432646486,0.627090531877625,0.154693592802207,6.5864314641726e-05,0.5,0.4,2,NA,10,4,NA,10,NA,NA,NA,NA,NA,NA,10,252,167,41,2,31,66,2,7,126,20.5,TRUE,0.000131728629283452,2.477898,21861517,21861518,21861738
"stage1_only","TS-RIGHT-TUNED","TS tuned K1cap in {2,5,15,25}, T1=20, T2=4, eta=0.5/L",17,21860517,1,1.00760954041599,0.617391199403014,0.192119065798126,6.5864314641726e-05,0.5,0.4,2,NA,20,4,NA,10,NA,NA,NA,NA,NA,NA,10,252,167,41,2,31,66,2,7,126,20.5,TRUE,0.000131728629283452,2.477898,21861517,21861518,21861738
"stage1_only","TS-RIGHT-TUNED","TS tuned K1cap in {2,5,15,25}, T1=30, T2=4, eta=0.5/L",17,21860517,1,1.00010128720289,0.613680406313198,0.204114138621796,6.5864314641726e-05,0.5,0.4,2,NA,30,4,NA,10,NA,NA,NA,NA,NA,NA,10,252,167,41,2,31,66,2,7,126,20.5,TRUE,0.000131728629283452,2.477898,21861517,21861518,21861738
"stage1_only","TS-RIGHT-TUNED","TS tuned K1cap in {2,5,15,25}, T1=40, T2=4, eta=0.5/L",17,21860517,1,0.996640878406187,0.611807768110087,0.209612233293362,6.5864314641726e-05,0.5,0.4,2,NA,40,4,NA,10,NA,NA,NA,NA,NA,NA,10,252,167,41,2,31,66,2,7,126,20.5,TRUE,0.000131728629283452,2.477898,21861517,21861518,21861738
"stage1_only","TS-RIGHT-TUNED","TS tuned K1cap in {2,5,15,25}, T1=50, T2=4, eta=0.5/L",17,21860517,1,0.994479588545643,0.610640755199657,0.213036545624537,6.5864314641726e-05,0.5,0.4,2,NA,50,4,NA,10,NA,NA,NA,NA,NA,NA,10,252,167,41,2,31,66,2,7,126,20.5,TRUE,0.000131728629283452,2.477898,21861517,21861518,21861738
"stage1_only","TS-RIGHT-TUNED","TS tuned K1cap in {2,5,15,25}, T1=60, T2=4, eta=0.5/L",17,21860517,1,0.99284574842576,0.609775906401187,0.215620241208515,6.5864314641726e-05,0.5,0.4,2,NA,60,4,NA,10,NA,NA,NA,NA,NA,NA,10,252,167,41,2,31,66,2,7,126,20.5,TRUE,0.000131728629283452,2.477898,21861517,21861518,21861738
"stage1_only","TS-RIGHT-TUNED","TS tuned K1cap in {2,5,15,25}, T1=70, T2=4, eta=0.5/L",17,21860517,1,0.99148971992554,0.609064500153219,0.217761389416224,6.5864314641726e-05,0.5,0.4,2,NA,70,4,NA,10,NA,NA,NA,NA,NA,NA,10,252,167,41,2,31,66,2,7,126,20.5,TRUE,0.000131728629283452,2.477898,21861517,21861518,21861738
"stage1_only","TS-RIGHT-TUNED","TS tuned K1cap in {2,5,15,25}, T1=80, T2=4, eta=0.5/L",17,21860517,1,0.990315969605567,0.608448248902211,0.219612360404417,6.5864314641726e-05,0.5,0.4,2,NA,80,4,NA,10,NA,NA,NA,NA,NA,NA,10,252,167,41,2,31,66,2,7,126,20.5,TRUE,0.000131728629283452,2.477898,21861517,21861518,21861738
"stage1_only","TS-RIGHT-TUNED","TS tuned K1cap in {2,5,15,25}, T1=90, T2=4, eta=0.5/L",17,21860517,1,0.989279246239022,0.607899283323545,0.221245420248471,6.5864314641726e-05,0.5,0.4,2,NA,90,4,NA,10,NA,NA,NA,NA,NA,NA,10,252,167,41,2,31,66,2,7,126,20.5,TRUE,0.000131728629283452,2.477898,21861517,21861518,21861738
"stage1_only","TS-RIGHT-TUNED","TS tuned K1cap in {2,5,15,25}, T1=100, T2=4, eta=0.5/L",17,21860517,1,0.988352754596744,0.607402281592191,0.222703394331843,6.5864314641726e-05,0.5,0.4,2,NA,100,4,NA,10,NA,NA,NA,NA,NA,NA,10,252,167,41,2,31,66,2,7,126,20.5,TRUE,0.000131728629283452,2.477898,21861517,21861518,21861738
"after_stage2","TS-RIGHT-TUNED","TS tuned K1cap in {2,5,15,25}, T1=0, T2=4, eta=0.5/L",17,21860517,2,0.881658393319697,0.484075528120703,0.10043361775392,6.67701862916481e-05,0.5,0.4,2,NA,0,4,NA,28,NA,NA,NA,NA,NA,NA,28,252,167,41,2,31,184,2,7,126,20.5,TRUE,0.000133540372583296,2.455286,21862517,21862518,21862738
"after_stage2","TS-RIGHT-TUNED","TS tuned K1cap in {2,5,15,25}, T1=10, T2=4, eta=0.5/L",17,21860517,2,0.833984298944003,0.496778478361961,0.19508823877533,6.67701862916481e-05,0.5,0.4,2,NA,10,4,NA,28,NA,NA,NA,NA,NA,NA,28,252,167,41,2,31,184,2,7,126,20.5,TRUE,0.000133540372583296,2.455286,21862517,21862518,21862738
"after_stage2","TS-RIGHT-TUNED","TS tuned K1cap in {2,5,15,25}, T1=20, T2=4, eta=0.5/L",17,21860517,2,0.831811144756955,0.498686938203982,0.199277570352016,6.67701862916481e-05,0.5,0.4,2,NA,20,4,NA,28,NA,NA,NA,NA,NA,NA,28,252,167,41,2,31,184,2,7,126,20.5,TRUE,0.000133540372583296,2.455286,21862517,21862518,21862738
"after_stage2","TS-RIGHT-TUNED","TS tuned K1cap in {2,5,15,25}, T1=30, T2=4, eta=0.5/L",17,21860517,2,0.836129809345891,0.505276245822567,0.190941475023702,6.67701862916481e-05,0.5,0.4,2,NA,30,4,NA,28,NA,NA,NA,NA,NA,NA,28,252,167,41,2,31,184,2,7,126,20.5,TRUE,0.000133540372583296,2.455286,21862517,21862518,21862738
"after_stage2","TS-RIGHT-TUNED","TS tuned K1cap in {2,5,15,25}, T1=40, T2=4, eta=0.5/L",17,21860517,2,0.839764064956843,0.510515734931196,0.183893010672856,6.67701862916481e-05,0.5,0.4,2,NA,40,4,NA,28,NA,NA,NA,NA,NA,NA,28,252,167,41,2,31,184,2,7,126,20.5,TRUE,0.000133540372583296,2.455286,21862517,21862518,21862738
"after_stage2","TS-RIGHT-TUNED","TS tuned K1cap in {2,5,15,25}, T1=50, T2=4, eta=0.5/L",17,21860517,2,0.842470937033978,0.514471902322627,0.178623298178838,6.67701862916481e-05,0.5,0.4,2,NA,50,4,NA,28,NA,NA,NA,NA,NA,NA,28,252,167,41,2,31,184,2,7,126,20.5,TRUE,0.000133540372583296,2.455286,21862517,21862518,21862738
"after_stage2","TS-RIGHT-TUNED","TS tuned K1cap in {2,5,15,25}, T1=60, T2=4, eta=0.5/L",17,21860517,2,0.856391146166699,0.517526885186533,0.151255717448112,6.67701862916481e-05,0.5,0.4,2,NA,60,4,NA,28,NA,NA,NA,NA,NA,NA,28,252,167,41,2,31,184,2,7,126,20.5,TRUE,0.000133540372583296,2.455286,21862517,21862518,21862738
"after_stage2","TS-RIGHT-TUNED","TS tuned K1cap in {2,5,15,25}, T1=70, T2=4, eta=0.5/L",17,21860517,2,0.867764258261394,0.520299421545081,0.128562908760798,6.67701862916481e-05,0.5,0.4,2,NA,70,4,NA,28,NA,NA,NA,NA,NA,NA,28,252,167,41,2,31,184,2,7,126,20.5,TRUE,0.000133540372583296,2.455286,21862517,21862518,21862738
"after_stage2","TS-RIGHT-TUNED","TS tuned K1cap in {2,5,15,25}, T1=80, T2=4, eta=0.5/L",17,21860517,2,0.87606355030023,0.524855159666853,0.111814360446956,6.67701862916481e-05,0.5,0.4,2,NA,80,4,NA,28,NA,NA,NA,NA,NA,NA,28,252,167,41,2,31,184,2,7,126,20.5,TRUE,0.000133540372583296,2.455286,21862517,21862518,21862738
"after_stage2","TS-RIGHT-TUNED","TS tuned K1cap in {2,5,15,25}, T1=90, T2=4, eta=0.5/L",17,21860517,2,0.879169122048496,0.508728761209042,0.105506112050153,6.67701862916481e-05,0.5,0.4,15,NA,90,4,NA,28,NA,NA,NA,NA,NA,NA,28,252,167,41,15,31,184,2,7,16.8,20.5,TRUE,0.000133540372583296,2.455286,21862517,21862518,21862738
"after_stage2","TS-RIGHT-TUNED","TS tuned K1cap in {2,5,15,25}, T1=100, T2=4, eta=0.5/L",17,21860517,2,0.875966871060875,0.505114670362692,0.112010383609669,6.67701862916481e-05,0.5,0.4,15,NA,100,4,NA,28,NA,NA,NA,NA,NA,NA,28,252,167,41,15,31,184,2,7,16.8,20.5,TRUE,0.000133540372583296,2.455286,21862517,21862518,21862738
"stage1_only","TS-RIGHT-TUNED","TS tuned K1cap in {2,5,15,25}, T1=0, T2=4, eta=0.5/L",17,21860517,2,0.933163403356944,0.474669228571429,-0.00773866312937432,6.67701862916481e-05,0.5,0.4,2,NA,0,4,NA,28,NA,NA,NA,NA,NA,NA,0,252,167,41,2,31,184,2,7,126,20.5,TRUE,0.000133540372583296,2.455286,21862517,21862518,21862738
"stage1_only","TS-RIGHT-TUNED","TS tuned K1cap in {2,5,15,25}, T1=10, T2=4, eta=0.5/L",17,21860517,2,0.827940240121209,0.51586993345952,0.206712691274965,6.67701862916481e-05,0.5,0.4,2,NA,10,4,NA,28,NA,NA,NA,NA,NA,NA,28,252,167,41,2,31,184,2,7,126,20.5,TRUE,0.000133540372583296,2.455286,21862517,21862518,21862738
"stage1_only","TS-RIGHT-TUNED","TS tuned K1cap in {2,5,15,25}, T1=20, T2=4, eta=0.5/L",17,21860517,2,0.824696852509341,0.518589496213746,0.212915792582689,6.67701862916481e-05,0.5,0.4,2,NA,20,4,NA,28,NA,NA,NA,NA,NA,NA,28,252,167,41,2,31,184,2,7,126,20.5,TRUE,0.000133540372583296,2.455286,21862517,21862518,21862738
"stage1_only","TS-RIGHT-TUNED","TS tuned K1cap in {2,5,15,25}, T1=30, T2=4, eta=0.5/L",17,21860517,2,0.826496160818215,0.52196209940818,0.209477554454008,6.67701862916481e-05,0.5,0.4,2,NA,30,4,NA,28,NA,NA,NA,NA,NA,NA,28,252,167,41,2,31,184,2,7,126,20.5,TRUE,0.000133540372583296,2.455286,21862517,21862518,21862738
"stage1_only","TS-RIGHT-TUNED","TS tuned K1cap in {2,5,15,25}, T1=40, T2=4, eta=0.5/L",17,21860517,2,0.830999453271311,0.525972809855758,0.200839517371144,6.67701862916481e-05,0.5,0.4,2,NA,40,4,NA,28,NA,NA,NA,NA,NA,NA,28,252,167,41,2,31,184,2,7,126,20.5,TRUE,0.000133540372583296,2.455286,21862517,21862518,21862738
"stage1_only","TS-RIGHT-TUNED","TS tuned K1cap in {2,5,15,25}, T1=50, T2=4, eta=0.5/L",17,21860517,2,0.833643160150508,0.526702779098878,0.195746597614988,6.67701862916481e-05,0.5,0.4,2,NA,50,4,NA,28,NA,NA,NA,NA,NA,NA,28,252,167,41,2,31,184,2,7,126,20.5,TRUE,0.000133540372583296,2.455286,21862517,21862518,21862738
"stage1_only","TS-RIGHT-TUNED","TS tuned K1cap in {2,5,15,25}, T1=60, T2=4, eta=0.5/L",17,21860517,2,0.846317540108356,0.531473106061054,0.17110559532324,6.67701862916481e-05,0.5,0.4,2,NA,60,4,NA,28,NA,NA,NA,NA,NA,NA,28,252,167,41,2,31,184,2,7,126,20.5,TRUE,0.000133540372583296,2.455286,21862517,21862518,21862738
"stage1_only","TS-RIGHT-TUNED","TS tuned K1cap in {2,5,15,25}, T1=70, T2=4, eta=0.5/L",17,21860517,2,0.858206912797668,0.535419871509747,0.147652795260415,6.67701862916481e-05,0.5,0.4,2,NA,70,4,NA,28,NA,NA,NA,NA,NA,NA,28,252,167,41,2,31,184,2,7,126,20.5,TRUE,0.000133540372583296,2.455286,21862517,21862518,21862738
"stage1_only","TS-RIGHT-TUNED","TS tuned K1cap in {2,5,15,25}, T1=80, T2=4, eta=0.5/L",17,21860517,2,0.867566099993988,0.538856563764579,0.128960857272876,6.67701862916481e-05,0.5,0.4,2,NA,80,4,NA,28,NA,NA,NA,NA,NA,NA,28,252,167,41,2,31,184,2,7,126,20.5,TRUE,0.000133540372583296,2.455286,21862517,21862518,21862738
"stage1_only","TS-RIGHT-TUNED","TS tuned K1cap in {2,5,15,25}, T1=90, T2=4, eta=0.5/L",17,21860517,2,0.873303995027028,0.49385726291775,0.117401026177645,6.67701862916481e-05,0.5,0.4,15,NA,90,4,NA,28,NA,NA,NA,NA,NA,NA,28,252,167,41,15,31,184,2,7,16.8,20.5,TRUE,0.000133540372583296,2.455286,21862517,21862518,21862738
"stage1_only","TS-RIGHT-TUNED","TS tuned K1cap in {2,5,15,25}, T1=100, T2=4, eta=0.5/L",17,21860517,2,0.872197301138694,0.494179091075942,0.119636554681242,6.67701862916481e-05,0.5,0.4,15,NA,100,4,NA,28,NA,NA,NA,NA,NA,NA,28,252,167,41,15,31,184,2,7,16.8,20.5,TRUE,0.000133540372583296,2.455286,21862517,21862518,21862738
"after_stage2","TS-RIGHT-TUNED","TS tuned K1cap in {2,5,15,25}, T1=0, T2=4, eta=0.5/L",17,21860517,3,0.997967185987823,0.55929772675933,0.168950958811632,6.84707329060373e-05,0.5,0.4,2,NA,0,4,NA,10,NA,NA,NA,NA,NA,NA,10,252,167,41,2,31,66,2,7,126,20.5,TRUE,0.000136941465812075,2.481895,21863517,21863518,21863738
"after_stage2","TS-RIGHT-TUNED","TS tuned K1cap in {2,5,15,25}, T1=10, T2=4, eta=0.5/L",17,21860517,3,0.964861369117564,0.547812345803976,0.223173617130244,6.84707329060373e-05,0.5,0.4,2,NA,10,4,NA,10,NA,NA,NA,NA,NA,NA,10,252,167,41,2,31,66,2,7,126,20.5,TRUE,0.000136941465812075,2.481895,21863517,21863518,21863738
"after_stage2","TS-RIGHT-TUNED","TS tuned K1cap in {2,5,15,25}, T1=20, T2=4, eta=0.5/L",17,21860517,3,0.950172802513402,0.53493060091128,0.246645615936858,6.84707329060373e-05,0.5,0.4,2,NA,20,4,NA,10,NA,NA,NA,NA,NA,NA,10,252,167,41,2,31,66,2,7,126,20.5,TRUE,0.000136941465812075,2.481895,21863517,21863518,21863738
"after_stage2","TS-RIGHT-TUNED","TS tuned K1cap in {2,5,15,25}, T1=30, T2=4, eta=0.5/L",17,21860517,3,0.947426204337139,0.533763844086649,0.250994658934394,6.84707329060373e-05,0.5,0.4,2,NA,30,4,NA,10,NA,NA,NA,NA,NA,NA,10,252,167,41,2,31,66,2,7,126,20.5,TRUE,0.000136941465812075,2.481895,21863517,21863518,21863738
"after_stage2","TS-RIGHT-TUNED","TS tuned K1cap in {2,5,15,25}, T1=40, T2=4, eta=0.5/L",17,21860517,3,0.943884811322447,0.5289652265587,0.256583621593712,6.84707329060373e-05,0.5,0.4,2,NA,40,4,NA,10,NA,NA,NA,NA,NA,NA,10,252,167,41,2,31,66,2,7,126,20.5,TRUE,0.000136941465812075,2.481895,21863517,21863518,21863738
"after_stage2","TS-RIGHT-TUNED","TS tuned K1cap in {2,5,15,25}, T1=50, T2=4, eta=0.5/L",17,21860517,3,0.94282176616998,0.53086351794426,0.258257215957465,6.84707329060373e-05,0.5,0.4,2,NA,50,4,NA,10,NA,NA,NA,NA,NA,NA,10,252,167,41,2,31,66,2,7,126,20.5,TRUE,0.000136941465812075,2.481895,21863517,21863518,21863738
"after_stage2","TS-RIGHT-TUNED","TS tuned K1cap in {2,5,15,25}, T1=60, T2=4, eta=0.5/L",17,21860517,3,0.945516209077262,0.523066171149829,0.254011579123317,6.84707329060373e-05,0.5,0.4,2,NA,60,4,NA,10,NA,NA,NA,NA,NA,NA,10,252,167,41,2,31,66,2,7,126,20.5,TRUE,0.000136941465812075,2.481895,21863517,21863518,21863738
"after_stage2","TS-RIGHT-TUNED","TS tuned K1cap in {2,5,15,25}, T1=70, T2=4, eta=0.5/L",17,21860517,3,0.947114718526024,0.522663805897954,0.2514870797336,6.84707329060373e-05,0.5,0.4,2,NA,70,4,NA,10,NA,NA,NA,NA,NA,NA,10,252,167,41,2,31,66,2,7,126,20.5,TRUE,0.000136941465812075,2.481895,21863517,21863518,21863738
"after_stage2","TS-RIGHT-TUNED","TS tuned K1cap in {2,5,15,25}, T1=80, T2=4, eta=0.5/L",17,21860517,3,0.948169800828304,0.523565818321156,0.249818469574784,6.84707329060373e-05,0.5,0.4,2,NA,80,4,NA,10,NA,NA,NA,NA,NA,NA,10,252,167,41,2,31,66,2,7,126,20.5,TRUE,0.000136941465812075,2.481895,21863517,21863518,21863738
"after_stage2","TS-RIGHT-TUNED","TS tuned K1cap in {2,5,15,25}, T1=90, T2=4, eta=0.5/L",17,21860517,3,0.948653073962084,0.524113874753387,0.249053553900294,6.84707329060373e-05,0.5,0.4,2,NA,90,4,NA,10,NA,NA,NA,NA,NA,NA,10,252,167,41,2,31,66,2,7,126,20.5,TRUE,0.000136941465812075,2.481895,21863517,21863518,21863738
"after_stage2","TS-RIGHT-TUNED","TS tuned K1cap in {2,5,15,25}, T1=100, T2=4, eta=0.5/L",17,21860517,3,0.94875870018088,0.524442124853215,0.248886318792637,6.84707329060373e-05,0.5,0.4,2,NA,100,4,NA,10,NA,NA,NA,NA,NA,NA,10,252,167,41,2,31,66,2,7,126,20.5,TRUE,0.000136941465812075,2.481895,21863517,21863518,21863738
"stage1_only","TS-RIGHT-TUNED","TS tuned K1cap in {2,5,15,25}, T1=0, T2=4, eta=0.5/L",17,21860517,3,1.10838636253762,0.599292914285714,-0.0251241786476661,6.84707329060373e-05,0.5,0.4,2,NA,0,4,NA,10,NA,NA,NA,NA,NA,NA,0,252,167,41,2,31,66,2,7,126,20.5,TRUE,0.000136941465812075,2.481895,21863517,21863518,21863738
"stage1_only","TS-RIGHT-TUNED","TS tuned K1cap in {2,5,15,25}, T1=10, T2=4, eta=0.5/L",17,21860517,3,0.999049297894243,0.550381394203648,0.167147741970051,6.84707329060373e-05,0.5,0.4,2,NA,10,4,NA,10,NA,NA,NA,NA,NA,NA,10,252,167,41,2,31,66,2,7,126,20.5,TRUE,0.000136941465812075,2.481895,21863517,21863518,21863738
"stage1_only","TS-RIGHT-TUNED","TS tuned K1cap in {2,5,15,25}, T1=20, T2=4, eta=0.5/L",17,21860517,3,0.980899453369565,0.537023946558553,0.197133911223638,6.84707329060373e-05,0.5,0.4,2,NA,20,4,NA,10,NA,NA,NA,NA,NA,NA,10,252,167,41,2,31,66,2,7,126,20.5,TRUE,0.000136941465812075,2.481895,21863517,21863518,21863738
"stage1_only","TS-RIGHT-TUNED","TS tuned K1cap in {2,5,15,25}, T1=30, T2=4, eta=0.5/L",17,21860517,3,0.978002896593206,0.538306239741039,0.201868573024335,6.84707329060373e-05,0.5,0.4,2,NA,30,4,NA,10,NA,NA,NA,NA,NA,NA,10,252,167,41,2,31,66,2,7,126,20.5,TRUE,0.000136941465812075,2.481895,21863517,21863518,21863738
"stage1_only","TS-RIGHT-TUNED","TS tuned K1cap in {2,5,15,25}, T1=40, T2=4, eta=0.5/L",17,21860517,3,0.977294038359676,0.540031281469405,0.203025127882727,6.84707329060373e-05,0.5,0.4,2,NA,40,4,NA,10,NA,NA,NA,NA,NA,NA,10,252,167,41,2,31,66,2,7,126,20.5,TRUE,0.000136941465812075,2.481895,21863517,21863518,21863738
"stage1_only","TS-RIGHT-TUNED","TS tuned K1cap in {2,5,15,25}, T1=50, T2=4, eta=0.5/L",17,21860517,3,0.976996642942248,0.537840995323289,0.203510100885318,6.84707329060373e-05,0.5,0.4,2,NA,50,4,NA,10,NA,NA,NA,NA,NA,NA,10,252,167,41,2,31,66,2,7,126,20.5,TRUE,0.000136941465812075,2.481895,21863517,21863518,21863738
"stage1_only","TS-RIGHT-TUNED","TS tuned K1cap in {2,5,15,25}, T1=60, T2=4, eta=0.5/L",17,21860517,3,0.977774105848969,0.530315322257181,0.202241953767479,6.84707329060373e-05,0.5,0.4,2,NA,60,4,NA,10,NA,NA,NA,NA,NA,NA,10,252,167,41,2,31,66,2,7,126,20.5,TRUE,0.000136941465812075,2.481895,21863517,21863518,21863738
"stage1_only","TS-RIGHT-TUNED","TS tuned K1cap in {2,5,15,25}, T1=70, T2=4, eta=0.5/L",17,21860517,3,0.980205710286043,0.530500462363836,0.198269166892457,6.84707329060373e-05,0.5,0.4,2,NA,70,4,NA,10,NA,NA,NA,NA,NA,NA,10,252,167,41,2,31,66,2,7,126,20.5,TRUE,0.000136941465812075,2.481895,21863517,21863518,21863738
"stage1_only","TS-RIGHT-TUNED","TS tuned K1cap in {2,5,15,25}, T1=80, T2=4, eta=0.5/L",17,21860517,3,0.981923673009769,0.531516196484072,0.195456388563126,6.84707329060373e-05,0.5,0.4,2,NA,80,4,NA,10,NA,NA,NA,NA,NA,NA,10,252,167,41,2,31,66,2,7,126,20.5,TRUE,0.000136941465812075,2.481895,21863517,21863518,21863738
"stage1_only","TS-RIGHT-TUNED","TS tuned K1cap in {2,5,15,25}, T1=90, T2=4, eta=0.5/L",17,21860517,3,0.982820939125106,0.532311634176848,0.193985358652485,6.84707329060373e-05,0.5,0.4,2,NA,90,4,NA,10,NA,NA,NA,NA,NA,NA,10,252,167,41,2,31,66,2,7,126,20.5,TRUE,0.000136941465812075,2.481895,21863517,21863518,21863738
"stage1_only","TS-RIGHT-TUNED","TS tuned K1cap in {2,5,15,25}, T1=100, T2=4, eta=0.5/L",17,21860517,3,0.983156199100285,0.532961560377559,0.193435369275198,6.84707329060373e-05,0.5,0.4,2,NA,100,4,NA,10,NA,NA,NA,NA,NA,NA,10,252,167,41,2,31,66,2,7,126,20.5,TRUE,0.000136941465812075,2.481895,21863517,21863518,21863738
"after_stage2","TS-RIGHT-TUNED","TS tuned K1cap in {2,5,15,25}, T1=0, T2=4, eta=0.5/L",17,21860517,4,0.893727883928704,0.536969664617446,0.145852809293718,6.73963053921696e-05,0.5,0.4,2,NA,0,4,NA,10,NA,NA,NA,NA,NA,NA,10,252,167,41,2,31,66,2,7,126,20.5,TRUE,0.000134792610784339,2.469354,21864517,21864518,21864738
"after_stage2","TS-RIGHT-TUNED","TS tuned K1cap in {2,5,15,25}, T1=10, T2=4, eta=0.5/L",17,21860517,4,0.847151327146954,0.53858473660594,0.232560599831179,6.73963053921696e-05,0.5,0.4,2,NA,10,4,NA,10,NA,NA,NA,NA,NA,NA,10,252,167,41,2,31,66,2,7,126,20.5,TRUE,0.000134792610784339,2.469354,21864517,21864518,21864738
"after_stage2","TS-RIGHT-TUNED","TS tuned K1cap in {2,5,15,25}, T1=20, T2=4, eta=0.5/L",17,21860517,4,0.839597240622635,0.54409340359907,0.246186161256534,6.73963053921696e-05,0.5,0.4,2,NA,20,4,NA,10,NA,NA,NA,NA,NA,NA,10,252,167,41,2,31,66,2,7,126,20.5,TRUE,0.000134792610784339,2.469354,21864517,21864518,21864738
"after_stage2","TS-RIGHT-TUNED","TS tuned K1cap in {2,5,15,25}, T1=30, T2=4, eta=0.5/L",17,21860517,4,0.842984763381956,0.560768501839702,0.240091065088391,6.73963053921696e-05,0.5,0.4,2,NA,30,4,NA,10,NA,NA,NA,NA,NA,NA,10,252,167,41,2,31,66,2,7,126,20.5,TRUE,0.000134792610784339,2.469354,21864517,21864518,21864738
"after_stage2","TS-RIGHT-TUNED","TS tuned K1cap in {2,5,15,25}, T1=40, T2=4, eta=0.5/L",17,21860517,4,0.845396686854232,0.568986043326233,0.235736385587615,6.73963053921696e-05,0.5,0.4,2,NA,40,4,NA,10,NA,NA,NA,NA,NA,NA,10,252,167,41,2,31,66,2,7,126,20.5,TRUE,0.000134792610784339,2.469354,21864517,21864518,21864738
"after_stage2","TS-RIGHT-TUNED","TS tuned K1cap in {2,5,15,25}, T1=50, T2=4, eta=0.5/L",17,21860517,4,0.847040472838433,0.573452724540209,0.232761433838324,6.73963053921696e-05,0.5,0.4,2,NA,50,4,NA,10,NA,NA,NA,NA,NA,NA,10,252,167,41,2,31,66,2,7,126,20.5,TRUE,0.000134792610784339,2.469354,21864517,21864518,21864738
"after_stage2","TS-RIGHT-TUNED","TS tuned K1cap in {2,5,15,25}, T1=60, T2=4, eta=0.5/L",17,21860517,4,0.84826373433923,0.576097230897925,0.230543804041479,6.73963053921696e-05,0.5,0.4,2,NA,60,4,NA,10,NA,NA,NA,NA,NA,NA,10,252,167,41,2,31,66,2,7,126,20.5,TRUE,0.000134792610784339,2.469354,21864517,21864518,21864738
"after_stage2","TS-RIGHT-TUNED","TS tuned K1cap in {2,5,15,25}, T1=70, T2=4, eta=0.5/L",17,21860517,4,0.848554605889086,0.520939810184728,0.230016017033313,6.73963053921696e-05,0.5,0.4,15,NA,70,4,NA,10,NA,NA,NA,NA,NA,NA,10,252,167,41,15,31,66,2,7,16.8,20.5,TRUE,0.000134792610784339,2.469354,21864517,21864518,21864738
"after_stage2","TS-RIGHT-TUNED","TS tuned K1cap in {2,5,15,25}, T1=80, T2=4, eta=0.5/L",17,21860517,4,0.847993914351381,0.520940116226187,0.231033231170056,6.73963053921696e-05,0.5,0.4,15,NA,80,4,NA,10,NA,NA,NA,NA,NA,NA,10,252,167,41,15,31,66,2,7,16.8,20.5,TRUE,0.000134792610784339,2.469354,21864517,21864518,21864738
"after_stage2","TS-RIGHT-TUNED","TS tuned K1cap in {2,5,15,25}, T1=90, T2=4, eta=0.5/L",17,21860517,4,0.846080810405737,0.510032092338769,0.2344989492443,6.73963053921696e-05,0.5,0.4,25,NA,90,4,NA,10,NA,NA,NA,NA,NA,NA,10,252,167,41,25,31,66,2,7,10.08,20.5,TRUE,0.000134792610784339,2.469354,21864517,21864518,21864738
"after_stage2","TS-RIGHT-TUNED","TS tuned K1cap in {2,5,15,25}, T1=100, T2=4, eta=0.5/L",17,21860517,4,0.842809222884982,0.508597402811278,0.240407514232023,6.73963053921696e-05,0.5,0.4,25,NA,100,4,NA,10,NA,NA,NA,NA,NA,NA,10,252,167,41,25,31,66,2,7,10.08,20.5,TRUE,0.000134792610784339,2.469354,21864517,21864518,21864738
"stage1_only","TS-RIGHT-TUNED","TS tuned K1cap in {2,5,15,25}, T1=0, T2=4, eta=0.5/L",17,21860517,4,0.969900674479353,0.570964076190476,-0.00595052961780107,6.73963053921696e-05,0.5,0.4,2,NA,0,4,NA,10,NA,NA,NA,NA,NA,NA,0,252,167,41,2,31,66,2,7,126,20.5,TRUE,0.000134792610784339,2.469354,21864517,21864518,21864738
"stage1_only","TS-RIGHT-TUNED","TS tuned K1cap in {2,5,15,25}, T1=10, T2=4, eta=0.5/L",17,21860517,4,0.841053302130037,0.537266402037432,0.243569308769523,6.73963053921696e-05,0.5,0.4,2,NA,10,4,NA,10,NA,NA,NA,NA,NA,NA,10,252,167,41,2,31,66,2,7,126,20.5,TRUE,0.000134792610784339,2.469354,21864517,21864518,21864738
"stage1_only","TS-RIGHT-TUNED","TS tuned K1cap in {2,5,15,25}, T1=20, T2=4, eta=0.5/L",17,21860517,4,0.83466811927387,0.550811565177684,0.255011185414045,6.73963053921696e-05,0.5,0.4,2,NA,20,4,NA,10,NA,NA,NA,NA,NA,NA,10,252,167,41,2,31,66,2,7,126,20.5,TRUE,0.000134792610784339,2.469354,21864517,21864518,21864738
"stage1_only","TS-RIGHT-TUNED","TS tuned K1cap in {2,5,15,25}, T1=30, T2=4, eta=0.5/L",17,21860517,4,0.834972803849261,0.562480581663873,0.254467189484091,6.73963053921696e-05,0.5,0.4,2,NA,30,4,NA,10,NA,NA,NA,NA,NA,NA,10,252,167,41,2,31,66,2,7,126,20.5,TRUE,0.000134792610784339,2.469354,21864517,21864518,21864738
"stage1_only","TS-RIGHT-TUNED","TS tuned K1cap in {2,5,15,25}, T1=40, T2=4, eta=0.5/L",17,21860517,4,0.840730046024048,0.575680712076289,0.244150660388221,6.73963053921696e-05,0.5,0.4,2,NA,40,4,NA,10,NA,NA,NA,NA,NA,NA,10,252,167,41,2,31,66,2,7,126,20.5,TRUE,0.000134792610784339,2.469354,21864517,21864518,21864738
"stage1_only","TS-RIGHT-TUNED","TS tuned K1cap in {2,5,15,25}, T1=50, T2=4, eta=0.5/L",17,21860517,4,0.844151629220256,0.582430729070015,0.237985865774095,6.73963053921696e-05,0.5,0.4,2,NA,50,4,NA,10,NA,NA,NA,NA,NA,NA,10,252,167,41,2,31,66,2,7,126,20.5,TRUE,0.000134792610784339,2.469354,21864517,21864518,21864738
"stage1_only","TS-RIGHT-TUNED","TS tuned K1cap in {2,5,15,25}, T1=60, T2=4, eta=0.5/L",17,21860517,4,0.846221575134918,0.585894831516558,0.234244211137581,6.73963053921696e-05,0.5,0.4,2,NA,60,4,NA,10,NA,NA,NA,NA,NA,NA,10,252,167,41,2,31,66,2,7,126,20.5,TRUE,0.000134792610784339,2.469354,21864517,21864518,21864738
"stage1_only","TS-RIGHT-TUNED","TS tuned K1cap in {2,5,15,25}, T1=70, T2=4, eta=0.5/L",17,21860517,4,0.847696879666337,0.588093680110829,0.231571843050437,6.73963053921696e-05,0.5,0.4,2,NA,70,4,NA,10,NA,NA,NA,NA,NA,NA,10,252,167,41,2,31,66,2,7,126,20.5,TRUE,0.000134792610784339,2.469354,21864517,21864518,21864738
"stage1_only","TS-RIGHT-TUNED","TS tuned K1cap in {2,5,15,25}, T1=80, T2=4, eta=0.5/L",17,21860517,4,0.848889704800948,0.589767853772897,0.229407755078284,6.73963053921696e-05,0.5,0.4,2,NA,80,4,NA,10,NA,NA,NA,NA,NA,NA,10,252,167,41,2,31,66,2,7,126,20.5,TRUE,0.000134792610784339,2.469354,21864517,21864518,21864738
"stage1_only","TS-RIGHT-TUNED","TS tuned K1cap in {2,5,15,25}, T1=90, T2=4, eta=0.5/L",17,21860517,4,0.849918703262114,0.591093143641167,0.227538445514006,6.73963053921696e-05,0.5,0.4,2,NA,90,4,NA,10,NA,NA,NA,NA,NA,NA,10,252,167,41,2,31,66,2,7,126,20.5,TRUE,0.000134792610784339,2.469354,21864517,21864518,21864738
"stage1_only","TS-RIGHT-TUNED","TS tuned K1cap in {2,5,15,25}, T1=100, T2=4, eta=0.5/L",17,21860517,4,0.850831798878457,0.592213132275741,0.225877792237944,6.73963053921696e-05,0.5,0.4,2,NA,100,4,NA,10,NA,NA,NA,NA,NA,NA,10,252,167,41,2,31,66,2,7,126,20.5,TRUE,0.000134792610784339,2.469354,21864517,21864518,21864738
"after_stage2","TS-RIGHT-TUNED","TS tuned K1cap in {2,5,15,25}, T1=0, T2=4, eta=0.5/L",17,21860517,5,0.730519719651816,0.50126737564307,-0.123845008534494,5.34466937864217e-05,0.5,0.4,2,NA,0,4,NA,17,NA,NA,NA,NA,NA,NA,17,252,168,42,2,31,112,2,7,126,21,TRUE,0.000106893387572843,2.467524,21865517,21865518,21865738
"after_stage2","TS-RIGHT-TUNED","TS tuned K1cap in {2,5,15,25}, T1=10, T2=4, eta=0.5/L",17,21860517,5,0.739746408630917,0.521802452844176,-0.152413306504352,5.34466937864217e-05,0.5,0.4,2,NA,10,4,NA,17,NA,NA,NA,NA,NA,NA,17,252,168,42,2,31,112,2,7,126,21,TRUE,0.000106893387572843,2.467524,21865517,21865518,21865738
"after_stage2","TS-RIGHT-TUNED","TS tuned K1cap in {2,5,15,25}, T1=20, T2=4, eta=0.5/L",17,21860517,5,0.729030992051131,0.516855001630061,-0.119269103922618,5.34466937864217e-05,0.5,0.4,2,NA,20,4,NA,17,NA,NA,NA,NA,NA,NA,17,252,168,42,2,31,112,2,7,126,21,TRUE,0.000106893387572843,2.467524,21865517,21865518,21865738
"after_stage2","TS-RIGHT-TUNED","TS tuned K1cap in {2,5,15,25}, T1=30, T2=4, eta=0.5/L",17,21860517,5,0.725995705049228,0.514938261856936,-0.109968454862638,5.34466937864217e-05,0.5,0.4,2,NA,30,4,NA,17,NA,NA,NA,NA,NA,NA,17,252,168,42,2,31,112,2,7,126,21,TRUE,0.000106893387572843,2.467524,21865517,21865518,21865738
"after_stage2","TS-RIGHT-TUNED","TS tuned K1cap in {2,5,15,25}, T1=40, T2=4, eta=0.5/L",17,21860517,5,0.732557585916078,0.520600574355458,-0.130123936304929,5.34466937864217e-05,0.5,0.4,2,NA,40,4,NA,17,NA,NA,NA,NA,NA,NA,17,252,168,42,2,31,112,2,7,126,21,TRUE,0.000106893387572843,2.467524,21865517,21865518,21865738
"after_stage2","TS-RIGHT-TUNED","TS tuned K1cap in {2,5,15,25}, T1=50, T2=4, eta=0.5/L",17,21860517,5,0.724036111342407,0.512268705152626,-0.103984530420798,5.34466937864217e-05,0.5,0.4,2,NA,50,4,NA,17,NA,NA,NA,NA,NA,NA,17,252,168,42,2,31,112,2,7,126,21,TRUE,0.000106893387572843,2.467524,21865517,21865518,21865738
"after_stage2","TS-RIGHT-TUNED","TS tuned K1cap in {2,5,15,25}, T1=60, T2=4, eta=0.5/L",17,21860517,5,0.723151566878529,0.511636379474751,-0.101288734211106,5.34466937864217e-05,0.5,0.4,2,NA,60,4,NA,17,NA,NA,NA,NA,NA,NA,17,252,168,42,2,31,112,2,7,126,21,TRUE,0.000106893387572843,2.467524,21865517,21865518,21865738
"after_stage2","TS-RIGHT-TUNED","TS tuned K1cap in {2,5,15,25}, T1=70, T2=4, eta=0.5/L",17,21860517,5,0.722680931229647,0.511069433157876,-0.0998557370304565,5.34466937864217e-05,0.5,0.4,2,NA,70,4,NA,17,NA,NA,NA,NA,NA,NA,17,252,168,42,2,31,112,2,7,126,21,TRUE,0.000106893387572843,2.467524,21865517,21865518,21865738
"after_stage2","TS-RIGHT-TUNED","TS tuned K1cap in {2,5,15,25}, T1=80, T2=4, eta=0.5/L",17,21860517,5,0.722434377754564,0.510652780505744,-0.0991054003744856,5.34466937864217e-05,0.5,0.4,2,NA,80,4,NA,17,NA,NA,NA,NA,NA,NA,17,252,168,42,2,31,112,2,7,126,21,TRUE,0.000106893387572843,2.467524,21865517,21865518,21865738
"after_stage2","TS-RIGHT-TUNED","TS tuned K1cap in {2,5,15,25}, T1=90, T2=4, eta=0.5/L",17,21860517,5,0.709223224989406,0.493332787310194,-0.0592742901421814,5.34466937864217e-05,0.5,0.4,2,NA,90,4,NA,17,NA,NA,NA,NA,NA,NA,17,252,168,42,2,31,112,2,7,126,21,TRUE,0.000106893387572843,2.467524,21865517,21865518,21865738
"after_stage2","TS-RIGHT-TUNED","TS tuned K1cap in {2,5,15,25}, T1=100, T2=4, eta=0.5/L",17,21860517,5,0.706946268158958,0.491599916439899,-0.0524836210967816,5.34466937864217e-05,0.5,0.4,2,NA,100,4,NA,17,NA,NA,NA,NA,NA,NA,17,252,168,42,2,31,112,2,7,126,21,TRUE,0.000106893387572843,2.467524,21865517,21865518,21865738
"stage1_only","TS-RIGHT-TUNED","TS tuned K1cap in {2,5,15,25}, T1=0, T2=4, eta=0.5/L",17,21860517,5,0.690464316397564,0.460424567307692,-0.00397988406329719,5.34466937864217e-05,0.5,0.4,2,NA,0,4,NA,17,NA,NA,NA,NA,NA,NA,0,252,168,42,2,31,112,2,7,126,21,TRUE,0.000106893387572843,2.467524,21865517,21865518,21865738
"stage1_only","TS-RIGHT-TUNED","TS tuned K1cap in {2,5,15,25}, T1=10, T2=4, eta=0.5/L",17,21860517,5,0.666971371130379,0.422334578539339,0.0631783492863425,5.34466937864217e-05,0.5,0.4,25,NA,10,4,NA,17,NA,NA,NA,NA,NA,NA,17,252,168,42,25,31,112,2,7,10.08,21,TRUE,0.000106893387572843,2.467524,21865517,21865518,21865738
"stage1_only","TS-RIGHT-TUNED","TS tuned K1cap in {2,5,15,25}, T1=20, T2=4, eta=0.5/L",17,21860517,5,0.670609112807418,0.427866731857176,0.0529314064662039,5.34466937864217e-05,0.5,0.4,25,NA,20,4,NA,17,NA,NA,NA,NA,NA,NA,17,252,168,42,25,31,112,2,7,10.08,21,TRUE,0.000106893387572843,2.467524,21865517,21865518,21865738
"stage1_only","TS-RIGHT-TUNED","TS tuned K1cap in {2,5,15,25}, T1=30, T2=4, eta=0.5/L",17,21860517,5,0.673691572758813,0.435234074091535,0.0442049807445768,5.34466937864217e-05,0.5,0.4,15,NA,30,4,NA,17,NA,NA,NA,NA,NA,NA,17,252,168,42,15,31,112,2,7,16.8,21,TRUE,0.000106893387572843,2.467524,21865517,21865518,21865738
"stage1_only","TS-RIGHT-TUNED","TS tuned K1cap in {2,5,15,25}, T1=40, T2=4, eta=0.5/L",17,21860517,5,0.676979024733167,0.438347371700092,0.0348541241557482,5.34466937864217e-05,0.5,0.4,15,NA,40,4,NA,17,NA,NA,NA,NA,NA,NA,17,252,168,42,15,31,112,2,7,16.8,21,TRUE,0.000106893387572843,2.467524,21865517,21865518,21865738
"stage1_only","TS-RIGHT-TUNED","TS tuned K1cap in {2,5,15,25}, T1=50, T2=4, eta=0.5/L",17,21860517,5,0.680944407281044,0.43980797631701,0.0235143891230705,5.34466937864217e-05,0.5,0.4,15,NA,50,4,NA,17,NA,NA,NA,NA,NA,NA,17,252,168,42,15,31,112,2,7,16.8,21,TRUE,0.000106893387572843,2.467524,21865517,21865518,21865738
"stage1_only","TS-RIGHT-TUNED","TS tuned K1cap in {2,5,15,25}, T1=60, T2=4, eta=0.5/L",17,21860517,5,0.68340736315365,0.445286239196298,0.0164377748642527,5.34466937864217e-05,0.5,0.4,25,NA,60,4,NA,17,NA,NA,NA,NA,NA,NA,17,252,168,42,25,31,112,2,7,10.08,21,TRUE,0.000106893387572843,2.467524,21865517,21865518,21865738
"stage1_only","TS-RIGHT-TUNED","TS tuned K1cap in {2,5,15,25}, T1=70, T2=4, eta=0.5/L",17,21860517,5,0.684506549062651,0.446405653642623,0.0132713261937247,5.34466937864217e-05,0.5,0.4,25,NA,70,4,NA,17,NA,NA,NA,NA,NA,NA,17,252,168,42,25,31,112,2,7,10.08,21,TRUE,0.000106893387572843,2.467524,21865517,21865518,21865738
"stage1_only","TS-RIGHT-TUNED","TS tuned K1cap in {2,5,15,25}, T1=80, T2=4, eta=0.5/L",17,21860517,5,0.685171820315343,0.446837841582292,0.0113523928553383,5.34466937864217e-05,0.5,0.4,25,NA,80,4,NA,17,NA,NA,NA,NA,NA,NA,17,252,168,42,25,31,112,2,7,10.08,21,TRUE,0.000106893387572843,2.467524,21865517,21865518,21865738
"stage1_only","TS-RIGHT-TUNED","TS tuned K1cap in {2,5,15,25}, T1=90, T2=4, eta=0.5/L",17,21860517,5,0.685364991846192,0.446793995108855,0.0107948524325765,5.34466937864217e-05,0.5,0.4,25,NA,90,4,NA,17,NA,NA,NA,NA,NA,NA,17,252,168,42,25,31,112,2,7,10.08,21,TRUE,0.000106893387572843,2.467524,21865517,21865518,21865738
"stage1_only","TS-RIGHT-TUNED","TS tuned K1cap in {2,5,15,25}, T1=100, T2=4, eta=0.5/L",17,21860517,5,0.685909057979215,0.460508573181078,0.00922369941540491,5.34466937864217e-05,0.5,0.4,2,NA,100,4,NA,17,NA,NA,NA,NA,NA,NA,17,252,168,42,2,31,112,2,7,126,21,TRUE,0.000106893387572843,2.467524,21865517,21865518,21865738
"after_stage2","TS-RIGHT-TUNED","TS tuned K1cap in {2,5,15,25}, T1=0, T2=4, eta=0.5/L",18,21960517,1,1.02759329019217,0.562564325074052,0.139384859541638,6.64858103596564e-05,0.5,0.4,2,NA,0,4,NA,21,NA,NA,NA,NA,NA,NA,21,252,167,41,2,31,138,2,7,126,20.5,TRUE,0.000132971620719313,2.485584,21961517,21961518,21961738
"after_stage2","TS-RIGHT-TUNED","TS tuned K1cap in {2,5,15,25}, T1=10, T2=4, eta=0.5/L",18,21960517,1,0.957958859964141,0.5517716279639,0.252071332837706,6.64858103596564e-05,0.5,0.4,2,NA,10,4,NA,21,NA,NA,NA,NA,NA,NA,21,252,167,41,2,31,138,2,7,126,20.5,TRUE,0.000132971620719313,2.485584,21961517,21961518,21961738
"after_stage2","TS-RIGHT-TUNED","TS tuned K1cap in {2,5,15,25}, T1=20, T2=4, eta=0.5/L",18,21960517,1,0.954660521765649,0.562459783169988,0.257212837090853,6.64858103596564e-05,0.5,0.4,2,NA,20,4,NA,21,NA,NA,NA,NA,NA,NA,21,252,167,41,2,31,138,2,7,126,20.5,TRUE,0.000132971620719313,2.485584,21961517,21961518,21961738
"after_stage2","TS-RIGHT-TUNED","TS tuned K1cap in {2,5,15,25}, T1=30, T2=4, eta=0.5/L",18,21960517,1,0.95760864170653,0.564525748656076,0.25261810035525,6.64858103596564e-05,0.5,0.4,2,NA,30,4,NA,21,NA,NA,NA,NA,NA,NA,21,252,167,41,2,31,138,2,7,126,20.5,TRUE,0.000132971620719313,2.485584,21961517,21961518,21961738
"after_stage2","TS-RIGHT-TUNED","TS tuned K1cap in {2,5,15,25}, T1=40, T2=4, eta=0.5/L",18,21960517,1,0.958911325322982,0.545949018273521,0.250583314256483,6.64858103596564e-05,0.5,0.4,5,NA,40,4,NA,21,NA,NA,NA,NA,NA,NA,21,252,167,41,5,31,138,2,7,50.4,20.5,TRUE,0.000132971620719313,2.485584,21961517,21961518,21961738
"after_stage2","TS-RIGHT-TUNED","TS tuned K1cap in {2,5,15,25}, T1=50, T2=4, eta=0.5/L",18,21960517,1,0.954371695483123,0.546949012764393,0.257662219875165,6.64858103596564e-05,0.5,0.4,5,NA,50,4,NA,21,NA,NA,NA,NA,NA,NA,21,252,167,41,5,31,138,2,7,50.4,20.5,TRUE,0.000132971620719313,2.485584,21961517,21961518,21961738
"after_stage2","TS-RIGHT-TUNED","TS tuned K1cap in {2,5,15,25}, T1=60, T2=4, eta=0.5/L",18,21960517,1,0.956531119614957,0.547836047114862,0.254299094846259,6.64858103596564e-05,0.5,0.4,5,NA,60,4,NA,21,NA,NA,NA,NA,NA,NA,21,252,167,41,5,31,138,2,7,50.4,20.5,TRUE,0.000132971620719313,2.485584,21961517,21961518,21961738
"after_stage2","TS-RIGHT-TUNED","TS tuned K1cap in {2,5,15,25}, T1=70, T2=4, eta=0.5/L",18,21960517,1,0.956916398539462,0.547372440740405,0.253698255630751,6.64858103596564e-05,0.5,0.4,5,NA,70,4,NA,21,NA,NA,NA,NA,NA,NA,21,252,167,41,5,31,138,2,7,50.4,20.5,TRUE,0.000132971620719313,2.485584,21961517,21961518,21961738
"after_stage2","TS-RIGHT-TUNED","TS tuned K1cap in {2,5,15,25}, T1=80, T2=4, eta=0.5/L",18,21960517,1,0.95372638431928,0.549728564511856,0.258665763682812,6.64858103596564e-05,0.5,0.4,5,NA,80,4,NA,21,NA,NA,NA,NA,NA,NA,21,252,167,41,5,31,138,2,7,50.4,20.5,TRUE,0.000132971620719313,2.485584,21961517,21961518,21961738
"after_stage2","TS-RIGHT-TUNED","TS tuned K1cap in {2,5,15,25}, T1=90, T2=4, eta=0.5/L",18,21960517,1,0.955069801992295,0.55478967417393,0.256575807993417,6.64858103596564e-05,0.5,0.4,5,NA,90,4,NA,21,NA,NA,NA,NA,NA,NA,21,252,167,41,5,31,138,2,7,50.4,20.5,TRUE,0.000132971620719313,2.485584,21961517,21961518,21961738
"after_stage2","TS-RIGHT-TUNED","TS tuned K1cap in {2,5,15,25}, T1=100, T2=4, eta=0.5/L",18,21960517,1,0.953388995565899,0.557978961861688,0.259190177387402,6.64858103596564e-05,0.5,0.4,5,NA,100,4,NA,21,NA,NA,NA,NA,NA,NA,21,252,167,41,5,31,138,2,7,50.4,20.5,TRUE,0.000132971620719313,2.485584,21961517,21961518,21961738
"stage1_only","TS-RIGHT-TUNED","TS tuned K1cap in {2,5,15,25}, T1=0, T2=4, eta=0.5/L",18,21960517,1,1.12497152891457,0.611929495238095,-0.0314531944548193,6.64858103596564e-05,0.5,0.4,2,NA,0,4,NA,21,NA,NA,NA,NA,NA,NA,0,252,167,41,2,31,138,2,7,126,20.5,TRUE,0.000132971620719313,2.485584,21961517,21961518,21961738
"stage1_only","TS-RIGHT-TUNED","TS tuned K1cap in {2,5,15,25}, T1=10, T2=4, eta=0.5/L",18,21960517,1,0.943451817880771,0.560941237896379,0.274552624598789,6.64858103596564e-05,0.5,0.4,2,NA,10,4,NA,21,NA,NA,NA,NA,NA,NA,21,252,167,41,2,31,138,2,7,126,20.5,TRUE,0.000132971620719313,2.485584,21961517,21961518,21961738
"stage1_only","TS-RIGHT-TUNED","TS tuned K1cap in {2,5,15,25}, T1=20, T2=4, eta=0.5/L",18,21960517,1,0.960587556811195,0.575824758599565,0.247960978355143,6.64858103596564e-05,0.5,0.4,2,NA,20,4,NA,21,NA,NA,NA,NA,NA,NA,21,252,167,41,2,31,138,2,7,126,20.5,TRUE,0.000132971620719313,2.485584,21961517,21961518,21961738
"stage1_only","TS-RIGHT-TUNED","TS tuned K1cap in {2,5,15,25}, T1=30, T2=4, eta=0.5/L",18,21960517,1,0.969725328400223,0.557862995042419,0.233585097316326,6.64858103596564e-05,0.5,0.4,5,NA,30,4,NA,21,NA,NA,NA,NA,NA,NA,21,252,167,41,5,31,138,2,7,50.4,20.5,TRUE,0.000132971620719313,2.485584,21961517,21961518,21961738
"stage1_only","TS-RIGHT-TUNED","TS tuned K1cap in {2,5,15,25}, T1=40, T2=4, eta=0.5/L",18,21960517,1,0.965500625639833,0.5637587180139,0.240248473019219,6.64858103596564e-05,0.5,0.4,5,NA,40,4,NA,21,NA,NA,NA,NA,NA,NA,21,252,167,41,5,31,138,2,7,50.4,20.5,TRUE,0.000132971620719313,2.485584,21961517,21961518,21961738
"stage1_only","TS-RIGHT-TUNED","TS tuned K1cap in {2,5,15,25}, T1=50, T2=4, eta=0.5/L",18,21960517,1,0.964489561494118,0.566889671626387,0.241838850703371,6.64858103596564e-05,0.5,0.4,5,NA,50,4,NA,21,NA,NA,NA,NA,NA,NA,21,252,167,41,5,31,138,2,7,50.4,20.5,TRUE,0.000132971620719313,2.485584,21961517,21961518,21961738
"stage1_only","TS-RIGHT-TUNED","TS tuned K1cap in {2,5,15,25}, T1=60, T2=4, eta=0.5/L",18,21960517,1,0.967367315418559,0.572280670801567,0.23730784023442,6.64858103596564e-05,0.5,0.4,5,NA,60,4,NA,21,NA,NA,NA,NA,NA,NA,21,252,167,41,5,31,138,2,7,50.4,20.5,TRUE,0.000132971620719313,2.485584,21961517,21961518,21961738
"stage1_only","TS-RIGHT-TUNED","TS tuned K1cap in {2,5,15,25}, T1=70, T2=4, eta=0.5/L",18,21960517,1,0.96759414974397,0.575903224242401,0.236950116663618,6.64858103596564e-05,0.5,0.4,5,NA,70,4,NA,21,NA,NA,NA,NA,NA,NA,21,252,167,41,5,31,138,2,7,50.4,20.5,TRUE,0.000132971620719313,2.485584,21961517,21961518,21961738
"stage1_only","TS-RIGHT-TUNED","TS tuned K1cap in {2,5,15,25}, T1=80, T2=4, eta=0.5/L",18,21960517,1,0.966758894808774,0.578729308333077,0.238266921018958,6.64858103596564e-05,0.5,0.4,5,NA,80,4,NA,21,NA,NA,NA,NA,NA,NA,21,252,167,41,5,31,138,2,7,50.4,20.5,TRUE,0.000132971620719313,2.485584,21961517,21961518,21961738
"stage1_only","TS-RIGHT-TUNED","TS tuned K1cap in {2,5,15,25}, T1=90, T2=4, eta=0.5/L",18,21960517,1,0.965782705275238,0.581433807139618,0.239804471773874,6.64858103596564e-05,0.5,0.4,5,NA,90,4,NA,21,NA,NA,NA,NA,NA,NA,21,252,167,41,5,31,138,2,7,50.4,20.5,TRUE,0.000132971620719313,2.485584,21961517,21961518,21961738
"stage1_only","TS-RIGHT-TUNED","TS tuned K1cap in {2,5,15,25}, T1=100, T2=4, eta=0.5/L",18,21960517,1,0.964652288490183,0.58466571720092,0.241582997868988,6.64858103596564e-05,0.5,0.4,5,NA,100,4,NA,21,NA,NA,NA,NA,NA,NA,21,252,167,41,5,31,138,2,7,50.4,20.5,TRUE,0.000132971620719313,2.485584,21961517,21961518,21961738
"after_stage2","TS-RIGHT-TUNED","TS tuned K1cap in {2,5,15,25}, T1=0, T2=4, eta=0.5/L",18,21960517,2,0.729802350957905,0.520665428970237,0.149062754530232,6.51272341921571e-05,0.5,0.4,2,NA,0,4,NA,9,NA,NA,NA,NA,NA,NA,9,252,167,41,2,31,59,2,7,126,20.5,TRUE,0.000130254468384314,2.455662,21962517,21962518,21962738
"after_stage2","TS-RIGHT-TUNED","TS tuned K1cap in {2,5,15,25}, T1=10, T2=4, eta=0.5/L",18,21960517,2,0.725049418559529,0.507777204453259,0.160110340782555,6.51272341921571e-05,0.5,0.4,15,NA,10,4,NA,9,NA,NA,NA,NA,NA,NA,9,252,167,41,15,31,59,2,7,16.8,20.5,TRUE,0.000130254468384314,2.455662,21962517,21962518,21962738
"after_stage2","TS-RIGHT-TUNED","TS tuned K1cap in {2,5,15,25}, T1=20, T2=4, eta=0.5/L",18,21960517,2,0.707717650085534,0.500581933952689,0.19978429491001,6.51272341921571e-05,0.5,0.4,25,NA,20,4,NA,9,NA,NA,NA,NA,NA,NA,9,252,167,41,25,31,59,2,7,10.08,20.5,TRUE,0.000130254468384314,2.455662,21962517,21962518,21962738
"after_stage2","TS-RIGHT-TUNED","TS tuned K1cap in {2,5,15,25}, T1=30, T2=4, eta=0.5/L",18,21960517,2,0.700668356897998,0.492014906938548,0.215646161477724,6.51272341921571e-05,0.5,0.4,25,NA,30,4,NA,9,NA,NA,NA,NA,NA,NA,9,252,167,41,25,31,59,2,7,10.08,20.5,TRUE,0.000130254468384314,2.455662,21962517,21962518,21962738
"after_stage2","TS-RIGHT-TUNED","TS tuned K1cap in {2,5,15,25}, T1=40, T2=4, eta=0.5/L",18,21960517,2,0.699785465830871,0.492600536549367,0.217621597337308,6.51272341921571e-05,0.5,0.4,25,NA,40,4,NA,9,NA,NA,NA,NA,NA,NA,9,252,167,41,25,31,59,2,7,10.08,20.5,TRUE,0.000130254468384314,2.455662,21962517,21962518,21962738
"after_stage2","TS-RIGHT-TUNED","TS tuned K1cap in {2,5,15,25}, T1=50, T2=4, eta=0.5/L",18,21960517,2,0.699362231069008,0.494810493752189,0.218567686155672,6.51272341921571e-05,0.5,0.4,25,NA,50,4,NA,9,NA,NA,NA,NA,NA,NA,9,252,167,41,25,31,59,2,7,10.08,20.5,TRUE,0.000130254468384314,2.455662,21962517,21962518,21962738
"after_stage2","TS-RIGHT-TUNED","TS tuned K1cap in {2,5,15,25}, T1=60, T2=4, eta=0.5/L",18,21960517,2,0.699074109495971,0.496419562951704,0.219211418744084,6.51272341921571e-05,0.5,0.4,25,NA,60,4,NA,9,NA,NA,NA,NA,NA,NA,9,252,167,41,25,31,59,2,7,10.08,20.5,TRUE,0.000130254468384314,2.455662,21962517,21962518,21962738
"after_stage2","TS-RIGHT-TUNED","TS tuned K1cap in {2,5,15,25}, T1=70, T2=4, eta=0.5/L",18,21960517,2,0.698853796770381,0.497265253630557,0.219703471167385,6.51272341921571e-05,0.5,0.4,25,NA,70,4,NA,9,NA,NA,NA,NA,NA,NA,9,252,167,41,25,31,59,2,7,10.08,20.5,TRUE,0.000130254468384314,2.455662,21962517,21962518,21962738
"after_stage2","TS-RIGHT-TUNED","TS tuned K1cap in {2,5,15,25}, T1=80, T2=4, eta=0.5/L",18,21960517,2,0.698818824925548,0.497940798808724,0.219781563971564,6.51272341921571e-05,0.5,0.4,25,NA,80,4,NA,9,NA,NA,NA,NA,NA,NA,9,252,167,41,25,31,59,2,7,10.08,20.5,TRUE,0.000130254468384314,2.455662,21962517,21962518,21962738
"after_stage2","TS-RIGHT-TUNED","TS tuned K1cap in {2,5,15,25}, T1=90, T2=4, eta=0.5/L",18,21960517,2,0.698750079542027,0.498198205152268,0.21993506234767,6.51272341921571e-05,0.5,0.4,25,NA,90,4,NA,9,NA,NA,NA,NA,NA,NA,9,252,167,41,25,31,59,2,7,10.08,20.5,TRUE,0.000130254468384314,2.455662,21962517,21962518,21962738
"after_stage2","TS-RIGHT-TUNED","TS tuned K1cap in {2,5,15,25}, T1=100, T2=4, eta=0.5/L",18,21960517,2,0.698681711145186,0.498318888041489,0.22008770399076,6.51272341921571e-05,0.5,0.4,25,NA,100,4,NA,9,NA,NA,NA,NA,NA,NA,9,252,167,41,25,31,59,2,7,10.08,20.5,TRUE,0.000130254468384314,2.455662,21962517,21962518,21962738
"stage1_only","TS-RIGHT-TUNED","TS tuned K1cap in {2,5,15,25}, T1=0, T2=4, eta=0.5/L",18,21960517,2,0.792258666952614,0.552207723809524,-0.00281544633406483,6.51272341921571e-05,0.5,0.4,2,NA,0,4,NA,9,NA,NA,NA,NA,NA,NA,0,252,167,41,2,31,59,2,7,126,20.5,TRUE,0.000130254468384314,2.455662,21962517,21962518,21962738
"stage1_only","TS-RIGHT-TUNED","TS tuned K1cap in {2,5,15,25}, T1=10, T2=4, eta=0.5/L",18,21960517,2,0.726313381226651,0.509811179439635,0.157179466088896,6.51272341921571e-05,0.5,0.4,2,NA,10,4,NA,9,NA,NA,NA,NA,NA,NA,9,252,167,41,2,31,59,2,7,126,20.5,TRUE,0.000130254468384314,2.455662,21962517,21962518,21962738
"stage1_only","TS-RIGHT-TUNED","TS tuned K1cap in {2,5,15,25}, T1=20, T2=4, eta=0.5/L",18,21960517,2,0.728697262880433,0.517651103897326,0.151637831584008,6.51272341921571e-05,0.5,0.4,5,NA,20,4,NA,9,NA,NA,NA,NA,NA,NA,9,252,167,41,5,31,59,2,7,50.4,20.5,TRUE,0.000130254468384314,2.455662,21962517,21962518,21962738
"stage1_only","TS-RIGHT-TUNED","TS tuned K1cap in {2,5,15,25}, T1=30, T2=4, eta=0.5/L",18,21960517,2,0.728452207898051,0.519230193006057,0.152208330280951,6.51272341921571e-05,0.5,0.4,5,NA,30,4,NA,9,NA,NA,NA,NA,NA,NA,9,252,167,41,5,31,59,2,7,50.4,20.5,TRUE,0.000130254468384314,2.455662,21962517,21962518,21962738
"stage1_only","TS-RIGHT-TUNED","TS tuned K1cap in {2,5,15,25}, T1=40, T2=4, eta=0.5/L",18,21960517,2,0.729933790293778,0.5228389873048,0.148756214826149,6.51272341921571e-05,0.5,0.4,5,NA,40,4,NA,9,NA,NA,NA,NA,NA,NA,9,252,167,41,5,31,59,2,7,50.4,20.5,TRUE,0.000130254468384314,2.455662,21962517,21962518,21962738
"stage1_only","TS-RIGHT-TUNED","TS tuned K1cap in {2,5,15,25}, T1=50, T2=4, eta=0.5/L",18,21960517,2,0.731002152006293,0.525529625777681,0.146262559032342,6.51272341921571e-05,0.5,0.4,5,NA,50,4,NA,9,NA,NA,NA,NA,NA,NA,9,252,167,41,5,31,59,2,7,50.4,20.5,TRUE,0.000130254468384314,2.455662,21962517,21962518,21962738
"stage1_only","TS-RIGHT-TUNED","TS tuned K1cap in {2,5,15,25}, T1=60, T2=4, eta=0.5/L",18,21960517,2,0.731561153638404,0.526752947777621,0.144956343733423,6.51272341921571e-05,0.5,0.4,5,NA,60,4,NA,9,NA,NA,NA,NA,NA,NA,9,252,167,41,5,31,59,2,7,50.4,20.5,TRUE,0.000130254468384314,2.455662,21962517,21962518,21962738
"stage1_only","TS-RIGHT-TUNED","TS tuned K1cap in {2,5,15,25}, T1=70, T2=4, eta=0.5/L",18,21960517,2,0.729001779034651,0.524552227494274,0.150928637307941,6.51272341921571e-05,0.5,0.4,5,NA,70,4,NA,9,NA,NA,NA,NA,NA,NA,9,252,167,41,5,31,59,2,7,50.4,20.5,TRUE,0.000130254468384314,2.455662,21962517,21962518,21962738
"stage1_only","TS-RIGHT-TUNED","TS tuned K1cap in {2,5,15,25}, T1=80, T2=4, eta=0.5/L",18,21960517,2,0.726715892303692,0.522483878561251,0.156245052345322,6.51272341921571e-05,0.5,0.4,5,NA,80,4,NA,9,NA,NA,NA,NA,NA,NA,9,252,167,41,5,31,59,2,7,50.4,20.5,TRUE,0.000130254468384314,2.455662,21962517,21962518,21962738
"stage1_only","TS-RIGHT-TUNED","TS tuned K1cap in {2,5,15,25}, T1=90, T2=4, eta=0.5/L",18,21960517,2,0.726377176204258,0.522533448322785,0.157031403063231,6.51272341921571e-05,0.5,0.4,5,NA,90,4,NA,9,NA,NA,NA,NA,NA,NA,9,252,167,41,5,31,59,2,7,50.4,20.5,TRUE,0.000130254468384314,2.455662,21962517,21962518,21962738
"stage1_only","TS-RIGHT-TUNED","TS tuned K1cap in {2,5,15,25}, T1=100, T2=4, eta=0.5/L",18,21960517,2,0.72652661485379,0.522951859611225,0.156684517034695,6.51272341921571e-05,0.5,0.4,5,NA,100,4,NA,9,NA,NA,NA,NA,NA,NA,9,252,167,41,5,31,59,2,7,50.4,20.5,TRUE,0.000130254468384314,2.455662,21962517,21962518,21962738
"after_stage2","TS-RIGHT-TUNED","TS tuned K1cap in {2,5,15,25}, T1=0, T2=4, eta=0.5/L",18,21960517,3,0.611254238669272,0.456018667503212,0.0902730467646322,6.88117972717451e-05,0.5,0.4,2,NA,0,4,NA,11,NA,NA,NA,NA,NA,NA,11,252,167,41,2,31,73,2,7,126,20.5,TRUE,0.00013762359454349,2.458379,21963517,21963518,21963738
"after_stage2","TS-RIGHT-TUNED","TS tuned K1cap in {2,5,15,25}, T1=10, T2=4, eta=0.5/L",18,21960517,3,0.590804986899667,0.448179269642135,0.150123932589701,6.88117972717451e-05,0.5,0.4,25,NA,10,4,NA,11,NA,NA,NA,NA,NA,NA,11,252,167,41,25,31,73,2,7,10.08,20.5,TRUE,0.00013762359454349,2.458379,21963517,21963518,21963738
"after_stage2","TS-RIGHT-TUNED","TS tuned K1cap in {2,5,15,25}, T1=20, T2=4, eta=0.5/L",18,21960517,3,0.584985049654261,0.449158015968966,0.16678548149614,6.88117972717451e-05,0.5,0.4,25,NA,20,4,NA,11,NA,NA,NA,NA,NA,NA,11,252,167,41,25,31,73,2,7,10.08,20.5,TRUE,0.00013762359454349,2.458379,21963517,21963518,21963738
"after_stage2","TS-RIGHT-TUNED","TS tuned K1cap in {2,5,15,25}, T1=30, T2=4, eta=0.5/L",18,21960517,3,0.58303675969763,0.454987347557013,0.17232627338533,6.88117972717451e-05,0.5,0.4,25,NA,30,4,NA,11,NA,NA,NA,NA,NA,NA,11,252,167,41,25,31,73,2,7,10.08,20.5,TRUE,0.00013762359454349,2.458379,21963517,21963518,21963738
"after_stage2","TS-RIGHT-TUNED","TS tuned K1cap in {2,5,15,25}, T1=40, T2=4, eta=0.5/L",18,21960517,3,0.585884563497807,0.460762984188604,0.164221093818174,6.88117972717451e-05,0.5,0.4,25,NA,40,4,NA,11,NA,NA,NA,NA,NA,NA,11,252,167,41,25,31,73,2,7,10.08,20.5,TRUE,0.00013762359454349,2.458379,21963517,21963518,21963738
"after_stage2","TS-RIGHT-TUNED","TS tuned K1cap in {2,5,15,25}, T1=50, T2=4, eta=0.5/L",18,21960517,3,0.589092993389546,0.46504008363946,0.155042219573953,6.88117972717451e-05,0.5,0.4,25,NA,50,4,NA,11,NA,NA,NA,NA,NA,NA,11,252,167,41,25,31,73,2,7,10.08,20.5,TRUE,0.00013762359454349,2.458379,21963517,21963518,21963738
"after_stage2","TS-RIGHT-TUNED","TS tuned K1cap in {2,5,15,25}, T1=60, T2=4, eta=0.5/L",18,21960517,3,0.591726726136444,0.468056167042309,0.147470010519123,6.88117972717451e-05,0.5,0.4,25,NA,60,4,NA,11,NA,NA,NA,NA,NA,NA,11,252,167,41,25,31,73,2,7,10.08,20.5,TRUE,0.00013762359454349,2.458379,21963517,21963518,21963738
"after_stage2","TS-RIGHT-TUNED","TS tuned K1cap in {2,5,15,25}, T1=70, T2=4, eta=0.5/L",18,21960517,3,0.593622152341286,0.470144101482802,0.141999594333739,6.88117972717451e-05,0.5,0.4,25,NA,70,4,NA,11,NA,NA,NA,NA,NA,NA,11,252,167,41,25,31,73,2,7,10.08,20.5,TRUE,0.00013762359454349,2.458379,21963517,21963518,21963738
"after_stage2","TS-RIGHT-TUNED","TS tuned K1cap in {2,5,15,25}, T1=80, T2=4, eta=0.5/L",18,21960517,3,0.595246754677237,0.471859928526269,0.13729688283026,6.88117972717451e-05,0.5,0.4,25,NA,80,4,NA,11,NA,NA,NA,NA,NA,NA,11,252,167,41,25,31,73,2,7,10.08,20.5,TRUE,0.00013762359454349,2.458379,21963517,21963518,21963738
"after_stage2","TS-RIGHT-TUNED","TS tuned K1cap in {2,5,15,25}, T1=90, T2=4, eta=0.5/L",18,21960517,3,0.596548177872859,0.464084279952469,0.133520401237538,6.88117972717451e-05,0.5,0.4,15,NA,90,4,NA,11,NA,NA,NA,NA,NA,NA,11,252,167,41,15,31,73,2,7,16.8,20.5,TRUE,0.00013762359454349,2.458379,21963517,21963518,21963738
"after_stage2","TS-RIGHT-TUNED","TS tuned K1cap in {2,5,15,25}, T1=100, T2=4, eta=0.5/L",18,21960517,3,0.593055039645377,0.470682918149395,0.143638180408953,6.88117972717451e-05,0.5,0.4,25,NA,100,4,NA,11,NA,NA,NA,NA,NA,NA,11,252,167,41,25,31,73,2,7,10.08,20.5,TRUE,0.00013762359454349,2.458379,21963517,21963518,21963738
"stage1_only","TS-RIGHT-TUNED","TS tuned K1cap in {2,5,15,25}, T1=0, T2=4, eta=0.5/L",18,21960517,3,0.641199111261371,0.452655361904762,-0.00104388755813867,6.88117972717451e-05,0.5,0.4,2,NA,0,4,NA,11,NA,NA,NA,NA,NA,NA,0,252,167,41,2,31,73,2,7,126,20.5,TRUE,0.00013762359454349,2.458379,21963517,21963518,21963738
"stage1_only","TS-RIGHT-TUNED","TS tuned K1cap in {2,5,15,25}, T1=10, T2=4, eta=0.5/L",18,21960517,3,0.58811160984081,0.44700879249151,0.157855143712171,6.88117972717451e-05,0.5,0.4,15,NA,10,4,NA,11,NA,NA,NA,NA,NA,NA,11,252,167,41,15,31,73,2,7,16.8,20.5,TRUE,0.00013762359454349,2.458379,21963517,21963518,21963738
"stage1_only","TS-RIGHT-TUNED","TS tuned K1cap in {2,5,15,25}, T1=20, T2=4, eta=0.5/L",18,21960517,3,0.586579714121022,0.427602059940675,0.162236617910595,6.88117972717451e-05,0.5,0.4,25,NA,20,4,NA,11,NA,NA,NA,NA,NA,NA,11,252,167,41,25,31,73,2,7,10.08,20.5,TRUE,0.00013762359454349,2.458379,21963517,21963518,21963738
"stage1_only","TS-RIGHT-TUNED","TS tuned K1cap in {2,5,15,25}, T1=30, T2=4, eta=0.5/L",18,21960517,3,0.580851233106561,0.431476324836557,0.178519751073503,6.88117972717451e-05,0.5,0.4,25,NA,30,4,NA,11,NA,NA,NA,NA,NA,NA,11,252,167,41,25,31,73,2,7,10.08,20.5,TRUE,0.00013762359454349,2.458379,21963517,21963518,21963738
"stage1_only","TS-RIGHT-TUNED","TS tuned K1cap in {2,5,15,25}, T1=40, T2=4, eta=0.5/L",18,21960517,3,0.582031818902029,0.437752475726014,0.175177024226585,6.88117972717451e-05,0.5,0.4,25,NA,40,4,NA,11,NA,NA,NA,NA,NA,NA,11,252,167,41,25,31,73,2,7,10.08,20.5,TRUE,0.00013762359454349,2.458379,21963517,21963518,21963738
"stage1_only","TS-RIGHT-TUNED","TS tuned K1cap in {2,5,15,25}, T1=50, T2=4, eta=0.5/L",18,21960517,3,0.583566248238354,0.44246266897843,0.170822276447458,6.88117972717451e-05,0.5,0.4,25,NA,50,4,NA,11,NA,NA,NA,NA,NA,NA,11,252,167,41,25,31,73,2,7,10.08,20.5,TRUE,0.00013762359454349,2.458379,21963517,21963518,21963738
"stage1_only","TS-RIGHT-TUNED","TS tuned K1cap in {2,5,15,25}, T1=60, T2=4, eta=0.5/L",18,21960517,3,0.580394634789661,0.444912732247065,0.179810749707098,6.88117972717451e-05,0.5,0.4,25,NA,60,4,NA,11,NA,NA,NA,NA,NA,NA,11,252,167,41,25,31,73,2,7,10.08,20.5,TRUE,0.00013762359454349,2.458379,21963517,21963518,21963738
"stage1_only","TS-RIGHT-TUNED","TS tuned K1cap in {2,5,15,25}, T1=70, T2=4, eta=0.5/L",18,21960517,3,0.579780587023014,0.447036155162352,0.181545324523322,6.88117972717451e-05,0.5,0.4,25,NA,70,4,NA,11,NA,NA,NA,NA,NA,NA,11,252,167,41,25,31,73,2,7,10.08,20.5,TRUE,0.00013762359454349,2.458379,21963517,21963518,21963738
"stage1_only","TS-RIGHT-TUNED","TS tuned K1cap in {2,5,15,25}, T1=80, T2=4, eta=0.5/L",18,21960517,3,0.580529269902205,0.448842362741023,0.179430184232216,6.88117972717451e-05,0.5,0.4,25,NA,80,4,NA,11,NA,NA,NA,NA,NA,NA,11,252,167,41,25,31,73,2,7,10.08,20.5,TRUE,0.00013762359454349,2.458379,21963517,21963518,21963738
"stage1_only","TS-RIGHT-TUNED","TS tuned K1cap in {2,5,15,25}, T1=90, T2=4, eta=0.5/L",18,21960517,3,0.581267383688838,0.449933983098287,0.177342231161489,6.88117972717451e-05,0.5,0.4,25,NA,90,4,NA,11,NA,NA,NA,NA,NA,NA,11,252,167,41,25,31,73,2,7,10.08,20.5,TRUE,0.00013762359454349,2.458379,21963517,21963518,21963738
"stage1_only","TS-RIGHT-TUNED","TS tuned K1cap in {2,5,15,25}, T1=100, T2=4, eta=0.5/L",18,21960517,3,0.582007320587476,0.451247091582668,0.175246458050622,6.88117972717451e-05,0.5,0.4,25,NA,100,4,NA,11,NA,NA,NA,NA,NA,NA,11,252,167,41,25,31,73,2,7,10.08,20.5,TRUE,0.00013762359454349,2.458379,21963517,21963518,21963738
"after_stage2","TS-RIGHT-TUNED","TS tuned K1cap in {2,5,15,25}, T1=0, T2=4, eta=0.5/L",18,21960517,4,1.13000743965138,0.550461121496444,0.111893394407292,6.92897292352053e-05,0.5,0.4,2,NA,0,4,NA,9,NA,NA,NA,NA,NA,NA,9,252,167,41,2,31,59,2,7,126,20.5,TRUE,0.000138579458470411,2.477898,21964517,21964518,21964738
"after_stage2","TS-RIGHT-TUNED","TS tuned K1cap in {2,5,15,25}, T1=10, T2=4, eta=0.5/L",18,21960517,4,1.072335531862,0.57066646587688,0.200232249350725,6.92897292352053e-05,0.5,0.4,2,NA,10,4,NA,9,NA,NA,NA,NA,NA,NA,9,252,167,41,2,31,59,2,7,126,20.5,TRUE,0.000138579458470411,2.477898,21964517,21964518,21964738
"after_stage2","TS-RIGHT-TUNED","TS tuned K1cap in {2,5,15,25}, T1=20, T2=4, eta=0.5/L",18,21960517,4,1.05396047734186,0.575187070253984,0.227406329697519,6.92897292352053e-05,0.5,0.4,2,NA,20,4,NA,9,NA,NA,NA,NA,NA,NA,9,252,167,41,2,31,59,2,7,126,20.5,TRUE,0.000138579458470411,2.477898,21964517,21964518,21964738
"after_stage2","TS-RIGHT-TUNED","TS tuned K1cap in {2,5,15,25}, T1=30, T2=4, eta=0.5/L",18,21960517,4,1.04034696716311,0.573547232914161,0.24723588850753,6.92897292352053e-05,0.5,0.4,2,NA,30,4,NA,9,NA,NA,NA,NA,NA,NA,9,252,167,41,2,31,59,2,7,126,20.5,TRUE,0.000138579458470411,2.477898,21964517,21964518,21964738
"after_stage2","TS-RIGHT-TUNED","TS tuned K1cap in {2,5,15,25}, T1=40, T2=4, eta=0.5/L",18,21960517,4,1.03330256541099,0.577706190353149,0.257395613895175,6.92897292352053e-05,0.5,0.4,2,NA,40,4,NA,9,NA,NA,NA,NA,NA,NA,9,252,167,41,2,31,59,2,7,126,20.5,TRUE,0.000138579458470411,2.477898,21964517,21964518,21964738
"after_stage2","TS-RIGHT-TUNED","TS tuned K1cap in {2,5,15,25}, T1=50, T2=4, eta=0.5/L",18,21960517,4,1.02812632825487,0.579148341315536,0.264816999877679,6.92897292352053e-05,0.5,0.4,2,NA,50,4,NA,9,NA,NA,NA,NA,NA,NA,9,252,167,41,2,31,59,2,7,126,20.5,TRUE,0.000138579458470411,2.477898,21964517,21964518,21964738
"after_stage2","TS-RIGHT-TUNED","TS tuned K1cap in {2,5,15,25}, T1=60, T2=4, eta=0.5/L",18,21960517,4,1.02412661414474,0.579746727670606,0.270526029966021,6.92897292352053e-05,0.5,0.4,2,NA,60,4,NA,9,NA,NA,NA,NA,NA,NA,9,252,167,41,2,31,59,2,7,126,20.5,TRUE,0.000138579458470411,2.477898,21964517,21964518,21964738
"after_stage2","TS-RIGHT-TUNED","TS tuned K1cap in {2,5,15,25}, T1=70, T2=4, eta=0.5/L",18,21960517,4,1.02210726091098,0.576382596262124,0.273399919422119,6.92897292352053e-05,0.5,0.4,2,NA,70,4,NA,9,NA,NA,NA,NA,NA,NA,9,252,167,41,2,31,59,2,7,126,20.5,TRUE,0.000138579458470411,2.477898,21964517,21964518,21964738
"after_stage2","TS-RIGHT-TUNED","TS tuned K1cap in {2,5,15,25}, T1=80, T2=4, eta=0.5/L",18,21960517,4,1.0190510007737,0.578041398644017,0.277738718017391,6.92897292352053e-05,0.5,0.4,2,NA,80,4,NA,9,NA,NA,NA,NA,NA,NA,9,252,167,41,2,31,59,2,7,126,20.5,TRUE,0.000138579458470411,2.477898,21964517,21964518,21964738
"after_stage2","TS-RIGHT-TUNED","TS tuned K1cap in {2,5,15,25}, T1=90, T2=4, eta=0.5/L",18,21960517,4,1.01632106671048,0.580397444588359,0.281603263851478,6.92897292352053e-05,0.5,0.4,2,NA,90,4,NA,9,NA,NA,NA,NA,NA,NA,9,252,167,41,2,31,59,2,7,126,20.5,TRUE,0.000138579458470411,2.477898,21964517,21964518,21964738
"after_stage2","TS-RIGHT-TUNED","TS tuned K1cap in {2,5,15,25}, T1=100, T2=4, eta=0.5/L",18,21960517,4,1.01568176003373,0.585407551017737,0.282506780256995,6.92897292352053e-05,0.5,0.4,2,NA,100,4,NA,9,NA,NA,NA,NA,NA,NA,9,252,167,41,2,31,59,2,7,126,20.5,TRUE,0.000138579458470411,2.477898,21964517,21964518,21964738
"stage1_only","TS-RIGHT-TUNED","TS tuned K1cap in {2,5,15,25}, T1=0, T2=4, eta=0.5/L",18,21960517,4,1.21355182217089,0.5833304,-0.0242810739088801,6.92897292352053e-05,0.5,0.4,2,NA,0,4,NA,9,NA,NA,NA,NA,NA,NA,0,252,167,41,2,31,59,2,7,126,20.5,TRUE,0.000138579458470411,2.477898,21964517,21964518,21964738
"stage1_only","TS-RIGHT-TUNED","TS tuned K1cap in {2,5,15,25}, T1=10, T2=4, eta=0.5/L",18,21960517,4,1.08576437774111,0.562032697314573,0.180075860370652,6.92897292352053e-05,0.5,0.4,2,NA,10,4,NA,9,NA,NA,NA,NA,NA,NA,9,252,167,41,2,31,59,2,7,126,20.5,TRUE,0.000138579458470411,2.477898,21964517,21964518,21964738
"stage1_only","TS-RIGHT-TUNED","TS tuned K1cap in {2,5,15,25}, T1=20, T2=4, eta=0.5/L",18,21960517,4,1.06181543864691,0.566935432985113,0.215847437484479,6.92897292352053e-05,0.5,0.4,2,NA,20,4,NA,9,NA,NA,NA,NA,NA,NA,9,252,167,41,2,31,59,2,7,126,20.5,TRUE,0.000138579458470411,2.477898,21964517,21964518,21964738
"stage1_only","TS-RIGHT-TUNED","TS tuned K1cap in {2,5,15,25}, T1=30, T2=4, eta=0.5/L",18,21960517,4,1.04658193655859,0.568168484242352,0.238185974035235,6.92897292352053e-05,0.5,0.4,2,NA,30,4,NA,9,NA,NA,NA,NA,NA,NA,9,252,167,41,2,31,59,2,7,126,20.5,TRUE,0.000138579458470411,2.477898,21964517,21964518,21964738
"stage1_only","TS-RIGHT-TUNED","TS tuned K1cap in {2,5,15,25}, T1=40, T2=4, eta=0.5/L",18,21960517,4,1.03860969353874,0.575065260941367,0.249747868388718,6.92897292352053e-05,0.5,0.4,2,NA,40,4,NA,9,NA,NA,NA,NA,NA,NA,9,252,167,41,2,31,59,2,7,126,20.5,TRUE,0.000138579458470411,2.477898,21964517,21964518,21964738
"stage1_only","TS-RIGHT-TUNED","TS tuned K1cap in {2,5,15,25}, T1=50, T2=4, eta=0.5/L",18,21960517,4,1.03282567664969,0.577155033083937,0.258080907780194,6.92897292352053e-05,0.5,0.4,2,NA,50,4,NA,9,NA,NA,NA,NA,NA,NA,9,252,167,41,2,31,59,2,7,126,20.5,TRUE,0.000138579458470411,2.477898,21964517,21964518,21964738
"stage1_only","TS-RIGHT-TUNED","TS tuned K1cap in {2,5,15,25}, T1=60, T2=4, eta=0.5/L",18,21960517,4,1.02834398171544,0.578054710577562,0.264505691710067,6.92897292352053e-05,0.5,0.4,2,NA,60,4,NA,9,NA,NA,NA,NA,NA,NA,9,252,167,41,2,31,59,2,7,126,20.5,TRUE,0.000138579458470411,2.477898,21964517,21964518,21964738
"stage1_only","TS-RIGHT-TUNED","TS tuned K1cap in {2,5,15,25}, T1=70, T2=4, eta=0.5/L",18,21960517,4,1.02484791830386,0.578580912570717,0.269498114284505,6.92897292352053e-05,0.5,0.4,2,NA,70,4,NA,9,NA,NA,NA,NA,NA,NA,9,252,167,41,2,31,59,2,7,126,20.5,TRUE,0.000138579458470411,2.477898,21964517,21964518,21964738
"stage1_only","TS-RIGHT-TUNED","TS tuned K1cap in {2,5,15,25}, T1=80, T2=4, eta=0.5/L",18,21960517,4,1.02208298075918,0.57894332255011,0.273434439773143,6.92897292352053e-05,0.5,0.4,2,NA,80,4,NA,9,NA,NA,NA,NA,NA,NA,9,252,167,41,2,31,59,2,7,126,20.5,TRUE,0.000138579458470411,2.477898,21964517,21964518,21964738
"stage1_only","TS-RIGHT-TUNED","TS tuned K1cap in {2,5,15,25}, T1=90, T2=4, eta=0.5/L",18,21960517,4,1.01974938851929,0.578148891734436,0.276748401978271,6.92897292352053e-05,0.5,0.4,2,NA,90,4,NA,9,NA,NA,NA,NA,NA,NA,9,252,167,41,2,31,59,2,7,126,20.5,TRUE,0.000138579458470411,2.477898,21964517,21964518,21964738
"stage1_only","TS-RIGHT-TUNED","TS tuned K1cap in {2,5,15,25}, T1=100, T2=4, eta=0.5/L",18,21960517,4,1.01818922074722,0.585744063144971,0.278959789703026,6.92897292352053e-05,0.5,0.4,2,NA,100,4,NA,9,NA,NA,NA,NA,NA,NA,9,252,167,41,2,31,59,2,7,126,20.5,TRUE,0.000138579458470411,2.477898,21964517,21964518,21964738
"after_stage2","TS-RIGHT-TUNED","TS tuned K1cap in {2,5,15,25}, T1=0, T2=4, eta=0.5/L",18,21960517,5,0.920148846576007,0.58485882150337,0.166580088991404,6.43678463721284e-05,0.5,0.4,2,NA,0,4,NA,18,NA,NA,NA,NA,NA,NA,18,252,168,42,2,31,118,2,7,126,21,TRUE,0.000128735692744257,2.455474,21965517,21965518,21965738
"after_stage2","TS-RIGHT-TUNED","TS tuned K1cap in {2,5,15,25}, T1=10, T2=4, eta=0.5/L",18,21960517,5,0.891961291805839,0.571885798541865,0.216859443435937,6.43678463721284e-05,0.5,0.4,2,NA,10,4,NA,18,NA,NA,NA,NA,NA,NA,18,252,168,42,2,31,118,2,7,126,21,TRUE,0.000128735692744257,2.455474,21965517,21965518,21965738
"after_stage2","TS-RIGHT-TUNED","TS tuned K1cap in {2,5,15,25}, T1=20, T2=4, eta=0.5/L",18,21960517,5,0.891325606083871,0.571771712856356,0.2179753077155,6.43678463721284e-05,0.5,0.4,2,NA,20,4,NA,18,NA,NA,NA,NA,NA,NA,18,252,168,42,2,31,118,2,7,126,21,TRUE,0.000128735692744257,2.455474,21965517,21965518,21965738
"after_stage2","TS-RIGHT-TUNED","TS tuned K1cap in {2,5,15,25}, T1=30, T2=4, eta=0.5/L",18,21960517,5,0.903253888576628,0.59494741483923,0.196904153937722,6.43678463721284e-05,0.5,0.4,2,NA,30,4,NA,18,NA,NA,NA,NA,NA,NA,18,252,168,42,2,31,118,2,7,126,21,TRUE,0.000128735692744257,2.455474,21965517,21965518,21965738
"after_stage2","TS-RIGHT-TUNED","TS tuned K1cap in {2,5,15,25}, T1=40, T2=4, eta=0.5/L",18,21960517,5,0.909102878567644,0.602042065755676,0.186469638842382,6.43678463721284e-05,0.5,0.4,2,NA,40,4,NA,18,NA,NA,NA,NA,NA,NA,18,252,168,42,2,31,118,2,7,126,21,TRUE,0.000128735692744257,2.455474,21965517,21965518,21965738
"after_stage2","TS-RIGHT-TUNED","TS tuned K1cap in {2,5,15,25}, T1=50, T2=4, eta=0.5/L",18,21960517,5,0.907396812235124,0.576878119214772,0.189520194412701,6.43678463721284e-05,0.5,0.4,15,NA,50,4,NA,18,NA,NA,NA,NA,NA,NA,18,252,168,42,15,31,118,2,7,16.8,21,TRUE,0.000128735692744257,2.455474,21965517,21965518,21965738
"after_stage2","TS-RIGHT-TUNED","TS tuned K1cap in {2,5,15,25}, T1=60, T2=4, eta=0.5/L",18,21960517,5,0.906431310927034,0.578287527811186,0.19124403339526,6.43678463721284e-05,0.5,0.4,15,NA,60,4,NA,18,NA,NA,NA,NA,NA,NA,18,252,168,42,15,31,118,2,7,16.8,21,TRUE,0.000128735692744257,2.455474,21965517,21965518,21965738
"after_stage2","TS-RIGHT-TUNED","TS tuned K1cap in {2,5,15,25}, T1=70, T2=4, eta=0.5/L",18,21960517,5,0.906418207603524,0.581503951053534,0.191267415893958,6.43678463721284e-05,0.5,0.4,15,NA,70,4,NA,18,NA,NA,NA,NA,NA,NA,18,252,168,42,15,31,118,2,7,16.8,21,TRUE,0.000128735692744257,2.455474,21965517,21965518,21965738
"after_stage2","TS-RIGHT-TUNED","TS tuned K1cap in {2,5,15,25}, T1=80, T2=4, eta=0.5/L",18,21960517,5,0.906402957512094,0.583394051878148,0.191294628811783,6.43678463721284e-05,0.5,0.4,15,NA,80,4,NA,18,NA,NA,NA,NA,NA,NA,18,252,168,42,15,31,118,2,7,16.8,21,TRUE,0.000128735692744257,2.455474,21965517,21965518,21965738
"after_stage2","TS-RIGHT-TUNED","TS tuned K1cap in {2,5,15,25}, T1=90, T2=4, eta=0.5/L",18,21960517,5,0.899684673963801,0.577101544666142,0.203238492759626,6.43678463721284e-05,0.5,0.4,15,NA,90,4,NA,18,NA,NA,NA,NA,NA,NA,18,252,168,42,15,31,118,2,7,16.8,21,TRUE,0.000128735692744257,2.455474,21965517,21965518,21965738
"after_stage2","TS-RIGHT-TUNED","TS tuned K1cap in {2,5,15,25}, T1=100, T2=4, eta=0.5/L",18,21960517,5,0.89897451454433,0.577470801446995,0.204495831891576,6.43678463721284e-05,0.5,0.4,15,NA,100,4,NA,18,NA,NA,NA,NA,NA,NA,18,252,168,42,15,31,118,2,7,16.8,21,TRUE,0.000128735692744257,2.455474,21965517,21965518,21965738
"stage1_only","TS-RIGHT-TUNED","TS tuned K1cap in {2,5,15,25}, T1=0, T2=4, eta=0.5/L",18,21960517,5,1.01413335930205,0.593886365384615,-0.0123666672892484,6.43678463721284e-05,0.5,0.4,2,NA,0,4,NA,18,NA,NA,NA,NA,NA,NA,0,252,168,42,2,31,118,2,7,126,21,TRUE,0.000128735692744257,2.455474,21965517,21965518,21965738
"stage1_only","TS-RIGHT-TUNED","TS tuned K1cap in {2,5,15,25}, T1=10, T2=4, eta=0.5/L",18,21960517,5,0.885882255065601,0.519449015689653,0.227497835890877,6.43678463721284e-05,0.5,0.4,5,NA,10,4,NA,18,NA,NA,NA,NA,NA,NA,18,252,168,42,5,31,118,2,7,50.4,21,TRUE,0.000128735692744257,2.455474,21965517,21965518,21965738
"stage1_only","TS-RIGHT-TUNED","TS tuned K1cap in {2,5,15,25}, T1=20, T2=4, eta=0.5/L",18,21960517,5,0.88072564526681,0.543861824771221,0.236464938463075,6.43678463721284e-05,0.5,0.4,2,NA,20,4,NA,18,NA,NA,NA,NA,NA,NA,18,252,168,42,2,31,118,2,7,126,21,TRUE,0.000128735692744257,2.455474,21965517,21965518,21965738
"stage1_only","TS-RIGHT-TUNED","TS tuned K1cap in {2,5,15,25}, T1=30, T2=4, eta=0.5/L",18,21960517,5,0.88335643955411,0.555495352954189,0.231896651473913,6.43678463721284e-05,0.5,0.4,2,NA,30,4,NA,18,NA,NA,NA,NA,NA,NA,18,252,168,42,2,31,118,2,7,126,21,TRUE,0.000128735692744257,2.455474,21965517,21965518,21965738
"stage1_only","TS-RIGHT-TUNED","TS tuned K1cap in {2,5,15,25}, T1=40, T2=4, eta=0.5/L",18,21960517,5,0.88639567666524,0.565996948110432,0.226602154265422,6.43678463721284e-05,0.5,0.4,2,NA,40,4,NA,18,NA,NA,NA,NA,NA,NA,18,252,168,42,2,31,118,2,7,126,21,TRUE,0.000128735692744257,2.455474,21965517,21965518,21965738
"stage1_only","TS-RIGHT-TUNED","TS tuned K1cap in {2,5,15,25}, T1=50, T2=4, eta=0.5/L",18,21960517,5,0.889019695204974,0.572685899065184,0.222016359917695,6.43678463721284e-05,0.5,0.4,2,NA,50,4,NA,18,NA,NA,NA,NA,NA,NA,18,252,168,42,2,31,118,2,7,126,21,TRUE,0.000128735692744257,2.455474,21965517,21965518,21965738
"stage1_only","TS-RIGHT-TUNED","TS tuned K1cap in {2,5,15,25}, T1=60, T2=4, eta=0.5/L",18,21960517,5,0.891047203613004,0.577022450460918,0.218463756837694,6.43678463721284e-05,0.5,0.4,2,NA,60,4,NA,18,NA,NA,NA,NA,NA,NA,18,252,168,42,2,31,118,2,7,126,21,TRUE,0.000128735692744257,2.455474,21965517,21965518,21965738
"stage1_only","TS-RIGHT-TUNED","TS tuned K1cap in {2,5,15,25}, T1=70, T2=4, eta=0.5/L",18,21960517,5,0.89256267873128,0.579970119961258,0.215803053955788,6.43678463721284e-05,0.5,0.4,2,NA,70,4,NA,18,NA,NA,NA,NA,NA,NA,18,252,168,42,2,31,118,2,7,126,21,TRUE,0.000128735692744257,2.455474,21965517,21965518,21965738
"stage1_only","TS-RIGHT-TUNED","TS tuned K1cap in {2,5,15,25}, T1=80, T2=4, eta=0.5/L",18,21960517,5,0.893691452127555,0.581997458351842,0.213818340971204,6.43678463721284e-05,0.5,0.4,2,NA,80,4,NA,18,NA,NA,NA,NA,NA,NA,18,252,168,42,2,31,118,2,7,126,21,TRUE,0.000128735692744257,2.455474,21965517,21965518,21965738
"stage1_only","TS-RIGHT-TUNED","TS tuned K1cap in {2,5,15,25}, T1=90, T2=4, eta=0.5/L",18,21960517,5,0.894079371878636,0.581614303633793,0.213135685716423,6.43678463721284e-05,0.5,0.4,2,NA,90,4,NA,18,NA,NA,NA,NA,NA,NA,18,252,168,42,2,31,118,2,7,126,21,TRUE,0.000128735692744257,2.455474,21965517,21965518,21965738
"stage1_only","TS-RIGHT-TUNED","TS tuned K1cap in {2,5,15,25}, T1=100, T2=4, eta=0.5/L",18,21960517,5,0.894899181650013,0.583328550240895,0.211692022389358,6.43678463721284e-05,0.5,0.4,2,NA,100,4,NA,18,NA,NA,NA,NA,NA,NA,18,252,168,42,2,31,118,2,7,126,21,TRUE,0.000128735692744257,2.455474,21965517,21965518,21965738
"after_stage2","TS-RIGHT-TUNED","TS tuned K1cap in {2,5,15,25}, T1=0, T2=4, eta=0.5/L",19,22060517,1,1.05604766241144,0.572908847641188,0.172447439250471,6.97645987600463e-05,0.5,0.4,2,NA,0,4,NA,8,NA,NA,NA,NA,NA,NA,8,252,167,41,2,31,53,2,7,126,20.5,TRUE,0.000139529197520093,2.477898,22061517,22061518,22061738
"after_stage2","TS-RIGHT-TUNED","TS tuned K1cap in {2,5,15,25}, T1=10, T2=4, eta=0.5/L",19,22060517,1,1.02975290872209,0.597339383434689,0.213145192729175,6.97645987600463e-05,0.5,0.4,2,NA,10,4,NA,8,NA,NA,NA,NA,NA,NA,8,252,167,41,2,31,53,2,7,126,20.5,TRUE,0.000139529197520093,2.477898,22061517,22061518,22061738
"after_stage2","TS-RIGHT-TUNED","TS tuned K1cap in {2,5,15,25}, T1=20, T2=4, eta=0.5/L",19,22060517,1,1.02197107089112,0.606748416530386,0.224992772953846,6.97645987600463e-05,0.5,0.4,2,NA,20,4,NA,8,NA,NA,NA,NA,NA,NA,8,252,167,41,2,31,53,2,7,126,20.5,TRUE,0.000139529197520093,2.477898,22061517,22061518,22061738
"after_stage2","TS-RIGHT-TUNED","TS tuned K1cap in {2,5,15,25}, T1=30, T2=4, eta=0.5/L",19,22060517,1,1.01948718758419,0.613128058941789,0.228755478563545,6.97645987600463e-05,0.5,0.4,2,NA,30,4,NA,8,NA,NA,NA,NA,NA,NA,8,252,167,41,2,31,53,2,7,126,20.5,TRUE,0.000139529197520093,2.477898,22061517,22061518,22061738
"after_stage2","TS-RIGHT-TUNED","TS tuned K1cap in {2,5,15,25}, T1=40, T2=4, eta=0.5/L",19,22060517,1,1.01590480718966,0.613253418628031,0.234166114457498,6.97645987600463e-05,0.5,0.4,2,NA,40,4,NA,8,NA,NA,NA,NA,NA,NA,8,252,167,41,2,31,53,2,7,126,20.5,TRUE,0.000139529197520093,2.477898,22061517,22061518,22061738
"after_stage2","TS-RIGHT-TUNED","TS tuned K1cap in {2,5,15,25}, T1=50, T2=4, eta=0.5/L",19,22060517,1,1.01665648550938,0.617155205532948,0.233032398595893,6.97645987600463e-05,0.5,0.4,2,NA,50,4,NA,8,NA,NA,NA,NA,NA,NA,8,252,167,41,2,31,53,2,7,126,20.5,TRUE,0.000139529197520093,2.477898,22061517,22061518,22061738
"after_stage2","TS-RIGHT-TUNED","TS tuned K1cap in {2,5,15,25}, T1=60, T2=4, eta=0.5/L",19,22060517,1,1.01800352057695,0.623247421140707,0.230998640483965,6.97645987600463e-05,0.5,0.4,2,NA,60,4,NA,8,NA,NA,NA,NA,NA,NA,8,252,167,41,2,31,53,2,7,126,20.5,TRUE,0.000139529197520093,2.477898,22061517,22061518,22061738
"after_stage2","TS-RIGHT-TUNED","TS tuned K1cap in {2,5,15,25}, T1=70, T2=4, eta=0.5/L",19,22060517,1,1.01938104800924,0.626040990281221,0.228916059893949,6.97645987600463e-05,0.5,0.4,2,NA,70,4,NA,8,NA,NA,NA,NA,NA,NA,8,252,167,41,2,31,53,2,7,126,20.5,TRUE,0.000139529197520093,2.477898,22061517,22061518,22061738
"after_stage2","TS-RIGHT-TUNED","TS tuned K1cap in {2,5,15,25}, T1=80, T2=4, eta=0.5/L",19,22060517,1,1.02384565020932,0.629391046815211,0.222147007565958,6.97645987600463e-05,0.5,0.4,2,NA,80,4,NA,8,NA,NA,NA,NA,NA,NA,8,252,167,41,2,31,53,2,7,126,20.5,TRUE,0.000139529197520093,2.477898,22061517,22061518,22061738
"after_stage2","TS-RIGHT-TUNED","TS tuned K1cap in {2,5,15,25}, T1=90, T2=4, eta=0.5/L",19,22060517,1,1.02361170128161,0.631048470084674,0.222502446068754,6.97645987600463e-05,0.5,0.4,2,NA,90,4,NA,8,NA,NA,NA,NA,NA,NA,8,252,167,41,2,31,53,2,7,126,20.5,TRUE,0.000139529197520093,2.477898,22061517,22061518,22061738
"after_stage2","TS-RIGHT-TUNED","TS tuned K1cap in {2,5,15,25}, T1=100, T2=4, eta=0.5/L",19,22060517,1,1.02375069790585,0.634096798393087,0.222291278352295,6.97645987600463e-05,0.5,0.4,2,NA,100,4,NA,8,NA,NA,NA,NA,NA,NA,8,252,167,41,2,31,53,2,7,126,20.5,TRUE,0.000139529197520093,2.477898,22061517,22061518,22061738
"stage1_only","TS-RIGHT-TUNED","TS tuned K1cap in {2,5,15,25}, T1=0, T2=4, eta=0.5/L",19,22060517,1,1.18146957876891,0.647038533333333,-0.0357945819470629,6.97645987600463e-05,0.5,0.4,2,NA,0,4,NA,8,NA,NA,NA,NA,NA,NA,0,252,167,41,2,31,53,2,7,126,20.5,TRUE,0.000139529197520093,2.477898,22061517,22061518,22061738
"stage1_only","TS-RIGHT-TUNED","TS tuned K1cap in {2,5,15,25}, T1=10, T2=4, eta=0.5/L",19,22060517,1,1.03054101330792,0.598092374098121,0.21194031886559,6.97645987600463e-05,0.5,0.4,2,NA,10,4,NA,8,NA,NA,NA,NA,NA,NA,8,252,167,41,2,31,53,2,7,126,20.5,TRUE,0.000139529197520093,2.477898,22061517,22061518,22061738
"stage1_only","TS-RIGHT-TUNED","TS tuned K1cap in {2,5,15,25}, T1=20, T2=4, eta=0.5/L",19,22060517,1,1.01646820544197,0.611225788833384,0.233316449978461,6.97645987600463e-05,0.5,0.4,2,NA,20,4,NA,8,NA,NA,NA,NA,NA,NA,8,252,167,41,2,31,53,2,7,126,20.5,TRUE,0.000139529197520093,2.477898,22061517,22061518,22061738
"stage1_only","TS-RIGHT-TUNED","TS tuned K1cap in {2,5,15,25}, T1=30, T2=4, eta=0.5/L",19,22060517,1,1.0126035566437,0.617626998515969,0.239135284249781,6.97645987600463e-05,0.5,0.4,2,NA,30,4,NA,8,NA,NA,NA,NA,NA,NA,8,252,167,41,2,31,53,2,7,126,20.5,TRUE,0.000139529197520093,2.477898,22061517,22061518,22061738
"stage1_only","TS-RIGHT-TUNED","TS tuned K1cap in {2,5,15,25}, T1=40, T2=4, eta=0.5/L",19,22060517,1,1.01181398416393,0.622677376509847,0.240321382436984,6.97645987600463e-05,0.5,0.4,2,NA,40,4,NA,8,NA,NA,NA,NA,NA,NA,8,252,167,41,2,31,53,2,7,126,20.5,TRUE,0.000139529197520093,2.477898,22061517,22061518,22061738
"stage1_only","TS-RIGHT-TUNED","TS tuned K1cap in {2,5,15,25}, T1=50, T2=4, eta=0.5/L",19,22060517,1,1.01235718487325,0.627035522777716,0.239505483981739,6.97645987600463e-05,0.5,0.4,2,NA,50,4,NA,8,NA,NA,NA,NA,NA,NA,8,252,167,41,2,31,53,2,7,126,20.5,TRUE,0.000139529197520093,2.477898,22061517,22061518,22061738
"stage1_only","TS-RIGHT-TUNED","TS tuned K1cap in {2,5,15,25}, T1=60, T2=4, eta=0.5/L",19,22060517,1,1.01350183017343,0.630835767443743,0.237784769968597,6.97645987600463e-05,0.5,0.4,2,NA,60,4,NA,8,NA,NA,NA,NA,NA,NA,8,252,167,41,2,31,53,2,7,126,20.5,TRUE,0.000139529197520093,2.477898,22061517,22061518,22061738
"stage1_only","TS-RIGHT-TUNED","TS tuned K1cap in {2,5,15,25}, T1=70, T2=4, eta=0.5/L",19,22060517,1,1.0148939592311,0.634147482836226,0.235689399848457,6.97645987600463e-05,0.5,0.4,2,NA,70,4,NA,8,NA,NA,NA,NA,NA,NA,8,252,167,41,2,31,53,2,7,126,20.5,TRUE,0.000139529197520093,2.477898,22061517,22061518,22061738
"stage1_only","TS-RIGHT-TUNED","TS tuned K1cap in {2,5,15,25}, T1=80, T2=4, eta=0.5/L",19,22060517,1,1.01635322577937,0.637033354397906,0.233489889796139,6.97645987600463e-05,0.5,0.4,2,NA,80,4,NA,8,NA,NA,NA,NA,NA,NA,8,252,167,41,2,31,53,2,7,126,20.5,TRUE,0.000139529197520093,2.477898,22061517,22061518,22061738
"stage1_only","TS-RIGHT-TUNED","TS tuned K1cap in {2,5,15,25}, T1=90, T2=4, eta=0.5/L",19,22060517,1,1.01778743026973,0.639570833672398,0.231325075707272,6.97645987600463e-05,0.5,0.4,2,NA,90,4,NA,8,NA,NA,NA,NA,NA,NA,8,252,167,41,2,31,53,2,7,126,20.5,TRUE,0.000139529197520093,2.477898,22061517,22061518,22061738
"stage1_only","TS-RIGHT-TUNED","TS tuned K1cap in {2,5,15,25}, T1=100, T2=4, eta=0.5/L",19,22060517,1,1.01471050272294,0.637270559927539,0.235965694882831,6.97645987600463e-05,0.5,0.4,2,NA,100,4,NA,8,NA,NA,NA,NA,NA,NA,8,252,167,41,2,31,53,2,7,126,20.5,TRUE,0.000139529197520093,2.477898,22061517,22061518,22061738
"after_stage2","TS-RIGHT-TUNED","TS tuned K1cap in {2,5,15,25}, T1=0, T2=4, eta=0.5/L",19,22060517,2,0.945706384261013,0.579760489425227,0.147629157431878,6.84381967940237e-05,0.5,0.4,2,NA,0,4,NA,13,NA,NA,NA,NA,NA,NA,13,252,167,41,2,31,86,2,7,126,20.5,TRUE,0.000136876393588047,2.469354,22062517,22062518,22062738
"after_stage2","TS-RIGHT-TUNED","TS tuned K1cap in {2,5,15,25}, T1=10, T2=4, eta=0.5/L",19,22060517,2,0.88543402286863,0.575445357407316,0.252814638245161,6.84381967940237e-05,0.5,0.4,2,NA,10,4,NA,13,NA,NA,NA,NA,NA,NA,13,252,167,41,2,31,86,2,7,126,20.5,TRUE,0.000136876393588047,2.469354,22062517,22062518,22062738
"after_stage2","TS-RIGHT-TUNED","TS tuned K1cap in {2,5,15,25}, T1=20, T2=4, eta=0.5/L",19,22060517,2,0.875153908139864,0.582479599717213,0.270063944197319,6.84381967940237e-05,0.5,0.4,2,NA,20,4,NA,13,NA,NA,NA,NA,NA,NA,13,252,167,41,2,31,86,2,7,126,20.5,TRUE,0.000136876393588047,2.469354,22062517,22062518,22062738
"after_stage2","TS-RIGHT-TUNED","TS tuned K1cap in {2,5,15,25}, T1=30, T2=4, eta=0.5/L",19,22060517,2,0.873879972284886,0.58890954560076,0.272187490459639,6.84381967940237e-05,0.5,0.4,2,NA,30,4,NA,13,NA,NA,NA,NA,NA,NA,13,252,167,41,2,31,86,2,7,126,20.5,TRUE,0.000136876393588047,2.469354,22062517,22062518,22062738
"after_stage2","TS-RIGHT-TUNED","TS tuned K1cap in {2,5,15,25}, T1=40, T2=4, eta=0.5/L",19,22060517,2,0.870579392348693,0.59238785260437,0.277674895984968,6.84381967940237e-05,0.5,0.4,2,NA,40,4,NA,13,NA,NA,NA,NA,NA,NA,13,252,167,41,2,31,86,2,7,126,20.5,TRUE,0.000136876393588047,2.469354,22062517,22062518,22062738
"after_stage2","TS-RIGHT-TUNED","TS tuned K1cap in {2,5,15,25}, T1=50, T2=4, eta=0.5/L",19,22060517,2,0.872054457367169,0.598129763246661,0.275225081191279,6.84381967940237e-05,0.5,0.4,2,NA,50,4,NA,13,NA,NA,NA,NA,NA,NA,13,252,167,41,2,31,86,2,7,126,20.5,TRUE,0.000136876393588047,2.469354,22062517,22062518,22062738
"after_stage2","TS-RIGHT-TUNED","TS tuned K1cap in {2,5,15,25}, T1=60, T2=4, eta=0.5/L",19,22060517,2,0.874404573524683,0.601775967277462,0.271313397998305,6.84381967940237e-05,0.5,0.4,2,NA,60,4,NA,13,NA,NA,NA,NA,NA,NA,13,252,167,41,2,31,86,2,7,126,20.5,TRUE,0.000136876393588047,2.469354,22062517,22062518,22062738
"after_stage2","TS-RIGHT-TUNED","TS tuned K1cap in {2,5,15,25}, T1=70, T2=4, eta=0.5/L",19,22060517,2,0.878707691708625,0.604827222869326,0.264123728187375,6.84381967940237e-05,0.5,0.4,2,NA,70,4,NA,13,NA,NA,NA,NA,NA,NA,13,252,167,41,2,31,86,2,7,126,20.5,TRUE,0.000136876393588047,2.469354,22062517,22062518,22062738
"after_stage2","TS-RIGHT-TUNED","TS tuned K1cap in {2,5,15,25}, T1=80, T2=4, eta=0.5/L",19,22060517,2,0.875207415165279,0.602503425946682,0.26997468469521,6.84381967940237e-05,0.5,0.4,2,NA,80,4,NA,13,NA,NA,NA,NA,NA,NA,13,252,167,41,2,31,86,2,7,126,20.5,TRUE,0.000136876393588047,2.469354,22062517,22062518,22062738
"after_stage2","TS-RIGHT-TUNED","TS tuned K1cap in {2,5,15,25}, T1=90, T2=4, eta=0.5/L",19,22060517,2,0.874526516382013,0.602169993587721,0.27111014123357,6.84381967940237e-05,0.5,0.4,2,NA,90,4,NA,13,NA,NA,NA,NA,NA,NA,13,252,167,41,2,31,86,2,7,126,20.5,TRUE,0.000136876393588047,2.469354,22062517,22062518,22062738
"after_stage2","TS-RIGHT-TUNED","TS tuned K1cap in {2,5,15,25}, T1=100, T2=4, eta=0.5/L",19,22060517,2,0.875706716066375,0.603072479415679,0.269141496436768,6.84381967940237e-05,0.5,0.4,2,NA,100,4,NA,13,NA,NA,NA,NA,NA,NA,13,252,167,41,2,31,86,2,7,126,20.5,TRUE,0.000136876393588047,2.469354,22062517,22062518,22062738
"stage1_only","TS-RIGHT-TUNED","TS tuned K1cap in {2,5,15,25}, T1=0, T2=4, eta=0.5/L",19,22060517,2,1.03385192109073,0.624577457142857,-0.0186679014492146,6.84381967940237e-05,0.5,0.4,2,NA,0,4,NA,13,NA,NA,NA,NA,NA,NA,0,252,167,41,2,31,86,2,7,126,20.5,TRUE,0.000136876393588047,2.469354,22062517,22062518,22062738
"stage1_only","TS-RIGHT-TUNED","TS tuned K1cap in {2,5,15,25}, T1=10, T2=4, eta=0.5/L",19,22060517,2,0.870049996058118,0.608564257404773,0.278553115632958,6.84381967940237e-05,0.5,0.4,2,NA,10,4,NA,13,NA,NA,NA,NA,NA,NA,13,252,167,41,2,31,86,2,7,126,20.5,TRUE,0.000136876393588047,2.469354,22062517,22062518,22062738
"stage1_only","TS-RIGHT-TUNED","TS tuned K1cap in {2,5,15,25}, T1=20, T2=4, eta=0.5/L",19,22060517,2,0.870731663308464,0.624948582770602,0.277422193573699,6.84381967940237e-05,0.5,0.4,2,NA,20,4,NA,13,NA,NA,NA,NA,NA,NA,13,252,167,41,2,31,86,2,7,126,20.5,TRUE,0.000136876393588047,2.469354,22062517,22062518,22062738
"stage1_only","TS-RIGHT-TUNED","TS tuned K1cap in {2,5,15,25}, T1=30, T2=4, eta=0.5/L",19,22060517,2,0.875423714221301,0.636884353652064,0.269613802700762,6.84381967940237e-05,0.5,0.4,2,NA,30,4,NA,13,NA,NA,NA,NA,NA,NA,13,252,167,41,2,31,86,2,7,126,20.5,TRUE,0.000136876393588047,2.469354,22062517,22062518,22062738
"stage1_only","TS-RIGHT-TUNED","TS tuned K1cap in {2,5,15,25}, T1=40, T2=4, eta=0.5/L",19,22060517,2,0.880849282175092,0.644860549442765,0.260532394973659,6.84381967940237e-05,0.5,0.4,2,NA,40,4,NA,13,NA,NA,NA,NA,NA,NA,13,252,167,41,2,31,86,2,7,126,20.5,TRUE,0.000136876393588047,2.469354,22062517,22062518,22062738
"stage1_only","TS-RIGHT-TUNED","TS tuned K1cap in {2,5,15,25}, T1=50, T2=4, eta=0.5/L",19,22060517,2,0.886374175267326,0.650182612616384,0.251227075464158,6.84381967940237e-05,0.5,0.4,2,NA,50,4,NA,13,NA,NA,NA,NA,NA,NA,13,252,167,41,2,31,86,2,7,126,20.5,TRUE,0.000136876393588047,2.469354,22062517,22062518,22062738
"stage1_only","TS-RIGHT-TUNED","TS tuned K1cap in {2,5,15,25}, T1=60, T2=4, eta=0.5/L",19,22060517,2,0.891753512476309,0.654196184810972,0.242111005339788,6.84381967940237e-05,0.5,0.4,2,NA,60,4,NA,13,NA,NA,NA,NA,NA,NA,13,252,167,41,2,31,86,2,7,126,20.5,TRUE,0.000136876393588047,2.469354,22062517,22062518,22062738
"stage1_only","TS-RIGHT-TUNED","TS tuned K1cap in {2,5,15,25}, T1=70, T2=4, eta=0.5/L",19,22060517,2,0.89343203829247,0.650066749089293,0.239255208348875,6.84381967940237e-05,0.5,0.4,2,NA,70,4,NA,13,NA,NA,NA,NA,NA,NA,13,252,167,41,2,31,86,2,7,126,20.5,TRUE,0.000136876393588047,2.469354,22062517,22062518,22062738
"stage1_only","TS-RIGHT-TUNED","TS tuned K1cap in {2,5,15,25}, T1=80, T2=4, eta=0.5/L",19,22060517,2,0.894337770226874,0.649346204829549,0.237711990553767,6.84381967940237e-05,0.5,0.4,2,NA,80,4,NA,13,NA,NA,NA,NA,NA,NA,13,252,167,41,2,31,86,2,7,126,20.5,TRUE,0.000136876393588047,2.469354,22062517,22062518,22062738
"stage1_only","TS-RIGHT-TUNED","TS tuned K1cap in {2,5,15,25}, T1=90, T2=4, eta=0.5/L",19,22060517,2,0.897058325333839,0.650539111222223,0.2330672111356,6.84381967940237e-05,0.5,0.4,2,NA,90,4,NA,13,NA,NA,NA,NA,NA,NA,13,252,167,41,2,31,86,2,7,126,20.5,TRUE,0.000136876393588047,2.469354,22062517,22062518,22062738
"stage1_only","TS-RIGHT-TUNED","TS tuned K1cap in {2,5,15,25}, T1=100, T2=4, eta=0.5/L",19,22060517,2,0.899917895242427,0.652101105965628,0.228169885392281,6.84381967940237e-05,0.5,0.4,2,NA,100,4,NA,13,NA,NA,NA,NA,NA,NA,13,252,167,41,2,31,86,2,7,126,20.5,TRUE,0.000136876393588047,2.469354,22062517,22062518,22062738
"after_stage2","TS-RIGHT-TUNED","TS tuned K1cap in {2,5,15,25}, T1=0, T2=4, eta=0.5/L",19,22060517,3,0.654770145411804,0.486150291577436,0.141287455020349,7.01268030293172e-05,0.5,0.4,2,NA,0,4,NA,33,NA,NA,NA,NA,NA,NA,33,252,167,41,2,31,217,2,7,126,20.5,TRUE,0.000140253606058634,2.471426,22063517,22063518,22063738
"after_stage2","TS-RIGHT-TUNED","TS tuned K1cap in {2,5,15,25}, T1=10, T2=4, eta=0.5/L",19,22060517,3,0.668645644074088,0.497758990677564,0.104507179288517,7.01268030293172e-05,0.5,0.4,25,NA,10,4,NA,33,NA,NA,NA,NA,NA,NA,33,252,167,41,25,31,217,2,7,10.08,20.5,TRUE,0.000140253606058634,2.471426,22063517,22063518,22063738
"after_stage2","TS-RIGHT-TUNED","TS tuned K1cap in {2,5,15,25}, T1=20, T2=4, eta=0.5/L",19,22060517,3,0.679994209493101,0.506409979973534,0.0738517767117874,7.01268030293172e-05,0.5,0.4,15,NA,20,4,NA,33,NA,NA,NA,NA,NA,NA,33,252,167,41,15,31,217,2,7,16.8,20.5,TRUE,0.000140253606058634,2.471426,22063517,22063518,22063738
"after_stage2","TS-RIGHT-TUNED","TS tuned K1cap in {2,5,15,25}, T1=30, T2=4, eta=0.5/L",19,22060517,3,0.676207595128637,0.502978657164224,0.084137751723906,7.01268030293172e-05,0.5,0.4,15,NA,30,4,NA,33,NA,NA,NA,NA,NA,NA,33,252,167,41,15,31,217,2,7,16.8,20.5,TRUE,0.000140253606058634,2.471426,22063517,22063518,22063738
"after_stage2","TS-RIGHT-TUNED","TS tuned K1cap in {2,5,15,25}, T1=40, T2=4, eta=0.5/L",19,22060517,3,0.674257176402452,0.496870444728328,0.0894134650246468,7.01268030293172e-05,0.5,0.4,15,NA,40,4,NA,33,NA,NA,NA,NA,NA,NA,33,252,167,41,15,31,217,2,7,16.8,20.5,TRUE,0.000140253606058634,2.471426,22063517,22063518,22063738
"after_stage2","TS-RIGHT-TUNED","TS tuned K1cap in {2,5,15,25}, T1=50, T2=4, eta=0.5/L",19,22060517,3,0.67881855921729,0.496112788321237,0.0770514662277706,7.01268030293172e-05,0.5,0.4,15,NA,50,4,NA,33,NA,NA,NA,NA,NA,NA,33,252,167,41,15,31,217,2,7,16.8,20.5,TRUE,0.000140253606058634,2.471426,22063517,22063518,22063738
"after_stage2","TS-RIGHT-TUNED","TS tuned K1cap in {2,5,15,25}, T1=60, T2=4, eta=0.5/L",19,22060517,3,0.676925038955565,0.494828814571327,0.0821932947381274,7.01268030293172e-05,0.5,0.4,15,NA,60,4,NA,33,NA,NA,NA,NA,NA,NA,33,252,167,41,15,31,217,2,7,16.8,20.5,TRUE,0.000140253606058634,2.471426,22063517,22063518,22063738
"after_stage2","TS-RIGHT-TUNED","TS tuned K1cap in {2,5,15,25}, T1=70, T2=4, eta=0.5/L",19,22060517,3,0.673971485645836,0.492572206239539,0.0901849541588806,7.01268030293172e-05,0.5,0.4,15,NA,70,4,NA,33,NA,NA,NA,NA,NA,NA,33,252,167,41,15,31,217,2,7,16.8,20.5,TRUE,0.000140253606058634,2.471426,22063517,22063518,22063738
"after_stage2","TS-RIGHT-TUNED","TS tuned K1cap in {2,5,15,25}, T1=80, T2=4, eta=0.5/L",19,22060517,3,0.666835701545699,0.483377295597756,0.109348598395551,7.01268030293172e-05,0.5,0.4,15,NA,80,4,NA,33,NA,NA,NA,NA,NA,NA,33,252,167,41,15,31,217,2,7,16.8,20.5,TRUE,0.000140253606058634,2.471426,22063517,22063518,22063738
"after_stage2","TS-RIGHT-TUNED","TS tuned K1cap in {2,5,15,25}, T1=90, T2=4, eta=0.5/L",19,22060517,3,0.669122831145358,0.486260213833816,0.103228564582988,7.01268030293172e-05,0.5,0.4,15,NA,90,4,NA,33,NA,NA,NA,NA,NA,NA,33,252,167,41,15,31,217,2,7,16.8,20.5,TRUE,0.000140253606058634,2.471426,22063517,22063518,22063738
"after_stage2","TS-RIGHT-TUNED","TS tuned K1cap in {2,5,15,25}, T1=100, T2=4, eta=0.5/L",19,22060517,3,0.664877729544199,0.486281322762754,0.114571205149577,7.01268030293172e-05,0.5,0.4,15,NA,100,4,NA,33,NA,NA,NA,NA,NA,NA,33,252,167,41,15,31,217,2,7,16.8,20.5,TRUE,0.000140253606058634,2.471426,22063517,22063518,22063738
"stage1_only","TS-RIGHT-TUNED","TS tuned K1cap in {2,5,15,25}, T1=0, T2=4, eta=0.5/L",19,22060517,3,0.707143127008845,0.503149276190476,-0.0015778656292369,7.01268030293172e-05,0.5,0.4,2,NA,0,4,NA,33,NA,NA,NA,NA,NA,NA,0,252,167,41,2,31,217,2,7,126,20.5,TRUE,0.000140253606058634,2.471426,22063517,22063518,22063738
"stage1_only","TS-RIGHT-TUNED","TS tuned K1cap in {2,5,15,25}, T1=10, T2=4, eta=0.5/L",19,22060517,3,0.694244746409881,0.504209856266048,0.0346267225487734,7.01268030293172e-05,0.5,0.4,25,NA,10,4,NA,33,NA,NA,NA,NA,NA,NA,33,252,167,41,25,31,217,2,7,10.08,20.5,TRUE,0.000140253606058634,2.471426,22063517,22063518,22063738
"stage1_only","TS-RIGHT-TUNED","TS tuned K1cap in {2,5,15,25}, T1=20, T2=4, eta=0.5/L",19,22060517,3,0.70561385910909,0.523664668576917,0.00274947522681224,7.01268030293172e-05,0.5,0.4,25,NA,20,4,NA,33,NA,NA,NA,NA,NA,NA,33,252,167,41,25,31,217,2,7,10.08,20.5,TRUE,0.000140253606058634,2.471426,22063517,22063518,22063738
"stage1_only","TS-RIGHT-TUNED","TS tuned K1cap in {2,5,15,25}, T1=30, T2=4, eta=0.5/L",19,22060517,3,0.708556343189043,0.533409879947069,-0.00558514609739968,7.01268030293172e-05,0.5,0.4,15,NA,30,4,NA,33,NA,NA,NA,NA,NA,NA,33,252,167,41,15,31,217,2,7,16.8,20.5,TRUE,0.000140253606058634,2.471426,22063517,22063518,22063738
"stage1_only","TS-RIGHT-TUNED","TS tuned K1cap in {2,5,15,25}, T1=40, T2=4, eta=0.5/L",19,22060517,3,0.712858067563463,0.534823174209822,-0.0178322489011291,7.01268030293172e-05,0.5,0.4,15,NA,40,4,NA,33,NA,NA,NA,NA,NA,NA,33,252,167,41,15,31,217,2,7,16.8,20.5,TRUE,0.000140253606058634,2.471426,22063517,22063518,22063738
"stage1_only","TS-RIGHT-TUNED","TS tuned K1cap in {2,5,15,25}, T1=50, T2=4, eta=0.5/L",19,22060517,3,0.717423238714007,0.535973413872891,-0.0309104675999576,7.01268030293172e-05,0.5,0.4,15,NA,50,4,NA,33,NA,NA,NA,NA,NA,NA,33,252,167,41,15,31,217,2,7,16.8,20.5,TRUE,0.000140253606058634,2.471426,22063517,22063518,22063738
"stage1_only","TS-RIGHT-TUNED","TS tuned K1cap in {2,5,15,25}, T1=60, T2=4, eta=0.5/L",19,22060517,3,0.718716837797192,0.534535583187609,-0.0346315267165846,7.01268030293172e-05,0.5,0.4,15,NA,60,4,NA,33,NA,NA,NA,NA,NA,NA,33,252,167,41,15,31,217,2,7,16.8,20.5,TRUE,0.000140253606058634,2.471426,22063517,22063518,22063738
"stage1_only","TS-RIGHT-TUNED","TS tuned K1cap in {2,5,15,25}, T1=70, T2=4, eta=0.5/L",19,22060517,3,0.720897958629698,0.537942791791154,-0.0409207367197724,7.01268030293172e-05,0.5,0.4,15,NA,70,4,NA,33,NA,NA,NA,NA,NA,NA,33,252,167,41,15,31,217,2,7,16.8,20.5,TRUE,0.000140253606058634,2.471426,22063517,22063518,22063738
"stage1_only","TS-RIGHT-TUNED","TS tuned K1cap in {2,5,15,25}, T1=80, T2=4, eta=0.5/L",19,22060517,3,0.722374655034591,0.539728164875194,-0.0451895745579272,7.01268030293172e-05,0.5,0.4,15,NA,80,4,NA,33,NA,NA,NA,NA,NA,NA,33,252,167,41,15,31,217,2,7,16.8,20.5,TRUE,0.000140253606058634,2.471426,22063517,22063518,22063738
"stage1_only","TS-RIGHT-TUNED","TS tuned K1cap in {2,5,15,25}, T1=90, T2=4, eta=0.5/L",19,22060517,3,0.725067508070953,0.541277394430377,-0.0529965702625435,7.01268030293172e-05,0.5,0.4,15,NA,90,4,NA,33,NA,NA,NA,NA,NA,NA,33,252,167,41,15,31,217,2,7,16.8,20.5,TRUE,0.000140253606058634,2.471426,22063517,22063518,22063738
"stage1_only","TS-RIGHT-TUNED","TS tuned K1cap in {2,5,15,25}, T1=100, T2=4, eta=0.5/L",19,22060517,3,0.727523521822115,0.542659764199582,-0.0601422610792337,7.01268030293172e-05,0.5,0.4,15,NA,100,4,NA,33,NA,NA,NA,NA,NA,NA,33,252,167,41,15,31,217,2,7,16.8,20.5,TRUE,0.000140253606058634,2.471426,22063517,22063518,22063738
"after_stage2","TS-RIGHT-TUNED","TS tuned K1cap in {2,5,15,25}, T1=0, T2=4, eta=0.5/L",19,22060517,4,0.878705169895371,0.484437955076472,0.149965350012084,6.39983528818748e-05,0.5,0.4,2,NA,0,4,NA,35,NA,NA,NA,NA,NA,NA,35,252,167,41,2,31,230,2,7,126,20.5,TRUE,0.00012799670576375,2.458379,22064517,22064518,22064738
"after_stage2","TS-RIGHT-TUNED","TS tuned K1cap in {2,5,15,25}, T1=10, T2=4, eta=0.5/L",19,22060517,4,0.810593699871352,0.473487729194278,0.2766362951912,6.39983528818748e-05,0.5,0.4,2,NA,10,4,NA,35,NA,NA,NA,NA,NA,NA,35,252,167,41,2,31,230,2,7,126,20.5,TRUE,0.00012799670576375,2.458379,22064517,22064518,22064738
"after_stage2","TS-RIGHT-TUNED","TS tuned K1cap in {2,5,15,25}, T1=20, T2=4, eta=0.5/L",19,22060517,4,0.795130635381812,0.478110011694479,0.303971153211441,6.39983528818748e-05,0.5,0.4,2,NA,20,4,NA,35,NA,NA,NA,NA,NA,NA,35,252,167,41,2,31,230,2,7,126,20.5,TRUE,0.00012799670576375,2.458379,22064517,22064518,22064738
"after_stage2","TS-RIGHT-TUNED","TS tuned K1cap in {2,5,15,25}, T1=30, T2=4, eta=0.5/L",19,22060517,4,0.790524877259713,0.483269383314804,0.312011230700219,6.39983528818748e-05,0.5,0.4,2,NA,30,4,NA,35,NA,NA,NA,NA,NA,NA,35,252,167,41,2,31,230,2,7,126,20.5,TRUE,0.00012799670576375,2.458379,22064517,22064518,22064738
"after_stage2","TS-RIGHT-TUNED","TS tuned K1cap in {2,5,15,25}, T1=40, T2=4, eta=0.5/L",19,22060517,4,0.78803917491111,0.486943514658399,0.316331010381039,6.39983528818748e-05,0.5,0.4,2,NA,40,4,NA,35,NA,NA,NA,NA,NA,NA,35,252,167,41,2,31,230,2,7,126,20.5,TRUE,0.00012799670576375,2.458379,22064517,22064518,22064738
"after_stage2","TS-RIGHT-TUNED","TS tuned K1cap in {2,5,15,25}, T1=50, T2=4, eta=0.5/L",19,22060517,4,0.785940911270524,0.490067701145337,0.319966890493113,6.39983528818748e-05,0.5,0.4,2,NA,50,4,NA,35,NA,NA,NA,NA,NA,NA,35,252,167,41,2,31,230,2,7,126,20.5,TRUE,0.00012799670576375,2.458379,22064517,22064518,22064738
"after_stage2","TS-RIGHT-TUNED","TS tuned K1cap in {2,5,15,25}, T1=60, T2=4, eta=0.5/L",19,22060517,4,0.785684231990866,0.492917107889658,0.320410999975414,6.39983528818748e-05,0.5,0.4,2,NA,60,4,NA,35,NA,NA,NA,NA,NA,NA,35,252,167,41,2,31,230,2,7,126,20.5,TRUE,0.00012799670576375,2.458379,22064517,22064518,22064738
"after_stage2","TS-RIGHT-TUNED","TS tuned K1cap in {2,5,15,25}, T1=70, T2=4, eta=0.5/L",19,22060517,4,0.785816293780417,0.495092055621847,0.320182523245261,6.39983528818748e-05,0.5,0.4,2,NA,70,4,NA,35,NA,NA,NA,NA,NA,NA,35,252,167,41,2,31,230,2,7,126,20.5,TRUE,0.00012799670576375,2.458379,22064517,22064518,22064738
"after_stage2","TS-RIGHT-TUNED","TS tuned K1cap in {2,5,15,25}, T1=80, T2=4, eta=0.5/L",19,22060517,4,0.785516232605852,0.496205292678786,0.320701595925106,6.39983528818748e-05,0.5,0.4,2,NA,80,4,NA,35,NA,NA,NA,NA,NA,NA,35,252,167,41,2,31,230,2,7,126,20.5,TRUE,0.00012799670576375,2.458379,22064517,22064518,22064738
"after_stage2","TS-RIGHT-TUNED","TS tuned K1cap in {2,5,15,25}, T1=90, T2=4, eta=0.5/L",19,22060517,4,0.787129523644878,0.498209855524493,0.317908448267684,6.39983528818748e-05,0.5,0.4,2,NA,90,4,NA,35,NA,NA,NA,NA,NA,NA,35,252,167,41,2,31,230,2,7,126,20.5,TRUE,0.00012799670576375,2.458379,22064517,22064518,22064738
"after_stage2","TS-RIGHT-TUNED","TS tuned K1cap in {2,5,15,25}, T1=100, T2=4, eta=0.5/L",19,22060517,4,0.787829524065595,0.500538635565079,0.316694730155924,6.39983528818748e-05,0.5,0.4,2,NA,100,4,NA,35,NA,NA,NA,NA,NA,NA,35,252,167,41,2,31,230,2,7,126,20.5,TRUE,0.00012799670576375,2.458379,22064517,22064518,22064738
"stage1_only","TS-RIGHT-TUNED","TS tuned K1cap in {2,5,15,25}, T1=0, T2=4, eta=0.5/L",19,22060517,4,0.956505231289944,0.523989047619048,-0.00722144818127957,6.39983528818748e-05,0.5,0.4,2,NA,0,4,NA,35,NA,NA,NA,NA,NA,NA,0,252,167,41,2,31,230,2,7,126,20.5,TRUE,0.00012799670576375,2.458379,22064517,22064518,22064738
"stage1_only","TS-RIGHT-TUNED","TS tuned K1cap in {2,5,15,25}, T1=10, T2=4, eta=0.5/L",19,22060517,4,0.824831618529305,0.527838169579931,0.251001639397303,6.39983528818748e-05,0.5,0.4,2,NA,10,4,NA,35,NA,NA,NA,NA,NA,NA,35,252,167,41,2,31,230,2,7,126,20.5,TRUE,0.00012799670576375,2.458379,22064517,22064518,22064738
"stage1_only","TS-RIGHT-TUNED","TS tuned K1cap in {2,5,15,25}, T1=20, T2=4, eta=0.5/L",19,22060517,4,0.808825984172243,0.52788279896708,0.279787829930998,6.39983528818748e-05,0.5,0.4,2,NA,20,4,NA,35,NA,NA,NA,NA,NA,NA,35,252,167,41,2,31,230,2,7,126,20.5,TRUE,0.00012799670576375,2.458379,22064517,22064518,22064738
"stage1_only","TS-RIGHT-TUNED","TS tuned K1cap in {2,5,15,25}, T1=30, T2=4, eta=0.5/L",19,22060517,4,0.801305887976471,0.529770496420453,0.293117982156497,6.39983528818748e-05,0.5,0.4,2,NA,30,4,NA,35,NA,NA,NA,NA,NA,NA,35,252,167,41,2,31,230,2,7,126,20.5,TRUE,0.00012799670576375,2.458379,22064517,22064518,22064738
"stage1_only","TS-RIGHT-TUNED","TS tuned K1cap in {2,5,15,25}, T1=40, T2=4, eta=0.5/L",19,22060517,4,0.79852196226611,0.529977974333884,0.298021199683024,6.39983528818748e-05,0.5,0.4,2,NA,40,4,NA,35,NA,NA,NA,NA,NA,NA,35,252,167,41,2,31,230,2,7,126,20.5,TRUE,0.00012799670576375,2.458379,22064517,22064518,22064738
"stage1_only","TS-RIGHT-TUNED","TS tuned K1cap in {2,5,15,25}, T1=50, T2=4, eta=0.5/L",19,22060517,4,0.797308090615462,0.529970274692012,0.30015380100634,6.39983528818748e-05,0.5,0.4,2,NA,50,4,NA,35,NA,NA,NA,NA,NA,NA,35,252,167,41,2,31,230,2,7,126,20.5,TRUE,0.00012799670576375,2.458379,22064517,22064518,22064738
"stage1_only","TS-RIGHT-TUNED","TS tuned K1cap in {2,5,15,25}, T1=60, T2=4, eta=0.5/L",19,22060517,4,0.796772407956887,0.531774474803941,0.301093888125694,6.39983528818748e-05,0.5,0.4,2,NA,60,4,NA,35,NA,NA,NA,NA,NA,NA,35,252,167,41,2,31,230,2,7,126,20.5,TRUE,0.00012799670576375,2.458379,22064517,22064518,22064738
"stage1_only","TS-RIGHT-TUNED","TS tuned K1cap in {2,5,15,25}, T1=70, T2=4, eta=0.5/L",19,22060517,4,0.796747198364319,0.533060175710096,0.301138113702322,6.39983528818748e-05,0.5,0.4,2,NA,70,4,NA,35,NA,NA,NA,NA,NA,NA,35,252,167,41,2,31,230,2,7,126,20.5,TRUE,0.00012799670576375,2.458379,22064517,22064518,22064738
"stage1_only","TS-RIGHT-TUNED","TS tuned K1cap in {2,5,15,25}, T1=80, T2=4, eta=0.5/L",19,22060517,4,0.796878557233951,0.534068765546829,0.300907653462922,6.39983528818748e-05,0.5,0.4,2,NA,80,4,NA,35,NA,NA,NA,NA,NA,NA,35,252,167,41,2,31,230,2,7,126,20.5,TRUE,0.00012799670576375,2.458379,22064517,22064518,22064738
"stage1_only","TS-RIGHT-TUNED","TS tuned K1cap in {2,5,15,25}, T1=90, T2=4, eta=0.5/L",19,22060517,4,0.797255907528933,0.534893856842013,0.300245406597916,6.39983528818748e-05,0.5,0.4,2,NA,90,4,NA,35,NA,NA,NA,NA,NA,NA,35,252,167,41,2,31,230,2,7,126,20.5,TRUE,0.00012799670576375,2.458379,22064517,22064518,22064738
"stage1_only","TS-RIGHT-TUNED","TS tuned K1cap in {2,5,15,25}, T1=100, T2=4, eta=0.5/L",19,22060517,4,0.797849884683443,0.535958233705592,0.299202346097095,6.39983528818748e-05,0.5,0.4,2,NA,100,4,NA,35,NA,NA,NA,NA,NA,NA,35,252,167,41,2,31,230,2,7,126,20.5,TRUE,0.00012799670576375,2.458379,22064517,22064518,22064738
"after_stage2","TS-RIGHT-TUNED","TS tuned K1cap in {2,5,15,25}, T1=0, T2=4, eta=0.5/L",19,22060517,5,0.842205286569171,0.458054781753166,0.227411670484641,6.69735410958215e-05,0.5,0.4,2,NA,0,4,NA,46,NA,NA,NA,NA,NA,NA,46,252,168,42,2,31,302,2,7,126,21,TRUE,0.000133947082191643,2.460678,22065517,22065518,22065738
"after_stage2","TS-RIGHT-TUNED","TS tuned K1cap in {2,5,15,25}, T1=10, T2=4, eta=0.5/L",19,22060517,5,0.818736497969506,0.45580803325197,0.269869452305479,6.69735410958215e-05,0.5,0.4,5,NA,10,4,NA,46,NA,NA,NA,NA,NA,NA,46,252,168,42,5,31,302,2,7,50.4,21,TRUE,0.000133947082191643,2.460678,22065517,22065518,22065738
"after_stage2","TS-RIGHT-TUNED","TS tuned K1cap in {2,5,15,25}, T1=20, T2=4, eta=0.5/L",19,22060517,5,0.817880372121152,0.459159091939891,0.271395601002642,6.69735410958215e-05,0.5,0.4,5,NA,20,4,NA,46,NA,NA,NA,NA,NA,NA,46,252,168,42,5,31,302,2,7,50.4,21,TRUE,0.000133947082191643,2.460678,22065517,22065518,22065738
"after_stage2","TS-RIGHT-TUNED","TS tuned K1cap in {2,5,15,25}, T1=30, T2=4, eta=0.5/L",19,22060517,5,0.817861503099514,0.465491540717114,0.271429219350875,6.69735410958215e-05,0.5,0.4,5,NA,30,4,NA,46,NA,NA,NA,NA,NA,NA,46,252,168,42,5,31,302,2,7,50.4,21,TRUE,0.000133947082191643,2.460678,22065517,22065518,22065738
"after_stage2","TS-RIGHT-TUNED","TS tuned K1cap in {2,5,15,25}, T1=40, T2=4, eta=0.5/L",19,22060517,5,0.811971963364127,0.469171460340334,0.281884526712985,6.69735410958215e-05,0.5,0.4,5,NA,40,4,NA,46,NA,NA,NA,NA,NA,NA,46,252,168,42,5,31,302,2,7,50.4,21,TRUE,0.000133947082191643,2.460678,22065517,22065518,22065738
"after_stage2","TS-RIGHT-TUNED","TS tuned K1cap in {2,5,15,25}, T1=50, T2=4, eta=0.5/L",19,22060517,5,0.812679078217776,0.47470389712626,0.28063322433294,6.69735410958215e-05,0.5,0.4,5,NA,50,4,NA,46,NA,NA,NA,NA,NA,NA,46,252,168,42,5,31,302,2,7,50.4,21,TRUE,0.000133947082191643,2.460678,22065517,22065518,22065738
"after_stage2","TS-RIGHT-TUNED","TS tuned K1cap in {2,5,15,25}, T1=60, T2=4, eta=0.5/L",19,22060517,5,0.808711117774084,0.478385348382063,0.287640788672152,6.69735410958215e-05,0.5,0.4,5,NA,60,4,NA,46,NA,NA,NA,NA,NA,NA,46,252,168,42,5,31,302,2,7,50.4,21,TRUE,0.000133947082191643,2.460678,22065517,22065518,22065738
"after_stage2","TS-RIGHT-TUNED","TS tuned K1cap in {2,5,15,25}, T1=70, T2=4, eta=0.5/L",19,22060517,5,0.810046939409606,0.482402831879351,0.285285508188426,6.69735410958215e-05,0.5,0.4,5,NA,70,4,NA,46,NA,NA,NA,NA,NA,NA,46,252,168,42,5,31,302,2,7,50.4,21,TRUE,0.000133947082191643,2.460678,22065517,22065518,22065738
"after_stage2","TS-RIGHT-TUNED","TS tuned K1cap in {2,5,15,25}, T1=80, T2=4, eta=0.5/L",19,22060517,5,0.805008972138211,0.482587046812658,0.29414798518103,6.69735410958215e-05,0.5,0.4,5,NA,80,4,NA,46,NA,NA,NA,NA,NA,NA,46,252,168,42,5,31,302,2,7,50.4,21,TRUE,0.000133947082191643,2.460678,22065517,22065518,22065738
"after_stage2","TS-RIGHT-TUNED","TS tuned K1cap in {2,5,15,25}, T1=90, T2=4, eta=0.5/L",19,22060517,5,0.800733257356271,0.481995867810804,0.301626179972803,6.69735410958215e-05,0.5,0.4,5,NA,90,4,NA,46,NA,NA,NA,NA,NA,NA,46,252,168,42,5,31,302,2,7,50.4,21,TRUE,0.000133947082191643,2.460678,22065517,22065518,22065738
"after_stage2","TS-RIGHT-TUNED","TS tuned K1cap in {2,5,15,25}, T1=100, T2=4, eta=0.5/L",19,22060517,5,0.797197170526581,0.482219967356418,0.30778068321156,6.69735410958215e-05,0.5,0.4,5,NA,100,4,NA,46,NA,NA,NA,NA,NA,NA,46,252,168,42,5,31,302,2,7,50.4,21,TRUE,0.000133947082191643,2.460678,22065517,22065518,22065738
"stage1_only","TS-RIGHT-TUNED","TS tuned K1cap in {2,5,15,25}, T1=0, T2=4, eta=0.5/L",19,22060517,5,0.959589720331749,0.490734942307692,-0.00295948763832521,6.69735410958215e-05,0.5,0.4,2,NA,0,4,NA,46,NA,NA,NA,NA,NA,NA,0,252,168,42,2,31,302,2,7,126,21,TRUE,0.000133947082191643,2.460678,22065517,22065518,22065738
"stage1_only","TS-RIGHT-TUNED","TS tuned K1cap in {2,5,15,25}, T1=10, T2=4, eta=0.5/L",19,22060517,5,0.823822107250827,0.446844991197118,0.260770820684233,6.69735410958215e-05,0.5,0.4,2,NA,10,4,NA,46,NA,NA,NA,NA,NA,NA,46,252,168,42,2,31,302,2,7,126,21,TRUE,0.000133947082191643,2.460678,22065517,22065518,22065738
"stage1_only","TS-RIGHT-TUNED","TS tuned K1cap in {2,5,15,25}, T1=20, T2=4, eta=0.5/L",19,22060517,5,0.812885247434443,0.454375212748809,0.280268184549791,6.69735410958215e-05,0.5,0.4,2,NA,20,4,NA,46,NA,NA,NA,NA,NA,NA,46,252,168,42,2,31,302,2,7,126,21,TRUE,0.000133947082191643,2.460678,22065517,22065518,22065738
"stage1_only","TS-RIGHT-TUNED","TS tuned K1cap in {2,5,15,25}, T1=30, T2=4, eta=0.5/L",19,22060517,5,0.812403823647603,0.462432818417535,0.281120441157135,6.69735410958215e-05,0.5,0.4,2,NA,30,4,NA,46,NA,NA,NA,NA,NA,NA,46,252,168,42,2,31,302,2,7,126,21,TRUE,0.000133947082191643,2.460678,22065517,22065518,22065738
"stage1_only","TS-RIGHT-TUNED","TS tuned K1cap in {2,5,15,25}, T1=40, T2=4, eta=0.5/L",19,22060517,5,0.811208108501247,0.466294725911472,0.283235011720154,6.69735410958215e-05,0.5,0.4,2,NA,40,4,NA,46,NA,NA,NA,NA,NA,NA,46,252,168,42,2,31,302,2,7,126,21,TRUE,0.000133947082191643,2.460678,22065517,22065518,22065738
"stage1_only","TS-RIGHT-TUNED","TS tuned K1cap in {2,5,15,25}, T1=50, T2=4, eta=0.5/L",19,22060517,5,0.80989709852779,0.468026461364467,0.285549896681296,6.69735410958215e-05,0.5,0.4,2,NA,50,4,NA,46,NA,NA,NA,NA,NA,NA,46,252,168,42,2,31,302,2,7,126,21,TRUE,0.000133947082191643,2.460678,22065517,22065518,22065738
"stage1_only","TS-RIGHT-TUNED","TS tuned K1cap in {2,5,15,25}, T1=60, T2=4, eta=0.5/L",19,22060517,5,0.808330803883564,0.467939332280682,0.28831063577611,6.69735410958215e-05,0.5,0.4,2,NA,60,4,NA,46,NA,NA,NA,NA,NA,NA,46,252,168,42,2,31,302,2,7,126,21,TRUE,0.000133947082191643,2.460678,22065517,22065518,22065738
"stage1_only","TS-RIGHT-TUNED","TS tuned K1cap in {2,5,15,25}, T1=70, T2=4, eta=0.5/L",19,22060517,5,0.806659290506189,0.468076059726934,0.291250937758689,6.69735410958215e-05,0.5,0.4,2,NA,70,4,NA,46,NA,NA,NA,NA,NA,NA,46,252,168,42,2,31,302,2,7,126,21,TRUE,0.000133947082191643,2.460678,22065517,22065518,22065738
"stage1_only","TS-RIGHT-TUNED","TS tuned K1cap in {2,5,15,25}, T1=80, T2=4, eta=0.5/L",19,22060517,5,0.802314914373137,0.477718797232028,0.298864514293931,6.69735410958215e-05,0.5,0.4,5,NA,80,4,NA,46,NA,NA,NA,NA,NA,NA,46,252,168,42,5,31,302,2,7,50.4,21,TRUE,0.000133947082191643,2.460678,22065517,22065518,22065738
"stage1_only","TS-RIGHT-TUNED","TS tuned K1cap in {2,5,15,25}, T1=90, T2=4, eta=0.5/L",19,22060517,5,0.798020988569224,0.478736672257523,0.30634927468045,6.69735410958215e-05,0.5,0.4,5,NA,90,4,NA,46,NA,NA,NA,NA,NA,NA,46,252,168,42,5,31,302,2,7,50.4,21,TRUE,0.000133947082191643,2.460678,22065517,22065518,22065738
"stage1_only","TS-RIGHT-TUNED","TS tuned K1cap in {2,5,15,25}, T1=100, T2=4, eta=0.5/L",19,22060517,5,0.79384013932465,0.478439587912938,0.313598338157044,6.69735410958215e-05,0.5,0.4,5,NA,100,4,NA,46,NA,NA,NA,NA,NA,NA,46,252,168,42,5,31,302,2,7,50.4,21,TRUE,0.000133947082191643,2.460678,22065517,22065518,22065738
"after_stage2","TS-RIGHT-TUNED","TS tuned K1cap in {2,5,15,25}, T1=0, T2=4, eta=0.5/L",20,22160517,1,0.898736762846447,0.568298921714308,0.173420758382779,6.72070031774563e-05,0.5,0.4,2,NA,0,4,NA,24,NA,NA,NA,NA,NA,NA,24,252,167,41,2,31,158,2,7,126,20.5,TRUE,0.000134414006354913,2.424547,22161517,22161518,22161738
"after_stage2","TS-RIGHT-TUNED","TS tuned K1cap in {2,5,15,25}, T1=10, T2=4, eta=0.5/L",20,22160517,1,0.833875909267015,0.559748470931221,0.288422290638018,6.72070031774563e-05,0.5,0.4,2,NA,10,4,NA,24,NA,NA,NA,NA,NA,NA,24,252,167,41,2,31,158,2,7,126,20.5,TRUE,0.000134414006354913,2.424547,22161517,22161518,22161738
"after_stage2","TS-RIGHT-TUNED","TS tuned K1cap in {2,5,15,25}, T1=20, T2=4, eta=0.5/L",20,22160517,1,0.808079749125047,0.5560137557693,0.331766987466107,6.72070031774563e-05,0.5,0.4,2,NA,20,4,NA,24,NA,NA,NA,NA,NA,NA,24,252,167,41,2,31,158,2,7,126,20.5,TRUE,0.000134414006354913,2.424547,22161517,22161518,22161738
"after_stage2","TS-RIGHT-TUNED","TS tuned K1cap in {2,5,15,25}, T1=30, T2=4, eta=0.5/L",20,22160517,1,0.792794141839033,0.549065997324708,0.356808427505148,6.72070031774563e-05,0.5,0.4,2,NA,30,4,NA,24,NA,NA,NA,NA,NA,NA,24,252,167,41,2,31,158,2,7,126,20.5,TRUE,0.000134414006354913,2.424547,22161517,22161518,22161738
"after_stage2","TS-RIGHT-TUNED","TS tuned K1cap in {2,5,15,25}, T1=40, T2=4, eta=0.5/L",20,22160517,1,0.787897319000735,0.54869803186366,0.364729445133042,6.72070031774563e-05,0.5,0.4,2,NA,40,4,NA,24,NA,NA,NA,NA,NA,NA,24,252,167,41,2,31,158,2,7,126,20.5,TRUE,0.000134414006354913,2.424547,22161517,22161518,22161738
"after_stage2","TS-RIGHT-TUNED","TS tuned K1cap in {2,5,15,25}, T1=50, T2=4, eta=0.5/L",20,22160517,1,0.782406151587638,0.549006198672891,0.373553490976432,6.72070031774563e-05,0.5,0.4,2,NA,50,4,NA,24,NA,NA,NA,NA,NA,NA,24,252,167,41,2,31,158,2,7,126,20.5,TRUE,0.000134414006354913,2.424547,22161517,22161518,22161738
"after_stage2","TS-RIGHT-TUNED","TS tuned K1cap in {2,5,15,25}, T1=60, T2=4, eta=0.5/L",20,22160517,1,0.779886008886011,0.549542857451664,0.377582580036657,6.72070031774563e-05,0.5,0.4,2,NA,60,4,NA,24,NA,NA,NA,NA,NA,NA,24,252,167,41,2,31,158,2,7,126,20.5,TRUE,0.000134414006354913,2.424547,22161517,22161518,22161738
"after_stage2","TS-RIGHT-TUNED","TS tuned K1cap in {2,5,15,25}, T1=70, T2=4, eta=0.5/L",20,22160517,1,0.77815095603594,0.549710678424071,0.38034894799612,6.72070031774563e-05,0.5,0.4,2,NA,70,4,NA,24,NA,NA,NA,NA,NA,NA,24,252,167,41,2,31,158,2,7,126,20.5,TRUE,0.000134414006354913,2.424547,22161517,22161518,22161738
"after_stage2","TS-RIGHT-TUNED","TS tuned K1cap in {2,5,15,25}, T1=80, T2=4, eta=0.5/L",20,22160517,1,0.780429664394571,0.553065645742555,0.376714508043952,6.72070031774563e-05,0.5,0.4,2,NA,80,4,NA,24,NA,NA,NA,NA,NA,NA,24,252,167,41,2,31,158,2,7,126,20.5,TRUE,0.000134414006354913,2.424547,22161517,22161518,22161738
"after_stage2","TS-RIGHT-TUNED","TS tuned K1cap in {2,5,15,25}, T1=90, T2=4, eta=0.5/L",20,22160517,1,0.777684665977898,0.549653151366991,0.381091350361924,6.72070031774563e-05,0.5,0.4,2,NA,90,4,NA,24,NA,NA,NA,NA,NA,NA,24,252,167,41,2,31,158,2,7,126,20.5,TRUE,0.000134414006354913,2.424547,22161517,22161518,22161738
"after_stage2","TS-RIGHT-TUNED","TS tuned K1cap in {2,5,15,25}, T1=100, T2=4, eta=0.5/L",20,22160517,1,0.774827945342966,0.550339466052765,0.385629955382097,6.72070031774563e-05,0.5,0.4,2,NA,100,4,NA,24,NA,NA,NA,NA,NA,NA,24,252,167,41,2,31,158,2,7,126,20.5,TRUE,0.000134414006354913,2.424547,22161517,22161518,22161738
"stage1_only","TS-RIGHT-TUNED","TS tuned K1cap in {2,5,15,25}, T1=0, T2=4, eta=0.5/L",20,22160517,1,0.989191690241973,0.596675923809524,-0.00133731242674884,6.72070031774563e-05,0.5,0.4,2,NA,0,4,NA,24,NA,NA,NA,NA,NA,NA,0,252,167,41,2,31,158,2,7,126,20.5,TRUE,0.000134414006354913,2.424547,22161517,22161518,22161738
"stage1_only","TS-RIGHT-TUNED","TS tuned K1cap in {2,5,15,25}, T1=10, T2=4, eta=0.5/L",20,22160517,1,0.847882566188728,0.540837105903152,0.264316710002871,6.72070031774563e-05,0.5,0.4,2,NA,10,4,NA,24,NA,NA,NA,NA,NA,NA,24,252,167,41,2,31,158,2,7,126,20.5,TRUE,0.000134414006354913,2.424547,22161517,22161518,22161738
"stage1_only","TS-RIGHT-TUNED","TS tuned K1cap in {2,5,15,25}, T1=20, T2=4, eta=0.5/L",20,22160517,1,0.809770776080775,0.533612900487318,0.32896730739833,6.72070031774563e-05,0.5,0.4,2,NA,20,4,NA,24,NA,NA,NA,NA,NA,NA,24,252,167,41,2,31,158,2,7,126,20.5,TRUE,0.000134414006354913,2.424547,22161517,22161518,22161738
"stage1_only","TS-RIGHT-TUNED","TS tuned K1cap in {2,5,15,25}, T1=30, T2=4, eta=0.5/L",20,22160517,1,0.792721525879051,0.532215232650516,0.356926248341625,6.72070031774563e-05,0.5,0.4,2,NA,30,4,NA,24,NA,NA,NA,NA,NA,NA,24,252,167,41,2,31,158,2,7,126,20.5,TRUE,0.000134414006354913,2.424547,22161517,22161518,22161738
"stage1_only","TS-RIGHT-TUNED","TS tuned K1cap in {2,5,15,25}, T1=40, T2=4, eta=0.5/L",20,22160517,1,0.783608415708342,0.532504826497739,0.371626786240755,6.72070031774563e-05,0.5,0.4,2,NA,40,4,NA,24,NA,NA,NA,NA,NA,NA,24,252,167,41,2,31,158,2,7,126,20.5,TRUE,0.000134414006354913,2.424547,22161517,22161518,22161738
"stage1_only","TS-RIGHT-TUNED","TS tuned K1cap in {2,5,15,25}, T1=50, T2=4, eta=0.5/L",20,22160517,1,0.778541314688221,0.533880312418051,0.379727097393378,6.72070031774563e-05,0.5,0.4,2,NA,50,4,NA,24,NA,NA,NA,NA,NA,NA,24,252,167,41,2,31,158,2,7,126,20.5,TRUE,0.000134414006354913,2.424547,22161517,22161518,22161738
"stage1_only","TS-RIGHT-TUNED","TS tuned K1cap in {2,5,15,25}, T1=60, T2=4, eta=0.5/L",20,22160517,1,0.774857243363114,0.534704585582736,0.385583493025232,6.72070031774563e-05,0.5,0.4,2,NA,60,4,NA,24,NA,NA,NA,NA,NA,NA,24,252,167,41,2,31,158,2,7,126,20.5,TRUE,0.000134414006354913,2.424547,22161517,22161518,22161738
"stage1_only","TS-RIGHT-TUNED","TS tuned K1cap in {2,5,15,25}, T1=70, T2=4, eta=0.5/L",20,22160517,1,0.772305082098935,0.535206532584965,0.389624256919286,6.72070031774563e-05,0.5,0.4,2,NA,70,4,NA,24,NA,NA,NA,NA,NA,NA,24,252,167,41,2,31,158,2,7,126,20.5,TRUE,0.000134414006354913,2.424547,22161517,22161518,22161738
"stage1_only","TS-RIGHT-TUNED","TS tuned K1cap in {2,5,15,25}, T1=80, T2=4, eta=0.5/L",20,22160517,1,0.770522986999942,0.535812306403367,0.392437892763112,6.72070031774563e-05,0.5,0.4,2,NA,80,4,NA,24,NA,NA,NA,NA,NA,NA,24,252,167,41,2,31,158,2,7,126,20.5,TRUE,0.000134414006354913,2.424547,22161517,22161518,22161738
"stage1_only","TS-RIGHT-TUNED","TS tuned K1cap in {2,5,15,25}, T1=90, T2=4, eta=0.5/L",20,22160517,1,0.769256322266814,0.536311510100158,0.394433796719717,6.72070031774563e-05,0.5,0.4,2,NA,90,4,NA,24,NA,NA,NA,NA,NA,NA,24,252,167,41,2,31,158,2,7,126,20.5,TRUE,0.000134414006354913,2.424547,22161517,22161518,22161738
"stage1_only","TS-RIGHT-TUNED","TS tuned K1cap in {2,5,15,25}, T1=100, T2=4, eta=0.5/L",20,22160517,1,0.765846619241666,0.535388557946748,0.399790203355522,6.72070031774563e-05,0.5,0.4,2,NA,100,4,NA,24,NA,NA,NA,NA,NA,NA,24,252,167,41,2,31,158,2,7,126,20.5,TRUE,0.000134414006354913,2.424547,22161517,22161518,22161738
"after_stage2","TS-RIGHT-TUNED","TS tuned K1cap in {2,5,15,25}, T1=0, T2=4, eta=0.5/L",20,22160517,2,0.71725743834694,0.475845313214081,0.197131993683048,6.5255479002229e-05,0.5,0.4,2,NA,0,4,NA,11,NA,NA,NA,NA,NA,NA,11,252,167,41,2,31,73,2,7,126,20.5,TRUE,0.000130510958004458,2.477898,22162517,22162518,22162738
"after_stage2","TS-RIGHT-TUNED","TS tuned K1cap in {2,5,15,25}, T1=10, T2=4, eta=0.5/L",20,22160517,2,0.705799956885288,0.466544379774149,0.222577178526908,6.5255479002229e-05,0.5,0.4,15,NA,10,4,NA,11,NA,NA,NA,NA,NA,NA,11,252,167,41,15,31,73,2,7,16.8,20.5,TRUE,0.000130510958004458,2.477898,22162517,22162518,22162738
"after_stage2","TS-RIGHT-TUNED","TS tuned K1cap in {2,5,15,25}, T1=20, T2=4, eta=0.5/L",20,22160517,2,0.702449351868176,0.466985224391972,0.229940890813921,6.5255479002229e-05,0.5,0.4,15,NA,20,4,NA,11,NA,NA,NA,NA,NA,NA,11,252,167,41,15,31,73,2,7,16.8,20.5,TRUE,0.000130510958004458,2.477898,22162517,22162518,22162738
"after_stage2","TS-RIGHT-TUNED","TS tuned K1cap in {2,5,15,25}, T1=30, T2=4, eta=0.5/L",20,22160517,2,0.694409113522464,0.464793414611838,0.247468204433556,6.5255479002229e-05,0.5,0.4,15,NA,30,4,NA,11,NA,NA,NA,NA,NA,NA,11,252,167,41,15,31,73,2,7,16.8,20.5,TRUE,0.000130510958004458,2.477898,22162517,22162518,22162738
"after_stage2","TS-RIGHT-TUNED","TS tuned K1cap in {2,5,15,25}, T1=40, T2=4, eta=0.5/L",20,22160517,2,0.693137871826353,0.463506460523256,0.250220973995971,6.5255479002229e-05,0.5,0.4,15,NA,40,4,NA,11,NA,NA,NA,NA,NA,NA,11,252,167,41,15,31,73,2,7,16.8,20.5,TRUE,0.000130510958004458,2.477898,22162517,22162518,22162738
"after_stage2","TS-RIGHT-TUNED","TS tuned K1cap in {2,5,15,25}, T1=50, T2=4, eta=0.5/L",20,22160517,2,0.691492217406523,0.462587174667733,0.253777012344977,6.5255479002229e-05,0.5,0.4,15,NA,50,4,NA,11,NA,NA,NA,NA,NA,NA,11,252,167,41,15,31,73,2,7,16.8,20.5,TRUE,0.000130510958004458,2.477898,22162517,22162518,22162738
"after_stage2","TS-RIGHT-TUNED","TS tuned K1cap in {2,5,15,25}, T1=60, T2=4, eta=0.5/L",20,22160517,2,0.690637451050195,0.461158136448361,0.255620712277662,6.5255479002229e-05,0.5,0.4,15,NA,60,4,NA,11,NA,NA,NA,NA,NA,NA,11,252,167,41,15,31,73,2,7,16.8,20.5,TRUE,0.000130510958004458,2.477898,22162517,22162518,22162738
"after_stage2","TS-RIGHT-TUNED","TS tuned K1cap in {2,5,15,25}, T1=70, T2=4, eta=0.5/L",20,22160517,2,0.687332415164977,0.453608403406026,0.26272809872883,6.5255479002229e-05,0.5,0.4,25,NA,70,4,NA,11,NA,NA,NA,NA,NA,NA,11,252,167,41,25,31,73,2,7,10.08,20.5,TRUE,0.000130510958004458,2.477898,22162517,22162518,22162738
"after_stage2","TS-RIGHT-TUNED","TS tuned K1cap in {2,5,15,25}, T1=80, T2=4, eta=0.5/L",20,22160517,2,0.686909575198842,0.452226448926448,0.263634944170045,6.5255479002229e-05,0.5,0.4,25,NA,80,4,NA,11,NA,NA,NA,NA,NA,NA,11,252,167,41,25,31,73,2,7,10.08,20.5,TRUE,0.000130510958004458,2.477898,22162517,22162518,22162738
"after_stage2","TS-RIGHT-TUNED","TS tuned K1cap in {2,5,15,25}, T1=90, T2=4, eta=0.5/L",20,22160517,2,0.679929250684054,0.45262865496997,0.278524678552188,6.5255479002229e-05,0.5,0.4,25,NA,90,4,NA,11,NA,NA,NA,NA,NA,NA,11,252,167,41,25,31,73,2,7,10.08,20.5,TRUE,0.000130510958004458,2.477898,22162517,22162518,22162738
"after_stage2","TS-RIGHT-TUNED","TS tuned K1cap in {2,5,15,25}, T1=100, T2=4, eta=0.5/L",20,22160517,2,0.679596566362559,0.452471643214264,0.279230530835161,6.5255479002229e-05,0.5,0.4,25,NA,100,4,NA,11,NA,NA,NA,NA,NA,NA,11,252,167,41,25,31,73,2,7,10.08,20.5,TRUE,0.000130510958004458,2.477898,22162517,22162518,22162738
"stage1_only","TS-RIGHT-TUNED","TS tuned K1cap in {2,5,15,25}, T1=0, T2=4, eta=0.5/L",20,22160517,2,0.816715058907829,0.518902952380952,-0.0409626735909672,6.5255479002229e-05,0.5,0.4,2,NA,0,4,NA,11,NA,NA,NA,NA,NA,NA,0,252,167,41,2,31,73,2,7,126,20.5,TRUE,0.000130510958004458,2.477898,22162517,22162518,22162738
"stage1_only","TS-RIGHT-TUNED","TS tuned K1cap in {2,5,15,25}, T1=10, T2=4, eta=0.5/L",20,22160517,2,0.719672962644881,0.478872960879091,0.191715213973596,6.5255479002229e-05,0.5,0.4,15,NA,10,4,NA,11,NA,NA,NA,NA,NA,NA,11,252,167,41,15,31,73,2,7,16.8,20.5,TRUE,0.000130510958004458,2.477898,22162517,22162518,22162738
"stage1_only","TS-RIGHT-TUNED","TS tuned K1cap in {2,5,15,25}, T1=20, T2=4, eta=0.5/L",20,22160517,2,0.717162154245167,0.487595807936505,0.197345293598458,6.5255479002229e-05,0.5,0.4,15,NA,20,4,NA,11,NA,NA,NA,NA,NA,NA,11,252,167,41,15,31,73,2,7,16.8,20.5,TRUE,0.000130510958004458,2.477898,22162517,22162518,22162738
"stage1_only","TS-RIGHT-TUNED","TS tuned K1cap in {2,5,15,25}, T1=30, T2=4, eta=0.5/L",20,22160517,2,0.71773579597416,0.490229717533144,0.196060729495113,6.5255479002229e-05,0.5,0.4,15,NA,30,4,NA,11,NA,NA,NA,NA,NA,NA,11,252,167,41,15,31,73,2,7,16.8,20.5,TRUE,0.000130510958004458,2.477898,22162517,22162518,22162738
"stage1_only","TS-RIGHT-TUNED","TS tuned K1cap in {2,5,15,25}, T1=40, T2=4, eta=0.5/L",20,22160517,2,0.716801368744221,0.489593732335734,0.198152679590621,6.5255479002229e-05,0.5,0.4,15,NA,40,4,NA,11,NA,NA,NA,NA,NA,NA,11,252,167,41,15,31,73,2,7,16.8,20.5,TRUE,0.000130510958004458,2.477898,22162517,22162518,22162738
"stage1_only","TS-RIGHT-TUNED","TS tuned K1cap in {2,5,15,25}, T1=50, T2=4, eta=0.5/L",20,22160517,2,0.713939880096737,0.48732601497177,0.204541889488856,6.5255479002229e-05,0.5,0.4,15,NA,50,4,NA,11,NA,NA,NA,NA,NA,NA,11,252,167,41,15,31,73,2,7,16.8,20.5,TRUE,0.000130510958004458,2.477898,22162517,22162518,22162738
"stage1_only","TS-RIGHT-TUNED","TS tuned K1cap in {2,5,15,25}, T1=60, T2=4, eta=0.5/L",20,22160517,2,0.717468584046399,0.489213715582243,0.196659228760439,6.5255479002229e-05,0.5,0.4,15,NA,60,4,NA,11,NA,NA,NA,NA,NA,NA,11,252,167,41,15,31,73,2,7,16.8,20.5,TRUE,0.000130510958004458,2.477898,22162517,22162518,22162738
"stage1_only","TS-RIGHT-TUNED","TS tuned K1cap in {2,5,15,25}, T1=70, T2=4, eta=0.5/L",20,22160517,2,0.720975825448977,0.490977550321945,0.188786001775541,6.5255479002229e-05,0.5,0.4,15,NA,70,4,NA,11,NA,NA,NA,NA,NA,NA,11,252,167,41,15,31,73,2,7,16.8,20.5,TRUE,0.000130510958004458,2.477898,22162517,22162518,22162738
"stage1_only","TS-RIGHT-TUNED","TS tuned K1cap in {2,5,15,25}, T1=80, T2=4, eta=0.5/L",20,22160517,2,0.722175232652502,0.486685003640766,0.186084703910777,6.5255479002229e-05,0.5,0.4,25,NA,80,4,NA,11,NA,NA,NA,NA,NA,NA,11,252,167,41,25,31,73,2,7,10.08,20.5,TRUE,0.000130510958004458,2.477898,22162517,22162518,22162738
"stage1_only","TS-RIGHT-TUNED","TS tuned K1cap in {2,5,15,25}, T1=90, T2=4, eta=0.5/L",20,22160517,2,0.722251857185376,0.486562247392586,0.185911977998486,6.5255479002229e-05,0.5,0.4,25,NA,90,4,NA,11,NA,NA,NA,NA,NA,NA,11,252,167,41,25,31,73,2,7,10.08,20.5,TRUE,0.000130510958004458,2.477898,22162517,22162518,22162738
"stage1_only","TS-RIGHT-TUNED","TS tuned K1cap in {2,5,15,25}, T1=100, T2=4, eta=0.5/L",20,22160517,2,0.722827994781588,0.486741821314922,0.184612670058025,6.5255479002229e-05,0.5,0.4,25,NA,100,4,NA,11,NA,NA,NA,NA,NA,NA,11,252,167,41,25,31,73,2,7,10.08,20.5,TRUE,0.000130510958004458,2.477898,22162517,22162518,22162738
"after_stage2","TS-RIGHT-TUNED","TS tuned K1cap in {2,5,15,25}, T1=0, T2=4, eta=0.5/L",20,22160517,3,1.16210449632672,0.642256890324332,0.150717075170685,6.54754644981626e-05,0.5,0.4,2,NA,0,4,NA,17,NA,NA,NA,NA,NA,NA,17,252,167,41,2,31,112,2,7,126,20.5,TRUE,0.000130950928996325,2.446731,22163517,22163518,22163738
"after_stage2","TS-RIGHT-TUNED","TS tuned K1cap in {2,5,15,25}, T1=10, T2=4, eta=0.5/L",20,22160517,3,1.08852844701769,0.640105716986029,0.254853620352763,6.54754644981626e-05,0.5,0.4,2,NA,10,4,NA,17,NA,NA,NA,NA,NA,NA,17,252,167,41,2,31,112,2,7,126,20.5,TRUE,0.000130950928996325,2.446731,22163517,22163518,22163738
"after_stage2","TS-RIGHT-TUNED","TS tuned K1cap in {2,5,15,25}, T1=20, T2=4, eta=0.5/L",20,22160517,3,1.07626694956291,0.640528002857058,0.271546159272969,6.54754644981626e-05,0.5,0.4,2,NA,20,4,NA,17,NA,NA,NA,NA,NA,NA,17,252,167,41,2,31,112,2,7,126,20.5,TRUE,0.000130950928996325,2.446731,22163517,22163518,22163738
"after_stage2","TS-RIGHT-TUNED","TS tuned K1cap in {2,5,15,25}, T1=30, T2=4, eta=0.5/L",20,22160517,3,1.06410798811892,0.640372467030578,0.287912378632542,6.54754644981626e-05,0.5,0.4,2,NA,30,4,NA,17,NA,NA,NA,NA,NA,NA,17,252,167,41,2,31,112,2,7,126,20.5,TRUE,0.000130950928996325,2.446731,22163517,22163518,22163738
"after_stage2","TS-RIGHT-TUNED","TS tuned K1cap in {2,5,15,25}, T1=40, T2=4, eta=0.5/L",20,22160517,3,1.06478227743872,0.634082542058418,0.287009640918681,6.54754644981626e-05,0.5,0.4,2,NA,40,4,NA,17,NA,NA,NA,NA,NA,NA,17,252,167,41,2,31,112,2,7,126,20.5,TRUE,0.000130950928996325,2.446731,22163517,22163518,22163738
"after_stage2","TS-RIGHT-TUNED","TS tuned K1cap in {2,5,15,25}, T1=50, T2=4, eta=0.5/L",20,22160517,3,1.06142707675083,0.633884941094794,0.291495922784216,6.54754644981626e-05,0.5,0.4,2,NA,50,4,NA,17,NA,NA,NA,NA,NA,NA,17,252,167,41,2,31,112,2,7,126,20.5,TRUE,0.000130950928996325,2.446731,22163517,22163518,22163738
"after_stage2","TS-RIGHT-TUNED","TS tuned K1cap in {2,5,15,25}, T1=60, T2=4, eta=0.5/L",20,22160517,3,1.05907619200025,0.634921001122981,0.294630885026852,6.54754644981626e-05,0.5,0.4,2,NA,60,4,NA,17,NA,NA,NA,NA,NA,NA,17,252,167,41,2,31,112,2,7,126,20.5,TRUE,0.000130950928996325,2.446731,22163517,22163518,22163738
"after_stage2","TS-RIGHT-TUNED","TS tuned K1cap in {2,5,15,25}, T1=70, T2=4, eta=0.5/L",20,22160517,3,1.0573107641515,0.635825251975615,0.296980556145591,6.54754644981626e-05,0.5,0.4,2,NA,70,4,NA,17,NA,NA,NA,NA,NA,NA,17,252,167,41,2,31,112,2,7,126,20.5,TRUE,0.000130950928996325,2.446731,22163517,22163518,22163738
"after_stage2","TS-RIGHT-TUNED","TS tuned K1cap in {2,5,15,25}, T1=80, T2=4, eta=0.5/L",20,22160517,3,1.05226190516718,0.635093212192202,0.303678627359943,6.54754644981626e-05,0.5,0.4,2,NA,80,4,NA,17,NA,NA,NA,NA,NA,NA,17,252,167,41,2,31,112,2,7,126,20.5,TRUE,0.000130950928996325,2.446731,22163517,22163518,22163738
"after_stage2","TS-RIGHT-TUNED","TS tuned K1cap in {2,5,15,25}, T1=90, T2=4, eta=0.5/L",20,22160517,3,1.05113433133668,0.635423203227525,0.305170144023949,6.54754644981626e-05,0.5,0.4,2,NA,90,4,NA,17,NA,NA,NA,NA,NA,NA,17,252,167,41,2,31,112,2,7,126,20.5,TRUE,0.000130950928996325,2.446731,22163517,22163518,22163738
"after_stage2","TS-RIGHT-TUNED","TS tuned K1cap in {2,5,15,25}, T1=100, T2=4, eta=0.5/L",20,22160517,3,1.05316372379901,0.638858100370575,0.302484581139182,6.54754644981626e-05,0.5,0.4,2,NA,100,4,NA,17,NA,NA,NA,NA,NA,NA,17,252,167,41,2,31,112,2,7,126,20.5,TRUE,0.000130950928996325,2.446731,22163517,22163518,22163738
"stage1_only","TS-RIGHT-TUNED","TS tuned K1cap in {2,5,15,25}, T1=0, T2=4, eta=0.5/L",20,22160517,3,1.26812101906366,0.670855504761905,-0.0113079737792372,6.54754644981626e-05,0.5,0.4,2,NA,0,4,NA,17,NA,NA,NA,NA,NA,NA,0,252,167,41,2,31,112,2,7,126,20.5,TRUE,0.000130950928996325,2.446731,22163517,22163518,22163738
"stage1_only","TS-RIGHT-TUNED","TS tuned K1cap in {2,5,15,25}, T1=10, T2=4, eta=0.5/L",20,22160517,3,1.1039910481738,0.629322367334312,0.23353357879434,6.54754644981626e-05,0.5,0.4,2,NA,10,4,NA,17,NA,NA,NA,NA,NA,NA,17,252,167,41,2,31,112,2,7,126,20.5,TRUE,0.000130950928996325,2.446731,22163517,22163518,22163738
"stage1_only","TS-RIGHT-TUNED","TS tuned K1cap in {2,5,15,25}, T1=20, T2=4, eta=0.5/L",20,22160517,3,1.07940119117033,0.634205089222304,0.267297260306025,6.54754644981626e-05,0.5,0.4,2,NA,20,4,NA,17,NA,NA,NA,NA,NA,NA,17,252,167,41,2,31,112,2,7,126,20.5,TRUE,0.000130950928996325,2.446731,22163517,22163518,22163738
"stage1_only","TS-RIGHT-TUNED","TS tuned K1cap in {2,5,15,25}, T1=30, T2=4, eta=0.5/L",20,22160517,3,1.07315416359533,0.63240831476063,0.275753743321411,6.54754644981626e-05,0.5,0.4,2,NA,30,4,NA,17,NA,NA,NA,NA,NA,NA,17,252,167,41,2,31,112,2,7,126,20.5,TRUE,0.000130950928996325,2.446731,22163517,22163518,22163738
"stage1_only","TS-RIGHT-TUNED","TS tuned K1cap in {2,5,15,25}, T1=40, T2=4, eta=0.5/L",20,22160517,3,1.06814498790059,0.634139285956089,0.282499111181741,6.54754644981626e-05,0.5,0.4,2,NA,40,4,NA,17,NA,NA,NA,NA,NA,NA,17,252,167,41,2,31,112,2,7,126,20.5,TRUE,0.000130950928996325,2.446731,22163517,22163518,22163738
"stage1_only","TS-RIGHT-TUNED","TS tuned K1cap in {2,5,15,25}, T1=50, T2=4, eta=0.5/L",20,22160517,3,1.06556247810509,0.635589504486599,0.285964395584163,6.54754644981626e-05,0.5,0.4,2,NA,50,4,NA,17,NA,NA,NA,NA,NA,NA,17,252,167,41,2,31,112,2,7,126,20.5,TRUE,0.000130950928996325,2.446731,22163517,22163518,22163738
"stage1_only","TS-RIGHT-TUNED","TS tuned K1cap in {2,5,15,25}, T1=60, T2=4, eta=0.5/L",20,22160517,3,1.06399113429053,0.636501345613634,0.28806876425659,6.54754644981626e-05,0.5,0.4,2,NA,60,4,NA,17,NA,NA,NA,NA,NA,NA,17,252,167,41,2,31,112,2,7,126,20.5,TRUE,0.000130950928996325,2.446731,22163517,22163518,22163738
"stage1_only","TS-RIGHT-TUNED","TS tuned K1cap in {2,5,15,25}, T1=70, T2=4, eta=0.5/L",20,22160517,3,1.06288650756981,0.63701159726242,0.289546239048524,6.54754644981626e-05,0.5,0.4,2,NA,70,4,NA,17,NA,NA,NA,NA,NA,NA,17,252,167,41,2,31,112,2,7,126,20.5,TRUE,0.000130950928996325,2.446731,22163517,22163518,22163738
"stage1_only","TS-RIGHT-TUNED","TS tuned K1cap in {2,5,15,25}, T1=80, T2=4, eta=0.5/L",20,22160517,3,1.06200442096867,0.637492757704763,0.290724956998326,6.54754644981626e-05,0.5,0.4,2,NA,80,4,NA,17,NA,NA,NA,NA,NA,NA,17,252,167,41,2,31,112,2,7,126,20.5,TRUE,0.000130950928996325,2.446731,22163517,22163518,22163738
"stage1_only","TS-RIGHT-TUNED","TS tuned K1cap in {2,5,15,25}, T1=90, T2=4, eta=0.5/L",20,22160517,3,1.0612333681895,0.638043578411492,0.291754500665205,6.54754644981626e-05,0.5,0.4,2,NA,90,4,NA,17,NA,NA,NA,NA,NA,NA,17,252,167,41,2,31,112,2,7,126,20.5,TRUE,0.000130950928996325,2.446731,22163517,22163518,22163738
"stage1_only","TS-RIGHT-TUNED","TS tuned K1cap in {2,5,15,25}, T1=100, T2=4, eta=0.5/L",20,22160517,3,1.06052407338118,0.638351554190356,0.29270092204942,6.54754644981626e-05,0.5,0.4,2,NA,100,4,NA,17,NA,NA,NA,NA,NA,NA,17,252,167,41,2,31,112,2,7,126,20.5,TRUE,0.000130950928996325,2.446731,22163517,22163518,22163738
"after_stage2","TS-RIGHT-TUNED","TS tuned K1cap in {2,5,15,25}, T1=0, T2=4, eta=0.5/L",20,22160517,4,0.976528632224656,0.512478909335711,0.194125576968363,7.0910488327392e-05,0.5,0.4,2,NA,0,4,NA,38,NA,NA,NA,NA,NA,NA,38,252,167,41,2,31,249,2,7,126,20.5,TRUE,0.000141820976654784,2.475555,22164517,22164518,22164738
"after_stage2","TS-RIGHT-TUNED","TS tuned K1cap in {2,5,15,25}, T1=10, T2=4, eta=0.5/L",20,22160517,4,0.961922579620416,0.51926098618745,0.21805240590255,7.0910488327392e-05,0.5,0.4,2,NA,10,4,NA,38,NA,NA,NA,NA,NA,NA,38,252,167,41,2,31,249,2,7,126,20.5,TRUE,0.000141820976654784,2.475555,22164517,22164518,22164738
"after_stage2","TS-RIGHT-TUNED","TS tuned K1cap in {2,5,15,25}, T1=20, T2=4, eta=0.5/L",20,22160517,4,0.95615352224133,0.528128062046999,0.227403622190001,7.0910488327392e-05,0.5,0.4,2,NA,20,4,NA,38,NA,NA,NA,NA,NA,NA,38,252,167,41,2,31,249,2,7,126,20.5,TRUE,0.000141820976654784,2.475555,22164517,22164518,22164738
"after_stage2","TS-RIGHT-TUNED","TS tuned K1cap in {2,5,15,25}, T1=30, T2=4, eta=0.5/L",20,22160517,4,0.954772088540129,0.53533938119448,0.22963447664502,7.0910488327392e-05,0.5,0.4,2,NA,30,4,NA,38,NA,NA,NA,NA,NA,NA,38,252,167,41,2,31,249,2,7,126,20.5,TRUE,0.000141820976654784,2.475555,22164517,22164518,22164738
"after_stage2","TS-RIGHT-TUNED","TS tuned K1cap in {2,5,15,25}, T1=40, T2=4, eta=0.5/L",20,22160517,4,0.952244325690217,0.53362808585,0.233708168429999,7.0910488327392e-05,0.5,0.4,2,NA,40,4,NA,38,NA,NA,NA,NA,NA,NA,38,252,167,41,2,31,249,2,7,126,20.5,TRUE,0.000141820976654784,2.475555,22164517,22164518,22164738
"after_stage2","TS-RIGHT-TUNED","TS tuned K1cap in {2,5,15,25}, T1=50, T2=4, eta=0.5/L",20,22160517,4,0.951985157024312,0.536852529964051,0.234125229052752,7.0910488327392e-05,0.5,0.4,2,NA,50,4,NA,38,NA,NA,NA,NA,NA,NA,38,252,167,41,2,31,249,2,7,126,20.5,TRUE,0.000141820976654784,2.475555,22164517,22164518,22164738
"after_stage2","TS-RIGHT-TUNED","TS tuned K1cap in {2,5,15,25}, T1=60, T2=4, eta=0.5/L",20,22160517,4,0.952572042954763,0.540636044696701,0.233180635171751,7.0910488327392e-05,0.5,0.4,2,NA,60,4,NA,38,NA,NA,NA,NA,NA,NA,38,252,167,41,2,31,249,2,7,126,20.5,TRUE,0.000141820976654784,2.475555,22164517,22164518,22164738
"after_stage2","TS-RIGHT-TUNED","TS tuned K1cap in {2,5,15,25}, T1=70, T2=4, eta=0.5/L",20,22160517,4,0.952846712021197,0.543138810796922,0.232738354870917,7.0910488327392e-05,0.5,0.4,2,NA,70,4,NA,38,NA,NA,NA,NA,NA,NA,38,252,167,41,2,31,249,2,7,126,20.5,TRUE,0.000141820976654784,2.475555,22164517,22164518,22164738
"after_stage2","TS-RIGHT-TUNED","TS tuned K1cap in {2,5,15,25}, T1=80, T2=4, eta=0.5/L",20,22160517,4,0.952221589142624,0.544473305263785,0.233744761187189,7.0910488327392e-05,0.5,0.4,2,NA,80,4,NA,38,NA,NA,NA,NA,NA,NA,38,252,167,41,2,31,249,2,7,126,20.5,TRUE,0.000141820976654784,2.475555,22164517,22164518,22164738
"after_stage2","TS-RIGHT-TUNED","TS tuned K1cap in {2,5,15,25}, T1=90, T2=4, eta=0.5/L",20,22160517,4,0.954379225775373,0.549750967008138,0.230268315164831,7.0910488327392e-05,0.5,0.4,2,NA,90,4,NA,38,NA,NA,NA,NA,NA,NA,38,252,167,41,2,31,249,2,7,126,20.5,TRUE,0.000141820976654784,2.475555,22164517,22164518,22164738
"after_stage2","TS-RIGHT-TUNED","TS tuned K1cap in {2,5,15,25}, T1=100, T2=4, eta=0.5/L",20,22160517,4,0.954727336466438,0.551006892358324,0.22970669209228,7.0910488327392e-05,0.5,0.4,2,NA,100,4,NA,38,NA,NA,NA,NA,NA,NA,38,252,167,41,2,31,249,2,7,126,20.5,TRUE,0.000141820976654784,2.475555,22164517,22164518,22164738
"stage1_only","TS-RIGHT-TUNED","TS tuned K1cap in {2,5,15,25}, T1=0, T2=4, eta=0.5/L",20,22160517,4,1.09184335201884,0.555616047619048,-0.00743741856180002,7.0910488327392e-05,0.5,0.4,2,NA,0,4,NA,38,NA,NA,NA,NA,NA,NA,0,252,167,41,2,31,249,2,7,126,20.5,TRUE,0.000141820976654784,2.475555,22164517,22164518,22164738
"stage1_only","TS-RIGHT-TUNED","TS tuned K1cap in {2,5,15,25}, T1=10, T2=4, eta=0.5/L",20,22160517,4,1.0038211298788,0.507330188353725,0.148450152557676,7.0910488327392e-05,0.5,0.4,2,NA,10,4,NA,38,NA,NA,NA,NA,NA,NA,38,252,167,41,2,31,249,2,7,126,20.5,TRUE,0.000141820976654784,2.475555,22164517,22164518,22164738
"stage1_only","TS-RIGHT-TUNED","TS tuned K1cap in {2,5,15,25}, T1=20, T2=4, eta=0.5/L",20,22160517,4,0.992712627165668,0.513655873710307,0.167192742010328,7.0910488327392e-05,0.5,0.4,2,NA,20,4,NA,38,NA,NA,NA,NA,NA,NA,38,252,167,41,2,31,249,2,7,126,20.5,TRUE,0.000141820976654784,2.475555,22164517,22164518,22164738
"stage1_only","TS-RIGHT-TUNED","TS tuned K1cap in {2,5,15,25}, T1=30, T2=4, eta=0.5/L",20,22160517,4,0.988484574058359,0.521046025776934,0.174271638285306,7.0910488327392e-05,0.5,0.4,2,NA,30,4,NA,38,NA,NA,NA,NA,NA,NA,38,252,167,41,2,31,249,2,7,126,20.5,TRUE,0.000141820976654784,2.475555,22164517,22164518,22164738
"stage1_only","TS-RIGHT-TUNED","TS tuned K1cap in {2,5,15,25}, T1=40, T2=4, eta=0.5/L",20,22160517,4,0.986899498294675,0.52610623593599,0.176917693988753,7.0910488327392e-05,0.5,0.4,2,NA,40,4,NA,38,NA,NA,NA,NA,NA,NA,38,252,167,41,2,31,249,2,7,126,20.5,TRUE,0.000141820976654784,2.475555,22164517,22164518,22164738
"stage1_only","TS-RIGHT-TUNED","TS tuned K1cap in {2,5,15,25}, T1=50, T2=4, eta=0.5/L",20,22160517,4,0.986731433814115,0.530066267136315,0.177198004439607,7.0910488327392e-05,0.5,0.4,2,NA,50,4,NA,38,NA,NA,NA,NA,NA,NA,38,252,167,41,2,31,249,2,7,126,20.5,TRUE,0.000141820976654784,2.475555,22164517,22164518,22164738
"stage1_only","TS-RIGHT-TUNED","TS tuned K1cap in {2,5,15,25}, T1=60, T2=4, eta=0.5/L",20,22160517,4,0.986951079992438,0.533731676750984,0.176831652619136,7.0910488327392e-05,0.5,0.4,2,NA,60,4,NA,38,NA,NA,NA,NA,NA,NA,38,252,167,41,2,31,249,2,7,126,20.5,TRUE,0.000141820976654784,2.475555,22164517,22164518,22164738
"stage1_only","TS-RIGHT-TUNED","TS tuned K1cap in {2,5,15,25}, T1=70, T2=4, eta=0.5/L",20,22160517,4,0.987253869204899,0.53646051938781,0.176326491351957,7.0910488327392e-05,0.5,0.4,2,NA,70,4,NA,38,NA,NA,NA,NA,NA,NA,38,252,167,41,2,31,249,2,7,126,20.5,TRUE,0.000141820976654784,2.475555,22164517,22164518,22164738
"stage1_only","TS-RIGHT-TUNED","TS tuned K1cap in {2,5,15,25}, T1=80, T2=4, eta=0.5/L",20,22160517,4,0.987544382198197,0.539488146755437,0.175841665572429,7.0910488327392e-05,0.5,0.4,2,NA,80,4,NA,38,NA,NA,NA,NA,NA,NA,38,252,167,41,2,31,249,2,7,126,20.5,TRUE,0.000141820976654784,2.475555,22164517,22164518,22164738
"stage1_only","TS-RIGHT-TUNED","TS tuned K1cap in {2,5,15,25}, T1=90, T2=4, eta=0.5/L",20,22160517,4,0.987799406920222,0.542200542766286,0.175415947209581,7.0910488327392e-05,0.5,0.4,2,NA,90,4,NA,38,NA,NA,NA,NA,NA,NA,38,252,167,41,2,31,249,2,7,126,20.5,TRUE,0.000141820976654784,2.475555,22164517,22164518,22164738
"stage1_only","TS-RIGHT-TUNED","TS tuned K1cap in {2,5,15,25}, T1=100, T2=4, eta=0.5/L",20,22160517,4,0.987774756328651,0.544021137804904,0.175457101781925,7.0910488327392e-05,0.5,0.4,2,NA,100,4,NA,38,NA,NA,NA,NA,NA,NA,38,252,167,41,2,31,249,2,7,126,20.5,TRUE,0.000141820976654784,2.475555,22164517,22164518,22164738
"after_stage2","TS-RIGHT-TUNED","TS tuned K1cap in {2,5,15,25}, T1=0, T2=4, eta=0.5/L",20,22160517,5,0.58035509542028,0.4677380127402,0.00249556471276469,6.35187288256512e-05,0.5,0.4,2,NA,0,4,NA,61,NA,NA,NA,NA,NA,NA,61,252,168,42,2,31,400,2,7,126,21,TRUE,0.000127037457651302,2.485303,22165517,22165518,22165738
"after_stage2","TS-RIGHT-TUNED","TS tuned K1cap in {2,5,15,25}, T1=10, T2=4, eta=0.5/L",20,22160517,5,0.602404480423041,0.486997339672914,-0.0747405084614867,6.35187288256512e-05,0.5,0.4,25,NA,10,4,NA,61,NA,NA,NA,NA,NA,NA,61,252,168,42,25,31,400,2,7,10.08,21,TRUE,0.000127037457651302,2.485303,22165517,22165518,22165738
"after_stage2","TS-RIGHT-TUNED","TS tuned K1cap in {2,5,15,25}, T1=20, T2=4, eta=0.5/L",20,22160517,5,0.606340692145151,0.492031398363677,-0.0888314636807042,6.35187288256512e-05,0.5,0.4,25,NA,20,4,NA,61,NA,NA,NA,NA,NA,NA,61,252,168,42,25,31,400,2,7,10.08,21,TRUE,0.000127037457651302,2.485303,22165517,22165518,22165738
"after_stage2","TS-RIGHT-TUNED","TS tuned K1cap in {2,5,15,25}, T1=30, T2=4, eta=0.5/L",20,22160517,5,0.60410357648942,0.490489933413829,-0.080811720383094,6.35187288256512e-05,0.5,0.4,25,NA,30,4,NA,61,NA,NA,NA,NA,NA,NA,61,252,168,42,25,31,400,2,7,10.08,21,TRUE,0.000127037457651302,2.485303,22165517,22165518,22165738
"after_stage2","TS-RIGHT-TUNED","TS tuned K1cap in {2,5,15,25}, T1=40, T2=4, eta=0.5/L",20,22160517,5,0.605094688980139,0.491701190234771,-0.0843610611453927,6.35187288256512e-05,0.5,0.4,25,NA,40,4,NA,61,NA,NA,NA,NA,NA,NA,61,252,168,42,25,31,400,2,7,10.08,21,TRUE,0.000127037457651302,2.485303,22165517,22165518,22165738
"after_stage2","TS-RIGHT-TUNED","TS tuned K1cap in {2,5,15,25}, T1=50, T2=4, eta=0.5/L",20,22160517,5,0.606235077690652,0.492881578843861,-0.0884521840864332,6.35187288256512e-05,0.5,0.4,25,NA,50,4,NA,61,NA,NA,NA,NA,NA,NA,61,252,168,42,25,31,400,2,7,10.08,21,TRUE,0.000127037457651302,2.485303,22165517,22165518,22165738
"after_stage2","TS-RIGHT-TUNED","TS tuned K1cap in {2,5,15,25}, T1=60, T2=4, eta=0.5/L",20,22160517,5,0.608310490729357,0.495732303184858,-0.0959174552314914,6.35187288256512e-05,0.5,0.4,25,NA,60,4,NA,61,NA,NA,NA,NA,NA,NA,61,252,168,42,25,31,400,2,7,10.08,21,TRUE,0.000127037457651302,2.485303,22165517,22165518,22165738
"after_stage2","TS-RIGHT-TUNED","TS tuned K1cap in {2,5,15,25}, T1=70, T2=4, eta=0.5/L",20,22160517,5,0.60821999435064,0.494498500453001,-0.0955914073151909,6.35187288256512e-05,0.5,0.4,25,NA,70,4,NA,61,NA,NA,NA,NA,NA,NA,61,252,168,42,25,31,400,2,7,10.08,21,TRUE,0.000127037457651302,2.485303,22165517,22165518,22165738
"after_stage2","TS-RIGHT-TUNED","TS tuned K1cap in {2,5,15,25}, T1=80, T2=4, eta=0.5/L",20,22160517,5,0.606447502313128,0.493840873241027,-0.0892151044830591,6.35187288256512e-05,0.5,0.4,25,NA,80,4,NA,61,NA,NA,NA,NA,NA,NA,61,252,168,42,25,31,400,2,7,10.08,21,TRUE,0.000127037457651302,2.485303,22165517,22165518,22165738
"after_stage2","TS-RIGHT-TUNED","TS tuned K1cap in {2,5,15,25}, T1=90, T2=4, eta=0.5/L",20,22160517,5,0.609315788682903,0.495431069035012,-0.0995426892185745,6.35187288256512e-05,0.5,0.4,25,NA,90,4,NA,61,NA,NA,NA,NA,NA,NA,61,252,168,42,25,31,400,2,7,10.08,21,TRUE,0.000127037457651302,2.485303,22165517,22165518,22165738
"after_stage2","TS-RIGHT-TUNED","TS tuned K1cap in {2,5,15,25}, T1=100, T2=4, eta=0.5/L",20,22160517,5,0.607450391500537,0.491279553258229,-0.0928205782386675,6.35187288256512e-05,0.5,0.4,25,NA,100,4,NA,61,NA,NA,NA,NA,NA,NA,61,252,168,42,25,31,400,2,7,10.08,21,TRUE,0.000127037457651302,2.485303,22165517,22165518,22165738
"stage1_only","TS-RIGHT-TUNED","TS tuned K1cap in {2,5,15,25}, T1=0, T2=4, eta=0.5/L",20,22160517,5,0.584919814222478,0.459026557692308,-0.0132576668277102,6.35187288256512e-05,0.5,0.4,2,NA,0,4,NA,61,NA,NA,NA,NA,NA,NA,0,252,168,42,2,31,400,2,7,126,21,TRUE,0.000127037457651302,2.485303,22165517,22165518,22165738
"stage1_only","TS-RIGHT-TUNED","TS tuned K1cap in {2,5,15,25}, T1=10, T2=4, eta=0.5/L",20,22160517,5,0.533232458621903,0.421898863006878,0.157906360421183,6.35187288256512e-05,0.5,0.4,25,NA,10,4,NA,61,NA,NA,NA,NA,NA,NA,61,252,168,42,25,31,400,2,7,10.08,21,TRUE,0.000127037457651302,2.485303,22165517,22165518,22165738
"stage1_only","TS-RIGHT-TUNED","TS tuned K1cap in {2,5,15,25}, T1=20, T2=4, eta=0.5/L",20,22160517,5,0.532391880511356,0.430690627801654,0.160559190538881,6.35187288256512e-05,0.5,0.4,25,NA,20,4,NA,61,NA,NA,NA,NA,NA,NA,61,252,168,42,25,31,400,2,7,10.08,21,TRUE,0.000127037457651302,2.485303,22165517,22165518,22165738
"stage1_only","TS-RIGHT-TUNED","TS tuned K1cap in {2,5,15,25}, T1=30, T2=4, eta=0.5/L",20,22160517,5,0.532837606157725,0.434683254535194,0.159153019869848,6.35187288256512e-05,0.5,0.4,25,NA,30,4,NA,61,NA,NA,NA,NA,NA,NA,61,252,168,42,25,31,400,2,7,10.08,21,TRUE,0.000127037457651302,2.485303,22165517,22165518,22165738
"stage1_only","TS-RIGHT-TUNED","TS tuned K1cap in {2,5,15,25}, T1=40, T2=4, eta=0.5/L",20,22160517,5,0.534284410892038,0.436788206458456,0.15458054598848,6.35187288256512e-05,0.5,0.4,25,NA,40,4,NA,61,NA,NA,NA,NA,NA,NA,61,252,168,42,25,31,400,2,7,10.08,21,TRUE,0.000127037457651302,2.485303,22165517,22165518,22165738
"stage1_only","TS-RIGHT-TUNED","TS tuned K1cap in {2,5,15,25}, T1=50, T2=4, eta=0.5/L",20,22160517,5,0.535651317833782,0.43842226348095,0.150249190081658,6.35187288256512e-05,0.5,0.4,25,NA,50,4,NA,61,NA,NA,NA,NA,NA,NA,61,252,168,42,25,31,400,2,7,10.08,21,TRUE,0.000127037457651302,2.485303,22165517,22165518,22165738
"stage1_only","TS-RIGHT-TUNED","TS tuned K1cap in {2,5,15,25}, T1=60, T2=4, eta=0.5/L",20,22160517,5,0.537585241951778,0.439963338055748,0.144102205556986,6.35187288256512e-05,0.5,0.4,25,NA,60,4,NA,61,NA,NA,NA,NA,NA,NA,61,252,168,42,25,31,400,2,7,10.08,21,TRUE,0.000127037457651302,2.485303,22165517,22165518,22165738
"stage1_only","TS-RIGHT-TUNED","TS tuned K1cap in {2,5,15,25}, T1=70, T2=4, eta=0.5/L",20,22160517,5,0.539896114228846,0.441573137235902,0.136728039069859,6.35187288256512e-05,0.5,0.4,25,NA,70,4,NA,61,NA,NA,NA,NA,NA,NA,61,252,168,42,25,31,400,2,7,10.08,21,TRUE,0.000127037457651302,2.485303,22165517,22165518,22165738
"stage1_only","TS-RIGHT-TUNED","TS tuned K1cap in {2,5,15,25}, T1=80, T2=4, eta=0.5/L",20,22160517,5,0.541723811561574,0.442263461953545,0.130873318271832,6.35187288256512e-05,0.5,0.4,25,NA,80,4,NA,61,NA,NA,NA,NA,NA,NA,61,252,168,42,25,31,400,2,7,10.08,21,TRUE,0.000127037457651302,2.485303,22165517,22165518,22165738
"stage1_only","TS-RIGHT-TUNED","TS tuned K1cap in {2,5,15,25}, T1=90, T2=4, eta=0.5/L",20,22160517,5,0.544207673836166,0.442926594791603,0.122884966733727,6.35187288256512e-05,0.5,0.4,25,NA,90,4,NA,61,NA,NA,NA,NA,NA,NA,61,252,168,42,25,31,400,2,7,10.08,21,TRUE,0.000127037457651302,2.485303,22165517,22165518,22165738
"stage1_only","TS-RIGHT-TUNED","TS tuned K1cap in {2,5,15,25}, T1=100, T2=4, eta=0.5/L",20,22160517,5,0.546642203009259,0.443704139385042,0.115019813254756,6.35187288256512e-05,0.5,0.4,25,NA,100,4,NA,61,NA,NA,NA,NA,NA,NA,61,252,168,42,25,31,400,2,7,10.08,21,TRUE,0.000127037457651302,2.485303,22165517,22165518,22165738
