"method","config","repeat_id","outer_seed","fold","rmse","mae","r2","eta","eta_scale","q","k1_cap","T","T1","T2","lambda","s","tau_q","tau_x_q","tau_y_q","tau","tau_x","tau_y","nonzero","n1","n2","b2","K1","K1_default","K1_tar","K2","K2_tar","stage1_block_size","stage2_block_size","eligible","eta_base","y_center","fold_seed","lasso_seed","ts_seed"
"Adaptive Huber","Adaptive Huber tau_q=0.99",1,20260517,1,0.671241235788032,0.537307135970288,0.0216128792531727,NA,NA,NA,NA,NA,NA,NA,0.129192696667354,40,0.99,NA,NA,2.99881233148272,NA,NA,73,NA,NA,NA,NA,NA,NA,NA,NA,NA,NA,TRUE,0.000134889176982527,2.424547,20261517,20261548,NA
"IHT","IHT eta=0.5/L, T=50",1,20260517,1,0.659124862175761,0.519588853197746,0.0566152367494995,6.74445884912633e-05,0.5,NA,NA,50,NA,NA,NA,40,NA,NA,NA,NA,NA,NA,40,NA,NA,NA,NA,NA,NA,NA,NA,NA,NA,TRUE,0.000134889176982527,2.424547,20261517,20261518,NA
"LASSO","LASSO cv.glmnet lambda.min",1,20260517,1,0.648878540241987,0.506698688087977,0.0857177396568621,NA,NA,NA,NA,NA,NA,NA,0.453620328659375,40,NA,NA,NA,NA,NA,NA,40,NA,NA,NA,NA,NA,NA,NA,NA,NA,NA,TRUE,0.000134889176982527,2.424547,20261517,20261518,NA
"Shrinkage","Shrinkage tau_x_q=0.99, tau_y_q=0.98",1,20260517,1,1.02296949129644,0.758185775635292,-1.27236888447593,NA,NA,NA,NA,NA,NA,NA,0.0798652494136263,40,NA,0.99,0.98,NA,27.0387691805669,3.07778488,84,NA,NA,NA,NA,NA,NA,NA,NA,NA,NA,TRUE,0.000134889176982527,2.424547,20261517,20261558,NA
"TS-RIGHT-TUNED","TS tuned K1cap in {2,5,15,25}, T1=50, T2=4, eta=0.5/L",1,20260517,1,0.597208039707669,0.476805518954296,0.22552971056813,6.74445884912633e-05,0.5,0.4,25,NA,50,4,NA,40,NA,NA,NA,NA,NA,NA,40,252,167,41,25,31,262,2,7,10.08,20.5,TRUE,0.000134889176982527,2.424547,20261517,20261518,20261738
"Adaptive Huber","Adaptive Huber tau_q=0.99",1,20260517,2,0.642382927091399,0.477187974887801,0.179035289316797,NA,NA,NA,NA,NA,NA,NA,0.130034801913694,35,0.99,NA,NA,3.25398045068805,NA,NA,70,NA,NA,NA,NA,NA,NA,NA,NA,NA,NA,TRUE,0.000133174898811567,2.44818,20262517,20262548,NA
"IHT","IHT eta=0.5/L, T=50",1,20260517,2,0.612768154998895,0.42887307167774,0.252985754276725,6.65874494057837e-05,0.5,NA,NA,50,NA,NA,NA,35,NA,NA,NA,NA,NA,NA,35,NA,NA,NA,NA,NA,NA,NA,NA,NA,NA,TRUE,0.000133174898811567,2.44818,20262517,20262518,NA
"LASSO","LASSO cv.glmnet lambda.min",1,20260517,2,0.610751682519882,0.436837113374977,0.257894152877181,NA,NA,NA,NA,NA,NA,NA,0.726999894620038,35,NA,NA,NA,NA,NA,NA,35,NA,NA,NA,NA,NA,NA,NA,NA,NA,NA,TRUE,0.000133174898811567,2.44818,20262517,20262518,NA
"Shrinkage","Shrinkage tau_x_q=0.99, tau_y_q=0.98",1,20260517,2,0.726141762018844,0.527327531274579,-0.0490093007454848,NA,NA,NA,NA,NA,NA,NA,0.193863606157357,35,NA,0.99,0.98,NA,27.2606759676256,2.74984588,43,NA,NA,NA,NA,NA,NA,NA,NA,NA,NA,TRUE,0.000133174898811567,2.44818,20262517,20262558,NA
"TS-RIGHT-TUNED","TS tuned K1cap in {2,5,15,25}, T1=50, T2=4, eta=0.5/L",1,20260517,2,0.59956571644299,0.414590529780418,0.284828675570525,6.65874494057837e-05,0.5,0.4,2,NA,50,4,NA,35,NA,NA,NA,NA,NA,NA,35,252,167,41,2,31,230,2,7,126,20.5,TRUE,0.000133174898811567,2.44818,20262517,20262518,20262738
"Adaptive Huber","Adaptive Huber tau_q=0.99",1,20260517,3,1.02740523381217,0.636267294697093,0.239461602107055,NA,NA,NA,NA,NA,NA,NA,0.129636904435116,46,0.99,NA,NA,2.59153215240933,NA,NA,68,NA,NA,NA,NA,NA,NA,NA,NA,NA,NA,TRUE,0.000131426835949837,2.477898,20263517,20263548,NA
"IHT","IHT eta=0.5/L, T=50",1,20260517,3,0.985846947163323,0.633473623255148,0.299744401327643,6.57134179749184e-05,0.5,NA,NA,50,NA,NA,NA,46,NA,NA,NA,NA,NA,NA,46,NA,NA,NA,NA,NA,NA,NA,NA,NA,NA,TRUE,0.000131426835949837,2.477898,20263517,20263518,NA
"LASSO","LASSO cv.glmnet lambda.min",1,20260517,3,1.0042353186596,0.642142982418097,0.273377936957155,NA,NA,NA,NA,NA,NA,NA,0.272873257427185,46,NA,NA,NA,NA,NA,NA,46,NA,NA,NA,NA,NA,NA,NA,NA,NA,NA,TRUE,0.000131426835949837,2.477898,20263517,20263518,NA
"Shrinkage","Shrinkage tau_x_q=0.99, tau_y_q=0.98",1,20260517,3,1.02043790026671,0.689756533043523,0.249741786066319,NA,NA,NA,NA,NA,NA,NA,0.152700683261383,46,NA,0.99,0.98,NA,27.069259549307,2.69406712,52,NA,NA,NA,NA,NA,NA,NA,NA,NA,NA,TRUE,0.000131426835949837,2.477898,20263517,20263558,NA
"TS-RIGHT-TUNED","TS tuned K1cap in {2,5,15,25}, T1=50, T2=4, eta=0.5/L",1,20260517,3,0.967536076945132,0.637488738696271,0.325515562772179,6.57134179749184e-05,0.5,0.4,2,NA,50,4,NA,46,NA,NA,NA,NA,NA,NA,46,252,167,41,2,31,302,2,7,126,20.5,TRUE,0.000131426835949837,2.477898,20263517,20263518,20263738
"Adaptive Huber","Adaptive Huber tau_q=0.99",1,20260517,4,1.17870003530336,0.669206039211987,0.138147202808488,NA,NA,NA,NA,NA,NA,NA,0.112889850029023,38,0.99,NA,NA,2.39868275731553,NA,NA,79,NA,NA,NA,NA,NA,NA,NA,NA,NA,NA,TRUE,0.000128875982440046,2.477898,20264517,20264548,NA
"IHT","IHT eta=0.5/L, T=50",1,20260517,4,1.11727004906644,0.619092152946877,0.225640170056433,6.44379912200231e-05,0.5,NA,NA,50,NA,NA,NA,38,NA,NA,NA,NA,NA,NA,38,NA,NA,NA,NA,NA,NA,NA,NA,NA,NA,TRUE,0.000128875982440046,2.477898,20264517,20264518,NA
"LASSO","LASSO cv.glmnet lambda.min",1,20260517,4,1.14290646950495,0.627196287968115,0.189696183225264,NA,NA,NA,NA,NA,NA,NA,0.523988267322933,38,NA,NA,NA,NA,NA,NA,38,NA,NA,NA,NA,NA,NA,NA,NA,NA,NA,TRUE,0.000128875982440046,2.477898,20264517,20264518,NA
"Shrinkage","Shrinkage tau_x_q=0.99, tau_y_q=0.98",1,20260517,4,1.24828322841157,0.769454569189798,0.0333866845769167,NA,NA,NA,NA,NA,NA,NA,0.186263408160936,38,NA,0.99,0.98,NA,26.6913147841778,2.60252024,43,NA,NA,NA,NA,NA,NA,NA,NA,NA,NA,TRUE,0.000128875982440046,2.477898,20264517,20264558,NA
"TS-RIGHT-TUNED","TS tuned K1cap in {2,5,15,25}, T1=50, T2=4, eta=0.5/L",1,20260517,4,1.10762204331539,0.619575694072619,0.238956146204459,6.44379912200231e-05,0.5,0.4,2,NA,50,4,NA,38,NA,NA,NA,NA,NA,NA,38,252,167,41,2,31,249,2,7,126,20.5,TRUE,0.000128875982440046,2.477898,20264517,20264518,20264738
"Adaptive Huber","Adaptive Huber tau_q=0.99",1,20260517,5,0.775835791844633,0.548276363404468,0.17807452588338,NA,NA,NA,NA,NA,NA,NA,0.141997864710737,14,0.99,NA,NA,3.30395193261634,NA,NA,71,NA,NA,NA,NA,NA,NA,NA,NA,NA,NA,TRUE,0.000139565594635772,2.493504,20265517,20265548,NA
"IHT","IHT eta=0.5/L, T=50",1,20260517,5,0.829391508462384,0.556630745236617,0.0606834208816175,6.97827973178859e-05,0.5,NA,NA,50,NA,NA,NA,14,NA,NA,NA,NA,NA,NA,14,NA,NA,NA,NA,NA,NA,NA,NA,NA,NA,TRUE,0.000139565594635772,2.493504,20265517,20265518,NA
"LASSO","LASSO cv.glmnet lambda.min",1,20260517,5,0.804970754420716,0.530855235730222,0.115183886678738,NA,NA,NA,NA,NA,NA,NA,1.92129894841947,14,NA,NA,NA,NA,NA,NA,14,NA,NA,NA,NA,NA,NA,NA,NA,NA,NA,TRUE,0.000139565594635772,2.493504,20265517,20265518,NA
"Shrinkage","Shrinkage tau_x_q=0.99, tau_y_q=0.98",1,20260517,5,0.886446225127466,0.64014472119056,-0.0729947781253899,NA,NA,NA,NA,NA,NA,NA,0.197754792585215,14,NA,0.99,0.98,NA,25.3704641063363,2.4076975,41,NA,NA,NA,NA,NA,NA,NA,NA,NA,NA,TRUE,0.000139565594635772,2.493504,20265517,20265558,NA
"TS-RIGHT-TUNED","TS tuned K1cap in {2,5,15,25}, T1=50, T2=4, eta=0.5/L",1,20260517,5,0.785372120779809,0.538907297159048,0.157744647296085,6.97827973178859e-05,0.5,0.4,2,NA,50,4,NA,14,NA,NA,NA,NA,NA,NA,14,252,168,42,2,31,92,2,7,126,21,TRUE,0.000139565594635772,2.493504,20265517,20265518,20265738
"Adaptive Huber","Adaptive Huber tau_q=0.99",2,20360517,1,1.01672309212444,0.643750939142263,-0.0207506244095677,NA,NA,NA,NA,NA,NA,NA,0.138088364307238,28,0.99,NA,NA,2.94212844016109,NA,NA,76,NA,NA,NA,NA,NA,NA,NA,NA,NA,NA,TRUE,0.000133379659073862,2.437935,20361517,20361548,NA
"IHT","IHT eta=0.5/L, T=50",2,20360517,1,0.943931516402928,0.60850779327591,0.120177117885678,6.6689829536931e-05,0.5,NA,NA,50,NA,NA,NA,28,NA,NA,NA,NA,NA,NA,28,NA,NA,NA,NA,NA,NA,NA,NA,NA,NA,TRUE,0.000133379659073862,2.437935,20361517,20361518,NA
"LASSO","LASSO cv.glmnet lambda.min",2,20360517,1,0.964098816790577,0.617218469375893,0.0821802918041848,NA,NA,NA,NA,NA,NA,NA,0.611817269942307,28,NA,NA,NA,NA,NA,NA,28,NA,NA,NA,NA,NA,NA,NA,NA,NA,NA,TRUE,0.000133379659073862,2.437935,20361517,20361518,NA
"Shrinkage","Shrinkage tau_x_q=0.99, tau_y_q=0.98",2,20360517,1,0.941021369690945,0.634642543532904,0.125593754023978,NA,NA,NA,NA,NA,NA,NA,0.36475015169082,28,NA,0.99,0.98,NA,27.0543580859026,2.65410411999999,19,NA,NA,NA,NA,NA,NA,NA,NA,NA,NA,TRUE,0.000133379659073862,2.437935,20361517,20361558,NA
"TS-RIGHT-TUNED","TS tuned K1cap in {2,5,15,25}, T1=50, T2=4, eta=0.5/L",2,20360517,1,0.904668027589017,0.551151946694044,0.191848537654801,6.6689829536931e-05,0.5,0.4,15,NA,50,4,NA,28,NA,NA,NA,NA,NA,NA,28,252,167,41,15,31,184,2,7,16.8,20.5,TRUE,0.000133379659073862,2.437935,20361517,20361518,20361738
"Adaptive Huber","Adaptive Huber tau_q=0.99",2,20360517,2,0.719567068136293,0.546927553743715,-0.303463894341907,NA,NA,NA,NA,NA,NA,NA,0.155593724493986,61,0.99,NA,NA,3.00028422811347,NA,NA,67,NA,NA,NA,NA,NA,NA,NA,NA,NA,NA,TRUE,0.000128882259103463,2.503936,20362517,20362548,NA
"IHT","IHT eta=0.5/L, T=50",2,20360517,2,0.612405218418482,0.474763553871038,0.0558647490618274,6.44411295517313e-05,0.5,NA,NA,50,NA,NA,NA,61,NA,NA,NA,NA,NA,NA,61,NA,NA,NA,NA,NA,NA,NA,NA,NA,NA,TRUE,0.000128882259103463,2.503936,20362517,20362518,NA
"LASSO","LASSO cv.glmnet lambda.min",2,20360517,2,0.69915897782722,0.54120098363163,-0.230575672255194,NA,NA,NA,NA,NA,NA,NA,0.205685746851687,61,NA,NA,NA,NA,NA,NA,61,NA,NA,NA,NA,NA,NA,NA,NA,NA,NA,TRUE,0.000128882259103463,2.503936,20362517,20362518,NA
"Shrinkage","Shrinkage tau_x_q=0.99, tau_y_q=0.98",2,20360517,2,0.802302830271023,0.649870348608594,-0.62044052629345,NA,NA,NA,NA,NA,NA,NA,0.134521749462311,61,NA,0.99,0.98,NA,27.1525523425582,3.15717388,63,NA,NA,NA,NA,NA,NA,NA,NA,NA,NA,TRUE,0.000128882259103463,2.503936,20362517,20362558,NA
"TS-RIGHT-TUNED","TS tuned K1cap in {2,5,15,25}, T1=50, T2=4, eta=0.5/L",2,20360517,2,0.557297653488731,0.444922006839839,0.218136613037175,6.44411295517313e-05,0.5,0.4,25,NA,50,4,NA,61,NA,NA,NA,NA,NA,NA,61,252,167,41,25,31,400,2,7,10.08,20.5,TRUE,0.000128882259103463,2.503936,20362517,20362518,20362738
"Adaptive Huber","Adaptive Huber tau_q=0.99",2,20360517,3,0.887884007885541,0.53621419779693,0.308854529112488,NA,NA,NA,NA,NA,NA,NA,0.102827995516961,6,0.99,NA,NA,3.38328037595429,NA,NA,82,NA,NA,NA,NA,NA,NA,NA,NA,NA,NA,TRUE,0.000148403724233884,2.477898,20363517,20363548,NA
"IHT","IHT eta=0.5/L, T=50",2,20360517,3,0.897921600407413,0.494331233623907,0.293139299064685,7.42018621169421e-05,0.5,NA,NA,50,NA,NA,NA,6,NA,NA,NA,NA,NA,NA,6,NA,NA,NA,NA,NA,NA,NA,NA,NA,NA,TRUE,0.000148403724233884,2.477898,20363517,20363518,NA
"LASSO","LASSO cv.glmnet lambda.min",2,20360517,3,0.939719528821057,0.493058770651838,0.225799400296355,NA,NA,NA,NA,NA,NA,NA,3.21411095379034,6,NA,NA,NA,NA,NA,NA,6,NA,NA,NA,NA,NA,NA,NA,NA,NA,NA,TRUE,0.000148403724233884,2.477898,20363517,20363518,NA
"Shrinkage","Shrinkage tau_x_q=0.99, tau_y_q=0.98",2,20360517,3,1.13887764338005,0.674176405824065,-0.137132662508469,NA,NA,NA,NA,NA,NA,NA,0.155724521089007,6,NA,0.99,0.98,NA,25.5791472134138,2.77956388,48,NA,NA,NA,NA,NA,NA,NA,NA,NA,NA,TRUE,0.000148403724233884,2.477898,20363517,20363558,NA
"TS-RIGHT-TUNED","TS tuned K1cap in {2,5,15,25}, T1=50, T2=4, eta=0.5/L",2,20360517,3,0.874778395405908,0.498280888589333,0.329107253955077,7.42018621169421e-05,0.5,0.4,2,NA,50,4,NA,6,NA,NA,NA,NA,NA,NA,6,252,167,41,2,31,40,2,7,126,20.5,TRUE,0.000148403724233884,2.477898,20363517,20363518,20363738
"Adaptive Huber","Adaptive Huber tau_q=0.99",2,20360517,4,1.064020978565,0.598244716217489,0.186730481236941,NA,NA,NA,NA,NA,NA,NA,0.0972127363382228,44,0.99,NA,NA,2.36249777686356,NA,NA,85,NA,NA,NA,NA,NA,NA,NA,NA,NA,NA,TRUE,0.000127062311178558,2.455662,20364517,20364548,NA
"IHT","IHT eta=0.5/L, T=50",2,20360517,4,0.953927194033086,0.566823734601828,0.346320939901141,6.35311555892792e-05,0.5,NA,NA,50,NA,NA,NA,44,NA,NA,NA,NA,NA,NA,44,NA,NA,NA,NA,NA,NA,NA,NA,NA,NA,TRUE,0.000127062311178558,2.455662,20364517,20364518,NA
"LASSO","LASSO cv.glmnet lambda.min",2,20360517,4,1.00673442258611,0.578933665424647,0.27194539920413,NA,NA,NA,NA,NA,NA,NA,0.411136272458333,44,NA,NA,NA,NA,NA,NA,44,NA,NA,NA,NA,NA,NA,NA,NA,NA,NA,TRUE,0.000127062311178558,2.455662,20364517,20364518,NA
"Shrinkage","Shrinkage tau_x_q=0.99, tau_y_q=0.98",2,20360517,4,1.03828196159965,0.61683783425495,0.225601092272451,NA,NA,NA,NA,NA,NA,NA,0.256164508959416,44,NA,0.99,0.98,NA,27.1616960835582,2.52492523999999,32,NA,NA,NA,NA,NA,NA,NA,NA,NA,NA,TRUE,0.000127062311178558,2.455662,20364517,20364558,NA
"TS-RIGHT-TUNED","TS tuned K1cap in {2,5,15,25}, T1=50, T2=4, eta=0.5/L",2,20360517,4,1.00805562329385,0.567269300927623,0.270033201871459,6.35311555892792e-05,0.5,0.4,15,NA,50,4,NA,44,NA,NA,NA,NA,NA,NA,44,252,167,41,15,31,289,2,7,16.8,20.5,TRUE,0.000127062311178558,2.455662,20364517,20364518,20364738
"Adaptive Huber","Adaptive Huber tau_q=0.99",2,20360517,5,0.788557524845992,0.558525464101192,0.213828564534393,NA,NA,NA,NA,NA,NA,NA,0.122790496940129,23,0.99,NA,NA,3.11639713545541,NA,NA,71,NA,NA,NA,NA,NA,NA,NA,NA,NA,NA,TRUE,0.000137465306988553,2.4474555,20365517,20365548,NA
"IHT","IHT eta=0.5/L, T=50",2,20360517,5,0.845363263323078,0.561627169080732,0.0964811007078036,6.87326534942766e-05,0.5,NA,NA,50,NA,NA,NA,23,NA,NA,NA,NA,NA,NA,23,NA,NA,NA,NA,NA,NA,NA,NA,NA,NA,TRUE,0.000137465306988553,2.4474555,20365517,20365518,NA
"LASSO","LASSO cv.glmnet lambda.min",2,20360517,5,0.836792541121406,0.543143711454073,0.114708895756067,NA,NA,NA,NA,NA,NA,NA,1.09309952725396,23,NA,NA,NA,NA,NA,NA,23,NA,NA,NA,NA,NA,NA,NA,NA,NA,NA,TRUE,0.000137465306988553,2.4474555,20365517,20365518,NA
"Shrinkage","Shrinkage tau_x_q=0.99, tau_y_q=0.98",2,20360517,5,0.886341501979861,0.612308318729217,0.00676350245173696,NA,NA,NA,NA,NA,NA,NA,0.158240480201802,23,NA,0.99,0.98,NA,26.3568524168934,2.361649,43,NA,NA,NA,NA,NA,NA,NA,NA,NA,NA,TRUE,0.000137465306988553,2.4474555,20365517,20365558,NA
"TS-RIGHT-TUNED","TS tuned K1cap in {2,5,15,25}, T1=50, T2=4, eta=0.5/L",2,20360517,5,0.805030176106301,0.530754067402245,0.180639885054286,6.87326534942766e-05,0.5,0.4,5,NA,50,4,NA,23,NA,NA,NA,NA,NA,NA,23,252,168,42,5,31,151,2,7,50.4,21,TRUE,0.000137465306988553,2.4474555,20365517,20365518,20365738
"Adaptive Huber","Adaptive Huber tau_q=0.99",3,20460517,1,0.628027161157244,0.500020068952862,0.0538227301551855,NA,NA,NA,NA,NA,NA,NA,0.157054377833625,49,0.99,NA,NA,2.95407147453701,NA,NA,67,NA,NA,NA,NA,NA,NA,NA,NA,NA,NA,TRUE,0.000129546394883159,2.477898,20461517,20461548,NA
"IHT","IHT eta=0.5/L, T=50",3,20460517,1,0.652048197355704,0.504356656672563,-0.0199410105490618,6.47731974415796e-05,0.5,NA,NA,50,NA,NA,NA,49,NA,NA,NA,NA,NA,NA,49,NA,NA,NA,NA,NA,NA,NA,NA,NA,NA,TRUE,0.000129546394883159,2.477898,20461517,20461518,NA
"LASSO","LASSO cv.glmnet lambda.min",3,20460517,1,0.665186133867962,0.517009447170978,-0.0614560884767033,NA,NA,NA,NA,NA,NA,NA,0.301216202887698,49,NA,NA,NA,NA,NA,NA,49,NA,NA,NA,NA,NA,NA,NA,NA,NA,NA,TRUE,0.000129546394883159,2.477898,20461517,20461518,NA
"Shrinkage","Shrinkage tau_x_q=0.99, tau_y_q=0.98",3,20460517,1,0.715221393941948,0.564303089088778,-0.227147171947764,NA,NA,NA,NA,NA,NA,NA,0.175388461546611,49,NA,0.99,0.98,NA,27.2477598024682,3.13113588,44,NA,NA,NA,NA,NA,NA,NA,NA,NA,NA,TRUE,0.000129546394883159,2.477898,20461517,20461558,NA
"TS-RIGHT-TUNED","TS tuned K1cap in {2,5,15,25}, T1=50, T2=4, eta=0.5/L",3,20460517,1,0.602494312747955,0.468369231907656,0.129193703041656,6.47731974415796e-05,0.5,0.4,15,NA,50,4,NA,49,NA,NA,NA,NA,NA,NA,49,252,167,41,15,31,321,2,7,16.8,20.5,TRUE,0.000129546394883159,2.477898,20461517,20461518,20461738
"Adaptive Huber","Adaptive Huber tau_q=0.99",3,20460517,2,1.21256071861878,0.655397312622402,0.254495230009774,NA,NA,NA,NA,NA,NA,NA,0.102480814741042,46,0.99,NA,NA,2.31591896524136,NA,NA,82,NA,NA,NA,NA,NA,NA,NA,NA,NA,NA,TRUE,0.000131923292803607,2.487424,20462517,20462548,NA
"IHT","IHT eta=0.5/L, T=50",3,20460517,2,1.19777776308199,0.625751931655444,0.272562092608622,6.59616464018035e-05,0.5,NA,NA,50,NA,NA,NA,46,NA,NA,NA,NA,NA,NA,46,NA,NA,NA,NA,NA,NA,NA,NA,NA,NA,TRUE,0.000131923292803607,2.487424,20462517,20462518,NA
"LASSO","LASSO cv.glmnet lambda.min",3,20460517,2,1.18307610569052,0.629990228243368,0.290309808773694,NA,NA,NA,NA,NA,NA,NA,0.312961600646667,46,NA,NA,NA,NA,NA,NA,46,NA,NA,NA,NA,NA,NA,NA,NA,NA,NA,TRUE,0.000131923292803607,2.487424,20462517,20462518,NA
"Shrinkage","Shrinkage tau_x_q=0.99, tau_y_q=0.98",3,20460517,2,1.36461658828601,0.756050118190511,0.0557984063483187,NA,NA,NA,NA,NA,NA,NA,0.0681689336980532,46,NA,0.99,0.98,NA,26.2034286759153,2.61204624,92,NA,NA,NA,NA,NA,NA,NA,NA,NA,NA,TRUE,0.000131923292803607,2.487424,20462517,20462558,NA
"TS-RIGHT-TUNED","TS tuned K1cap in {2,5,15,25}, T1=50, T2=4, eta=0.5/L",3,20460517,2,1.2294841977193,0.658422985403092,0.233540274957247,6.59616464018035e-05,0.5,0.4,2,NA,50,4,NA,46,NA,NA,NA,NA,NA,NA,46,252,167,41,2,31,302,2,7,126,20.5,TRUE,0.000131923292803607,2.487424,20462517,20462518,20462738
"Adaptive Huber","Adaptive Huber tau_q=0.99",3,20460517,3,0.926950131959504,0.638902167413992,0.268936475968049,NA,NA,NA,NA,NA,NA,NA,0.118579590108018,30,0.99,NA,NA,2.99251866998535,NA,NA,70,NA,NA,NA,NA,NA,NA,NA,NA,NA,NA,TRUE,0.000140382987858099,2.469759,20463517,20463548,NA
"IHT","IHT eta=0.5/L, T=50",3,20460517,3,0.963130257015649,0.634366473832885,0.210753930975383,7.01914939290493e-05,0.5,NA,NA,50,NA,NA,NA,30,NA,NA,NA,NA,NA,NA,30,NA,NA,NA,NA,NA,NA,NA,NA,NA,NA,TRUE,0.000140382987858099,2.469759,20463517,20463518,NA
"LASSO","LASSO cv.glmnet lambda.min",3,20460517,3,0.975117522977232,0.640207447363853,0.190985517748585,NA,NA,NA,NA,NA,NA,NA,0.762238275431946,30,NA,NA,NA,NA,NA,NA,30,NA,NA,NA,NA,NA,NA,NA,NA,NA,NA,TRUE,0.000140382987858099,2.469759,20463517,20463518,NA
"Shrinkage","Shrinkage tau_x_q=0.99, tau_y_q=0.98",3,20460517,3,1.07458045378568,0.742240593349803,0.0175278515064531,NA,NA,NA,NA,NA,NA,NA,0.208550242925183,30,NA,0.99,0.98,NA,26.3036168341663,2.387028,34,NA,NA,NA,NA,NA,NA,NA,NA,NA,NA,TRUE,0.000140382987858099,2.469759,20463517,20463558,NA
"TS-RIGHT-TUNED","TS tuned K1cap in {2,5,15,25}, T1=50, T2=4, eta=0.5/L",3,20460517,3,0.989441136887951,0.641668717735824,0.167043542276911,7.01914939290493e-05,0.5,0.4,2,NA,50,4,NA,30,NA,NA,NA,NA,NA,NA,30,252,167,41,2,31,197,2,7,126,20.5,TRUE,0.000140382987858099,2.469759,20463517,20463518,20463738
"Adaptive Huber","Adaptive Huber tau_q=0.99",3,20460517,4,0.726147217925236,0.455832351958413,-0.252352737757274,NA,NA,NA,NA,NA,NA,NA,0.140598581853419,13,0.99,NA,NA,3.70188079867526,NA,NA,69,NA,NA,NA,NA,NA,NA,NA,NA,NA,NA,TRUE,0.000133289632316267,2.437935,20464517,20464548,NA
"IHT","IHT eta=0.5/L, T=50",3,20460517,4,0.601882528731728,0.437816224576925,0.139599235112177,6.66448161581337e-05,0.5,NA,NA,50,NA,NA,NA,13,NA,NA,NA,NA,NA,NA,13,NA,NA,NA,NA,NA,NA,NA,NA,NA,NA,TRUE,0.000133289632316267,2.437935,20464517,20464518,NA
"LASSO","LASSO cv.glmnet lambda.min",3,20460517,4,0.597632461719755,0.433356622282491,0.151707412404509,NA,NA,NA,NA,NA,NA,NA,2.08784431770312,13,NA,NA,NA,NA,NA,NA,13,NA,NA,NA,NA,NA,NA,NA,NA,NA,NA,TRUE,0.000133289632316267,2.437935,20464517,20464518,NA
"Shrinkage","Shrinkage tau_x_q=0.99, tau_y_q=0.98",3,20460517,4,0.692789339514272,0.512040302326726,-0.139933997780601,NA,NA,NA,NA,NA,NA,NA,0.137817677943853,13,NA,0.99,0.98,NA,26.4891389042176,2.90437216,58,NA,NA,NA,NA,NA,NA,NA,NA,NA,NA,TRUE,0.000133289632316267,2.437935,20464517,20464558,NA
"TS-RIGHT-TUNED","TS tuned K1cap in {2,5,15,25}, T1=50, T2=4, eta=0.5/L",3,20460517,4,0.597355894350907,0.444385882810927,0.152492362281055,6.66448161581337e-05,0.5,0.4,15,NA,50,4,NA,13,NA,NA,NA,NA,NA,NA,13,252,167,41,15,31,86,2,7,16.8,20.5,TRUE,0.000133289632316267,2.437935,20464517,20464518,20464738
"Adaptive Huber","Adaptive Huber tau_q=0.99",3,20460517,5,0.764649215825875,0.54754353417296,0.1197024770515,NA,NA,NA,NA,NA,NA,NA,0.153304983117009,10,0.99,NA,NA,3.39046752810033,NA,NA,74,NA,NA,NA,NA,NA,NA,NA,NA,NA,NA,TRUE,0.000135678392852787,2.4570205,20465517,20465548,NA
"IHT","IHT eta=0.5/L, T=50",3,20460517,5,0.819389403725899,0.584801720637741,-0.0108475704987654,6.78391964263934e-05,0.5,NA,NA,50,NA,NA,NA,10,NA,NA,NA,NA,NA,NA,10,NA,NA,NA,NA,NA,NA,NA,NA,NA,NA,TRUE,0.000135678392852787,2.4570205,20465517,20465518,NA
"LASSO","LASSO cv.glmnet lambda.min",3,20460517,5,0.817727884277803,0.566845905275385,-0.00675222818505961,NA,NA,NA,NA,NA,NA,NA,2.07428966238464,10,NA,NA,NA,NA,NA,NA,10,NA,NA,NA,NA,NA,NA,NA,NA,NA,NA,TRUE,0.000135678392852787,2.4570205,20465517,20465518,NA
"Shrinkage","Shrinkage tau_x_q=0.99, tau_y_q=0.98",3,20460517,5,0.836669101222144,0.582316311414143,-0.0539316477138236,NA,NA,NA,NA,NA,NA,NA,0.179285804136361,10,NA,0.99,0.98,NA,26.7744504582359,2.57689292,45,NA,NA,NA,NA,NA,NA,NA,NA,NA,NA,TRUE,0.000135678392852787,2.4570205,20465517,20465558,NA
"TS-RIGHT-TUNED","TS tuned K1cap in {2,5,15,25}, T1=50, T2=4, eta=0.5/L",3,20460517,5,0.774644991744883,0.555637456969674,0.096536899530702,6.78391964263934e-05,0.5,0.4,25,NA,50,4,NA,10,NA,NA,NA,NA,NA,NA,10,252,168,42,25,31,66,2,7,10.08,21,TRUE,0.000135678392852787,2.4570205,20465517,20465518,20465738
"Adaptive Huber","Adaptive Huber tau_q=0.99",4,20560517,1,0.913943476187004,0.550963987954992,0.228104025137586,NA,NA,NA,NA,NA,NA,NA,0.118709589611303,27,0.99,NA,NA,3.15280264938887,NA,NA,72,NA,NA,NA,NA,NA,NA,NA,NA,NA,NA,TRUE,0.000134893360295881,2.475555,20561517,20561548,NA
"IHT","IHT eta=0.5/L, T=50",4,20560517,1,0.871399044177813,0.514549299331933,0.298295502010233,6.74466801479406e-05,0.5,NA,NA,50,NA,NA,NA,27,NA,NA,NA,NA,NA,NA,27,NA,NA,NA,NA,NA,NA,NA,NA,NA,NA,TRUE,0.000134893360295881,2.475555,20561517,20561518,NA
"LASSO","LASSO cv.glmnet lambda.min",4,20560517,1,0.879644821922206,0.51551292003046,0.28495264743766,NA,NA,NA,NA,NA,NA,NA,0.663682782360721,27,NA,NA,NA,NA,NA,NA,27,NA,NA,NA,NA,NA,NA,NA,NA,NA,NA,TRUE,0.000134893360295881,2.475555,20561517,20561518,NA
"Shrinkage","Shrinkage tau_x_q=0.99, tau_y_q=0.98",4,20560517,1,0.964383955925013,0.64565441428904,0.140551109830136,NA,NA,NA,NA,NA,NA,NA,0.137030352220546,27,NA,0.99,0.98,NA,26.6339153450833,2.69172411999999,52,NA,NA,NA,NA,NA,NA,NA,NA,NA,NA,TRUE,0.000134893360295881,2.475555,20561517,20561558,NA
"TS-RIGHT-TUNED","TS tuned K1cap in {2,5,15,25}, T1=50, T2=4, eta=0.5/L",4,20560517,1,0.832643158320502,0.507222093894714,0.359324763757603,6.74466801479406e-05,0.5,0.4,15,NA,50,4,NA,27,NA,NA,NA,NA,NA,NA,27,252,167,41,15,31,177,2,7,16.8,20.5,TRUE,0.000134893360295881,2.475555,20561517,20561518,20561738
"Adaptive Huber","Adaptive Huber tau_q=0.99",4,20560517,2,0.776228780085326,0.59348491434919,-0.16825582370824,NA,NA,NA,NA,NA,NA,NA,0.1509781750787,39,0.99,NA,NA,3.15724581609163,NA,NA,70,NA,NA,NA,NA,NA,NA,NA,NA,NA,NA,TRUE,0.000135534891710513,2.458379,20562517,20562548,NA
"IHT","IHT eta=0.5/L, T=50",4,20560517,2,0.746307894612913,0.556474128254711,-0.0799273599270736,6.77674458552566e-05,0.5,NA,NA,50,NA,NA,NA,39,NA,NA,NA,NA,NA,NA,39,NA,NA,NA,NA,NA,NA,NA,NA,NA,NA,TRUE,0.000135534891710513,2.458379,20562517,20562518,NA
"LASSO","LASSO cv.glmnet lambda.min",4,20560517,2,0.757443128512693,0.564096716297369,-0.112393731333155,NA,NA,NA,NA,NA,NA,NA,0.506018851827678,39,NA,NA,NA,NA,NA,NA,39,NA,NA,NA,NA,NA,NA,NA,NA,NA,NA,TRUE,0.000135534891710513,2.458379,20562517,20562518,NA
"Shrinkage","Shrinkage tau_x_q=0.99, tau_y_q=0.98",4,20560517,2,0.854749071766381,0.629909649076077,-0.416562525007079,NA,NA,NA,NA,NA,NA,NA,0.113747087639671,39,NA,0.99,0.98,NA,26.0986214158524,2.92481616,57,NA,NA,NA,NA,NA,NA,NA,NA,NA,NA,TRUE,0.000135534891710513,2.458379,20562517,20562558,NA
"TS-RIGHT-TUNED","TS tuned K1cap in {2,5,15,25}, T1=50, T2=4, eta=0.5/L",4,20560517,2,0.715609832621226,0.542479304849314,0.00708728731527386,6.77674458552566e-05,0.5,0.4,15,NA,50,4,NA,39,NA,NA,NA,NA,NA,NA,39,252,167,41,15,31,256,2,7,16.8,20.5,TRUE,0.000135534891710513,2.458379,20562517,20562518,20562738
"Adaptive Huber","Adaptive Huber tau_q=0.99",4,20560517,3,1.39461679999623,0.744164471478382,0.127842129223802,NA,NA,NA,NA,NA,NA,NA,0.09877804287589,13,0.99,NA,NA,2.56545728241658,NA,NA,86,NA,NA,NA,NA,NA,NA,NA,NA,NA,NA,TRUE,0.000135601802070659,2.446731,20563517,20563548,NA
"IHT","IHT eta=0.5/L, T=50",4,20560517,3,1.36150127147626,0.718216123867299,0.168769592620831,6.78009010353296e-05,0.5,NA,NA,50,NA,NA,NA,13,NA,NA,NA,NA,NA,NA,13,NA,NA,NA,NA,NA,NA,NA,NA,NA,NA,TRUE,0.000135601802070659,2.446731,20563517,20563518,NA
"LASSO","LASSO cv.glmnet lambda.min",4,20560517,3,1.3976364914981,0.694773099795131,0.124061163784195,NA,NA,NA,NA,NA,NA,NA,1.76679299871175,13,NA,NA,NA,NA,NA,NA,13,NA,NA,NA,NA,NA,NA,NA,NA,NA,NA,TRUE,0.000135601802070659,2.446731,20563517,20563518,NA
"Shrinkage","Shrinkage tau_x_q=0.99, tau_y_q=0.98",4,20560517,3,1.35939378235767,0.749610280198885,0.171340950061263,NA,NA,NA,NA,NA,NA,NA,0.2572295890547,13,NA,0.99,0.98,NA,26.2433889388695,1.95523444,34,NA,NA,NA,NA,NA,NA,NA,NA,NA,NA,TRUE,0.000135601802070659,2.446731,20563517,20563558,NA
"TS-RIGHT-TUNED","TS tuned K1cap in {2,5,15,25}, T1=50, T2=4, eta=0.5/L",4,20560517,3,1.3299968577473,0.674041775123517,0.206792979969901,6.78009010353296e-05,0.5,0.4,5,NA,50,4,NA,13,NA,NA,NA,NA,NA,NA,13,252,167,41,5,31,86,2,7,50.4,20.5,TRUE,0.000135601802070659,2.446731,20563517,20563518,20563738
"Adaptive Huber","Adaptive Huber tau_q=0.99",4,20560517,4,0.597726234954889,0.484592034556781,0.0496475308538248,NA,NA,NA,NA,NA,NA,NA,0.149881066991791,41,0.99,NA,NA,3.19258908625333,NA,NA,72,NA,NA,NA,NA,NA,NA,NA,NA,NA,NA,TRUE,0.00012810743772265,2.485022,20564517,20564548,NA
"IHT","IHT eta=0.5/L, T=50",4,20560517,4,0.592528921236609,0.479840974693165,0.0661025758912632,6.40537188613249e-05,0.5,NA,NA,50,NA,NA,NA,41,NA,NA,NA,NA,NA,NA,41,NA,NA,NA,NA,NA,NA,NA,NA,NA,NA,TRUE,0.00012810743772265,2.485022,20564517,20564518,NA
"LASSO","LASSO cv.glmnet lambda.min",4,20560517,4,0.587064248740651,0.481361043842623,0.08324911443288,NA,NA,NA,NA,NA,NA,NA,0.457715122102711,41,NA,NA,NA,NA,NA,NA,41,NA,NA,NA,NA,NA,NA,NA,NA,NA,NA,TRUE,0.00012810743772265,2.485022,20564517,20564518,NA
"Shrinkage","Shrinkage tau_x_q=0.99, tau_y_q=0.98",4,20560517,4,0.653559393860813,0.528995793783855,-0.136187989470955,NA,NA,NA,NA,NA,NA,NA,0.205184645403321,41,NA,0.99,0.98,NA,27.7935592726142,3.13825988,43,NA,NA,NA,NA,NA,NA,NA,NA,NA,NA,TRUE,0.00012810743772265,2.485022,20564517,20564558,NA
"TS-RIGHT-TUNED","TS tuned K1cap in {2,5,15,25}, T1=50, T2=4, eta=0.5/L",4,20560517,4,0.572785922765324,0.460272418151227,0.127300467764015,6.40537188613249e-05,0.5,0.4,25,NA,50,4,NA,41,NA,NA,NA,NA,NA,NA,41,252,167,41,25,31,269,2,7,10.08,20.5,TRUE,0.00012810743772265,2.485022,20564517,20564518,20564738
"Adaptive Huber","Adaptive Huber tau_q=0.99",4,20560517,5,0.670591502134748,0.505066180264956,0.116840364041119,NA,NA,NA,NA,NA,NA,NA,0.172063048786354,23,0.99,NA,NA,3.35452337745825,NA,NA,64,NA,NA,NA,NA,NA,NA,NA,NA,NA,NA,TRUE,0.000111304200397599,2.4705925,20565517,20565548,NA
"IHT","IHT eta=0.5/L, T=50",4,20560517,5,0.672730569506492,0.486705102856828,0.111197134259665,5.56521001987994e-05,0.5,NA,NA,50,NA,NA,NA,23,NA,NA,NA,NA,NA,NA,23,NA,NA,NA,NA,NA,NA,NA,NA,NA,NA,TRUE,0.000111304200397599,2.4705925,20565517,20565518,NA
"LASSO","LASSO cv.glmnet lambda.min",4,20560517,5,0.670172790266636,0.47541414313397,0.117942895084494,NA,NA,NA,NA,NA,NA,NA,1.15869849315924,23,NA,NA,NA,NA,NA,NA,23,NA,NA,NA,NA,NA,NA,NA,NA,NA,NA,TRUE,0.000111304200397599,2.4705925,20565517,20565518,NA
"Shrinkage","Shrinkage tau_x_q=0.99, tau_y_q=0.98",4,20560517,5,0.799199169980281,0.606825111431522,-0.254391691567178,NA,NA,NA,NA,NA,NA,NA,0.181503358345162,23,NA,0.99,0.98,NA,26.4891389042176,2.87913382,46,NA,NA,NA,NA,NA,NA,NA,NA,NA,NA,TRUE,0.000111304200397599,2.4705925,20565517,20565558,NA
"TS-RIGHT-TUNED","TS tuned K1cap in {2,5,15,25}, T1=50, T2=4, eta=0.5/L",4,20560517,5,0.656033893241288,0.484443117086494,0.154768497853116,5.56521001987994e-05,0.5,0.4,25,NA,50,4,NA,23,NA,NA,NA,NA,NA,NA,23,252,168,42,25,31,151,2,7,10.08,21,TRUE,0.000111304200397599,2.4705925,20565517,20565518,20565738
"Adaptive Huber","Adaptive Huber tau_q=0.99",5,20660517,1,0.689439189732482,0.558893173142209,-0.0430668655160829,NA,NA,NA,NA,NA,NA,NA,0.13770100272043,16,0.99,NA,NA,3.38791130216259,NA,NA,73,NA,NA,NA,NA,NA,NA,NA,NA,NA,NA,TRUE,0.000129445325078131,2.465694,20661517,20661548,NA
"IHT","IHT eta=0.5/L, T=50",5,20660517,1,0.627355203133854,0.509817405336628,0.136331210900234,6.47226625390657e-05,0.5,NA,NA,50,NA,NA,NA,16,NA,NA,NA,NA,NA,NA,16,NA,NA,NA,NA,NA,NA,NA,NA,NA,NA,TRUE,0.000129445325078131,2.465694,20661517,20661518,NA
"LASSO","LASSO cv.glmnet lambda.min",5,20660517,1,0.632667501294239,0.50592976229505,0.121642589730999,NA,NA,NA,NA,NA,NA,NA,1.54682845721032,16,NA,NA,NA,NA,NA,NA,16,NA,NA,NA,NA,NA,NA,NA,NA,NA,NA,TRUE,0.000129445325078131,2.465694,20661517,20661518,NA
"Shrinkage","Shrinkage tau_x_q=0.99, tau_y_q=0.98",5,20660517,1,0.691857843873456,0.540913170584779,-0.0503981667813129,NA,NA,NA,NA,NA,NA,NA,0.182131462549586,16,NA,0.99,0.98,NA,27.2606759676256,2.93213116,48,NA,NA,NA,NA,NA,NA,NA,NA,NA,NA,TRUE,0.000129445325078131,2.465694,20661517,20661558,NA
"TS-RIGHT-TUNED","TS tuned K1cap in {2,5,15,25}, T1=50, T2=4, eta=0.5/L",5,20660517,1,0.609355134955632,0.48446685120859,0.185180962340612,6.47226625390657e-05,0.5,0.4,15,NA,50,4,NA,16,NA,NA,NA,NA,NA,NA,16,252,167,41,15,31,105,2,7,16.8,20.5,TRUE,0.000129445325078131,2.465694,20661517,20661518,20661738
"Adaptive Huber","Adaptive Huber tau_q=0.99",5,20660517,2,0.781817760269076,0.511463836195634,0.35028891890613,NA,NA,NA,NA,NA,NA,NA,0.125496240147157,18,0.99,NA,NA,2.9479459145345,NA,NA,75,NA,NA,NA,NA,NA,NA,NA,NA,NA,NA,TRUE,0.000124276425126954,2.469759,20662517,20662548,NA
"IHT","IHT eta=0.5/L, T=50",5,20660517,2,0.783232092064346,0.500823389819588,0.347936098973714,6.21382125634771e-05,0.5,NA,NA,50,NA,NA,NA,18,NA,NA,NA,NA,NA,NA,18,NA,NA,NA,NA,NA,NA,NA,NA,NA,NA,TRUE,0.000124276425126954,2.469759,20662517,20662518,NA
"LASSO","LASSO cv.glmnet lambda.min",5,20660517,2,0.791831614121854,0.497578361411373,0.3335387792528,NA,NA,NA,NA,NA,NA,NA,1.34565504795332,18,NA,NA,NA,NA,NA,NA,18,NA,NA,NA,NA,NA,NA,NA,NA,NA,NA,TRUE,0.000124276425126954,2.469759,20662517,20662518,NA
"Shrinkage","Shrinkage tau_x_q=0.99, tau_y_q=0.98",5,20660517,2,0.882763717345205,0.578024541203178,0.171679976947392,NA,NA,NA,NA,NA,NA,NA,0.229255088998287,18,NA,0.99,0.98,NA,27.7761139518736,2.77142488,39,NA,NA,NA,NA,NA,NA,NA,NA,NA,NA,TRUE,0.000124276425126954,2.469759,20662517,20662558,NA
"TS-RIGHT-TUNED","TS tuned K1cap in {2,5,15,25}, T1=50, T2=4, eta=0.5/L",5,20660517,2,0.791245307814466,0.521331738910241,0.334525367174142,6.21382125634771e-05,0.5,0.4,2,NA,50,4,NA,18,NA,NA,NA,NA,NA,NA,18,252,167,41,2,31,118,2,7,126,20.5,TRUE,0.000124276425126954,2.469759,20662517,20662518,20662738
"Adaptive Huber","Adaptive Huber tau_q=0.99",5,20660517,3,1.16573214138832,0.64000155128967,0.211900113772152,NA,NA,NA,NA,NA,NA,NA,0.117292956601711,29,0.99,NA,NA,2.57178664088853,NA,NA,72,NA,NA,NA,NA,NA,NA,NA,NA,NA,NA,TRUE,0.000121766046182394,2.475555,20663517,20663548,NA
"IHT","IHT eta=0.5/L, T=50",5,20660517,3,1.14305130446302,0.621925670431496,0.242268799607213,6.08830230911972e-05,0.5,NA,NA,50,NA,NA,NA,29,NA,NA,NA,NA,NA,NA,29,NA,NA,NA,NA,NA,NA,NA,NA,NA,NA,TRUE,0.000121766046182394,2.475555,20663517,20663518,NA
"LASSO","LASSO cv.glmnet lambda.min",5,20660517,3,1.14442219427866,0.622896825062551,0.24045017800997,NA,NA,NA,NA,NA,NA,NA,0.54442567762393,29,NA,NA,NA,NA,NA,NA,29,NA,NA,NA,NA,NA,NA,NA,NA,NA,NA,TRUE,0.000121766046182394,2.475555,20663517,20663518,NA
"Shrinkage","Shrinkage tau_x_q=0.99, tau_y_q=0.98",5,20660517,3,1.24298639966435,0.749310856715488,0.103982531829864,NA,NA,NA,NA,NA,NA,NA,0.119017622791396,29,NA,0.99,0.98,NA,27.0649875362358,2.60017724,62,NA,NA,NA,NA,NA,NA,NA,NA,NA,NA,TRUE,0.000121766046182394,2.475555,20663517,20663558,NA
"TS-RIGHT-TUNED","TS tuned K1cap in {2,5,15,25}, T1=50, T2=4, eta=0.5/L",5,20660517,3,1.15216514979676,0.61933746581811,0.230137452594456,6.08830230911972e-05,0.5,0.4,2,NA,50,4,NA,29,NA,NA,NA,NA,NA,NA,29,252,167,41,2,31,190,2,7,126,20.5,TRUE,0.000121766046182394,2.475555,20663517,20663518,20663738
"Adaptive Huber","Adaptive Huber tau_q=0.99",5,20660517,4,0.798403956234544,0.548074450030692,0.332688009697769,NA,NA,NA,NA,NA,NA,NA,0.129624306829543,17,0.99,NA,NA,3.21399452815229,NA,NA,76,NA,NA,NA,NA,NA,NA,NA,NA,NA,NA,TRUE,0.000141539943871935,2.471426,20664517,20664548,NA
"IHT","IHT eta=0.5/L, T=50",5,20660517,4,0.826315543079792,0.530108247199525,0.285215030340749,7.07699719359676e-05,0.5,NA,NA,50,NA,NA,NA,17,NA,NA,NA,NA,NA,NA,17,NA,NA,NA,NA,NA,NA,NA,NA,NA,NA,TRUE,0.000141539943871935,2.471426,20664517,20664518,NA
"LASSO","LASSO cv.glmnet lambda.min",5,20660517,4,0.807613592776239,0.501938858149856,0.317204252753056,NA,NA,NA,NA,NA,NA,NA,1.5980690402724,17,NA,NA,NA,NA,NA,NA,17,NA,NA,NA,NA,NA,NA,NA,NA,NA,NA,TRUE,0.000141539943871935,2.471426,20664517,20664518,NA
"Shrinkage","Shrinkage tau_x_q=0.99, tau_y_q=0.98",5,20660517,4,0.988819521866826,0.714094205441322,-0.0235701957224401,NA,NA,NA,NA,NA,NA,NA,0.185139345090046,17,NA,0.99,0.98,NA,26.2338160034021,2.54068923999999,42,NA,NA,NA,NA,NA,NA,NA,NA,NA,NA,TRUE,0.000141539943871935,2.471426,20664517,20664558,NA
"TS-RIGHT-TUNED","TS tuned K1cap in {2,5,15,25}, T1=50, T2=4, eta=0.5/L",5,20660517,4,0.84436484278028,0.521427631770596,0.253647740490741,7.07699719359676e-05,0.5,0.4,25,NA,50,4,NA,17,NA,NA,NA,NA,NA,NA,17,252,167,41,25,31,112,2,7,10.08,20.5,TRUE,0.000141539943871935,2.471426,20664517,20664518,20664738
"Adaptive Huber","Adaptive Huber tau_q=0.99",5,20660517,5,0.915145468835664,0.606235281273614,-0.31649991011299,NA,NA,NA,NA,NA,NA,NA,0.145465871748192,13,0.99,NA,NA,3.40050491245911,NA,NA,72,NA,NA,NA,NA,NA,NA,NA,NA,NA,NA,TRUE,0.000142620610291096,2.455474,20665517,20665548,NA
"IHT","IHT eta=0.5/L, T=50",5,20660517,5,0.833414599222247,0.563852862599162,-0.0918494862636012,7.1310305145548e-05,0.5,NA,NA,50,NA,NA,NA,13,NA,NA,NA,NA,NA,NA,13,NA,NA,NA,NA,NA,NA,NA,NA,NA,NA,TRUE,0.000142620610291096,2.455474,20665517,20665518,NA
"LASSO","LASSO cv.glmnet lambda.min",5,20660517,5,0.819340973487352,0.553592093432161,-0.0552853605037227,NA,NA,NA,NA,NA,NA,NA,2.06194114790686,13,NA,NA,NA,NA,NA,NA,13,NA,NA,NA,NA,NA,NA,NA,NA,NA,NA,TRUE,0.000142620610291096,2.455474,20665517,20665518,NA
"Shrinkage","Shrinkage tau_x_q=0.99, tau_y_q=0.98",5,20660517,5,0.849649950724741,0.600088448622974,-0.134803429085527,NA,NA,NA,NA,NA,NA,NA,0.186141555909486,13,NA,0.99,0.98,NA,26.1861990383416,2.77376874,46,NA,NA,NA,NA,NA,NA,NA,NA,NA,NA,TRUE,0.000142620610291096,2.455474,20665517,20665558,NA
"TS-RIGHT-TUNED","TS tuned K1cap in {2,5,15,25}, T1=50, T2=4, eta=0.5/L",5,20660517,5,0.784595291768141,0.534248615100177,0.0323195621190585,7.1310305145548e-05,0.5,0.4,25,NA,50,4,NA,13,NA,NA,NA,NA,NA,NA,13,252,168,42,25,31,86,2,7,10.08,21,TRUE,0.000142620610291096,2.455474,20665517,20665518,20665738
"Adaptive Huber","Adaptive Huber tau_q=0.99",6,20760517,1,0.920745211016158,0.520253379167053,0.355689186722623,NA,NA,NA,NA,NA,NA,NA,0.123837281294232,8,0.99,NA,NA,3.02584909413351,NA,NA,71,NA,NA,NA,NA,NA,NA,NA,NA,NA,NA,TRUE,0.000131861355296145,2.469354,20761517,20761548,NA
"IHT","IHT eta=0.5/L, T=50",6,20760517,1,0.938836047615896,0.538852727085385,0.330121567233032,6.59306776480723e-05,0.5,NA,NA,50,NA,NA,NA,8,NA,NA,NA,NA,NA,NA,8,NA,NA,NA,NA,NA,NA,NA,NA,NA,NA,TRUE,0.000131861355296145,2.469354,20761517,20761518,NA
"LASSO","LASSO cv.glmnet lambda.min",6,20760517,1,1.01287743469779,0.547812781200864,0.22029508049897,NA,NA,NA,NA,NA,NA,NA,2.92811940511002,8,NA,NA,NA,NA,NA,NA,8,NA,NA,NA,NA,NA,NA,NA,NA,NA,NA,TRUE,0.000131861355296145,2.469354,20761517,20761518,NA
"Shrinkage","Shrinkage tau_x_q=0.99, tau_y_q=0.98",6,20760517,1,0.994755502327367,0.608724859116413,0.247945727639726,NA,NA,NA,NA,NA,NA,NA,0.169205227511482,8,NA,0.99,0.98,NA,27.2477598024682,2.68552311999999,42,NA,NA,NA,NA,NA,NA,NA,NA,NA,NA,TRUE,0.000131861355296145,2.469354,20761517,20761558,NA
"TS-RIGHT-TUNED","TS tuned K1cap in {2,5,15,25}, T1=50, T2=4, eta=0.5/L",6,20760517,1,0.967454773307827,0.556773378213248,0.288659024573257,6.59306776480723e-05,0.5,0.4,2,NA,50,4,NA,8,NA,NA,NA,NA,NA,NA,8,252,167,41,2,31,53,2,7,126,20.5,TRUE,0.000131861355296145,2.469354,20761517,20761518,20761738
"Adaptive Huber","Adaptive Huber tau_q=0.99",6,20760517,2,0.600654816788044,0.48663082229631,0.0440231998989602,NA,NA,NA,NA,NA,NA,NA,0.141417691272577,45,0.99,NA,NA,3.08686082422471,NA,NA,67,NA,NA,NA,NA,NA,NA,NA,NA,NA,NA,TRUE,0.000132348046502884,2.465694,20762517,20762548,NA
"IHT","IHT eta=0.5/L, T=50",6,20760517,2,0.56536961342597,0.447713130427579,0.153041071553471,6.61740232514419e-05,0.5,NA,NA,50,NA,NA,NA,45,NA,NA,NA,NA,NA,NA,45,NA,NA,NA,NA,NA,NA,NA,NA,NA,NA,TRUE,0.000132348046502884,2.465694,20762517,20762518,NA
"LASSO","LASSO cv.glmnet lambda.min",6,20760517,2,0.576108644362362,0.463277608144179,0.120560013945563,NA,NA,NA,NA,NA,NA,NA,0.393503126488932,45,NA,NA,NA,NA,NA,NA,45,NA,NA,NA,NA,NA,NA,NA,NA,NA,NA,TRUE,0.000132348046502884,2.465694,20762517,20762518,NA
"Shrinkage","Shrinkage tau_x_q=0.99, tau_y_q=0.98",6,20760517,2,0.792636644225392,0.594418131273508,-0.664737325444239,NA,NA,NA,NA,NA,NA,NA,0.186284704316534,45,NA,0.99,0.98,NA,27.2606759676256,3.11893188,41,NA,NA,NA,NA,NA,NA,NA,NA,NA,NA,TRUE,0.000132348046502884,2.465694,20762517,20762558,NA
"TS-RIGHT-TUNED","TS tuned K1cap in {2,5,15,25}, T1=50, T2=4, eta=0.5/L",6,20760517,2,0.537804946333904,0.422047984991205,0.233614976957748,6.61740232514419e-05,0.5,0.4,25,NA,50,4,NA,45,NA,NA,NA,NA,NA,NA,45,252,167,41,25,31,295,2,7,10.08,20.5,TRUE,0.000132348046502884,2.465694,20762517,20762518,20762738
"Adaptive Huber","Adaptive Huber tau_q=0.99",6,20760517,3,0.806589902419335,0.576842777783085,-0.474647419435613,NA,NA,NA,NA,NA,NA,NA,0.156987721842497,16,0.99,NA,NA,3.22595900280237,NA,NA,71,NA,NA,NA,NA,NA,NA,NA,NA,NA,NA,TRUE,0.00013577589270874,2.48831,20763517,20763548,NA
"IHT","IHT eta=0.5/L, T=50",6,20760517,3,0.794386041145363,0.5862275242721,-0.430361598274594,6.78879463543698e-05,0.5,NA,NA,50,NA,NA,NA,16,NA,NA,NA,NA,NA,NA,16,NA,NA,NA,NA,NA,NA,NA,NA,NA,NA,TRUE,0.00013577589270874,2.48831,20763517,20763518,NA
"LASSO","LASSO cv.glmnet lambda.min",6,20760517,3,0.783801239337681,0.580401195593452,-0.392497823955894,NA,NA,NA,NA,NA,NA,NA,1.39752838213841,16,NA,NA,NA,NA,NA,NA,16,NA,NA,NA,NA,NA,NA,NA,NA,NA,NA,TRUE,0.00013577589270874,2.48831,20763517,20763518,NA
"Shrinkage","Shrinkage tau_x_q=0.99, tau_y_q=0.98",6,20760517,3,0.891461086028587,0.670484827120961,-0.801305660558103,NA,NA,NA,NA,NA,NA,NA,0.212732893681791,16,NA,0.99,0.98,NA,26.2679237381838,2.95474716,38,NA,NA,NA,NA,NA,NA,NA,NA,NA,NA,TRUE,0.00013577589270874,2.48831,20763517,20763558,NA
"TS-RIGHT-TUNED","TS tuned K1cap in {2,5,15,25}, T1=50, T2=4, eta=0.5/L",6,20760517,3,0.696411052151136,0.536570786048,-0.0992942165594024,6.78879463543698e-05,0.5,0.4,25,NA,50,4,NA,16,NA,NA,NA,NA,NA,NA,16,252,167,41,25,31,105,2,7,10.08,20.5,TRUE,0.00013577589270874,2.48831,20763517,20763518,20763738
"Adaptive Huber","Adaptive Huber tau_q=0.99",6,20760517,4,1.13657940662026,0.648264974354984,0.279358533873106,NA,NA,NA,NA,NA,NA,NA,0.104466821399381,33,0.99,NA,NA,2.16306628519498,NA,NA,78,NA,NA,NA,NA,NA,NA,NA,NA,NA,NA,TRUE,0.000137787073690799,2.465694,20764517,20764548,NA
"IHT","IHT eta=0.5/L, T=50",6,20760517,4,1.15051955860937,0.634089773438713,0.261572785305203,6.88935368453995e-05,0.5,NA,NA,50,NA,NA,NA,33,NA,NA,NA,NA,NA,NA,33,NA,NA,NA,NA,NA,NA,NA,NA,NA,NA,TRUE,0.000137787073690799,2.465694,20764517,20764518,NA
"LASSO","LASSO cv.glmnet lambda.min",6,20760517,4,1.14391419515536,0.619956310676324,0.270027363097047,NA,NA,NA,NA,NA,NA,NA,0.462852940497679,33,NA,NA,NA,NA,NA,NA,33,NA,NA,NA,NA,NA,NA,NA,NA,NA,NA,TRUE,0.000137787073690799,2.465694,20764517,20764518,NA
"Shrinkage","Shrinkage tau_x_q=0.99, tau_y_q=0.98",6,20760517,4,1.29259115156355,0.829374908777219,0.0679439292171719,NA,NA,NA,NA,NA,NA,NA,0.125182800942468,33,NA,0.99,0.98,NA,25.9003809138599,2.382963,55,NA,NA,NA,NA,NA,NA,NA,NA,NA,NA,TRUE,0.000137787073690799,2.465694,20764517,20764558,NA
"TS-RIGHT-TUNED","TS tuned K1cap in {2,5,15,25}, T1=50, T2=4, eta=0.5/L",6,20760517,4,1.15133895833515,0.632835308285024,0.260520595419334,6.88935368453995e-05,0.5,0.4,2,NA,50,4,NA,33,NA,NA,NA,NA,NA,NA,33,252,167,41,2,31,217,2,7,126,20.5,TRUE,0.000137787073690799,2.465694,20764517,20764518,20764738
"Adaptive Huber","Adaptive Huber tau_q=0.99",6,20760517,5,0.753250781729756,0.535141713656941,0.283549193308319,NA,NA,NA,NA,NA,NA,NA,0.1324729268866,38,0.99,NA,NA,3.21651530574544,NA,NA,80,NA,NA,NA,NA,NA,NA,NA,NA,NA,NA,TRUE,0.000130322355898439,2.4398965,20765517,20765548,NA
"IHT","IHT eta=0.5/L, T=50",6,20760517,5,0.777374974586231,0.525235319690633,0.236923102770191,6.51611779492197e-05,0.5,NA,NA,50,NA,NA,NA,38,NA,NA,NA,NA,NA,NA,38,NA,NA,NA,NA,NA,NA,NA,NA,NA,NA,TRUE,0.000130322355898439,2.4398965,20765517,20765518,NA
"LASSO","LASSO cv.glmnet lambda.min",6,20760517,5,0.795896903082562,0.545430654929782,0.200127393660599,NA,NA,NA,NA,NA,NA,NA,0.534795492138005,38,NA,NA,NA,NA,NA,NA,38,NA,NA,NA,NA,NA,NA,NA,NA,NA,NA,TRUE,0.000130322355898439,2.4398965,20765517,20765518,NA
"Shrinkage","Shrinkage tau_x_q=0.99, tau_y_q=0.98",6,20760517,5,0.896467796031677,0.636292975803174,-0.0147909366475092,NA,NA,NA,NA,NA,NA,NA,0.19973458517277,38,NA,0.99,0.98,NA,27.5465395278586,2.35409,41,NA,NA,NA,NA,NA,NA,NA,NA,NA,NA,TRUE,0.000130322355898439,2.4398965,20765517,20765558,NA
"TS-RIGHT-TUNED","TS tuned K1cap in {2,5,15,25}, T1=50, T2=4, eta=0.5/L",6,20760517,5,0.775834721651856,0.550896835299894,0.239943953958499,6.51611779492197e-05,0.5,0.4,15,NA,50,4,NA,38,NA,NA,NA,NA,NA,NA,38,252,168,42,15,31,249,2,7,16.8,21,TRUE,0.000130322355898439,2.4398965,20765517,20765518,20765738
"Adaptive Huber","Adaptive Huber tau_q=0.99",7,20860517,1,0.80068769149917,0.575741483338671,-0.4308931035165,NA,NA,NA,NA,NA,NA,NA,0.140921241243193,14,0.99,NA,NA,3.2708702861052,NA,NA,75,NA,NA,NA,NA,NA,NA,NA,NA,NA,NA,TRUE,0.00013433148196419,2.458379,20861517,20861548,NA
"IHT","IHT eta=0.5/L, T=50",7,20860517,1,0.724891090745479,0.530600733260605,-0.172806623212658,6.7165740982095e-05,0.5,NA,NA,50,NA,NA,NA,14,NA,NA,NA,NA,NA,NA,14,NA,NA,NA,NA,NA,NA,NA,NA,NA,NA,TRUE,0.00013433148196419,2.458379,20861517,20861518,NA
"LASSO","LASSO cv.glmnet lambda.min",7,20860517,1,0.685036250752989,0.501426109544938,-0.0473889648001717,NA,NA,NA,NA,NA,NA,NA,1.90673171855126,14,NA,NA,NA,NA,NA,NA,14,NA,NA,NA,NA,NA,NA,NA,NA,NA,NA,TRUE,0.00013433148196419,2.458379,20861517,20861518,NA
"Shrinkage","Shrinkage tau_x_q=0.99, tau_y_q=0.98",7,20860517,1,0.775664260208839,0.575185581419105,-0.34285292069041,NA,NA,NA,NA,NA,NA,NA,0.127282162810047,14,NA,0.99,0.98,NA,27.3192792302657,2.92481616,53,NA,NA,NA,NA,NA,NA,NA,NA,NA,NA,TRUE,0.00013433148196419,2.458379,20861517,20861558,NA
"TS-RIGHT-TUNED","TS tuned K1cap in {2,5,15,25}, T1=50, T2=4, eta=0.5/L",7,20860517,1,0.585995133252235,0.458403025314407,0.233576338555002,6.7165740982095e-05,0.5,0.4,15,NA,50,4,NA,14,NA,NA,NA,NA,NA,NA,14,252,167,41,15,31,92,2,7,16.8,20.5,TRUE,0.00013433148196419,2.458379,20861517,20861518,20861738
"Adaptive Huber","Adaptive Huber tau_q=0.99",7,20860517,2,1.30318700825949,0.697303385340109,0.255613440057531,NA,NA,NA,NA,NA,NA,NA,0.0981222913108514,19,0.99,NA,NA,2.05678112449566,NA,NA,73,NA,NA,NA,NA,NA,NA,NA,NA,NA,NA,TRUE,0.000138093762882773,2.469759,20862517,20862548,NA
"IHT","IHT eta=0.5/L, T=50",7,20860517,2,1.33504233615366,0.709140260706604,0.218776829212409,6.90468814413865e-05,0.5,NA,NA,50,NA,NA,NA,19,NA,NA,NA,NA,NA,NA,19,NA,NA,NA,NA,NA,NA,NA,NA,NA,NA,TRUE,0.000138093762882773,2.469759,20862517,20862518,NA
"LASSO","LASSO cv.glmnet lambda.min",7,20860517,2,1.34155804499709,0.696830907187358,0.211132660834229,NA,NA,NA,NA,NA,NA,NA,0.795900156699584,19,NA,NA,NA,NA,NA,NA,19,NA,NA,NA,NA,NA,NA,NA,NA,NA,NA,TRUE,0.000138093762882773,2.469759,20862517,20862518,NA
"Shrinkage","Shrinkage tau_x_q=0.99, tau_y_q=0.98",7,20860517,2,1.36935173479754,0.757191845995139,0.178107395905924,NA,NA,NA,NA,NA,NA,NA,0.318130971226549,19,NA,0.99,0.98,NA,24.9206312698428,1.91741988,21,NA,NA,NA,NA,NA,NA,NA,NA,NA,NA,TRUE,0.000138093762882773,2.469759,20862517,20862558,NA
"TS-RIGHT-TUNED","TS tuned K1cap in {2,5,15,25}, T1=50, T2=4, eta=0.5/L",7,20860517,2,1.31599493700209,0.706383802776786,0.240909639245658,6.90468814413865e-05,0.5,0.4,2,NA,50,4,NA,19,NA,NA,NA,NA,NA,NA,19,252,167,41,2,31,125,2,7,126,20.5,TRUE,0.000138093762882773,2.469759,20862517,20862518,20862738
"Adaptive Huber","Adaptive Huber tau_q=0.99",7,20860517,3,0.718982790989835,0.473657752687203,0.224438916549387,NA,NA,NA,NA,NA,NA,NA,0.143687731034412,13,0.99,NA,NA,3.21186612658638,NA,NA,73,NA,NA,NA,NA,NA,NA,NA,NA,NA,NA,TRUE,0.000120298052559267,2.44818,20863517,20863548,NA
"IHT","IHT eta=0.5/L, T=50",7,20860517,3,0.694147951926092,0.488257436689693,0.277091866991721,6.01490262796337e-05,0.5,NA,NA,50,NA,NA,NA,13,NA,NA,NA,NA,NA,NA,13,NA,NA,NA,NA,NA,NA,NA,NA,NA,NA,TRUE,0.000120298052559267,2.44818,20863517,20863518,NA
"LASSO","LASSO cv.glmnet lambda.min",7,20860517,3,0.69838664737334,0.472872860863759,0.268236282613346,NA,NA,NA,NA,NA,NA,NA,2.03673646270854,13,NA,NA,NA,NA,NA,NA,13,NA,NA,NA,NA,NA,NA,NA,NA,NA,NA,TRUE,0.000120298052559267,2.44818,20863517,20863518,NA
"Shrinkage","Shrinkage tau_x_q=0.99, tau_y_q=0.98",7,20860517,3,0.838970329735994,0.562798980436112,-0.0560201911319631,NA,NA,NA,NA,NA,NA,NA,0.131848211867206,13,NA,0.99,0.98,NA,28.0817170242714,2.91461716,61,NA,NA,NA,NA,NA,NA,NA,NA,NA,NA,TRUE,0.000120298052559267,2.44818,20863517,20863558,NA
"TS-RIGHT-TUNED","TS tuned K1cap in {2,5,15,25}, T1=50, T2=4, eta=0.5/L",7,20860517,3,0.685429190313769,0.471432352927622,0.295137819536786,6.01490262796337e-05,0.5,0.4,2,NA,50,4,NA,13,NA,NA,NA,NA,NA,NA,13,252,167,41,2,31,86,2,7,126,20.5,TRUE,0.000120298052559267,2.44818,20863517,20863518,20863738
"Adaptive Huber","Adaptive Huber tau_q=0.99",7,20860517,4,0.804312948110568,0.576891515126663,0.167707609509741,NA,NA,NA,NA,NA,NA,NA,0.13036137668051,12,0.99,NA,NA,2.92044307246525,NA,NA,76,NA,NA,NA,NA,NA,NA,NA,NA,NA,NA,TRUE,0.000150099908070773,2.465694,20864517,20864548,NA
"IHT","IHT eta=0.5/L, T=50",7,20860517,4,0.850669008622302,0.566721910891978,0.0690056924349317,7.50499540353865e-05,0.5,NA,NA,50,NA,NA,NA,12,NA,NA,NA,NA,NA,NA,12,NA,NA,NA,NA,NA,NA,NA,NA,NA,NA,TRUE,0.000150099908070773,2.465694,20864517,20864518,NA
"LASSO","LASSO cv.glmnet lambda.min",7,20860517,4,0.846575393341469,0.547616822854248,0.0779444511327271,NA,NA,NA,NA,NA,NA,NA,1.76385170608723,12,NA,NA,NA,NA,NA,NA,12,NA,NA,NA,NA,NA,NA,NA,NA,NA,NA,TRUE,0.000150099908070773,2.465694,20864517,20864518,NA
"Shrinkage","Shrinkage tau_x_q=0.99, tau_y_q=0.98",7,20860517,4,1.14443230198213,0.744128224229114,-0.68502371858285,NA,NA,NA,NA,NA,NA,NA,0.144548194719751,12,NA,0.99,0.98,NA,25.9003809138599,2.76735988,56,NA,NA,NA,NA,NA,NA,NA,NA,NA,NA,TRUE,0.000150099908070773,2.465694,20864517,20864558,NA
"TS-RIGHT-TUNED","TS tuned K1cap in {2,5,15,25}, T1=50, T2=4, eta=0.5/L",7,20860517,4,0.756905576664197,0.51522449058417,0.262929187769377,7.50499540353865e-05,0.5,0.4,15,NA,50,4,NA,12,NA,NA,NA,NA,NA,NA,12,252,167,41,15,31,79,2,7,16.8,20.5,TRUE,0.000150099908070773,2.465694,20864517,20864518,20864738
"Adaptive Huber","Adaptive Huber tau_q=0.99",7,20860517,5,0.714229449472695,0.564840860376079,-0.0381269299267939,NA,NA,NA,NA,NA,NA,NA,0.133943453174158,14,0.99,NA,NA,3.49863940143456,NA,NA,72,NA,NA,NA,NA,NA,NA,NA,NA,NA,NA,TRUE,0.000120384741764288,2.486504,20865517,20865548,NA
"IHT","IHT eta=0.5/L, T=50",7,20860517,5,0.678116884428261,0.501710968467514,0.0641977897017949,6.01923708821441e-05,0.5,NA,NA,50,NA,NA,NA,14,NA,NA,NA,NA,NA,NA,14,NA,NA,NA,NA,NA,NA,NA,NA,NA,NA,TRUE,0.000120384741764288,2.486504,20865517,20865518,NA
"LASSO","LASSO cv.glmnet lambda.min",7,20860517,5,0.682618211979452,0.503741084667292,0.0517328795140921,NA,NA,NA,NA,NA,NA,NA,1.98901776900392,14,NA,NA,NA,NA,NA,NA,14,NA,NA,NA,NA,NA,NA,NA,NA,NA,NA,TRUE,0.000120384741764288,2.486504,20865517,20865518,NA
"Shrinkage","Shrinkage tau_x_q=0.99, tau_y_q=0.98",7,20860517,5,0.847056604874337,0.654798573024805,-0.460157881535394,NA,NA,NA,NA,NA,NA,NA,0.153933857944768,14,NA,0.99,0.98,NA,28.1063151244031,2.94940128,52,NA,NA,NA,NA,NA,NA,NA,NA,NA,NA,TRUE,0.000120384741764288,2.486504,20865517,20865558,NA
"TS-RIGHT-TUNED","TS tuned K1cap in {2,5,15,25}, T1=50, T2=4, eta=0.5/L",7,20860517,5,0.668841865629649,0.493212352908388,0.0896217993693775,6.01923708821441e-05,0.5,0.4,25,NA,50,4,NA,14,NA,NA,NA,NA,NA,NA,14,252,168,42,25,31,92,2,7,10.08,21,TRUE,0.000120384741764288,2.486504,20865517,20865518,20865738
"Adaptive Huber","Adaptive Huber tau_q=0.99",8,20960517,1,0.694142960953499,0.532794204109925,-0.0183055611046969,NA,NA,NA,NA,NA,NA,NA,0.146198920245901,31,0.99,NA,NA,3.33259372954042,NA,NA,71,NA,NA,NA,NA,NA,NA,NA,NA,NA,NA,TRUE,0.000131296819903571,2.423912,20961517,20961548,NA
"IHT","IHT eta=0.5/L, T=50",8,20960517,1,0.669770720879333,0.500060480588301,0.0519470710956638,6.56484099517854e-05,0.5,NA,NA,50,NA,NA,NA,31,NA,NA,NA,NA,NA,NA,31,NA,NA,NA,NA,NA,NA,NA,NA,NA,NA,TRUE,0.000131296819903571,2.423912,20961517,20961518,NA
"LASSO","LASSO cv.glmnet lambda.min",8,20960517,1,0.69194595964214,0.525787814058858,-0.0118697739033571,NA,NA,NA,NA,NA,NA,NA,0.563381719537186,31,NA,NA,NA,NA,NA,NA,31,NA,NA,NA,NA,NA,NA,NA,NA,NA,NA,TRUE,0.000131296819903571,2.423912,20961517,20961518,NA
"Shrinkage","Shrinkage tau_x_q=0.99, tau_y_q=0.98",8,20960517,1,0.669806113422201,0.504569095670869,0.0518468729549437,NA,NA,NA,NA,NA,NA,NA,0.218870795645685,31,NA,0.99,0.98,NA,26.9374515036086,2.89034916,41,NA,NA,NA,NA,NA,NA,NA,NA,NA,NA,TRUE,0.000131296819903571,2.423912,20961517,20961558,NA
"TS-RIGHT-TUNED","TS tuned K1cap in {2,5,15,25}, T1=50, T2=4, eta=0.5/L",8,20960517,1,0.684211930772451,0.529850845276289,0.0106235854181074,6.56484099517854e-05,0.5,0.4,5,NA,50,4,NA,31,NA,NA,NA,NA,NA,NA,31,252,167,41,5,31,203,2,7,50.4,20.5,TRUE,0.000131296819903571,2.423912,20961517,20961518,20961738
"Adaptive Huber","Adaptive Huber tau_q=0.99",8,20960517,2,0.857861522127963,0.55677093447714,0.175438507437901,NA,NA,NA,NA,NA,NA,NA,0.145931531353779,11,0.99,NA,NA,2.75143493169919,NA,NA,69,NA,NA,NA,NA,NA,NA,NA,NA,NA,NA,TRUE,0.000131448929020524,2.469354,20962517,20962548,NA
"IHT","IHT eta=0.5/L, T=50",8,20960517,2,0.862088366418633,0.576007329658053,0.16729295179145,6.5724464510262e-05,0.5,NA,NA,50,NA,NA,NA,11,NA,NA,NA,NA,NA,NA,11,NA,NA,NA,NA,NA,NA,NA,NA,NA,NA,TRUE,0.000131448929020524,2.469354,20962517,20962518,NA
"LASSO","LASSO cv.glmnet lambda.min",8,20960517,2,0.851572914521648,0.552355381675424,0.187483197163426,NA,NA,NA,NA,NA,NA,NA,2.37832035021289,11,NA,NA,NA,NA,NA,NA,11,NA,NA,NA,NA,NA,NA,NA,NA,NA,NA,TRUE,0.000131448929020524,2.469354,20962517,20962518,NA
"Shrinkage","Shrinkage tau_x_q=0.99, tau_y_q=0.98",8,20960517,2,1.05204771245332,0.732596723103719,-0.24010810072227,NA,NA,NA,NA,NA,NA,NA,0.173097172039519,11,NA,0.99,0.98,NA,26.4280062570246,2.59397624,45,NA,NA,NA,NA,NA,NA,NA,NA,NA,NA,TRUE,0.000131448929020524,2.469354,20962517,20962558,NA
"TS-RIGHT-TUNED","TS tuned K1cap in {2,5,15,25}, T1=50, T2=4, eta=0.5/L",8,20960517,2,0.863471845202916,0.601187613299512,0.164618151921464,6.5724464510262e-05,0.5,0.4,2,NA,50,4,NA,11,NA,NA,NA,NA,NA,NA,11,252,167,41,2,31,73,2,7,126,20.5,TRUE,0.000131448929020524,2.469354,20962517,20962518,20962738
"Adaptive Huber","Adaptive Huber tau_q=0.99",8,20960517,3,0.76643147527255,0.588621841696932,-0.0206380756631455,NA,NA,NA,NA,NA,NA,NA,0.134237820789285,22,0.99,NA,NA,3.26938228656181,NA,NA,77,NA,NA,NA,NA,NA,NA,NA,NA,NA,NA,TRUE,0.000135567248015245,2.458379,20963517,20963548,NA
"IHT","IHT eta=0.5/L, T=50",8,20960517,3,0.784364601973727,0.551515483847216,-0.0689590645094389,6.77836240076227e-05,0.5,NA,NA,50,NA,NA,NA,22,NA,NA,NA,NA,NA,NA,22,NA,NA,NA,NA,NA,NA,NA,NA,NA,NA,TRUE,0.000135567248015245,2.458379,20963517,20963518,NA
"LASSO","LASSO cv.glmnet lambda.min",8,20960517,3,0.764363082956058,0.5319731134902,-0.0151366540663787,NA,NA,NA,NA,NA,NA,NA,1.25190640946397,22,NA,NA,NA,NA,NA,NA,22,NA,NA,NA,NA,NA,NA,NA,NA,NA,NA,TRUE,0.000135567248015245,2.458379,20963517,20963518,NA
"Shrinkage","Shrinkage tau_x_q=0.99, tau_y_q=0.98",8,20960517,3,1.01244678366596,0.779976698858653,-0.781022937097565,NA,NA,NA,NA,NA,NA,NA,0.100783188661611,22,NA,0.99,0.98,NA,25.9017713254319,2.92481616,63,NA,NA,NA,NA,NA,NA,NA,NA,NA,NA,TRUE,0.000135567248015245,2.458379,20963517,20963558,NA
"TS-RIGHT-TUNED","TS tuned K1cap in {2,5,15,25}, T1=50, T2=4, eta=0.5/L",8,20960517,3,0.720035194272719,0.536516383742178,0.0991913418460265,6.77836240076227e-05,0.5,0.4,15,NA,50,4,NA,22,NA,NA,NA,NA,NA,NA,22,252,167,41,15,31,145,2,7,16.8,20.5,TRUE,0.000135567248015245,2.458379,20963517,20963518,20963738
"Adaptive Huber","Adaptive Huber tau_q=0.99",8,20960517,4,1.19035469814597,0.632383675959686,0.239764698381026,NA,NA,NA,NA,NA,NA,NA,0.0851864230620501,50,0.99,NA,NA,2.03897345180106,NA,NA,93,NA,NA,NA,NA,NA,NA,NA,NA,NA,NA,TRUE,0.00012925854188888,2.477898,20964517,20964548,NA
"IHT","IHT eta=0.5/L, T=50",8,20960517,4,1.13617388634978,0.602970124546518,0.307396218990858,6.462927094444e-05,0.5,NA,NA,50,NA,NA,NA,50,NA,NA,NA,NA,NA,NA,50,NA,NA,NA,NA,NA,NA,NA,NA,NA,NA,TRUE,0.00012925854188888,2.477898,20964517,20964518,NA
"LASSO","LASSO cv.glmnet lambda.min",8,20960517,4,1.16090413391987,0.640900341363872,0.276917306866944,NA,NA,NA,NA,NA,NA,NA,0.260147027345855,50,NA,NA,NA,NA,NA,NA,50,NA,NA,NA,NA,NA,NA,NA,NA,NA,NA,TRUE,0.00012925854188888,2.477898,20964517,20964518,NA
"Shrinkage","Shrinkage tau_x_q=0.99, tau_y_q=0.98",8,20960517,4,1.21091902188805,0.670294459700902,0.213270465359371,NA,NA,NA,NA,NA,NA,NA,0.143606726609877,50,NA,0.99,0.98,NA,26.8653563280777,1.93524364,47,NA,NA,NA,NA,NA,NA,NA,NA,NA,NA,TRUE,0.00012925854188888,2.477898,20964517,20964558,NA
"TS-RIGHT-TUNED","TS tuned K1cap in {2,5,15,25}, T1=50, T2=4, eta=0.5/L",8,20960517,4,1.13428000136663,0.602882118533779,0.309703293060201,6.462927094444e-05,0.5,0.4,2,NA,50,4,NA,50,NA,NA,NA,NA,NA,NA,50,252,167,41,2,31,328,2,7,126,20.5,TRUE,0.00012925854188888,2.477898,20964517,20964518,20964738
"Adaptive Huber","Adaptive Huber tau_q=0.99",8,20960517,5,0.912037764097332,0.516436947659631,0.0610264192777077,NA,NA,NA,NA,NA,NA,NA,0.129076159024783,25,0.99,NA,NA,2.9850421288886,NA,NA,68,NA,NA,NA,NA,NA,NA,NA,NA,NA,NA,TRUE,0.000132276102258665,2.500581,20965517,20965548,NA
"IHT","IHT eta=0.5/L, T=50",8,20960517,5,0.895719580000785,0.559693841651569,0.094326071168121,6.61380511293327e-05,0.5,NA,NA,50,NA,NA,NA,25,NA,NA,NA,NA,NA,NA,25,NA,NA,NA,NA,NA,NA,NA,NA,NA,NA,TRUE,0.000132276102258665,2.500581,20965517,20965518,NA
"LASSO","LASSO cv.glmnet lambda.min",8,20960517,5,0.902564399728012,0.538560049606363,0.0804314080875093,NA,NA,NA,NA,NA,NA,NA,0.829710987909522,25,NA,NA,NA,NA,NA,NA,25,NA,NA,NA,NA,NA,NA,NA,NA,NA,NA,TRUE,0.000132276102258665,2.500581,20965517,20965518,NA
"Shrinkage","Shrinkage tau_x_q=0.99, tau_y_q=0.98",8,20960517,5,0.873035963315454,0.585943621857322,0.139616647200261,NA,NA,NA,NA,NA,NA,NA,0.15012669101883,25,NA,0.99,0.98,NA,26.9412047193217,2.96347828,50,NA,NA,NA,NA,NA,NA,NA,NA,NA,NA,TRUE,0.000132276102258665,2.500581,20965517,20965558,NA
"TS-RIGHT-TUNED","TS tuned K1cap in {2,5,15,25}, T1=50, T2=4, eta=0.5/L",8,20960517,5,0.850150179415099,0.493840202337114,0.184133629497134,6.61380511293327e-05,0.5,0.4,25,NA,50,4,NA,25,NA,NA,NA,NA,NA,NA,25,252,168,42,25,31,164,2,7,10.08,21,TRUE,0.000132276102258665,2.500581,20965517,20965518,20965738
"Adaptive Huber","Adaptive Huber tau_q=0.99",9,21060517,1,0.832694622034869,0.554986520217897,0.274461993193688,NA,NA,NA,NA,NA,NA,NA,0.140473891945325,15,0.99,NA,NA,2.89685509116776,NA,NA,74,NA,NA,NA,NA,NA,NA,NA,NA,NA,NA,TRUE,0.000130395792018944,2.455286,21061517,21061548,NA
"IHT","IHT eta=0.5/L, T=50",9,21060517,1,0.85874154706867,0.594855699162909,0.228362014858967,6.5197896009472e-05,0.5,NA,NA,50,NA,NA,NA,15,NA,NA,NA,NA,NA,NA,15,NA,NA,NA,NA,NA,NA,NA,NA,NA,NA,TRUE,0.000130395792018944,2.455286,21061517,21061518,NA
"LASSO","LASSO cv.glmnet lambda.min",9,21060517,1,0.850908348992949,0.56523062893266,0.242375138077228,NA,NA,NA,NA,NA,NA,NA,1.65311355046321,15,NA,NA,NA,NA,NA,NA,15,NA,NA,NA,NA,NA,NA,NA,NA,NA,NA,TRUE,0.000130395792018944,2.455286,21061517,21061518,NA
"Shrinkage","Shrinkage tau_x_q=0.99, tau_y_q=0.98",9,21060517,1,1.0240359379715,0.74807320556555,-0.0972839946976938,NA,NA,NA,NA,NA,NA,NA,0.195337170851722,15,NA,0.99,0.98,NA,27.2552511782597,2.75695188,39,NA,NA,NA,NA,NA,NA,NA,NA,NA,NA,TRUE,0.000130395792018944,2.455286,21061517,21061558,NA
"TS-RIGHT-TUNED","TS tuned K1cap in {2,5,15,25}, T1=50, T2=4, eta=0.5/L",9,21060517,1,0.842766141828735,0.574837653152559,0.25680495239223,6.5197896009472e-05,0.5,0.4,2,NA,50,4,NA,15,NA,NA,NA,NA,NA,NA,15,252,167,41,2,31,99,2,7,126,20.5,TRUE,0.000130395792018944,2.455286,21061517,21061518,21061738
"Adaptive Huber","Adaptive Huber tau_q=0.99",9,21060517,2,1.07921742901864,0.667430916009404,0.138148395094378,NA,NA,NA,NA,NA,NA,NA,0.128540885587365,35,0.99,NA,NA,3.08306189130078,NA,NA,82,NA,NA,NA,NA,NA,NA,NA,NA,NA,NA,TRUE,0.000146788721267614,2.486035,21062517,21062548,NA
"IHT","IHT eta=0.5/L, T=50",9,21060517,2,0.995924080080063,0.612243230815663,0.266049010879417,7.33943606338069e-05,0.5,NA,NA,50,NA,NA,NA,35,NA,NA,NA,NA,NA,NA,35,NA,NA,NA,NA,NA,NA,NA,NA,NA,NA,TRUE,0.000146788721267614,2.486035,21062517,21062518,NA
"LASSO","LASSO cv.glmnet lambda.min",9,21060517,2,1.04538651580328,0.636504521408774,0.191335493518108,NA,NA,NA,NA,NA,NA,NA,0.451331694983048,35,NA,NA,NA,NA,NA,NA,35,NA,NA,NA,NA,NA,NA,NA,NA,NA,NA,TRUE,0.000146788721267614,2.486035,21062517,21062518,NA
"Shrinkage","Shrinkage tau_x_q=0.99, tau_y_q=0.98",9,21060517,2,1.48805569884234,0.847617299684989,-0.63852460985037,NA,NA,NA,NA,NA,NA,NA,0.0476772554224684,35,NA,0.99,0.98,NA,25.755142544638,2.27158863999999,112,NA,NA,NA,NA,NA,NA,NA,NA,NA,NA,TRUE,0.000146788721267614,2.486035,21062517,21062558,NA
"TS-RIGHT-TUNED","TS tuned K1cap in {2,5,15,25}, T1=50, T2=4, eta=0.5/L",9,21060517,2,1.02645484590294,0.630124631087922,0.22035967735105,7.33943606338069e-05,0.5,0.4,2,NA,50,4,NA,35,NA,NA,NA,NA,NA,NA,35,252,167,41,2,31,230,2,7,126,20.5,TRUE,0.000146788721267614,2.486035,21062517,21062518,21062738
"Adaptive Huber","Adaptive Huber tau_q=0.99",9,21060517,3,0.651265045623151,0.500500859575182,0.0943211582799394,NA,NA,NA,NA,NA,NA,NA,0.15127114295807,17,0.99,NA,NA,3.40114500830106,NA,NA,68,NA,NA,NA,NA,NA,NA,NA,NA,NA,NA,TRUE,0.000124075780149968,2.455286,21063517,21063548,NA
"IHT","IHT eta=0.5/L, T=50",9,21060517,3,0.70271899462485,0.490787348728977,-0.0544404756527348,6.20378900749841e-05,0.5,NA,NA,50,NA,NA,NA,17,NA,NA,NA,NA,NA,NA,17,NA,NA,NA,NA,NA,NA,NA,NA,NA,NA,TRUE,0.000124075780149968,2.455286,21063517,21063518,NA
"LASSO","LASSO cv.glmnet lambda.min",9,21060517,3,0.677453021086879,0.469128529232181,0.0200203653752967,NA,NA,NA,NA,NA,NA,NA,1.47793412922069,17,NA,NA,NA,NA,NA,NA,17,NA,NA,NA,NA,NA,NA,NA,NA,NA,NA,TRUE,0.000124075780149968,2.455286,21063517,21063518,NA
"Shrinkage","Shrinkage tau_x_q=0.99, tau_y_q=0.98",9,21060517,3,0.853658976667034,0.649822362907789,-0.556064181246364,NA,NA,NA,NA,NA,NA,NA,0.143841492422152,17,NA,0.99,0.98,NA,28.0353272994991,3.10852388,54,NA,NA,NA,NA,NA,NA,NA,NA,NA,NA,TRUE,0.000124075780149968,2.455286,21063517,21063558,NA
"TS-RIGHT-TUNED","TS tuned K1cap in {2,5,15,25}, T1=50, T2=4, eta=0.5/L",9,21060517,3,0.635247148159066,0.45214530607758,0.138323734005307,6.20378900749841e-05,0.5,0.4,15,NA,50,4,NA,17,NA,NA,NA,NA,NA,NA,17,252,167,41,15,31,112,2,7,16.8,20.5,TRUE,0.000124075780149968,2.455286,21063517,21063518,21063738
"Adaptive Huber","Adaptive Huber tau_q=0.99",9,21060517,4,1.08629237907936,0.655885151682093,0.2995223495222,NA,NA,NA,NA,NA,NA,NA,0.084660767373619,27,0.99,NA,NA,2.35170858531687,NA,NA,83,NA,NA,NA,NA,NA,NA,NA,NA,NA,NA,TRUE,0.000142858772584873,2.455286,21064517,21064548,NA
"IHT","IHT eta=0.5/L, T=50",9,21060517,4,1.07068244250589,0.639652672787498,0.31950932279661,7.14293862924366e-05,0.5,NA,NA,50,NA,NA,NA,27,NA,NA,NA,NA,NA,NA,27,NA,NA,NA,NA,NA,NA,NA,NA,NA,NA,TRUE,0.000142858772584873,2.455286,21064517,21064518,NA
"LASSO","LASSO cv.glmnet lambda.min",9,21060517,4,1.0805989807916,0.650151235204722,0.306845694993656,NA,NA,NA,NA,NA,NA,NA,0.519470618300528,27,NA,NA,NA,NA,NA,NA,27,NA,NA,NA,NA,NA,NA,NA,NA,NA,NA,TRUE,0.000142858772584873,2.455286,21064517,21064518,NA
"Shrinkage","Shrinkage tau_x_q=0.99, tau_y_q=0.98",9,21060517,4,1.08637409019058,0.662862537179731,0.299416965445154,NA,NA,NA,NA,NA,NA,NA,0.173176080720074,27,NA,0.99,0.98,NA,25.1110848431297,2.16116164,42,NA,NA,NA,NA,NA,NA,NA,NA,NA,NA,TRUE,0.000142858772584873,2.455286,21064517,21064558,NA
"TS-RIGHT-TUNED","TS tuned K1cap in {2,5,15,25}, T1=50, T2=4, eta=0.5/L",9,21060517,4,1.05404880657152,0.625013736032975,0.340488672133987,7.14293862924366e-05,0.5,0.4,15,NA,50,4,NA,27,NA,NA,NA,NA,NA,NA,27,252,167,41,15,31,177,2,7,16.8,20.5,TRUE,0.000142858772584873,2.455286,21064517,21064518,21064738
"Adaptive Huber","Adaptive Huber tau_q=0.99",9,21060517,5,0.668218206974422,0.511047421581737,-0.905721972669791,NA,NA,NA,NA,NA,NA,NA,0.160749270417576,12,0.99,NA,NA,3.38059624479921,NA,NA,63,NA,NA,NA,NA,NA,NA,NA,NA,NA,NA,TRUE,0.00013146719423463,2.4858095,21065517,21065548,NA
"IHT","IHT eta=0.5/L, T=50",9,21060517,5,0.652425487680551,0.486619074403426,-0.816706498367463,6.57335971173148e-05,0.5,NA,NA,50,NA,NA,NA,12,NA,NA,NA,NA,NA,NA,12,NA,NA,NA,NA,NA,NA,NA,NA,NA,NA,TRUE,0.00013146719423463,2.4858095,21065517,21065518,NA
"LASSO","LASSO cv.glmnet lambda.min",9,21060517,5,0.606383130330408,0.459468499439939,-0.569340393423741,NA,NA,NA,NA,NA,NA,NA,2.07615666359207,12,NA,NA,NA,NA,NA,NA,12,NA,NA,NA,NA,NA,NA,NA,NA,NA,NA,TRUE,0.00013146719423463,2.4858095,21065517,21065518,NA
"Shrinkage","Shrinkage tau_x_q=0.99, tau_y_q=0.98",9,21060517,5,0.832115518655956,0.635248490800816,-1.9552224340513,NA,NA,NA,NA,NA,NA,NA,0.16536665864897,12,NA,0.99,0.98,NA,27.0693829828663,3.13520104,50,NA,NA,NA,NA,NA,NA,NA,NA,NA,NA,TRUE,0.00013146719423463,2.4858095,21065517,21065558,NA
"TS-RIGHT-TUNED","TS tuned K1cap in {2,5,15,25}, T1=50, T2=4, eta=0.5/L",9,21060517,5,0.559310032645066,0.439664042053645,-0.335144131140559,6.57335971173148e-05,0.5,0.4,25,NA,50,4,NA,12,NA,NA,NA,NA,NA,NA,12,252,168,42,25,31,79,2,7,10.08,21,TRUE,0.00013146719423463,2.4858095,21065517,21065518,21065738
"Adaptive Huber","Adaptive Huber tau_q=0.99",10,21160517,1,0.837644197821205,0.552194805870152,0.0772998851336245,NA,NA,NA,NA,NA,NA,NA,0.130871169695874,15,0.99,NA,NA,3.18648403960759,NA,NA,75,NA,NA,NA,NA,NA,NA,NA,NA,NA,NA,TRUE,0.000133072089203525,2.437935,21161517,21161548,NA
"IHT","IHT eta=0.5/L, T=50",10,21160517,1,0.869679376088512,0.591796045138462,0.00537413706576195,6.65360446017625e-05,0.5,NA,NA,50,NA,NA,NA,15,NA,NA,NA,NA,NA,NA,15,NA,NA,NA,NA,NA,NA,NA,NA,NA,NA,TRUE,0.000133072089203525,2.437935,21161517,21161518,NA
"LASSO","LASSO cv.glmnet lambda.min",10,21160517,1,0.87101760597183,0.572144275869529,0.00231079633411424,NA,NA,NA,NA,NA,NA,NA,1.61344094846527,15,NA,NA,NA,NA,NA,NA,15,NA,NA,NA,NA,NA,NA,NA,NA,NA,NA,TRUE,0.000133072089203525,2.437935,21161517,21161518,NA
"Shrinkage","Shrinkage tau_x_q=0.99, tau_y_q=0.98",10,21160517,1,1.00864953920085,0.676119979192491,-0.337894888291289,NA,NA,NA,NA,NA,NA,NA,0.206618139855766,15,NA,0.99,0.98,NA,27.250638589269,2.76738027999999,42,NA,NA,NA,NA,NA,NA,NA,NA,NA,NA,TRUE,0.000133072089203525,2.437935,21161517,21161558,NA
"TS-RIGHT-TUNED","TS tuned K1cap in {2,5,15,25}, T1=50, T2=4, eta=0.5/L",10,21160517,1,0.791431573326161,0.512886951279725,0.176301738215882,6.65360446017625e-05,0.5,0.4,25,NA,50,4,NA,15,NA,NA,NA,NA,NA,NA,15,252,167,41,25,31,99,2,7,10.08,20.5,TRUE,0.000133072089203525,2.437935,21161517,21161518,21161738
"Adaptive Huber","Adaptive Huber tau_q=0.99",10,21160517,2,0.906857720871252,0.531189420286958,0.263294363656437,NA,NA,NA,NA,NA,NA,NA,0.125765601366872,14,0.99,NA,NA,3.23013570579645,NA,NA,81,NA,NA,NA,NA,NA,NA,NA,NA,NA,NA,TRUE,0.000124635124249905,2.458379,21162517,21162548,NA
"IHT","IHT eta=0.5/L, T=50",10,21160517,2,0.903602491874343,0.517128595428137,0.268573783656328,6.23175621249523e-05,0.5,NA,NA,50,NA,NA,NA,14,NA,NA,NA,NA,NA,NA,14,NA,NA,NA,NA,NA,NA,NA,NA,NA,NA,TRUE,0.000124635124249905,2.458379,21162517,21162518,NA
"LASSO","LASSO cv.glmnet lambda.min",10,21160517,2,0.908182507015912,0.499203299408575,0.26114035365644,NA,NA,NA,NA,NA,NA,NA,1.86757926513151,14,NA,NA,NA,NA,NA,NA,14,NA,NA,NA,NA,NA,NA,NA,NA,NA,NA,TRUE,0.000124635124249905,2.458379,21162517,21162518,NA
"Shrinkage","Shrinkage tau_x_q=0.99, tau_y_q=0.98",10,21160517,2,0.989095855244727,0.554052871890745,0.123620022527734,NA,NA,NA,NA,NA,NA,NA,0.241544510573257,14,NA,0.99,0.98,NA,27.343513242913,2.76004488,32,NA,NA,NA,NA,NA,NA,NA,NA,NA,NA,TRUE,0.000124635124249905,2.458379,21162517,21162558,NA
"TS-RIGHT-TUNED","TS tuned K1cap in {2,5,15,25}, T1=50, T2=4, eta=0.5/L",10,21160517,2,0.907493396759008,0.513354906716048,0.26226119134777,6.23175621249523e-05,0.5,0.4,2,NA,50,4,NA,14,NA,NA,NA,NA,NA,NA,14,252,167,41,2,31,92,2,7,126,20.5,TRUE,0.000124635124249905,2.458379,21162517,21162518,21162738
"Adaptive Huber","Adaptive Huber tau_q=0.99",10,21160517,3,0.812695770465684,0.539169493715353,0.268746925879937,NA,NA,NA,NA,NA,NA,NA,0.129136191817793,44,0.99,NA,NA,2.83187342902615,NA,NA,72,NA,NA,NA,NA,NA,NA,NA,NA,NA,NA,TRUE,0.000132634271057028,2.446731,21163517,21163548,NA
"IHT","IHT eta=0.5/L, T=50",10,21160517,3,0.729703021801095,0.507007808203216,0.41047259973953,6.63171355285138e-05,0.5,NA,NA,50,NA,NA,NA,44,NA,NA,NA,NA,NA,NA,44,NA,NA,NA,NA,NA,NA,NA,NA,NA,NA,TRUE,0.000132634271057028,2.446731,21163517,21163518,NA
"LASSO","LASSO cv.glmnet lambda.min",10,21160517,3,0.732171261276295,0.522214122366801,0.40647767110276,NA,NA,NA,NA,NA,NA,NA,0.376438851480037,44,NA,NA,NA,NA,NA,NA,44,NA,NA,NA,NA,NA,NA,NA,NA,NA,NA,TRUE,0.000132634271057028,2.446731,21163517,21163518,NA
"Shrinkage","Shrinkage tau_x_q=0.99, tau_y_q=0.98",10,21160517,3,0.851007175582944,0.563234055707336,0.19817766448985,NA,NA,NA,NA,NA,NA,NA,0.151684328880928,44,NA,0.99,0.98,NA,26.9175453774228,2.74839688,53,NA,NA,NA,NA,NA,NA,NA,NA,NA,NA,TRUE,0.000132634271057028,2.446731,21163517,21163558,NA
"TS-RIGHT-TUNED","TS tuned K1cap in {2,5,15,25}, T1=50, T2=4, eta=0.5/L",10,21160517,3,0.766145468025754,0.513407424877828,0.350118491881701,6.63171355285138e-05,0.5,0.4,15,NA,50,4,NA,44,NA,NA,NA,NA,NA,NA,44,252,167,41,15,31,289,2,7,16.8,20.5,TRUE,0.000132634271057028,2.446731,21163517,21163518,21163738
"Adaptive Huber","Adaptive Huber tau_q=0.99",10,21160517,4,1.11439026480692,0.637965503213924,0.237566326455759,NA,NA,NA,NA,NA,NA,NA,0.129075937553264,37,0.99,NA,NA,2.2390733448062,NA,NA,71,NA,NA,NA,NA,NA,NA,NA,NA,NA,NA,TRUE,0.000133080466508391,2.485584,21164517,21164548,NA
"IHT","IHT eta=0.5/L, T=50",10,21160517,4,1.10578793047672,0.642868154510643,0.249291832653575,6.65402332541954e-05,0.5,NA,NA,50,NA,NA,NA,37,NA,NA,NA,NA,NA,NA,37,NA,NA,NA,NA,NA,NA,NA,NA,NA,NA,TRUE,0.000133080466508391,2.485584,21164517,21164518,NA
"LASSO","LASSO cv.glmnet lambda.min",10,21160517,4,1.09341778888918,0.629346809829025,0.265993813331283,NA,NA,NA,NA,NA,NA,NA,0.521081787572056,37,NA,NA,NA,NA,NA,NA,37,NA,NA,NA,NA,NA,NA,NA,NA,NA,NA,TRUE,0.000133080466508391,2.485584,21164517,21164518,NA
"Shrinkage","Shrinkage tau_x_q=0.99, tau_y_q=0.98",10,21160517,4,1.18412151028578,0.729717722253383,0.13916485215656,NA,NA,NA,NA,NA,NA,NA,0.17944334412118,37,NA,0.99,0.98,NA,26.030917388763,1.91902996,40,NA,NA,NA,NA,NA,NA,NA,NA,NA,NA,TRUE,0.000133080466508391,2.485584,21164517,21164558,NA
"TS-RIGHT-TUNED","TS tuned K1cap in {2,5,15,25}, T1=50, T2=4, eta=0.5/L",10,21160517,4,1.11276607219999,0.662421982704629,0.239787158335968,6.65402332541954e-05,0.5,0.4,2,NA,50,4,NA,37,NA,NA,NA,NA,NA,NA,37,252,167,41,2,31,243,2,7,126,20.5,TRUE,0.000133080466508391,2.485584,21164517,21164518,21164738
"Adaptive Huber","Adaptive Huber tau_q=0.99",10,21160517,5,0.699084014149655,0.50305420398505,-0.608405777550272,NA,NA,NA,NA,NA,NA,NA,0.132819814505239,45,0.99,NA,NA,2.82940543372588,NA,NA,74,NA,NA,NA,NA,NA,NA,NA,NA,NA,NA,TRUE,0.000133613674111124,2.4867295,21165517,21165548,NA
"IHT","IHT eta=0.5/L, T=50",10,21160517,5,0.708377334031081,0.508762882592143,-0.651452911826536,6.68068370555618e-05,0.5,NA,NA,50,NA,NA,NA,45,NA,NA,NA,NA,NA,NA,45,NA,NA,NA,NA,NA,NA,NA,NA,NA,NA,TRUE,0.000133613674111124,2.4867295,21165517,21165518,NA
"LASSO","LASSO cv.glmnet lambda.min",10,21160517,5,0.713370882703919,0.499469491566353,-0.674818077319616,NA,NA,NA,NA,NA,NA,NA,0.387176807077369,45,NA,NA,NA,NA,NA,NA,45,NA,NA,NA,NA,NA,NA,NA,NA,NA,NA,TRUE,0.000133613674111124,2.4867295,21165517,21165518,NA
"Shrinkage","Shrinkage tau_x_q=0.99, tau_y_q=0.98",10,21160517,5,0.811146131078742,0.62787657633404,-1.1653848005392,NA,NA,NA,NA,NA,NA,NA,0.207483099915366,45,NA,0.99,0.98,NA,26.5771687769441,3.13612104,41,NA,NA,NA,NA,NA,NA,NA,NA,NA,NA,TRUE,0.000133613674111124,2.4867295,21165517,21165558,NA
"TS-RIGHT-TUNED","TS tuned K1cap in {2,5,15,25}, T1=50, T2=4, eta=0.5/L",10,21160517,5,0.542952839796804,0.42792396635315,0.0298003809212332,6.68068370555618e-05,0.5,0.4,25,NA,50,4,NA,45,NA,NA,NA,NA,NA,NA,45,252,168,42,25,31,295,2,7,10.08,21,TRUE,0.000133613674111124,2.4867295,21165517,21165518,21165738
"Adaptive Huber","Adaptive Huber tau_q=0.99",11,21260517,1,0.982007052951776,0.569449862461901,0.314132651920327,NA,NA,NA,NA,NA,NA,NA,0.113697294676612,9,0.99,NA,NA,2.86720056839585,NA,NA,73,NA,NA,NA,NA,NA,NA,NA,NA,NA,NA,TRUE,0.000131105136725476,2.5083,21261517,21261548,NA
"IHT","IHT eta=0.5/L, T=50",11,21260517,1,1.04039706844773,0.573099445319832,0.230144611961078,6.55525683627378e-05,0.5,NA,NA,50,NA,NA,NA,9,NA,NA,NA,NA,NA,NA,9,NA,NA,NA,NA,NA,NA,NA,NA,NA,NA,TRUE,0.000131105136725476,2.5083,21261517,21261518,NA
"LASSO","LASSO cv.glmnet lambda.min",11,21260517,1,1.04716486475204,0.536831215305445,0.220096196991342,NA,NA,NA,NA,NA,NA,NA,2.33819885928396,9,NA,NA,NA,NA,NA,NA,9,NA,NA,NA,NA,NA,NA,NA,NA,NA,NA,TRUE,0.000131105136725476,2.5083,21261517,21261518,NA
"Shrinkage","Shrinkage tau_x_q=0.99, tau_y_q=0.98",11,21260517,1,1.14684051870966,0.674489385553007,0.0645577721073305,NA,NA,NA,NA,NA,NA,NA,0.205568872470731,9,NA,0.99,0.98,NA,26.2355024533022,2.19543763999999,38,NA,NA,NA,NA,NA,NA,NA,NA,NA,NA,TRUE,0.000131105136725476,2.5083,21261517,21261558,NA
"TS-RIGHT-TUNED","TS tuned K1cap in {2,5,15,25}, T1=50, T2=4, eta=0.5/L",11,21260517,1,0.985606149789172,0.54324029103832,0.309095974069217,6.55525683627378e-05,0.5,0.4,2,NA,50,4,NA,9,NA,NA,NA,NA,NA,NA,9,252,167,41,2,31,59,2,7,126,20.5,TRUE,0.000131105136725476,2.5083,21261517,21261518,21261738
"Adaptive Huber","Adaptive Huber tau_q=0.99",11,21260517,2,0.834200996031672,0.589999832787689,0.246939325997403,NA,NA,NA,NA,NA,NA,NA,0.120269740475707,12,0.99,NA,NA,3.25392514645566,NA,NA,81,NA,NA,NA,NA,NA,NA,NA,NA,NA,NA,TRUE,0.000139236003957155,2.44818,21262517,21262548,NA
"IHT","IHT eta=0.5/L, T=50",11,21260517,2,0.752492881845013,0.517381870622726,0.387235844413381,6.96180019785776e-05,0.5,NA,NA,50,NA,NA,NA,12,NA,NA,NA,NA,NA,NA,12,NA,NA,NA,NA,NA,NA,NA,NA,NA,NA,TRUE,0.000139236003957155,2.44818,21262517,21262518,NA
"LASSO","LASSO cv.glmnet lambda.min",11,21260517,2,0.777266177823461,0.516063809873996,0.34622531404353,NA,NA,NA,NA,NA,NA,NA,2.15120414661733,12,NA,NA,NA,NA,NA,NA,12,NA,NA,NA,NA,NA,NA,NA,NA,NA,NA,TRUE,0.000139236003957155,2.44818,21262517,21262518,NA
"Shrinkage","Shrinkage tau_x_q=0.99, tau_y_q=0.98",11,21260517,2,0.902685455260204,0.622189119377782,0.11821755129829,NA,NA,NA,NA,NA,NA,NA,0.172066135032472,12,NA,0.99,0.98,NA,26.1812906994415,2.91461716,49,NA,NA,NA,NA,NA,NA,NA,NA,NA,NA,TRUE,0.000139236003957155,2.44818,21262517,21262558,NA
"TS-RIGHT-TUNED","TS tuned K1cap in {2,5,15,25}, T1=50, T2=4, eta=0.5/L",11,21260517,2,0.774295228674467,0.51541309501851,0.351213616146053,6.96180019785776e-05,0.5,0.4,2,NA,50,4,NA,12,NA,NA,NA,NA,NA,NA,12,252,167,41,2,31,79,2,7,126,20.5,TRUE,0.000139236003957155,2.44818,21262517,21262518,21262738
"Adaptive Huber","Adaptive Huber tau_q=0.99",11,21260517,3,0.897275091137556,0.589518701440213,0.253115200286149,NA,NA,NA,NA,NA,NA,NA,0.132287726913484,7,0.99,NA,NA,2.91175945457396,NA,NA,73,NA,NA,NA,NA,NA,NA,NA,NA,NA,NA,TRUE,0.000129953502684186,2.441858,21263517,21263548,NA
"IHT","IHT eta=0.5/L, T=50",11,21260517,3,0.893975257918597,0.612758973838565,0.258598609732465,6.49767513420928e-05,0.5,NA,NA,50,NA,NA,NA,7,NA,NA,NA,NA,NA,NA,7,NA,NA,NA,NA,NA,NA,NA,NA,NA,NA,TRUE,0.000129953502684186,2.441858,21263517,21263518,NA
"LASSO","LASSO cv.glmnet lambda.min",11,21260517,3,0.926683259757556,0.604454373610782,0.203354636217877,NA,NA,NA,NA,NA,NA,NA,3.12792929709859,7,NA,NA,NA,NA,NA,NA,7,NA,NA,NA,NA,NA,NA,NA,NA,NA,NA,TRUE,0.000129953502684186,2.441858,21263517,21263518,NA
"Shrinkage","Shrinkage tau_x_q=0.99, tau_y_q=0.98",11,21260517,3,1.13712388734257,0.697959416654761,-0.199548917538758,NA,NA,NA,NA,NA,NA,NA,0.159770855459613,7,NA,0.99,0.98,NA,26.864915777354,2.359127,44,NA,NA,NA,NA,NA,NA,NA,NA,NA,NA,TRUE,0.000129953502684186,2.441858,21263517,21263558,NA
"TS-RIGHT-TUNED","TS tuned K1cap in {2,5,15,25}, T1=50, T2=4, eta=0.5/L",11,21260517,3,0.90773420499443,0.621607718877591,0.23560154766701,6.49767513420928e-05,0.5,0.4,2,NA,50,4,NA,7,NA,NA,NA,NA,NA,NA,7,252,167,41,2,31,46,2,7,126,20.5,TRUE,0.000129953502684186,2.441858,21263517,21263518,21263738
"Adaptive Huber","Adaptive Huber tau_q=0.99",11,21260517,4,0.771656683365023,0.529072741495463,-0.574005382394324,NA,NA,NA,NA,NA,NA,NA,0.15919245380236,14,0.99,NA,NA,3.39904861542964,NA,NA,68,NA,NA,NA,NA,NA,NA,NA,NA,NA,NA,TRUE,0.000133872223380698,2.458379,21264517,21264548,NA
"IHT","IHT eta=0.5/L, T=50",11,21260517,4,0.72646341104115,0.523083684387836,-0.395036145220192,6.6936111690349e-05,0.5,NA,NA,50,NA,NA,NA,14,NA,NA,NA,NA,NA,NA,14,NA,NA,NA,NA,NA,NA,NA,NA,NA,NA,TRUE,0.000133872223380698,2.458379,21264517,21264518,NA
"LASSO","LASSO cv.glmnet lambda.min",11,21260517,4,0.680120088946681,0.489982939686946,-0.222726078557814,NA,NA,NA,NA,NA,NA,NA,1.96259897614021,14,NA,NA,NA,NA,NA,NA,14,NA,NA,NA,NA,NA,NA,NA,NA,NA,NA,TRUE,0.000133872223380698,2.458379,21264517,21264518,NA
"Shrinkage","Shrinkage tau_x_q=0.99, tau_y_q=0.98",11,21260517,4,0.762081376595542,0.588266086465567,-0.535184816620712,NA,NA,NA,NA,NA,NA,NA,0.118432480252933,14,NA,0.99,0.98,NA,26.5375143890889,3.11161688,64,NA,NA,NA,NA,NA,NA,NA,NA,NA,NA,TRUE,0.000133872223380698,2.458379,21264517,21264558,NA
"TS-RIGHT-TUNED","TS tuned K1cap in {2,5,15,25}, T1=50, T2=4, eta=0.5/L",11,21260517,4,0.622835740757656,0.463890609151676,-0.025427644494338,6.6936111690349e-05,0.5,0.4,25,NA,50,4,NA,14,NA,NA,NA,NA,NA,NA,14,252,167,41,25,31,92,2,7,10.08,20.5,TRUE,0.000133872223380698,2.458379,21264517,21264518,21264738
"Adaptive Huber","Adaptive Huber tau_q=0.99",11,21260517,5,0.884474734559971,0.552738170424381,0.15111999780462,NA,NA,NA,NA,NA,NA,NA,0.126288203191546,36,0.99,NA,NA,2.99234643418832,NA,NA,76,NA,NA,NA,NA,NA,NA,NA,NA,NA,NA,TRUE,0.000135454026453547,2.4705925,21265517,21265548,NA
"IHT","IHT eta=0.5/L, T=50",11,21260517,5,0.873942372264901,0.54771062436688,0.171216622830677,6.77270132267736e-05,0.5,NA,NA,50,NA,NA,NA,36,NA,NA,NA,NA,NA,NA,36,NA,NA,NA,NA,NA,NA,NA,NA,NA,NA,TRUE,0.000135454026453547,2.4705925,21265517,21265518,NA
"LASSO","LASSO cv.glmnet lambda.min",11,21260517,5,0.863338673824505,0.527832284821854,0.191206166927249,NA,NA,NA,NA,NA,NA,NA,0.509827655841418,36,NA,NA,NA,NA,NA,NA,36,NA,NA,NA,NA,NA,NA,NA,NA,NA,NA,TRUE,0.000135454026453547,2.4705925,21265517,21265518,NA
"Shrinkage","Shrinkage tau_x_q=0.99, tau_y_q=0.98",11,21260517,5,0.854499732856042,0.641304047902062,0.207682402060897,NA,NA,NA,NA,NA,NA,NA,0.155803855177721,36,NA,0.99,0.98,NA,27.1680471270008,2.93348978,52,NA,NA,NA,NA,NA,NA,NA,NA,NA,NA,TRUE,0.000135454026453547,2.4705925,21265517,21265558,NA
"TS-RIGHT-TUNED","TS tuned K1cap in {2,5,15,25}, T1=50, T2=4, eta=0.5/L",11,21260517,5,0.826504110388002,0.552189377217284,0.258748688162895,6.77270132267736e-05,0.5,0.4,5,NA,50,4,NA,36,NA,NA,NA,NA,NA,NA,36,252,168,42,5,31,236,2,7,50.4,21,TRUE,0.000135454026453547,2.4705925,21265517,21265518,21265738
"Adaptive Huber","Adaptive Huber tau_q=0.99",12,21360517,1,1.10934180721106,0.646573332376466,0.273798515390227,NA,NA,NA,NA,NA,NA,NA,0.117151507904916,36,0.99,NA,NA,2.14364887277319,NA,NA,72,NA,NA,NA,NA,NA,NA,NA,NA,NA,NA,TRUE,0.000135421823612996,2.455286,21361517,21361548,NA
"IHT","IHT eta=0.5/L, T=50",12,21360517,1,1.08785962052702,0.615093718687326,0.301651691855688,6.77109118064978e-05,0.5,NA,NA,50,NA,NA,NA,36,NA,NA,NA,NA,NA,NA,36,NA,NA,NA,NA,NA,NA,NA,NA,NA,NA,TRUE,0.000135421823612996,2.455286,21361517,21361518,NA
"LASSO","LASSO cv.glmnet lambda.min",12,21360517,1,1.09785546360437,0.624184077442199,0.288759126227581,NA,NA,NA,NA,NA,NA,NA,0.596785949911493,36,NA,NA,NA,NA,NA,NA,36,NA,NA,NA,NA,NA,NA,NA,NA,NA,NA,TRUE,0.000135421823612996,2.455286,21361517,21361518,NA
"Shrinkage","Shrinkage tau_x_q=0.99, tau_y_q=0.98",12,21360517,1,1.16368022681821,0.674973457189617,0.200913706299945,NA,NA,NA,NA,NA,NA,NA,0.114889964190922,36,NA,0.99,0.98,NA,26.439210726478,1.91733756,58,NA,NA,NA,NA,NA,NA,NA,NA,NA,NA,TRUE,0.000135421823612996,2.455286,21361517,21361558,NA
"TS-RIGHT-TUNED","TS tuned K1cap in {2,5,15,25}, T1=50, T2=4, eta=0.5/L",12,21360517,1,1.08367003296441,0.605324179804925,0.307020321036876,6.77109118064978e-05,0.5,0.4,5,NA,50,4,NA,36,NA,NA,NA,NA,NA,NA,36,252,167,41,5,31,236,2,7,50.4,20.5,TRUE,0.000135421823612996,2.455286,21361517,21361518,21361738
"Adaptive Huber","Adaptive Huber tau_q=0.99",12,21360517,2,1.01219141763565,0.615253905269332,0.201233637861984,NA,NA,NA,NA,NA,NA,NA,0.0940475239207094,27,0.99,NA,NA,3.12387425343955,NA,NA,95,NA,NA,NA,NA,NA,NA,NA,NA,NA,NA,TRUE,0.000129257829946203,2.455662,21362517,21362548,NA
"IHT","IHT eta=0.5/L, T=50",12,21360517,2,0.941015801194063,0.557568377967305,0.309619846318606,6.46289149731017e-05,0.5,NA,NA,50,NA,NA,NA,27,NA,NA,NA,NA,NA,NA,27,NA,NA,NA,NA,NA,NA,NA,NA,NA,NA,TRUE,0.000129257829946203,2.455662,21362517,21362518,NA
"LASSO","LASSO cv.glmnet lambda.min",12,21360517,2,0.963306504792734,0.571293148243435,0.276525127330694,NA,NA,NA,NA,NA,NA,NA,0.877090355745331,27,NA,NA,NA,NA,NA,NA,27,NA,NA,NA,NA,NA,NA,NA,NA,NA,NA,TRUE,0.000129257829946203,2.455662,21362517,21362518,NA
"Shrinkage","Shrinkage tau_x_q=0.99, tau_y_q=0.98",12,21360517,2,1.09318507386234,0.674627278672532,0.0682876486123248,NA,NA,NA,NA,NA,NA,NA,0.188836322260422,27,NA,0.99,0.98,NA,26.9081337801362,2.58028424,46,NA,NA,NA,NA,NA,NA,NA,NA,NA,NA,TRUE,0.000129257829946203,2.455662,21362517,21362558,NA
"TS-RIGHT-TUNED","TS tuned K1cap in {2,5,15,25}, T1=50, T2=4, eta=0.5/L",12,21360517,2,0.939553168120638,0.543026918920954,0.311764312103792,6.46289149731017e-05,0.5,0.4,2,NA,50,4,NA,27,NA,NA,NA,NA,NA,NA,27,252,167,41,2,31,177,2,7,126,20.5,TRUE,0.000129257829946203,2.455662,21362517,21362518,21362738
"Adaptive Huber","Adaptive Huber tau_q=0.99",12,21360517,3,0.661814343820185,0.504267938538316,-0.237879793939737,NA,NA,NA,NA,NA,NA,NA,0.149840111817652,10,0.99,NA,NA,3.7520704207311,NA,NA,68,NA,NA,NA,NA,NA,NA,NA,NA,NA,NA,TRUE,0.000124925660780889,2.477898,21363517,21363548,NA
"IHT","IHT eta=0.5/L, T=50",12,21360517,3,0.647447972861334,0.483566132682555,-0.184720418822938,6.24628303904446e-05,0.5,NA,NA,50,NA,NA,NA,10,NA,NA,NA,NA,NA,NA,10,NA,NA,NA,NA,NA,NA,NA,NA,NA,NA,TRUE,0.000124925660780889,2.477898,21363517,21363518,NA
"LASSO","LASSO cv.glmnet lambda.min",12,21360517,3,0.58855116169375,0.446909293014106,0.0210183189011308,NA,NA,NA,NA,NA,NA,NA,2.68011445436555,10,NA,NA,NA,NA,NA,NA,10,NA,NA,NA,NA,NA,NA,NA,NA,NA,NA,TRUE,0.000124925660780889,2.477898,21363517,21363518,NA
"Shrinkage","Shrinkage tau_x_q=0.99, tau_y_q=0.98",12,21360517,3,0.682134733280611,0.515779448935802,-0.315062671049643,NA,NA,NA,NA,NA,NA,NA,0.251942963654053,10,NA,0.99,0.98,NA,27.2477598024682,3.13113588,35,NA,NA,NA,NA,NA,NA,NA,NA,NA,NA,TRUE,0.000124925660780889,2.477898,21363517,21363558,NA
"TS-RIGHT-TUNED","TS tuned K1cap in {2,5,15,25}, T1=50, T2=4, eta=0.5/L",12,21360517,3,0.572924788049498,0.451556803097572,0.0723132615732457,6.24628303904446e-05,0.5,0.4,25,NA,50,4,NA,10,NA,NA,NA,NA,NA,NA,10,252,167,41,25,31,66,2,7,10.08,20.5,TRUE,0.000124925660780889,2.477898,21363517,21363518,21363738
"Adaptive Huber","Adaptive Huber tau_q=0.99",12,21360517,4,0.802663754085234,0.556271329212409,0.16137278163209,NA,NA,NA,NA,NA,NA,NA,0.140294063173828,13,0.99,NA,NA,3.32203596158121,NA,NA,72,NA,NA,NA,NA,NA,NA,NA,NA,NA,NA,TRUE,0.000139181592883982,2.471426,21364517,21364548,NA
"IHT","IHT eta=0.5/L, T=50",12,21360517,4,0.777232441549533,0.546256764534437,0.213672455201608,6.95907964419908e-05,0.5,NA,NA,50,NA,NA,NA,13,NA,NA,NA,NA,NA,NA,13,NA,NA,NA,NA,NA,NA,NA,NA,NA,NA,TRUE,0.000139181592883982,2.471426,21364517,21364518,NA
"LASSO","LASSO cv.glmnet lambda.min",12,21360517,4,0.7642832525484,0.519925708095346,0.239655627313082,NA,NA,NA,NA,NA,NA,NA,1.98863209760921,13,NA,NA,NA,NA,NA,NA,13,NA,NA,NA,NA,NA,NA,NA,NA,NA,NA,TRUE,0.000139181592883982,2.471426,21364517,21364518,NA
"Shrinkage","Shrinkage tau_x_q=0.99, tau_y_q=0.98",12,21360517,4,0.946284495385906,0.67255246768977,-0.165588082777917,NA,NA,NA,NA,NA,NA,NA,0.171272080114632,13,NA,0.99,0.98,NA,26.3129198198474,2.88636804,46,NA,NA,NA,NA,NA,NA,NA,NA,NA,NA,TRUE,0.000139181592883982,2.471426,21364517,21364558,NA
"TS-RIGHT-TUNED","TS tuned K1cap in {2,5,15,25}, T1=50, T2=4, eta=0.5/L",12,21360517,4,0.820940263978667,0.566398835379207,0.122747199922092,6.95907964419908e-05,0.5,0.4,15,NA,50,4,NA,13,NA,NA,NA,NA,NA,NA,13,252,167,41,15,31,86,2,7,16.8,20.5,TRUE,0.000139181592883982,2.471426,21364517,21364518,21364738
"Adaptive Huber","Adaptive Huber tau_q=0.99",12,21360517,5,0.692353538150194,0.493597873870141,0.233494838521346,NA,NA,NA,NA,NA,NA,NA,0.13315315363796,9,0.99,NA,NA,3.27718727812532,NA,NA,81,NA,NA,NA,NA,NA,NA,NA,NA,NA,NA,TRUE,0.000138459898235213,2.4734905,21365517,21365548,NA
"IHT","IHT eta=0.5/L, T=50",12,21360517,5,0.772818071554688,0.512877835049616,0.0449770901863251,6.92299491176067e-05,0.5,NA,NA,50,NA,NA,NA,9,NA,NA,NA,NA,NA,NA,9,NA,NA,NA,NA,NA,NA,NA,NA,NA,NA,TRUE,0.000138459898235213,2.4734905,21365517,21365518,NA
"LASSO","LASSO cv.glmnet lambda.min",12,21360517,5,0.767871992607424,0.507062844297021,0.0571623719998027,NA,NA,NA,NA,NA,NA,NA,2.38164325547049,9,NA,NA,NA,NA,NA,NA,9,NA,NA,NA,NA,NA,NA,NA,NA,NA,NA,TRUE,0.000138459898235213,2.4734905,21365517,21365518,NA
"Shrinkage","Shrinkage tau_x_q=0.99, tau_y_q=0.98",12,21360517,5,0.813537388935206,0.579369586990631,-0.0583133786025491,NA,NA,NA,NA,NA,NA,NA,0.125705500042506,9,NA,0.99,0.98,NA,26.0308792729048,2.93638778,55,NA,NA,NA,NA,NA,NA,NA,NA,NA,NA,TRUE,0.000138459898235213,2.4734905,21365517,21365558,NA
"TS-RIGHT-TUNED","TS tuned K1cap in {2,5,15,25}, T1=50, T2=4, eta=0.5/L",12,21360517,5,0.72579430436668,0.502144087239789,0.157662058041392,6.92299491176067e-05,0.5,0.4,25,NA,50,4,NA,9,NA,NA,NA,NA,NA,NA,9,252,168,42,25,31,59,2,7,10.08,21,TRUE,0.000138459898235213,2.4734905,21365517,21365518,21365738
"Adaptive Huber","Adaptive Huber tau_q=0.99",13,21460517,1,1.04676439956064,0.658031498718857,0.204354946958006,NA,NA,NA,NA,NA,NA,NA,0.129331566274457,8,0.99,NA,NA,3.06940191207751,NA,NA,69,NA,NA,NA,NA,NA,NA,NA,NA,NA,NA,TRUE,0.000129671148731379,2.485022,21461517,21461548,NA
"IHT","IHT eta=0.5/L, T=50",13,21460517,1,0.973655021753011,0.648999815325479,0.311614529303365,6.48355743656894e-05,0.5,NA,NA,50,NA,NA,NA,8,NA,NA,NA,NA,NA,NA,8,NA,NA,NA,NA,NA,NA,NA,NA,NA,NA,TRUE,0.000129671148731379,2.485022,21461517,21461518,NA
"LASSO","LASSO cv.glmnet lambda.min",13,21460517,1,1.03596968310602,0.629527419936524,0.220680448879342,NA,NA,NA,NA,NA,NA,NA,2.78636412897847,8,NA,NA,NA,NA,NA,NA,8,NA,NA,NA,NA,NA,NA,NA,NA,NA,NA,TRUE,0.000129671148731379,2.485022,21461517,21461518,NA
"Shrinkage","Shrinkage tau_x_q=0.99, tau_y_q=0.98",13,21460517,1,1.12380800021894,0.746702453372086,0.0829231765043184,NA,NA,NA,NA,NA,NA,NA,0.108547100765763,8,NA,0.99,0.98,NA,26.8142938542602,2.60964424,59,NA,NA,NA,NA,NA,NA,NA,NA,NA,NA,TRUE,0.000129671148731379,2.485022,21461517,21461558,NA
"TS-RIGHT-TUNED","TS tuned K1cap in {2,5,15,25}, T1=50, T2=4, eta=0.5/L",13,21460517,1,0.932285088272493,0.629344197172044,0.368869810439145,6.48355743656894e-05,0.5,0.4,2,NA,50,4,NA,8,NA,NA,NA,NA,NA,NA,8,252,167,41,2,31,53,2,7,126,20.5,TRUE,0.000129671148731379,2.485022,21461517,21461518,21461738
"Adaptive Huber","Adaptive Huber tau_q=0.99",13,21460517,2,0.656934748987086,0.496905509195817,0.161447391245166,NA,NA,NA,NA,NA,NA,NA,0.14567474241443,8,0.99,NA,NA,3.69208040654891,NA,NA,68,NA,NA,NA,NA,NA,NA,NA,NA,NA,NA,TRUE,0.000128244867592902,2.477898,21462517,21462548,NA
"IHT","IHT eta=0.5/L, T=50",13,21460517,2,0.689630685200199,0.485837716529757,0.075899938136718,6.41224337964508e-05,0.5,NA,NA,50,NA,NA,NA,8,NA,NA,NA,NA,NA,NA,8,NA,NA,NA,NA,NA,NA,NA,NA,NA,NA,TRUE,0.000128244867592902,2.477898,21462517,21462518,NA
"LASSO","LASSO cv.glmnet lambda.min",13,21460517,2,0.697507006271307,0.482494219410006,0.0546709727520321,NA,NA,NA,NA,NA,NA,NA,2.72967870406856,8,NA,NA,NA,NA,NA,NA,8,NA,NA,NA,NA,NA,NA,NA,NA,NA,NA,TRUE,0.000128244867592902,2.477898,21462517,21462518,NA
"Shrinkage","Shrinkage tau_x_q=0.99, tau_y_q=0.98",13,21460517,2,0.760238195008332,0.565758650208392,-0.123014115640236,NA,NA,NA,NA,NA,NA,NA,0.192462011246326,8,NA,0.99,0.98,NA,27.3608841794107,2.89284004,38,NA,NA,NA,NA,NA,NA,NA,NA,NA,NA,TRUE,0.000128244867592902,2.477898,21462517,21462558,NA
"TS-RIGHT-TUNED","TS tuned K1cap in {2,5,15,25}, T1=50, T2=4, eta=0.5/L",13,21460517,2,0.671001018337948,0.474058082696024,0.125152805592094,6.41224337964508e-05,0.5,0.4,5,NA,50,4,NA,8,NA,NA,NA,NA,NA,NA,8,252,167,41,5,31,53,2,7,50.4,20.5,TRUE,0.000128244867592902,2.477898,21462517,21462518,21462738
"Adaptive Huber","Adaptive Huber tau_q=0.99",13,21460517,3,0.719144347381207,0.54920127329735,0.247687766637413,NA,NA,NA,NA,NA,NA,NA,0.129129220979943,30,0.99,NA,NA,3.00888507303265,NA,NA,81,NA,NA,NA,NA,NA,NA,NA,NA,NA,NA,TRUE,0.000145044427654727,2.455286,21463517,21463548,NA
"IHT","IHT eta=0.5/L, T=50",13,21460517,3,0.774690465621248,0.522943898373156,0.126983597167834,7.25222138273636e-05,0.5,NA,NA,50,NA,NA,NA,30,NA,NA,NA,NA,NA,NA,30,NA,NA,NA,NA,NA,NA,NA,NA,NA,NA,TRUE,0.000145044427654727,2.455286,21463517,21463518,NA
"LASSO","LASSO cv.glmnet lambda.min",13,21460517,3,0.778536447609556,0.530110028424255,0.118293830109584,NA,NA,NA,NA,NA,NA,NA,0.599364750193621,30,NA,NA,NA,NA,NA,NA,30,NA,NA,NA,NA,NA,NA,NA,NA,NA,NA,TRUE,0.000145044427654727,2.455286,21463517,21463518,NA
"Shrinkage","Shrinkage tau_x_q=0.99, tau_y_q=0.98",13,21460517,3,0.753164797470295,0.556151679007516,0.174825102571476,NA,NA,NA,NA,NA,NA,NA,0.236192050730982,30,NA,0.99,0.98,NA,27.0403623382691,2.75695188,33,NA,NA,NA,NA,NA,NA,NA,NA,NA,NA,TRUE,0.000145044427654727,2.455286,21463517,21463558,NA
"TS-RIGHT-TUNED","TS tuned K1cap in {2,5,15,25}, T1=50, T2=4, eta=0.5/L",13,21460517,3,0.727669160740253,0.493271453105798,0.22974607385625,7.25222138273636e-05,0.5,0.4,25,NA,50,4,NA,30,NA,NA,NA,NA,NA,NA,30,252,167,41,25,31,197,2,7,10.08,20.5,TRUE,0.000145044427654727,2.455286,21463517,21463518,21463738
"Adaptive Huber","Adaptive Huber tau_q=0.99",13,21460517,4,1.11490781413636,0.581148799287253,0.274766246717319,NA,NA,NA,NA,NA,NA,NA,0.115915406830578,32,0.99,NA,NA,2.43860463892486,NA,NA,82,NA,NA,NA,NA,NA,NA,NA,NA,NA,NA,TRUE,0.000127922211677943,2.455286,21464517,21464548,NA
"IHT","IHT eta=0.5/L, T=50",13,21460517,4,1.10497418385422,0.556004002951435,0.287632081532386,6.39611058389715e-05,0.5,NA,NA,50,NA,NA,NA,32,NA,NA,NA,NA,NA,NA,32,NA,NA,NA,NA,NA,NA,NA,NA,NA,NA,TRUE,0.000127922211677943,2.455286,21464517,21464518,NA
"LASSO","LASSO cv.glmnet lambda.min",13,21460517,4,1.10137305337172,0.558914806913791,0.292267754719409,NA,NA,NA,NA,NA,NA,NA,0.426380887728883,32,NA,NA,NA,NA,NA,NA,32,NA,NA,NA,NA,NA,NA,NA,NA,NA,NA,TRUE,0.000127922211677943,2.455286,21464517,21464518,NA
"Shrinkage","Shrinkage tau_x_q=0.99, tau_y_q=0.98",13,21460517,4,1.16851886132505,0.677393839490193,0.203342693732208,NA,NA,NA,NA,NA,NA,NA,0.122660363405366,32,NA,0.99,0.98,NA,25.7811665800773,2.372555,52,NA,NA,NA,NA,NA,NA,NA,NA,NA,NA,TRUE,0.000127922211677943,2.455286,21464517,21464558,NA
"TS-RIGHT-TUNED","TS tuned K1cap in {2,5,15,25}, T1=50, T2=4, eta=0.5/L",13,21460517,4,1.08208119819887,0.553121708184334,0.316844149781725,6.39611058389715e-05,0.5,0.4,2,NA,50,4,NA,32,NA,NA,NA,NA,NA,NA,32,252,167,41,2,31,210,2,7,126,20.5,TRUE,0.000127922211677943,2.455286,21464517,21464518,21464738
"Adaptive Huber","Adaptive Huber tau_q=0.99",13,21460517,5,0.747838921217263,0.526726874950827,-0.294821018603773,NA,NA,NA,NA,NA,NA,NA,0.131027864944156,14,0.99,NA,NA,3.51592069085711,NA,NA,78,NA,NA,NA,NA,NA,NA,NA,NA,NA,NA,TRUE,0.00014053786035124,2.4705925,21465517,21465548,NA
"IHT","IHT eta=0.5/L, T=50",13,21460517,5,0.649665606254321,0.474955435779822,0.022822714569393,7.02689301756202e-05,0.5,NA,NA,50,NA,NA,NA,14,NA,NA,NA,NA,NA,NA,14,NA,NA,NA,NA,NA,NA,NA,NA,NA,NA,TRUE,0.00014053786035124,2.4705925,21465517,21465518,NA
"LASSO","LASSO cv.glmnet lambda.min",13,21460517,5,0.62078632775471,0.456594806564577,0.107767786760264,NA,NA,NA,NA,NA,NA,NA,2.23710772104837,14,NA,NA,NA,NA,NA,NA,14,NA,NA,NA,NA,NA,NA,NA,NA,NA,NA,TRUE,0.00014053786035124,2.4705925,21465517,21465518,NA
"Shrinkage","Shrinkage tau_x_q=0.99, tau_y_q=0.98",13,21460517,5,0.96364373123837,0.684561477615461,-1.14994135319951,NA,NA,NA,NA,NA,NA,NA,0.105525310922523,14,NA,0.99,0.98,NA,26.3913228988166,2.93348978,66,NA,NA,NA,NA,NA,NA,NA,NA,NA,NA,TRUE,0.00014053786035124,2.4705925,21465517,21465558,NA
"TS-RIGHT-TUNED","TS tuned K1cap in {2,5,15,25}, T1=50, T2=4, eta=0.5/L",13,21460517,5,0.57622721713052,0.409770565555386,0.231257047525275,7.02689301756202e-05,0.5,0.4,15,NA,50,4,NA,14,NA,NA,NA,NA,NA,NA,14,252,168,42,15,31,92,2,7,16.8,21,TRUE,0.00014053786035124,2.4705925,21465517,21465518,21465738
"Adaptive Huber","Adaptive Huber tau_q=0.99",14,21560517,1,0.769506625757722,0.529497863587882,0.181202875848497,NA,NA,NA,NA,NA,NA,NA,0.142712673353607,40,0.99,NA,NA,3.13645864455879,NA,NA,68,NA,NA,NA,NA,NA,NA,NA,NA,NA,NA,TRUE,0.000130814952263335,2.469759,21561517,21561548,NA
"IHT","IHT eta=0.5/L, T=50",14,21560517,1,0.785689884720832,0.548080658210594,0.146400985189522,6.54074761316677e-05,0.5,NA,NA,50,NA,NA,NA,40,NA,NA,NA,NA,NA,NA,40,NA,NA,NA,NA,NA,NA,NA,NA,NA,NA,TRUE,0.000130814952263335,2.469759,21561517,21561518,NA
"LASSO","LASSO cv.glmnet lambda.min",14,21560517,1,0.772643119831124,0.524661815691421,0.174514470289391,NA,NA,NA,NA,NA,NA,NA,0.435823883701256,40,NA,NA,NA,NA,NA,NA,40,NA,NA,NA,NA,NA,NA,NA,NA,NA,NA,TRUE,0.000130814952263335,2.469759,21561517,21561518,NA
"Shrinkage","Shrinkage tau_x_q=0.99, tau_y_q=0.98",14,21560517,1,0.868625250207467,0.62643004461205,-0.0433174733110633,NA,NA,NA,NA,NA,NA,NA,0.17641966650112,40,NA,0.99,0.98,NA,28.0386724891441,2.387028,42,NA,NA,NA,NA,NA,NA,NA,NA,NA,NA,TRUE,0.000130814952263335,2.469759,21561517,21561558,NA
"TS-RIGHT-TUNED","TS tuned K1cap in {2,5,15,25}, T1=50, T2=4, eta=0.5/L",14,21560517,1,0.743984051490864,0.502441295318523,0.23461696263673,6.54074761316677e-05,0.5,0.4,5,NA,50,4,NA,40,NA,NA,NA,NA,NA,NA,40,252,167,41,5,31,262,2,7,50.4,20.5,TRUE,0.000130814952263335,2.469759,21561517,21561518,21561738
"Adaptive Huber","Adaptive Huber tau_q=0.99",14,21560517,2,1.04585305865867,0.651342561582032,0.0205154171519607,NA,NA,NA,NA,NA,NA,NA,0.140640023503688,14,0.99,NA,NA,3.22662376412802,NA,NA,69,NA,NA,NA,NA,NA,NA,NA,NA,NA,NA,TRUE,0.000138058480226436,2.458379,21562517,21562548,NA
"IHT","IHT eta=0.5/L, T=50",14,21560517,2,0.980354698015886,0.593359761283213,0.139357612705124,6.9029240113218e-05,0.5,NA,NA,50,NA,NA,NA,14,NA,NA,NA,NA,NA,NA,14,NA,NA,NA,NA,NA,NA,NA,NA,NA,NA,TRUE,0.000138058480226436,2.458379,21562517,21562518,NA
"LASSO","LASSO cv.glmnet lambda.min",14,21560517,2,0.976293039661623,0.574619220033273,0.146474208471459,NA,NA,NA,NA,NA,NA,NA,1.99353599589896,14,NA,NA,NA,NA,NA,NA,14,NA,NA,NA,NA,NA,NA,NA,NA,NA,NA,TRUE,0.000138058480226436,2.458379,21562517,21562518,NA
"Shrinkage","Shrinkage tau_x_q=0.99, tau_y_q=0.98",14,21560517,2,1.08215368396418,0.689291029002649,-0.0486586591601164,NA,NA,NA,NA,NA,NA,NA,0.259831767727275,14,NA,0.99,0.98,NA,25.6656379352094,2.87332104,35,NA,NA,NA,NA,NA,NA,NA,NA,NA,NA,TRUE,0.000138058480226436,2.458379,21562517,21562558,NA
"TS-RIGHT-TUNED","TS tuned K1cap in {2,5,15,25}, T1=50, T2=4, eta=0.5/L",14,21560517,2,0.990962625073171,0.597137706001268,0.120631685710132,6.9029240113218e-05,0.5,0.4,5,NA,50,4,NA,14,NA,NA,NA,NA,NA,NA,14,252,167,41,5,31,92,2,7,50.4,20.5,TRUE,0.000138058480226436,2.458379,21562517,21562518,21562738
"Adaptive Huber","Adaptive Huber tau_q=0.99",14,21560517,3,0.78559078896539,0.540404726753131,0.295290373367342,NA,NA,NA,NA,NA,NA,NA,0.136186761666536,8,0.99,NA,NA,3.349732389658,NA,NA,73,NA,NA,NA,NA,NA,NA,NA,NA,NA,NA,TRUE,0.000140398444308521,2.44818,21563517,21563548,NA
"IHT","IHT eta=0.5/L, T=50",14,21560517,3,0.80289075136115,0.531304400351569,0.263910963621126,7.01992221542607e-05,0.5,NA,NA,50,NA,NA,NA,8,NA,NA,NA,NA,NA,NA,8,NA,NA,NA,NA,NA,NA,NA,NA,NA,NA,TRUE,0.000140398444308521,2.44818,21563517,21563518,NA
"LASSO","LASSO cv.glmnet lambda.min",14,21560517,3,0.821321375817038,0.5227290191452,0.229728745781219,NA,NA,NA,NA,NA,NA,NA,2.93405483657488,8,NA,NA,NA,NA,NA,NA,8,NA,NA,NA,NA,NA,NA,NA,NA,NA,NA,TRUE,0.000140398444308521,2.44818,21563517,21563518,NA
"Shrinkage","Shrinkage tau_x_q=0.99, tau_y_q=0.98",14,21560517,3,0.947237643691405,0.65940358296862,-0.0245551398026846,NA,NA,NA,NA,NA,NA,NA,0.130863813596126,8,NA,0.99,0.98,NA,25.9471847897627,2.74984588,54,NA,NA,NA,NA,NA,NA,NA,NA,NA,NA,TRUE,0.000140398444308521,2.44818,21563517,21563558,NA
"TS-RIGHT-TUNED","TS tuned K1cap in {2,5,15,25}, T1=50, T2=4, eta=0.5/L",14,21560517,3,0.814642197377697,0.536698368459714,0.242205858950161,7.01992221542607e-05,0.5,0.4,2,NA,50,4,NA,8,NA,NA,NA,NA,NA,NA,8,252,167,41,2,31,53,2,7,126,20.5,TRUE,0.000140398444308521,2.44818,21563517,21563518,21563738
"Adaptive Huber","Adaptive Huber tau_q=0.99",14,21560517,4,0.974818855814966,0.590460359540594,0.284697413132959,NA,NA,NA,NA,NA,NA,NA,0.114530427483825,44,0.99,NA,NA,2.38827578523032,NA,NA,69,NA,NA,NA,NA,NA,NA,NA,NA,NA,NA,TRUE,0.000130066334565257,2.475555,21564517,21564548,NA
"IHT","IHT eta=0.5/L, T=50",14,21560517,4,0.900427015970476,0.547657396045967,0.389706158895821,6.50331672826285e-05,0.5,NA,NA,50,NA,NA,NA,44,NA,NA,NA,NA,NA,NA,44,NA,NA,NA,NA,NA,NA,NA,NA,NA,NA,TRUE,0.000130066334565257,2.475555,21564517,21564518,NA
"LASSO","LASSO cv.glmnet lambda.min",14,21560517,4,0.92584149566513,0.554740348375698,0.354768982109451,NA,NA,NA,NA,NA,NA,NA,0.3338622734234,44,NA,NA,NA,NA,NA,NA,44,NA,NA,NA,NA,NA,NA,NA,NA,NA,NA,TRUE,0.000130066334565257,2.475555,21564517,21564518,NA
"Shrinkage","Shrinkage tau_x_q=0.99, tau_y_q=0.98",14,21560517,4,0.998868858635018,0.647095548892726,0.248967206905452,NA,NA,NA,NA,NA,NA,NA,0.189280532875664,44,NA,0.99,0.98,NA,27.4531106976711,2.77722088,42,NA,NA,NA,NA,NA,NA,NA,NA,NA,NA,TRUE,0.000130066334565257,2.475555,21564517,21564558,NA
"TS-RIGHT-TUNED","TS tuned K1cap in {2,5,15,25}, T1=50, T2=4, eta=0.5/L",14,21560517,4,0.915628267246538,0.560713182654955,0.368925928599939,6.50331672826285e-05,0.5,0.4,2,NA,50,4,NA,44,NA,NA,NA,NA,NA,NA,44,252,167,41,2,31,289,2,7,126,20.5,TRUE,0.000130066334565257,2.475555,21564517,21564518,21564738
"Adaptive Huber","Adaptive Huber tau_q=0.99",14,21560517,5,0.735941323400538,0.557508452949867,0.21903497343801,NA,NA,NA,NA,NA,NA,NA,0.133223770200737,10,0.99,NA,NA,3.2815354410626,NA,NA,70,NA,NA,NA,NA,NA,NA,NA,NA,NA,NA,TRUE,0.000141759506658305,2.4798965,21565517,21565548,NA
"IHT","IHT eta=0.5/L, T=50",14,21560517,5,0.818255701798839,0.557470799903041,0.0345644487385327,7.08797533291524e-05,0.5,NA,NA,50,NA,NA,NA,10,NA,NA,NA,NA,NA,NA,10,NA,NA,NA,NA,NA,NA,NA,NA,NA,NA,TRUE,0.000141759506658305,2.4798965,21565517,21565518,NA
"LASSO","LASSO cv.glmnet lambda.min",14,21560517,5,0.807014488465383,0.532750016116528,0.0609085851465991,NA,NA,NA,NA,NA,NA,NA,2.38290633828803,10,NA,NA,NA,NA,NA,NA,10,NA,NA,NA,NA,NA,NA,NA,NA,NA,NA,TRUE,0.000141759506658305,2.4798965,21565517,21565518,NA
"Shrinkage","Shrinkage tau_x_q=0.99, tau_y_q=0.98",14,21560517,5,1.00171835809902,0.719054680014944,-0.446893190512812,NA,NA,NA,NA,NA,NA,NA,0.112200319210918,10,NA,0.99,0.98,NA,25.6112482949705,2.94279378,58,NA,NA,NA,NA,NA,NA,NA,NA,NA,NA,TRUE,0.000141759506658305,2.4798965,21565517,21565558,NA
"TS-RIGHT-TUNED","TS tuned K1cap in {2,5,15,25}, T1=50, T2=4, eta=0.5/L",14,21560517,5,0.753798637003466,0.540436736283662,0.180675573954275,7.08797533291524e-05,0.5,0.4,15,NA,50,4,NA,10,NA,NA,NA,NA,NA,NA,10,252,168,42,15,31,66,2,7,16.8,21,TRUE,0.000141759506658305,2.4798965,21565517,21565518,21565738
"Adaptive Huber","Adaptive Huber tau_q=0.99",15,21660517,1,0.731277747552572,0.551706324212321,0.216519305793326,NA,NA,NA,NA,NA,NA,NA,0.131928151056201,11,0.99,NA,NA,3.25319575999861,NA,NA,70,NA,NA,NA,NA,NA,NA,NA,NA,NA,NA,TRUE,0.000130118306029413,2.469759,21661517,21661548,NA
"IHT","IHT eta=0.5/L, T=50",15,21660517,1,0.765667459674587,0.536789309300034,0.141097308775184,6.50591530147067e-05,0.5,NA,NA,50,NA,NA,NA,11,NA,NA,NA,NA,NA,NA,11,NA,NA,NA,NA,NA,NA,NA,NA,NA,NA,TRUE,0.000130118306029413,2.469759,21661517,21661518,NA
"LASSO","LASSO cv.glmnet lambda.min",15,21660517,1,0.766464766114931,0.529400582421886,0.139307588729306,NA,NA,NA,NA,NA,NA,NA,2.05237477310986,11,NA,NA,NA,NA,NA,NA,11,NA,NA,NA,NA,NA,NA,NA,NA,NA,NA,TRUE,0.000130118306029413,2.469759,21661517,21661518,NA
"Shrinkage","Shrinkage tau_x_q=0.99, tau_y_q=0.98",15,21660517,1,0.787371164392357,0.604734771619993,0.0917140538108109,NA,NA,NA,NA,NA,NA,NA,0.1706054139148,11,NA,0.99,0.98,NA,26.7922983765338,2.93619616,47,NA,NA,NA,NA,NA,NA,NA,NA,NA,NA,TRUE,0.000130118306029413,2.469759,21661517,21661558,NA
"TS-RIGHT-TUNED","TS tuned K1cap in {2,5,15,25}, T1=50, T2=4, eta=0.5/L",15,21660517,1,0.708384017689261,0.517888579928909,0.264807460303889,6.50591530147067e-05,0.5,0.4,25,NA,50,4,NA,11,NA,NA,NA,NA,NA,NA,11,252,167,41,25,31,73,2,7,10.08,20.5,TRUE,0.000130118306029413,2.469759,21661517,21661518,21661738
"Adaptive Huber","Adaptive Huber tau_q=0.99",15,21660517,2,0.661425393533817,0.50446073378876,-0.164766880786218,NA,NA,NA,NA,NA,NA,NA,0.153147193754593,14,0.99,NA,NA,3.6054972295422,NA,NA,73,NA,NA,NA,NA,NA,NA,NA,NA,NA,NA,TRUE,0.000128597810847624,2.465694,21662517,21662548,NA
"IHT","IHT eta=0.5/L, T=50",15,21660517,2,0.672601083539376,0.482811434016028,-0.204460077874118,6.4298905423812e-05,0.5,NA,NA,50,NA,NA,NA,14,NA,NA,NA,NA,NA,NA,14,NA,NA,NA,NA,NA,NA,NA,NA,NA,NA,TRUE,0.000128597810847624,2.465694,21662517,21662518,NA
"LASSO","LASSO cv.glmnet lambda.min",15,21660517,2,0.635983551275343,0.461222091211547,-0.0768843149932159,NA,NA,NA,NA,NA,NA,NA,1.80225448092283,14,NA,NA,NA,NA,NA,NA,14,NA,NA,NA,NA,NA,NA,NA,NA,NA,NA,TRUE,0.000128597810847624,2.465694,21662517,21662518,NA
"Shrinkage","Shrinkage tau_x_q=0.99, tau_y_q=0.98",15,21660517,2,0.722633876349164,0.557526415550287,-0.390317273531939,NA,NA,NA,NA,NA,NA,NA,0.205872725208973,14,NA,0.99,0.98,NA,27.6077566126279,3.05521403999999,41,NA,NA,NA,NA,NA,NA,NA,NA,NA,NA,TRUE,0.000128597810847624,2.465694,21662517,21662558,NA
"TS-RIGHT-TUNED","TS tuned K1cap in {2,5,15,25}, T1=50, T2=4, eta=0.5/L",15,21660517,2,0.604802117092501,0.447539406821877,0.0261234916222531,6.4298905423812e-05,0.5,0.4,25,NA,50,4,NA,14,NA,NA,NA,NA,NA,NA,14,252,167,41,25,31,92,2,7,10.08,20.5,TRUE,0.000128597810847624,2.465694,21662517,21662518,21662738
"Adaptive Huber","Adaptive Huber tau_q=0.99",15,21660517,3,0.846641433131334,0.577497465181096,0.274514563053132,NA,NA,NA,NA,NA,NA,NA,0.140950137335258,11,0.99,NA,NA,3.19102976924294,NA,NA,70,NA,NA,NA,NA,NA,NA,NA,NA,NA,NA,TRUE,0.000125725212122449,2.475555,21663517,21663548,NA
"IHT","IHT eta=0.5/L, T=50",15,21660517,3,0.858340792028112,0.54620965797518,0.254325713015737,6.28626060612246e-05,0.5,NA,NA,50,NA,NA,NA,11,NA,NA,NA,NA,NA,NA,11,NA,NA,NA,NA,NA,NA,NA,NA,NA,NA,TRUE,0.000125725212122449,2.475555,21663517,21663518,NA
"LASSO","LASSO cv.glmnet lambda.min",15,21660517,3,0.87462909873798,0.534844610343328,0.225756609132556,NA,NA,NA,NA,NA,NA,NA,2.6411482309337,11,NA,NA,NA,NA,NA,NA,11,NA,NA,NA,NA,NA,NA,NA,NA,NA,NA,TRUE,0.000125725212122449,2.475555,21663517,21663518,NA
"Shrinkage","Shrinkage tau_x_q=0.99, tau_y_q=0.98",15,21660517,3,0.950087083150915,0.632602500087255,0.0863991605778534,NA,NA,NA,NA,NA,NA,NA,0.220679992736728,11,NA,0.99,0.98,NA,26.3568524168934,2.60017724,37,NA,NA,NA,NA,NA,NA,NA,NA,NA,NA,TRUE,0.000125725212122449,2.475555,21663517,21663558,NA
"TS-RIGHT-TUNED","TS tuned K1cap in {2,5,15,25}, T1=50, T2=4, eta=0.5/L",15,21660517,3,0.847917186686395,0.565995512840242,0.272326534189652,6.28626060612246e-05,0.5,0.4,2,NA,50,4,NA,11,NA,NA,NA,NA,NA,NA,11,252,167,41,2,31,73,2,7,126,20.5,TRUE,0.000125725212122449,2.475555,21663517,21663518,21663738
"Adaptive Huber","Adaptive Huber tau_q=0.99",15,21660517,4,0.799224244994803,0.50561774667692,-0.414822780479222,NA,NA,NA,NA,NA,NA,NA,0.150103537110379,49,0.99,NA,NA,2.68956407321231,NA,NA,68,NA,NA,NA,NA,NA,NA,NA,NA,NA,NA,TRUE,0.000132626082299478,2.465694,21664517,21664548,NA
"IHT","IHT eta=0.5/L, T=50",15,21660517,4,0.775186492743416,0.517777148786529,-0.330997186080994,6.63130411497391e-05,0.5,NA,NA,50,NA,NA,NA,49,NA,NA,NA,NA,NA,NA,49,NA,NA,NA,NA,NA,NA,NA,NA,NA,NA,TRUE,0.000132626082299478,2.465694,21664517,21664518,NA
"LASSO","LASSO cv.glmnet lambda.min",15,21660517,4,0.855249210074418,0.540068167041963,-0.620130907925543,NA,NA,NA,NA,NA,NA,NA,0.274800291395708,49,NA,NA,NA,NA,NA,NA,49,NA,NA,NA,NA,NA,NA,NA,NA,NA,NA,TRUE,0.000132626082299478,2.465694,21664517,21664518,NA
"Shrinkage","Shrinkage tau_x_q=0.99, tau_y_q=0.98",15,21660517,4,0.795020230545093,0.563181543769671,-0.399977655280079,NA,NA,NA,NA,NA,NA,NA,0.190713348190413,49,NA,0.99,0.98,NA,27.2186008730919,2.93213116,42,NA,NA,NA,NA,NA,NA,NA,NA,NA,NA,TRUE,0.000132626082299478,2.465694,21664517,21664558,NA
"TS-RIGHT-TUNED","TS tuned K1cap in {2,5,15,25}, T1=50, T2=4, eta=0.5/L",15,21660517,4,0.613152308616953,0.422236061750731,0.16727523733433,6.63130411497391e-05,0.5,0.4,15,NA,50,4,NA,49,NA,NA,NA,NA,NA,NA,49,252,167,41,15,31,321,2,7,16.8,20.5,TRUE,0.000132626082299478,2.465694,21664517,21664518,21664738
"Adaptive Huber","Adaptive Huber tau_q=0.99",15,21660517,5,1.35772922607725,0.719959151320244,0.169832262857923,NA,NA,NA,NA,NA,NA,NA,0.0907364639401047,56,0.99,NA,NA,1.62805327111787,NA,NA,76,NA,NA,NA,NA,NA,NA,NA,NA,NA,NA,TRUE,0.000135932181013659,2.4695565,21665517,21665548,NA
"IHT","IHT eta=0.5/L, T=50",15,21660517,5,1.30575047066527,0.700511256909105,0.232179151483018,6.79660905068294e-05,0.5,NA,NA,50,NA,NA,NA,56,NA,NA,NA,NA,NA,NA,56,NA,NA,NA,NA,NA,NA,NA,NA,NA,NA,TRUE,0.000135932181013659,2.4695565,21665517,21665518,NA
"LASSO","LASSO cv.glmnet lambda.min",15,21660517,5,1.31330962935128,0.717266475570027,0.223263389931764,NA,NA,NA,NA,NA,NA,NA,0.264501607118528,56,NA,NA,NA,NA,NA,NA,56,NA,NA,NA,NA,NA,NA,NA,NA,NA,NA,TRUE,0.000135932181013659,2.4695565,21665517,21665518,NA
"Shrinkage","Shrinkage tau_x_q=0.99, tau_y_q=0.98",15,21660517,5,1.3820165149821,0.801392035847117,0.139866259933106,NA,NA,NA,NA,NA,NA,NA,0.184485163780649,56,NA,0.99,0.98,NA,26.3568524168934,1.93710908,37,NA,NA,NA,NA,NA,NA,NA,NA,NA,NA,TRUE,0.000135932181013659,2.4695565,21665517,21665558,NA
"TS-RIGHT-TUNED","TS tuned K1cap in {2,5,15,25}, T1=50, T2=4, eta=0.5/L",15,21660517,5,1.29218830893109,0.709322787574933,0.248046243856643,6.79660905068294e-05,0.5,0.4,15,NA,50,4,NA,56,NA,NA,NA,NA,NA,NA,56,252,168,42,15,31,367,2,7,16.8,21,TRUE,0.000135932181013659,2.4695565,21665517,21665518,21665738
"Adaptive Huber","Adaptive Huber tau_q=0.99",16,21760517,1,0.710623059278061,0.49182253089603,0.0271567955490554,NA,NA,NA,NA,NA,NA,NA,0.146478588483754,14,0.99,NA,NA,3.61860610383896,NA,NA,74,NA,NA,NA,NA,NA,NA,NA,NA,NA,NA,TRUE,0.000129196930448498,2.494534,21761517,21761548,NA
"IHT","IHT eta=0.5/L, T=50",16,21760517,1,0.662751844561983,0.433507287422794,0.153813391735937,6.45984652242488e-05,0.5,NA,NA,50,NA,NA,NA,14,NA,NA,NA,NA,NA,NA,14,NA,NA,NA,NA,NA,NA,NA,NA,NA,NA,TRUE,0.000129196930448498,2.494534,21761517,21761518,NA
"LASSO","LASSO cv.glmnet lambda.min",16,21760517,1,0.673919283499301,0.431846055116405,0.125056468933835,NA,NA,NA,NA,NA,NA,NA,1.98192528171535,14,NA,NA,NA,NA,NA,NA,14,NA,NA,NA,NA,NA,NA,NA,NA,NA,NA,TRUE,0.000129196930448498,2.494534,21761517,21761518,NA
"Shrinkage","Shrinkage tau_x_q=0.99, tau_y_q=0.98",16,21760517,1,1.06814304266581,0.710680081179674,-1.19797672771755,NA,NA,NA,NA,NA,NA,NA,0.122577827963172,14,NA,0.99,0.98,NA,27.7081083647278,2.79619988,53,NA,NA,NA,NA,NA,NA,NA,NA,NA,NA,TRUE,0.000129196930448498,2.494534,21761517,21761558,NA
"TS-RIGHT-TUNED","TS tuned K1cap in {2,5,15,25}, T1=50, T2=4, eta=0.5/L",16,21760517,1,0.663941859032137,0.432954827186405,0.150771896308013,6.45984652242488e-05,0.5,0.4,15,NA,50,4,NA,14,NA,NA,NA,NA,NA,NA,14,252,167,41,15,31,92,2,7,16.8,20.5,TRUE,0.000129196930448498,2.494534,21761517,21761518,21761738
"Adaptive Huber","Adaptive Huber tau_q=0.99",16,21760517,2,0.891139451761769,0.549355714421876,0.0574444452234407,NA,NA,NA,NA,NA,NA,NA,0.12684752182872,46,0.99,NA,NA,2.79591420217011,NA,NA,74,NA,NA,NA,NA,NA,NA,NA,NA,NA,NA,TRUE,0.000132180358309427,2.446731,21762517,21762548,NA
"IHT","IHT eta=0.5/L, T=50",16,21760517,2,0.820236804136609,0.496100611928376,0.201464698566472,6.60901791547135e-05,0.5,NA,NA,50,NA,NA,NA,46,NA,NA,NA,NA,NA,NA,46,NA,NA,NA,NA,NA,NA,NA,NA,NA,NA,TRUE,0.000132180358309427,2.446731,21762517,21762518,NA
"LASSO","LASSO cv.glmnet lambda.min",16,21760517,2,0.868101764589664,0.528166852258646,0.105548300433317,NA,NA,NA,NA,NA,NA,NA,0.336918153026326,46,NA,NA,NA,NA,NA,NA,46,NA,NA,NA,NA,NA,NA,NA,NA,NA,NA,TRUE,0.000132180358309427,2.446731,21762517,21762518,NA
"Shrinkage","Shrinkage tau_x_q=0.99, tau_y_q=0.98",16,21760517,2,0.761255467123654,0.4977709172263,0.312177362957353,NA,NA,NA,NA,NA,NA,NA,0.168365086514123,46,NA,0.99,0.98,NA,26.9000461524836,2.91316816,50,NA,NA,NA,NA,NA,NA,NA,NA,NA,NA,TRUE,0.000132180358309427,2.446731,21762517,21762558,NA
"TS-RIGHT-TUNED","TS tuned K1cap in {2,5,15,25}, T1=50, T2=4, eta=0.5/L",16,21760517,2,0.796797501901952,0.453379915570649,0.246450921213341,6.60901791547135e-05,0.5,0.4,15,NA,50,4,NA,46,NA,NA,NA,NA,NA,NA,46,252,167,41,15,31,302,2,7,16.8,20.5,TRUE,0.000132180358309427,2.446731,21762517,21762518,21762738
"Adaptive Huber","Adaptive Huber tau_q=0.99",16,21760517,3,0.867174473869603,0.567812536723932,0.154221002279393,NA,NA,NA,NA,NA,NA,NA,0.141409892579026,13,0.99,NA,NA,3.2474568562931,NA,NA,72,NA,NA,NA,NA,NA,NA,NA,NA,NA,NA,TRUE,0.000133417183795673,2.430037,21763517,21763548,NA
"IHT","IHT eta=0.5/L, T=50",16,21760517,3,0.879619996790529,0.62355729335887,0.129769875182739,6.67085918978365e-05,0.5,NA,NA,50,NA,NA,NA,13,NA,NA,NA,NA,NA,NA,13,NA,NA,NA,NA,NA,NA,NA,NA,NA,NA,TRUE,0.000133417183795673,2.430037,21763517,21763518,NA
"LASSO","LASSO cv.glmnet lambda.min",16,21760517,3,0.862490482252744,0.593069208051061,0.16333317663733,NA,NA,NA,NA,NA,NA,NA,2.00444869113024,13,NA,NA,NA,NA,NA,NA,13,NA,NA,NA,NA,NA,NA,NA,NA,NA,NA,TRUE,0.000133417183795673,2.430037,21763517,21763518,NA
"Shrinkage","Shrinkage tau_x_q=0.99, tau_y_q=0.98",16,21760517,3,0.882644454220793,0.607269580526652,0.123775243809039,NA,NA,NA,NA,NA,NA,NA,0.208068840298045,13,NA,0.99,0.98,NA,26.5883120838434,2.73170288,41,NA,NA,NA,NA,NA,NA,NA,NA,NA,NA,TRUE,0.000133417183795673,2.430037,21763517,21763558,NA
"TS-RIGHT-TUNED","TS tuned K1cap in {2,5,15,25}, T1=50, T2=4, eta=0.5/L",16,21760517,3,0.862101804652027,0.567283225781163,0.164087087287101,6.67085918978365e-05,0.5,0.4,15,NA,50,4,NA,13,NA,NA,NA,NA,NA,NA,13,252,167,41,15,31,86,2,7,16.8,20.5,TRUE,0.000133417183795673,2.430037,21763517,21763518,21763738
"Adaptive Huber","Adaptive Huber tau_q=0.99",16,21760517,4,1.07182415726691,0.663182899674559,0.0878987753191321,NA,NA,NA,NA,NA,NA,NA,0.119954313338461,37,0.99,NA,NA,3.17877676830962,NA,NA,88,NA,NA,NA,NA,NA,NA,NA,NA,NA,NA,TRUE,0.000138084930273714,2.475555,21764517,21764548,NA
"IHT","IHT eta=0.5/L, T=50",16,21760517,4,0.916802892789861,0.552369671478134,0.33265884836644,6.90424651368569e-05,0.5,NA,NA,50,NA,NA,NA,37,NA,NA,NA,NA,NA,NA,37,NA,NA,NA,NA,NA,NA,NA,NA,NA,NA,TRUE,0.000138084930273714,2.475555,21764517,21764518,NA
"LASSO","LASSO cv.glmnet lambda.min",16,21760517,4,0.997526424048437,0.61449716335269,0.209967833506133,NA,NA,NA,NA,NA,NA,NA,0.441237519727788,37,NA,NA,NA,NA,NA,NA,37,NA,NA,NA,NA,NA,NA,NA,NA,NA,NA,TRUE,0.000138084930273714,2.475555,21764517,21764518,NA
"Shrinkage","Shrinkage tau_x_q=0.99, tau_y_q=0.98",16,21760517,4,1.04575748870532,0.659552206709027,0.131723747648588,NA,NA,NA,NA,NA,NA,NA,0.158015696207093,37,NA,0.99,0.98,NA,26.5762505869917,2.77722088,55,NA,NA,NA,NA,NA,NA,NA,NA,NA,NA,TRUE,0.000138084930273714,2.475555,21764517,21764558,NA
"TS-RIGHT-TUNED","TS tuned K1cap in {2,5,15,25}, T1=50, T2=4, eta=0.5/L",16,21760517,4,0.922763487091594,0.524515056716647,0.32395320276227,6.90424651368569e-05,0.5,0.4,5,NA,50,4,NA,37,NA,NA,NA,NA,NA,NA,37,252,167,41,5,31,243,2,7,50.4,20.5,TRUE,0.000138084930273714,2.475555,21764517,21764518,21764738
"Adaptive Huber","Adaptive Huber tau_q=0.99",16,21760517,5,0.898875782023934,0.611642506192244,0.337609651392677,NA,NA,NA,NA,NA,NA,NA,0.125594096447247,15,0.99,NA,NA,2.71933264606869,NA,NA,73,NA,NA,NA,NA,NA,NA,NA,NA,NA,NA,TRUE,0.000129619528909616,2.4798965,21765517,21765548,NA
"IHT","IHT eta=0.5/L, T=50",16,21760517,5,0.962325962956427,0.643521664004193,0.240795029737334,6.48097644548081e-05,0.5,NA,NA,50,NA,NA,NA,15,NA,NA,NA,NA,NA,NA,15,NA,NA,NA,NA,NA,NA,NA,NA,NA,NA,TRUE,0.000129619528909616,2.4798965,21765517,21765518,NA
"LASSO","LASSO cv.glmnet lambda.min",16,21760517,5,0.968069457258147,0.627560352676287,0.231705590101146,NA,NA,NA,NA,NA,NA,NA,1.95383739661484,15,NA,NA,NA,NA,NA,NA,15,NA,NA,NA,NA,NA,NA,NA,NA,NA,NA,TRUE,0.000129619528909616,2.4798965,21765517,21765518,NA
"Shrinkage","Shrinkage tau_x_q=0.99, tau_y_q=0.98",16,21760517,5,1.03039324370211,0.712464270018127,0.129596474526049,NA,NA,NA,NA,NA,NA,NA,0.18509264574163,15,NA,0.99,0.98,NA,26.3568524168934,2.16079164,38,NA,NA,NA,NA,NA,NA,NA,NA,NA,NA,TRUE,0.000129619528909616,2.4798965,21765517,21765558,NA
"TS-RIGHT-TUNED","TS tuned K1cap in {2,5,15,25}, T1=50, T2=4, eta=0.5/L",16,21760517,5,0.961428502593049,0.644082185245631,0.242210430921425,6.48097644548081e-05,0.5,0.4,2,NA,50,4,NA,15,NA,NA,NA,NA,NA,NA,15,252,168,42,2,31,99,2,7,126,21,TRUE,0.000129619528909616,2.4798965,21765517,21765518,21765738
"Adaptive Huber","Adaptive Huber tau_q=0.99",17,21860517,1,0.981436097577188,0.666782562225043,0.233544628696616,NA,NA,NA,NA,NA,NA,NA,0.110498804149537,10,0.99,NA,NA,2.86322558008255,NA,NA,84,NA,NA,NA,NA,NA,NA,NA,NA,NA,NA,TRUE,0.000131728629283452,2.477898,21861517,21861548,NA
"IHT","IHT eta=0.5/L, T=50",17,21860517,1,0.93329348405598,0.633556394014301,0.306894596461944,6.5864314641726e-05,0.5,NA,NA,50,NA,NA,NA,10,NA,NA,NA,NA,NA,NA,10,NA,NA,NA,NA,NA,NA,NA,NA,NA,NA,TRUE,0.000131728629283452,2.477898,21861517,21861518,NA
"LASSO","LASSO cv.glmnet lambda.min",17,21860517,1,0.949568961520678,0.640099494344749,0.282510023821259,NA,NA,NA,NA,NA,NA,NA,2.1691364432638,10,NA,NA,NA,NA,NA,NA,10,NA,NA,NA,NA,NA,NA,NA,NA,NA,NA,TRUE,0.000131728629283452,2.477898,21861517,21861518,NA
"Shrinkage","Shrinkage tau_x_q=0.99, tau_y_q=0.98",17,21860517,1,0.988576219339019,0.653512085611585,0.222351863926749,NA,NA,NA,NA,NA,NA,NA,0.134627900720537,10,NA,0.99,0.98,NA,26.8201589818008,2.395167,58,NA,NA,NA,NA,NA,NA,NA,NA,NA,NA,TRUE,0.000131728629283452,2.477898,21861517,21861558,NA
"TS-RIGHT-TUNED","TS tuned K1cap in {2,5,15,25}, T1=50, T2=4, eta=0.5/L",17,21860517,1,0.924955709751,0.621772187403022,0.319223285688076,6.5864314641726e-05,0.5,0.4,2,NA,50,4,NA,10,NA,NA,NA,NA,NA,NA,10,252,167,41,2,31,66,2,7,126,20.5,TRUE,0.000131728629283452,2.477898,21861517,21861518,21861738
"Adaptive Huber","Adaptive Huber tau_q=0.99",17,21860517,2,0.867691888684331,0.520403387207353,0.128708254465851,NA,NA,NA,NA,NA,NA,NA,0.13486012138353,28,0.99,NA,NA,3.23910322039508,NA,NA,72,NA,NA,NA,NA,NA,NA,NA,NA,NA,NA,TRUE,0.000133540372583296,2.455286,21862517,21862548,NA
"IHT","IHT eta=0.5/L, T=50",17,21860517,2,0.8425236294353,0.506106915772699,0.178520548843779,6.67701862916481e-05,0.5,NA,NA,50,NA,NA,NA,28,NA,NA,NA,NA,NA,NA,28,NA,NA,NA,NA,NA,NA,NA,NA,NA,NA,TRUE,0.000133540372583296,2.455286,21862517,21862518,NA
"LASSO","LASSO cv.glmnet lambda.min",17,21860517,2,0.841679363519677,0.492367055097062,0.180166080401877,NA,NA,NA,NA,NA,NA,NA,0.866890720859168,28,NA,NA,NA,NA,NA,NA,28,NA,NA,NA,NA,NA,NA,NA,NA,NA,NA,TRUE,0.000133540372583296,2.455286,21862517,21862518,NA
"Shrinkage","Shrinkage tau_x_q=0.99, tau_y_q=0.98",17,21860517,2,0.950489472937484,0.668762100792039,-0.0455074861846605,NA,NA,NA,NA,NA,NA,NA,0.186737469880075,28,NA,0.99,0.98,NA,26.3568524168934,2.75695188,41,NA,NA,NA,NA,NA,NA,NA,NA,NA,NA,TRUE,0.000133540372583296,2.455286,21862517,21862558,NA
"TS-RIGHT-TUNED","TS tuned K1cap in {2,5,15,25}, T1=50, T2=4, eta=0.5/L",17,21860517,2,0.842470937033978,0.514471902322627,0.178623298178838,6.67701862916481e-05,0.5,0.4,2,NA,50,4,NA,28,NA,NA,NA,NA,NA,NA,28,252,167,41,2,31,184,2,7,126,20.5,TRUE,0.000133540372583296,2.455286,21862517,21862518,21862738
"Adaptive Huber","Adaptive Huber tau_q=0.99",17,21860517,3,0.945071114588658,0.563872675479737,0.254713750445112,NA,NA,NA,NA,NA,NA,NA,0.129308896731767,10,0.99,NA,NA,3.27240480038534,NA,NA,67,NA,NA,NA,NA,NA,NA,NA,NA,NA,NA,TRUE,0.000136941465812075,2.481895,21863517,21863548,NA
"IHT","IHT eta=0.5/L, T=50",17,21860517,3,0.923105903162079,0.537611878356762,0.288954837412951,6.84707329060373e-05,0.5,NA,NA,50,NA,NA,NA,10,NA,NA,NA,NA,NA,NA,10,NA,NA,NA,NA,NA,NA,NA,NA,NA,NA,TRUE,0.000136941465812075,2.481895,21863517,21863518,NA
"LASSO","LASSO cv.glmnet lambda.min",17,21860517,3,0.954584013222636,0.528482992253826,0.239634430253601,NA,NA,NA,NA,NA,NA,NA,2.65925337707862,10,NA,NA,NA,NA,NA,NA,10,NA,NA,NA,NA,NA,NA,NA,NA,NA,NA,TRUE,0.000136941465812075,2.481895,21863517,21863518,NA
"Shrinkage","Shrinkage tau_x_q=0.99, tau_y_q=0.98",17,21860517,3,1.07312920641519,0.631344861482954,0.039055823192372,NA,NA,NA,NA,NA,NA,NA,0.194998274193714,10,NA,0.99,0.98,NA,26.7832134896088,2.89683704,41,NA,NA,NA,NA,NA,NA,NA,NA,NA,NA,TRUE,0.000136941465812075,2.481895,21863517,21863558,NA
"TS-RIGHT-TUNED","TS tuned K1cap in {2,5,15,25}, T1=50, T2=4, eta=0.5/L",17,21860517,3,0.94282176616998,0.53086351794426,0.258257215957465,6.84707329060373e-05,0.5,0.4,2,NA,50,4,NA,10,NA,NA,NA,NA,NA,NA,10,252,167,41,2,31,66,2,7,126,20.5,TRUE,0.000136941465812075,2.481895,21863517,21863518,21863738
"Adaptive Huber","Adaptive Huber tau_q=0.99",17,21860517,4,0.849673765962908,0.581399263560845,0.227983611346486,NA,NA,NA,NA,NA,NA,NA,0.112076786763367,10,0.99,NA,NA,3.30787231199882,NA,NA,78,NA,NA,NA,NA,NA,NA,NA,NA,NA,NA,TRUE,0.000134792610784339,2.469354,21864517,21864548,NA
"IHT","IHT eta=0.5/L, T=50",17,21860517,4,0.84661278745974,0.563586699638088,0.233536022270131,6.73963053921696e-05,0.5,NA,NA,50,NA,NA,NA,10,NA,NA,NA,NA,NA,NA,10,NA,NA,NA,NA,NA,NA,NA,NA,NA,NA,TRUE,0.000134792610784339,2.469354,21864517,21864518,NA
"LASSO","LASSO cv.glmnet lambda.min",17,21860517,4,0.849588243803983,0.551245694430282,0.228139014957019,NA,NA,NA,NA,NA,NA,NA,2.52959517838125,10,NA,NA,NA,NA,NA,NA,10,NA,NA,NA,NA,NA,NA,NA,NA,NA,NA,TRUE,0.000134792610784339,2.469354,21864517,21864518,NA
"Shrinkage","Shrinkage tau_x_q=0.99, tau_y_q=0.98",17,21860517,4,0.92740542370279,0.652705918081766,0.0802678586380683,NA,NA,NA,NA,NA,NA,NA,0.106587368061299,10,NA,0.99,0.98,NA,27.0638830741573,2.77101988,67,NA,NA,NA,NA,NA,NA,NA,NA,NA,NA,TRUE,0.000134792610784339,2.469354,21864517,21864558,NA
"TS-RIGHT-TUNED","TS tuned K1cap in {2,5,15,25}, T1=50, T2=4, eta=0.5/L",17,21860517,4,0.847040472838433,0.573452724540209,0.232761433838324,6.73963053921696e-05,0.5,0.4,2,NA,50,4,NA,10,NA,NA,NA,NA,NA,NA,10,252,167,41,2,31,66,2,7,126,20.5,TRUE,0.000134792610784339,2.469354,21864517,21864518,21864738
"Adaptive Huber","Adaptive Huber tau_q=0.99",17,21860517,5,0.722100975696331,0.49895289373191,-0.0980911644594058,NA,NA,NA,NA,NA,NA,NA,0.202686933337878,17,0.99,NA,NA,3.51735274298862,NA,NA,68,NA,NA,NA,NA,NA,NA,NA,NA,NA,NA,TRUE,0.000106893387572843,2.467524,21865517,21865548,NA
"IHT","IHT eta=0.5/L, T=50",17,21860517,5,0.696479699955187,0.483206611289761,-0.0215496019878894,5.34466937864217e-05,0.5,NA,NA,50,NA,NA,NA,17,NA,NA,NA,NA,NA,NA,17,NA,NA,NA,NA,NA,NA,NA,NA,NA,NA,TRUE,0.000106893387572843,2.467524,21865517,21865518,NA
"LASSO","LASSO cv.glmnet lambda.min",17,21860517,5,0.673702988271083,0.459437050708771,0.0441725891201241,NA,NA,NA,NA,NA,NA,NA,1.56933131437529,17,NA,NA,NA,NA,NA,NA,17,NA,NA,NA,NA,NA,NA,NA,NA,NA,NA,TRUE,0.000106893387572843,2.467524,21865517,21865518,NA
"Shrinkage","Shrinkage tau_x_q=0.99, tau_y_q=0.98",17,21860517,5,0.848301582648686,0.635899010864585,-0.515455150249799,NA,NA,NA,NA,NA,NA,NA,0.209341613774772,17,NA,0.99,0.98,NA,26.9534312226172,2.76632904,38,NA,NA,NA,NA,NA,NA,NA,NA,NA,NA,TRUE,0.000106893387572843,2.467524,21865517,21865558,NA
"TS-RIGHT-TUNED","TS tuned K1cap in {2,5,15,25}, T1=50, T2=4, eta=0.5/L",17,21860517,5,0.724036111342407,0.512268705152626,-0.103984530420798,5.34466937864217e-05,0.5,0.4,2,NA,50,4,NA,17,NA,NA,NA,NA,NA,NA,17,252,168,42,2,31,112,2,7,126,21,TRUE,0.000106893387572843,2.467524,21865517,21865518,21865738
"Adaptive Huber","Adaptive Huber tau_q=0.99",18,21960517,1,1.02122528569635,0.600619087958642,0.150018288329721,NA,NA,NA,NA,NA,NA,NA,0.118117868367735,21,0.99,NA,NA,2.90319452486032,NA,NA,72,NA,NA,NA,NA,NA,NA,NA,NA,NA,NA,TRUE,0.000132971620719313,2.485584,21961517,21961548,NA
"IHT","IHT eta=0.5/L, T=50",18,21960517,1,0.96664756905852,0.580608715347312,0.238442343504181,6.64858103596564e-05,0.5,NA,NA,50,NA,NA,NA,21,NA,NA,NA,NA,NA,NA,21,NA,NA,NA,NA,NA,NA,NA,NA,NA,NA,TRUE,0.000132971620719313,2.485584,21961517,21961518,NA
"LASSO","LASSO cv.glmnet lambda.min",18,21960517,1,0.9757095773264,0.575877717459674,0.224096700984194,NA,NA,NA,NA,NA,NA,NA,0.795423520960708,21,NA,NA,NA,NA,NA,NA,21,NA,NA,NA,NA,NA,NA,NA,NA,NA,NA,TRUE,0.000132971620719313,2.485584,21961517,21961518,NA
"Shrinkage","Shrinkage tau_x_q=0.99, tau_y_q=0.98",18,21960517,1,0.990365902433051,0.683354581159604,0.200611637453929,NA,NA,NA,NA,NA,NA,NA,0.151068286162178,21,NA,0.99,0.98,NA,26.7254776124988,2.402853,51,NA,NA,NA,NA,NA,NA,NA,NA,NA,NA,TRUE,0.000132971620719313,2.485584,21961517,21961558,NA
"TS-RIGHT-TUNED","TS tuned K1cap in {2,5,15,25}, T1=50, T2=4, eta=0.5/L",18,21960517,1,0.954371695483123,0.546949012764393,0.257662219875165,6.64858103596564e-05,0.5,0.4,5,NA,50,4,NA,21,NA,NA,NA,NA,NA,NA,21,252,167,41,5,31,138,2,7,50.4,20.5,TRUE,0.000132971620719313,2.485584,21961517,21961518,21961738
"Adaptive Huber","Adaptive Huber tau_q=0.99",18,21960517,2,0.801911392853403,0.563233140637695,-0.0274005271079785,NA,NA,NA,NA,NA,NA,NA,0.131957452866861,9,0.99,NA,NA,3.60849488178978,NA,NA,71,NA,NA,NA,NA,NA,NA,NA,NA,NA,NA,TRUE,0.000130254468384314,2.455662,21962517,21962548,NA
"IHT","IHT eta=0.5/L, T=50",18,21960517,2,0.745688494041228,0.530679205761916,0.111613600973572,6.51272341921571e-05,0.5,NA,NA,50,NA,NA,NA,9,NA,NA,NA,NA,NA,NA,9,NA,NA,NA,NA,NA,NA,NA,NA,NA,NA,TRUE,0.000130254468384314,2.455662,21962517,21962518,NA
"LASSO","LASSO cv.glmnet lambda.min",18,21960517,2,0.740976374227545,0.521401955002689,0.122805825662906,NA,NA,NA,NA,NA,NA,NA,2.71372125999036,9,NA,NA,NA,NA,NA,NA,9,NA,NA,NA,NA,NA,NA,NA,NA,NA,NA,TRUE,0.000130254468384314,2.455662,21962517,21962518,NA
"Shrinkage","Shrinkage tau_x_q=0.99, tau_y_q=0.98",18,21960517,2,0.84462181472291,0.63082643947666,-0.139755260166827,NA,NA,NA,NA,NA,NA,NA,0.1229955603814,9,NA,0.99,0.98,NA,27.7523740801336,2.87060404,54,NA,NA,NA,NA,NA,NA,NA,NA,NA,NA,TRUE,0.000130254468384314,2.455662,21962517,21962558,NA
"TS-RIGHT-TUNED","TS tuned K1cap in {2,5,15,25}, T1=50, T2=4, eta=0.5/L",18,21960517,2,0.699362231069008,0.494810493752189,0.218567686155672,6.51272341921571e-05,0.5,0.4,25,NA,50,4,NA,9,NA,NA,NA,NA,NA,NA,9,252,167,41,25,31,59,2,7,10.08,20.5,TRUE,0.000130254468384314,2.455662,21962517,21962518,21962738
"Adaptive Huber","Adaptive Huber tau_q=0.99",18,21960517,3,0.671400171529449,0.5325146322143,-0.0975648507908871,NA,NA,NA,NA,NA,NA,NA,0.148676135242753,11,0.99,NA,NA,3.76034036957402,NA,NA,80,NA,NA,NA,NA,NA,NA,NA,NA,NA,NA,TRUE,0.00013762359454349,2.458379,21963517,21963548,NA
"IHT","IHT eta=0.5/L, T=50",18,21960517,3,0.629440972818195,0.492242385733051,0.0353332410676009,6.88117972717451e-05,0.5,NA,NA,50,NA,NA,NA,11,NA,NA,NA,NA,NA,NA,11,NA,NA,NA,NA,NA,NA,NA,NA,NA,NA,TRUE,0.00013762359454349,2.458379,21963517,21963518,NA
"LASSO","LASSO cv.glmnet lambda.min",18,21960517,3,0.602548483518758,0.455602693815358,0.116001984163982,NA,NA,NA,NA,NA,NA,NA,2.42305055500048,11,NA,NA,NA,NA,NA,NA,11,NA,NA,NA,NA,NA,NA,NA,NA,NA,NA,TRUE,0.00013762359454349,2.458379,21963517,21963518,NA
"Shrinkage","Shrinkage tau_x_q=0.99, tau_y_q=0.98",18,21960517,3,0.968656937852849,0.717976517531371,-1.28458479195443,NA,NA,NA,NA,NA,NA,NA,0.133308298100081,11,NA,0.99,0.98,NA,26.5904421304218,2.92481616,56,NA,NA,NA,NA,NA,NA,NA,NA,NA,NA,TRUE,0.00013762359454349,2.458379,21963517,21963558,NA
"TS-RIGHT-TUNED","TS tuned K1cap in {2,5,15,25}, T1=50, T2=4, eta=0.5/L",18,21960517,3,0.589092993389546,0.46504008363946,0.155042219573953,6.88117972717451e-05,0.5,0.4,25,NA,50,4,NA,11,NA,NA,NA,NA,NA,NA,11,252,167,41,25,31,73,2,7,10.08,20.5,TRUE,0.00013762359454349,2.458379,21963517,21963518,21963738
"Adaptive Huber","Adaptive Huber tau_q=0.99",18,21960517,4,1.06998651739064,0.582395893195582,0.203732288843345,NA,NA,NA,NA,NA,NA,NA,0.119073722730263,9,0.99,NA,NA,3.2359366806899,NA,NA,80,NA,NA,NA,NA,NA,NA,NA,NA,NA,NA,TRUE,0.000138579458470411,2.477898,21964517,21964548,NA
"IHT","IHT eta=0.5/L, T=50",18,21960517,4,1.03328730083966,0.573251360419417,0.257417554136636,6.92897292352053e-05,0.5,NA,NA,50,NA,NA,NA,9,NA,NA,NA,NA,NA,NA,9,NA,NA,NA,NA,NA,NA,NA,NA,NA,NA,TRUE,0.000138579458470411,2.477898,21964517,21964518,NA
"LASSO","LASSO cv.glmnet lambda.min",18,21960517,4,1.07691895085218,0.543826561838756,0.193380840320021,NA,NA,NA,NA,NA,NA,NA,2.4487657639568,9,NA,NA,NA,NA,NA,NA,9,NA,NA,NA,NA,NA,NA,NA,NA,NA,NA,TRUE,0.000138579458470411,2.477898,21964517,21964518,NA
"Shrinkage","Shrinkage tau_x_q=0.99, tau_y_q=0.98",18,21960517,4,1.16603460143914,0.693704732549765,0.0543610090901294,NA,NA,NA,NA,NA,NA,NA,0.126422971202035,9,NA,0.99,0.98,NA,25.9003809138599,2.77956388,58,NA,NA,NA,NA,NA,NA,NA,NA,NA,NA,TRUE,0.000138579458470411,2.477898,21964517,21964558,NA
"TS-RIGHT-TUNED","TS tuned K1cap in {2,5,15,25}, T1=50, T2=4, eta=0.5/L",18,21960517,4,1.02812632825487,0.579148341315536,0.264816999877679,6.92897292352053e-05,0.5,0.4,2,NA,50,4,NA,9,NA,NA,NA,NA,NA,NA,9,252,167,41,2,31,59,2,7,126,20.5,TRUE,0.000138579458470411,2.477898,21964517,21964518,21964738
"Adaptive Huber","Adaptive Huber tau_q=0.99",18,21960517,5,0.907161868268332,0.56033173491707,0.189939840341475,NA,NA,NA,NA,NA,NA,NA,0.126909266368594,18,0.99,NA,NA,3.01479765625645,NA,NA,67,NA,NA,NA,NA,NA,NA,NA,NA,NA,NA,TRUE,0.000128735692744257,2.455474,21965517,21965548,NA
"IHT","IHT eta=0.5/L, T=50",18,21960517,5,0.884326589584773,0.572377217110467,0.230208579366571,6.43678463721284e-05,0.5,NA,NA,50,NA,NA,NA,18,NA,NA,NA,NA,NA,NA,18,NA,NA,NA,NA,NA,NA,NA,NA,NA,NA,TRUE,0.000128735692744257,2.455474,21965517,21965518,NA
"LASSO","LASSO cv.glmnet lambda.min",18,21960517,5,0.900683868242693,0.570358793799069,0.201467735404544,NA,NA,NA,NA,NA,NA,NA,1.3608064649642,18,NA,NA,NA,NA,NA,NA,18,NA,NA,NA,NA,NA,NA,NA,NA,NA,NA,TRUE,0.000128735692744257,2.455474,21965517,21965518,NA
"Shrinkage","Shrinkage tau_x_q=0.99, tau_y_q=0.98",18,21960517,5,1.04231636026562,0.659990124850047,-0.069416323369889,NA,NA,NA,NA,NA,NA,NA,0.139376466618199,18,NA,0.99,0.98,NA,26.6291137504356,2.66403246,56,NA,NA,NA,NA,NA,NA,NA,NA,NA,NA,TRUE,0.000128735692744257,2.455474,21965517,21965558,NA
"TS-RIGHT-TUNED","TS tuned K1cap in {2,5,15,25}, T1=50, T2=4, eta=0.5/L",18,21960517,5,0.907396812235124,0.576878119214772,0.189520194412701,6.43678463721284e-05,0.5,0.4,15,NA,50,4,NA,18,NA,NA,NA,NA,NA,NA,18,252,168,42,15,31,118,2,7,16.8,21,TRUE,0.000128735692744257,2.455474,21965517,21965518,21965738
"Adaptive Huber","Adaptive Huber tau_q=0.99",19,22060517,1,0.976344538662625,0.611778184625788,0.292649360749343,NA,NA,NA,NA,NA,NA,NA,0.106949628720645,8,0.99,NA,NA,2.82639502690009,NA,NA,86,NA,NA,NA,NA,NA,NA,NA,NA,NA,NA,TRUE,0.000139529197520093,2.477898,22061517,22061548,NA
"IHT","IHT eta=0.5/L, T=50",19,22060517,1,1.01011960074508,0.602444025931244,0.242863567289155,6.97645987600463e-05,0.5,NA,NA,50,NA,NA,NA,8,NA,NA,NA,NA,NA,NA,8,NA,NA,NA,NA,NA,NA,NA,NA,NA,NA,TRUE,0.000139529197520093,2.477898,22061517,22061518,NA
"LASSO","LASSO cv.glmnet lambda.min",19,22060517,1,1.02977611327048,0.601037709127061,0.213109730209927,NA,NA,NA,NA,NA,NA,NA,2.41387421030022,8,NA,NA,NA,NA,NA,NA,8,NA,NA,NA,NA,NA,NA,NA,NA,NA,NA,TRUE,0.000139529197520093,2.477898,22061517,22061518,NA
"Shrinkage","Shrinkage tau_x_q=0.99, tau_y_q=0.98",19,22060517,1,1.08959539439583,0.670995951991761,0.119034166608508,NA,NA,NA,NA,NA,NA,NA,0.227900270151249,8,NA,0.99,0.98,NA,26.3014833301197,2.77956388,33,NA,NA,NA,NA,NA,NA,NA,NA,NA,NA,TRUE,0.000139529197520093,2.477898,22061517,22061558,NA
"TS-RIGHT-TUNED","TS tuned K1cap in {2,5,15,25}, T1=50, T2=4, eta=0.5/L",19,22060517,1,1.01665648550938,0.617155205532948,0.233032398595893,6.97645987600463e-05,0.5,0.4,2,NA,50,4,NA,8,NA,NA,NA,NA,NA,NA,8,252,167,41,2,31,53,2,7,126,20.5,TRUE,0.000139529197520093,2.477898,22061517,22061518,22061738
"Adaptive Huber","Adaptive Huber tau_q=0.99",19,22060517,2,0.924855894151509,0.625329066316256,0.184800169291369,NA,NA,NA,NA,NA,NA,NA,0.137550847596426,13,0.99,NA,NA,3.21528811421889,NA,NA,71,NA,NA,NA,NA,NA,NA,NA,NA,NA,NA,TRUE,0.000136876393588047,2.469354,22062517,22062548,NA
"IHT","IHT eta=0.5/L, T=50",19,22060517,2,0.880648134220984,0.599970403601252,0.260870081376359,6.84381967940237e-05,0.5,NA,NA,50,NA,NA,NA,13,NA,NA,NA,NA,NA,NA,13,NA,NA,NA,NA,NA,NA,NA,NA,NA,NA,TRUE,0.000136876393588047,2.469354,22062517,22062518,NA
"LASSO","LASSO cv.glmnet lambda.min",19,22060517,2,0.880425512453996,0.580296994243447,0.26124372802143,NA,NA,NA,NA,NA,NA,NA,1.8611286823191,13,NA,NA,NA,NA,NA,NA,13,NA,NA,NA,NA,NA,NA,NA,NA,NA,NA,TRUE,0.000136876393588047,2.469354,22062517,22062518,NA
"Shrinkage","Shrinkage tau_x_q=0.99, tau_y_q=0.98",19,22060517,2,1.12054790503014,0.775829367148941,-0.196676601512644,NA,NA,NA,NA,NA,NA,NA,0.0924465467718,13,NA,0.99,0.98,NA,25.9592497413943,2.26351667999999,66,NA,NA,NA,NA,NA,NA,NA,NA,NA,NA,TRUE,0.000136876393588047,2.469354,22062517,22062558,NA
"TS-RIGHT-TUNED","TS tuned K1cap in {2,5,15,25}, T1=50, T2=4, eta=0.5/L",19,22060517,2,0.872054457367169,0.598129763246661,0.275225081191279,6.84381967940237e-05,0.5,0.4,2,NA,50,4,NA,13,NA,NA,NA,NA,NA,NA,13,252,167,41,2,31,86,2,7,126,20.5,TRUE,0.000136876393588047,2.469354,22062517,22062518,22062738
"Adaptive Huber","Adaptive Huber tau_q=0.99",19,22060517,3,0.728125783173312,0.549033823443668,-0.0618982097656453,NA,NA,NA,NA,NA,NA,NA,0.12645774035854,33,0.99,NA,NA,3.24757073382017,NA,NA,75,NA,NA,NA,NA,NA,NA,NA,NA,NA,NA,TRUE,0.000140253606058634,2.471426,22063517,22063548,NA
"IHT","IHT eta=0.5/L, T=50",19,22060517,3,0.750489591672017,0.557354143073357,-0.128130695015894,7.01268030293172e-05,0.5,NA,NA,50,NA,NA,NA,33,NA,NA,NA,NA,NA,NA,33,NA,NA,NA,NA,NA,NA,NA,NA,NA,NA,TRUE,0.000140253606058634,2.471426,22063517,22063518,NA
"LASSO","LASSO cv.glmnet lambda.min",19,22060517,3,0.738787776686024,0.55270605894247,-0.0932247913210296,NA,NA,NA,NA,NA,NA,NA,0.707001222454013,33,NA,NA,NA,NA,NA,NA,33,NA,NA,NA,NA,NA,NA,NA,NA,NA,NA,TRUE,0.000140253606058634,2.471426,22063517,22063518,NA
"Shrinkage","Shrinkage tau_x_q=0.99, tau_y_q=0.98",19,22060517,3,0.798455577829959,0.601933305713596,-0.27694322195334,NA,NA,NA,NA,NA,NA,NA,0.159036789392624,33,NA,0.99,0.98,NA,26.1214051410134,3.00945091999999,47,NA,NA,NA,NA,NA,NA,NA,NA,NA,NA,TRUE,0.000140253606058634,2.471426,22063517,22063558,NA
"TS-RIGHT-TUNED","TS tuned K1cap in {2,5,15,25}, T1=50, T2=4, eta=0.5/L",19,22060517,3,0.67881855921729,0.496112788321237,0.0770514662277706,7.01268030293172e-05,0.5,0.4,15,NA,50,4,NA,33,NA,NA,NA,NA,NA,NA,33,252,167,41,15,31,217,2,7,16.8,20.5,TRUE,0.000140253606058634,2.471426,22063517,22063518,22063738
"Adaptive Huber","Adaptive Huber tau_q=0.99",19,22060517,4,0.83490691820174,0.527700501309527,0.232591888326619,NA,NA,NA,NA,NA,NA,NA,0.146415530101558,35,0.99,NA,NA,2.70348094764844,NA,NA,68,NA,NA,NA,NA,NA,NA,NA,NA,NA,NA,TRUE,0.00012799670576375,2.458379,22064517,22064548,NA
"IHT","IHT eta=0.5/L, T=50",19,22060517,4,0.781881599836498,0.494272692693605,0.32697336480284,6.39983528818748e-05,0.5,NA,NA,50,NA,NA,NA,35,NA,NA,NA,NA,NA,NA,35,NA,NA,NA,NA,NA,NA,NA,NA,NA,NA,TRUE,0.00012799670576375,2.458379,22064517,22064518,NA
"LASSO","LASSO cv.glmnet lambda.min",19,22060517,4,0.790624316034058,0.51209204749615,0.311838137949536,NA,NA,NA,NA,NA,NA,NA,0.514092999053318,35,NA,NA,NA,NA,NA,NA,35,NA,NA,NA,NA,NA,NA,NA,NA,NA,NA,TRUE,0.00012799670576375,2.458379,22064517,22064518,NA
"Shrinkage","Shrinkage tau_x_q=0.99, tau_y_q=0.98",19,22060517,4,0.938727900734961,0.630962672564512,0.0298704837310946,NA,NA,NA,NA,NA,NA,NA,0.134052271586926,35,NA,0.99,0.98,NA,27.4424452377806,2.76004488,56,NA,NA,NA,NA,NA,NA,NA,NA,NA,NA,TRUE,0.00012799670576375,2.458379,22064517,22064558,NA
"TS-RIGHT-TUNED","TS tuned K1cap in {2,5,15,25}, T1=50, T2=4, eta=0.5/L",19,22060517,4,0.785940911270524,0.490067701145337,0.319966890493113,6.39983528818748e-05,0.5,0.4,2,NA,50,4,NA,35,NA,NA,NA,NA,NA,NA,35,252,167,41,2,31,230,2,7,126,20.5,TRUE,0.00012799670576375,2.458379,22064517,22064518,22064738
"Adaptive Huber","Adaptive Huber tau_q=0.99",19,22060517,5,0.838638338738075,0.507027944008059,0.233942017895603,NA,NA,NA,NA,NA,NA,NA,0.128728772281279,46,0.99,NA,NA,2.68220837467676,NA,NA,65,NA,NA,NA,NA,NA,NA,NA,NA,NA,NA,TRUE,0.000133947082191643,2.460678,22065517,22065548,NA
"IHT","IHT eta=0.5/L, T=50",19,22060517,5,0.858862777194087,0.497838635774982,0.196548290502646,6.69735410958215e-05,0.5,NA,NA,50,NA,NA,NA,46,NA,NA,NA,NA,NA,NA,46,NA,NA,NA,NA,NA,NA,NA,NA,NA,NA,TRUE,0.000133947082191643,2.460678,22065517,22065518,NA
"LASSO","LASSO cv.glmnet lambda.min",19,22060517,5,0.876932282360402,0.51879999341919,0.162385217840304,NA,NA,NA,NA,NA,NA,NA,0.311540140290203,46,NA,NA,NA,NA,NA,NA,46,NA,NA,NA,NA,NA,NA,NA,NA,NA,NA,TRUE,0.000133947082191643,2.460678,22065517,22065518,NA
"Shrinkage","Shrinkage tau_x_q=0.99, tau_y_q=0.98",19,22060517,5,0.820020958657396,0.518807323181321,0.267576749751258,NA,NA,NA,NA,NA,NA,NA,0.190057338831697,46,NA,0.99,0.98,NA,27.2372699980665,2.75948304,49,NA,NA,NA,NA,NA,NA,NA,NA,NA,NA,TRUE,0.000133947082191643,2.460678,22065517,22065558,NA
"TS-RIGHT-TUNED","TS tuned K1cap in {2,5,15,25}, T1=50, T2=4, eta=0.5/L",19,22060517,5,0.812679078217776,0.47470389712626,0.28063322433294,6.69735410958215e-05,0.5,0.4,5,NA,50,4,NA,46,NA,NA,NA,NA,NA,NA,46,252,168,42,5,31,302,2,7,50.4,21,TRUE,0.000133947082191643,2.460678,22065517,22065518,22065738
"Adaptive Huber","Adaptive Huber tau_q=0.99",20,22160517,1,0.786405055851158,0.541031622549427,0.367133547996502,NA,NA,NA,NA,NA,NA,NA,0.102793712929482,24,0.99,NA,NA,3.21935384986727,NA,NA,91,NA,NA,NA,NA,NA,NA,NA,NA,NA,NA,TRUE,0.000134414006354913,2.424547,22161517,22161548,NA
"IHT","IHT eta=0.5/L, T=50",20,22160517,1,0.774777931943519,0.549539897166433,0.385709265228789,6.72070031774563e-05,0.5,NA,NA,50,NA,NA,NA,24,NA,NA,NA,NA,NA,NA,24,NA,NA,NA,NA,NA,NA,NA,NA,NA,NA,TRUE,0.000134414006354913,2.424547,22161517,22161518,NA
"LASSO","LASSO cv.glmnet lambda.min",20,22160517,1,0.772104355267714,0.542782717405823,0.389941496491858,NA,NA,NA,NA,NA,NA,NA,0.833791497684474,24,NA,NA,NA,NA,NA,NA,24,NA,NA,NA,NA,NA,NA,NA,NA,NA,NA,TRUE,0.000134414006354913,2.424547,22161517,22161518,NA
"Shrinkage","Shrinkage tau_x_q=0.99, tau_y_q=0.98",20,22160517,1,0.804343957384555,0.502846407981254,0.33793125264018,NA,NA,NA,NA,NA,NA,NA,0.173260453946456,24,NA,0.99,0.98,NA,26.9886044463446,2.341816,41,NA,NA,NA,NA,NA,NA,NA,NA,NA,NA,TRUE,0.000134414006354913,2.424547,22161517,22161558,NA
"TS-RIGHT-TUNED","TS tuned K1cap in {2,5,15,25}, T1=50, T2=4, eta=0.5/L",20,22160517,1,0.782406151587638,0.549006198672891,0.373553490976432,6.72070031774563e-05,0.5,0.4,2,NA,50,4,NA,24,NA,NA,NA,NA,NA,NA,24,252,167,41,2,31,158,2,7,126,20.5,TRUE,0.000134414006354913,2.424547,22161517,22161518,22161738
"Adaptive Huber","Adaptive Huber tau_q=0.99",20,22160517,2,0.741348132291901,0.504116342826321,0.142294044035067,NA,NA,NA,NA,NA,NA,NA,0.133282437384232,11,0.99,NA,NA,3.26952713890676,NA,NA,73,NA,NA,NA,NA,NA,NA,NA,NA,NA,NA,TRUE,0.000130510958004458,2.477898,22162517,22162548,NA
"IHT","IHT eta=0.5/L, T=50",20,22160517,2,0.775656862022589,0.5218917694298,0.0610697996890585,6.5255479002229e-05,0.5,NA,NA,50,NA,NA,NA,11,NA,NA,NA,NA,NA,NA,11,NA,NA,NA,NA,NA,NA,NA,NA,NA,NA,TRUE,0.000130510958004458,2.477898,22162517,22162518,NA
"LASSO","LASSO cv.glmnet lambda.min",20,22160517,2,0.766839536590637,0.508275850201423,0.0822951594062253,NA,NA,NA,NA,NA,NA,NA,1.97920189431502,11,NA,NA,NA,NA,NA,NA,11,NA,NA,NA,NA,NA,NA,NA,NA,NA,NA,TRUE,0.000130510958004458,2.477898,22162517,22162518,NA
"Shrinkage","Shrinkage tau_x_q=0.99, tau_y_q=0.98",20,22160517,2,0.924897746117943,0.63082939097006,-0.335000635893933,NA,NA,NA,NA,NA,NA,NA,0.160373500108225,11,NA,0.99,0.98,NA,26.5766174259578,2.77956388,47,NA,NA,NA,NA,NA,NA,NA,NA,NA,NA,TRUE,0.000130510958004458,2.477898,22162517,22162558,NA
"TS-RIGHT-TUNED","TS tuned K1cap in {2,5,15,25}, T1=50, T2=4, eta=0.5/L",20,22160517,2,0.691492217406523,0.462587174667733,0.253777012344977,6.5255479002229e-05,0.5,0.4,15,NA,50,4,NA,11,NA,NA,NA,NA,NA,NA,11,252,167,41,15,31,73,2,7,16.8,20.5,TRUE,0.000130510958004458,2.477898,22162517,22162518,22162738
"Adaptive Huber","Adaptive Huber tau_q=0.99",20,22160517,3,1.07081750898073,0.664377432803574,0.278904215114225,NA,NA,NA,NA,NA,NA,NA,0.1173823938961,17,0.99,NA,NA,2.86198938161533,NA,NA,76,NA,NA,NA,NA,NA,NA,NA,NA,NA,NA,TRUE,0.000130950928996325,2.446731,22163517,22163548,NA
"IHT","IHT eta=0.5/L, T=50",20,22160517,3,1.06646188992492,0.636850955713828,0.284758491449374,6.54754644981626e-05,0.5,NA,NA,50,NA,NA,NA,17,NA,NA,NA,NA,NA,NA,17,NA,NA,NA,NA,NA,NA,NA,NA,NA,NA,TRUE,0.000130950928996325,2.446731,22163517,22163518,NA
"LASSO","LASSO cv.glmnet lambda.min",20,22160517,3,1.08961157054178,0.630258445501125,0.253369989651235,NA,NA,NA,NA,NA,NA,NA,1.1468376764811,17,NA,NA,NA,NA,NA,NA,17,NA,NA,NA,NA,NA,NA,NA,NA,NA,NA,TRUE,0.000130950928996325,2.446731,22163517,22163518,NA
"Shrinkage","Shrinkage tau_x_q=0.99, tau_y_q=0.98",20,22160517,3,1.139015190478,0.646828324176639,0.184129816920165,NA,NA,NA,NA,NA,NA,NA,0.662045222874989,17,NA,0.99,0.98,NA,26.5246513542803,2.14513268,6,NA,NA,NA,NA,NA,NA,NA,NA,NA,NA,TRUE,0.000130950928996325,2.446731,22163517,22163558,NA
"TS-RIGHT-TUNED","TS tuned K1cap in {2,5,15,25}, T1=50, T2=4, eta=0.5/L",20,22160517,3,1.06142707675083,0.633884941094794,0.291495922784216,6.54754644981626e-05,0.5,0.4,2,NA,50,4,NA,17,NA,NA,NA,NA,NA,NA,17,252,167,41,2,31,112,2,7,126,20.5,TRUE,0.000130950928996325,2.446731,22163517,22163518,22163738
"Adaptive Huber","Adaptive Huber tau_q=0.99",20,22160517,4,0.97658342307617,0.543334787294931,0.194035142785278,NA,NA,NA,NA,NA,NA,NA,0.12817482053515,38,0.99,NA,NA,2.52945347720243,NA,NA,67,NA,NA,NA,NA,NA,NA,NA,NA,NA,NA,TRUE,0.000141820976654784,2.475555,22164517,22164548,NA
"IHT","IHT eta=0.5/L, T=50",20,22160517,4,0.944457850350488,0.539220721768322,0.246188825900881,7.0910488327392e-05,0.5,NA,NA,50,NA,NA,NA,38,NA,NA,NA,NA,NA,NA,38,NA,NA,NA,NA,NA,NA,NA,NA,NA,NA,TRUE,0.000141820976654784,2.475555,22164517,22164518,NA
"LASSO","LASSO cv.glmnet lambda.min",20,22160517,4,0.955020898173259,0.546568526915032,0.229232916230102,NA,NA,NA,NA,NA,NA,NA,0.391427381785,38,NA,NA,NA,NA,NA,NA,38,NA,NA,NA,NA,NA,NA,NA,NA,NA,NA,TRUE,0.000141820976654784,2.475555,22164517,22164518,NA
"Shrinkage","Shrinkage tau_x_q=0.99, tau_y_q=0.98",20,22160517,4,1.08192515605134,0.641776263211413,0.0107823722765298,NA,NA,NA,NA,NA,NA,NA,0.193707263758941,38,NA,0.99,0.98,NA,25.3848533973265,2.77722088,40,NA,NA,NA,NA,NA,NA,NA,NA,NA,NA,TRUE,0.000141820976654784,2.475555,22164517,22164558,NA
"TS-RIGHT-TUNED","TS tuned K1cap in {2,5,15,25}, T1=50, T2=4, eta=0.5/L",20,22160517,4,0.951985157024312,0.536852529964051,0.234125229052752,7.0910488327392e-05,0.5,0.4,2,NA,50,4,NA,38,NA,NA,NA,NA,NA,NA,38,252,167,41,2,31,249,2,7,126,20.5,TRUE,0.000141820976654784,2.475555,22164517,22164518,22164738
"Adaptive Huber","Adaptive Huber tau_q=0.99",20,22160517,5,0.741115188424371,0.553594663750484,-0.626667011468978,NA,NA,NA,NA,NA,NA,NA,0.148117568099984,61,0.99,NA,NA,2.66389579259671,NA,NA,61,NA,NA,NA,NA,NA,NA,NA,NA,NA,NA,TRUE,0.000127037457651302,2.485303,22165517,22165548,NA
"IHT","IHT eta=0.5/L, T=50",20,22160517,5,0.680674447169336,0.507120966807707,-0.372164332773801,6.35187288256512e-05,0.5,NA,NA,50,NA,NA,NA,61,NA,NA,NA,NA,NA,NA,61,NA,NA,NA,NA,NA,NA,NA,NA,NA,NA,TRUE,0.000127037457651302,2.485303,22165517,22165518,NA
"LASSO","LASSO cv.glmnet lambda.min",20,22160517,5,0.770268482163773,0.567456318999666,-0.757160723683906,NA,NA,NA,NA,NA,NA,NA,0.195802708082089,61,NA,NA,NA,NA,NA,NA,61,NA,NA,NA,NA,NA,NA,NA,NA,NA,NA,TRUE,0.000127037457651302,2.485303,22165517,22165518,NA
"Shrinkage","Shrinkage tau_x_q=0.99, tau_y_q=0.98",20,22160517,5,0.868512489529164,0.670368164719993,-1.23398044915131,NA,NA,NA,NA,NA,NA,NA,0.17313472245933,61,NA,0.99,0.98,NA,27.9719650486218,3.13469454,53,NA,NA,NA,NA,NA,NA,NA,NA,NA,NA,TRUE,0.000127037457651302,2.485303,22165517,22165558,NA
"TS-RIGHT-TUNED","TS tuned K1cap in {2,5,15,25}, T1=50, T2=4, eta=0.5/L",20,22160517,5,0.606235077690652,0.492881578843861,-0.0884521840864332,6.35187288256512e-05,0.5,0.4,25,NA,50,4,NA,61,NA,NA,NA,NA,NA,NA,61,252,168,42,25,31,400,2,7,10.08,21,TRUE,0.000127037457651302,2.485303,22165517,22165518,22165738
