"model","rep_id","radius_id","radius","cand_id","K_name","regime","multiplier","K","block_size","q_top","topq_error","l2_error","linf_error","ref_grad_norm"
"linear",1,1,4,1,"K1_global","global",1,160,12,125,13.4741421264287,14.5468909282983,8.58246491144739,20
"linear",1,1,4,1,"K2_c10","local",10,64,31,125,13.7691303135694,15.8390801202202,7.08916458429734,20
"linear",1,1,4,1,"K2_c12","local",12,77,25,125,14.2243873285815,15.8059431838144,7.85421392971928,20
"linear",1,1,4,1,"K2_c14","local",14,90,22,125,13.9183786672008,15.2930015035317,7.64656475746888,20
"linear",1,1,4,2,"K1_global","global",1,160,12,125,13.9734050975445,14.6958132899048,6.23501449986662,20
"linear",1,1,4,2,"K2_c10","local",10,64,31,125,14.2545889749184,15.6535996684317,5.81358855854539,20
"linear",1,1,4,2,"K2_c12","local",12,77,25,125,14.2238869779792,15.5307017882711,5.97027915529276,20
"linear",1,1,4,2,"K2_c14","local",14,90,22,125,13.8699553691453,15.0479408049996,6.50939093865655,20
"linear",1,1,4,3,"K1_global","global",1,160,12,125,13.4626816057545,14.3836953724635,8.64958360122956,20
"linear",1,1,4,3,"K2_c10","local",10,64,31,125,14.4860438380698,15.9241892390151,8.59573306268796,20
"linear",1,1,4,3,"K2_c12","local",12,77,25,125,14.2825277724118,15.6432319624561,8.77323698782597,20
"linear",1,1,4,3,"K2_c14","local",14,90,22,125,14.4194797086444,15.655786233803,8.97186387860833,20
"linear",1,1,4,4,"K1_global","global",1,160,12,125,13.8639032082365,14.856830855112,9.07729827284046,20
"linear",1,1,4,4,"K2_c10","local",10,64,31,125,13.8159703807016,15.5412528807966,7.63536177801907,20
"linear",1,1,4,4,"K2_c12","local",12,77,25,125,13.6106959541923,15.1940897760976,7.76050498752427,20
"linear",1,1,4,4,"K2_c14","local",14,90,22,125,13.2785684859739,14.7781287268764,7.87418876597349,20
"linear",1,1,4,5,"K1_global","global",1,160,12,125,13.8682436763915,14.6740738907158,6.67578032824366,20
"linear",1,1,4,5,"K2_c10","local",10,64,31,125,13.7395674894145,15.4987263885047,4.85233559681775,20
"linear",1,1,4,5,"K2_c12","local",12,77,25,125,14.1849752194306,15.7007215490521,5.74469824108013,20
"linear",1,1,4,5,"K2_c14","local",14,90,22,125,14.3665280822654,15.5175509314595,6.17304339153544,20
"linear",1,1,4,6,"K1_global","global",1,160,12,125,13.4722328912301,14.3809048849091,7.1648896085303,20
"linear",1,1,4,6,"K2_c10","local",10,64,31,125,13.3869336484714,15.2293538412906,5.07225356607432,20
"linear",1,1,4,6,"K2_c12","local",12,77,25,125,13.524144594736,15.3509708768157,5.14825786010779,20
"linear",1,1,4,6,"K2_c14","local",14,90,22,125,13.2213263183958,14.6366188488527,6.30839705123896,20
"linear",1,1,4,7,"K1_global","global",1,160,12,125,13.4768382456935,14.4406683295217,7.42387959566389,20
"linear",1,1,4,7,"K2_c10","local",10,64,31,125,13.9794354149184,15.66979227576,7.01865428555912,20
"linear",1,1,4,7,"K2_c12","local",12,77,25,125,13.7000462260411,15.1040669829415,7.00931351772253,20
"linear",1,1,4,7,"K2_c14","local",14,90,22,125,13.8716513909505,15.2209763304992,7.18957477514736,20
"linear",1,1,4,8,"K1_global","global",1,160,12,125,14.2560246866542,15.0646484186816,8.57134860474857,20
"linear",1,1,4,8,"K2_c10","local",10,64,31,125,14.0790380730891,15.6053051187565,7.05903027351887,20
"linear",1,1,4,8,"K2_c12","local",12,77,25,125,14.3603492872884,15.7660585964779,7.05803591027999,20
"linear",1,1,4,8,"K2_c14","local",14,90,22,125,14.181016599009,15.2279027530384,7.97754941146391,20
"linear",1,1,4,9,"K1_global","global",1,160,12,125,13.8045385092491,14.6862883670544,8.71441412906167,20
"linear",1,1,4,9,"K2_c10","local",10,64,31,125,13.3524597939368,14.9778315946269,7.05202200645888,20
"linear",1,1,4,9,"K2_c12","local",12,77,25,125,13.7442051799235,15.207479855797,7.64491589573592,20
"linear",1,1,4,9,"K2_c14","local",14,90,22,125,12.8220482666806,14.115725715841,7.80282134582283,20
"linear",1,1,4,10,"K1_global","global",1,160,12,125,13.6036786381052,14.6486895274912,6.5311943796572,20
"linear",1,1,4,10,"K2_c10","local",10,64,31,125,14.2631811397082,16.160040828083,5.17228488591299,20
"linear",1,1,4,10,"K2_c12","local",12,77,25,125,14.5322731662642,16.4424598895297,5.88527437737846,20
"linear",1,1,4,10,"K2_c14","local",14,90,22,125,14.4159985529501,15.9995578098401,6.49045329433028,20
"linear",1,1,4,11,"K1_global","global",1,160,12,125,14.1473508185665,15.0613158787162,6.54936232422731,20
"linear",1,1,4,11,"K2_c10","local",10,64,31,125,14.9857115948957,16.4428595075968,6.00268012844006,20
"linear",1,1,4,11,"K2_c12","local",12,77,25,125,15.446070196614,16.9497851620601,6.08396658695381,20
"linear",1,1,4,11,"K2_c14","local",14,90,22,125,14.7761512165407,16.2054605862194,6.1063952776662,20
"linear",1,1,4,12,"K1_global","global",1,160,12,125,13.9566882973258,14.7819490680466,7.54558631831918,20
"linear",1,1,4,12,"K2_c10","local",10,64,31,125,13.7905432154958,15.2069228216563,6.84199769025308,20
"linear",1,1,4,12,"K2_c12","local",12,77,25,125,14.0457506284211,15.3222799474375,7.3871255294815,20
"linear",1,1,4,12,"K2_c14","local",14,90,22,125,14.0933832406498,15.0919791736898,7.51078408597996,20
"linear",1,2,2,1,"K1_global","global",1,160,12,125,7.24622727256864,7.83170797402593,3.34548036764687,10
"linear",1,2,2,1,"K2_c10","local",10,64,31,125,7.41045642725472,8.41991183164704,2.46142391091924,10
"linear",1,2,2,1,"K2_c12","local",12,77,25,125,7.83731214009381,8.78913463137792,3.01007012258476,10
"linear",1,2,2,1,"K2_c14","local",14,90,22,125,7.28308483214993,8.02347107563226,3.15964223181629,10
"linear",1,2,2,2,"K1_global","global",1,160,12,125,7.19956549888339,7.76145624372293,4.12681967440369,10
"linear",1,2,2,2,"K2_c10","local",10,64,31,125,7.67370650340043,8.63972501207083,3.42358111937297,10
"linear",1,2,2,2,"K2_c12","local",12,77,25,125,7.81123343213399,8.7276358193206,3.54537647480964,10
"linear",1,2,2,2,"K2_c14","local",14,90,22,125,7.2042744002602,8.07273838792725,3.32833985527626,10
"linear",1,2,2,3,"K1_global","global",1,160,12,125,7.18883894234244,7.67988591336939,3.57332332905761,10
"linear",1,2,2,3,"K2_c10","local",10,64,31,125,7.54764828169347,8.55176292075001,3.02265520544719,10
"linear",1,2,2,3,"K2_c12","local",12,77,25,125,7.43507408362553,8.33084778984313,3.28415972937737,10
"linear",1,2,2,3,"K2_c14","local",14,90,22,125,7.17869727609564,7.90163701275051,3.28789136500274,10
"linear",1,2,2,4,"K1_global","global",1,160,12,125,7.72698506588129,8.29025331546727,3.88450854736257,10
"linear",1,2,2,4,"K2_c10","local",10,64,31,125,8.0587382169058,9.21615454435875,3.30458180589727,10
"linear",1,2,2,4,"K2_c12","local",12,77,25,125,8.37924510843228,9.23178516037382,3.83095289484766,10
"linear",1,2,2,4,"K2_c14","local",14,90,22,125,7.68216968338028,8.4472826854874,3.7145320261199,10
"linear",1,2,2,5,"K1_global","global",1,160,12,125,7.10489588535845,7.67386048984475,3.59009795045533,10
"linear",1,2,2,5,"K2_c10","local",10,64,31,125,7.74710910257505,8.69501559965826,3.64091918024963,10
"linear",1,2,2,5,"K2_c12","local",12,77,25,125,7.85335103667984,8.75172187783974,3.83185819322805,10
"linear",1,2,2,5,"K2_c14","local",14,90,22,125,7.5237023090689,8.4233358231592,3.75531227311065,10
"linear",1,2,2,6,"K1_global","global",1,160,12,125,7.43353052832169,8.08222573315801,3.59868564920659,10
"linear",1,2,2,6,"K2_c10","local",10,64,31,125,7.59977653347082,8.56544369582433,3.29317121751264,10
"linear",1,2,2,6,"K2_c12","local",12,77,25,125,7.37706426394497,8.35713694694751,3.13523031261676,10
"linear",1,2,2,6,"K2_c14","local",14,90,22,125,7.43686418349691,8.26278414740385,3.5699996884757,10
"linear",1,2,2,7,"K1_global","global",1,160,12,125,7.32511339740746,7.93641517810461,3.27741719268591,10
"linear",1,2,2,7,"K2_c10","local",10,64,31,125,7.71681359950226,8.83309892654761,2.58819890013569,10
"linear",1,2,2,7,"K2_c12","local",12,77,25,125,7.51198393278467,8.51209683328656,2.52554724425152,10
"linear",1,2,2,7,"K2_c14","local",14,90,22,125,7.35093393248814,8.31421526328166,2.68289258282452,10
"linear",1,2,2,8,"K1_global","global",1,160,12,125,7.48805729523099,8.02325399985089,3.99721473018487,10
"linear",1,2,2,8,"K2_c10","local",10,64,31,125,7.77553856869569,8.74482839663464,3.76172897344998,10
"linear",1,2,2,8,"K2_c12","local",12,77,25,125,7.83416917643104,8.83348879842087,3.619159841485,10
"linear",1,2,2,8,"K2_c14","local",14,90,22,125,7.46714289475364,8.32892550069547,3.62715585926881,10
"linear",1,2,2,9,"K1_global","global",1,160,12,125,7.32346034742495,7.82211839510422,3.80224148879819,10
"linear",1,2,2,9,"K2_c10","local",10,64,31,125,7.55208636566562,8.66436302037106,2.87407052803804,10
"linear",1,2,2,9,"K2_c12","local",12,77,25,125,7.47742373972476,8.44129332289071,3.15859100501556,10
"linear",1,2,2,9,"K2_c14","local",14,90,22,125,7.59020832764833,8.38409259806162,3.90246900660693,10
"linear",1,2,2,10,"K1_global","global",1,160,12,125,7.1924207822674,7.67315628766355,3.08644013389846,10
"linear",1,2,2,10,"K2_c10","local",10,64,31,125,7.66494117827412,8.76951776224165,2.62036039295464,10
"linear",1,2,2,10,"K2_c12","local",12,77,25,125,7.84701185577706,8.85249956322827,2.81012745756976,10
"linear",1,2,2,10,"K2_c14","local",14,90,22,125,7.32371927234823,8.07865120241516,2.98979658892955,10
"linear",1,2,2,11,"K1_global","global",1,160,12,125,7.35364977006917,7.86500485626121,3.60064681805858,10
"linear",1,2,2,11,"K2_c10","local",10,64,31,125,7.66854380424184,8.6701324213321,3.10304024736815,10
"linear",1,2,2,11,"K2_c12","local",12,77,25,125,7.57397182520958,8.49575467857873,3.25510132279985,10
"linear",1,2,2,11,"K2_c14","local",14,90,22,125,7.45302328000916,8.16734529122265,3.51998545974929,10
"linear",1,2,2,12,"K1_global","global",1,160,12,125,7.1516041488112,7.73293992780854,4.29754581525416,10
"linear",1,2,2,12,"K2_c10","local",10,64,31,125,7.64747415154597,8.70818186835846,3.94566025955603,10
"linear",1,2,2,12,"K2_c12","local",12,77,25,125,7.47383369740808,8.41100667855503,4.0078487985937,10
"linear",1,2,2,12,"K2_c14","local",14,90,22,125,7.57544577011827,8.41021986943631,4.17263930876606,10
"linear",1,3,1,1,"K1_global","global",1,160,12,125,3.72375697362012,4.20320065522857,1.70252426941023,5
"linear",1,3,1,1,"K2_c10","local",10,64,31,125,4.7431288229754,5.55719915164236,1.70182634200395,5
"linear",1,3,1,1,"K2_c12","local",12,77,25,125,4.50698850450709,5.21428393268344,1.83944958327111,5
"linear",1,3,1,1,"K2_c14","local",14,90,22,125,4.08487437560188,4.68098405092748,1.6622217139675,5
"linear",1,3,1,2,"K1_global","global",1,160,12,125,3.85652188004134,4.36925417844654,1.83234135962907,5
"linear",1,3,1,2,"K2_c10","local",10,64,31,125,4.44704800708727,5.19101699329725,1.6637803535964,5
"linear",1,3,1,2,"K2_c12","local",12,77,25,125,4.40016987743451,5.22769089556931,1.64622086466713,5
"linear",1,3,1,2,"K2_c14","local",14,90,22,125,4.0428151166725,4.72359595568796,1.67986999127338,5
"linear",1,3,1,3,"K1_global","global",1,160,12,125,4.04168869212085,4.50167903302503,1.7054527643762,5
"linear",1,3,1,3,"K2_c10","local",10,64,31,125,4.64347201720885,5.45367093396795,1.46435286943774,5
"linear",1,3,1,3,"K2_c12","local",12,77,25,125,4.39531075204911,5.11426339053683,1.43023275806799,5
"linear",1,3,1,3,"K2_c14","local",14,90,22,125,4.37586737282963,5.02132464991648,1.4232050421839,5
"linear",1,3,1,4,"K1_global","global",1,160,12,125,4.04307621514268,4.48391300411876,1.82094825092557,5
"linear",1,3,1,4,"K2_c10","local",10,64,31,125,4.46298321962915,5.22648953978267,1.75600588110254,5
"linear",1,3,1,4,"K2_c12","local",12,77,25,125,4.36500483424579,4.96445484594589,1.6283819530669,5
"linear",1,3,1,4,"K2_c14","local",14,90,22,125,4.1723785717141,4.61854719574561,1.64620336227892,5
"linear",1,3,1,5,"K1_global","global",1,160,12,125,4.14148920225732,4.53504719106586,1.95269559368467,5
"linear",1,3,1,5,"K2_c10","local",10,64,31,125,4.77088764871167,5.52784620329195,1.89949262104119,5
"linear",1,3,1,5,"K2_c12","local",12,77,25,125,4.58333939346631,5.22958958969289,1.80489657544043,5
"linear",1,3,1,5,"K2_c14","local",14,90,22,125,4.36835129276187,4.96290940210335,1.83117655229097,5
"linear",1,3,1,6,"K1_global","global",1,160,12,125,3.99591800857607,4.44301563833703,1.49287483601174,5
"linear",1,3,1,6,"K2_c10","local",10,64,31,125,4.7756577044046,5.53027866728155,1.22003130774937,5
"linear",1,3,1,6,"K2_c12","local",12,77,25,125,4.64266515962775,5.33384875856867,1.20012230968736,5
"linear",1,3,1,6,"K2_c14","local",14,90,22,125,4.48054623599794,5.13795486908798,1.3097612028701,5
"linear",1,3,1,7,"K1_global","global",1,160,12,125,3.98284833109354,4.46043529912616,2.05080908166591,5
"linear",1,3,1,7,"K2_c10","local",10,64,31,125,4.47007756865244,5.20924031658019,1.71028714021892,5
"linear",1,3,1,7,"K2_c12","local",12,77,25,125,4.46133443263853,5.15031125000007,1.88411921943391,5
"linear",1,3,1,7,"K2_c14","local",14,90,22,125,4.12251128081281,4.62826866728455,1.83863367549401,5
"linear",1,3,1,8,"K1_global","global",1,160,12,125,3.93109552588499,4.41377787029989,2.34247156974432,5
"linear",1,3,1,8,"K2_c10","local",10,64,31,125,4.24779438984832,5.09434040080284,1.56601879232302,5
"linear",1,3,1,8,"K2_c12","local",12,77,25,125,4.32459411345744,5.11966092246014,1.94006065122873,5
"linear",1,3,1,8,"K2_c14","local",14,90,22,125,4.20638814784462,4.88776048775851,2.14455620060738,5
"linear",1,3,1,9,"K1_global","global",1,160,12,125,4.17545823902528,4.62359544672308,1.66552139438773,5
"linear",1,3,1,9,"K2_c10","local",10,64,31,125,4.71848244655052,5.43550126523559,1.49727708459802,5
"linear",1,3,1,9,"K2_c12","local",12,77,25,125,4.68548276420873,5.39958596428235,1.64406206100613,5
"linear",1,3,1,9,"K2_c14","local",14,90,22,125,4.5615290610021,5.16968627212255,1.59972608397972,5
"linear",1,3,1,10,"K1_global","global",1,160,12,125,4.11149648143536,4.49165064985472,1.87276154996397,5
"linear",1,3,1,10,"K2_c10","local",10,64,31,125,4.56586572672273,5.27274411221215,1.56886951556804,5
"linear",1,3,1,10,"K2_c12","local",12,77,25,125,4.69673852936712,5.39513408428998,1.80082334512482,5
"linear",1,3,1,10,"K2_c14","local",14,90,22,125,4.19167799982621,4.69649874873994,1.68704295544302,5
"linear",1,3,1,11,"K1_global","global",1,160,12,125,4.10496694999397,4.60113206060054,1.49301461297921,5
"linear",1,3,1,11,"K2_c10","local",10,64,31,125,4.64938341628035,5.49093813120131,1.47793660313864,5
"linear",1,3,1,11,"K2_c12","local",12,77,25,125,4.70882053606836,5.50956649552562,1.53794776471417,5
"linear",1,3,1,11,"K2_c14","local",14,90,22,125,4.41136775073274,5.0227702204755,1.37195998985477,5
"linear",1,3,1,12,"K1_global","global",1,160,12,125,4.19350137966561,4.60123917940895,2.06418414512302,5
"linear",1,3,1,12,"K2_c10","local",10,64,31,125,4.57438099514082,5.29624352692025,1.82073284721238,5
"linear",1,3,1,12,"K2_c12","local",12,77,25,125,4.58037287997744,5.25879746455992,1.79504430107275,5
"linear",1,3,1,12,"K2_c14","local",14,90,22,125,4.48086502720612,5.07387065835389,2.02445382661801,5
"linear",1,4,0.5,1,"K1_global","global",1,160,12,125,2.40550464071277,2.85828890217991,0.785664623237657,2.5
"linear",1,4,0.5,1,"K2_c10","local",10,64,31,125,3.24695953844083,3.94599632644936,0.697765805812584,2.5
"linear",1,4,0.5,1,"K2_c12","local",12,77,25,125,3.0492384451036,3.62909012999498,0.766795608304599,2.5
"linear",1,4,0.5,1,"K2_c14","local",14,90,22,125,2.77579232745773,3.3143150253928,0.598593403548374,2.5
"linear",1,4,0.5,2,"K1_global","global",1,160,12,125,2.68805965927883,3.08362756069009,1.05743525070492,2.5
"linear",1,4,0.5,2,"K2_c10","local",10,64,31,125,3.33786979881121,3.99305589104349,0.908094906237482,2.5
"linear",1,4,0.5,2,"K2_c12","local",12,77,25,125,3.20699623651974,3.81861440398819,1.06950690249934,2.5
"linear",1,4,0.5,2,"K2_c14","local",14,90,22,125,3.02889089854192,3.57359740352027,1.1383319489953,2.5
"linear",1,4,0.5,3,"K1_global","global",1,160,12,125,2.62582429131473,3.04777327223591,1.01526797186661,2.5
"linear",1,4,0.5,3,"K2_c10","local",10,64,31,125,3.4081242058717,4.07420058207743,0.727811053637799,2.5
"linear",1,4,0.5,3,"K2_c12","local",12,77,25,125,3.28675226571206,3.92470912833079,0.852004419436675,2.5
"linear",1,4,0.5,3,"K2_c14","local",14,90,22,125,3.09819171320301,3.61363196813684,1.0557922973924,2.5
"linear",1,4,0.5,4,"K1_global","global",1,160,12,125,2.67426551259144,3.11435465438882,0.9557348021908,2.5
"linear",1,4,0.5,4,"K2_c10","local",10,64,31,125,3.46873381763702,4.21579099611671,0.779356921216204,2.5
"linear",1,4,0.5,4,"K2_c12","local",12,77,25,125,3.46392634903091,4.1218393025138,0.905232563882983,2.5
"linear",1,4,0.5,4,"K2_c14","local",14,90,22,125,3.02314724067201,3.55910012183591,0.861014587709009,2.5
"linear",1,4,0.5,5,"K1_global","global",1,160,12,125,2.65681510491319,3.09178990731552,0.826174881990166,2.5
"linear",1,4,0.5,5,"K2_c10","local",10,64,31,125,3.32601850158438,4.01980257263371,0.733675274434972,2.5
"linear",1,4,0.5,5,"K2_c12","local",12,77,25,125,3.20594833688923,3.87963804317946,0.743463066069964,2.5
"linear",1,4,0.5,5,"K2_c14","local",14,90,22,125,2.88515049837868,3.41515760320347,0.765720571497332,2.5
"linear",1,4,0.5,6,"K1_global","global",1,160,12,125,2.66853445205043,3.12016370121195,1.03624288933886,2.5
"linear",1,4,0.5,6,"K2_c10","local",10,64,31,125,3.29237523682728,3.97994887922563,0.904206226090182,2.5
"linear",1,4,0.5,6,"K2_c12","local",12,77,25,125,3.2887824641347,3.95671339625297,0.85852917946321,2.5
"linear",1,4,0.5,6,"K2_c14","local",14,90,22,125,2.95477729846444,3.59240952399625,0.943160376345293,2.5
"linear",1,4,0.5,7,"K1_global","global",1,160,12,125,2.54193189834997,2.98941855216406,0.937744318588672,2.5
"linear",1,4,0.5,7,"K2_c10","local",10,64,31,125,3.2512026061397,3.91879855248889,0.755210853090074,2.5
"linear",1,4,0.5,7,"K2_c12","local",12,77,25,125,3.20849381893236,3.80728462603568,0.822191989683183,2.5
"linear",1,4,0.5,7,"K2_c14","local",14,90,22,125,2.8772344427443,3.43870828628721,0.870898312408802,2.5
"linear",1,4,0.5,8,"K1_global","global",1,160,12,125,2.57183788241938,3.05451891779198,0.718244171537309,2.5
"linear",1,4,0.5,8,"K2_c10","local",10,64,31,125,3.14736078717068,3.89520548543579,0.628108903814435,2.5
"linear",1,4,0.5,8,"K2_c12","local",12,77,25,125,3.26534815752944,3.98712973347062,0.605193380330296,2.5
"linear",1,4,0.5,8,"K2_c14","local",14,90,22,125,2.95018125203458,3.58260524496098,0.56150788545438,2.5
"linear",1,4,0.5,9,"K1_global","global",1,160,12,125,2.62018442768568,3.05771914397566,1.03888244978582,2.5
"linear",1,4,0.5,9,"K2_c10","local",10,64,31,125,3.40316766795731,4.11120415337699,0.952044517960735,2.5
"linear",1,4,0.5,9,"K2_c12","local",12,77,25,125,3.27679741133324,3.97100229040298,0.950471434759115,2.5
"linear",1,4,0.5,9,"K2_c14","local",14,90,22,125,2.90896489696628,3.49993194108416,0.84087150694574,2.5
"linear",1,4,0.5,10,"K1_global","global",1,160,12,125,2.62179793826405,3.0861586265623,1.10634102345031,2.5
"linear",1,4,0.5,10,"K2_c10","local",10,64,31,125,3.45006502940627,4.14204720121997,1.0062707158561,2.5
"linear",1,4,0.5,10,"K2_c12","local",12,77,25,125,3.53939972343133,4.22986882394252,0.988205082794641,2.5
"linear",1,4,0.5,10,"K2_c14","local",14,90,22,125,3.06601691833947,3.6860035833479,0.922300222618569,2.5
"linear",1,4,0.5,11,"K1_global","global",1,160,12,125,2.53071498328684,2.92878130096479,0.749199398989845,2.5
"linear",1,4,0.5,11,"K2_c10","local",10,64,31,125,3.22398592101784,3.93893816891902,0.629308876677424,2.5
"linear",1,4,0.5,11,"K2_c12","local",12,77,25,125,2.98938023148919,3.66386097962266,0.779929036983446,2.5
"linear",1,4,0.5,11,"K2_c14","local",14,90,22,125,2.70907152033597,3.3169115737176,0.656458004041261,2.5
"linear",1,4,0.5,12,"K1_global","global",1,160,12,125,2.47515521467529,2.9088510071201,0.850155163258207,2.5
"linear",1,4,0.5,12,"K2_c10","local",10,64,31,125,3.38016512199008,4.140324621462,0.68418877247384,2.5
"linear",1,4,0.5,12,"K2_c12","local",12,77,25,125,3.10228511925578,3.79728722111281,0.634324249156748,2.5
"linear",1,4,0.5,12,"K2_c14","local",14,90,22,125,2.89101541839649,3.44766479765652,0.66378192454198,2.5
"linear",1,5,0.25,1,"K1_global","global",1,160,12,125,2.02768747949561,2.45599309901332,0.393348512861162,1.25
"linear",1,5,0.25,1,"K2_c10","local",10,64,31,125,2.74484650351133,3.36021489244904,0.423077577936206,1.25
"linear",1,5,0.25,1,"K2_c12","local",12,77,25,125,2.61200260487258,3.12657249704711,0.470274027044846,1.25
"linear",1,5,0.25,1,"K2_c14","local",14,90,22,125,2.34846475851761,2.83134121895356,0.419804143492771,1.25
"linear",1,5,0.25,2,"K1_global","global",1,160,12,125,2.15709767914176,2.6046470861433,0.398165150097566,1.25
"linear",1,5,0.25,2,"K2_c10","local",10,64,31,125,2.86934154223775,3.56420764868504,0.418579425227448,1.25
"linear",1,5,0.25,2,"K2_c12","local",12,77,25,125,2.92467786045577,3.5003900600051,0.452624673012381,1.25
"linear",1,5,0.25,2,"K2_c14","local",14,90,22,125,2.41543089197536,2.93671608981238,0.391662463978584,1.25
"linear",1,5,0.25,3,"K1_global","global",1,160,12,125,1.9769132288069,2.43942323752828,0.401989823189127,1.25
"linear",1,5,0.25,3,"K2_c10","local",10,64,31,125,2.77098113804899,3.37873456641849,0.449491511420129,1.25
"linear",1,5,0.25,3,"K2_c12","local",12,77,25,125,2.78536446353564,3.38421982617727,0.497405192089577,1.25
"linear",1,5,0.25,3,"K2_c14","local",14,90,22,125,2.45045714783577,2.94981492731944,0.484082931469651,1.25
"linear",1,5,0.25,4,"K1_global","global",1,160,12,125,2.1117354551428,2.52958114308534,0.375175365875108,1.25
"linear",1,5,0.25,4,"K2_c10","local",10,64,31,125,2.89003414162183,3.52346643778528,0.45815118421319,1.25
"linear",1,5,0.25,4,"K2_c12","local",12,77,25,125,2.89808029345896,3.49990646095067,0.49316444806003,1.25
"linear",1,5,0.25,4,"K2_c14","local",14,90,22,125,2.39315010335064,2.89406122999815,0.409167989656347,1.25
"linear",1,5,0.25,5,"K1_global","global",1,160,12,125,2.04410766351402,2.48159935986534,0.56557825967129,1.25
"linear",1,5,0.25,5,"K2_c10","local",10,64,31,125,2.86669962648751,3.45770815299706,0.533592104733791,1.25
"linear",1,5,0.25,5,"K2_c12","local",12,77,25,125,2.81033488665762,3.38621388784135,0.517807644424357,1.25
"linear",1,5,0.25,5,"K2_c14","local",14,90,22,125,2.47054069984304,2.97427241573206,0.503289197954485,1.25
"linear",1,5,0.25,6,"K1_global","global",1,160,12,125,2.04193906072962,2.42290922014721,0.629769787000889,1.25
"linear",1,5,0.25,6,"K2_c10","local",10,64,31,125,2.96953344549382,3.58704054818584,0.725990919150924,1.25
"linear",1,5,0.25,6,"K2_c12","local",12,77,25,125,2.89060521016239,3.45727237664054,0.58048929837481,1.25
"linear",1,5,0.25,6,"K2_c14","local",14,90,22,125,2.4641768018462,2.94709517105608,0.68612445420711,1.25
"linear",1,5,0.25,7,"K1_global","global",1,160,12,125,1.99357149783489,2.39540337723211,0.553993390198063,1.25
"linear",1,5,0.25,7,"K2_c10","local",10,64,31,125,2.76118345671134,3.40224094479323,0.606262928849656,1.25
"linear",1,5,0.25,7,"K2_c12","local",12,77,25,125,2.72369030250707,3.27780299090382,0.651911173943058,1.25
"linear",1,5,0.25,7,"K2_c14","local",14,90,22,125,2.43524538244885,2.92665792755682,0.643790374815567,1.25
"linear",1,5,0.25,8,"K1_global","global",1,160,12,125,1.96251050497789,2.38263693128618,0.473059953293456,1.25
"linear",1,5,0.25,8,"K2_c10","local",10,64,31,125,2.76341333985406,3.36227750021513,0.477722451797808,1.25
"linear",1,5,0.25,8,"K2_c12","local",12,77,25,125,2.66209504305069,3.21276045368896,0.520652164228827,1.25
"linear",1,5,0.25,8,"K2_c14","local",14,90,22,125,2.38316905204223,2.88842732666038,0.500891926667347,1.25
"linear",1,5,0.25,9,"K1_global","global",1,160,12,125,2.01596869187563,2.41827697859002,0.549670236585852,1.25
"linear",1,5,0.25,9,"K2_c10","local",10,64,31,125,2.72991264815376,3.28448235355852,0.524324906843485,1.25
"linear",1,5,0.25,9,"K2_c12","local",12,77,25,125,2.63543848128652,3.22295494876207,0.431960156311241,1.25
"linear",1,5,0.25,9,"K2_c14","local",14,90,22,125,2.30148221653234,2.79060031606726,0.394086662630297,1.25
"linear",1,5,0.25,10,"K1_global","global",1,160,12,125,2.03863225239566,2.44042628003478,0.396156422046361,1.25
"linear",1,5,0.25,10,"K2_c10","local",10,64,31,125,2.95465305462881,3.62425348095119,0.475129859247384,1.25
"linear",1,5,0.25,10,"K2_c12","local",12,77,25,125,2.81106552937055,3.40809388488023,0.56056158965132,1.25
"linear",1,5,0.25,10,"K2_c14","local",14,90,22,125,2.42257904757832,2.97048400589442,0.452075344114142,1.25
"linear",1,5,0.25,11,"K1_global","global",1,160,12,125,2.1106673857103,2.53558257197456,0.405305614494221,1.25
"linear",1,5,0.25,11,"K2_c10","local",10,64,31,125,2.96186739820696,3.56232427943656,0.55493735830221,1.25
"linear",1,5,0.25,11,"K2_c12","local",12,77,25,125,2.83160371104818,3.45231085063002,0.489516150646697,1.25
"linear",1,5,0.25,11,"K2_c14","local",14,90,22,125,2.5770478753548,3.09633306411776,0.466035086114186,1.25
"linear",1,5,0.25,12,"K1_global","global",1,160,12,125,1.98427659374828,2.43500163704315,0.427601987727647,1.25
"linear",1,5,0.25,12,"K2_c10","local",10,64,31,125,2.80204788167343,3.43512881782509,0.479074189868448,1.25
"linear",1,5,0.25,12,"K2_c12","local",12,77,25,125,2.75119978848743,3.42760965044125,0.408253827055297,1.25
"linear",1,5,0.25,12,"K2_c14","local",14,90,22,125,2.35246465880243,2.8926125309581,0.383265501914513,1.25
"linear",1,6,0.1,1,"K1_global","global",1,160,12,125,1.77813512215371,2.18908975971428,0.350374861587974,0.5
"linear",1,6,0.1,1,"K2_c10","local",10,64,31,125,2.63254830119855,3.22094937865132,0.410831932063095,0.5
"linear",1,6,0.1,1,"K2_c12","local",12,77,25,125,2.50400354419164,3.04976146940884,0.458108735755643,0.5
"linear",1,6,0.1,1,"K2_c14","local",14,90,22,125,2.16454700588283,2.64479514416501,0.405132162878272,0.5
"linear",1,6,0.1,2,"K1_global","global",1,160,12,125,1.83604464422308,2.2180020903055,0.296829219872313,0.5
"linear",1,6,0.1,2,"K2_c10","local",10,64,31,125,2.55260753119889,3.11063227377722,0.449854361367823,0.5
"linear",1,6,0.1,2,"K2_c12","local",12,77,25,125,2.53004541124536,3.07609940611733,0.479113973195041,0.5
"linear",1,6,0.1,2,"K2_c14","local",14,90,22,125,2.1322245763931,2.57668490658859,0.337140099207643,0.5
"linear",1,6,0.1,3,"K1_global","global",1,160,12,125,1.86432379281379,2.27432312031434,0.308025068536074,0.5
"linear",1,6,0.1,3,"K2_c10","local",10,64,31,125,2.501386603088,3.06962616451703,0.396665804321253,0.5
"linear",1,6,0.1,3,"K2_c12","local",12,77,25,125,2.57382828574807,3.10417453587631,0.449135035179071,0.5
"linear",1,6,0.1,3,"K2_c14","local",14,90,22,125,2.25555676627515,2.73582130063641,0.370035199059318,0.5
"linear",1,6,0.1,4,"K1_global","global",1,160,12,125,1.89845019862417,2.29615665297884,0.342357738060239,0.5
"linear",1,6,0.1,4,"K2_c10","local",10,64,31,125,2.68732985762724,3.27306969806544,0.455276395905518,0.5
"linear",1,6,0.1,4,"K2_c12","local",12,77,25,125,2.54595534315791,3.12437314321507,0.480894557512101,0.5
"linear",1,6,0.1,4,"K2_c14","local",14,90,22,125,2.22969907390361,2.69600123986375,0.429805785842445,0.5
"linear",1,6,0.1,5,"K1_global","global",1,160,12,125,1.82153484625237,2.20432350308474,0.290239905859291,0.5
"linear",1,6,0.1,5,"K2_c10","local",10,64,31,125,2.65389070790652,3.24113895058979,0.456156948528303,0.5
"linear",1,6,0.1,5,"K2_c12","local",12,77,25,125,2.55303681623715,3.11944025377757,0.47649546031853,0.5
"linear",1,6,0.1,5,"K2_c14","local",14,90,22,125,2.26145576847465,2.7136839147523,0.436141798963215,0.5
"linear",1,6,0.1,6,"K1_global","global",1,160,12,125,1.89242856311596,2.30043018615486,0.333491498146263,0.5
"linear",1,6,0.1,6,"K2_c10","local",10,64,31,125,2.66936538890881,3.27962263948259,0.403740211389242,0.5
"linear",1,6,0.1,6,"K2_c12","local",12,77,25,125,2.57735220047524,3.1246800543266,0.462456661280104,0.5
"linear",1,6,0.1,6,"K2_c14","local",14,90,22,125,2.25252369509374,2.71722111796189,0.415001102830085,0.5
"linear",1,6,0.1,7,"K1_global","global",1,160,12,125,1.90124036314712,2.30962749656225,0.323978489616612,0.5
"linear",1,6,0.1,7,"K2_c10","local",10,64,31,125,2.56140277264012,3.15823717091563,0.417084667897102,0.5
"linear",1,6,0.1,7,"K2_c12","local",12,77,25,125,2.56896517203469,3.11779424835461,0.45124657640058,0.5
"linear",1,6,0.1,7,"K2_c14","local",14,90,22,125,2.19755998561484,2.68307324941736,0.37748600075662,0.5
"linear",1,6,0.1,8,"K1_global","global",1,160,12,125,1.79553817537565,2.2034308859834,0.293436251330626,0.5
"linear",1,6,0.1,8,"K2_c10","local",10,64,31,125,2.59811082462185,3.1876360459251,0.396948902208054,0.5
"linear",1,6,0.1,8,"K2_c12","local",12,77,25,125,2.55857111215785,3.08901184124845,0.464310651712635,0.5
"linear",1,6,0.1,8,"K2_c14","local",14,90,22,125,2.24102778653051,2.70328037476786,0.347073115643618,0.5
"linear",1,6,0.1,9,"K1_global","global",1,160,12,125,1.81900155788888,2.22688003477303,0.306795590430599,0.5
"linear",1,6,0.1,9,"K2_c10","local",10,64,31,125,2.63407576383896,3.22278873302158,0.444380742314648,0.5
"linear",1,6,0.1,9,"K2_c12","local",12,77,25,125,2.59372657247573,3.12991967081057,0.479108693116524,0.5
"linear",1,6,0.1,9,"K2_c14","local",14,90,22,125,2.26106837564377,2.73620423675335,0.413384621999757,0.5
"linear",1,6,0.1,10,"K1_global","global",1,160,12,125,1.78321162251897,2.16971239805342,0.301786776902278,0.5
"linear",1,6,0.1,10,"K2_c10","local",10,64,31,125,2.5335778146594,3.08591777679871,0.400356709056743,0.5
"linear",1,6,0.1,10,"K2_c12","local",12,77,25,125,2.46070830807221,2.99098902523411,0.402680882336769,0.5
"linear",1,6,0.1,10,"K2_c14","local",14,90,22,125,2.16137538534611,2.62353079144487,0.3665641802054,0.5
"linear",1,6,0.1,11,"K1_global","global",1,160,12,125,1.8729519334383,2.30309250279068,0.322634360442172,0.5
"linear",1,6,0.1,11,"K2_c10","local",10,64,31,125,2.64376235348139,3.238041900644,0.415461751029139,0.5
"linear",1,6,0.1,11,"K2_c12","local",12,77,25,125,2.65110284071286,3.17735333130854,0.489717814618764,0.5
"linear",1,6,0.1,11,"K2_c14","local",14,90,22,125,2.25109370048366,2.716660800282,0.393464442998572,0.5
"linear",1,6,0.1,12,"K1_global","global",1,160,12,125,1.82646771980123,2.2844724918087,0.312524123988335,0.5
"linear",1,6,0.1,12,"K2_c10","local",10,64,31,125,2.62417706409361,3.1908629387428,0.390377055015705,0.5
"linear",1,6,0.1,12,"K2_c12","local",12,77,25,125,2.54831286594552,3.08882922106157,0.486573163853482,0.5
"linear",1,6,0.1,12,"K2_c14","local",14,90,22,125,2.21729376558205,2.70099063089458,0.38143801507231,0.5
"linear",2,1,4,1,"K1_global","global",1,160,12,125,13.6960448530518,14.6674111805312,8.47418668700875,20
"linear",2,1,4,1,"K2_c10","local",10,64,31,125,14.4171707520321,16.1339429320617,7.29853588699839,20
"linear",2,1,4,1,"K2_c12","local",12,77,25,125,13.5229995817814,14.8697437659399,7.25746820018662,20
"linear",2,1,4,1,"K2_c14","local",14,90,22,125,13.9861601967084,15.261726025128,7.78874415553381,20
"linear",2,1,4,2,"K1_global","global",1,160,12,125,14.5695404504997,15.239910571791,6.81441366945414,20
"linear",2,1,4,2,"K2_c10","local",10,64,31,125,14.1523672129595,15.7250430848312,5.49086411937494,20
"linear",2,1,4,2,"K2_c12","local",12,77,25,125,14.0329658095034,15.4127327928943,5.78528093178184,20
"linear",2,1,4,2,"K2_c14","local",14,90,22,125,13.7759366281915,15.0752588298822,6.1531439338698,20
"linear",2,1,4,3,"K1_global","global",1,160,12,125,13.4660187881774,14.527645933774,9.01412810253444,20
"linear",2,1,4,3,"K2_c10","local",10,64,31,125,14.0152613879164,16.3309969811448,6.96955034007395,20
"linear",2,1,4,3,"K2_c12","local",12,77,25,125,13.4228894165621,15.3313152231135,6.74446554854697,20
"linear",2,1,4,3,"K2_c14","local",14,90,22,125,12.9022757649689,14.489728642622,7.57597197901517,20
"linear",2,1,4,4,"K1_global","global",1,160,12,125,13.5553460630203,14.3389803412464,8.2318205030401,20
"linear",2,1,4,4,"K2_c10","local",10,64,31,125,13.7796910824966,15.7233465484503,6.50883044348527,20
"linear",2,1,4,4,"K2_c12","local",12,77,25,125,13.6641768102205,15.3432736515148,6.55527066604976,20
"linear",2,1,4,4,"K2_c14","local",14,90,22,125,13.6423652834797,15.0323210865269,7.33022619489034,20
"linear",2,1,4,5,"K1_global","global",1,160,12,125,13.9188982086722,14.8060640568396,7.06504865845812,20
"linear",2,1,4,5,"K2_c10","local",10,64,31,125,13.855991760815,15.9914107327974,4.94424729838317,20
"linear",2,1,4,5,"K2_c12","local",12,77,25,125,13.9502074550869,15.6863054234345,5.06277079616908,20
"linear",2,1,4,5,"K2_c14","local",14,90,22,125,13.7890726779927,15.1054832788694,5.28107867510814,20
"linear",2,1,4,6,"K1_global","global",1,160,12,125,14.0018462631405,14.8036429810758,7.57719464639811,20
"linear",2,1,4,6,"K2_c10","local",10,64,31,125,14.4232566324075,16.1124223312288,6.65604367591099,20
"linear",2,1,4,6,"K2_c12","local",12,77,25,125,13.9050836581975,15.2282233859134,7.2961207226266,20
"linear",2,1,4,6,"K2_c14","local",14,90,22,125,14.0157943488404,15.1508663806394,7.17398775740704,20
"linear",2,1,4,7,"K1_global","global",1,160,12,125,14.2714509784305,15.0890201216774,8.06977668777821,20
"linear",2,1,4,7,"K2_c10","local",10,64,31,125,14.6832142376243,16.3049436630714,6.59144644792406,20
"linear",2,1,4,7,"K2_c12","local",12,77,25,125,14.0206543557692,15.6255304509643,6.27319476488727,20
"linear",2,1,4,7,"K2_c14","local",14,90,22,125,13.8139238986676,15.1515082796481,6.99006555629638,20
"linear",2,1,4,8,"K1_global","global",1,160,12,125,13.8973282721659,14.7346915909549,8.36068884207523,20
"linear",2,1,4,8,"K2_c10","local",10,64,31,125,15.370956715628,16.969301810268,8.41516663223516,20
"linear",2,1,4,8,"K2_c12","local",12,77,25,125,14.6732844315433,16.0795549129163,8.23927511247064,20
"linear",2,1,4,8,"K2_c14","local",14,90,22,125,14.4452546480717,15.6520674736204,8.28926941326406,20
"linear",2,1,4,9,"K1_global","global",1,160,12,125,14.2071911526641,14.9686730430446,9.76306003255908,20
"linear",2,1,4,9,"K2_c10","local",10,64,31,125,14.3107158802025,15.9783689827211,8.55435341333018,20
"linear",2,1,4,9,"K2_c12","local",12,77,25,125,13.8854516733083,15.4504000737389,8.25462234549421,20
"linear",2,1,4,9,"K2_c14","local",14,90,22,125,14.2406557078042,15.4524221507015,8.90707806632771,20
"linear",2,1,4,10,"K1_global","global",1,160,12,125,13.959965594476,14.8316756045719,7.20601075050821,20
"linear",2,1,4,10,"K2_c10","local",10,64,31,125,14.4836089051236,16.3511159233601,6.03031915820146,20
"linear",2,1,4,10,"K2_c12","local",12,77,25,125,14.2927923609874,15.774649593542,6.52760836181278,20
"linear",2,1,4,10,"K2_c14","local",14,90,22,125,13.9281350490208,15.3920485481475,6.50769313108614,20
"linear",2,1,4,11,"K1_global","global",1,160,12,125,13.731978431475,14.69469373542,6.08444505988704,20
"linear",2,1,4,11,"K2_c10","local",10,64,31,125,13.7750052615104,15.8699077892966,4.54999979446538,20
"linear",2,1,4,11,"K2_c12","local",12,77,25,125,13.4772780953379,15.4643931950479,4.94145677991623,20
"linear",2,1,4,11,"K2_c14","local",14,90,22,125,13.8515018184885,15.3030299241799,5.46695798917296,20
"linear",2,1,4,12,"K1_global","global",1,160,12,125,13.9832773403103,14.8522105590224,7.67812423999671,20
"linear",2,1,4,12,"K2_c10","local",10,64,31,125,14.488454802426,16.5810072355941,5.86249385814286,20
"linear",2,1,4,12,"K2_c12","local",12,77,25,125,14.3286479881202,15.9504465080965,6.8808480949319,20
"linear",2,1,4,12,"K2_c14","local",14,90,22,125,14.521998337675,15.96935395203,6.7671457374635,20
"linear",2,2,2,1,"K1_global","global",1,160,12,125,7.11136754778373,7.64322534332456,3.62551197097551,10
"linear",2,2,2,1,"K2_c10","local",10,64,31,125,7.62724618838711,8.78260513694539,3.39320771055846,10
"linear",2,2,2,1,"K2_c12","local",12,77,25,125,7.56048209287858,8.62560521459374,3.12939166694736,10
"linear",2,2,2,1,"K2_c14","local",14,90,22,125,7.39666752257959,8.27671051104923,3.46993668375737,10
"linear",2,2,2,2,"K1_global","global",1,160,12,125,6.93517295125655,7.50542546310439,3.72439784617191,10
"linear",2,2,2,2,"K2_c10","local",10,64,31,125,7.67398453519695,8.76651110932353,3.11554982049708,10
"linear",2,2,2,2,"K2_c12","local",12,77,25,125,7.41049728906752,8.52214077722312,3.12829849751637,10
"linear",2,2,2,2,"K2_c14","local",14,90,22,125,7.4179696431972,8.35857126617349,3.4434226741112,10
"linear",2,2,2,3,"K1_global","global",1,160,12,125,7.13227120336355,7.64773973930435,3.54895068479046,10
"linear",2,2,2,3,"K2_c10","local",10,64,31,125,7.5064895724709,8.54209966255304,3.2936792992885,10
"linear",2,2,2,3,"K2_c12","local",12,77,25,125,7.18157373825011,8.08085654461824,3.23654220127888,10
"linear",2,2,2,3,"K2_c14","local",14,90,22,125,7.22045623667907,8.08663018765671,3.24682676475768,10
"linear",2,2,2,4,"K1_global","global",1,160,12,125,7.01252490053051,7.5594074059174,3.43881373522925,10
"linear",2,2,2,4,"K2_c10","local",10,64,31,125,7.64394354615716,8.68789940459559,3.08047062910269,10
"linear",2,2,2,4,"K2_c12","local",12,77,25,125,7.57719635687558,8.32160304316356,3.35554146942381,10
"linear",2,2,2,4,"K2_c14","local",14,90,22,125,7.29313824893979,8.07001512279221,3.34658504029021,10
"linear",2,2,2,5,"K1_global","global",1,160,12,125,7.20876651346263,7.83322256521934,3.33616159483151,10
"linear",2,2,2,5,"K2_c10","local",10,64,31,125,7.82440418300591,8.93735088143745,2.92764241014811,10
"linear",2,2,2,5,"K2_c12","local",12,77,25,125,7.30394699224302,8.24365363414504,2.96208603379357,10
"linear",2,2,2,5,"K2_c14","local",14,90,22,125,7.37343885714822,8.21876946893028,2.98853046329719,10
"linear",2,2,2,6,"K1_global","global",1,160,12,125,7.1281671852516,7.7155878793839,2.87763842253946,10
"linear",2,2,2,6,"K2_c10","local",10,64,31,125,7.68675439177402,8.89541579971217,2.61252516403412,10
"linear",2,2,2,6,"K2_c12","local",12,77,25,125,7.26431235839574,8.2687036651864,2.70007600369612,10
"linear",2,2,2,6,"K2_c14","local",14,90,22,125,7.2800628418696,8.12584098171823,2.79738604553668,10
"linear",2,2,2,7,"K1_global","global",1,160,12,125,7.17965627756099,7.75045009831592,3.53808712104749,10
"linear",2,2,2,7,"K2_c10","local",10,64,31,125,7.78646695075309,9.11740715201881,2.84237002643997,10
"linear",2,2,2,7,"K2_c12","local",12,77,25,125,7.38789138430463,8.43403052107043,3.13560640491278,10
"linear",2,2,2,7,"K2_c14","local",14,90,22,125,6.95856171949192,7.81713952418682,3.05305645969248,10
"linear",2,2,2,8,"K1_global","global",1,160,12,125,7.06580177001743,7.70090377819125,3.8263664054758,10
"linear",2,2,2,8,"K2_c10","local",10,64,31,125,7.35100096547791,8.33275831020618,3.14761083128608,10
"linear",2,2,2,8,"K2_c12","local",12,77,25,125,7.31401873571711,8.21327352776629,3.24005321333798,10
"linear",2,2,2,8,"K2_c14","local",14,90,22,125,7.51572539260723,8.28281205875861,3.63530398616497,10
"linear",2,2,2,9,"K1_global","global",1,160,12,125,7.49696184495714,7.98306029303368,4.47457252525144,10
"linear",2,2,2,9,"K2_c10","local",10,64,31,125,7.83856353326911,9.07292798273965,3.24825030347912,10
"linear",2,2,2,9,"K2_c12","local",12,77,25,125,7.52969593974978,8.49152642787989,3.55545787915643,10
"linear",2,2,2,9,"K2_c14","local",14,90,22,125,7.10442270736367,7.87876409581148,3.54211166106693,10
"linear",2,2,2,10,"K1_global","global",1,160,12,125,7.06326739950728,7.64201494664763,3.13555868887685,10
"linear",2,2,2,10,"K2_c10","local",10,64,31,125,7.61769571910536,8.94191028642573,2.52320289235957,10
"linear",2,2,2,10,"K2_c12","local",12,77,25,125,7.29593000065601,8.3439362509593,2.36405850281755,10
"linear",2,2,2,10,"K2_c14","local",14,90,22,125,7.15801641350498,8.03866642868067,2.5116174563827,10
"linear",2,2,2,11,"K1_global","global",1,160,12,125,6.96026449069451,7.59941433388295,3.11813071004136,10
"linear",2,2,2,11,"K2_c10","local",10,64,31,125,7.32303778493056,8.48147676025425,2.64266194039113,10
"linear",2,2,2,11,"K2_c12","local",12,77,25,125,7.08980181833089,8.22158274432907,2.51536811664357,10
"linear",2,2,2,11,"K2_c14","local",14,90,22,125,6.83773987712834,7.82410809015174,2.3505960567936,10
"linear",2,2,2,12,"K1_global","global",1,160,12,125,7.26306935552082,7.77290715112717,4.30415087372641,10
"linear",2,2,2,12,"K2_c10","local",10,64,31,125,7.68051974264307,8.78244077395306,3.32845110534932,10
"linear",2,2,2,12,"K2_c12","local",12,77,25,125,7.60352293800457,8.45132704347201,4.09300128410106,10
"linear",2,2,2,12,"K2_c14","local",14,90,22,125,7.31890692629685,8.13220657037415,3.90398296368522,10
"linear",2,3,1,1,"K1_global","global",1,160,12,125,3.92821491466509,4.37002047968697,1.74016164605807,5
"linear",2,3,1,1,"K2_c10","local",10,64,31,125,4.48126674606654,5.33858054823052,1.52068417496015,5
"linear",2,3,1,1,"K2_c12","local",12,77,25,125,4.10270080869887,4.77993498109204,1.68068368238719,5
"linear",2,3,1,1,"K2_c14","local",14,90,22,125,4.08045905163487,4.66970534186049,1.7756915583767,5
"linear",2,3,1,2,"K1_global","global",1,160,12,125,3.7968799629749,4.32212881492055,1.5012495073042,5
"linear",2,3,1,2,"K2_c10","local",10,64,31,125,4.41434605335829,5.20908346980098,1.16467302484022,5
"linear",2,3,1,2,"K2_c12","local",12,77,25,125,4.22216967028755,4.90137048378786,1.29041083753384,5
"linear",2,3,1,2,"K2_c14","local",14,90,22,125,3.93637718403375,4.5459477296726,1.23795176976455,5
"linear",2,3,1,3,"K1_global","global",1,160,12,125,3.85627044619445,4.30821475438299,1.67818409209284,5
"linear",2,3,1,3,"K2_c10","local",10,64,31,125,4.34788202197889,5.12340363009272,1.56634023994366,5
"linear",2,3,1,3,"K2_c12","local",12,77,25,125,4.22847265719786,4.93512308538062,1.4315601163657,5
"linear",2,3,1,3,"K2_c14","local",14,90,22,125,4.07690852839877,4.66152711293761,1.70550720075054,5
"linear",2,3,1,4,"K1_global","global",1,160,12,125,3.89243000640837,4.32469841231418,1.95760955445931,5
"linear",2,3,1,4,"K2_c10","local",10,64,31,125,4.67222952826235,5.53721672305313,1.66516134030898,5
"linear",2,3,1,4,"K2_c12","local",12,77,25,125,4.50611741298964,5.20688013869644,1.93169595430031,5
"linear",2,3,1,4,"K2_c14","local",14,90,22,125,4.29739555398831,4.94143245065123,1.86795040334143,5
"linear",2,3,1,5,"K1_global","global",1,160,12,125,3.94765778308603,4.36402748468612,1.80304264520566,5
"linear",2,3,1,5,"K2_c10","local",10,64,31,125,4.37994461468568,5.16408967615663,1.67520022526773,5
"linear",2,3,1,5,"K2_c12","local",12,77,25,125,4.34634832043241,5.04837975280828,1.70043814695167,5
"linear",2,3,1,5,"K2_c14","local",14,90,22,125,4.23053722832152,4.83346270379372,1.70817449173448,5
"linear",2,3,1,6,"K1_global","global",1,160,12,125,3.9159746923356,4.3328684138653,1.6624623532903,5
"linear",2,3,1,6,"K2_c10","local",10,64,31,125,4.30212355585842,5.07870111113749,1.25863512746221,5
"linear",2,3,1,6,"K2_c12","local",12,77,25,125,4.27777688108913,4.90752322245448,1.41394726881835,5
"linear",2,3,1,6,"K2_c14","local",14,90,22,125,4.17338787290383,4.76984639967198,1.56839682115662,5
"linear",2,3,1,7,"K1_global","global",1,160,12,125,3.80571536938411,4.29301494757435,1.84609985599525,5
"linear",2,3,1,7,"K2_c10","local",10,64,31,125,4.46899094445552,5.28821738975425,1.70826048908827,5
"linear",2,3,1,7,"K2_c12","local",12,77,25,125,4.41262173965761,5.1731866660346,1.72434960902432,5
"linear",2,3,1,7,"K2_c14","local",14,90,22,125,4.18947315995627,4.80502427821354,1.78209512567978,5
"linear",2,3,1,8,"K1_global","global",1,160,12,125,3.7209215676514,4.10829882304961,2.50025636817297,5
"linear",2,3,1,8,"K2_c10","local",10,64,31,125,4.18026244921843,4.80806677722031,2.05104880931307,5
"linear",2,3,1,8,"K2_c12","local",12,77,25,125,4.05361000867051,4.68629341627495,2.08440166599132,5
"linear",2,3,1,8,"K2_c14","local",14,90,22,125,4.05365901873737,4.65384592040937,2.24572008084026,5
"linear",2,3,1,9,"K1_global","global",1,160,12,125,3.85875596740667,4.22462471241849,1.57894961139127,5
"linear",2,3,1,9,"K2_c10","local",10,64,31,125,4.41314664271278,5.22830615779115,1.22388713147727,5
"linear",2,3,1,9,"K2_c12","local",12,77,25,125,4.33648596494277,5.01118246560217,1.48751151309191,5
"linear",2,3,1,9,"K2_c14","local",14,90,22,125,4.19507929024912,4.8007503843925,1.32454248968667,5
"linear",2,3,1,10,"K1_global","global",1,160,12,125,4.1823711031173,4.61121191061137,1.6613023393121,5
"linear",2,3,1,10,"K2_c10","local",10,64,31,125,4.82291309478535,5.61239033853295,1.30743515660841,5
"linear",2,3,1,10,"K2_c12","local",12,77,25,125,4.4678899897387,5.16090764355409,1.60508113368239,5
"linear",2,3,1,10,"K2_c14","local",14,90,22,125,4.29130549759957,4.88446029734485,1.45362037801919,5
"linear",2,3,1,11,"K1_global","global",1,160,12,125,4.08866116607927,4.43672178272989,1.77442399848687,5
"linear",2,3,1,11,"K2_c10","local",10,64,31,125,4.70432472912847,5.44990338054902,1.65629646457281,5
"linear",2,3,1,11,"K2_c12","local",12,77,25,125,4.49651541907583,5.1737822241618,1.53445992153257,5
"linear",2,3,1,11,"K2_c14","local",14,90,22,125,4.3368478346468,4.90816179431398,1.57466650244487,5
"linear",2,3,1,12,"K1_global","global",1,160,12,125,3.90076367155228,4.34672862349858,2.07056032547541,5
"linear",2,3,1,12,"K2_c10","local",10,64,31,125,4.43295039654487,5.12006793837631,1.48339724808545,5
"linear",2,3,1,12,"K2_c12","local",12,77,25,125,4.31840189905103,4.98224125252451,1.68755764276801,5
"linear",2,3,1,12,"K2_c14","local",14,90,22,125,4.14411718731629,4.79409984459462,1.65442495649466,5
"linear",2,4,0.5,1,"K1_global","global",1,160,12,125,2.27676769273904,2.69812279890997,0.703381420944865,2.5
"linear",2,4,0.5,1,"K2_c10","local",10,64,31,125,3.04782671922815,3.67123223628314,0.600864801146372,2.5
"linear",2,4,0.5,1,"K2_c12","local",12,77,25,125,2.73272842021691,3.31251578561945,0.750132666654657,2.5
"linear",2,4,0.5,1,"K2_c14","local",14,90,22,125,2.73393884962983,3.28490548898365,0.637677891295998,2.5
"linear",2,4,0.5,2,"K1_global","global",1,160,12,125,2.45922458842627,2.81702104728089,0.774709887278022,2.5
"linear",2,4,0.5,2,"K2_c10","local",10,64,31,125,3.12102916509848,3.8009088686985,0.682442074761766,2.5
"linear",2,4,0.5,2,"K2_c12","local",12,77,25,125,2.99150957773982,3.6027316484958,0.799545165944155,2.5
"linear",2,4,0.5,2,"K2_c14","local",14,90,22,125,2.87326126173293,3.41019275313766,0.658448033209125,2.5
"linear",2,4,0.5,3,"K1_global","global",1,160,12,125,2.43476265317511,2.82104079415716,1.09711024568548,2.5
"linear",2,4,0.5,3,"K2_c10","local",10,64,31,125,2.9214098051198,3.5297691753017,0.986259816548088,2.5
"linear",2,4,0.5,3,"K2_c12","local",12,77,25,125,2.867757870105,3.40168704795511,1.00444824038629,2.5
"linear",2,4,0.5,3,"K2_c14","local",14,90,22,125,2.7683411697156,3.25038563502693,1.06050657053899,2.5
"linear",2,4,0.5,4,"K1_global","global",1,160,12,125,2.52777687969447,2.94211776995562,0.674019028304367,2.5
"linear",2,4,0.5,4,"K2_c10","local",10,64,31,125,3.17292453754564,3.83647466456697,0.542987392587301,2.5
"linear",2,4,0.5,4,"K2_c12","local",12,77,25,125,2.93975877477717,3.5287905861379,0.658756746174593,2.5
"linear",2,4,0.5,4,"K2_c14","local",14,90,22,125,2.75564063815253,3.33026847997148,0.622687813625121,2.5
"linear",2,4,0.5,5,"K1_global","global",1,160,12,125,2.49625925015532,2.89066449227871,0.788736218010332,2.5
"linear",2,4,0.5,5,"K2_c10","local",10,64,31,125,3.1008759188039,3.67779679468204,0.763448491360872,2.5
"linear",2,4,0.5,5,"K2_c12","local",12,77,25,125,2.91705589605241,3.45761917061399,0.800412715218503,2.5
"linear",2,4,0.5,5,"K2_c14","local",14,90,22,125,2.83313075570363,3.4214816054751,0.723723120236311,2.5
"linear",2,4,0.5,6,"K1_global","global",1,160,12,125,2.36644744727284,2.73118256679962,0.915346414535578,2.5
"linear",2,4,0.5,6,"K2_c10","local",10,64,31,125,3.02706739494049,3.68477398939656,0.824862563703266,2.5
"linear",2,4,0.5,6,"K2_c12","local",12,77,25,125,2.90850129925087,3.47065855130063,0.74038078737372,2.5
"linear",2,4,0.5,6,"K2_c14","local",14,90,22,125,2.71078268876396,3.28986838222743,0.85101380713379,2.5
"linear",2,4,0.5,7,"K1_global","global",1,160,12,125,2.45242190105804,2.87054432745478,0.758601132829687,2.5
"linear",2,4,0.5,7,"K2_c10","local",10,64,31,125,3.01960577224586,3.62304030778842,0.580752394450201,2.5
"linear",2,4,0.5,7,"K2_c12","local",12,77,25,125,2.77219372945359,3.34725383939957,0.625643618946398,2.5
"linear",2,4,0.5,7,"K2_c14","local",14,90,22,125,2.7687791585102,3.28593412705436,0.717319932376977,2.5
"linear",2,4,0.5,8,"K1_global","global",1,160,12,125,2.60893822603233,3.00235229151178,1.04815878496198,2.5
"linear",2,4,0.5,8,"K2_c10","local",10,64,31,125,3.15401808039261,3.7553773464404,0.80988757109412,2.5
"linear",2,4,0.5,8,"K2_c12","local",12,77,25,125,3.03318667043725,3.60329316754338,0.885892580882818,2.5
"linear",2,4,0.5,8,"K2_c14","local",14,90,22,125,2.9243009496918,3.38835304416297,0.971649968255521,2.5
"linear",2,4,0.5,9,"K1_global","global",1,160,12,125,2.51650393934476,2.96448525873284,0.985614270084155,2.5
"linear",2,4,0.5,9,"K2_c10","local",10,64,31,125,3.09198453910835,3.71762148790398,0.87953457426127,2.5
"linear",2,4,0.5,9,"K2_c12","local",12,77,25,125,3.06611005303005,3.6746856722096,0.848244567386652,2.5
"linear",2,4,0.5,9,"K2_c14","local",14,90,22,125,2.83203280023705,3.42420731692465,0.842505444348625,2.5
"linear",2,4,0.5,10,"K1_global","global",1,160,12,125,2.53736312240986,2.92243963346459,1.04334703611505,2.5
"linear",2,4,0.5,10,"K2_c10","local",10,64,31,125,3.20371867937571,3.89959715474137,0.950088452588403,2.5
"linear",2,4,0.5,10,"K2_c12","local",12,77,25,125,3.07962985614249,3.66342523752509,0.997615047833414,2.5
"linear",2,4,0.5,10,"K2_c14","local",14,90,22,125,2.84948400122933,3.42365436944286,0.902131741064218,2.5
"linear",2,4,0.5,11,"K1_global","global",1,160,12,125,2.50334563068641,2.91353438019397,0.891952992478736,2.5
"linear",2,4,0.5,11,"K2_c10","local",10,64,31,125,3.09668583052421,3.74947177141677,0.641774295365578,2.5
"linear",2,4,0.5,11,"K2_c12","local",12,77,25,125,2.96647733135091,3.58561979469586,0.663221582481872,2.5
"linear",2,4,0.5,11,"K2_c14","local",14,90,22,125,2.79856503358175,3.37164560118869,0.652947169914944,2.5
"linear",2,4,0.5,12,"K1_global","global",1,160,12,125,2.39984152517479,2.79728837822497,1.0175597194462,2.5
"linear",2,4,0.5,12,"K2_c10","local",10,64,31,125,2.88654100428072,3.44763136925353,0.929648893499858,2.5
"linear",2,4,0.5,12,"K2_c12","local",12,77,25,125,2.83135035602712,3.4282821264498,0.915534383672701,2.5
"linear",2,4,0.5,12,"K2_c14","local",14,90,22,125,2.77569514463291,3.35054659971316,0.89025803531577,2.5
"linear",2,5,0.25,1,"K1_global","global",1,160,12,125,1.86949516890069,2.2286151229944,0.523295368724745,1.25
"linear",2,5,0.25,1,"K2_c10","local",10,64,31,125,2.48401518228552,3.00678508624733,0.416745310675509,1.25
"linear",2,5,0.25,1,"K2_c12","local",12,77,25,125,2.37166604474412,2.87319122090505,0.492202918206677,1.25
"linear",2,5,0.25,1,"K2_c14","local",14,90,22,125,2.33744613176811,2.8508216024418,0.461639840507948,1.25
"linear",2,5,0.25,2,"K1_global","global",1,160,12,125,1.96544948226065,2.35188001620466,0.492263043946486,1.25
"linear",2,5,0.25,2,"K2_c10","local",10,64,31,125,2.49131904637042,3.02998026208781,0.400932730995256,1.25
"linear",2,5,0.25,2,"K2_c12","local",12,77,25,125,2.42482273187242,2.93117944157559,0.426244895047827,1.25
"linear",2,5,0.25,2,"K2_c14","local",14,90,22,125,2.28953340403139,2.77789066283637,0.372497907640615,1.25
"linear",2,5,0.25,3,"K1_global","global",1,160,12,125,1.90396714258036,2.28647540769501,0.431022028480618,1.25
"linear",2,5,0.25,3,"K2_c10","local",10,64,31,125,2.45795450637697,3.04447432647345,0.392494098314735,1.25
"linear",2,5,0.25,3,"K2_c12","local",12,77,25,125,2.37350800603801,2.9001374135197,0.352500938258553,1.25
"linear",2,5,0.25,3,"K2_c14","local",14,90,22,125,2.3814287095342,2.89590478416437,0.474352498857669,1.25
"linear",2,5,0.25,4,"K1_global","global",1,160,12,125,1.89939951977225,2.27618439978309,0.507065204590727,1.25
"linear",2,5,0.25,4,"K2_c10","local",10,64,31,125,2.63178683540638,3.21509426650001,0.541380557331493,1.25
"linear",2,5,0.25,4,"K2_c12","local",12,77,25,125,2.51217032721972,3.01772333461668,0.623064739664655,1.25
"linear",2,5,0.25,4,"K2_c14","local",14,90,22,125,2.38179477806608,2.89382993097738,0.489582721421168,1.25
"linear",2,5,0.25,5,"K1_global","global",1,160,12,125,1.8319531070592,2.24469828042398,0.44584726407721,1.25
"linear",2,5,0.25,5,"K2_c10","local",10,64,31,125,2.41615764360096,2.95087476308679,0.473845895362034,1.25
"linear",2,5,0.25,5,"K2_c12","local",12,77,25,125,2.4265935964603,2.94056290317115,0.398249095891566,1.25
"linear",2,5,0.25,5,"K2_c14","local",14,90,22,125,2.23783008481142,2.78420169665376,0.436271746898536,1.25
"linear",2,5,0.25,6,"K1_global","global",1,160,12,125,1.8510767859209,2.27678053548339,0.439756083618429,1.25
"linear",2,5,0.25,6,"K2_c10","local",10,64,31,125,2.46960852825949,3.00078182456899,0.434629521365857,1.25
"linear",2,5,0.25,6,"K2_c12","local",12,77,25,125,2.27507474560641,2.81300162629038,0.418377723011822,1.25
"linear",2,5,0.25,6,"K2_c14","local",14,90,22,125,2.34287962283934,2.89644122845913,0.432512144083721,1.25
"linear",2,5,0.25,7,"K1_global","global",1,160,12,125,1.91758642573006,2.31126618301046,0.420875820665629,1.25
"linear",2,5,0.25,7,"K2_c10","local",10,64,31,125,2.59888602432636,3.14762917668529,0.403455288646099,1.25
"linear",2,5,0.25,7,"K2_c12","local",12,77,25,125,2.4776235608175,3.01953290754485,0.404907225471973,1.25
"linear",2,5,0.25,7,"K2_c14","local",14,90,22,125,2.39157346984945,2.89663671740498,0.408702804493845,1.25
"linear",2,5,0.25,8,"K1_global","global",1,160,12,125,1.86190819240497,2.28617919086441,0.431013353862614,1.25
"linear",2,5,0.25,8,"K2_c10","local",10,64,31,125,2.43512318241269,2.9622785308155,0.419329395413107,1.25
"linear",2,5,0.25,8,"K2_c12","local",12,77,25,125,2.49187720922512,3.03736903811504,0.355641751215553,1.25
"linear",2,5,0.25,8,"K2_c14","local",14,90,22,125,2.32449391797128,2.84034450272988,0.369894948552523,1.25
"linear",2,5,0.25,9,"K1_global","global",1,160,12,125,1.90178285162204,2.31488802921842,0.335495532133612,1.25
"linear",2,5,0.25,9,"K2_c10","local",10,64,31,125,2.61768628721857,3.17833705492142,0.498288920764418,1.25
"linear",2,5,0.25,9,"K2_c12","local",12,77,25,125,2.38458534108967,2.91428675436937,0.479263612097433,1.25
"linear",2,5,0.25,9,"K2_c14","local",14,90,22,125,2.32939314207697,2.84863838701693,0.428609142137412,1.25
"linear",2,5,0.25,10,"K1_global","global",1,160,12,125,1.9400978744943,2.31049247474835,0.55144959199872,1.25
"linear",2,5,0.25,10,"K2_c10","local",10,64,31,125,2.59634511400527,3.16000474436891,0.637212233855864,1.25
"linear",2,5,0.25,10,"K2_c12","local",12,77,25,125,2.45246235963954,2.97856857725456,0.617375554847779,1.25
"linear",2,5,0.25,10,"K2_c14","local",14,90,22,125,2.40881395995325,2.91739764921494,0.67731351012352,1.25
"linear",2,5,0.25,11,"K1_global","global",1,160,12,125,1.93017537497362,2.31580336033862,0.362695695514654,1.25
"linear",2,5,0.25,11,"K2_c10","local",10,64,31,125,2.42461829095576,2.96080740884963,0.361822714362572,1.25
"linear",2,5,0.25,11,"K2_c12","local",12,77,25,125,2.32363282105082,2.85975674629152,0.419947517828414,1.25
"linear",2,5,0.25,11,"K2_c14","local",14,90,22,125,2.33958353222455,2.85337405497284,0.452224614133359,1.25
"linear",2,5,0.25,12,"K1_global","global",1,160,12,125,1.95534159240197,2.3549809396691,0.596418973845356,1.25
"linear",2,5,0.25,12,"K2_c10","local",10,64,31,125,2.49495050143677,2.99177254614431,0.63803275099538,1.25
"linear",2,5,0.25,12,"K2_c12","local",12,77,25,125,2.36909723096961,2.89794855498161,0.512031394924551,1.25
"linear",2,5,0.25,12,"K2_c14","local",14,90,22,125,2.40103214310066,2.86632912443675,0.70091968257323,1.25
"linear",2,6,0.1,1,"K1_global","global",1,160,12,125,1.66071834890382,2.05316900072306,0.267765478884058,0.5
"linear",2,6,0.1,1,"K2_c10","local",10,64,31,125,2.25430026216803,2.70650053649708,0.487489744502294,0.5
"linear",2,6,0.1,1,"K2_c12","local",12,77,25,125,2.20892121630293,2.72705917951843,0.333595601061691,0.5
"linear",2,6,0.1,1,"K2_c14","local",14,90,22,125,2.16147186605434,2.63158037847864,0.380485151954301,0.5
"linear",2,6,0.1,2,"K1_global","global",1,160,12,125,1.68343002063272,2.06738276586794,0.343384230163908,0.5
"linear",2,6,0.1,2,"K2_c10","local",10,64,31,125,2.29043121253079,2.80420765974182,0.476124882872268,0.5
"linear",2,6,0.1,2,"K2_c12","local",12,77,25,125,2.25783933139477,2.74842702102258,0.396313565671986,0.5
"linear",2,6,0.1,2,"K2_c14","local",14,90,22,125,2.22405627494843,2.68239824163435,0.372976625167818,0.5
"linear",2,6,0.1,3,"K1_global","global",1,160,12,125,1.63823625204035,2.02409681794962,0.315455753782254,0.5
"linear",2,6,0.1,3,"K2_c10","local",10,64,31,125,2.23711617520363,2.77833450109239,0.392302636497726,0.5
"linear",2,6,0.1,3,"K2_c12","local",12,77,25,125,2.23268316557693,2.70966048803806,0.326360791545758,0.5
"linear",2,6,0.1,3,"K2_c14","local",14,90,22,125,2.14252827875847,2.65344752149055,0.46560691158118,0.5
"linear",2,6,0.1,4,"K1_global","global",1,160,12,125,1.68150336501284,2.10900928142519,0.312084808631028,0.5
"linear",2,6,0.1,4,"K2_c10","local",10,64,31,125,2.24079757284794,2.76769177658688,0.36176723894139,0.5
"linear",2,6,0.1,4,"K2_c12","local",12,77,25,125,2.22157900671325,2.73025688337025,0.339101555790123,0.5
"linear",2,6,0.1,4,"K2_c14","local",14,90,22,125,2.19185751592769,2.68164841354569,0.36370320413106,0.5
"linear",2,6,0.1,5,"K1_global","global",1,160,12,125,1.69893382001963,2.09189487956378,0.279445309880119,0.5
"linear",2,6,0.1,5,"K2_c10","local",10,64,31,125,2.31405235471181,2.8373400555296,0.373707066093878,0.5
"linear",2,6,0.1,5,"K2_c12","local",12,77,25,125,2.23179349741716,2.77922424581995,0.364479328216119,0.5
"linear",2,6,0.1,5,"K2_c14","local",14,90,22,125,2.13773611477016,2.6331922454802,0.352913278358971,0.5
"linear",2,6,0.1,6,"K1_global","global",1,160,12,125,1.70728789901145,2.11494716164232,0.349191451943475,0.5
"linear",2,6,0.1,6,"K2_c10","local",10,64,31,125,2.29150600044526,2.82173971167286,0.375005690708374,0.5
"linear",2,6,0.1,6,"K2_c12","local",12,77,25,125,2.21085699836061,2.75995868201924,0.348498363315814,0.5
"linear",2,6,0.1,6,"K2_c14","local",14,90,22,125,2.10080025750629,2.6123204406111,0.39273848598671,0.5
"linear",2,6,0.1,7,"K1_global","global",1,160,12,125,1.65206848463542,2.02621647637393,0.258667825717267,0.5
"linear",2,6,0.1,7,"K2_c10","local",10,64,31,125,2.20456049617453,2.70093854357405,0.412076137527298,0.5
"linear",2,6,0.1,7,"K2_c12","local",12,77,25,125,2.13060712586927,2.62761047151562,0.358160378451757,0.5
"linear",2,6,0.1,7,"K2_c14","local",14,90,22,125,2.07298257999084,2.50707878797375,0.385197282473161,0.5
"linear",2,6,0.1,8,"K1_global","global",1,160,12,125,1.65909405728515,2.0364120384822,0.254795993352493,0.5
"linear",2,6,0.1,8,"K2_c10","local",10,64,31,125,2.18408688249321,2.70361492933811,0.376663049522833,0.5
"linear",2,6,0.1,8,"K2_c12","local",12,77,25,125,2.17056330929526,2.68252143951071,0.378816259618296,0.5
"linear",2,6,0.1,8,"K2_c14","local",14,90,22,125,2.11410089905289,2.593023744229,0.348648993026177,0.5
"linear",2,6,0.1,9,"K1_global","global",1,160,12,125,1.76709528304769,2.17756480560347,0.364650089374689,0.5
"linear",2,6,0.1,9,"K2_c10","local",10,64,31,125,2.27520242235978,2.76197112054606,0.472177426376687,0.5
"linear",2,6,0.1,9,"K2_c12","local",12,77,25,125,2.22422084777708,2.71636508989373,0.378560193724044,0.5
"linear",2,6,0.1,9,"K2_c14","local",14,90,22,125,2.16830357082335,2.63449213088823,0.40537575786989,0.5
"linear",2,6,0.1,10,"K1_global","global",1,160,12,125,1.75000502848257,2.12076741817905,0.317998739910575,0.5
"linear",2,6,0.1,10,"K2_c10","local",10,64,31,125,2.36010911742342,2.86389172605369,0.483317822196212,0.5
"linear",2,6,0.1,10,"K2_c12","local",12,77,25,125,2.25718451544753,2.74072381176167,0.390036019459611,0.5
"linear",2,6,0.1,10,"K2_c14","local",14,90,22,125,2.21892213346077,2.6956960685125,0.384593165362202,0.5
"linear",2,6,0.1,11,"K1_global","global",1,160,12,125,1.72259333735375,2.09289499038491,0.277685259067557,0.5
"linear",2,6,0.1,11,"K2_c10","local",10,64,31,125,2.2678993388957,2.74251869004392,0.507376652545227,0.5
"linear",2,6,0.1,11,"K2_c12","local",12,77,25,125,2.16577031935144,2.64736911334588,0.398932812936213,0.5
"linear",2,6,0.1,11,"K2_c14","local",14,90,22,125,2.17293328161374,2.62324774554025,0.370724137760773,0.5
"linear",2,6,0.1,12,"K1_global","global",1,160,12,125,1.66440942888296,2.06023535375064,0.275785563468208,0.5
"linear",2,6,0.1,12,"K2_c10","local",10,64,31,125,2.25864754262587,2.75185915232892,0.48017874133294,0.5
"linear",2,6,0.1,12,"K2_c12","local",12,77,25,125,2.25395157864767,2.77707433153162,0.347566353062467,0.5
"linear",2,6,0.1,12,"K2_c14","local",14,90,22,125,2.09550357092297,2.57532173458378,0.408191105220612,0.5
"linear",3,1,4,1,"K1_global","global",1,160,12,125,14.2539587521055,15.1417073289658,8.73166624546464,20
"linear",3,1,4,1,"K2_c10","local",10,64,31,125,14.6018541215748,16.3209334459369,7.53730610277628,20
"linear",3,1,4,1,"K2_c12","local",12,77,25,125,14.6629649045328,15.997981806467,8.04249505025399,20
"linear",3,1,4,1,"K2_c14","local",14,90,22,125,14.6947004471122,16.0071154013501,8.20142265569,20
"linear",3,1,4,2,"K1_global","global",1,160,12,125,13.974494119207,14.7984430180513,6.43188964469519,20
"linear",3,1,4,2,"K2_c10","local",10,64,31,125,13.905764615737,15.6845724502764,5.61320135931133,20
"linear",3,1,4,2,"K2_c12","local",12,77,25,125,13.9047458649258,15.6150658809987,5.92978667551907,20
"linear",3,1,4,2,"K2_c14","local",14,90,22,125,13.7536181571461,15.1021768563742,5.76659402827756,20
"linear",3,1,4,3,"K1_global","global",1,160,12,125,13.4422086983738,14.2408473709565,8.87167245888292,20
"linear",3,1,4,3,"K2_c10","local",10,64,31,125,13.6811861160878,15.4600282136172,6.73099646340584,20
"linear",3,1,4,3,"K2_c12","local",12,77,25,125,13.4514441885695,14.9688811722081,6.98098256418869,20
"linear",3,1,4,3,"K2_c14","local",14,90,22,125,13.434238952373,14.8427031219866,7.46741408995918,20
"linear",3,1,4,4,"K1_global","global",1,160,12,125,13.8892812457139,14.8492856708262,8.5070301975759,20
"linear",3,1,4,4,"K2_c10","local",10,64,31,125,14.5970443581961,16.3947145559139,7.03229357038355,20
"linear",3,1,4,4,"K2_c12","local",12,77,25,125,14.0951490468246,15.6534238254543,7.31484659556377,20
"linear",3,1,4,4,"K2_c14","local",14,90,22,125,13.7695640110716,15.1895650722348,7.32088998809432,20
"linear",3,1,4,5,"K1_global","global",1,160,12,125,13.5714119553901,14.6087767149457,6.05334400974663,20
"linear",3,1,4,5,"K2_c10","local",10,64,31,125,13.9332219890277,15.9080290608583,4.99626297997501,20
"linear",3,1,4,5,"K2_c12","local",12,77,25,125,13.7720199920156,15.4619796330549,5.92160999290631,20
"linear",3,1,4,5,"K2_c14","local",14,90,22,125,13.4031093224651,14.761212904783,5.79414497675894,20
"linear",3,1,4,6,"K1_global","global",1,160,12,125,13.4496297867562,14.3732752293992,7.0568293865744,20
"linear",3,1,4,6,"K2_c10","local",10,64,31,125,14.5826658155671,16.0827058470792,5.8099936781101,20
"linear",3,1,4,6,"K2_c12","local",12,77,25,125,14.2588966125336,15.8655722627177,6.5120888552465,20
"linear",3,1,4,6,"K2_c14","local",14,90,22,125,14.2803097259296,15.8023927483084,6.9290129031372,20
"linear",3,1,4,7,"K1_global","global",1,160,12,125,13.9653219130436,14.7187504684945,7.68459293754533,20
"linear",3,1,4,7,"K2_c10","local",10,64,31,125,13.5913935552717,15.3504563430395,6.00117531939653,20
"linear",3,1,4,7,"K2_c12","local",12,77,25,125,13.8395598571581,15.4832443441928,5.92625818110161,20
"linear",3,1,4,7,"K2_c14","local",14,90,22,125,13.4992907169864,14.8391125864024,6.30655323331004,20
"linear",3,1,4,8,"K1_global","global",1,160,12,125,13.8618396988587,14.7067492196428,7.78697798349077,20
"linear",3,1,4,8,"K2_c10","local",10,64,31,125,13.9981525827087,15.979499855633,5.21621784292834,20
"linear",3,1,4,8,"K2_c12","local",12,77,25,125,13.6866201531823,15.214410801212,6.14554693356385,20
"linear",3,1,4,8,"K2_c14","local",14,90,22,125,13.7050751178364,15.1235701768885,6.18605671080139,20
"linear",3,1,4,9,"K1_global","global",1,160,12,125,13.1663765838902,14.0749092326083,8.54347640601011,20
"linear",3,1,4,9,"K2_c10","local",10,64,31,125,13.9751025336191,15.6956924500647,7.00032864358748,20
"linear",3,1,4,9,"K2_c12","local",12,77,25,125,13.2467752730347,14.9079493403169,7.11976595552187,20
"linear",3,1,4,9,"K2_c14","local",14,90,22,125,12.9726830480442,14.5774986366668,6.99520630228439,20
"linear",3,1,4,10,"K1_global","global",1,160,12,125,13.3263599722212,14.3291191306172,5.78785690820762,20
"linear",3,1,4,10,"K2_c10","local",10,64,31,125,14.2161934471185,16.6645307667334,5.38759624109075,20
"linear",3,1,4,10,"K2_c12","local",12,77,25,125,13.9517818774238,15.8004469037275,5.51865646226209,20
"linear",3,1,4,10,"K2_c14","local",14,90,22,125,13.4955096225523,15.1989496675582,5.39024282884142,20
"linear",3,1,4,11,"K1_global","global",1,160,12,125,14.2725604972276,15.1639742231685,6.80907459489683,20
"linear",3,1,4,11,"K2_c10","local",10,64,31,125,14.25625838791,16.0254101166769,5.48253991150083,20
"linear",3,1,4,11,"K2_c12","local",12,77,25,125,13.8343143306301,15.3359958198927,5.71124039186871,20
"linear",3,1,4,11,"K2_c14","local",14,90,22,125,13.943505268537,15.2858898359245,5.97879569735263,20
"linear",3,1,4,12,"K1_global","global",1,160,12,125,14.5538796546808,15.4316519822191,7.78602746892748,20
"linear",3,1,4,12,"K2_c10","local",10,64,31,125,14.1045710053803,15.8569513837722,6.52575452633395,20
"linear",3,1,4,12,"K2_c12","local",12,77,25,125,13.741309140674,15.1196756095555,6.31899727865229,20
"linear",3,1,4,12,"K2_c14","local",14,90,22,125,14.1652841727163,15.426468360995,7.1623263391742,20
"linear",3,2,2,1,"K1_global","global",1,160,12,125,6.88624297704203,7.44496245114005,3.0742547374215,10
"linear",3,2,2,1,"K2_c10","local",10,64,31,125,7.5290557928197,8.7019450072776,2.10820893370556,10
"linear",3,2,2,1,"K2_c12","local",12,77,25,125,7.02591103682343,8.18777985450543,2.35341304433536,10
"linear",3,2,2,1,"K2_c14","local",14,90,22,125,6.93719009983107,7.87535584459635,2.51510381600255,10
"linear",3,2,2,2,"K1_global","global",1,160,12,125,6.965742671018,7.6818017754513,3.75220723497028,10
"linear",3,2,2,2,"K2_c10","local",10,64,31,125,7.629558857873,8.93654777482367,3.04479825615115,10
"linear",3,2,2,2,"K2_c12","local",12,77,25,125,7.04501828230842,8.20810379195787,3.14030244219354,10
"linear",3,2,2,2,"K2_c14","local",14,90,22,125,6.87292042409379,7.80826356355824,3.08486355432175,10
"linear",3,2,2,3,"K1_global","global",1,160,12,125,6.97040041840934,7.6784192598162,3.26382386752197,10
"linear",3,2,2,3,"K2_c10","local",10,64,31,125,7.55037910327847,8.72280918536463,2.81278119540185,10
"linear",3,2,2,3,"K2_c12","local",12,77,25,125,7.19502611854724,8.13806866524737,2.89926190850636,10
"linear",3,2,2,3,"K2_c14","local",14,90,22,125,7.12709837724063,8.04338044863074,3.07609587785168,10
"linear",3,2,2,4,"K1_global","global",1,160,12,125,7.26655569021246,7.82354151731251,3.5656209878724,10
"linear",3,2,2,4,"K2_c10","local",10,64,31,125,7.91777395115,8.91674922653374,3.41275740978976,10
"linear",3,2,2,4,"K2_c12","local",12,77,25,125,7.60089806924574,8.50840379426664,3.52394861569001,10
"linear",3,2,2,4,"K2_c14","local",14,90,22,125,7.26615936034493,8.12265753481497,3.5166701388953,10
"linear",3,2,2,5,"K1_global","global",1,160,12,125,6.92035345023855,7.52844698987968,3.32536317121814,10
"linear",3,2,2,5,"K2_c10","local",10,64,31,125,7.32346102455623,8.53147589708899,2.31249228897022,10
"linear",3,2,2,5,"K2_c12","local",12,77,25,125,7.16831467773129,8.0892934515726,3.04438628958294,10
"linear",3,2,2,5,"K2_c14","local",14,90,22,125,7.08871397510665,7.94148992539595,2.91191469711815,10
"linear",3,2,2,6,"K1_global","global",1,160,12,125,7.40398885280166,8.00246112046925,3.57787725094129,10
"linear",3,2,2,6,"K2_c10","local",10,64,31,125,7.88610537945387,8.8744233325331,3.32407213229195,10
"linear",3,2,2,6,"K2_c12","local",12,77,25,125,7.76482790722559,8.66103043017293,3.48865149146217,10
"linear",3,2,2,6,"K2_c14","local",14,90,22,125,7.41017818771512,8.15989152003867,3.2779086423666,10
"linear",3,2,2,7,"K1_global","global",1,160,12,125,7.17396305870924,7.77112494568472,3.61690015960979,10
"linear",3,2,2,7,"K2_c10","local",10,64,31,125,7.64670206881244,8.50528395038013,3.4444207721297,10
"linear",3,2,2,7,"K2_c12","local",12,77,25,125,7.30582178935391,8.16507274176174,3.34892823186809,10
"linear",3,2,2,7,"K2_c14","local",14,90,22,125,7.47738537013411,8.23402305440125,3.60074785602119,10
"linear",3,2,2,8,"K1_global","global",1,160,12,125,6.93483492381537,7.4997852899824,3.44341428963092,10
"linear",3,2,2,8,"K2_c10","local",10,64,31,125,7.74262702581168,8.95660618243573,2.92833147253977,10
"linear",3,2,2,8,"K2_c12","local",12,77,25,125,7.70443513934015,8.66856350072129,3.54291616509454,10
"linear",3,2,2,8,"K2_c14","local",14,90,22,125,7.52040965031235,8.38568772397298,3.50654254532448,10
"linear",3,2,2,9,"K1_global","global",1,160,12,125,7.12676335836878,7.61510241241246,3.771075420979,10
"linear",3,2,2,9,"K2_c10","local",10,64,31,125,7.72789701740029,8.92057552343016,3.28900813446165,10
"linear",3,2,2,9,"K2_c12","local",12,77,25,125,7.84016755563126,8.74906015528727,3.49470545879159,10
"linear",3,2,2,9,"K2_c14","local",14,90,22,125,7.48435462834224,8.32940705130392,3.5683018225963,10
"linear",3,2,2,10,"K1_global","global",1,160,12,125,7.10891733603091,7.80446147759823,3.02574320833552,10
"linear",3,2,2,10,"K2_c10","local",10,64,31,125,7.70782269486868,8.81673548164505,2.62099154423816,10
"linear",3,2,2,10,"K2_c12","local",12,77,25,125,7.55676135729935,8.47788720995714,2.78403811491687,10
"linear",3,2,2,10,"K2_c14","local",14,90,22,125,7.40720456249097,8.31635474067617,2.9198517019129,10
"linear",3,2,2,11,"K1_global","global",1,160,12,125,7.17580810905783,7.74898260927577,3.60185301338673,10
"linear",3,2,2,11,"K2_c10","local",10,64,31,125,7.62028877861493,8.81686862660586,2.83080277051115,10
"linear",3,2,2,11,"K2_c12","local",12,77,25,125,7.8732551748127,8.81980015344778,2.90080445671562,10
"linear",3,2,2,11,"K2_c14","local",14,90,22,125,7.68445330894698,8.5094322686579,3.34149684807906,10
"linear",3,2,2,12,"K1_global","global",1,160,12,125,7.25328465777452,7.82607902649184,4.42671266000216,10
"linear",3,2,2,12,"K2_c10","local",10,64,31,125,7.64694029298782,8.78759502039755,3.63815019783801,10
"linear",3,2,2,12,"K2_c12","local",12,77,25,125,7.75269438655133,8.73947162132918,3.83441476514777,10
"linear",3,2,2,12,"K2_c14","local",14,90,22,125,7.54945879203557,8.3909611007122,3.87233764941225,10
"linear",3,3,1,1,"K1_global","global",1,160,12,125,4.11002234089724,4.47224043389484,1.92606021335972,5
"linear",3,3,1,1,"K2_c10","local",10,64,31,125,4.50580155832313,5.19059103282847,1.75859452642224,5
"linear",3,3,1,1,"K2_c12","local",12,77,25,125,4.44031647684913,5.02648608581392,1.8838759562314,5
"linear",3,3,1,1,"K2_c14","local",14,90,22,125,4.26310260303319,4.86349826982964,1.75749894856777,5
"linear",3,3,1,2,"K1_global","global",1,160,12,125,3.83373475172734,4.28443147062207,1.4772794012052,5
"linear",3,3,1,2,"K2_c10","local",10,64,31,125,4.3591274221981,5.08122393836622,1.30580481505807,5
"linear",3,3,1,2,"K2_c12","local",12,77,25,125,4.30011695042078,4.95720662418844,1.35915443140297,5
"linear",3,3,1,2,"K2_c14","local",14,90,22,125,4.06886596501573,4.69896084298819,1.30399604673675,5
"linear",3,3,1,3,"K1_global","global",1,160,12,125,3.94441431580356,4.40997931851112,1.89764302553674,5
"linear",3,3,1,3,"K2_c10","local",10,64,31,125,4.5571066273342,5.45895308561164,1.58153424903999,5
"linear",3,3,1,3,"K2_c12","local",12,77,25,125,4.35702566759711,5.08213213337377,1.98670059605473,5
"linear",3,3,1,3,"K2_c14","local",14,90,22,125,4.03894290436069,4.69344429070007,1.6807402136152,5
"linear",3,3,1,4,"K1_global","global",1,160,12,125,4.07826516590997,4.53846836809072,1.87571465196972,5
"linear",3,3,1,4,"K2_c10","local",10,64,31,125,4.61217172058594,5.42296455072989,1.38723382292311,5
"linear",3,3,1,4,"K2_c12","local",12,77,25,125,4.40024819942552,5.12601156644932,1.82672366549363,5
"linear",3,3,1,4,"K2_c14","local",14,90,22,125,4.09321751265958,4.79643702801996,1.58098947593468,5
"linear",3,3,1,5,"K1_global","global",1,160,12,125,3.8352538314847,4.25016634420249,1.91501438554186,5
"linear",3,3,1,5,"K2_c10","local",10,64,31,125,4.32170764440091,5.02164827532153,1.49812790548219,5
"linear",3,3,1,5,"K2_c12","local",12,77,25,125,4.33450833603426,4.9611314271794,1.70742100651404,5
"linear",3,3,1,5,"K2_c14","local",14,90,22,125,3.96122338152261,4.54796457266279,1.37109263493806,5
"linear",3,3,1,6,"K1_global","global",1,160,12,125,3.97453764207567,4.40583457903106,1.80720073007834,5
"linear",3,3,1,6,"K2_c10","local",10,64,31,125,4.54852284714873,5.23995842231317,1.65649549393589,5
"linear",3,3,1,6,"K2_c12","local",12,77,25,125,4.22138039313998,4.87742478464771,1.6218530923424,5
"linear",3,3,1,6,"K2_c14","local",14,90,22,125,4.08703619287279,4.60734541890874,1.61818723424657,5
"linear",3,3,1,7,"K1_global","global",1,160,12,125,3.92626270674397,4.43871479746312,1.81181673713798,5
"linear",3,3,1,7,"K2_c10","local",10,64,31,125,4.67409156158713,5.49001568365355,1.65757495955983,5
"linear",3,3,1,7,"K2_c12","local",12,77,25,125,4.34824611928794,5.040981321048,1.79659380499919,5
"linear",3,3,1,7,"K2_c14","local",14,90,22,125,4.01451554544289,4.65688213244361,1.84100769354808,5
"linear",3,3,1,8,"K1_global","global",1,160,12,125,3.83745260511961,4.30681261129859,2.34318384211443,5
"linear",3,3,1,8,"K2_c10","local",10,64,31,125,4.4047152132677,5.1316889084751,1.70864599937515,5
"linear",3,3,1,8,"K2_c12","local",12,77,25,125,4.23724993504776,4.98717491392055,2.02693861331248,5
"linear",3,3,1,8,"K2_c14","local",14,90,22,125,4.1545022340373,4.76928463525156,2.2003054566021,5
"linear",3,3,1,9,"K1_global","global",1,160,12,125,3.94236463913843,4.38681137763096,1.7616322045664,5
"linear",3,3,1,9,"K2_c10","local",10,64,31,125,4.41463795012191,5.25334816716961,1.45959535143609,5
"linear",3,3,1,9,"K2_c12","local",12,77,25,125,4.3353655119309,5.06215883053272,1.57494971665386,5
"linear",3,3,1,9,"K2_c14","local",14,90,22,125,4.15180702126017,4.75829015938808,1.73749400651084,5
"linear",3,3,1,10,"K1_global","global",1,160,12,125,3.91484085434094,4.35438870699256,1.47881784734556,5
"linear",3,3,1,10,"K2_c10","local",10,64,31,125,4.54004910096231,5.26864077004207,1.43069181454924,5
"linear",3,3,1,10,"K2_c12","local",12,77,25,125,4.24932021525816,4.83384283062597,1.41452513308297,5
"linear",3,3,1,10,"K2_c14","local",14,90,22,125,4.10595435215637,4.65207022712711,1.37557296099282,5
"linear",3,3,1,11,"K1_global","global",1,160,12,125,3.96202689082077,4.42608610560363,1.79852929939617,5
"linear",3,3,1,11,"K2_c10","local",10,64,31,125,4.74940427265187,5.47882742905715,1.65019429243173,5
"linear",3,3,1,11,"K2_c12","local",12,77,25,125,4.31916288040443,4.95265525014495,1.5791079951552,5
"linear",3,3,1,11,"K2_c14","local",14,90,22,125,4.26588861749533,4.83324190903576,1.4958907661797,5
"linear",3,3,1,12,"K1_global","global",1,160,12,125,4.02819951921815,4.46889987779995,2.34843518481631,5
"linear",3,3,1,12,"K2_c10","local",10,64,31,125,4.60162639563047,5.40013673770274,1.96636070956041,5
"linear",3,3,1,12,"K2_c12","local",12,77,25,125,4.47506151296756,5.22864245085063,2.14290723589873,5
"linear",3,3,1,12,"K2_c14","local",14,90,22,125,4.26926771841837,4.8801943975689,2.13831563416596,5
"linear",3,4,0.5,1,"K1_global","global",1,160,12,125,2.53466047360858,2.97340899657827,0.800724632581543,2.5
"linear",3,4,0.5,1,"K2_c10","local",10,64,31,125,3.32701664461363,3.99252991522404,0.759867389031215,2.5
"linear",3,4,0.5,1,"K2_c12","local",12,77,25,125,2.80883590259854,3.35822146168419,0.597806283298605,2.5
"linear",3,4,0.5,1,"K2_c14","local",14,90,22,125,2.76692136141437,3.27998333190664,0.636079275068898,2.5
"linear",3,4,0.5,2,"K1_global","global",1,160,12,125,2.32909273595574,2.73565396244744,0.838300176706033,2.5
"linear",3,4,0.5,2,"K2_c10","local",10,64,31,125,3.06107236327636,3.68216509417787,0.78291170860824,2.5
"linear",3,4,0.5,2,"K2_c12","local",12,77,25,125,2.89659664657086,3.49926826152444,0.777598318782146,2.5
"linear",3,4,0.5,2,"K2_c14","local",14,90,22,125,2.57634543844566,3.06814440929811,0.768640427402996,2.5
"linear",3,4,0.5,3,"K1_global","global",1,160,12,125,2.40949144262879,2.81800416217545,1.07655607212706,2.5
"linear",3,4,0.5,3,"K2_c10","local",10,64,31,125,3.21959954099477,3.87528284789101,0.765524929391814,2.5
"linear",3,4,0.5,3,"K2_c12","local",12,77,25,125,2.94577112517164,3.50022632221442,0.852857029900119,2.5
"linear",3,4,0.5,3,"K2_c14","local",14,90,22,125,2.70023207777035,3.21319492042536,0.922428553574139,2.5
"linear",3,4,0.5,4,"K1_global","global",1,160,12,125,2.58522335890979,3.00140542967758,0.913033199414889,2.5
"linear",3,4,0.5,4,"K2_c10","local",10,64,31,125,3.13706318265916,3.71613480263672,0.928769528081149,2.5
"linear",3,4,0.5,4,"K2_c12","local",12,77,25,125,2.83287850973015,3.42482444095107,0.859155426663724,2.5
"linear",3,4,0.5,4,"K2_c14","local",14,90,22,125,2.72624521736851,3.17716059097776,0.820073687824505,2.5
"linear",3,4,0.5,5,"K1_global","global",1,160,12,125,2.55611646251784,3.0102127008028,0.723812777525373,2.5
"linear",3,4,0.5,5,"K2_c10","local",10,64,31,125,3.27399439062332,4.01140758875992,0.632307846612864,2.5
"linear",3,4,0.5,5,"K2_c12","local",12,77,25,125,2.92915185857113,3.46204540755634,0.545464350963824,2.5
"linear",3,4,0.5,5,"K2_c14","local",14,90,22,125,2.82827914972621,3.34703383075948,0.664070781765017,2.5
"linear",3,4,0.5,6,"K1_global","global",1,160,12,125,2.45513317749661,2.88640110832502,1.10960947462895,2.5
"linear",3,4,0.5,6,"K2_c10","local",10,64,31,125,3.08554125717788,3.66195369995687,0.938582075291167,2.5
"linear",3,4,0.5,6,"K2_c12","local",12,77,25,125,2.79372497140747,3.29501772687628,1.100741498698,2.5
"linear",3,4,0.5,6,"K2_c14","local",14,90,22,125,2.56937922009208,3.07221796424663,0.967764282251706,2.5
"linear",3,4,0.5,7,"K1_global","global",1,160,12,125,2.38138333358042,2.82261039412525,0.814767435965672,2.5
"linear",3,4,0.5,7,"K2_c10","local",10,64,31,125,3.08605478015307,3.76113145688293,0.539530115656702,2.5
"linear",3,4,0.5,7,"K2_c12","local",12,77,25,125,2.75747252109915,3.35591067859773,0.617297056149034,2.5
"linear",3,4,0.5,7,"K2_c14","local",14,90,22,125,2.45577668099255,2.98405713075215,0.609019148948188,2.5
"linear",3,4,0.5,8,"K1_global","global",1,160,12,125,2.4509688351804,2.89086462623334,0.749113527997505,2.5
"linear",3,4,0.5,8,"K2_c10","local",10,64,31,125,3.28746424759744,3.97996099928835,0.824404105795095,2.5
"linear",3,4,0.5,8,"K2_c12","local",12,77,25,125,2.9208598043914,3.55438468594175,0.754865561260613,2.5
"linear",3,4,0.5,8,"K2_c14","local",14,90,22,125,2.75135951432965,3.30283310313874,0.75401464219342,2.5
"linear",3,4,0.5,9,"K1_global","global",1,160,12,125,2.44853224760257,2.92615395399423,0.985303422514131,2.5
"linear",3,4,0.5,9,"K2_c10","local",10,64,31,125,3.34182207393254,4.00799349577443,0.658223776797194,2.5
"linear",3,4,0.5,9,"K2_c12","local",12,77,25,125,2.83911668082817,3.39848692834088,0.653947982508894,2.5
"linear",3,4,0.5,9,"K2_c14","local",14,90,22,125,2.70661381566738,3.20868172789768,0.79696794797294,2.5
"linear",3,4,0.5,10,"K1_global","global",1,160,12,125,2.3334953917606,2.71784542898355,1.20589199791031,2.5
"linear",3,4,0.5,10,"K2_c10","local",10,64,31,125,3.25193732664791,3.91690785974197,1.02601578430478,2.5
"linear",3,4,0.5,10,"K2_c12","local",12,77,25,125,2.87496541763818,3.46072994063507,1.02346001623463,2.5
"linear",3,4,0.5,10,"K2_c14","local",14,90,22,125,2.7033864489807,3.16567796869411,1.01125095453019,2.5
"linear",3,4,0.5,11,"K1_global","global",1,160,12,125,2.36779223000071,2.72127799562077,0.937580077117467,2.5
"linear",3,4,0.5,11,"K2_c10","local",10,64,31,125,2.98842944647399,3.62688324705487,0.783664912633862,2.5
"linear",3,4,0.5,11,"K2_c12","local",12,77,25,125,2.77996069193287,3.33545229660071,0.896192802987824,2.5
"linear",3,4,0.5,11,"K2_c14","local",14,90,22,125,2.59008331822074,3.07829951260402,0.880797617788683,2.5
"linear",3,4,0.5,12,"K1_global","global",1,160,12,125,2.50750677210912,2.97043695566064,0.953644618887492,2.5
"linear",3,4,0.5,12,"K2_c10","local",10,64,31,125,3.29583813671712,4.01366912470529,0.804935792549453,2.5
"linear",3,4,0.5,12,"K2_c12","local",12,77,25,125,2.90771932996831,3.47528721270154,0.947036492379044,2.5
"linear",3,4,0.5,12,"K2_c14","local",14,90,22,125,2.64409693197891,3.13233810128754,0.966506460160823,2.5
"linear",3,5,0.25,1,"K1_global","global",1,160,12,125,1.9378804358749,2.34831678144993,0.397519770545878,1.25
"linear",3,5,0.25,1,"K2_c10","local",10,64,31,125,2.5667105503027,3.10129524120525,0.39962832624645,1.25
"linear",3,5,0.25,1,"K2_c12","local",12,77,25,125,2.27395426971144,2.78925610543536,0.362779402377903,1.25
"linear",3,5,0.25,1,"K2_c14","local",14,90,22,125,2.09705047307066,2.5802775437946,0.353938068305186,1.25
"linear",3,5,0.25,2,"K1_global","global",1,160,12,125,1.85989425257015,2.2299261256827,0.509733626840273,1.25
"linear",3,5,0.25,2,"K2_c10","local",10,64,31,125,2.52459500262752,3.07218844714547,0.505806880862068,1.25
"linear",3,5,0.25,2,"K2_c12","local",12,77,25,125,2.30696342302855,2.7817357667728,0.611355727058006,1.25
"linear",3,5,0.25,2,"K2_c14","local",14,90,22,125,2.13715411940475,2.54887150242734,0.559638079867811,1.25
"linear",3,5,0.25,3,"K1_global","global",1,160,12,125,1.88482635608799,2.30076140619942,0.372667649678248,1.25
"linear",3,5,0.25,3,"K2_c10","local",10,64,31,125,2.69867418210997,3.27034174226834,0.459111375120391,1.25
"linear",3,5,0.25,3,"K2_c12","local",12,77,25,125,2.25039437432708,2.80210854407604,0.359396845548307,1.25
"linear",3,5,0.25,3,"K2_c14","local",14,90,22,125,2.15268656740288,2.63408269138567,0.386367383501125,1.25
"linear",3,5,0.25,4,"K1_global","global",1,160,12,125,1.84818867089584,2.27804168046349,0.38805169253485,1.25
"linear",3,5,0.25,4,"K2_c10","local",10,64,31,125,2.48926658367895,3.04171474151272,0.385621700746753,1.25
"linear",3,5,0.25,4,"K2_c12","local",12,77,25,125,2.27224645722392,2.79128647596085,0.322486487327769,1.25
"linear",3,5,0.25,4,"K2_c14","local",14,90,22,125,2.09966439860038,2.58460216662676,0.320841121499432,1.25
"linear",3,5,0.25,5,"K1_global","global",1,160,12,125,1.93839522039572,2.35189255693008,0.512051824145596,1.25
"linear",3,5,0.25,5,"K2_c10","local",10,64,31,125,2.65897797989071,3.26570213910975,0.451670028856886,1.25
"linear",3,5,0.25,5,"K2_c12","local",12,77,25,125,2.24276695795629,2.75985262292293,0.399234428762923,1.25
"linear",3,5,0.25,5,"K2_c14","local",14,90,22,125,2.15674255870083,2.64342595286844,0.423475057241657,1.25
"linear",3,5,0.25,6,"K1_global","global",1,160,12,125,1.85242337377925,2.24842932938341,0.585113604721999,1.25
"linear",3,5,0.25,6,"K2_c10","local",10,64,31,125,2.61070411949042,3.17739220958011,0.544100865539259,1.25
"linear",3,5,0.25,6,"K2_c12","local",12,77,25,125,2.40363410804247,2.8666853734361,0.806562057016894,1.25
"linear",3,5,0.25,6,"K2_c14","local",14,90,22,125,2.17059830183689,2.59179669050188,0.619178924031622,1.25
"linear",3,5,0.25,7,"K1_global","global",1,160,12,125,1.85116331713394,2.28131470086479,0.343893880906462,1.25
"linear",3,5,0.25,7,"K2_c10","local",10,64,31,125,2.56576905026699,3.13038733103521,0.413206224280283,1.25
"linear",3,5,0.25,7,"K2_c12","local",12,77,25,125,2.25340549895859,2.75025106827972,0.312934729836918,1.25
"linear",3,5,0.25,7,"K2_c14","local",14,90,22,125,2.03962596025041,2.49967501907885,0.413653996669479,1.25
"linear",3,5,0.25,8,"K1_global","global",1,160,12,125,1.91359917377474,2.30105476244009,0.427211015838123,1.25
"linear",3,5,0.25,8,"K2_c10","local",10,64,31,125,2.54953497852037,3.11022868083983,0.463458038488006,1.25
"linear",3,5,0.25,8,"K2_c12","local",12,77,25,125,2.17719372054495,2.65174676885988,0.348953124766935,1.25
"linear",3,5,0.25,8,"K2_c14","local",14,90,22,125,2.06768822219118,2.51983366674016,0.388009593349226,1.25
"linear",3,5,0.25,9,"K1_global","global",1,160,12,125,1.94877086240574,2.33684219824055,0.375275345285988,1.25
"linear",3,5,0.25,9,"K2_c10","local",10,64,31,125,2.64692222844911,3.25108072047161,0.440268970336462,1.25
"linear",3,5,0.25,9,"K2_c12","local",12,77,25,125,2.28946422632262,2.7857403832296,0.427811479595703,1.25
"linear",3,5,0.25,9,"K2_c14","local",14,90,22,125,2.10704304469078,2.58024399620266,0.363542666020913,1.25
"linear",3,5,0.25,10,"K1_global","global",1,160,12,125,1.92928419170305,2.31744457945753,0.452323083109801,1.25
"linear",3,5,0.25,10,"K2_c10","local",10,64,31,125,2.65427856923132,3.26059478960826,0.48832346546016,1.25
"linear",3,5,0.25,10,"K2_c12","local",12,77,25,125,2.26738771749429,2.7683639381325,0.404282596159444,1.25
"linear",3,5,0.25,10,"K2_c14","local",14,90,22,125,2.12868093928582,2.55039640121453,0.384442186093312,1.25
"linear",3,5,0.25,11,"K1_global","global",1,160,12,125,1.76794904068307,2.16272565998926,0.433175138435759,1.25
"linear",3,5,0.25,11,"K2_c10","local",10,64,31,125,2.48458546329243,3.07230519143994,0.4722504894095,1.25
"linear",3,5,0.25,11,"K2_c12","local",12,77,25,125,2.21819670469114,2.70379968746984,0.365934822334566,1.25
"linear",3,5,0.25,11,"K2_c14","local",14,90,22,125,2.00943699679765,2.47695947461942,0.414583191646418,1.25
"linear",3,5,0.25,12,"K1_global","global",1,160,12,125,1.7528627597534,2.2044397236247,0.301986292062339,1.25
"linear",3,5,0.25,12,"K2_c10","local",10,64,31,125,2.59779760027547,3.14775102583119,0.453541979457535,1.25
"linear",3,5,0.25,12,"K2_c12","local",12,77,25,125,2.1683547741943,2.69665269119693,0.400989418784279,1.25
"linear",3,5,0.25,12,"K2_c14","local",14,90,22,125,2.05264712221873,2.50354737832632,0.413983931434329,1.25
"linear",3,6,0.1,1,"K1_global","global",1,160,12,125,1.68486835540324,2.075470079821,0.261230728227277,0.5
"linear",3,6,0.1,1,"K2_c10","local",10,64,31,125,2.4070614311408,2.92897511256363,0.369578389363934,0.5
"linear",3,6,0.1,1,"K2_c12","local",12,77,25,125,2.09559348779518,2.57637941463949,0.366538663187887,0.5
"linear",3,6,0.1,1,"K2_c14","local",14,90,22,125,1.88332242124779,2.3552368138518,0.283271955901616,0.5
"linear",3,6,0.1,2,"K1_global","global",1,160,12,125,1.66095202400047,2.02824327420047,0.234122762641444,0.5
"linear",3,6,0.1,2,"K2_c10","local",10,64,31,125,2.30402492106962,2.81505520642057,0.41578552763416,0.5
"linear",3,6,0.1,2,"K2_c12","local",12,77,25,125,2.06262866366879,2.5655567206654,0.366838967160418,0.5
"linear",3,6,0.1,2,"K2_c14","local",14,90,22,125,1.84704092506935,2.27896593825801,0.302656942909225,0.5
"linear",3,6,0.1,3,"K1_global","global",1,160,12,125,1.62470503877629,1.99729012929004,0.254476575552899,0.5
"linear",3,6,0.1,3,"K2_c10","local",10,64,31,125,2.29865283175112,2.83116394829544,0.385273643171245,0.5
"linear",3,6,0.1,3,"K2_c12","local",12,77,25,125,2.07489458291142,2.58887979110032,0.299634153233359,0.5
"linear",3,6,0.1,3,"K2_c14","local",14,90,22,125,1.83682788654769,2.27491906962302,0.301468317271285,0.5
"linear",3,6,0.1,4,"K1_global","global",1,160,12,125,1.65891337645264,2.05892113607098,0.236562115545205,0.5
"linear",3,6,0.1,4,"K2_c10","local",10,64,31,125,2.29440689730225,2.83567561800806,0.396257654345771,0.5
"linear",3,6,0.1,4,"K2_c12","local",12,77,25,125,2.01791832119185,2.4684323024369,0.386692764181587,0.5
"linear",3,6,0.1,4,"K2_c14","local",14,90,22,125,1.90584836450478,2.32647587752307,0.350497228827238,0.5
"linear",3,6,0.1,5,"K1_global","global",1,160,12,125,1.67159078786175,2.07187605557817,0.254652234690387,0.5
"linear",3,6,0.1,5,"K2_c10","local",10,64,31,125,2.41085625934848,2.94927846186835,0.394989011379966,0.5
"linear",3,6,0.1,5,"K2_c12","local",12,77,25,125,2.09874520514182,2.59992915435158,0.338988689282332,0.5
"linear",3,6,0.1,5,"K2_c14","local",14,90,22,125,1.93215058484269,2.37477716493143,0.310281505683696,0.5
"linear",3,6,0.1,6,"K1_global","global",1,160,12,125,1.72163297182274,2.09025691770516,0.329697864381958,0.5
"linear",3,6,0.1,6,"K2_c10","local",10,64,31,125,2.2908941280001,2.81892762680688,0.42159967309827,0.5
"linear",3,6,0.1,6,"K2_c12","local",12,77,25,125,1.98023675779817,2.45666769667522,0.332596701276721,0.5
"linear",3,6,0.1,6,"K2_c14","local",14,90,22,125,1.86834973149168,2.30268906459525,0.364456073027014,0.5
"linear",3,6,0.1,7,"K1_global","global",1,160,12,125,1.6843809352678,2.07838674632162,0.245755772224399,0.5
"linear",3,6,0.1,7,"K2_c10","local",10,64,31,125,2.37677062918127,2.91852857425003,0.469924540769743,0.5
"linear",3,6,0.1,7,"K2_c12","local",12,77,25,125,2.132614522485,2.65952307902197,0.3752368258292,0.5
"linear",3,6,0.1,7,"K2_c14","local",14,90,22,125,1.89450346316505,2.33471033102622,0.288559378154999,0.5
"linear",3,6,0.1,8,"K1_global","global",1,160,12,125,1.61655285544871,1.99559024525298,0.245401019271448,0.5
"linear",3,6,0.1,8,"K2_c10","local",10,64,31,125,2.24462438300518,2.80146512087664,0.37338916306987,0.5
"linear",3,6,0.1,8,"K2_c12","local",12,77,25,125,2.05567182467555,2.51141532670154,0.323253079920088,0.5
"linear",3,6,0.1,8,"K2_c14","local",14,90,22,125,1.82660113702741,2.27165493261213,0.309924600052876,0.5
"linear",3,6,0.1,9,"K1_global","global",1,160,12,125,1.68598928086777,2.05095039711607,0.235425698292678,0.5
"linear",3,6,0.1,9,"K2_c10","local",10,64,31,125,2.40446805857244,2.93628429333136,0.453032380403875,0.5
"linear",3,6,0.1,9,"K2_c12","local",12,77,25,125,2.06391339216686,2.55111008645313,0.301964124036252,0.5
"linear",3,6,0.1,9,"K2_c14","local",14,90,22,125,1.8798863423473,2.32908584355926,0.349475199230636,0.5
"linear",3,6,0.1,10,"K1_global","global",1,160,12,125,1.63262530432903,2.0072511932329,0.228763843916245,0.5
"linear",3,6,0.1,10,"K2_c10","local",10,64,31,125,2.39056121335676,2.89543343784216,0.447053336966915,0.5
"linear",3,6,0.1,10,"K2_c12","local",12,77,25,125,2.11029410700436,2.58988781010381,0.315043460743544,0.5
"linear",3,6,0.1,10,"K2_c14","local",14,90,22,125,1.86169956919351,2.29651149376273,0.325299775064157,0.5
"linear",3,6,0.1,11,"K1_global","global",1,160,12,125,1.60112909242978,1.96771315458725,0.229962459796448,0.5
"linear",3,6,0.1,11,"K2_c10","local",10,64,31,125,2.35383472489276,2.9140956071241,0.384207439349927,0.5
"linear",3,6,0.1,11,"K2_c12","local",12,77,25,125,2.08345282920894,2.56123510745343,0.331710833047625,0.5
"linear",3,6,0.1,11,"K2_c14","local",14,90,22,125,1.84018447683727,2.26571236954955,0.30842665923677,0.5
"linear",3,6,0.1,12,"K1_global","global",1,160,12,125,1.69933649636312,2.09217489673544,0.293639866619075,0.5
"linear",3,6,0.1,12,"K2_c10","local",10,64,31,125,2.42750177394489,2.97267887938966,0.41247294556892,0.5
"linear",3,6,0.1,12,"K2_c12","local",12,77,25,125,2.01139719312895,2.48595039608375,0.323932877534472,0.5
"linear",3,6,0.1,12,"K2_c14","local",14,90,22,125,1.84462312839801,2.30399784148923,0.280449230713981,0.5
"linear",4,1,4,1,"K1_global","global",1,160,12,125,13.6412700873862,14.4129129279725,8.98860998391095,20
"linear",4,1,4,1,"K2_c10","local",10,64,31,125,14.1647881670372,15.6275670533707,8.44330136610884,20
"linear",4,1,4,1,"K2_c12","local",12,77,25,125,13.8889406105948,15.2172230576754,8.29927954759826,20
"linear",4,1,4,1,"K2_c14","local",14,90,22,125,13.752166105841,15.0875514875687,8.55870705881215,20
"linear",4,1,4,2,"K1_global","global",1,160,12,125,13.9402421081839,14.7769306255626,6.39989989994107,20
"linear",4,1,4,2,"K2_c10","local",10,64,31,125,14.214417032452,16.0006364660645,5.11164141600714,20
"linear",4,1,4,2,"K2_c12","local",12,77,25,125,13.5377669290914,15.0833272220624,5.38767224386715,20
"linear",4,1,4,2,"K2_c14","local",14,90,22,125,13.2183892256409,14.6544468436861,5.50093441630331,20
"linear",4,1,4,3,"K1_global","global",1,160,12,125,14.1085356660197,14.9028806717251,9.88072975502699,20
"linear",4,1,4,3,"K2_c10","local",10,64,31,125,14.1979872670146,15.8601623459168,8.31761459364798,20
"linear",4,1,4,3,"K2_c12","local",12,77,25,125,13.58924007872,14.894427236908,8.06591961264052,20
"linear",4,1,4,3,"K2_c14","local",14,90,22,125,13.267711638001,14.7546185373129,7.61160751016605,20
"linear",4,1,4,4,"K1_global","global",1,160,12,125,13.6270919540672,14.4248465691673,8.98640734036388,20
"linear",4,1,4,4,"K2_c10","local",10,64,31,125,13.9319287223509,15.4741758381873,8.05575666313525,20
"linear",4,1,4,4,"K2_c12","local",12,77,25,125,13.3292246542426,14.719922034745,7.91748004860894,20
"linear",4,1,4,4,"K2_c14","local",14,90,22,125,13.4447325424917,14.7959301221841,7.60450501114274,20
"linear",4,1,4,5,"K1_global","global",1,160,12,125,13.5639964299302,14.3147392720074,6.7089121603285,20
"linear",4,1,4,5,"K2_c10","local",10,64,31,125,13.7732059505334,15.4649960266536,5.32953032001157,20
"linear",4,1,4,5,"K2_c12","local",12,77,25,125,13.5331961318212,14.9015143575475,5.95715022898097,20
"linear",4,1,4,5,"K2_c14","local",14,90,22,125,13.4594280840428,14.7910033705969,5.78592591417577,20
"linear",4,1,4,6,"K1_global","global",1,160,12,125,13.448169266588,14.2051507571628,7.48897814673059,20
"linear",4,1,4,6,"K2_c10","local",10,64,31,125,13.8559370391742,15.4584028337818,6.21508639741861,20
"linear",4,1,4,6,"K2_c12","local",12,77,25,125,12.7134047758613,14.2707670833948,5.44072145736816,20
"linear",4,1,4,6,"K2_c14","local",14,90,22,125,13.3362117688816,14.5812895123979,6.66635355428803,20
"linear",4,1,4,7,"K1_global","global",1,160,12,125,13.8071058394774,14.4433437773492,8.35109041019425,20
"linear",4,1,4,7,"K2_c10","local",10,64,31,125,13.6303123600885,14.9748384176385,6.92174911429522,20
"linear",4,1,4,7,"K2_c12","local",12,77,25,125,13.623376345386,14.8607880254498,6.99296376896616,20
"linear",4,1,4,7,"K2_c14","local",14,90,22,125,13.7712775356478,14.7749346603282,7.20394646591466,20
"linear",4,1,4,8,"K1_global","global",1,160,12,125,13.9654197723072,14.7618620187786,8.24246431477093,20
"linear",4,1,4,8,"K2_c10","local",10,64,31,125,14.1484313578869,15.9050472494652,7.46662541476151,20
"linear",4,1,4,8,"K2_c12","local",12,77,25,125,13.926380967783,15.4419971851531,7.01159945554507,20
"linear",4,1,4,8,"K2_c14","local",14,90,22,125,13.3877756647755,14.9649909284979,6.83600323277176,20
"linear",4,1,4,9,"K1_global","global",1,160,12,125,13.725470656912,14.4700399721724,8.63710271923963,20
"linear",4,1,4,9,"K2_c10","local",10,64,31,125,14.405138794537,16.1383909151177,6.8286091721473,20
"linear",4,1,4,9,"K2_c12","local",12,77,25,125,13.6051309995081,14.956857437365,7.21656955082945,20
"linear",4,1,4,9,"K2_c14","local",14,90,22,125,13.6232680300256,14.9822485174988,7.22958650370614,20
"linear",4,1,4,10,"K1_global","global",1,160,12,125,13.3383796508992,14.0166293495754,6.22789772728723,20
"linear",4,1,4,10,"K2_c10","local",10,64,31,125,13.7479530305249,15.2768243713863,5.03725122174939,20
"linear",4,1,4,10,"K2_c12","local",12,77,25,125,13.5745970728065,14.8997374856526,5.53066190843449,20
"linear",4,1,4,10,"K2_c14","local",14,90,22,125,13.2906069122628,14.4954450702366,5.36522465751742,20
"linear",4,1,4,11,"K1_global","global",1,160,12,125,13.732453262667,14.5031815773478,6.36928320856393,20
"linear",4,1,4,11,"K2_c10","local",10,64,31,125,13.4512671603489,15.2302119861592,5.22422754875036,20
"linear",4,1,4,11,"K2_c12","local",12,77,25,125,13.5312583082575,14.877213801139,5.27255492545154,20
"linear",4,1,4,11,"K2_c14","local",14,90,22,125,13.14653085586,14.5611218151342,5.49232941608557,20
"linear",4,1,4,12,"K1_global","global",1,160,12,125,13.3114500183809,14.0795542157164,7.37884276389428,20
"linear",4,1,4,12,"K2_c10","local",10,64,31,125,13.4918256936072,15.0570686799657,6.00162014333886,20
"linear",4,1,4,12,"K2_c12","local",12,77,25,125,13.554531420396,14.9033530855444,6.54024027221641,20
"linear",4,1,4,12,"K2_c14","local",14,90,22,125,13.5216008885694,14.8406443357307,6.64383545771586,20
"linear",4,2,2,1,"K1_global","global",1,160,12,125,7.03636041849644,7.51974992940164,3.07976445453648,10
"linear",4,2,2,1,"K2_c10","local",10,64,31,125,7.26230499756453,8.2932921195846,2.7466969533863,10
"linear",4,2,2,1,"K2_c12","local",12,77,25,125,7.2477728415945,8.01559476811463,2.81468993190402,10
"linear",4,2,2,1,"K2_c14","local",14,90,22,125,7.11531549451316,7.88866475183126,3.01373438253916,10
"linear",4,2,2,2,"K1_global","global",1,160,12,125,7.11275134240541,7.58779142586509,3.83791709381549,10
"linear",4,2,2,2,"K2_c10","local",10,64,31,125,7.42142878735858,8.23009273060892,3.49899703363858,10
"linear",4,2,2,2,"K2_c12","local",12,77,25,125,7.45807178395961,8.2801827142134,3.98138599905792,10
"linear",4,2,2,2,"K2_c14","local",14,90,22,125,7.17752143040522,7.97619426174126,3.50151021371348,10
"linear",4,2,2,3,"K1_global","global",1,160,12,125,6.79735870762804,7.28314802797537,3.23623673010598,10
"linear",4,2,2,3,"K2_c10","local",10,64,31,125,7.23128366678821,8.27282129535647,2.74014140914446,10
"linear",4,2,2,3,"K2_c12","local",12,77,25,125,6.96884497962343,7.71082357228588,2.99415568142671,10
"linear",4,2,2,3,"K2_c14","local",14,90,22,125,6.92447285311964,7.79812119303402,2.74090666188151,10
"linear",4,2,2,4,"K1_global","global",1,160,12,125,6.98426089318454,7.47738306303539,3.50812128348709,10
"linear",4,2,2,4,"K2_c10","local",10,64,31,125,7.03568712263298,7.92045471568642,3.00034268311168,10
"linear",4,2,2,4,"K2_c12","local",12,77,25,125,6.98964627809006,7.87099999923422,2.98197101382128,10
"linear",4,2,2,4,"K2_c14","local",14,90,22,125,6.91744532015665,7.74272784480542,2.97448014447867,10
"linear",4,2,2,5,"K1_global","global",1,160,12,125,7.14933242963572,7.67836894651564,3.15691557834179,10
"linear",4,2,2,5,"K2_c10","local",10,64,31,125,7.21041038366081,8.19979876664476,2.47396978892218,10
"linear",4,2,2,5,"K2_c12","local",12,77,25,125,7.13155510525677,7.97155246032712,2.75789897488922,10
"linear",4,2,2,5,"K2_c14","local",14,90,22,125,7.01059973454561,7.98269359001216,2.29245939761512,10
"linear",4,2,2,6,"K1_global","global",1,160,12,125,6.75236835162848,7.22047690249993,3.12532829532059,10
"linear",4,2,2,6,"K2_c10","local",10,64,31,125,7.16447761594051,8.21501939770578,2.61634890706521,10
"linear",4,2,2,6,"K2_c12","local",12,77,25,125,7.12807846027686,8.04307774196147,2.67861092620203,10
"linear",4,2,2,6,"K2_c14","local",14,90,22,125,6.75957412714304,7.66538080465213,2.53414467778629,10
"linear",4,2,2,7,"K1_global","global",1,160,12,125,7.32846954396817,7.82834683897514,3.61981111528885,10
"linear",4,2,2,7,"K2_c10","local",10,64,31,125,7.33156168313777,8.35180521742812,2.67203804133386,10
"linear",4,2,2,7,"K2_c12","local",12,77,25,125,7.67125307235198,8.49746691784467,3.19511392125899,10
"linear",4,2,2,7,"K2_c14","local",14,90,22,125,7.32493238498262,8.14447652050768,3.00829280238609,10
"linear",4,2,2,8,"K1_global","global",1,160,12,125,6.6021589200388,7.15631990227076,3.2856960897097,10
"linear",4,2,2,8,"K2_c10","local",10,64,31,125,6.81388244970979,7.92266199623883,2.44106678613802,10
"linear",4,2,2,8,"K2_c12","local",12,77,25,125,6.7465137094255,7.72233961566396,2.57600061875889,10
"linear",4,2,2,8,"K2_c14","local",14,90,22,125,6.88353925608033,7.75746869757795,2.65922976662784,10
"linear",4,2,2,9,"K1_global","global",1,160,12,125,7.09041249735678,7.53951896172101,4.39846225599365,10
"linear",4,2,2,9,"K2_c10","local",10,64,31,125,7.02506927290613,7.94713717112744,3.44254529307711,10
"linear",4,2,2,9,"K2_c12","local",12,77,25,125,7.42724052062621,8.15215918928972,4.08424797964726,10
"linear",4,2,2,9,"K2_c14","local",14,90,22,125,7.23381262969543,7.94332953091415,4.00070554126865,10
"linear",4,2,2,10,"K1_global","global",1,160,12,125,6.91815726674168,7.43258530742408,3.21214953954101,10
"linear",4,2,2,10,"K2_c10","local",10,64,31,125,6.84195607000291,7.74852948652764,2.880625463748,10
"linear",4,2,2,10,"K2_c12","local",12,77,25,125,7.00791091933442,7.83712183795017,2.95109108856416,10
"linear",4,2,2,10,"K2_c14","local",14,90,22,125,6.87020138751103,7.62914089899418,2.72205777865405,10
"linear",4,2,2,11,"K1_global","global",1,160,12,125,6.96796695424213,7.44260871542124,3.12726262778577,10
"linear",4,2,2,11,"K2_c10","local",10,64,31,125,6.90499534928924,7.71382425468567,2.8232774485303,10
"linear",4,2,2,11,"K2_c12","local",12,77,25,125,7.10373777963144,7.7956642342969,3.16308563291105,10
"linear",4,2,2,11,"K2_c14","local",14,90,22,125,7.06638451431166,7.75528889424425,3.13105514508434,10
"linear",4,2,2,12,"K1_global","global",1,160,12,125,6.80319365598811,7.29145870725279,4.31508372554396,10
"linear",4,2,2,12,"K2_c10","local",10,64,31,125,7.30858401787797,8.37882146242552,3.82803452749632,10
"linear",4,2,2,12,"K2_c12","local",12,77,25,125,7.1821855493303,7.9916177779232,4.21971814834263,10
"linear",4,2,2,12,"K2_c14","local",14,90,22,125,7.19428703472032,8.01010572033378,3.88979468092689,10
"linear",4,3,1,1,"K1_global","global",1,160,12,125,3.81209884463301,4.14206209368335,1.90021397367954,5
"linear",4,3,1,1,"K2_c10","local",10,64,31,125,4.10979704404065,4.73505856070857,1.63303889844953,5
"linear",4,3,1,1,"K2_c12","local",12,77,25,125,4.14710379851682,4.6487396934532,1.93463256050124,5
"linear",4,3,1,1,"K2_c14","local",14,90,22,125,4.03085186791673,4.51998330961666,1.75644198989259,5
"linear",4,3,1,2,"K1_global","global",1,160,12,125,3.72567963065962,4.06819619060298,1.82317082688558,5
"linear",4,3,1,2,"K2_c10","local",10,64,31,125,3.85801069083908,4.4245572950661,1.48441298891509,5
"linear",4,3,1,2,"K2_c12","local",12,77,25,125,3.99414193394238,4.58254250981794,1.6946089210796,5
"linear",4,3,1,2,"K2_c14","local",14,90,22,125,3.85877166705042,4.39831935864191,1.57499386056568,5
"linear",4,3,1,3,"K1_global","global",1,160,12,125,3.83523834442067,4.23793527087398,1.91275314733178,5
"linear",4,3,1,3,"K2_c10","local",10,64,31,125,4.06536895305272,4.81294674168403,1.5060852413463,5
"linear",4,3,1,3,"K2_c12","local",12,77,25,125,3.99706670235278,4.65636061937899,1.45543508424427,5
"linear",4,3,1,3,"K2_c14","local",14,90,22,125,3.80486292422564,4.39784914666388,1.41788213375478,5
"linear",4,3,1,4,"K1_global","global",1,160,12,125,3.87676938407622,4.20193527920767,1.88794047254511,5
"linear",4,3,1,4,"K2_c10","local",10,64,31,125,4.03360902546205,4.64748701905534,1.30165789085228,5
"linear",4,3,1,4,"K2_c12","local",12,77,25,125,4.08248321150871,4.76401545588549,1.39112641812798,5
"linear",4,3,1,4,"K2_c14","local",14,90,22,125,3.94417559854594,4.51014304845958,1.32590241021994,5
"linear",4,3,1,5,"K1_global","global",1,160,12,125,3.73483841749979,4.08289341120023,1.7247252200068,5
"linear",4,3,1,5,"K2_c10","local",10,64,31,125,3.88436620726979,4.48577280934074,1.53038613979859,5
"linear",4,3,1,5,"K2_c12","local",12,77,25,125,3.94882387503907,4.53506138221351,1.56401294672226,5
"linear",4,3,1,5,"K2_c14","local",14,90,22,125,3.74172778603253,4.34767786798173,1.4019052286671,5
"linear",4,3,1,6,"K1_global","global",1,160,12,125,3.79387420047947,4.15398926393936,1.68618302863648,5
"linear",4,3,1,6,"K2_c10","local",10,64,31,125,4.23374423815281,4.83424253931308,1.39354303578601,5
"linear",4,3,1,6,"K2_c12","local",12,77,25,125,4.09043347354049,4.61668023496583,1.72721876445031,5
"linear",4,3,1,6,"K2_c14","local",14,90,22,125,3.80278931288725,4.32324317426293,1.43898283340259,5
"linear",4,3,1,7,"K1_global","global",1,160,12,125,3.99892812360635,4.35700209234376,1.83098452786942,5
"linear",4,3,1,7,"K2_c10","local",10,64,31,125,4.24511656012939,4.87005235905522,1.54875664864534,5
"linear",4,3,1,7,"K2_c12","local",12,77,25,125,4.06282755611106,4.55482178038169,1.49637501443952,5
"linear",4,3,1,7,"K2_c14","local",14,90,22,125,4.13786429826322,4.64442410853113,1.67247661225038,5
"linear",4,3,1,8,"K1_global","global",1,160,12,125,3.59231156772014,3.96861492887423,2.43986471228321,5
"linear",4,3,1,8,"K2_c10","local",10,64,31,125,4.10664780558076,4.69687373101356,2.05824935631787,5
"linear",4,3,1,8,"K2_c12","local",12,77,25,125,3.94288372824288,4.53282127956005,2.25386094795851,5
"linear",4,3,1,8,"K2_c14","local",14,90,22,125,3.77125302372483,4.25540279380974,2.0821527476709,5
"linear",4,3,1,9,"K1_global","global",1,160,12,125,3.66470071347837,3.99767218385319,1.75695082794592,5
"linear",4,3,1,9,"K2_c10","local",10,64,31,125,4.0136228060762,4.73698991046478,1.60865153240058,5
"linear",4,3,1,9,"K2_c12","local",12,77,25,125,3.94783653640375,4.52799447763228,1.87286206695617,5
"linear",4,3,1,9,"K2_c14","local",14,90,22,125,3.77666888218914,4.32505121341532,1.64479429559064,5
"linear",4,3,1,10,"K1_global","global",1,160,12,125,3.85385482828177,4.21860013515799,1.71942889013774,5
"linear",4,3,1,10,"K2_c10","local",10,64,31,125,4.15766794222514,4.80139763815003,1.57651640229019,5
"linear",4,3,1,10,"K2_c12","local",12,77,25,125,3.89159043173936,4.42001188199662,1.6367263445991,5
"linear",4,3,1,10,"K2_c14","local",14,90,22,125,4.03788072079505,4.59034135045107,1.61644958570232,5
"linear",4,3,1,11,"K1_global","global",1,160,12,125,3.86346900392721,4.24019712883893,1.70264347011386,5
"linear",4,3,1,11,"K2_c10","local",10,64,31,125,4.08223875233338,4.67215952471953,1.44071109658623,5
"linear",4,3,1,11,"K2_c12","local",12,77,25,125,3.94762487237388,4.48904469639668,1.53263171141075,5
"linear",4,3,1,11,"K2_c14","local",14,90,22,125,3.97174586648514,4.50669902454432,1.42044693746054,5
"linear",4,3,1,12,"K1_global","global",1,160,12,125,3.87942012974474,4.22059943194359,2.1576134367027,5
"linear",4,3,1,12,"K2_c10","local",10,64,31,125,4.09679921424301,4.823894896442,1.40550775232875,5
"linear",4,3,1,12,"K2_c12","local",12,77,25,125,4.05224333261414,4.70903342858861,1.66559221217607,5
"linear",4,3,1,12,"K2_c14","local",14,90,22,125,3.90518066622414,4.51300869494642,1.38543145915127,5
"linear",4,4,0.5,1,"K1_global","global",1,160,12,125,2.24790325845674,2.59169259287334,0.724072019137067,2.5
"linear",4,4,0.5,1,"K2_c10","local",10,64,31,125,2.62698075780222,3.18450859963214,0.584367930564601,2.5
"linear",4,4,0.5,1,"K2_c12","local",12,77,25,125,2.54207641874937,3.05753929203852,0.668085913131321,2.5
"linear",4,4,0.5,1,"K2_c14","local",14,90,22,125,2.4638648420645,2.96748099660921,0.570756709565258,2.5
"linear",4,4,0.5,2,"K1_global","global",1,160,12,125,2.27682452209297,2.63823779207902,0.827355469327214,2.5
"linear",4,4,0.5,2,"K2_c10","local",10,64,31,125,2.58102858034263,3.14082945475589,0.687001666329538,2.5
"linear",4,4,0.5,2,"K2_c12","local",12,77,25,125,2.48612124496573,3.00866766488283,0.670185323304348,2.5
"linear",4,4,0.5,2,"K2_c14","local",14,90,22,125,2.54273849738375,3.00662547189817,0.707172526465719,2.5
"linear",4,4,0.5,3,"K1_global","global",1,160,12,125,2.31033134667953,2.61702448411623,1.16565590943042,2.5
"linear",4,4,0.5,3,"K2_c10","local",10,64,31,125,2.58747004941125,3.10113948439069,0.903257316901602,2.5
"linear",4,4,0.5,3,"K2_c12","local",12,77,25,125,2.40353625295622,2.86226790259015,0.897315675456299,2.5
"linear",4,4,0.5,3,"K2_c14","local",14,90,22,125,2.37419217657006,2.79790280354053,0.981430949007137,2.5
"linear",4,4,0.5,4,"K1_global","global",1,160,12,125,2.15769574955204,2.4809953734084,0.820176568599514,2.5
"linear",4,4,0.5,4,"K2_c10","local",10,64,31,125,2.62809528942673,3.20028317364441,0.565753748691566,2.5
"linear",4,4,0.5,4,"K2_c12","local",12,77,25,125,2.5880319539343,3.09504872950394,0.672885314022282,2.5
"linear",4,4,0.5,4,"K2_c14","local",14,90,22,125,2.32637270793179,2.74777029571574,0.599215104055789,2.5
"linear",4,4,0.5,5,"K1_global","global",1,160,12,125,2.21910802792908,2.52324649929852,0.82418771726837,2.5
"linear",4,4,0.5,5,"K2_c10","local",10,64,31,125,2.54429796439814,3.05687427351609,0.754046028721538,2.5
"linear",4,4,0.5,5,"K2_c12","local",12,77,25,125,2.50002973534494,3.02433663251247,0.82105333835669,2.5
"linear",4,4,0.5,5,"K2_c14","local",14,90,22,125,2.48542036028896,2.93454999140995,0.844492765729413,2.5
"linear",4,4,0.5,6,"K1_global","global",1,160,12,125,2.22416211381753,2.54951411360393,1.02045700040381,2.5
"linear",4,4,0.5,6,"K2_c10","local",10,64,31,125,2.62533097147887,3.13319148969876,0.903045661950137,2.5
"linear",4,4,0.5,6,"K2_c12","local",12,77,25,125,2.55027727565745,2.99484983796019,1.11500357393736,2.5
"linear",4,4,0.5,6,"K2_c14","local",14,90,22,125,2.4922465373997,2.93099290950979,1.01900194141548,2.5
"linear",4,4,0.5,7,"K1_global","global",1,160,12,125,2.28613026830381,2.6415239596456,0.749886377377443,2.5
"linear",4,4,0.5,7,"K2_c10","local",10,64,31,125,2.61436389004999,3.13330356718568,0.685428064278544,2.5
"linear",4,4,0.5,7,"K2_c12","local",12,77,25,125,2.47625832622805,2.9271769437813,0.709134890222237,2.5
"linear",4,4,0.5,7,"K2_c14","local",14,90,22,125,2.40082447786907,2.86743920225265,0.665782147869868,2.5
"linear",4,4,0.5,8,"K1_global","global",1,160,12,125,2.25988388706737,2.59948328240172,0.678443859553254,2.5
"linear",4,4,0.5,8,"K2_c10","local",10,64,31,125,2.64098313439151,3.13347314082017,0.574257381118886,2.5
"linear",4,4,0.5,8,"K2_c12","local",12,77,25,125,2.51598601117807,3.04745914245048,0.513254395651631,2.5
"linear",4,4,0.5,8,"K2_c14","local",14,90,22,125,2.46858591448634,2.94653230288294,0.521774481729851,2.5
"linear",4,4,0.5,9,"K1_global","global",1,160,12,125,2.17672971221599,2.46310961806308,0.95400224427535,2.5
"linear",4,4,0.5,9,"K2_c10","local",10,64,31,125,2.64135641017451,3.19251653324387,0.69984291936973,2.5
"linear",4,4,0.5,9,"K2_c12","local",12,77,25,125,2.52973658643853,2.99226315916211,0.717628955817536,2.5
"linear",4,4,0.5,9,"K2_c14","local",14,90,22,125,2.41529386181511,2.89856107140757,0.704229082343247,2.5
"linear",4,4,0.5,10,"K1_global","global",1,160,12,125,2.36803709213025,2.67951717667596,1.13002658305049,2.5
"linear",4,4,0.5,10,"K2_c10","local",10,64,31,125,2.65021111974554,3.1862389087219,0.793332686264353,2.5
"linear",4,4,0.5,10,"K2_c12","local",12,77,25,125,2.51341649562621,2.97507228856562,1.07926579180658,2.5
"linear",4,4,0.5,10,"K2_c14","local",14,90,22,125,2.38102381183799,2.81865478507107,0.838498739720571,2.5
"linear",4,4,0.5,11,"K1_global","global",1,160,12,125,2.25476682245099,2.54696910015115,0.989855716966467,2.5
"linear",4,4,0.5,11,"K2_c10","local",10,64,31,125,2.55580167267276,3.04029800221974,0.824792691012641,2.5
"linear",4,4,0.5,11,"K2_c12","local",12,77,25,125,2.49033014534945,2.91714439694164,0.851455531008476,2.5
"linear",4,4,0.5,11,"K2_c14","local",14,90,22,125,2.37480928530307,2.81026540811213,0.778162179321432,2.5
"linear",4,4,0.5,12,"K1_global","global",1,160,12,125,2.31117830531095,2.65381442040914,1.04088193986666,2.5
"linear",4,4,0.5,12,"K2_c10","local",10,64,31,125,2.78387592714637,3.23018382167018,1.0581095361545,2.5
"linear",4,4,0.5,12,"K2_c12","local",12,77,25,125,2.67234273417139,3.14757297475506,1.02660628197118,2.5
"linear",4,4,0.5,12,"K2_c14","local",14,90,22,125,2.44188775435904,2.84930819357731,1.04278603194732,2.5
"linear",4,5,0.25,1,"K1_global","global",1,160,12,125,1.72853786630326,2.04837774019385,0.364781888739289,1.25
"linear",4,5,0.25,1,"K2_c10","local",10,64,31,125,2.09040426270275,2.56212041171268,0.400994772445766,1.25
"linear",4,5,0.25,1,"K2_c12","local",12,77,25,125,1.97154496376981,2.41230943879967,0.349813512246114,1.25
"linear",4,5,0.25,1,"K2_c14","local",14,90,22,125,1.95636152249117,2.34127848864237,0.43261085324826,1.25
"linear",4,5,0.25,2,"K1_global","global",1,160,12,125,1.67901581042875,1.97670973073008,0.510610472285829,1.25
"linear",4,5,0.25,2,"K2_c10","local",10,64,31,125,2.06419775736095,2.51693203669097,0.352353538245192,1.25
"linear",4,5,0.25,2,"K2_c12","local",12,77,25,125,2.05908438083345,2.49292806982709,0.38916581793449,1.25
"linear",4,5,0.25,2,"K2_c14","local",14,90,22,125,1.95242581860035,2.32972983206233,0.390182496391661,1.25
"linear",4,5,0.25,3,"K1_global","global",1,160,12,125,1.61079951104145,1.92214301133839,0.426928423556873,1.25
"linear",4,5,0.25,3,"K2_c10","local",10,64,31,125,2.09133060107953,2.56377042386741,0.376351783340337,1.25
"linear",4,5,0.25,3,"K2_c12","local",12,77,25,125,1.97033685602692,2.42854849927884,0.432853897703702,1.25
"linear",4,5,0.25,3,"K2_c14","local",14,90,22,125,1.92558182272921,2.3069721839645,0.33752597126151,1.25
"linear",4,5,0.25,4,"K1_global","global",1,160,12,125,1.71976219463274,2.00451757197448,0.448435176512428,1.25
"linear",4,5,0.25,4,"K2_c10","local",10,64,31,125,2.08173990722378,2.532356306305,0.377048512760683,1.25
"linear",4,5,0.25,4,"K2_c12","local",12,77,25,125,2.07152286328774,2.48752212902781,0.434488106293662,1.25
"linear",4,5,0.25,4,"K2_c14","local",14,90,22,125,1.90168228428766,2.28932497637287,0.425330781949689,1.25
"linear",4,5,0.25,5,"K1_global","global",1,160,12,125,1.61828169956229,1.90516219152166,0.531888570471254,1.25
"linear",4,5,0.25,5,"K2_c10","local",10,64,31,125,2.00163492415163,2.3923495078816,0.523136603876562,1.25
"linear",4,5,0.25,5,"K2_c12","local",12,77,25,125,1.99691125922223,2.39031000397864,0.601267721734671,1.25
"linear",4,5,0.25,5,"K2_c14","local",14,90,22,125,1.84015849838183,2.23145985580738,0.491542044536639,1.25
"linear",4,5,0.25,6,"K1_global","global",1,160,12,125,1.66082487045591,1.98549589905711,0.540009054916222,1.25
"linear",4,5,0.25,6,"K2_c10","local",10,64,31,125,2.09709485677219,2.55083896494141,0.357821170411819,1.25
"linear",4,5,0.25,6,"K2_c12","local",12,77,25,125,1.97061749672926,2.40645445020004,0.420522320789596,1.25
"linear",4,5,0.25,6,"K2_c14","local",14,90,22,125,1.92405779162983,2.3141716520191,0.344496154793623,1.25
"linear",4,5,0.25,7,"K1_global","global",1,160,12,125,1.62116204730214,1.96425217131485,0.400209506477361,1.25
"linear",4,5,0.25,7,"K2_c10","local",10,64,31,125,2.11907706075969,2.57712253739197,0.341462405714839,1.25
"linear",4,5,0.25,7,"K2_c12","local",12,77,25,125,1.98890003661833,2.40011838048876,0.450828009323473,1.25
"linear",4,5,0.25,7,"K2_c14","local",14,90,22,125,1.92252317823608,2.29623075627106,0.448296408036306,1.25
"linear",4,5,0.25,8,"K1_global","global",1,160,12,125,1.6560185987652,1.94853123816816,0.391959490802423,1.25
"linear",4,5,0.25,8,"K2_c10","local",10,64,31,125,2.1554231864247,2.60678349960268,0.336945384759787,1.25
"linear",4,5,0.25,8,"K2_c12","local",12,77,25,125,1.96108763444163,2.37723473130224,0.295680986140115,1.25
"linear",4,5,0.25,8,"K2_c14","local",14,90,22,125,1.90866754562765,2.31954093204827,0.292770206335175,1.25
"linear",4,5,0.25,9,"K1_global","global",1,160,12,125,1.61706295228869,1.96244886584815,0.516780711240367,1.25
"linear",4,5,0.25,9,"K2_c10","local",10,64,31,125,2.12698511123043,2.58247621992169,0.381587959518161,1.25
"linear",4,5,0.25,9,"K2_c12","local",12,77,25,125,1.94311373444733,2.38726017553129,0.46421210788174,1.25
"linear",4,5,0.25,9,"K2_c14","local",14,90,22,125,1.89746093368548,2.29937895571194,0.478171046233859,1.25
"linear",4,5,0.25,10,"K1_global","global",1,160,12,125,1.65479286494917,1.99043780241738,0.344886801918207,1.25
"linear",4,5,0.25,10,"K2_c10","local",10,64,31,125,2.12601045456175,2.56666248916716,0.36824534480156,1.25
"linear",4,5,0.25,10,"K2_c12","local",12,77,25,125,2.01878122625689,2.4761693122969,0.399683575618686,1.25
"linear",4,5,0.25,10,"K2_c14","local",14,90,22,125,1.88868720481359,2.32497681098309,0.320327469020021,1.25
"linear",4,5,0.25,11,"K1_global","global",1,160,12,125,1.62950145199374,1.9105693655317,0.466415137373516,1.25
"linear",4,5,0.25,11,"K2_c10","local",10,64,31,125,2.17968419507107,2.61115175922251,0.438107110774697,1.25
"linear",4,5,0.25,11,"K2_c12","local",12,77,25,125,2.02470121871445,2.42546644694061,0.415497826177451,1.25
"linear",4,5,0.25,11,"K2_c14","local",14,90,22,125,1.90300113593025,2.27897166145928,0.422143829101239,1.25
"linear",4,5,0.25,12,"K1_global","global",1,160,12,125,1.71321668354347,2.03887015122342,0.441651282815713,1.25
"linear",4,5,0.25,12,"K2_c10","local",10,64,31,125,2.22306164241978,2.70774638986857,0.401340000332403,1.25
"linear",4,5,0.25,12,"K2_c12","local",12,77,25,125,2.08678407417392,2.4997727171162,0.423157660599888,1.25
"linear",4,5,0.25,12,"K2_c14","local",14,90,22,125,1.8904439398028,2.32948519495116,0.371602417603664,1.25
"linear",4,6,0.1,1,"K1_global","global",1,160,12,125,1.44326768030157,1.73085779141269,0.263443882269554,0.5
"linear",4,6,0.1,1,"K2_c10","local",10,64,31,125,1.93799420724602,2.35342390937856,0.307937350965337,0.5
"linear",4,6,0.1,1,"K2_c12","local",12,77,25,125,1.84807763266869,2.30292965243004,0.291065946739561,0.5
"linear",4,6,0.1,1,"K2_c14","local",14,90,22,125,1.73586409695922,2.12551467170202,0.291218075664961,0.5
"linear",4,6,0.1,2,"K1_global","global",1,160,12,125,1.48136688953887,1.7701240634055,0.291891684597173,0.5
"linear",4,6,0.1,2,"K2_c10","local",10,64,31,125,1.88185008275714,2.33741216154649,0.326627556265229,0.5
"linear",4,6,0.1,2,"K2_c12","local",12,77,25,125,1.82577779784675,2.27444669309903,0.269956804987045,0.5
"linear",4,6,0.1,2,"K2_c14","local",14,90,22,125,1.67554804320543,2.08387840074344,0.288802808256328,0.5
"linear",4,6,0.1,3,"K1_global","global",1,160,12,125,1.39878377878441,1.68481991555398,0.240742963987629,0.5
"linear",4,6,0.1,3,"K2_c10","local",10,64,31,125,1.74629655850177,2.11908461059623,0.29853316470442,0.5
"linear",4,6,0.1,3,"K2_c12","local",12,77,25,125,1.73894244231187,2.15153551627826,0.264615775587627,0.5
"linear",4,6,0.1,3,"K2_c14","local",14,90,22,125,1.71985917986565,2.10466545819859,0.276385520123549,0.5
"linear",4,6,0.1,4,"K1_global","global",1,160,12,125,1.46293549436137,1.76517555805499,0.274288385012581,0.5
"linear",4,6,0.1,4,"K2_c10","local",10,64,31,125,1.92692219180237,2.33870296319696,0.338057889278837,0.5
"linear",4,6,0.1,4,"K2_c12","local",12,77,25,125,1.825367480296,2.22731534631486,0.323420676025633,0.5
"linear",4,6,0.1,4,"K2_c14","local",14,90,22,125,1.69390159444767,2.06746228450675,0.267904066964765,0.5
"linear",4,6,0.1,5,"K1_global","global",1,160,12,125,1.42382032213644,1.71261043565263,0.225056693962892,0.5
"linear",4,6,0.1,5,"K2_c10","local",10,64,31,125,1.85128386628985,2.22305181223391,0.318116706322761,0.5
"linear",4,6,0.1,5,"K2_c12","local",12,77,25,125,1.78680828205824,2.22822275160789,0.274049939539044,0.5
"linear",4,6,0.1,5,"K2_c14","local",14,90,22,125,1.71295524856454,2.07612251551758,0.269110282644084,0.5
"linear",4,6,0.1,6,"K1_global","global",1,160,12,125,1.48709558350506,1.78442288564377,0.302781129434026,0.5
"linear",4,6,0.1,6,"K2_c10","local",10,64,31,125,1.97280541150078,2.36567925375563,0.291972905480218,0.5
"linear",4,6,0.1,6,"K2_c12","local",12,77,25,125,1.87653232663254,2.29961066044262,0.34104234172147,0.5
"linear",4,6,0.1,6,"K2_c14","local",14,90,22,125,1.76043917414229,2.12310256158185,0.301576055216905,0.5
"linear",4,6,0.1,7,"K1_global","global",1,160,12,125,1.48639261577061,1.77123449600629,0.287327336174102,0.5
"linear",4,6,0.1,7,"K2_c10","local",10,64,31,125,1.89703949481649,2.30694909003032,0.299242646440434,0.5
"linear",4,6,0.1,7,"K2_c12","local",12,77,25,125,1.77510730138426,2.22614174963341,0.261305175098038,0.5
"linear",4,6,0.1,7,"K2_c14","local",14,90,22,125,1.6669779931827,2.02748363916576,0.24656242272642,0.5
"linear",4,6,0.1,8,"K1_global","global",1,160,12,125,1.47416057699588,1.76370120903052,0.257438149894575,0.5
"linear",4,6,0.1,8,"K2_c10","local",10,64,31,125,1.88437674202293,2.28342296290412,0.291763646928115,0.5
"linear",4,6,0.1,8,"K2_c12","local",12,77,25,125,1.78551105819808,2.21082415387265,0.277986497020578,0.5
"linear",4,6,0.1,8,"K2_c14","local",14,90,22,125,1.70677116158415,2.10160773637739,0.259700450784133,0.5
"linear",4,6,0.1,9,"K1_global","global",1,160,12,125,1.48533064979705,1.78288393850633,0.270882708505901,0.5
"linear",4,6,0.1,9,"K2_c10","local",10,64,31,125,1.86523019334769,2.2561478248337,0.276232224203985,0.5
"linear",4,6,0.1,9,"K2_c12","local",12,77,25,125,1.80272448728711,2.2167419043748,0.29047749259717,0.5
"linear",4,6,0.1,9,"K2_c14","local",14,90,22,125,1.66586282314898,2.01502006639351,0.279228064977381,0.5
"linear",4,6,0.1,10,"K1_global","global",1,160,12,125,1.42348578703988,1.73111876562461,0.24213473752159,0.5
"linear",4,6,0.1,10,"K2_c10","local",10,64,31,125,1.93842086934627,2.33275703738568,0.310845049451298,0.5
"linear",4,6,0.1,10,"K2_c12","local",12,77,25,125,1.76268266219999,2.22492358824228,0.250798858974755,0.5
"linear",4,6,0.1,10,"K2_c14","local",14,90,22,125,1.74413441934145,2.14711891029776,0.289677043002268,0.5
"linear",4,6,0.1,11,"K1_global","global",1,160,12,125,1.39497071958369,1.7021145994023,0.275824318066234,0.5
"linear",4,6,0.1,11,"K2_c10","local",10,64,31,125,1.85592305335767,2.25428456930104,0.322420269972126,0.5
"linear",4,6,0.1,11,"K2_c12","local",12,77,25,125,1.74946569332143,2.16516035597943,0.252674587359536,0.5
"linear",4,6,0.1,11,"K2_c14","local",14,90,22,125,1.72599668889804,2.07877928114767,0.28983960066961,0.5
"linear",4,6,0.1,12,"K1_global","global",1,160,12,125,1.50944917369499,1.80483048021467,0.327557266183457,0.5
"linear",4,6,0.1,12,"K2_c10","local",10,64,31,125,1.95286577504188,2.35259236659631,0.311453087033312,0.5
"linear",4,6,0.1,12,"K2_c12","local",12,77,25,125,1.81029165225244,2.26365353007169,0.267239569192871,0.5
"linear",4,6,0.1,12,"K2_c14","local",14,90,22,125,1.7364764106543,2.14326858403758,0.2626400398539,0.5
"linear",5,1,4,1,"K1_global","global",1,160,12,125,13.6509078453739,14.6045723775996,8.46855627200885,20
"linear",5,1,4,1,"K2_c10","local",10,64,31,125,14.2301367911606,16.3368297610626,6.98690253711985,20
"linear",5,1,4,1,"K2_c12","local",12,77,25,125,13.3534785411643,15.1776450881426,7.43827330583051,20
"linear",5,1,4,1,"K2_c14","local",14,90,22,125,13.1613821107022,14.6934448748147,7.38253609390348,20
"linear",5,1,4,2,"K1_global","global",1,160,12,125,13.9625688356761,14.9898479419785,6.71883078315323,20
"linear",5,1,4,2,"K2_c10","local",10,64,31,125,14.2619479200676,16.2189776117093,5.54472781915583,20
"linear",5,1,4,2,"K2_c12","local",12,77,25,125,14.2048856191863,16.0726226806386,5.0316535098404,20
"linear",5,1,4,2,"K2_c14","local",14,90,22,125,13.7498281146894,15.1842751150206,5.52689046538356,20
"linear",5,1,4,3,"K1_global","global",1,160,12,125,13.1927720670696,14.3039988102221,8.49923881886049,20
"linear",5,1,4,3,"K2_c10","local",10,64,31,125,14.6536687916319,16.6476157728833,7.33720763303436,20
"linear",5,1,4,3,"K2_c12","local",12,77,25,125,13.9582262683816,15.6960043248335,7.58677544363634,20
"linear",5,1,4,3,"K2_c14","local",14,90,22,125,13.5451037306012,15.083076142193,8.21044303330152,20
"linear",5,1,4,4,"K1_global","global",1,160,12,125,13.8593444352692,15.009317812403,8.73398403033375,20
"linear",5,1,4,4,"K2_c10","local",10,64,31,125,14.6334709479529,16.6548906387662,7.0173815801792,20
"linear",5,1,4,4,"K2_c12","local",12,77,25,125,13.6637552317867,15.4830486756105,6.71970227144368,20
"linear",5,1,4,4,"K2_c14","local",14,90,22,125,13.6119831421971,15.301771114948,6.92138435837566,20
"linear",5,1,4,5,"K1_global","global",1,160,12,125,13.1807590355664,14.1886917235031,6.30299192319433,20
"linear",5,1,4,5,"K2_c10","local",10,64,31,125,14.0659354967544,15.7978842338781,5.46331087471627,20
"linear",5,1,4,5,"K2_c12","local",12,77,25,125,13.4977253230577,15.2960879686829,5.23379699176777,20
"linear",5,1,4,5,"K2_c14","local",14,90,22,125,13.4506346090725,15.1522429812867,5.50963635451562,20
"linear",5,1,4,6,"K1_global","global",1,160,12,125,14.1159909621607,15.051771220677,7.53645603005037,20
"linear",5,1,4,6,"K2_c10","local",10,64,31,125,15.0144978459166,16.756689396517,7.2200720183147,20
"linear",5,1,4,6,"K2_c12","local",12,77,25,125,14.6878564323696,16.3907573712788,6.66530301554643,20
"linear",5,1,4,6,"K2_c14","local",14,90,22,125,14.3022575521961,15.5382735166336,7.39763748686116,20
"linear",5,1,4,7,"K1_global","global",1,160,12,125,12.9857772652777,14.2278724693575,7.10029015560274,20
"linear",5,1,4,7,"K2_c10","local",10,64,31,125,13.8811299895107,16.0354092849702,6.60730708873248,20
"linear",5,1,4,7,"K2_c12","local",12,77,25,125,14.4644412754935,16.2683071876109,7.90685987883323,20
"linear",5,1,4,7,"K2_c14","local",14,90,22,125,13.9751450384708,15.80764936494,7.155206742534,20
"linear",5,1,4,8,"K1_global","global",1,160,12,125,13.5029538856975,14.3284484946054,8.17371376953107,20
"linear",5,1,4,8,"K2_c10","local",10,64,31,125,14.135619827812,15.8766130631978,7.1584691744499,20
"linear",5,1,4,8,"K2_c12","local",12,77,25,125,14.2510962476997,15.7244429626716,7.60476070423746,20
"linear",5,1,4,8,"K2_c14","local",14,90,22,125,13.9585276516699,15.4292601635739,7.22827046465827,20
"linear",5,1,4,9,"K1_global","global",1,160,12,125,13.8845378132159,14.814066520937,9.22823080527519,20
"linear",5,1,4,9,"K2_c10","local",10,64,31,125,13.742647337073,15.5960513121242,7.28870101974261,20
"linear",5,1,4,9,"K2_c12","local",12,77,25,125,13.7723715682801,15.4548091609435,7.52364160623172,20
"linear",5,1,4,9,"K2_c14","local",14,90,22,125,13.93187698172,15.5120085218858,7.89957036745325,20
"linear",5,1,4,10,"K1_global","global",1,160,12,125,14.0162602194803,15.1471695858542,6.20691100916076,20
"linear",5,1,4,10,"K2_c10","local",10,64,31,125,14.2618682916933,16.3848288520551,5.53423877532129,20
"linear",5,1,4,10,"K2_c12","local",12,77,25,125,15.0318042128668,16.805028332105,5.66855482522466,20
"linear",5,1,4,10,"K2_c14","local",14,90,22,125,14.2663224193805,15.8438574138272,6.00904356812166,20
"linear",5,1,4,11,"K1_global","global",1,160,12,125,13.5728084235004,14.5026256908644,5.85380194627608,20
"linear",5,1,4,11,"K2_c10","local",10,64,31,125,14.4815411938067,16.6815966228448,5.16083456568614,20
"linear",5,1,4,11,"K2_c12","local",12,77,25,125,14.2590923796687,16.1762879389507,5.23186587232135,20
"linear",5,1,4,11,"K2_c14","local",14,90,22,125,14.1024164283234,15.7005886683767,5.79410945388632,20
"linear",5,1,4,12,"K1_global","global",1,160,12,125,14.3226670181876,15.1121098797499,7.36638397718869,20
"linear",5,1,4,12,"K2_c10","local",10,64,31,125,14.5844022461521,16.4839466101216,5.7609823902133,20
"linear",5,1,4,12,"K2_c12","local",12,77,25,125,14.2267770316517,15.7794271374676,6.37483308108103,20
"linear",5,1,4,12,"K2_c14","local",14,90,22,125,14.2069851849685,15.5416651692825,6.49032854191716,20
"linear",5,2,2,1,"K1_global","global",1,160,12,125,7.16625528238589,7.77386927098151,2.78591775791534,10
"linear",5,2,2,1,"K2_c10","local",10,64,31,125,7.34932142049473,8.64207493459636,2.2573493052708,10
"linear",5,2,2,1,"K2_c12","local",12,77,25,125,7.61844249800946,8.74585406160893,2.74096259493934,10
"linear",5,2,2,1,"K2_c14","local",14,90,22,125,7.24682121139362,8.116316863166,2.70719558005795,10
"linear",5,2,2,2,"K1_global","global",1,160,12,125,7.16975881980146,7.80767129779499,3.21432585922902,10
"linear",5,2,2,2,"K2_c10","local",10,64,31,125,7.22657243022166,8.47013926072258,2.44289139384003,10
"linear",5,2,2,2,"K2_c12","local",12,77,25,125,7.4919167686331,8.59564519365741,2.5316669904957,10
"linear",5,2,2,2,"K2_c14","local",14,90,22,125,7.18573690319057,8.18054434711039,2.41663015756917,10
"linear",5,2,2,3,"K1_global","global",1,160,12,125,7.28619682675458,7.84487611844725,3.66115109687607,10
"linear",5,2,2,3,"K2_c10","local",10,64,31,125,7.879585807593,9.02121741937833,3.38466641262138,10
"linear",5,2,2,3,"K2_c12","local",12,77,25,125,7.81117059017736,8.77862034915836,3.27202921346935,10
"linear",5,2,2,3,"K2_c14","local",14,90,22,125,7.67980579558961,8.58266986010485,3.40523705279769,10
"linear",5,2,2,4,"K1_global","global",1,160,12,125,7.13780609896157,7.73358747504202,3.60926234128081,10
"linear",5,2,2,4,"K2_c10","local",10,64,31,125,7.32386200873716,8.24655206190119,3.00795917391162,10
"linear",5,2,2,4,"K2_c12","local",12,77,25,125,7.57474192020723,8.61572327696471,3.11432003654898,10
"linear",5,2,2,4,"K2_c14","local",14,90,22,125,7.25938187460729,8.14685459641754,3.28005430066973,10
"linear",5,2,2,5,"K1_global","global",1,160,12,125,7.10544836276922,7.78945231650673,3.28869068869065,10
"linear",5,2,2,5,"K2_c10","local",10,64,31,125,7.52674118303442,8.56770854205933,2.85848816734358,10
"linear",5,2,2,5,"K2_c12","local",12,77,25,125,7.94623900333634,8.9672423256387,3.41996872895933,10
"linear",5,2,2,5,"K2_c14","local",14,90,22,125,7.32947054550195,8.17571233506533,3.27422354329767,10
"linear",5,2,2,6,"K1_global","global",1,160,12,125,7.15918907394464,7.89233614616074,3.15520257555791,10
"linear",5,2,2,6,"K2_c10","local",10,64,31,125,7.86425532907766,9.03127166219536,2.93071963957815,10
"linear",5,2,2,6,"K2_c12","local",12,77,25,125,7.93280643657222,9.09616374568982,2.83039227808686,10
"linear",5,2,2,6,"K2_c14","local",14,90,22,125,7.19992711802949,8.30076735136412,2.32055131743819,10
"linear",5,2,2,7,"K1_global","global",1,160,12,125,7.18427112903764,7.81545532915505,3.5486834415295,10
"linear",5,2,2,7,"K2_c10","local",10,64,31,125,7.70180651060997,8.68931394146781,3.181270622064,10
"linear",5,2,2,7,"K2_c12","local",12,77,25,125,7.60710252350358,8.54522535420371,3.12766582861861,10
"linear",5,2,2,7,"K2_c14","local",14,90,22,125,7.26026789859164,8.07783089788168,3.10192590865572,10
"linear",5,2,2,8,"K1_global","global",1,160,12,125,7.06157030513444,7.75924332348157,3.57055008661149,10
"linear",5,2,2,8,"K2_c10","local",10,64,31,125,7.80162010226955,8.87632956666208,3.32935020090667,10
"linear",5,2,2,8,"K2_c12","local",12,77,25,125,7.66915653066956,8.75933782626986,3.48400085352389,10
"linear",5,2,2,8,"K2_c14","local",14,90,22,125,7.31692317106776,8.28768224775238,3.27202112833732,10
"linear",5,2,2,9,"K1_global","global",1,160,12,125,7.20222172380797,7.84741362084199,4.29195479485316,10
"linear",5,2,2,9,"K2_c10","local",10,64,31,125,7.82958554677211,8.92420856759283,3.91718343225077,10
"linear",5,2,2,9,"K2_c12","local",12,77,25,125,7.94726049430738,8.92342683294618,4.22483328878733,10
"linear",5,2,2,9,"K2_c14","local",14,90,22,125,7.48733325796214,8.2915907997301,4.06149699949351,10
"linear",5,2,2,10,"K1_global","global",1,160,12,125,6.89800648541073,7.5764636406646,2.98606286765354,10
"linear",5,2,2,10,"K2_c10","local",10,64,31,125,7.43850782968653,8.42588667069067,2.82335553425588,10
"linear",5,2,2,10,"K2_c12","local",12,77,25,125,7.17114966969209,8.29363160363266,2.48299130616787,10
"linear",5,2,2,10,"K2_c14","local",14,90,22,125,6.93349708337857,7.92644213853701,2.58996320970597,10
"linear",5,2,2,11,"K1_global","global",1,160,12,125,7.15393713075074,7.81582521823114,3.27081705062397,10
"linear",5,2,2,11,"K2_c10","local",10,64,31,125,7.57596190683706,8.56205857299611,2.96623402334432,10
"linear",5,2,2,11,"K2_c12","local",12,77,25,125,7.97414643445847,8.91240667623381,2.9536772699354,10
"linear",5,2,2,11,"K2_c14","local",14,90,22,125,7.56148644869162,8.42458866495567,3.15624552278957,10
"linear",5,2,2,12,"K1_global","global",1,160,12,125,7.21905640736892,7.83371517531481,4.52936509676216,10
"linear",5,2,2,12,"K2_c10","local",10,64,31,125,7.52564910087487,8.66692135739622,4.10475779088094,10
"linear",5,2,2,12,"K2_c12","local",12,77,25,125,7.8694458383634,8.80678085972038,4.50267131684765,10
"linear",5,2,2,12,"K2_c14","local",14,90,22,125,7.77247988271102,8.53820210615115,4.50696799147013,10
"linear",5,3,1,1,"K1_global","global",1,160,12,125,3.78319659498361,4.31411638875197,1.58259529389814,5
"linear",5,3,1,1,"K2_c10","local",10,64,31,125,4.51575332422728,5.48216821077772,1.41557175349779,5
"linear",5,3,1,1,"K2_c12","local",12,77,25,125,4.38654872675063,5.13596969094564,1.483295972185,5
"linear",5,3,1,1,"K2_c14","local",14,90,22,125,4.01333625335678,4.6939487580706,1.35888857759752,5
"linear",5,3,1,2,"K1_global","global",1,160,12,125,3.9724943246675,4.38089610333086,1.88920075953521,5
"linear",5,3,1,2,"K2_c10","local",10,64,31,125,4.28333594734583,4.97292499801184,1.37993652075927,5
"linear",5,3,1,2,"K2_c12","local",12,77,25,125,4.40026846684222,5.08990242448687,1.65924868359177,5
"linear",5,3,1,2,"K2_c14","local",14,90,22,125,4.28182795241132,4.84708874142962,1.91768412263688,5
"linear",5,3,1,3,"K1_global","global",1,160,12,125,3.72906736522804,4.22671379611131,1.43214461320952,5
"linear",5,3,1,3,"K2_c10","local",10,64,31,125,4.48577704637408,5.35478528434505,1.11252504010428,5
"linear",5,3,1,3,"K2_c12","local",12,77,25,125,4.42933473835932,5.26961960134869,1.2917570745048,5
"linear",5,3,1,3,"K2_c14","local",14,90,22,125,4.21771753514009,4.93925836502557,1.34526423128443,5
"linear",5,3,1,4,"K1_global","global",1,160,12,125,3.85547972688457,4.31459624092217,1.57620331739324,5
"linear",5,3,1,4,"K2_c10","local",10,64,31,125,4.55610014085828,5.35897702975976,1.38478747463779,5
"linear",5,3,1,4,"K2_c12","local",12,77,25,125,4.41516346835891,5.22632085087344,1.57235167224252,5
"linear",5,3,1,4,"K2_c14","local",14,90,22,125,4.41351998995949,5.14615652772741,1.63456112430835,5
"linear",5,3,1,5,"K1_global","global",1,160,12,125,3.93868201198171,4.3971029830577,1.97999706082775,5
"linear",5,3,1,5,"K2_c10","local",10,64,31,125,4.5211073238857,5.21792522434305,1.7938741206458,5
"linear",5,3,1,5,"K2_c12","local",12,77,25,125,4.37079939864125,5.14162941220236,1.72736012719456,5
"linear",5,3,1,5,"K2_c14","local",14,90,22,125,4.24467319555512,4.88307118667492,1.81787697256492,5
"linear",5,3,1,6,"K1_global","global",1,160,12,125,3.91563324525793,4.37585710348836,1.65573193089176,5
"linear",5,3,1,6,"K2_c10","local",10,64,31,125,4.57436518048609,5.29840948197712,1.33297346472492,5
"linear",5,3,1,6,"K2_c12","local",12,77,25,125,4.39224651541022,5.08811928611363,1.344820828837,5
"linear",5,3,1,6,"K2_c14","local",14,90,22,125,4.1058685295938,4.69254632635792,1.25527071106788,5
"linear",5,3,1,7,"K1_global","global",1,160,12,125,3.88282123237806,4.41971224905491,1.93859279486428,5
"linear",5,3,1,7,"K2_c10","local",10,64,31,125,4.60542847880015,5.40057914979557,1.78752229739965,5
"linear",5,3,1,7,"K2_c12","local",12,77,25,125,4.63198595136187,5.36910781007323,1.70115000693619,5
"linear",5,3,1,7,"K2_c14","local",14,90,22,125,4.34543023765745,5.05348784309773,1.87411504032859,5
"linear",5,3,1,8,"K1_global","global",1,160,12,125,3.82115697424793,4.22084778079644,2.38687507789422,5
"linear",5,3,1,8,"K2_c10","local",10,64,31,125,4.34605909958496,5.16268144667298,2.15662619883573,5
"linear",5,3,1,8,"K2_c12","local",12,77,25,125,4.28033988546303,4.9918024239993,2.17096596098195,5
"linear",5,3,1,8,"K2_c14","local",14,90,22,125,4.16196277059458,4.85531185159342,2.13608631819008,5
"linear",5,3,1,9,"K1_global","global",1,160,12,125,3.77931782398053,4.24055569428683,1.39109179853656,5
"linear",5,3,1,9,"K2_c10","local",10,64,31,125,4.37887534304946,5.30138197854733,1.26920408382526,5
"linear",5,3,1,9,"K2_c12","local",12,77,25,125,4.2590371697807,5.04673507832407,1.2377732625308,5
"linear",5,3,1,9,"K2_c14","local",14,90,22,125,4.11075654039165,4.800436837629,1.13127517345196,5
"linear",5,3,1,10,"K1_global","global",1,160,12,125,3.74749614809781,4.16744445326364,1.61168322297594,5
"linear",5,3,1,10,"K2_c10","local",10,64,31,125,4.23578743551068,4.93842560799475,1.33440092649245,5
"linear",5,3,1,10,"K2_c12","local",12,77,25,125,4.33887354295541,5.01162833661623,1.47182213944402,5
"linear",5,3,1,10,"K2_c14","local",14,90,22,125,4.14162754804028,4.64577739015629,1.45623807472944,5
"linear",5,3,1,11,"K1_global","global",1,160,12,125,3.91396736907059,4.34091948138388,1.56729493061206,5
"linear",5,3,1,11,"K2_c10","local",10,64,31,125,4.69813704835561,5.46899969689172,1.24344017168595,5
"linear",5,3,1,11,"K2_c12","local",12,77,25,125,4.39189531799575,5.21665949906858,1.33802895268763,5
"linear",5,3,1,11,"K2_c14","local",14,90,22,125,4.1727074217064,4.74922228667164,1.47986635398907,5
"linear",5,3,1,12,"K1_global","global",1,160,12,125,3.94764748120254,4.42104657067685,2.22857423361089,5
"linear",5,3,1,12,"K2_c10","local",10,64,31,125,4.51772654211335,5.33373329000073,2.12302179692742,5
"linear",5,3,1,12,"K2_c12","local",12,77,25,125,4.30606707605067,5.09005046442531,1.8512383754282,5
"linear",5,3,1,12,"K2_c14","local",14,90,22,125,4.07847627776439,4.74130295461007,1.97265701790255,5
"linear",5,4,0.5,1,"K1_global","global",1,160,12,125,2.4262951534869,2.87696817434978,0.892577661500563,2.5
"linear",5,4,0.5,1,"K2_c10","local",10,64,31,125,3.04970469139698,3.69647714487906,0.830314781619924,2.5
"linear",5,4,0.5,1,"K2_c12","local",12,77,25,125,3.09911175250949,3.74869268320608,0.997052802918439,2.5
"linear",5,4,0.5,1,"K2_c14","local",14,90,22,125,2.89148888235782,3.42704780377351,0.96206942746849,2.5
"linear",5,4,0.5,2,"K1_global","global",1,160,12,125,2.3758232559952,2.80763845697463,0.693115846781257,2.5
"linear",5,4,0.5,2,"K2_c10","local",10,64,31,125,3.19893411278417,3.83040548601283,0.680367419063453,2.5
"linear",5,4,0.5,2,"K2_c12","local",12,77,25,125,3.01603674154848,3.65296078295928,0.494393412479651,2.5
"linear",5,4,0.5,2,"K2_c14","local",14,90,22,125,2.83576178472263,3.38682700980102,0.661121320498783,2.5
"linear",5,4,0.5,3,"K1_global","global",1,160,12,125,2.54493813380493,2.95747546500242,1.24981031572262,2.5
"linear",5,4,0.5,3,"K2_c10","local",10,64,31,125,2.97217085433583,3.6134422647515,0.820129179960854,2.5
"linear",5,4,0.5,3,"K2_c12","local",12,77,25,125,3.04224394814578,3.68764259728499,1.01565175915961,2.5
"linear",5,4,0.5,3,"K2_c14","local",14,90,22,125,2.77259057688317,3.28758649559231,1.0661622888554,2.5
"linear",5,4,0.5,4,"K1_global","global",1,160,12,125,2.3983845854852,2.85874557158269,0.707269317056045,2.5
"linear",5,4,0.5,4,"K2_c10","local",10,64,31,125,3.10748345569852,3.83604615018886,0.646846644558839,2.5
"linear",5,4,0.5,4,"K2_c12","local",12,77,25,125,3.01053667369088,3.64843154396122,0.503371522525262,2.5
"linear",5,4,0.5,4,"K2_c14","local",14,90,22,125,2.85426347128683,3.41026209959206,0.595378259301001,2.5
"linear",5,4,0.5,5,"K1_global","global",1,160,12,125,2.46232834791295,2.84927691841247,0.806535128532802,2.5
"linear",5,4,0.5,5,"K2_c10","local",10,64,31,125,2.88260732459561,3.43485582425626,0.863124268375493,2.5
"linear",5,4,0.5,5,"K2_c12","local",12,77,25,125,3.02163978453996,3.6258722036618,0.821439025157024,2.5
"linear",5,4,0.5,5,"K2_c14","local",14,90,22,125,2.72328311078724,3.17863739571562,0.811954617569198,2.5
"linear",5,4,0.5,6,"K1_global","global",1,160,12,125,2.45715284592502,2.88067159643741,0.890386007585191,2.5
"linear",5,4,0.5,6,"K2_c10","local",10,64,31,125,2.92186611582814,3.49477412893488,0.678119817718282,2.5
"linear",5,4,0.5,6,"K2_c12","local",12,77,25,125,2.98207209972305,3.60920028303633,0.700113604331416,2.5
"linear",5,4,0.5,6,"K2_c14","local",14,90,22,125,2.85242578541425,3.39434195134141,0.810706509425869,2.5
"linear",5,4,0.5,7,"K1_global","global",1,160,12,125,2.49257734956142,2.95571365653034,0.743606735236901,2.5
"linear",5,4,0.5,7,"K2_c10","local",10,64,31,125,3.30930749168877,3.94150190752726,0.787200810468034,2.5
"linear",5,4,0.5,7,"K2_c12","local",12,77,25,125,3.22420560988311,3.88619811316784,0.871971359625378,2.5
"linear",5,4,0.5,7,"K2_c14","local",14,90,22,125,2.95379791344651,3.512629206274,0.77301727419448,2.5
"linear",5,4,0.5,8,"K1_global","global",1,160,12,125,2.44037877045875,2.86107923286964,0.910346086640314,2.5
"linear",5,4,0.5,8,"K2_c10","local",10,64,31,125,2.98323756875278,3.57576677130859,0.821874303014001,2.5
"linear",5,4,0.5,8,"K2_c12","local",12,77,25,125,3.05643088966568,3.67542590385002,0.71746309222366,2.5
"linear",5,4,0.5,8,"K2_c14","local",14,90,22,125,2.89128754366505,3.38827887580232,0.721607576147929,2.5
"linear",5,4,0.5,9,"K1_global","global",1,160,12,125,2.40045292309713,2.82767794936676,0.941923647386697,2.5
"linear",5,4,0.5,9,"K2_c10","local",10,64,31,125,3.14252421385386,3.77717260429687,0.722381398559174,2.5
"linear",5,4,0.5,9,"K2_c12","local",12,77,25,125,3.12867750145964,3.67150623455118,0.907563196884724,2.5
"linear",5,4,0.5,9,"K2_c14","local",14,90,22,125,2.97588781097991,3.55200002265404,0.940121938484012,2.5
"linear",5,4,0.5,10,"K1_global","global",1,160,12,125,2.57449453611717,3.01005722885493,1.10375176094857,2.5
"linear",5,4,0.5,10,"K2_c10","local",10,64,31,125,3.27562275314453,3.91971020769903,1.07170903337107,2.5
"linear",5,4,0.5,10,"K2_c12","local",12,77,25,125,3.08575887852149,3.7857276744894,0.94988902882681,2.5
"linear",5,4,0.5,10,"K2_c14","local",14,90,22,125,2.9083417013877,3.43129230698809,1.11142696204543,2.5
"linear",5,4,0.5,11,"K1_global","global",1,160,12,125,2.4299707751306,2.87683125732891,0.758387641415919,2.5
"linear",5,4,0.5,11,"K2_c10","local",10,64,31,125,2.87262079155724,3.50040814564329,0.688905788268981,2.5
"linear",5,4,0.5,11,"K2_c12","local",12,77,25,125,2.99535513422826,3.63115100859218,0.785833124964245,2.5
"linear",5,4,0.5,11,"K2_c14","local",14,90,22,125,2.71621594708474,3.28609762891652,0.716497331582349,2.5
"linear",5,4,0.5,12,"K1_global","global",1,160,12,125,2.3951399931005,2.77173078653919,1.01761711324325,2.5
"linear",5,4,0.5,12,"K2_c10","local",10,64,31,125,3.08327391277168,3.68565084706629,0.865291178202697,2.5
"linear",5,4,0.5,12,"K2_c12","local",12,77,25,125,3.04844134728155,3.59355984246619,0.877945909299229,2.5
"linear",5,4,0.5,12,"K2_c14","local",14,90,22,125,2.80494616313965,3.36079077454724,0.933966175451949,2.5
"linear",5,5,0.25,1,"K1_global","global",1,160,12,125,1.91037787238649,2.27954625695554,0.33222895004445,1.25
"linear",5,5,0.25,1,"K2_c10","local",10,64,31,125,2.50037188349021,3.0531017977321,0.442539116063272,1.25
"linear",5,5,0.25,1,"K2_c12","local",12,77,25,125,2.46494212172037,3.01961376100339,0.376394755370338,1.25
"linear",5,5,0.25,1,"K2_c14","local",14,90,22,125,2.35747004230509,2.83189172222229,0.374855191842758,1.25
"linear",5,5,0.25,2,"K1_global","global",1,160,12,125,1.85401948748805,2.24597140883583,0.541003505474183,1.25
"linear",5,5,0.25,2,"K2_c10","local",10,64,31,125,2.45771609476905,2.97852912525003,0.374851187874697,1.25
"linear",5,5,0.25,2,"K2_c12","local",12,77,25,125,2.37776211391388,2.87920706276957,0.367711551196926,1.25
"linear",5,5,0.25,2,"K2_c14","local",14,90,22,125,2.2346049440744,2.70762022476407,0.366559711266678,1.25
"linear",5,5,0.25,3,"K1_global","global",1,160,12,125,1.79997699816014,2.18511112270862,0.429975815055894,1.25
"linear",5,5,0.25,3,"K2_c10","local",10,64,31,125,2.57144246530112,3.12933758893306,0.431374718738815,1.25
"linear",5,5,0.25,3,"K2_c12","local",12,77,25,125,2.61942293762088,3.14535499091085,0.419350373089266,1.25
"linear",5,5,0.25,3,"K2_c14","local",14,90,22,125,2.37764354061631,2.88099226002673,0.41409431325189,1.25
"linear",5,5,0.25,4,"K1_global","global",1,160,12,125,1.89786784961324,2.29721640566638,0.342514527072304,1.25
"linear",5,5,0.25,4,"K2_c10","local",10,64,31,125,2.60154776306622,3.1996216771352,0.436315896935866,1.25
"linear",5,5,0.25,4,"K2_c12","local",12,77,25,125,2.65066498680735,3.24655266337951,0.466828095461907,1.25
"linear",5,5,0.25,4,"K2_c14","local",14,90,22,125,2.4209794056119,2.90238120673673,0.378963865600855,1.25
"linear",5,5,0.25,5,"K1_global","global",1,160,12,125,1.96521784249608,2.33919483453509,0.413418524282973,1.25
"linear",5,5,0.25,5,"K2_c10","local",10,64,31,125,2.60656776605117,3.14779982430253,0.434931405668165,1.25
"linear",5,5,0.25,5,"K2_c12","local",12,77,25,125,2.60069697801288,3.22000327495691,0.425749218913769,1.25
"linear",5,5,0.25,5,"K2_c14","local",14,90,22,125,2.42386145517038,2.95405354983541,0.398799127282403,1.25
"linear",5,5,0.25,6,"K1_global","global",1,160,12,125,1.95677698453898,2.36557675956102,0.552852124655307,1.25
"linear",5,5,0.25,6,"K2_c10","local",10,64,31,125,2.62359421225855,3.20219297412366,0.396556643180228,1.25
"linear",5,5,0.25,6,"K2_c12","local",12,77,25,125,2.61505708769271,3.13283106774261,0.427727148142937,1.25
"linear",5,5,0.25,6,"K2_c14","local",14,90,22,125,2.3505842187939,2.84739370590665,0.402238636434107,1.25
"linear",5,5,0.25,7,"K1_global","global",1,160,12,125,1.85085616677443,2.21381656289675,0.436688895912437,1.25
"linear",5,5,0.25,7,"K2_c10","local",10,64,31,125,2.39187691424997,2.8996219545647,0.459862460968281,1.25
"linear",5,5,0.25,7,"K2_c12","local",12,77,25,125,2.39525310759248,2.91211089163913,0.379034601031736,1.25
"linear",5,5,0.25,7,"K2_c14","local",14,90,22,125,2.21346736963621,2.64939476112532,0.387810893287351,1.25
"linear",5,5,0.25,8,"K1_global","global",1,160,12,125,1.85998577826759,2.27070062845123,0.41388185939451,1.25
"linear",5,5,0.25,8,"K2_c10","local",10,64,31,125,2.49635695119713,3.07572348818283,0.392143461985764,1.25
"linear",5,5,0.25,8,"K2_c12","local",12,77,25,125,2.53576095480153,3.0714015866696,0.398414891479874,1.25
"linear",5,5,0.25,8,"K2_c14","local",14,90,22,125,2.28333987546264,2.7733327287685,0.382183089424282,1.25
"linear",5,5,0.25,9,"K1_global","global",1,160,12,125,1.8800021508719,2.25424542116262,0.602865068029165,1.25
"linear",5,5,0.25,9,"K2_c10","local",10,64,31,125,2.41345678210182,2.97739165373207,0.545620208757767,1.25
"linear",5,5,0.25,9,"K2_c12","local",12,77,25,125,2.5925106980032,3.06236288417754,0.593801946158005,1.25
"linear",5,5,0.25,9,"K2_c14","local",14,90,22,125,2.19946120070639,2.66034959405065,0.539595022805393,1.25
"linear",5,5,0.25,10,"K1_global","global",1,160,12,125,1.86648891620975,2.24404010961014,0.329136116929535,1.25
"linear",5,5,0.25,10,"K2_c10","local",10,64,31,125,2.53998927754679,3.12540020593222,0.470314078882769,1.25
"linear",5,5,0.25,10,"K2_c12","local",12,77,25,125,2.61707334492258,3.14015360647965,0.405263845300239,1.25
"linear",5,5,0.25,10,"K2_c14","local",14,90,22,125,2.34985766847177,2.86649773682896,0.396680326749973,1.25
"linear",5,5,0.25,11,"K1_global","global",1,160,12,125,1.92527320079265,2.30384291408746,0.410426758861385,1.25
"linear",5,5,0.25,11,"K2_c10","local",10,64,31,125,2.63948509805098,3.20380492247685,0.435749517343133,1.25
"linear",5,5,0.25,11,"K2_c12","local",12,77,25,125,2.49240353046218,3.06481202972951,0.443768804802372,1.25
"linear",5,5,0.25,11,"K2_c14","local",14,90,22,125,2.26459574767914,2.74390497402639,0.414277787983395,1.25
"linear",5,5,0.25,12,"K1_global","global",1,160,12,125,1.94185661992893,2.34646965471549,0.605009940157489,1.25
"linear",5,5,0.25,12,"K2_c10","local",10,64,31,125,2.58917577884542,3.11433206472302,0.653691336483623,1.25
"linear",5,5,0.25,12,"K2_c12","local",12,77,25,125,2.62615684553523,3.17177225332796,0.73428633622041,1.25
"linear",5,5,0.25,12,"K2_c14","local",14,90,22,125,2.33541067478958,2.79535370488879,0.597617675860523,1.25
"linear",5,6,0.1,1,"K1_global","global",1,160,12,125,1.67207165096781,2.05392174879606,0.243785767456515,0.5
"linear",5,6,0.1,1,"K2_c10","local",10,64,31,125,2.38325018420516,2.92666727312615,0.382207994524417,0.5
"linear",5,6,0.1,1,"K2_c12","local",12,77,25,125,2.4240985276318,2.94510622587788,0.386720080018011,0.5
"linear",5,6,0.1,1,"K2_c14","local",14,90,22,125,2.20422042794651,2.63895917835724,0.345992501562746,0.5
"linear",5,6,0.1,2,"K1_global","global",1,160,12,125,1.61617797398579,1.96912478005823,0.228243571427224,0.5
"linear",5,6,0.1,2,"K2_c10","local",10,64,31,125,2.30472386754176,2.8168189340939,0.366485135907792,0.5
"linear",5,6,0.1,2,"K2_c12","local",12,77,25,125,2.28763223450497,2.81069257175829,0.345041792941569,0.5
"linear",5,6,0.1,2,"K2_c14","local",14,90,22,125,2.06576472794977,2.50101593944134,0.319001694237384,0.5
"linear",5,6,0.1,3,"K1_global","global",1,160,12,125,1.6155280925706,2.00399077624928,0.29127205447337,0.5
"linear",5,6,0.1,3,"K2_c10","local",10,64,31,125,2.17806755501124,2.66698830226369,0.369199240714542,0.5
"linear",5,6,0.1,3,"K2_c12","local",12,77,25,125,2.22200404648794,2.71898095978935,0.351602148209825,0.5
"linear",5,6,0.1,3,"K2_c14","local",14,90,22,125,2.09587237484861,2.54596149347198,0.360472553336736,0.5
"linear",5,6,0.1,4,"K1_global","global",1,160,12,125,1.64090062043748,2.05030968997478,0.249732805046945,0.5
"linear",5,6,0.1,4,"K2_c10","local",10,64,31,125,2.42980836408091,2.9492546062854,0.357947688779971,0.5
"linear",5,6,0.1,4,"K2_c12","local",12,77,25,125,2.38230373057728,2.95014926984334,0.372497881763209,0.5
"linear",5,6,0.1,4,"K2_c14","local",14,90,22,125,2.20252779114856,2.69099097038091,0.382485484494416,0.5
"linear",5,6,0.1,5,"K1_global","global",1,160,12,125,1.6740449830478,2.05045861664349,0.260271962347283,0.5
"linear",5,6,0.1,5,"K2_c10","local",10,64,31,125,2.31671904075111,2.85246828371855,0.375748733630891,0.5
"linear",5,6,0.1,5,"K2_c12","local",12,77,25,125,2.33731333781877,2.81673057391981,0.430482889027629,0.5
"linear",5,6,0.1,5,"K2_c14","local",14,90,22,125,2.09320966581163,2.54683672630149,0.334646302640633,0.5
"linear",5,6,0.1,6,"K1_global","global",1,160,12,125,1.68359783809211,2.05038006752837,0.267024729558492,0.5
"linear",5,6,0.1,6,"K2_c10","local",10,64,31,125,2.33650543320655,2.87503178638312,0.352021700871019,0.5
"linear",5,6,0.1,6,"K2_c12","local",12,77,25,125,2.35291943828822,2.87659403971605,0.397835741432306,0.5
"linear",5,6,0.1,6,"K2_c14","local",14,90,22,125,2.20951213594228,2.67286239909608,0.355136610628327,0.5
"linear",5,6,0.1,7,"K1_global","global",1,160,12,125,1.68048746575202,2.04191342613147,0.270219341735407,0.5
"linear",5,6,0.1,7,"K2_c10","local",10,64,31,125,2.36680090323795,2.88083967135563,0.410732284878872,0.5
"linear",5,6,0.1,7,"K2_c12","local",12,77,25,125,2.37704120957078,2.91047158998189,0.382138176051383,0.5
"linear",5,6,0.1,7,"K2_c14","local",14,90,22,125,2.16947914381667,2.61310269579247,0.297774283296032,0.5
"linear",5,6,0.1,8,"K1_global","global",1,160,12,125,1.67111100954915,2.03961922603484,0.274825277914492,0.5
"linear",5,6,0.1,8,"K2_c10","local",10,64,31,125,2.26963122275559,2.79527320613622,0.354737325525316,0.5
"linear",5,6,0.1,8,"K2_c12","local",12,77,25,125,2.40258848522682,2.91834358450349,0.371072534829327,0.5
"linear",5,6,0.1,8,"K2_c14","local",14,90,22,125,2.18564254688948,2.64765963435745,0.378351468467291,0.5
"linear",5,6,0.1,9,"K1_global","global",1,160,12,125,1.64775324206698,2.02250943067279,0.260745090787639,0.5
"linear",5,6,0.1,9,"K2_c10","local",10,64,31,125,2.27275403111902,2.75518831844665,0.335361850338599,0.5
"linear",5,6,0.1,9,"K2_c12","local",12,77,25,125,2.22480681836396,2.76640619565947,0.35607530365213,0.5
"linear",5,6,0.1,9,"K2_c14","local",14,90,22,125,2.05852096583363,2.48947267864167,0.315818531290727,0.5
"linear",5,6,0.1,10,"K1_global","global",1,160,12,125,1.67946213998594,2.04081020259554,0.334410620492301,0.5
"linear",5,6,0.1,10,"K2_c10","local",10,64,31,125,2.34586421348213,2.85943013987022,0.384167011213743,0.5
"linear",5,6,0.1,10,"K2_c12","local",12,77,25,125,2.39518920790963,2.90742664214551,0.367986692509241,0.5
"linear",5,6,0.1,10,"K2_c14","local",14,90,22,125,2.07834459595735,2.52167646519568,0.346987459467063,0.5
"linear",5,6,0.1,11,"K1_global","global",1,160,12,125,1.67576978412561,2.05870125339097,0.2824271707182,0.5
"linear",5,6,0.1,11,"K2_c10","local",10,64,31,125,2.34378778957414,2.84305905695655,0.355501338348338,0.5
"linear",5,6,0.1,11,"K2_c12","local",12,77,25,125,2.30971502975711,2.81255833041143,0.421346771340321,0.5
"linear",5,6,0.1,11,"K2_c14","local",14,90,22,125,2.07271649447928,2.53939171832837,0.350291852744612,0.5
"linear",5,6,0.1,12,"K1_global","global",1,160,12,125,1.68390596842308,2.05226443680611,0.262613875342956,0.5
"linear",5,6,0.1,12,"K2_c10","local",10,64,31,125,2.27796119207704,2.81208464285598,0.418099356674438,0.5
"linear",5,6,0.1,12,"K2_c12","local",12,77,25,125,2.3166755066845,2.82472413095683,0.381039759694162,0.5
"linear",5,6,0.1,12,"K2_c14","local",14,90,22,125,2.1323713900443,2.59655831205125,0.333701239967586,0.5
"linear",6,1,4,1,"K1_global","global",1,160,12,125,13.9844514609911,14.9116264419761,8.97882138712224,20
"linear",6,1,4,1,"K2_c10","local",10,64,31,125,14.3594481047143,16.2005926321292,8.18358451163925,20
"linear",6,1,4,1,"K2_c12","local",12,77,25,125,14.5344782540926,16.0305715519221,8.57700571107155,20
"linear",6,1,4,1,"K2_c14","local",14,90,22,125,14.1986064236122,15.8712557798133,7.79904955917455,20
"linear",6,1,4,2,"K1_global","global",1,160,12,125,13.3636816089237,14.4418818763649,6.32231231930077,20
"linear",6,1,4,2,"K2_c10","local",10,64,31,125,14.2440552720546,16.4415737084571,4.86777928597098,20
"linear",6,1,4,2,"K2_c12","local",12,77,25,125,13.6563686575766,15.4182180514063,5.5510736855424,20
"linear",6,1,4,2,"K2_c14","local",14,90,22,125,13.8177811408263,15.5875083449231,5.63492088531129,20
"linear",6,1,4,3,"K1_global","global",1,160,12,125,13.8778776665621,14.8625416745012,9.48919510265857,20
"linear",6,1,4,3,"K2_c10","local",10,64,31,125,15.1981669935865,17.3650685860117,8.43168905897308,20
"linear",6,1,4,3,"K2_c12","local",12,77,25,125,15.4401702682234,17.2190310537576,8.91418605592315,20
"linear",6,1,4,3,"K2_c14","local",14,90,22,125,14.5692696967643,16.2468777343307,9.03841002862065,20
"linear",6,1,4,4,"K1_global","global",1,160,12,125,13.6706591232149,14.6492182449881,8.67477006456636,20
"linear",6,1,4,4,"K2_c10","local",10,64,31,125,14.1881717197206,16.128949652474,6.58726718166448,20
"linear",6,1,4,4,"K2_c12","local",12,77,25,125,13.6227872877214,15.166504363564,6.27001989160252,20
"linear",6,1,4,4,"K2_c14","local",14,90,22,125,13.2967170059031,14.743533725632,6.67274876656043,20
"linear",6,1,4,5,"K1_global","global",1,160,12,125,14.1941762960136,15.2615395328683,6.88935771416606,20
"linear",6,1,4,5,"K2_c10","local",10,64,31,125,14.4147833758534,16.5014553175783,5.47374580047695,20
"linear",6,1,4,5,"K2_c12","local",12,77,25,125,14.5424768487084,16.2654332351905,5.46237013842892,20
"linear",6,1,4,5,"K2_c14","local",14,90,22,125,14.1895333204589,15.6585350078423,5.45796913350639,20
"linear",6,1,4,6,"K1_global","global",1,160,12,125,13.6542809477281,14.6843009895554,6.39988750651227,20
"linear",6,1,4,6,"K2_c10","local",10,64,31,125,15.1040191220685,17.3390213784354,5.6980562582679,20
"linear",6,1,4,6,"K2_c12","local",12,77,25,125,14.6105564897402,16.5209903284698,5.47322427431947,20
"linear",6,1,4,6,"K2_c14","local",14,90,22,125,13.7321215669094,15.5525517106573,5.43365849841836,20
"linear",6,1,4,7,"K1_global","global",1,160,12,125,13.4866168655541,14.5434463099037,7.52445438460424,20
"linear",6,1,4,7,"K2_c10","local",10,64,31,125,14.2283078518341,16.2631072433575,6.30335595348607,20
"linear",6,1,4,7,"K2_c12","local",12,77,25,125,14.1152167622285,16.0139838478416,6.92806978503704,20
"linear",6,1,4,7,"K2_c14","local",14,90,22,125,14.0949302492851,15.6324856634504,6.61414728035069,20
"linear",6,1,4,8,"K1_global","global",1,160,12,125,14.5014006376171,15.3984438151394,9.00451622470173,20
"linear",6,1,4,8,"K2_c10","local",10,64,31,125,14.6829419429851,16.6078644977058,7.20197931283391,20
"linear",6,1,4,8,"K2_c12","local",12,77,25,125,14.2776604460971,15.8851133176118,7.54047391617971,20
"linear",6,1,4,8,"K2_c14","local",14,90,22,125,13.9177361570345,15.3427427932955,8.01995048438332,20
"linear",6,1,4,9,"K1_global","global",1,160,12,125,14.1607651360025,15.1382462152917,9.35526931051283,20
"linear",6,1,4,9,"K2_c10","local",10,64,31,125,14.1644517122054,16.1844032477932,7.52169783873886,20
"linear",6,1,4,9,"K2_c12","local",12,77,25,125,14.5301138085641,16.2316699390305,8.64251125400738,20
"linear",6,1,4,9,"K2_c14","local",14,90,22,125,13.9754738339964,15.4814439403283,8.2617271518997,20
"linear",6,1,4,10,"K1_global","global",1,160,12,125,13.2572515961788,14.3415022842411,5.70097903142518,20
"linear",6,1,4,10,"K2_c10","local",10,64,31,125,13.9902342908761,16.3145573866951,4.47154393543647,20
"linear",6,1,4,10,"K2_c12","local",12,77,25,125,14.7114351212334,16.6116562335587,6.12671427901793,20
"linear",6,1,4,10,"K2_c14","local",14,90,22,125,14.2251278500074,15.9760104387964,5.72740962003312,20
"linear",6,1,4,11,"K1_global","global",1,160,12,125,14.0599916403852,15.0007407352651,6.02924962636034,20
"linear",6,1,4,11,"K2_c10","local",10,64,31,125,14.4089316490135,16.4372015981142,5.61298803605025,20
"linear",6,1,4,11,"K2_c12","local",12,77,25,125,14.3026710550964,15.9172052119785,5.85996858932813,20
"linear",6,1,4,11,"K2_c14","local",14,90,22,125,14.378327117987,15.9027485195239,6.3122395811747,20
"linear",6,1,4,12,"K1_global","global",1,160,12,125,13.7345423962831,14.669977765834,6.76295665742551,20
"linear",6,1,4,12,"K2_c10","local",10,64,31,125,14.7437925638365,17.2688816901213,4.99569352971765,20
"linear",6,1,4,12,"K2_c12","local",12,77,25,125,13.8469039076611,15.8488847631639,5.63473748153677,20
"linear",6,1,4,12,"K2_c14","local",14,90,22,125,14.0146210359927,15.6888897916133,5.62911423049175,20
"linear",6,2,2,1,"K1_global","global",1,160,12,125,7.34008503545271,7.96568915691291,3.54874585802657,10
"linear",6,2,2,1,"K2_c10","local",10,64,31,125,8.01567567458328,9.20818313380367,2.91806419858537,10
"linear",6,2,2,1,"K2_c12","local",12,77,25,125,7.7658719196998,8.86610836135868,2.99294113006284,10
"linear",6,2,2,1,"K2_c14","local",14,90,22,125,7.31785626777124,8.36354168577349,2.72271381128219,10
"linear",6,2,2,2,"K1_global","global",1,160,12,125,7.24533674880798,7.89091237256114,3.74871769073988,10
"linear",6,2,2,2,"K2_c10","local",10,64,31,125,8.04277692423721,9.25976432847883,2.84302112042815,10
"linear",6,2,2,2,"K2_c12","local",12,77,25,125,7.80468551750077,8.91706819811774,3.39119817274126,10
"linear",6,2,2,2,"K2_c14","local",14,90,22,125,7.48571704267332,8.67606126955488,3.24138437291343,10
"linear",6,2,2,3,"K1_global","global",1,160,12,125,7.42000117133808,8.06076567056159,3.45410886109884,10
"linear",6,2,2,3,"K2_c10","local",10,64,31,125,8.12328735705784,9.64903439732183,2.21436863191201,10
"linear",6,2,2,3,"K2_c12","local",12,77,25,125,8.00778085728464,9.15200324865805,3.18855941232016,10
"linear",6,2,2,3,"K2_c14","local",14,90,22,125,7.30775743800085,8.39215489361365,2.68543744921938,10
"linear",6,2,2,4,"K1_global","global",1,160,12,125,7.20073863783534,7.87494498095555,3.61158070241911,10
"linear",6,2,2,4,"K2_c10","local",10,64,31,125,7.58751601458032,8.93473822496646,3.20928639842574,10
"linear",6,2,2,4,"K2_c12","local",12,77,25,125,7.5167333694488,8.68790268322848,3.38722065208276,10
"linear",6,2,2,4,"K2_c14","local",14,90,22,125,7.25587476876367,8.32433577162112,3.26065075663889,10
"linear",6,2,2,5,"K1_global","global",1,160,12,125,7.0169722421683,7.68004801112563,3.27224731618039,10
"linear",6,2,2,5,"K2_c10","local",10,64,31,125,7.60238322335453,8.98223331190093,2.1832319451697,10
"linear",6,2,2,5,"K2_c12","local",12,77,25,125,7.62798437566966,8.82758807246546,2.78494980371639,10
"linear",6,2,2,5,"K2_c14","local",14,90,22,125,7.10146368178392,8.23597486354549,2.62538567950512,10
"linear",6,2,2,6,"K1_global","global",1,160,12,125,7.07593486580769,7.69966866895281,3.54263701884684,10
"linear",6,2,2,6,"K2_c10","local",10,64,31,125,7.57482044883566,8.77532877829723,2.68897543426486,10
"linear",6,2,2,6,"K2_c12","local",12,77,25,125,7.73353509139557,8.83902941341959,3.1063739944282,10
"linear",6,2,2,6,"K2_c14","local",14,90,22,125,7.31864789281352,8.24879783327041,3.01326072266473,10
"linear",6,2,2,7,"K1_global","global",1,160,12,125,7.73139320453156,8.31463034065361,3.69973476173248,10
"linear",6,2,2,7,"K2_c10","local",10,64,31,125,8.57409841952786,9.77076936906707,3.19595430897506,10
"linear",6,2,2,7,"K2_c12","local",12,77,25,125,8.08238522537819,8.99387062320699,3.26973049336991,10
"linear",6,2,2,7,"K2_c14","local",14,90,22,125,7.9194038995694,8.77579005539732,3.49573812718053,10
"linear",6,2,2,8,"K1_global","global",1,160,12,125,7.306917567059,7.987040284581,3.60746029124212,10
"linear",6,2,2,8,"K2_c10","local",10,64,31,125,7.83601322140216,9.14289716920288,2.67083768236032,10
"linear",6,2,2,8,"K2_c12","local",12,77,25,125,7.68681365045313,8.85490994880841,2.82018296325229,10
"linear",6,2,2,8,"K2_c14","local",14,90,22,125,7.58372252187645,8.67063974383114,2.96599543869193,10
"linear",6,2,2,9,"K1_global","global",1,160,12,125,7.11718134491207,7.72919880156298,3.34693357738492,10
"linear",6,2,2,9,"K2_c10","local",10,64,31,125,7.3075638493805,8.48948970023729,2.4360971239296,10
"linear",6,2,2,9,"K2_c12","local",12,77,25,125,7.28348704964561,8.31777475280191,2.69587403330747,10
"linear",6,2,2,9,"K2_c14","local",14,90,22,125,7.1226543388506,8.039956932588,2.96880589416791,10
"linear",6,2,2,10,"K1_global","global",1,160,12,125,7.16200131677261,7.66460373067656,3.28683110989462,10
"linear",6,2,2,10,"K2_c10","local",10,64,31,125,8.05685586366562,9.21941601826152,2.65275891174954,10
"linear",6,2,2,10,"K2_c12","local",12,77,25,125,7.66700709360676,8.64613050711544,2.91674896729041,10
"linear",6,2,2,10,"K2_c14","local",14,90,22,125,7.29905348843123,8.21781476420658,2.80263989372872,10
"linear",6,2,2,11,"K1_global","global",1,160,12,125,7.62765558257942,8.32210928864568,3.7485250380283,10
"linear",6,2,2,11,"K2_c10","local",10,64,31,125,8.0939455139433,9.34009020346856,3.48682071090157,10
"linear",6,2,2,11,"K2_c12","local",12,77,25,125,7.87861870256796,8.98439515823246,3.27893127786129,10
"linear",6,2,2,11,"K2_c14","local",14,90,22,125,7.5292903180532,8.52336213908107,3.48651993545408,10
"linear",6,2,2,12,"K1_global","global",1,160,12,125,6.99376368101865,7.71584142592908,4.12570739841696,10
"linear",6,2,2,12,"K2_c10","local",10,64,31,125,7.30731468355251,8.43483121969264,3.39440479783433,10
"linear",6,2,2,12,"K2_c12","local",12,77,25,125,7.64373159781133,8.7238447261547,3.73267338503388,10
"linear",6,2,2,12,"K2_c14","local",14,90,22,125,7.07330779337885,8.04565203401841,3.86300932956153,10
"linear",6,3,1,1,"K1_global","global",1,160,12,125,4.0871885414168,4.65103210342919,1.68756559365103,5
"linear",6,3,1,1,"K2_c10","local",10,64,31,125,4.50105810166379,5.36074190854456,1.37840158760508,5
"linear",6,3,1,1,"K2_c12","local",12,77,25,125,4.338029301047,5.05109388511738,1.49248922764464,5
"linear",6,3,1,1,"K2_c14","local",14,90,22,125,4.30715987326429,5.01897587249778,1.53926631184375,5
"linear",6,3,1,2,"K1_global","global",1,160,12,125,3.97115059248129,4.59675611758622,1.41428247663417,5
"linear",6,3,1,2,"K2_c10","local",10,64,31,125,4.84097591226161,5.77875998719393,1.18714162725407,5
"linear",6,3,1,2,"K2_c12","local",12,77,25,125,4.46696556722189,5.34682429463397,1.28075764639366,5
"linear",6,3,1,2,"K2_c14","local",14,90,22,125,4.46698917178014,5.25659462464295,1.27431533967581,5
"linear",6,3,1,3,"K1_global","global",1,160,12,125,4.01881251917285,4.60303527913968,1.68602456273705,5
"linear",6,3,1,3,"K2_c10","local",10,64,31,125,4.50388158625613,5.35603440706517,1.29425299311366,5
"linear",6,3,1,3,"K2_c12","local",12,77,25,125,4.45995329220509,5.26566184865271,1.43410252235868,5
"linear",6,3,1,3,"K2_c14","local",14,90,22,125,4.18991368547971,4.88919722866664,1.51123370351257,5
"linear",6,3,1,4,"K1_global","global",1,160,12,125,4.19872470264267,4.74032289531461,1.91133615618843,5
"linear",6,3,1,4,"K2_c10","local",10,64,31,125,5.07008408352566,5.93447049267812,1.70503437187079,5
"linear",6,3,1,4,"K2_c12","local",12,77,25,125,4.47548777392771,5.2198914230639,1.64976246631791,5
"linear",6,3,1,4,"K2_c14","local",14,90,22,125,4.31115426956054,5.10544416292097,1.54748871965418,5
"linear",6,3,1,5,"K1_global","global",1,160,12,125,4.14323175815348,4.6526470714276,1.92949673378513,5
"linear",6,3,1,5,"K2_c10","local",10,64,31,125,4.79179277366752,5.60422686292721,1.50608974185634,5
"linear",6,3,1,5,"K2_c12","local",12,77,25,125,4.46624350862876,5.24216867367594,1.57228691516481,5
"linear",6,3,1,5,"K2_c14","local",14,90,22,125,4.38302097839552,5.17566171471508,1.65213275939114,5
"linear",6,3,1,6,"K1_global","global",1,160,12,125,3.89176557082337,4.42854658754382,1.61746043834166,5
"linear",6,3,1,6,"K2_c10","local",10,64,31,125,4.61381785814852,5.45484418683409,1.40938164450951,5
"linear",6,3,1,6,"K2_c12","local",12,77,25,125,4.59273950558818,5.33789626254721,1.67835965408363,5
"linear",6,3,1,6,"K2_c14","local",14,90,22,125,4.48471559440065,5.15930793010997,1.60327032953208,5
"linear",6,3,1,7,"K1_global","global",1,160,12,125,3.88769777575683,4.4172238452278,1.83705937489406,5
"linear",6,3,1,7,"K2_c10","local",10,64,31,125,4.5982401470371,5.45490979894171,1.71929449653073,5
"linear",6,3,1,7,"K2_c12","local",12,77,25,125,4.3602128923046,5.29388108972118,1.59298784899767,5
"linear",6,3,1,7,"K2_c14","local",14,90,22,125,4.34747736651955,5.1381471746311,1.54017031827784,5
"linear",6,3,1,8,"K1_global","global",1,160,12,125,3.80350797464277,4.41653284825862,2.03167428855671,5
"linear",6,3,1,8,"K2_c10","local",10,64,31,125,4.72048533287546,5.67222302418538,1.67399186399477,5
"linear",6,3,1,8,"K2_c12","local",12,77,25,125,4.37175937524986,5.19343518369962,1.82954605343164,5
"linear",6,3,1,8,"K2_c14","local",14,90,22,125,4.18530527481058,4.90714539835859,1.78695609405322,5
"linear",6,3,1,9,"K1_global","global",1,160,12,125,4.07077978599591,4.54236392447069,1.66748947842349,5
"linear",6,3,1,9,"K2_c10","local",10,64,31,125,4.6895695392495,5.41508585828917,1.42765671598261,5
"linear",6,3,1,9,"K2_c12","local",12,77,25,125,4.52330557643305,5.26320559728403,1.72044364344255,5
"linear",6,3,1,9,"K2_c14","local",14,90,22,125,4.2409233536483,4.89041048591326,1.76477971674059,5
"linear",6,3,1,10,"K1_global","global",1,160,12,125,3.91012945642805,4.40163537824666,1.53846170184163,5
"linear",6,3,1,10,"K2_c10","local",10,64,31,125,4.58019533734113,5.44402472067562,1.36164015579905,5
"linear",6,3,1,10,"K2_c12","local",12,77,25,125,4.16982078890399,4.83256911685158,1.31101572139803,5
"linear",6,3,1,10,"K2_c14","local",14,90,22,125,4.159135720082,4.75641711487192,1.38425642197151,5
"linear",6,3,1,11,"K1_global","global",1,160,12,125,4.19928558970657,4.68563724189996,1.72202705524409,5
"linear",6,3,1,11,"K2_c10","local",10,64,31,125,4.97966943048416,5.88271186914309,1.34408248165686,5
"linear",6,3,1,11,"K2_c12","local",12,77,25,125,4.81346057970668,5.63857992885219,1.57724050240144,5
"linear",6,3,1,11,"K2_c14","local",14,90,22,125,4.64873587740423,5.40128536862088,1.51463870911409,5
"linear",6,3,1,12,"K1_global","global",1,160,12,125,4.12586986217189,4.61375111074745,2.26298099994193,5
"linear",6,3,1,12,"K2_c10","local",10,64,31,125,4.55135625980154,5.29521873537298,1.90789893852982,5
"linear",6,3,1,12,"K2_c12","local",12,77,25,125,4.51295487252267,5.25902054536411,1.97620301091747,5
"linear",6,3,1,12,"K2_c14","local",14,90,22,125,4.35968804013954,5.02249164032887,2.07143211417428,5
"linear",6,4,0.5,1,"K1_global","global",1,160,12,125,2.68323875473622,3.12278197599618,0.785947073502633,2.5
"linear",6,4,0.5,1,"K2_c10","local",10,64,31,125,3.27904406948735,3.87567883619187,0.648885872791708,2.5
"linear",6,4,0.5,1,"K2_c12","local",12,77,25,125,2.93673459772291,3.54403979118959,0.711680324588756,2.5
"linear",6,4,0.5,1,"K2_c14","local",14,90,22,125,3.1237047200612,3.70688144982484,0.650598506576478,2.5
"linear",6,4,0.5,2,"K1_global","global",1,160,12,125,2.54119367615496,2.99302498138577,0.768342177484018,2.5
"linear",6,4,0.5,2,"K2_c10","local",10,64,31,125,3.29454047009003,4.03111424613451,0.607592775068188,2.5
"linear",6,4,0.5,2,"K2_c12","local",12,77,25,125,2.99159677591918,3.65533706398467,0.653470527830778,2.5
"linear",6,4,0.5,2,"K2_c14","local",14,90,22,125,3.0602864984076,3.64427978235616,0.819511561382563,2.5
"linear",6,4,0.5,3,"K1_global","global",1,160,12,125,2.60098417423818,3.05213141291498,0.969327730216345,2.5
"linear",6,4,0.5,3,"K2_c10","local",10,64,31,125,3.32048050451801,4.02557883765877,0.721908641010107,2.5
"linear",6,4,0.5,3,"K2_c12","local",12,77,25,125,3.25556230903535,3.80634976731976,1.02814710864906,2.5
"linear",6,4,0.5,3,"K2_c14","local",14,90,22,125,3.02083531560223,3.63073535835473,0.881644134068327,2.5
"linear",6,4,0.5,4,"K1_global","global",1,160,12,125,2.37505107461871,2.84954058257694,0.549962712309558,2.5
"linear",6,4,0.5,4,"K2_c10","local",10,64,31,125,3.22164145080852,3.88939889842713,0.666875356936049,2.5
"linear",6,4,0.5,4,"K2_c12","local",12,77,25,125,3.02044776269064,3.63248859258591,0.635388571708307,2.5
"linear",6,4,0.5,4,"K2_c14","local",14,90,22,125,2.9442851707,3.5750820374173,0.621965560947452,2.5
"linear",6,4,0.5,5,"K1_global","global",1,160,12,125,2.55272067743978,3.09250066683457,0.833173094766529,2.5
"linear",6,4,0.5,5,"K2_c10","local",10,64,31,125,3.41247366716887,4.16011419810429,0.71696377226294,2.5
"linear",6,4,0.5,5,"K2_c12","local",12,77,25,125,3.26302430975742,3.86836871178615,0.875397022483571,2.5
"linear",6,4,0.5,5,"K2_c14","local",14,90,22,125,3.20107287072543,3.81168811749258,0.705011446375088,2.5
"linear",6,4,0.5,6,"K1_global","global",1,160,12,125,2.53912411539928,2.97298145159416,0.861346726399224,2.5
"linear",6,4,0.5,6,"K2_c10","local",10,64,31,125,3.39931346364636,4.18479455693964,0.767182764318146,2.5
"linear",6,4,0.5,6,"K2_c12","local",12,77,25,125,3.12255424002385,3.73337827966558,0.947668162959985,2.5
"linear",6,4,0.5,6,"K2_c14","local",14,90,22,125,3.14607096910009,3.72895415385566,0.6384822810294,2.5
"linear",6,4,0.5,7,"K1_global","global",1,160,12,125,2.66181867904835,3.20066842914262,0.681841888573674,2.5
"linear",6,4,0.5,7,"K2_c10","local",10,64,31,125,3.50831031505725,4.29737181039545,0.676809432570056,2.5
"linear",6,4,0.5,7,"K2_c12","local",12,77,25,125,3.1773062963096,3.84473413540993,0.650878288666516,2.5
"linear",6,4,0.5,7,"K2_c14","local",14,90,22,125,3.11132229455205,3.73194418703785,0.691043976180776,2.5
"linear",6,4,0.5,8,"K1_global","global",1,160,12,125,2.58509595922703,3.10132791441765,0.599034287582923,2.5
"linear",6,4,0.5,8,"K2_c10","local",10,64,31,125,3.108269592755,3.84995074756792,0.668062226212546,2.5
"linear",6,4,0.5,8,"K2_c12","local",12,77,25,125,3.08996362124754,3.64848140060011,0.723654172990239,2.5
"linear",6,4,0.5,8,"K2_c14","local",14,90,22,125,3.10454058302809,3.69116432064623,0.760375992537565,2.5
"linear",6,4,0.5,9,"K1_global","global",1,160,12,125,2.74365605020981,3.18385202671116,0.973370110669728,2.5
"linear",6,4,0.5,9,"K2_c10","local",10,64,31,125,3.24563044281282,4.00248349312193,0.663722592414485,2.5
"linear",6,4,0.5,9,"K2_c12","local",12,77,25,125,2.9852586795164,3.61403362998012,0.700436096322076,2.5
"linear",6,4,0.5,9,"K2_c14","local",14,90,22,125,3.03795795941407,3.65258773706868,0.794126471703107,2.5
"linear",6,4,0.5,10,"K1_global","global",1,160,12,125,2.58848190603392,3.07864863899833,1.09916306493086,2.5
"linear",6,4,0.5,10,"K2_c10","local",10,64,31,125,3.47917904717005,4.30741320589207,0.864728994733328,2.5
"linear",6,4,0.5,10,"K2_c12","local",12,77,25,125,3.19108617892776,3.77479973102136,0.980312836763065,2.5
"linear",6,4,0.5,10,"K2_c14","local",14,90,22,125,3.12056355941428,3.69274385030259,0.923533312381397,2.5
"linear",6,4,0.5,11,"K1_global","global",1,160,12,125,2.6518569139995,3.13220955415325,0.883138465381004,2.5
"linear",6,4,0.5,11,"K2_c10","local",10,64,31,125,3.375032114805,4.21595510360564,0.520088102192255,2.5
"linear",6,4,0.5,11,"K2_c12","local",12,77,25,125,3.18083429121745,3.91513487600983,0.737170094415516,2.5
"linear",6,4,0.5,11,"K2_c14","local",14,90,22,125,3.08044284254876,3.76074693598642,0.724607116257107,2.5
"linear",6,4,0.5,12,"K1_global","global",1,160,12,125,2.70119682479717,3.19384718269205,0.993077415452577,2.5
"linear",6,4,0.5,12,"K2_c10","local",10,64,31,125,3.43984011502675,4.20772002963329,0.698922730996033,2.5
"linear",6,4,0.5,12,"K2_c12","local",12,77,25,125,3.18388307155456,3.83562145308291,0.960622825415451,2.5
"linear",6,4,0.5,12,"K2_c14","local",14,90,22,125,3.24297429862063,3.88392542204395,0.901158285254283,2.5
"linear",6,5,0.25,1,"K1_global","global",1,160,12,125,1.98376019859087,2.41015673156828,0.336629478575854,1.25
"linear",6,5,0.25,1,"K2_c10","local",10,64,31,125,2.75620132032523,3.43612670417811,0.447560840115142,1.25
"linear",6,5,0.25,1,"K2_c12","local",12,77,25,125,2.61133571443434,3.13667051165114,0.439765417384796,1.25
"linear",6,5,0.25,1,"K2_c14","local",14,90,22,125,2.45396994021363,3.02677879357141,0.43636577598671,1.25
"linear",6,5,0.25,2,"K1_global","global",1,160,12,125,2.06567424638297,2.52976652593348,0.500676159480123,1.25
"linear",6,5,0.25,2,"K2_c10","local",10,64,31,125,2.79144719544917,3.44009854969501,0.452385103337005,1.25
"linear",6,5,0.25,2,"K2_c12","local",12,77,25,125,2.71767227735078,3.28956507446265,0.476031099207595,1.25
"linear",6,5,0.25,2,"K2_c14","local",14,90,22,125,2.51555093917902,3.11222553637789,0.510065781676561,1.25
"linear",6,5,0.25,3,"K1_global","global",1,160,12,125,2.17170157809679,2.6568581419029,0.415004769478547,1.25
"linear",6,5,0.25,3,"K2_c10","local",10,64,31,125,2.78236962791648,3.40580905838106,0.451499603154788,1.25
"linear",6,5,0.25,3,"K2_c12","local",12,77,25,125,2.55821142337107,3.0857755123909,0.453703576771174,1.25
"linear",6,5,0.25,3,"K2_c14","local",14,90,22,125,2.46501207185112,3.02348228576893,0.477673811160798,1.25
"linear",6,5,0.25,4,"K1_global","global",1,160,12,125,2.07552485365815,2.57180056133633,0.365352526459789,1.25
"linear",6,5,0.25,4,"K2_c10","local",10,64,31,125,2.90776504530232,3.61635410381679,0.524918284758817,1.25
"linear",6,5,0.25,4,"K2_c12","local",12,77,25,125,2.57301882989481,3.13288792398748,0.456261875331069,1.25
"linear",6,5,0.25,4,"K2_c14","local",14,90,22,125,2.54504036921602,3.13934694157388,0.463328814709943,1.25
"linear",6,5,0.25,5,"K1_global","global",1,160,12,125,2.05876075931837,2.49499061676148,0.422462373584613,1.25
"linear",6,5,0.25,5,"K2_c10","local",10,64,31,125,2.76381525336237,3.483206805945,0.422809441622709,1.25
"linear",6,5,0.25,5,"K2_c12","local",12,77,25,125,2.46808962468875,3.00929846368096,0.390066394748954,1.25
"linear",6,5,0.25,5,"K2_c14","local",14,90,22,125,2.37083932077269,2.90709928602438,0.386932692831847,1.25
"linear",6,5,0.25,6,"K1_global","global",1,160,12,125,2.07735724352767,2.49307163675769,0.670284219814817,1.25
"linear",6,5,0.25,6,"K2_c10","local",10,64,31,125,2.72754514046453,3.3163667748879,0.610288997328929,1.25
"linear",6,5,0.25,6,"K2_c12","local",12,77,25,125,2.44912262766396,2.96122830096529,0.516339701345204,1.25
"linear",6,5,0.25,6,"K2_c14","local",14,90,22,125,2.45130510504609,2.98158188224169,0.637859190203483,1.25
"linear",6,5,0.25,7,"K1_global","global",1,160,12,125,2.09321687809179,2.49349236445684,0.380892620432974,1.25
"linear",6,5,0.25,7,"K2_c10","local",10,64,31,125,2.74928896747951,3.37517746545673,0.478717068099414,1.25
"linear",6,5,0.25,7,"K2_c12","local",12,77,25,125,2.43778426011247,2.98650050064122,0.399571202976756,1.25
"linear",6,5,0.25,7,"K2_c14","local",14,90,22,125,2.35825184058533,2.87980559977856,0.388282191755961,1.25
"linear",6,5,0.25,8,"K1_global","global",1,160,12,125,2.08356588027778,2.54719016945474,0.547135438502796,1.25
"linear",6,5,0.25,8,"K2_c10","local",10,64,31,125,2.88555420146666,3.5456088439245,0.502151473956333,1.25
"linear",6,5,0.25,8,"K2_c12","local",12,77,25,125,2.66954765736834,3.20345079455876,0.507373166051659,1.25
"linear",6,5,0.25,8,"K2_c14","local",14,90,22,125,2.56804476963435,3.11608422166895,0.508477287476299,1.25
"linear",6,5,0.25,9,"K1_global","global",1,160,12,125,1.94416474532404,2.34192315563744,0.627653881333561,1.25
"linear",6,5,0.25,9,"K2_c10","local",10,64,31,125,2.73788954488547,3.37132204463801,0.475184177076653,1.25
"linear",6,5,0.25,9,"K2_c12","local",12,77,25,125,2.36915671662341,2.88743817074682,0.538211285437879,1.25
"linear",6,5,0.25,9,"K2_c14","local",14,90,22,125,2.3667247070027,2.93771954536044,0.466753270445398,1.25
"linear",6,5,0.25,10,"K1_global","global",1,160,12,125,2.07268001781207,2.51595961763648,0.376881348249393,1.25
"linear",6,5,0.25,10,"K2_c10","local",10,64,31,125,2.79147655733543,3.49558439102531,0.423883335225621,1.25
"linear",6,5,0.25,10,"K2_c12","local",12,77,25,125,2.52916785316367,3.05634254858069,0.404892852507212,1.25
"linear",6,5,0.25,10,"K2_c14","local",14,90,22,125,2.38291782706173,2.90675320780167,0.399338098424556,1.25
"linear",6,5,0.25,11,"K1_global","global",1,160,12,125,2.05933526125039,2.5384329268135,0.398735663051219,1.25
"linear",6,5,0.25,11,"K2_c10","local",10,64,31,125,2.75751191357994,3.41422748005629,0.44295361664804,1.25
"linear",6,5,0.25,11,"K2_c12","local",12,77,25,125,2.586352950377,3.13346208882405,0.381303029401097,1.25
"linear",6,5,0.25,11,"K2_c14","local",14,90,22,125,2.53342881272434,3.09013492392776,0.437772427010938,1.25
"linear",6,5,0.25,12,"K1_global","global",1,160,12,125,2.08747252132749,2.5957130741814,0.493233113253965,1.25
"linear",6,5,0.25,12,"K2_c10","local",10,64,31,125,2.76540825686968,3.42196790427069,0.435291468872542,1.25
"linear",6,5,0.25,12,"K2_c12","local",12,77,25,125,2.62834879723647,3.1660242284352,0.478324900845178,1.25
"linear",6,5,0.25,12,"K2_c14","local",14,90,22,125,2.55538036239844,3.12775528643207,0.452961915452489,1.25
"linear",6,6,0.1,1,"K1_global","global",1,160,12,125,1.9436388586219,2.36530301494537,0.343342047122837,0.5
"linear",6,6,0.1,1,"K2_c10","local",10,64,31,125,2.70923365372602,3.35759616150336,0.426237693711608,0.5
"linear",6,6,0.1,1,"K2_c12","local",12,77,25,125,2.42244149905597,2.89464367657071,0.367382656928863,0.5
"linear",6,6,0.1,1,"K2_c14","local",14,90,22,125,2.31189894886468,2.87380018192009,0.352925589286955,0.5
"linear",6,6,0.1,2,"K1_global","global",1,160,12,125,1.82606670939046,2.2366101520303,0.335560008662617,0.5
"linear",6,6,0.1,2,"K2_c10","local",10,64,31,125,2.5729941961295,3.19416608301905,0.420404846371845,0.5
"linear",6,6,0.1,2,"K2_c12","local",12,77,25,125,2.27873484477243,2.77739431602733,0.367664897808298,0.5
"linear",6,6,0.1,2,"K2_c14","local",14,90,22,125,2.14491323140494,2.69497861800337,0.325207086971122,0.5
"linear",6,6,0.1,3,"K1_global","global",1,160,12,125,1.9095663364551,2.35021804598593,0.328565989156583,0.5
"linear",6,6,0.1,3,"K2_c10","local",10,64,31,125,2.63357822748591,3.22550556197406,0.395540727314478,0.5
"linear",6,6,0.1,3,"K2_c12","local",12,77,25,125,2.42520639840002,2.9204795451659,0.364365419155114,0.5
"linear",6,6,0.1,3,"K2_c14","local",14,90,22,125,2.27897572425458,2.81888383865521,0.35302825407999,0.5
"linear",6,6,0.1,4,"K1_global","global",1,160,12,125,1.83531834467746,2.28721313443022,0.28221538035967,0.5
"linear",6,6,0.1,4,"K2_c10","local",10,64,31,125,2.61181818618025,3.19605533610878,0.424510690873523,0.5
"linear",6,6,0.1,4,"K2_c12","local",12,77,25,125,2.40328755105812,2.89700556205498,0.384484886349307,0.5
"linear",6,6,0.1,4,"K2_c14","local",14,90,22,125,2.36630322054014,2.91907799101847,0.35888036210244,0.5
"linear",6,6,0.1,5,"K1_global","global",1,160,12,125,1.80169768797136,2.22716376405923,0.284338955863945,0.5
"linear",6,6,0.1,5,"K2_c10","local",10,64,31,125,2.58846254940464,3.18658803028598,0.449339905860434,0.5
"linear",6,6,0.1,5,"K2_c12","local",12,77,25,125,2.3203282143074,2.8636424059102,0.373962555480093,0.5
"linear",6,6,0.1,5,"K2_c14","local",14,90,22,125,2.21186685484756,2.77035152306544,0.369370672165745,0.5
"linear",6,6,0.1,6,"K1_global","global",1,160,12,125,1.90916818905647,2.36857403526109,0.336776520113236,0.5
"linear",6,6,0.1,6,"K2_c10","local",10,64,31,125,2.53945577852801,3.14912857225983,0.374094556119684,0.5
"linear",6,6,0.1,6,"K2_c12","local",12,77,25,125,2.42439817588689,2.9645199520266,0.414852755073597,0.5
"linear",6,6,0.1,6,"K2_c14","local",14,90,22,125,2.26296799191815,2.85759480477588,0.374097267596251,0.5
"linear",6,6,0.1,7,"K1_global","global",1,160,12,125,1.97183298544461,2.42765712766821,0.335121969737118,0.5
"linear",6,6,0.1,7,"K2_c10","local",10,64,31,125,2.67086398309812,3.29375781375243,0.396659765065107,0.5
"linear",6,6,0.1,7,"K2_c12","local",12,77,25,125,2.4361952429597,2.96884529809081,0.4209030595123,0.5
"linear",6,6,0.1,7,"K2_c14","local",14,90,22,125,2.36746240827951,2.95648965411524,0.336248083490803,0.5
"linear",6,6,0.1,8,"K1_global","global",1,160,12,125,1.85634060569709,2.279140697257,0.362426296810381,0.5
"linear",6,6,0.1,8,"K2_c10","local",10,64,31,125,2.60143216416844,3.1564049179762,0.386709707527951,0.5
"linear",6,6,0.1,8,"K2_c12","local",12,77,25,125,2.34940010631548,2.835958917435,0.444371777983162,0.5
"linear",6,6,0.1,8,"K2_c14","local",14,90,22,125,2.3022271778773,2.84137766986417,0.35378987507612,0.5
"linear",6,6,0.1,9,"K1_global","global",1,160,12,125,1.84041732117746,2.29307515137124,0.300406629804871,0.5
"linear",6,6,0.1,9,"K2_c10","local",10,64,31,125,2.61847079828463,3.2028835122192,0.423327944774902,0.5
"linear",6,6,0.1,9,"K2_c12","local",12,77,25,125,2.30747272070127,2.8508033977197,0.364349487583736,0.5
"linear",6,6,0.1,9,"K2_c14","local",14,90,22,125,2.13806799044591,2.70678545939503,0.32176600060398,0.5
"linear",6,6,0.1,10,"K1_global","global",1,160,12,125,1.90883901859286,2.33994283213352,0.304042987153287,0.5
"linear",6,6,0.1,10,"K2_c10","local",10,64,31,125,2.61430417393793,3.27855178164868,0.374019922984267,0.5
"linear",6,6,0.1,10,"K2_c12","local",12,77,25,125,2.34451859943646,2.84280623854821,0.403438098307271,0.5
"linear",6,6,0.1,10,"K2_c14","local",14,90,22,125,2.31559513350575,2.86965141326494,0.357913304360428,0.5
"linear",6,6,0.1,11,"K1_global","global",1,160,12,125,1.85210118831306,2.27876088748632,0.297831734966409,0.5
"linear",6,6,0.1,11,"K2_c10","local",10,64,31,125,2.56334989640741,3.18791870568034,0.356092213187476,0.5
"linear",6,6,0.1,11,"K2_c12","local",12,77,25,125,2.38397659890299,2.87332638240067,0.413692096274016,0.5
"linear",6,6,0.1,11,"K2_c14","local",14,90,22,125,2.32183449293583,2.86449262793884,0.342527819121666,0.5
"linear",6,6,0.1,12,"K1_global","global",1,160,12,125,1.86421884014355,2.30304486558724,0.307644593934309,0.5
"linear",6,6,0.1,12,"K2_c10","local",10,64,31,125,2.58738364326351,3.22411305062256,0.380530213066151,0.5
"linear",6,6,0.1,12,"K2_c12","local",12,77,25,125,2.4288270462807,2.97252829759699,0.390126655914541,0.5
"linear",6,6,0.1,12,"K2_c14","local",14,90,22,125,2.26411816839571,2.85794590609124,0.365542421730103,0.5
"linear",7,1,4,1,"K1_global","global",1,160,12,125,13.7325344599782,14.4787007463352,9.04611492124065,20
"linear",7,1,4,1,"K2_c10","local",10,64,31,125,13.4642327443412,15.3603401494057,6.74002651541146,20
"linear",7,1,4,1,"K2_c12","local",12,77,25,125,13.6657242310196,15.19686705748,7.64230215133237,20
"linear",7,1,4,1,"K2_c14","local",14,90,22,125,13.2684203877987,14.6371471778155,7.6665478688283,20
"linear",7,1,4,2,"K1_global","global",1,160,12,125,14.1903875456568,15.0236606805171,6.60236601160088,20
"linear",7,1,4,2,"K2_c10","local",10,64,31,125,15.1803384077398,17.1023850688895,5.49753488086007,20
"linear",7,1,4,2,"K2_c12","local",12,77,25,125,14.409145035343,16.2673878143413,5.39324176867913,20
"linear",7,1,4,2,"K2_c14","local",14,90,22,125,14.1733460435511,15.6618429922212,5.64935529351742,20
"linear",7,1,4,3,"K1_global","global",1,160,12,125,13.2577984739633,14.2675340463496,8.71378836184213,20
"linear",7,1,4,3,"K2_c10","local",10,64,31,125,14.0045543663584,15.863617222162,7.18921198635613,20
"linear",7,1,4,3,"K2_c12","local",12,77,25,125,13.7036675443138,15.4477168697851,7.98089184488811,20
"linear",7,1,4,3,"K2_c14","local",14,90,22,125,13.2755426649337,14.6561105409446,7.9740076350752,20
"linear",7,1,4,4,"K1_global","global",1,160,12,125,13.840660360656,14.7983280983493,9.28901435736717,20
"linear",7,1,4,4,"K2_c10","local",10,64,31,125,14.7112949365789,16.7659522026942,7.06032009327483,20
"linear",7,1,4,4,"K2_c12","local",12,77,25,125,13.9096079660538,15.6519648721955,7.32472611874132,20
"linear",7,1,4,4,"K2_c14","local",14,90,22,125,14.0174823533977,15.5150840752696,7.8822196605535,20
"linear",7,1,4,5,"K1_global","global",1,160,12,125,13.8463139042245,14.7833798376673,6.54922915467975,20
"linear",7,1,4,5,"K2_c10","local",10,64,31,125,14.0963169544047,16.1603548977734,4.57437033591605,20
"linear",7,1,4,5,"K2_c12","local",12,77,25,125,13.9304988812936,15.9468853691892,4.77980907702242,20
"linear",7,1,4,5,"K2_c14","local",14,90,22,125,13.552198795051,14.9648307264844,5.24669774007284,20
"linear",7,1,4,6,"K1_global","global",1,160,12,125,14.0434252682295,14.8193094054566,7.592677711118,20
"linear",7,1,4,6,"K2_c10","local",10,64,31,125,14.1830501383218,15.5495563734096,6.16667816222749,20
"linear",7,1,4,6,"K2_c12","local",12,77,25,125,14.6087269187725,15.8563522554228,7.21426466444494,20
"linear",7,1,4,6,"K2_c14","local",14,90,22,125,14.5435199727583,15.6933964803584,7.10522617453298,20
"linear",7,1,4,7,"K1_global","global",1,160,12,125,13.4862614785371,14.4390577772089,7.44921209457498,20
"linear",7,1,4,7,"K2_c10","local",10,64,31,125,14.1002805594518,16.2668631536446,5.25082564407212,20
"linear",7,1,4,7,"K2_c12","local",12,77,25,125,13.8966128730168,15.7561911695736,6.30690524625836,20
"linear",7,1,4,7,"K2_c14","local",14,90,22,125,13.4784291376964,14.9241398579907,6.39211623843762,20
"linear",7,1,4,8,"K1_global","global",1,160,12,125,13.7070841302265,14.5962614462071,7.22515273542824,20
"linear",7,1,4,8,"K2_c10","local",10,64,31,125,13.9688346719071,16.0076924858452,5.37948503973956,20
"linear",7,1,4,8,"K2_c12","local",12,77,25,125,13.6718804725144,15.4671610341363,5.62161760127023,20
"linear",7,1,4,8,"K2_c14","local",14,90,22,125,13.2351048831282,14.7329550623281,6.60803546090159,20
"linear",7,1,4,9,"K1_global","global",1,160,12,125,13.3941462990252,14.5171456995499,8.26873279083261,20
"linear",7,1,4,9,"K2_c10","local",10,64,31,125,15.3880907452004,17.5233473700716,7.49222877408886,20
"linear",7,1,4,9,"K2_c12","local",12,77,25,125,14.9077406936432,16.9233724234078,7.15352582482396,20
"linear",7,1,4,9,"K2_c14","local",14,90,22,125,14.1885727120006,15.7106667463664,7.83646972965537,20
"linear",7,1,4,10,"K1_global","global",1,160,12,125,14.2885996807869,15.0472104946598,6.70060853157015,20
"linear",7,1,4,10,"K2_c10","local",10,64,31,125,14.6043254647325,16.5868371091733,5.71738814464623,20
"linear",7,1,4,10,"K2_c12","local",12,77,25,125,14.3419180972684,15.9480933200552,6.19018109970352,20
"linear",7,1,4,10,"K2_c14","local",14,90,22,125,14.014397091659,15.2239522204413,5.57991230380338,20
"linear",7,1,4,11,"K1_global","global",1,160,12,125,13.6135412659337,14.5838412670219,5.92353641019662,20
"linear",7,1,4,11,"K2_c10","local",10,64,31,125,13.9990053949462,16.0807352768611,5.15775683340082,20
"linear",7,1,4,11,"K2_c12","local",12,77,25,125,14.5660561362349,16.4872585448419,5.76977742382536,20
"linear",7,1,4,11,"K2_c14","local",14,90,22,125,13.5449339073241,15.2199179158064,5.08329018965128,20
"linear",7,1,4,12,"K1_global","global",1,160,12,125,13.8948703405633,14.6925057715471,7.8102158117643,20
"linear",7,1,4,12,"K2_c10","local",10,64,31,125,14.0545684410013,16.1622793137206,5.97956290447955,20
"linear",7,1,4,12,"K2_c12","local",12,77,25,125,14.0475273545969,15.5336239721359,6.8120589819979,20
"linear",7,1,4,12,"K2_c14","local",14,90,22,125,14.2141605691511,15.5668286416461,7.06315756944515,20
"linear",7,2,2,1,"K1_global","global",1,160,12,125,7.04570601830511,7.72476157707174,3.15753455184922,10
"linear",7,2,2,1,"K2_c10","local",10,64,31,125,8.26993553808719,9.34910964731135,2.76364174230781,10
"linear",7,2,2,1,"K2_c12","local",12,77,25,125,7.7152314213105,8.82013962894448,2.66866410296957,10
"linear",7,2,2,1,"K2_c14","local",14,90,22,125,7.32945854076924,8.20334208938663,2.63448282760701,10
"linear",7,2,2,2,"K1_global","global",1,160,12,125,7.05316951247908,7.64406474137913,3.74148898725292,10
"linear",7,2,2,2,"K2_c10","local",10,64,31,125,7.59574971876034,8.59765985608503,3.10032213692792,10
"linear",7,2,2,2,"K2_c12","local",12,77,25,125,7.58132123546836,8.61446240908791,3.51673252247034,10
"linear",7,2,2,2,"K2_c14","local",14,90,22,125,7.24514550575197,8.01912060248124,3.42821241130647,10
"linear",7,2,2,3,"K1_global","global",1,160,12,125,7.44853360604229,7.97620180761783,3.47531583578553,10
"linear",7,2,2,3,"K2_c10","local",10,64,31,125,7.51911127317513,8.61877738256426,2.53834484093287,10
"linear",7,2,2,3,"K2_c12","local",12,77,25,125,7.38981087897309,8.38134763675449,2.7580750886798,10
"linear",7,2,2,3,"K2_c14","local",14,90,22,125,7.41320226891682,8.26371661747309,2.92859393956663,10
"linear",7,2,2,4,"K1_global","global",1,160,12,125,7.08287922356221,7.67012661148703,3.88104629256246,10
"linear",7,2,2,4,"K2_c10","local",10,64,31,125,7.48265051714897,8.59327539142334,3.46972163199765,10
"linear",7,2,2,4,"K2_c12","local",12,77,25,125,7.50122626388325,8.42733922527687,3.73734619420436,10
"linear",7,2,2,4,"K2_c14","local",14,90,22,125,7.11933988793674,7.93381073025602,3.77340816466613,10
"linear",7,2,2,5,"K1_global","global",1,160,12,125,7.20256672740099,7.82860924570461,3.52519123099246,10
"linear",7,2,2,5,"K2_c10","local",10,64,31,125,7.43942585524976,8.53946175808643,2.85404843681086,10
"linear",7,2,2,5,"K2_c12","local",12,77,25,125,7.38457081797129,8.42379526161506,3.28274677959458,10
"linear",7,2,2,5,"K2_c14","local",14,90,22,125,7.42056119989943,8.22908818118461,3.26476959253545,10
"linear",7,2,2,6,"K1_global","global",1,160,12,125,7.33029268775254,7.87852766331562,3.22485530254045,10
"linear",7,2,2,6,"K2_c10","local",10,64,31,125,7.89396882499181,9.07359890867782,2.33137683873838,10
"linear",7,2,2,6,"K2_c12","local",12,77,25,125,7.67610105097069,8.63301293887023,2.72200863498455,10
"linear",7,2,2,6,"K2_c14","local",14,90,22,125,7.55742158164598,8.49983412912478,2.90953372567791,10
"linear",7,2,2,7,"K1_global","global",1,160,12,125,7.40272237397438,8.06377600763261,3.73300914332465,10
"linear",7,2,2,7,"K2_c10","local",10,64,31,125,7.97228212262172,9.21294754913347,3.15183966163048,10
"linear",7,2,2,7,"K2_c12","local",12,77,25,125,7.77233521164767,8.8681343139312,3.17578725875277,10
"linear",7,2,2,7,"K2_c14","local",14,90,22,125,7.47789469377117,8.40151532710191,3.19759751679341,10
"linear",7,2,2,8,"K1_global","global",1,160,12,125,7.08654903558326,7.68256382147551,4.00175572636119,10
"linear",7,2,2,8,"K2_c10","local",10,64,31,125,7.56863109921428,8.73779156106852,3.20713575979845,10
"linear",7,2,2,8,"K2_c12","local",12,77,25,125,7.35676670131274,8.49976902169713,3.16744474090177,10
"linear",7,2,2,8,"K2_c14","local",14,90,22,125,7.19269305669636,8.20717215719007,3.42753103255024,10
"linear",7,2,2,9,"K1_global","global",1,160,12,125,6.92285861994131,7.48866265009727,3.64843114406027,10
"linear",7,2,2,9,"K2_c10","local",10,64,31,125,7.65970055791206,8.9532165277762,2.58827539161033,10
"linear",7,2,2,9,"K2_c12","local",12,77,25,125,7.208445534169,8.32386483441719,2.42972527615101,10
"linear",7,2,2,9,"K2_c14","local",14,90,22,125,6.85756237043186,7.95723210508107,3.21072346599649,10
"linear",7,2,2,10,"K1_global","global",1,160,12,125,7.119273092732,7.67296455026343,3.15865890904743,10
"linear",7,2,2,10,"K2_c10","local",10,64,31,125,7.94395006031081,9.06831287677382,2.76790434349851,10
"linear",7,2,2,10,"K2_c12","local",12,77,25,125,7.78470371591186,8.84264429039689,2.92232875607738,10
"linear",7,2,2,10,"K2_c14","local",14,90,22,125,7.63459835976923,8.42706831791499,3.05223240796202,10
"linear",7,2,2,11,"K1_global","global",1,160,12,125,7.03955241865334,7.65209725714029,3.42614009979641,10
"linear",7,2,2,11,"K2_c10","local",10,64,31,125,7.87749809356927,8.84398771066587,3.22890926977007,10
"linear",7,2,2,11,"K2_c12","local",12,77,25,125,7.43370404064493,8.43704229771567,3.1581869115166,10
"linear",7,2,2,11,"K2_c14","local",14,90,22,125,7.04586714625715,7.896620522479,2.88379628329871,10
"linear",7,2,2,12,"K1_global","global",1,160,12,125,6.89737807793681,7.4754785061116,4.18603791893732,10
"linear",7,2,2,12,"K2_c10","local",10,64,31,125,7.17936546749022,8.32772516394426,2.68476963951468,10
"linear",7,2,2,12,"K2_c12","local",12,77,25,125,7.14613202523075,8.21877924280785,2.98631771975562,10
"linear",7,2,2,12,"K2_c14","local",14,90,22,125,6.75279103221071,7.63084852751978,3.27805169637555,10
"linear",7,3,1,1,"K1_global","global",1,160,12,125,4.01952945922511,4.41825098216479,1.90414915323019,5
"linear",7,3,1,1,"K2_c10","local",10,64,31,125,4.41227345168608,5.13139800680945,1.71306974275355,5
"linear",7,3,1,1,"K2_c12","local",12,77,25,125,4.3548371702455,5.04338674413918,1.8258247893488,5
"linear",7,3,1,1,"K2_c14","local",14,90,22,125,4.11640261896406,4.70100141545511,1.70109946392711,5
"linear",7,3,1,2,"K1_global","global",1,160,12,125,3.85081869698098,4.41348578726546,1.4908873754362,5
"linear",7,3,1,2,"K2_c10","local",10,64,31,125,4.68665340123051,5.71419095189498,1.09164174903798,5
"linear",7,3,1,2,"K2_c12","local",12,77,25,125,4.39894590236485,5.39647653639575,1.10029214916329,5
"linear",7,3,1,2,"K2_c14","local",14,90,22,125,4.18067632070998,4.9666240546972,1.15087637653734,5
"linear",7,3,1,3,"K1_global","global",1,160,12,125,4.07032014732589,4.6164044723063,1.93456063027556,5
"linear",7,3,1,3,"K2_c10","local",10,64,31,125,4.56962351691653,5.41579966329388,1.36416158684011,5
"linear",7,3,1,3,"K2_c12","local",12,77,25,125,4.40289419796182,5.19731707353327,1.75790449513386,5
"linear",7,3,1,3,"K2_c14","local",14,90,22,125,4.21041355506187,4.87038992042552,1.7521227553725,5
"linear",7,3,1,4,"K1_global","global",1,160,12,125,4.1688763428457,4.56684720100055,1.87101650934857,5
"linear",7,3,1,4,"K2_c10","local",10,64,31,125,4.50848540671231,5.3063466449162,1.4346717057601,5
"linear",7,3,1,4,"K2_c12","local",12,77,25,125,4.38039553787949,5.04818705422142,1.52540548995986,5
"linear",7,3,1,4,"K2_c14","local",14,90,22,125,4.07067508688407,4.69171778348497,1.45484203468402,5
"linear",7,3,1,5,"K1_global","global",1,160,12,125,4.02984925306474,4.45887357150722,1.89125168878312,5
"linear",7,3,1,5,"K2_c10","local",10,64,31,125,4.75569705899174,5.63075095191324,1.41687938328373,5
"linear",7,3,1,5,"K2_c12","local",12,77,25,125,4.38133658805619,5.13683402242703,1.45524477507363,5
"linear",7,3,1,5,"K2_c14","local",14,90,22,125,4.08490718881916,4.81865505719257,1.38281223205409,5
"linear",7,3,1,6,"K1_global","global",1,160,12,125,3.8193515504666,4.29478632215337,1.78215962383516,5
"linear",7,3,1,6,"K2_c10","local",10,64,31,125,4.32115115349865,5.15846565399907,1.37455284136777,5
"linear",7,3,1,6,"K2_c12","local",12,77,25,125,4.24113473219193,4.9487842404787,1.61931618637732,5
"linear",7,3,1,6,"K2_c14","local",14,90,22,125,4.05681785602007,4.76560462833541,1.65102681457125,5
"linear",7,3,1,7,"K1_global","global",1,160,12,125,3.87429556345401,4.35977573823009,1.86792159045406,5
"linear",7,3,1,7,"K2_c10","local",10,64,31,125,4.29548478834552,5.04089059990895,1.71987619850163,5
"linear",7,3,1,7,"K2_c12","local",12,77,25,125,4.19001327206179,4.93936115216292,1.82225093030403,5
"linear",7,3,1,7,"K2_c14","local",14,90,22,125,4.25950584164239,4.95761850771953,1.79137998705096,5
"linear",7,3,1,8,"K1_global","global",1,160,12,125,3.78936141568947,4.31183635302048,2.40297283077247,5
"linear",7,3,1,8,"K2_c10","local",10,64,31,125,4.5431495719493,5.31627171014531,1.86811076970935,5
"linear",7,3,1,8,"K2_c12","local",12,77,25,125,4.29514890586201,5.13033447441105,1.92097601335322,5
"linear",7,3,1,8,"K2_c14","local",14,90,22,125,4.06757683652279,4.72394341290734,1.96780467749908,5
"linear",7,3,1,9,"K1_global","global",1,160,12,125,3.75141715225895,4.22614144681171,1.61312842693721,5
"linear",7,3,1,9,"K2_c10","local",10,64,31,125,4.56573908071551,5.40260786067012,1.59946799874383,5
"linear",7,3,1,9,"K2_c12","local",12,77,25,125,4.48739952335381,5.19725137272091,1.62300977494512,5
"linear",7,3,1,9,"K2_c14","local",14,90,22,125,4.19100867958294,4.86394037860754,1.74295040405617,5
"linear",7,3,1,10,"K1_global","global",1,160,12,125,3.91575526123882,4.35379624911064,1.48594031276989,5
"linear",7,3,1,10,"K2_c10","local",10,64,31,125,4.36000160292588,5.05649269866145,1.54076308022766,5
"linear",7,3,1,10,"K2_c12","local",12,77,25,125,4.19198273376107,4.94545167804398,1.30623519789842,5
"linear",7,3,1,10,"K2_c14","local",14,90,22,125,4.03738739135144,4.61789968218399,1.45714324690204,5
"linear",7,3,1,11,"K1_global","global",1,160,12,125,3.85793099084452,4.32003673790611,1.62822944812817,5
"linear",7,3,1,11,"K2_c10","local",10,64,31,125,4.53159188447478,5.3744874371586,1.06062726507281,5
"linear",7,3,1,11,"K2_c12","local",12,77,25,125,4.32241713930495,4.97845200884306,1.54146059275234,5
"linear",7,3,1,11,"K2_c14","local",14,90,22,125,4.09383190347372,4.77746445577217,1.56374002223267,5
"linear",7,3,1,12,"K1_global","global",1,160,12,125,3.90762078683277,4.39504404564412,1.94926186031017,5
"linear",7,3,1,12,"K2_c10","local",10,64,31,125,4.57355770922821,5.44007974359346,1.52045333778634,5
"linear",7,3,1,12,"K2_c12","local",12,77,25,125,4.48945363258784,5.30410389065808,1.79257998788125,5
"linear",7,3,1,12,"K2_c14","local",14,90,22,125,4.03349731781581,4.68942526910126,1.69559241563664,5
"linear",7,4,0.5,1,"K1_global","global",1,160,12,125,2.62267673428452,3.05803204493149,0.853034392501462,2.5
"linear",7,4,0.5,1,"K2_c10","local",10,64,31,125,2.97822565756702,3.67314621665811,0.636063708395866,2.5
"linear",7,4,0.5,1,"K2_c12","local",12,77,25,125,2.9138444165021,3.55142032020999,0.65687055541499,2.5
"linear",7,4,0.5,1,"K2_c14","local",14,90,22,125,2.85484748822757,3.3978564249568,0.720648274515545,2.5
"linear",7,4,0.5,2,"K1_global","global",1,160,12,125,2.53168105918746,2.92709600301147,0.987141938374515,2.5
"linear",7,4,0.5,2,"K2_c10","local",10,64,31,125,3.23605570860975,3.85229144303291,0.601459054404506,2.5
"linear",7,4,0.5,2,"K2_c12","local",12,77,25,125,2.99832711862548,3.60466862931056,0.646821556905321,2.5
"linear",7,4,0.5,2,"K2_c14","local",14,90,22,125,2.77020267210293,3.30121915572815,0.646479821954688,2.5
"linear",7,4,0.5,3,"K1_global","global",1,160,12,125,2.5037318311765,2.96123609814692,0.98090531049391,2.5
"linear",7,4,0.5,3,"K2_c10","local",10,64,31,125,3.05674364121007,3.69006668613585,0.910295573346503,2.5
"linear",7,4,0.5,3,"K2_c12","local",12,77,25,125,2.97105147172106,3.6384071036258,0.66756927544649,2.5
"linear",7,4,0.5,3,"K2_c14","local",14,90,22,125,2.79110458304114,3.37978797533934,0.896848022420061,2.5
"linear",7,4,0.5,4,"K1_global","global",1,160,12,125,2.56813687406156,2.98716810763889,0.870371936128661,2.5
"linear",7,4,0.5,4,"K2_c10","local",10,64,31,125,2.98607249087849,3.63472807918045,0.731973077329752,2.5
"linear",7,4,0.5,4,"K2_c12","local",12,77,25,125,3.03051196569641,3.58557003399141,0.787624895639912,2.5
"linear",7,4,0.5,4,"K2_c14","local",14,90,22,125,2.86821979103769,3.39790659080581,0.739216487207829,2.5
"linear",7,4,0.5,5,"K1_global","global",1,160,12,125,2.47133919167881,2.91570521416752,0.902381073455553,2.5
"linear",7,4,0.5,5,"K2_c10","local",10,64,31,125,3.01028274733097,3.69578106071439,0.586320253391022,2.5
"linear",7,4,0.5,5,"K2_c12","local",12,77,25,125,2.98289020119425,3.62509785310672,0.707855510443524,2.5
"linear",7,4,0.5,5,"K2_c14","local",14,90,22,125,2.79122702882607,3.37859107861653,0.69038632016878,2.5
"linear",7,4,0.5,6,"K1_global","global",1,160,12,125,2.40941272806031,2.86515283702546,0.756077461186242,2.5
"linear",7,4,0.5,6,"K2_c10","local",10,64,31,125,3.15032399310769,3.73525770848055,0.686345896087176,2.5
"linear",7,4,0.5,6,"K2_c12","local",12,77,25,125,2.94873397373129,3.60143412231932,0.686138457789342,2.5
"linear",7,4,0.5,6,"K2_c14","local",14,90,22,125,2.79733748239678,3.42868885074213,0.6817620081992,2.5
"linear",7,4,0.5,7,"K1_global","global",1,160,12,125,2.65927786144372,3.12486760222259,0.739306733032162,2.5
"linear",7,4,0.5,7,"K2_c10","local",10,64,31,125,3.17723780444239,3.88102968495363,0.610499043663225,2.5
"linear",7,4,0.5,7,"K2_c12","local",12,77,25,125,2.97234218767967,3.64951502316927,0.627419170774877,2.5
"linear",7,4,0.5,7,"K2_c14","local",14,90,22,125,2.89629710123611,3.40877751624749,0.748682679287224,2.5
"linear",7,4,0.5,8,"K1_global","global",1,160,12,125,2.52442730200339,2.95804937959647,0.953850707890441,2.5
"linear",7,4,0.5,8,"K2_c10","local",10,64,31,125,3.00791260229543,3.66640443845862,0.614955858410945,2.5
"linear",7,4,0.5,8,"K2_c12","local",12,77,25,125,2.93068751192222,3.56103682489516,0.615653101160887,2.5
"linear",7,4,0.5,8,"K2_c14","local",14,90,22,125,2.71532759181654,3.2664574745048,0.631162684029202,2.5
"linear",7,4,0.5,9,"K1_global","global",1,160,12,125,2.56954370738913,3.04591860370658,0.764593990767938,2.5
"linear",7,4,0.5,9,"K2_c10","local",10,64,31,125,3.31740766590294,3.98106744196324,0.564528887227715,2.5
"linear",7,4,0.5,9,"K2_c12","local",12,77,25,125,3.0450136520171,3.73846517282782,0.57609505141988,2.5
"linear",7,4,0.5,9,"K2_c14","local",14,90,22,125,2.99967046114018,3.53449936188308,0.761448463788324,2.5
"linear",7,4,0.5,10,"K1_global","global",1,160,12,125,2.63108160867474,3.07330002668643,1.14085084018358,2.5
"linear",7,4,0.5,10,"K2_c10","local",10,64,31,125,3.19510149472916,3.83158668613958,0.950021803600802,2.5
"linear",7,4,0.5,10,"K2_c12","local",12,77,25,125,3.04679089312568,3.71877869026065,0.840157882944292,2.5
"linear",7,4,0.5,10,"K2_c14","local",14,90,22,125,2.92359651374624,3.5051715649538,0.79305319349122,2.5
"linear",7,4,0.5,11,"K1_global","global",1,160,12,125,2.5656571386129,2.94926258351144,0.852163041098603,2.5
"linear",7,4,0.5,11,"K2_c10","local",10,64,31,125,2.99337841278905,3.59830354786761,0.705745746619866,2.5
"linear",7,4,0.5,11,"K2_c12","local",12,77,25,125,2.81907578649131,3.44268881104139,0.873614465325608,2.5
"linear",7,4,0.5,11,"K2_c14","local",14,90,22,125,2.66928000292561,3.12068073314383,0.853056286093635,2.5
"linear",7,4,0.5,12,"K1_global","global",1,160,12,125,2.46475797866671,2.8807991132823,1.02821164436428,2.5
"linear",7,4,0.5,12,"K2_c10","local",10,64,31,125,3.26762764368353,3.9771517833161,0.936837294153628,2.5
"linear",7,4,0.5,12,"K2_c12","local",12,77,25,125,2.99747867873599,3.6458079013665,0.800771192554026,2.5
"linear",7,4,0.5,12,"K2_c14","local",14,90,22,125,2.76304141021323,3.31541217343469,0.874455917585865,2.5
"linear",7,5,0.25,1,"K1_global","global",1,160,12,125,1.99492416301918,2.46819235186425,0.334571180188267,1.25
"linear",7,5,0.25,1,"K2_c10","local",10,64,31,125,2.52572979028317,3.0665565621763,0.438213591140133,1.25
"linear",7,5,0.25,1,"K2_c12","local",12,77,25,125,2.46475530136026,2.99020500700658,0.410206552346286,1.25
"linear",7,5,0.25,1,"K2_c14","local",14,90,22,125,2.22160179258733,2.74836909263438,0.365640028891133,1.25
"linear",7,5,0.25,2,"K1_global","global",1,160,12,125,2.01569916288129,2.4800459301397,0.426587950011323,1.25
"linear",7,5,0.25,2,"K2_c10","local",10,64,31,125,2.6732958363608,3.2742602991096,0.488318966478812,1.25
"linear",7,5,0.25,2,"K2_c12","local",12,77,25,125,2.50760831575871,3.09857745301434,0.43756956064592,1.25
"linear",7,5,0.25,2,"K2_c14","local",14,90,22,125,2.28322293976841,2.85079661451351,0.49154418063133,1.25
"linear",7,5,0.25,3,"K1_global","global",1,160,12,125,2.04541310702724,2.45199567135958,0.495752175800604,1.25
"linear",7,5,0.25,3,"K2_c10","local",10,64,31,125,2.53823352841016,3.1600780818373,0.395063247783107,1.25
"linear",7,5,0.25,3,"K2_c12","local",12,77,25,125,2.51657916061439,3.10058869736227,0.433901658033275,1.25
"linear",7,5,0.25,3,"K2_c14","local",14,90,22,125,2.25165563483881,2.79685770027864,0.384524477094991,1.25
"linear",7,5,0.25,4,"K1_global","global",1,160,12,125,1.96615989640171,2.41439225431959,0.389396044128749,1.25
"linear",7,5,0.25,4,"K2_c10","local",10,64,31,125,2.69918705303682,3.24036461668169,0.460544332740632,1.25
"linear",7,5,0.25,4,"K2_c12","local",12,77,25,125,2.61095040049559,3.18656035055568,0.397968499210738,1.25
"linear",7,5,0.25,4,"K2_c14","local",14,90,22,125,2.25736331491345,2.74863247284982,0.49069043484714,1.25
"linear",7,5,0.25,5,"K1_global","global",1,160,12,125,1.92078633804366,2.34789042548419,0.481857269813355,1.25
"linear",7,5,0.25,5,"K2_c10","local",10,64,31,125,2.58116895481318,3.16809523397013,0.479460254692745,1.25
"linear",7,5,0.25,5,"K2_c12","local",12,77,25,125,2.44066211555757,3.00296923621618,0.436787416461953,1.25
"linear",7,5,0.25,5,"K2_c14","local",14,90,22,125,2.24749718356994,2.71361721439317,0.429044677650834,1.25
"linear",7,5,0.25,6,"K1_global","global",1,160,12,125,2.04134367593951,2.48219658848496,0.59919422486038,1.25
"linear",7,5,0.25,6,"K2_c10","local",10,64,31,125,2.54037563007799,3.01538526228347,0.534045809611322,1.25
"linear",7,5,0.25,6,"K2_c12","local",12,77,25,125,2.30262153998831,2.83344418451004,0.441292280333398,1.25
"linear",7,5,0.25,6,"K2_c14","local",14,90,22,125,2.18157934264535,2.65111567166086,0.422331833977118,1.25
"linear",7,5,0.25,7,"K1_global","global",1,160,12,125,2.07091392089111,2.45325626405164,0.45334997143479,1.25
"linear",7,5,0.25,7,"K2_c10","local",10,64,31,125,2.57464910024608,3.12730705607633,0.419849978302153,1.25
"linear",7,5,0.25,7,"K2_c12","local",12,77,25,125,2.48536836606215,2.99315251884775,0.465077720315967,1.25
"linear",7,5,0.25,7,"K2_c14","local",14,90,22,125,2.31652716672921,2.79692903819314,0.429295062995503,1.25
"linear",7,5,0.25,8,"K1_global","global",1,160,12,125,2.12607185030448,2.57372968383366,0.568473178710984,1.25
"linear",7,5,0.25,8,"K2_c10","local",10,64,31,125,2.62036652599821,3.19350928410911,0.491938421019613,1.25
"linear",7,5,0.25,8,"K2_c12","local",12,77,25,125,2.53509150463181,3.11609388734505,0.472396002676501,1.25
"linear",7,5,0.25,8,"K2_c14","local",14,90,22,125,2.37298863786587,2.83258806481244,0.4642286637039,1.25
"linear",7,5,0.25,9,"K1_global","global",1,160,12,125,2.04665125041505,2.52207687401444,0.502379884048054,1.25
"linear",7,5,0.25,9,"K2_c10","local",10,64,31,125,2.57480899680372,3.08934582858246,0.49196093129554,1.25
"linear",7,5,0.25,9,"K2_c12","local",12,77,25,125,2.37998740881154,2.92965048374153,0.395847132625948,1.25
"linear",7,5,0.25,9,"K2_c14","local",14,90,22,125,2.30544815510491,2.81697463286748,0.464936863309146,1.25
"linear",7,5,0.25,10,"K1_global","global",1,160,12,125,2.00774940600313,2.49495798296655,0.349099050521068,1.25
"linear",7,5,0.25,10,"K2_c10","local",10,64,31,125,2.5361079168213,3.11005508223904,0.419637493602727,1.25
"linear",7,5,0.25,10,"K2_c12","local",12,77,25,125,2.49908405698212,3.08186884244411,0.376591702623508,1.25
"linear",7,5,0.25,10,"K2_c14","local",14,90,22,125,2.27178724450212,2.80163109616947,0.404952815783723,1.25
"linear",7,5,0.25,11,"K1_global","global",1,160,12,125,2.060510934528,2.52435713430159,0.423978625141529,1.25
"linear",7,5,0.25,11,"K2_c10","local",10,64,31,125,2.63509036417105,3.22845762343971,0.40220696794745,1.25
"linear",7,5,0.25,11,"K2_c12","local",12,77,25,125,2.54154088696918,3.13320043498243,0.399203487163235,1.25
"linear",7,5,0.25,11,"K2_c14","local",14,90,22,125,2.39734411370803,2.9190628360158,0.479541308789872,1.25
"linear",7,5,0.25,12,"K1_global","global",1,160,12,125,1.9820635222801,2.44052003723204,0.518962476096246,1.25
"linear",7,5,0.25,12,"K2_c10","local",10,64,31,125,2.53111509226229,3.15105845114063,0.470534802573842,1.25
"linear",7,5,0.25,12,"K2_c12","local",12,77,25,125,2.46498034913785,2.99891942570488,0.582556714783066,1.25
"linear",7,5,0.25,12,"K2_c14","local",14,90,22,125,2.35975152370411,2.84162098881257,0.433776548096395,1.25
"linear",7,6,0.1,1,"K1_global","global",1,160,12,125,1.80964408127454,2.23893236963336,0.298634948677443,0.5
"linear",7,6,0.1,1,"K2_c10","local",10,64,31,125,2.38298114658457,2.87045482491517,0.443093958457149,0.5
"linear",7,6,0.1,1,"K2_c12","local",12,77,25,125,2.2869564210978,2.79367939755644,0.369921154554233,0.5
"linear",7,6,0.1,1,"K2_c14","local",14,90,22,125,2.16472821917383,2.62159027933221,0.369977660830113,0.5
"linear",7,6,0.1,2,"K1_global","global",1,160,12,125,1.7684684003964,2.20304796627751,0.300476621101602,0.5
"linear",7,6,0.1,2,"K2_c10","local",10,64,31,125,2.29780803031138,2.82628863544196,0.384954257983478,0.5
"linear",7,6,0.1,2,"K2_c12","local",12,77,25,125,2.11608873120976,2.64873448489901,0.313068411125913,0.5
"linear",7,6,0.1,2,"K2_c14","local",14,90,22,125,2.17878758424015,2.66562401973827,0.464261283334455,0.5
"linear",7,6,0.1,3,"K1_global","global",1,160,12,125,1.77833126099967,2.21213429796576,0.315034302307807,0.5
"linear",7,6,0.1,3,"K2_c10","local",10,64,31,125,2.3558223685895,2.8913294682726,0.40971107329733,0.5
"linear",7,6,0.1,3,"K2_c12","local",12,77,25,125,2.26929943593157,2.79584734034721,0.328077331696101,0.5
"linear",7,6,0.1,3,"K2_c14","local",14,90,22,125,2.17805056624154,2.66524576984645,0.459197198761156,0.5
"linear",7,6,0.1,4,"K1_global","global",1,160,12,125,1.77257224577733,2.20340982391009,0.306409889164961,0.5
"linear",7,6,0.1,4,"K2_c10","local",10,64,31,125,2.28665809443644,2.81984369317031,0.388063916013291,0.5
"linear",7,6,0.1,4,"K2_c12","local",12,77,25,125,2.23372025413931,2.77552285200858,0.336614058971431,0.5
"linear",7,6,0.1,4,"K2_c14","local",14,90,22,125,2.05045964521303,2.53290223000047,0.407530160253114,0.5
"linear",7,6,0.1,5,"K1_global","global",1,160,12,125,1.77882985691266,2.2007637370145,0.340099383818409,0.5
"linear",7,6,0.1,5,"K2_c10","local",10,64,31,125,2.27405220222657,2.82377150983952,0.344128017050308,0.5
"linear",7,6,0.1,5,"K2_c12","local",12,77,25,125,2.28906959816176,2.77796451355284,0.35251511231008,0.5
"linear",7,6,0.1,5,"K2_c14","local",14,90,22,125,2.10278236213887,2.60822929310162,0.370803944198052,0.5
"linear",7,6,0.1,6,"K1_global","global",1,160,12,125,1.80244929721931,2.2279460674405,0.352336716340518,0.5
"linear",7,6,0.1,6,"K2_c10","local",10,64,31,125,2.4154432225559,2.95875129603685,0.439814093856023,0.5
"linear",7,6,0.1,6,"K2_c12","local",12,77,25,125,2.24698550753548,2.77669176693673,0.347939860868113,0.5
"linear",7,6,0.1,6,"K2_c14","local",14,90,22,125,2.09098318927216,2.57486328607359,0.348390695012492,0.5
"linear",7,6,0.1,7,"K1_global","global",1,160,12,125,1.77495260450014,2.20419666771247,0.304889186892006,0.5
"linear",7,6,0.1,7,"K2_c10","local",10,64,31,125,2.19685867033896,2.71259620430339,0.355809289144256,0.5
"linear",7,6,0.1,7,"K2_c12","local",12,77,25,125,2.18943864423803,2.70985513916547,0.374210941369458,0.5
"linear",7,6,0.1,7,"K2_c14","local",14,90,22,125,2.05341053221579,2.49618361048055,0.348485158771202,0.5
"linear",7,6,0.1,8,"K1_global","global",1,160,12,125,1.84992114167135,2.2764603954433,0.305496410189524,0.5
"linear",7,6,0.1,8,"K2_c10","local",10,64,31,125,2.27543733267042,2.77969446037617,0.400902715738597,0.5
"linear",7,6,0.1,8,"K2_c12","local",12,77,25,125,2.27589411755182,2.81184933983239,0.364195882468268,0.5
"linear",7,6,0.1,8,"K2_c14","local",14,90,22,125,2.13477572755477,2.60970376551302,0.387998809599412,0.5
"linear",7,6,0.1,9,"K1_global","global",1,160,12,125,1.83572304979016,2.25672330497653,0.277610789656406,0.5
"linear",7,6,0.1,9,"K2_c10","local",10,64,31,125,2.38424634941115,2.90403343405934,0.399103159811839,0.5
"linear",7,6,0.1,9,"K2_c12","local",12,77,25,125,2.26966528435842,2.79558647064089,0.320908647068882,0.5
"linear",7,6,0.1,9,"K2_c14","local",14,90,22,125,2.01718208451536,2.50884868483535,0.370227910940294,0.5
"linear",7,6,0.1,10,"K1_global","global",1,160,12,125,1.79943679718617,2.23686820204941,0.282943595029311,0.5
"linear",7,6,0.1,10,"K2_c10","local",10,64,31,125,2.27682316294424,2.800114177659,0.410146920119377,0.5
"linear",7,6,0.1,10,"K2_c12","local",12,77,25,125,2.24635316117268,2.81571079381836,0.329549772663261,0.5
"linear",7,6,0.1,10,"K2_c14","local",14,90,22,125,2.13597098203922,2.62008368044201,0.347172761862814,0.5
"linear",7,6,0.1,11,"K1_global","global",1,160,12,125,1.81222752841546,2.25346046665237,0.288579670425237,0.5
"linear",7,6,0.1,11,"K2_c10","local",10,64,31,125,2.25714888871211,2.82143579172787,0.349938413768405,0.5
"linear",7,6,0.1,11,"K2_c12","local",12,77,25,125,2.2794297214013,2.83229004515894,0.352102120169129,0.5
"linear",7,6,0.1,11,"K2_c14","local",14,90,22,125,2.05763242564964,2.56610061763542,0.333262533283369,0.5
"linear",7,6,0.1,12,"K1_global","global",1,160,12,125,1.81976683974924,2.23218012832512,0.333478725245173,0.5
"linear",7,6,0.1,12,"K2_c10","local",10,64,31,125,2.33688848704376,2.85678941818068,0.353720826076842,0.5
"linear",7,6,0.1,12,"K2_c12","local",12,77,25,125,2.2969759093861,2.80462979479437,0.376475897457992,0.5
"linear",7,6,0.1,12,"K2_c14","local",14,90,22,125,2.14061943052055,2.61369651118086,0.4613280520729,0.5
"linear",8,1,4,1,"K1_global","global",1,160,12,125,13.803157595003,14.5314430544987,8.75131396526748,20
"linear",8,1,4,1,"K2_c10","local",10,64,31,125,13.8703401078461,15.2508317586182,7.82473071023864,20
"linear",8,1,4,1,"K2_c12","local",12,77,25,125,14.3865249253178,15.8152164464591,7.89906829954749,20
"linear",8,1,4,1,"K2_c14","local",14,90,22,125,13.7213293080169,15.0278023551989,7.38784476880271,20
"linear",8,1,4,2,"K1_global","global",1,160,12,125,14.2487246190967,15.2007751053082,6.50623884957798,20
"linear",8,1,4,2,"K2_c10","local",10,64,31,125,14.4017677606887,16.1898308265682,6.31470202037099,20
"linear",8,1,4,2,"K2_c12","local",12,77,25,125,15.2635232065141,16.8260999005272,6.69226085437986,20
"linear",8,1,4,2,"K2_c14","local",14,90,22,125,14.8914202511471,16.2510716517204,6.57742946524683,20
"linear",8,1,4,3,"K1_global","global",1,160,12,125,13.0882711518534,13.8658373321814,8.64511694605645,20
"linear",8,1,4,3,"K2_c10","local",10,64,31,125,13.6392081447233,15.2686229422228,8.1245156474139,20
"linear",8,1,4,3,"K2_c12","local",12,77,25,125,13.4661971364233,15.1743234660769,7.57048164754122,20
"linear",8,1,4,3,"K2_c14","local",14,90,22,125,13.4676936220574,14.9126694799451,7.67930988678572,20
"linear",8,1,4,4,"K1_global","global",1,160,12,125,13.1752698876572,14.1180148203031,8.08208840663784,20
"linear",8,1,4,4,"K2_c10","local",10,64,31,125,13.6620594761881,15.5964230860511,6.54497337111794,20
"linear",8,1,4,4,"K2_c12","local",12,77,25,125,14.0604480147704,15.7190942757098,7.32720912270321,20
"linear",8,1,4,4,"K2_c14","local",14,90,22,125,12.9423307323771,14.3623303215637,7.01746939017263,20
"linear",8,1,4,5,"K1_global","global",1,160,12,125,13.8227455518976,14.6973029910814,7.05871350038729,20
"linear",8,1,4,5,"K2_c10","local",10,64,31,125,13.7301137600421,15.3526105934123,5.91446630024227,20
"linear",8,1,4,5,"K2_c12","local",12,77,25,125,13.9486154835846,15.6128100242628,6.44195516609604,20
"linear",8,1,4,5,"K2_c14","local",14,90,22,125,14.0552874498067,15.4760866190492,6.75033286937579,20
"linear",8,1,4,6,"K1_global","global",1,160,12,125,13.8183749181814,14.6100428359552,7.12535199336839,20
"linear",8,1,4,6,"K2_c10","local",10,64,31,125,14.6413744857606,16.1895800394575,6.39953788648698,20
"linear",8,1,4,6,"K2_c12","local",12,77,25,125,13.8838672635897,15.2219973580774,6.25182775678954,20
"linear",8,1,4,6,"K2_c14","local",14,90,22,125,14.1934314314842,15.3359309165708,6.30645406717354,20
"linear",8,1,4,7,"K1_global","global",1,160,12,125,14.0048011572834,15.0256772579796,7.89375588914818,20
"linear",8,1,4,7,"K2_c10","local",10,64,31,125,13.3250414853627,15.1852739325131,5.81580700517486,20
"linear",8,1,4,7,"K2_c12","local",12,77,25,125,14.0483058919333,15.6352663319186,7.51365083063923,20
"linear",8,1,4,7,"K2_c14","local",14,90,22,125,13.3704978580791,14.9415313131057,6.96960637616901,20
"linear",8,1,4,8,"K1_global","global",1,160,12,125,13.1767391485076,13.978356391363,8.04964516906021,20
"linear",8,1,4,8,"K2_c10","local",10,64,31,125,13.7321606659889,15.3656518344429,7.26959263180821,20
"linear",8,1,4,8,"K2_c12","local",12,77,25,125,13.7064200534805,15.1465995505425,7.23283382678664,20
"linear",8,1,4,8,"K2_c14","local",14,90,22,125,14.0499770491707,15.3554799826875,7.44706498109962,20
"linear",8,1,4,9,"K1_global","global",1,160,12,125,13.2110810050659,14.0868308821556,8.60576637611667,20
"linear",8,1,4,9,"K2_c10","local",10,64,31,125,13.8722981296682,15.6819940042451,7.11941527818787,20
"linear",8,1,4,9,"K2_c12","local",12,77,25,125,13.6650959733453,15.1216136614243,7.89088966323893,20
"linear",8,1,4,9,"K2_c14","local",14,90,22,125,13.7450355572525,15.2779858945909,7.86247953193697,20
"linear",8,1,4,10,"K1_global","global",1,160,12,125,13.9863042575918,14.8778076802522,6.1544767494993,20
"linear",8,1,4,10,"K2_c10","local",10,64,31,125,13.9146965508708,15.644230796332,5.72356321482201,20
"linear",8,1,4,10,"K2_c12","local",12,77,25,125,14.3622888851333,15.8717858081985,5.23309562312489,20
"linear",8,1,4,10,"K2_c14","local",14,90,22,125,14.2989998509292,15.8419725380936,5.12905776683169,20
"linear",8,1,4,11,"K1_global","global",1,160,12,125,14.1041214595002,15.0042389815926,6.58238929967517,20
"linear",8,1,4,11,"K2_c10","local",10,64,31,125,13.5087810898753,15.314329050718,4.53345502386989,20
"linear",8,1,4,11,"K2_c12","local",12,77,25,125,13.6107819725955,15.2383295745737,5.62862563470867,20
"linear",8,1,4,11,"K2_c14","local",14,90,22,125,13.3971536217439,14.7209631479899,5.28768636499032,20
"linear",8,1,4,12,"K1_global","global",1,160,12,125,14.398364504912,15.3103176937843,7.89498880092518,20
"linear",8,1,4,12,"K2_c10","local",10,64,31,125,14.0408604676111,15.7841935299247,6.36475268766879,20
"linear",8,1,4,12,"K2_c12","local",12,77,25,125,14.5598042605002,16.2180616028064,6.83611944165333,20
"linear",8,1,4,12,"K2_c14","local",14,90,22,125,14.0224866273146,15.415303143707,7.06485155869682,20
"linear",8,2,2,1,"K1_global","global",1,160,12,125,7.10549728018658,7.64502963228733,3.27275298260098,10
"linear",8,2,2,1,"K2_c10","local",10,64,31,125,7.59813025540046,8.63086057896501,2.40342308664152,10
"linear",8,2,2,1,"K2_c12","local",12,77,25,125,7.57333647410707,8.5353212474561,3.0692894010201,10
"linear",8,2,2,1,"K2_c14","local",14,90,22,125,7.39596045209556,8.21889785658052,3.01885648355929,10
"linear",8,2,2,2,"K1_global","global",1,160,12,125,7.069170256789,7.63286775190179,3.67026713783463,10
"linear",8,2,2,2,"K2_c10","local",10,64,31,125,7.39973294990803,8.42081021999164,2.91940512491969,10
"linear",8,2,2,2,"K2_c12","local",12,77,25,125,7.58469433476065,8.59739859321181,3.21654045794234,10
"linear",8,2,2,2,"K2_c14","local",14,90,22,125,7.20924602009613,8.10573582578023,3.12833297966869,10
"linear",8,2,2,3,"K1_global","global",1,160,12,125,7.01623589434339,7.71899229202434,2.93433923603172,10
"linear",8,2,2,3,"K2_c10","local",10,64,31,125,7.48387213120547,8.54232841265235,2.56539111275632,10
"linear",8,2,2,3,"K2_c12","local",12,77,25,125,7.75307835710656,8.9729624397637,2.69658810852239,10
"linear",8,2,2,3,"K2_c14","local",14,90,22,125,7.27066898509225,8.29173590861386,2.96695059904977,10
"linear",8,2,2,4,"K1_global","global",1,160,12,125,7.26539548196158,7.73581554904702,3.95414592158989,10
"linear",8,2,2,4,"K2_c10","local",10,64,31,125,7.41275976172593,8.32103426829144,3.32623280780188,10
"linear",8,2,2,4,"K2_c12","local",12,77,25,125,7.5022652388958,8.42512174408516,3.44187463088865,10
"linear",8,2,2,4,"K2_c14","local",14,90,22,125,7.27881614289543,8.05194469213593,3.51281899077898,10
"linear",8,2,2,5,"K1_global","global",1,160,12,125,7.00595211733943,7.66718575977129,3.39205752304488,10
"linear",8,2,2,5,"K2_c10","local",10,64,31,125,7.27954273491959,8.44665416734556,2.38790720897073,10
"linear",8,2,2,5,"K2_c12","local",12,77,25,125,7.21170344522157,8.29710439710861,2.48757277967095,10
"linear",8,2,2,5,"K2_c14","local",14,90,22,125,6.81850896157569,7.7615093650852,2.60833932786755,10
"linear",8,2,2,6,"K1_global","global",1,160,12,125,7.32143921281709,7.95793047644776,3.35245099476817,10
"linear",8,2,2,6,"K2_c10","local",10,64,31,125,7.71627586691279,8.85008424940926,2.90679471636605,10
"linear",8,2,2,6,"K2_c12","local",12,77,25,125,7.64337544062968,8.72100320015382,3.18822742685776,10
"linear",8,2,2,6,"K2_c14","local",14,90,22,125,7.40885550776179,8.24296032214614,3.23737809025284,10
"linear",8,2,2,7,"K1_global","global",1,160,12,125,7.24010328513451,7.85330468927625,3.45796972369907,10
"linear",8,2,2,7,"K2_c10","local",10,64,31,125,7.69572519221906,8.92531421484413,3.09824949366089,10
"linear",8,2,2,7,"K2_c12","local",12,77,25,125,7.48454827466288,8.66631104361174,2.37168008405603,10
"linear",8,2,2,7,"K2_c14","local",14,90,22,125,7.24894249791779,8.41465906045785,2.8831933679847,10
"linear",8,2,2,8,"K1_global","global",1,160,12,125,7.04629618438955,7.76258256902515,4.05952925846134,10
"linear",8,2,2,8,"K2_c10","local",10,64,31,125,7.94195509293254,9.15464817722207,3.5228370871256,10
"linear",8,2,2,8,"K2_c12","local",12,77,25,125,7.7773380844608,8.87250305765055,3.67687251346735,10
"linear",8,2,2,8,"K2_c14","local",14,90,22,125,7.42518447054474,8.54359728952032,3.74862635776403,10
"linear",8,2,2,9,"K1_global","global",1,160,12,125,7.25402106298504,7.84911714158587,4.03737264928229,10
"linear",8,2,2,9,"K2_c10","local",10,64,31,125,7.09518747211444,8.09681764534571,3.27048984244781,10
"linear",8,2,2,9,"K2_c12","local",12,77,25,125,6.88251697360464,7.91455602789486,3.0496309998133,10
"linear",8,2,2,9,"K2_c14","local",14,90,22,125,7.05114317433341,7.94882333032608,3.61689564877036,10
"linear",8,2,2,10,"K1_global","global",1,160,12,125,7.00369126423605,7.5803530025394,2.91459830719526,10
"linear",8,2,2,10,"K2_c10","local",10,64,31,125,7.6197482045376,8.73368976827573,2.58506754504681,10
"linear",8,2,2,10,"K2_c12","local",12,77,25,125,7.40921487447766,8.56568342131751,2.69300702341453,10
"linear",8,2,2,10,"K2_c14","local",14,90,22,125,7.41307976085697,8.28129139533669,3.04255433639324,10
"linear",8,2,2,11,"K1_global","global",1,160,12,125,7.00826271989427,7.49744296662016,3.19178914399226,10
"linear",8,2,2,11,"K2_c10","local",10,64,31,125,7.45033227515947,8.56918610394322,2.27402175382767,10
"linear",8,2,2,11,"K2_c12","local",12,77,25,125,7.08632577725716,8.1008585314176,2.32145791898497,10
"linear",8,2,2,11,"K2_c14","local",14,90,22,125,6.8382981058365,7.76930606026218,2.52570654886473,10
"linear",8,2,2,12,"K1_global","global",1,160,12,125,7.40902369198356,7.94171956308595,4.40730490254664,10
"linear",8,2,2,12,"K2_c10","local",10,64,31,125,7.75236990845119,8.80688103255239,3.57378972398471,10
"linear",8,2,2,12,"K2_c12","local",12,77,25,125,7.63771547551135,8.58615616153691,3.76914210893915,10
"linear",8,2,2,12,"K2_c14","local",14,90,22,125,7.17217873396057,7.96487392425174,3.89259280133118,10
"linear",8,3,1,1,"K1_global","global",1,160,12,125,3.78498174520865,4.27612240911203,1.76902597813948,5
"linear",8,3,1,1,"K2_c10","local",10,64,31,125,4.51572810153613,5.34242022696796,0.996208888871782,5
"linear",8,3,1,1,"K2_c12","local",12,77,25,125,4.29918284519903,5.05805741879391,1.48409239694894,5
"linear",8,3,1,1,"K2_c14","local",14,90,22,125,4.17538915205632,4.89017064438916,1.38685666358654,5
"linear",8,3,1,2,"K1_global","global",1,160,12,125,3.96427706233388,4.40693882930419,1.81611403693774,5
"linear",8,3,1,2,"K2_c10","local",10,64,31,125,4.26951993772597,4.99428729490521,1.27718116515076,5
"linear",8,3,1,2,"K2_c12","local",12,77,25,125,4.18558351149245,4.9563261748903,1.44330782461862,5
"linear",8,3,1,2,"K2_c14","local",14,90,22,125,4.18498902302464,4.79054103571689,1.58213367594722,5
"linear",8,3,1,3,"K1_global","global",1,160,12,125,3.97260941274154,4.36984479848842,1.65895787854135,5
"linear",8,3,1,3,"K2_c10","local",10,64,31,125,4.43424662772327,5.20265478834575,1.51003001114985,5
"linear",8,3,1,3,"K2_c12","local",12,77,25,125,4.3768631078853,5.06550698336517,1.48507639983132,5
"linear",8,3,1,3,"K2_c14","local",14,90,22,125,4.18130462990379,4.81212850572884,1.48384094057851,5
"linear",8,3,1,4,"K1_global","global",1,160,12,125,3.82447317391825,4.33751446568917,1.51831258382011,5
"linear",8,3,1,4,"K2_c10","local",10,64,31,125,4.51694219124417,5.3548067483848,1.22310338903908,5
"linear",8,3,1,4,"K2_c12","local",12,77,25,125,4.40693315889697,5.18885503209205,1.48963945164819,5
"linear",8,3,1,4,"K2_c14","local",14,90,22,125,4.23491565870291,4.97545022388054,1.40090969179433,5
"linear",8,3,1,5,"K1_global","global",1,160,12,125,3.98412505250854,4.41331341275633,1.89179225726303,5
"linear",8,3,1,5,"K2_c10","local",10,64,31,125,4.53615216747998,5.2135329487062,1.34665738095329,5
"linear",8,3,1,5,"K2_c12","local",12,77,25,125,4.12720757513202,4.84249287773583,1.26311589005687,5
"linear",8,3,1,5,"K2_c14","local",14,90,22,125,4.09998929824442,4.75389375570107,1.436655216167,5
"linear",8,3,1,6,"K1_global","global",1,160,12,125,4.01207085233483,4.46583187257231,1.66692305106894,5
"linear",8,3,1,6,"K2_c10","local",10,64,31,125,4.6357936310541,5.41118697462553,1.54522502521749,5
"linear",8,3,1,6,"K2_c12","local",12,77,25,125,4.29177598638405,5.00905844241323,1.39277979568005,5
"linear",8,3,1,6,"K2_c14","local",14,90,22,125,4.14733909931603,4.73290038876431,1.4804976829145,5
"linear",8,3,1,7,"K1_global","global",1,160,12,125,3.9223996397672,4.27517970904551,2.06555198492468,5
"linear",8,3,1,7,"K2_c10","local",10,64,31,125,4.3689436100905,5.02972865995102,1.59863298804367,5
"linear",8,3,1,7,"K2_c12","local",12,77,25,125,4.24407464422201,4.83571804024102,1.79399935782543,5
"linear",8,3,1,7,"K2_c14","local",14,90,22,125,4.10642594198799,4.61403387647495,2.01080145487823,5
"linear",8,3,1,8,"K1_global","global",1,160,12,125,3.95095448957867,4.33077064908549,2.57339924677748,5
"linear",8,3,1,8,"K2_c10","local",10,64,31,125,4.25772049133348,4.93726546688933,1.94531412361188,5
"linear",8,3,1,8,"K2_c12","local",12,77,25,125,4.30860825800493,4.96525209420157,2.23917833631651,5
"linear",8,3,1,8,"K2_c14","local",14,90,22,125,3.94316457482614,4.47344242253323,2.02227064597172,5
"linear",8,3,1,9,"K1_global","global",1,160,12,125,3.92715947441092,4.43812970223582,1.52489535618744,5
"linear",8,3,1,9,"K2_c10","local",10,64,31,125,4.35792497384501,5.16678534112818,1.33657114195699,5
"linear",8,3,1,9,"K2_c12","local",12,77,25,125,4.28514628846036,5.05524510462777,1.27258412435156,5
"linear",8,3,1,9,"K2_c14","local",14,90,22,125,4.2212540972353,4.96724851947861,1.32114947126144,5
"linear",8,3,1,10,"K1_global","global",1,160,12,125,3.91350874466635,4.41233155668479,1.52910028890313,5
"linear",8,3,1,10,"K2_c10","local",10,64,31,125,4.30425757469679,5.06131821009568,1.29664299161983,5
"linear",8,3,1,10,"K2_c12","local",12,77,25,125,4.15933140439481,4.84531321200192,1.15247637578545,5
"linear",8,3,1,10,"K2_c14","local",14,90,22,125,3.98665128853837,4.55279682311248,1.28519455747267,5
"linear",8,3,1,11,"K1_global","global",1,160,12,125,3.81505121154778,4.26884848180137,1.43757056950457,5
"linear",8,3,1,11,"K2_c10","local",10,64,31,125,4.1897393802454,5.02213146578342,1.1615214324643,5
"linear",8,3,1,11,"K2_c12","local",12,77,25,125,4.16066445996341,4.93418094066353,1.14175309010127,5
"linear",8,3,1,11,"K2_c14","local",14,90,22,125,4.1639686353877,4.7939751500914,1.0976178066018,5
"linear",8,3,1,12,"K1_global","global",1,160,12,125,3.96489507366726,4.43077654480713,2.24406456112775,5
"linear",8,3,1,12,"K2_c10","local",10,64,31,125,4.23003590258896,4.95914631400424,1.98305890792631,5
"linear",8,3,1,12,"K2_c12","local",12,77,25,125,4.30235622234102,5.03356441822533,2.05775503601428,5
"linear",8,3,1,12,"K2_c14","local",14,90,22,125,4.10915472864805,4.71866877339299,2.10146071210697,5
"linear",8,4,0.5,1,"K1_global","global",1,160,12,125,2.48611218049768,2.88711429311011,0.852404676972803,2.5
"linear",8,4,0.5,1,"K2_c10","local",10,64,31,125,2.96587967883789,3.54707977694598,0.832933676468673,2.5
"linear",8,4,0.5,1,"K2_c12","local",12,77,25,125,2.89115133393279,3.47370270890487,0.738185593472141,2.5
"linear",8,4,0.5,1,"K2_c14","local",14,90,22,125,2.81243445505019,3.36224123601251,0.909529202925845,2.5
"linear",8,4,0.5,2,"K1_global","global",1,160,12,125,2.50684623954215,2.94691346474303,0.937858407832778,2.5
"linear",8,4,0.5,2,"K2_c10","local",10,64,31,125,3.12041285877334,3.72886675793668,0.703554637235286,2.5
"linear",8,4,0.5,2,"K2_c12","local",12,77,25,125,2.93476537857251,3.54096388985294,0.754331087361204,2.5
"linear",8,4,0.5,2,"K2_c14","local",14,90,22,125,2.6579487920341,3.12905067154435,0.753393055295835,2.5
"linear",8,4,0.5,3,"K1_global","global",1,160,12,125,2.48892760694052,2.85893443306062,1.00229195388615,2.5
"linear",8,4,0.5,3,"K2_c10","local",10,64,31,125,2.98529186006734,3.60586810600388,0.733270116037679,2.5
"linear",8,4,0.5,3,"K2_c12","local",12,77,25,125,2.86934909101246,3.35715550056268,0.801121248429117,2.5
"linear",8,4,0.5,3,"K2_c14","local",14,90,22,125,2.66709207363636,3.16695968354411,0.819209127102934,2.5
"linear",8,4,0.5,4,"K1_global","global",1,160,12,125,2.4227877741029,2.8173896786295,0.782669580923277,2.5
"linear",8,4,0.5,4,"K2_c10","local",10,64,31,125,3.09770880399317,3.71095476030196,0.687799453369782,2.5
"linear",8,4,0.5,4,"K2_c12","local",12,77,25,125,2.83068968464106,3.44812065073237,0.604454333333482,2.5
"linear",8,4,0.5,4,"K2_c14","local",14,90,22,125,2.84972821166285,3.44622920171028,0.785485714888741,2.5
"linear",8,4,0.5,5,"K1_global","global",1,160,12,125,2.40955012705716,2.81532500232701,0.935582268360532,2.5
"linear",8,4,0.5,5,"K2_c10","local",10,64,31,125,2.94275258868662,3.46770064371718,0.85250382327577,2.5
"linear",8,4,0.5,5,"K2_c12","local",12,77,25,125,2.70772201354952,3.21661476768739,0.819717847858874,2.5
"linear",8,4,0.5,5,"K2_c14","local",14,90,22,125,2.79679125812437,3.25516909691764,0.920827881880565,2.5
"linear",8,4,0.5,6,"K1_global","global",1,160,12,125,2.37278380020813,2.79101145989658,0.764476417892942,2.5
"linear",8,4,0.5,6,"K2_c10","local",10,64,31,125,2.92183970968617,3.51574987127451,0.593115104930834,2.5
"linear",8,4,0.5,6,"K2_c12","local",12,77,25,125,2.91972865323447,3.54953032840715,0.657226068806807,2.5
"linear",8,4,0.5,6,"K2_c14","local",14,90,22,125,2.72920705535323,3.27897837628067,0.747438010666151,2.5
"linear",8,4,0.5,7,"K1_global","global",1,160,12,125,2.40462847015455,2.8410742536517,0.733392108180276,2.5
"linear",8,4,0.5,7,"K2_c10","local",10,64,31,125,3.12627902649956,3.77699661798394,0.728151862597777,2.5
"linear",8,4,0.5,7,"K2_c12","local",12,77,25,125,2.91477472821051,3.52976129925698,0.78246529835783,2.5
"linear",8,4,0.5,7,"K2_c14","local",14,90,22,125,2.83502385567415,3.36314760858602,0.788936263551282,2.5
"linear",8,4,0.5,8,"K1_global","global",1,160,12,125,2.36314668869555,2.78803755336943,0.78551066588959,2.5
"linear",8,4,0.5,8,"K2_c10","local",10,64,31,125,3.10772601263376,3.67827473991572,0.576982051795647,2.5
"linear",8,4,0.5,8,"K2_c12","local",12,77,25,125,2.79645923638796,3.34929610819002,0.648435870327335,2.5
"linear",8,4,0.5,8,"K2_c14","local",14,90,22,125,2.68006377197475,3.18208322005118,0.659499501398191,2.5
"linear",8,4,0.5,9,"K1_global","global",1,160,12,125,2.39647644892977,2.81481471090424,1.0032168328617,2.5
"linear",8,4,0.5,9,"K2_c10","local",10,64,31,125,2.99541325614837,3.64857570345232,0.792381850885336,2.5
"linear",8,4,0.5,9,"K2_c12","local",12,77,25,125,2.94452677501867,3.58794567086997,0.95947238960989,2.5
"linear",8,4,0.5,9,"K2_c14","local",14,90,22,125,2.80845005823566,3.32519343522874,1.03073022998531,2.5
"linear",8,4,0.5,10,"K1_global","global",1,160,12,125,2.44323457210111,2.87949027150394,0.638406069400138,2.5
"linear",8,4,0.5,10,"K2_c10","local",10,64,31,125,3.08485011846939,3.73640939888307,0.740185612851493,2.5
"linear",8,4,0.5,10,"K2_c12","local",12,77,25,125,3.03248488668565,3.63780249539928,0.764674483252979,2.5
"linear",8,4,0.5,10,"K2_c14","local",14,90,22,125,2.72447302718871,3.27222895002636,0.76689359976264,2.5
"linear",8,4,0.5,11,"K1_global","global",1,160,12,125,2.5871225329301,2.99040486045344,1.01556034359938,2.5
"linear",8,4,0.5,11,"K2_c10","local",10,64,31,125,3.06921717324078,3.65065568181493,0.838287531748269,2.5
"linear",8,4,0.5,11,"K2_c12","local",12,77,25,125,2.83748572741484,3.37575857035022,0.673640859637444,2.5
"linear",8,4,0.5,11,"K2_c14","local",14,90,22,125,2.73383722990557,3.27606376298258,0.776912061437597,2.5
"linear",8,4,0.5,12,"K1_global","global",1,160,12,125,2.48445157856845,2.94161030319677,0.856448663162793,2.5
"linear",8,4,0.5,12,"K2_c10","local",10,64,31,125,3.04671473803838,3.60664695861609,0.642113618894071,2.5
"linear",8,4,0.5,12,"K2_c12","local",12,77,25,125,2.79670220397294,3.40522180546287,0.67384230157424,2.5
"linear",8,4,0.5,12,"K2_c14","local",14,90,22,125,2.73528538831448,3.29144446072012,0.756082232036156,2.5
"linear",8,5,0.25,1,"K1_global","global",1,160,12,125,1.89130928709193,2.2662366828145,0.446968893247365,1.25
"linear",8,5,0.25,1,"K2_c10","local",10,64,31,125,2.51294763128317,3.00695926323279,0.449879781067826,1.25
"linear",8,5,0.25,1,"K2_c12","local",12,77,25,125,2.2193742596949,2.70447765848772,0.418653232555401,1.25
"linear",8,5,0.25,1,"K2_c14","local",14,90,22,125,2.1094139679659,2.55636945615877,0.375238528240295,1.25
"linear",8,5,0.25,2,"K1_global","global",1,160,12,125,1.97730394419018,2.36155076332448,0.635734948815526,1.25
"linear",8,5,0.25,2,"K2_c10","local",10,64,31,125,2.56804977473946,3.17514952342547,0.40214422900085,1.25
"linear",8,5,0.25,2,"K2_c12","local",12,77,25,125,2.28640433358583,2.80043603940098,0.458968531282939,1.25
"linear",8,5,0.25,2,"K2_c14","local",14,90,22,125,2.30327115898878,2.81581929494778,0.53365447804256,1.25
"linear",8,5,0.25,3,"K1_global","global",1,160,12,125,1.80588341108911,2.20899610086874,0.440381511729649,1.25
"linear",8,5,0.25,3,"K2_c10","local",10,64,31,125,2.48118222241329,3.01856082397483,0.412355730287283,1.25
"linear",8,5,0.25,3,"K2_c12","local",12,77,25,125,2.16358587226424,2.67213570689144,0.427219977527529,1.25
"linear",8,5,0.25,3,"K2_c14","local",14,90,22,125,2.15370321547984,2.61298437952111,0.455395886864703,1.25
"linear",8,5,0.25,4,"K1_global","global",1,160,12,125,1.85461740633934,2.27923967955785,0.414715323670044,1.25
"linear",8,5,0.25,4,"K2_c10","local",10,64,31,125,2.41672434594606,2.92974655764403,0.407963749802365,1.25
"linear",8,5,0.25,4,"K2_c12","local",12,77,25,125,2.27410390890571,2.76434937694231,0.397931874734105,1.25
"linear",8,5,0.25,4,"K2_c14","local",14,90,22,125,2.16431177262485,2.57683513318495,0.44971516584559,1.25
"linear",8,5,0.25,5,"K1_global","global",1,160,12,125,1.9310038764158,2.33599722862769,0.437018171736811,1.25
"linear",8,5,0.25,5,"K2_c10","local",10,64,31,125,2.53364756235447,3.10647967314489,0.377461697964497,1.25
"linear",8,5,0.25,5,"K2_c12","local",12,77,25,125,2.37430360154081,2.90053782968261,0.47143249687975,1.25
"linear",8,5,0.25,5,"K2_c14","local",14,90,22,125,2.263291048489,2.76119939931063,0.356540860852614,1.25
"linear",8,5,0.25,6,"K1_global","global",1,160,12,125,1.88019361592561,2.31559183671902,0.504131126838391,1.25
"linear",8,5,0.25,6,"K2_c10","local",10,64,31,125,2.58672737486901,3.13744152155724,0.451447290961106,1.25
"linear",8,5,0.25,6,"K2_c12","local",12,77,25,125,2.29692469383264,2.82589557168606,0.447003357623287,1.25
"linear",8,5,0.25,6,"K2_c14","local",14,90,22,125,2.15722662114217,2.61383025544817,0.386116852205327,1.25
"linear",8,5,0.25,7,"K1_global","global",1,160,12,125,1.82385793797004,2.22200553825075,0.494894354450536,1.25
"linear",8,5,0.25,7,"K2_c10","local",10,64,31,125,2.39146242726495,2.94639936899872,0.387788810813337,1.25
"linear",8,5,0.25,7,"K2_c12","local",12,77,25,125,2.2014308744961,2.71276338980915,0.453931770592338,1.25
"linear",8,5,0.25,7,"K2_c14","local",14,90,22,125,2.12438867794497,2.5537322021428,0.439804609949372,1.25
"linear",8,5,0.25,8,"K1_global","global",1,160,12,125,1.80418168457943,2.19615574125877,0.300836563033955,1.25
"linear",8,5,0.25,8,"K2_c10","local",10,64,31,125,2.54211619124852,3.10746756781573,0.4246685920361,1.25
"linear",8,5,0.25,8,"K2_c12","local",12,77,25,125,2.1680605485983,2.70945692289794,0.331978827634991,1.25
"linear",8,5,0.25,8,"K2_c14","local",14,90,22,125,2.11764226709019,2.63142133237753,0.451078583126694,1.25
"linear",8,5,0.25,9,"K1_global","global",1,160,12,125,1.86764556003392,2.23423613070206,0.414023104482146,1.25
"linear",8,5,0.25,9,"K2_c10","local",10,64,31,125,2.4962104589896,3.04059385872118,0.433509962312591,1.25
"linear",8,5,0.25,9,"K2_c12","local",12,77,25,125,2.178510586611,2.66157430428306,0.34519853457583,1.25
"linear",8,5,0.25,9,"K2_c14","local",14,90,22,125,2.16158179176488,2.58224097976857,0.390158664815035,1.25
"linear",8,5,0.25,10,"K1_global","global",1,160,12,125,1.91264190083138,2.32628536809424,0.372147437188432,1.25
"linear",8,5,0.25,10,"K2_c10","local",10,64,31,125,2.47188716221746,3.02693524363434,0.474431476859523,1.25
"linear",8,5,0.25,10,"K2_c12","local",12,77,25,125,2.2930139930006,2.79114491715107,0.410470454675286,1.25
"linear",8,5,0.25,10,"K2_c14","local",14,90,22,125,2.28400957253449,2.73320905862496,0.530078661594679,1.25
"linear",8,5,0.25,11,"K1_global","global",1,160,12,125,1.92388327526382,2.28737533093131,0.479462401615736,1.25
"linear",8,5,0.25,11,"K2_c10","local",10,64,31,125,2.47364486622877,2.98152077032363,0.406419005774462,1.25
"linear",8,5,0.25,11,"K2_c12","local",12,77,25,125,2.25149457805992,2.74569500229436,0.396601724233293,1.25
"linear",8,5,0.25,11,"K2_c14","local",14,90,22,125,2.06938079452412,2.51067922552623,0.390872074956514,1.25
"linear",8,5,0.25,12,"K1_global","global",1,160,12,125,1.82166962552255,2.18485594177609,0.472662544141856,1.25
"linear",8,5,0.25,12,"K2_c10","local",10,64,31,125,2.43365984321606,2.94932294362691,0.533462916845737,1.25
"linear",8,5,0.25,12,"K2_c12","local",12,77,25,125,2.25008027084108,2.72042775378081,0.444571888550903,1.25
"linear",8,5,0.25,12,"K2_c14","local",14,90,22,125,2.13297336540983,2.54230159393489,0.391559322153749,1.25
"linear",8,6,0.1,1,"K1_global","global",1,160,12,125,1.68125456087141,2.06315643960489,0.296209011204813,0.5
"linear",8,6,0.1,1,"K2_c10","local",10,64,31,125,2.26021598520798,2.76822475083579,0.404477870638249,0.5
"linear",8,6,0.1,1,"K2_c12","local",12,77,25,125,1.97290147296269,2.45257795285709,0.394513016814733,0.5
"linear",8,6,0.1,1,"K2_c14","local",14,90,22,125,1.91090831876396,2.31184062120413,0.319447973852327,0.5
"linear",8,6,0.1,2,"K1_global","global",1,160,12,125,1.66760359844731,2.0332827824287,0.281190615425939,0.5
"linear",8,6,0.1,2,"K2_c10","local",10,64,31,125,2.31613323917756,2.84859624003197,0.351805935170579,0.5
"linear",8,6,0.1,2,"K2_c12","local",12,77,25,125,1.95825408931122,2.42526554511629,0.324045642091048,0.5
"linear",8,6,0.1,2,"K2_c14","local",14,90,22,125,1.83664050027528,2.26522005048794,0.30628397913441,0.5
"linear",8,6,0.1,3,"K1_global","global",1,160,12,125,1.67116034289722,2.06098543992599,0.285561160878125,0.5
"linear",8,6,0.1,3,"K2_c10","local",10,64,31,125,2.31381144479123,2.80213540490171,0.415294078034636,0.5
"linear",8,6,0.1,3,"K2_c12","local",12,77,25,125,2.03769125908083,2.4574550289595,0.389152451146337,0.5
"linear",8,6,0.1,3,"K2_c14","local",14,90,22,125,1.9545024458193,2.35354552130287,0.300799883011022,0.5
"linear",8,6,0.1,4,"K1_global","global",1,160,12,125,1.69315930172844,2.08162617532529,0.261403908124354,0.5
"linear",8,6,0.1,4,"K2_c10","local",10,64,31,125,2.22645947422785,2.74983409361645,0.359801167416982,0.5
"linear",8,6,0.1,4,"K2_c12","local",12,77,25,125,2.04541528900794,2.51640645787918,0.424150484820372,0.5
"linear",8,6,0.1,4,"K2_c14","local",14,90,22,125,1.92456115283839,2.33449383418623,0.331128108441699,0.5
"linear",8,6,0.1,5,"K1_global","global",1,160,12,125,1.69144457890491,2.08155900904144,0.299500552007473,0.5
"linear",8,6,0.1,5,"K2_c10","local",10,64,31,125,2.28000996905148,2.78876941188165,0.403292262034395,0.5
"linear",8,6,0.1,5,"K2_c12","local",12,77,25,125,2.04948289308799,2.52457816243073,0.3785641340935,0.5
"linear",8,6,0.1,5,"K2_c14","local",14,90,22,125,1.99568255513755,2.39654614999035,0.321700780042462,0.5
"linear",8,6,0.1,6,"K1_global","global",1,160,12,125,1.71044670237292,2.07600746931711,0.271146523427806,0.5
"linear",8,6,0.1,6,"K2_c10","local",10,64,31,125,2.35281889329402,2.85464668730282,0.372000870234196,0.5
"linear",8,6,0.1,6,"K2_c12","local",12,77,25,125,2.02392446362618,2.46679826778114,0.345051852288801,0.5
"linear",8,6,0.1,6,"K2_c14","local",14,90,22,125,1.91495028857128,2.29284688908606,0.335703279009417,0.5
"linear",8,6,0.1,7,"K1_global","global",1,160,12,125,1.65422539435609,2.02017859221987,0.249988624758357,0.5
"linear",8,6,0.1,7,"K2_c10","local",10,64,31,125,2.23573637036768,2.75800175396868,0.409930163829941,0.5
"linear",8,6,0.1,7,"K2_c12","local",12,77,25,125,2.02902136012174,2.49841390344164,0.363920018949227,0.5
"linear",8,6,0.1,7,"K2_c14","local",14,90,22,125,1.92494217637356,2.32584811491927,0.368745319367971,0.5
"linear",8,6,0.1,8,"K1_global","global",1,160,12,125,1.64379106377959,2.00239922562466,0.263297658775301,0.5
"linear",8,6,0.1,8,"K2_c10","local",10,64,31,125,2.17405782699355,2.66833460586333,0.414388211860887,0.5
"linear",8,6,0.1,8,"K2_c12","local",12,77,25,125,1.9111056681645,2.34552250535804,0.347675513053247,0.5
"linear",8,6,0.1,8,"K2_c14","local",14,90,22,125,1.82089285469063,2.20260380790396,0.330588016205495,0.5
"linear",8,6,0.1,9,"K1_global","global",1,160,12,125,1.64357699652536,2.00421406598373,0.254016365461328,0.5
"linear",8,6,0.1,9,"K2_c10","local",10,64,31,125,2.31447208528069,2.81562882431316,0.339681547952529,0.5
"linear",8,6,0.1,9,"K2_c12","local",12,77,25,125,2.00968058641725,2.47949408984827,0.336764492062984,0.5
"linear",8,6,0.1,9,"K2_c14","local",14,90,22,125,1.92222717841459,2.30940756176723,0.295393461593656,0.5
"linear",8,6,0.1,10,"K1_global","global",1,160,12,125,1.69711815376819,2.05370809663091,0.312971179579634,0.5
"linear",8,6,0.1,10,"K2_c10","local",10,64,31,125,2.25953351589924,2.74981567434691,0.354149156562924,0.5
"linear",8,6,0.1,10,"K2_c12","local",12,77,25,125,1.95829575327653,2.38354498641473,0.358272434263944,0.5
"linear",8,6,0.1,10,"K2_c14","local",14,90,22,125,1.88084389608436,2.26401112955986,0.300269165812388,0.5
"linear",8,6,0.1,11,"K1_global","global",1,160,12,125,1.69967745399955,2.06083622472152,0.311301957799784,0.5
"linear",8,6,0.1,11,"K2_c10","local",10,64,31,125,2.27103785131629,2.78262420810359,0.384946568474752,0.5
"linear",8,6,0.1,11,"K2_c12","local",12,77,25,125,2.03630139268363,2.50130147014709,0.364044475013831,0.5
"linear",8,6,0.1,11,"K2_c14","local",14,90,22,125,1.94426530567776,2.38178964381111,0.336239336637129,0.5
"linear",8,6,0.1,12,"K1_global","global",1,160,12,125,1.7340746856012,2.09231803530654,0.296256336097166,0.5
"linear",8,6,0.1,12,"K2_c10","local",10,64,31,125,2.27068750607883,2.8000975509256,0.383742536428859,0.5
"linear",8,6,0.1,12,"K2_c12","local",12,77,25,125,2.07636984083107,2.51744139447922,0.376953843179179,0.5
"linear",8,6,0.1,12,"K2_c14","local",14,90,22,125,1.94052667065797,2.33781863459618,0.348950690804321,0.5
"linear",9,1,4,1,"K1_global","global",1,160,12,125,13.9536639590465,14.9569221684039,8.51875463312257,20
"linear",9,1,4,1,"K2_c10","local",10,64,31,125,14.7782396875961,17.1767513640178,6.60294709696628,20
"linear",9,1,4,1,"K2_c12","local",12,77,25,125,14.3166409241076,16.2476707937578,6.58343814455679,20
"linear",9,1,4,1,"K2_c14","local",14,90,22,125,13.9229052651211,15.5814275229459,6.87764894692488,20
"linear",9,1,4,2,"K1_global","global",1,160,12,125,13.8922854479951,14.7647097572764,6.30035364823905,20
"linear",9,1,4,2,"K2_c10","local",10,64,31,125,14.7186580794054,16.7352004629997,4.94783696648501,20
"linear",9,1,4,2,"K2_c12","local",12,77,25,125,14.542118466055,16.2716361679276,5.7142365411625,20
"linear",9,1,4,2,"K2_c14","local",14,90,22,125,14.4141476466976,16.0420874970204,5.6234888100485,20
"linear",9,1,4,3,"K1_global","global",1,160,12,125,13.4421618012874,14.4975809664927,9.3054823434518,20
"linear",9,1,4,3,"K2_c10","local",10,64,31,125,15.0623161762133,17.5606378139148,7.12637373807436,20
"linear",9,1,4,3,"K2_c12","local",12,77,25,125,13.4403206161713,15.6586559713277,6.42990226706339,20
"linear",9,1,4,3,"K2_c14","local",14,90,22,125,13.3344368351761,15.2192037369022,7.12135557724842,20
"linear",9,1,4,4,"K1_global","global",1,160,12,125,13.3049121035269,14.2421015898474,8.50481516281947,20
"linear",9,1,4,4,"K2_c10","local",10,64,31,125,14.9569085364484,16.8372726822767,7.96150390130567,20
"linear",9,1,4,4,"K2_c12","local",12,77,25,125,13.8720844503225,15.4226703516035,7.18706922637373,20
"linear",9,1,4,4,"K2_c14","local",14,90,22,125,13.9828593989142,15.6267392643267,7.67711322403557,20
"linear",9,1,4,5,"K1_global","global",1,160,12,125,14.0176824767706,15.0594124490401,5.91294828866224,20
"linear",9,1,4,5,"K2_c10","local",10,64,31,125,14.7161670803656,17.1074196066555,4.61943096522331,20
"linear",9,1,4,5,"K2_c12","local",12,77,25,125,14.5890621921253,16.6774109759817,4.74834271599357,20
"linear",9,1,4,5,"K2_c14","local",14,90,22,125,14.2333357221694,16.2135207640099,4.92868379581104,20
"linear",9,1,4,6,"K1_global","global",1,160,12,125,14.3163030966282,15.2966984475515,7.33884090621875,20
"linear",9,1,4,6,"K2_c10","local",10,64,31,125,15.4444956315765,17.8064652626977,6.3927382797613,20
"linear",9,1,4,6,"K2_c12","local",12,77,25,125,14.5873553611339,16.5662340153868,5.87122527274054,20
"linear",9,1,4,6,"K2_c14","local",14,90,22,125,13.874819540904,15.624325291687,5.85208138907597,20
"linear",9,1,4,7,"K1_global","global",1,160,12,125,13.9986672001053,14.9821125098137,7.90416444194824,20
"linear",9,1,4,7,"K2_c10","local",10,64,31,125,16.0724320170612,18.5264252525285,6.27317916068651,20
"linear",9,1,4,7,"K2_c12","local",12,77,25,125,15.1255618102436,17.5466150450057,6.6836517651638,20
"linear",9,1,4,7,"K2_c14","local",14,90,22,125,14.5976127528721,16.3744337967673,6.31336733943342,20
"linear",9,1,4,8,"K1_global","global",1,160,12,125,13.6050417331704,14.6322785841324,7.39216031150446,20
"linear",9,1,4,8,"K2_c10","local",10,64,31,125,14.5680211872533,16.8142604667325,6.19981559599407,20
"linear",9,1,4,8,"K2_c12","local",12,77,25,125,14.4986645459075,16.5587538674949,5.86396380797524,20
"linear",9,1,4,8,"K2_c14","local",14,90,22,125,13.9498897554967,15.8687075236604,6.22444596396169,20
"linear",9,1,4,9,"K1_global","global",1,160,12,125,13.2571221734634,14.1914098346371,8.08881006556686,20
"linear",9,1,4,9,"K2_c10","local",10,64,31,125,14.4303341521333,16.758679842095,6.72716812027996,20
"linear",9,1,4,9,"K2_c12","local",12,77,25,125,14.750766364102,16.549951744964,7.33289462556796,20
"linear",9,1,4,9,"K2_c14","local",14,90,22,125,13.9553891362933,15.7435455007017,7.12039247056408,20
"linear",9,1,4,10,"K1_global","global",1,160,12,125,14.1598848429502,14.9401984645126,6.79498851175433,20
"linear",9,1,4,10,"K2_c10","local",10,64,31,125,14.4174833675175,16.0904328052728,5.92947977619607,20
"linear",9,1,4,10,"K2_c12","local",12,77,25,125,14.7451398689761,16.312682052375,5.97545966919499,20
"linear",9,1,4,10,"K2_c14","local",14,90,22,125,14.5148748625063,16.0633177050443,5.68761295356713,20
"linear",9,1,4,11,"K1_global","global",1,160,12,125,13.3399269521058,14.4046916164208,6.1138701795553,20
"linear",9,1,4,11,"K2_c10","local",10,64,31,125,14.4613025169547,16.6894851041796,5.21128791976855,20
"linear",9,1,4,11,"K2_c12","local",12,77,25,125,13.6993629045781,15.6225483060595,4.98687253964697,20
"linear",9,1,4,11,"K2_c14","local",14,90,22,125,13.4669033647871,15.0420024369187,5.28620035190933,20
"linear",9,1,4,12,"K1_global","global",1,160,12,125,13.9091267132196,14.9340311175539,7.83222169389793,20
"linear",9,1,4,12,"K2_c10","local",10,64,31,125,14.4493187137821,16.651360597265,6.44900603764202,20
"linear",9,1,4,12,"K2_c12","local",12,77,25,125,14.3794161913282,16.3430014557967,6.49801792394539,20
"linear",9,1,4,12,"K2_c14","local",14,90,22,125,14.0235068170573,15.6713095575024,7.32745736395103,20
"linear",9,2,2,1,"K1_global","global",1,160,12,125,6.82243440754163,7.5084564143036,3.14105961456641,10
"linear",9,2,2,1,"K2_c10","local",10,64,31,125,7.53069184277967,8.74303887077738,2.32926848430433,10
"linear",9,2,2,1,"K2_c12","local",12,77,25,125,7.41365843789245,8.69292871381669,2.48643290814474,10
"linear",9,2,2,1,"K2_c14","local",14,90,22,125,7.23026556196929,8.40600041479771,2.62968558542039,10
"linear",9,2,2,2,"K1_global","global",1,160,12,125,7.14151220964487,7.83368910581206,3.63863051542954,10
"linear",9,2,2,2,"K2_c10","local",10,64,31,125,7.81586608658476,9.22769487946462,2.77614539069139,10
"linear",9,2,2,2,"K2_c12","local",12,77,25,125,7.92398110043137,9.20758056372928,2.69253225904976,10
"linear",9,2,2,2,"K2_c14","local",14,90,22,125,7.5802728851537,8.84439785241702,3.11850774895558,10
"linear",9,2,2,3,"K1_global","global",1,160,12,125,6.9535846441806,7.69096744194657,2.92177193321537,10
"linear",9,2,2,3,"K2_c10","local",10,64,31,125,7.75841836438389,8.9581830750575,2.67659944673581,10
"linear",9,2,2,3,"K2_c12","local",12,77,25,125,7.74413748061576,8.71174670127452,2.80404965444484,10
"linear",9,2,2,3,"K2_c14","local",14,90,22,125,7.39278790010404,8.33975912979996,2.9903935111227,10
"linear",9,2,2,4,"K1_global","global",1,160,12,125,6.77842094894757,7.45311387673864,3.25083243044558,10
"linear",9,2,2,4,"K2_c10","local",10,64,31,125,8.22950970720963,9.77559944536537,2.8367074975161,10
"linear",9,2,2,4,"K2_c12","local",12,77,25,125,7.7184423105488,9.02374053943492,2.80276081078032,10
"linear",9,2,2,4,"K2_c14","local",14,90,22,125,7.16194154143566,8.26071815357623,2.63179679767418,10
"linear",9,2,2,5,"K1_global","global",1,160,12,125,6.97793445387359,7.67120982299522,3.19560151324287,10
"linear",9,2,2,5,"K2_c10","local",10,64,31,125,8.19664040079694,9.35103201717726,2.33726978325365,10
"linear",9,2,2,5,"K2_c12","local",12,77,25,125,7.60389941221216,8.76986028920698,2.26124111825318,10
"linear",9,2,2,5,"K2_c14","local",14,90,22,125,7.43614474299869,8.56130907106246,2.38412308921841,10
"linear",9,2,2,6,"K1_global","global",1,160,12,125,7.01212153680101,7.65153313063688,2.94425957471356,10
"linear",9,2,2,6,"K2_c10","local",10,64,31,125,8.11865223086634,9.5563443781,2.4195399003867,10
"linear",9,2,2,6,"K2_c12","local",12,77,25,125,7.48885173104124,8.57323130724105,2.53724678587493,10
"linear",9,2,2,6,"K2_c14","local",14,90,22,125,7.19274540297259,8.29652301433918,2.26828616545996,10
"linear",9,2,2,7,"K1_global","global",1,160,12,125,7.12875263619436,7.7641803070995,3.17629358527947,10
"linear",9,2,2,7,"K2_c10","local",10,64,31,125,7.67896913393975,8.81768936621135,2.86619504571538,10
"linear",9,2,2,7,"K2_c12","local",12,77,25,125,7.80412519385119,8.89956613873494,2.93455556777742,10
"linear",9,2,2,7,"K2_c14","local",14,90,22,125,7.37014060590433,8.18462263992153,3.14176270937391,10
"linear",9,2,2,8,"K1_global","global",1,160,12,125,6.956880657902,7.59478695015703,3.57999843231546,10
"linear",9,2,2,8,"K2_c10","local",10,64,31,125,8.28231743369981,9.71256376307934,2.97869257113168,10
"linear",9,2,2,8,"K2_c12","local",12,77,25,125,7.45038807451989,8.58919651050042,2.88524290511209,10
"linear",9,2,2,8,"K2_c14","local",14,90,22,125,7.53379375813287,8.51592202407924,3.28645559747389,10
"linear",9,2,2,9,"K1_global","global",1,160,12,125,6.79030214391473,7.54169286785735,3.28184866534656,10
"linear",9,2,2,9,"K2_c10","local",10,64,31,125,8.01099048292039,9.3083246702772,3.02229879463059,10
"linear",9,2,2,9,"K2_c12","local",12,77,25,125,7.67645952150904,8.96224448472928,3.08745487104636,10
"linear",9,2,2,9,"K2_c14","local",14,90,22,125,7.13201887560597,8.15910545777086,3.16434791019869,10
"linear",9,2,2,10,"K1_global","global",1,160,12,125,6.69414280266205,7.32425589511655,2.58369392401167,10
"linear",9,2,2,10,"K2_c10","local",10,64,31,125,7.96486907823618,9.45481045108431,2.27128199278936,10
"linear",9,2,2,10,"K2_c12","local",12,77,25,125,7.49229553730712,8.80319391008238,2.19475664570043,10
"linear",9,2,2,10,"K2_c14","local",14,90,22,125,7.32930222103523,8.34758238570625,2.43659060185892,10
"linear",9,2,2,11,"K1_global","global",1,160,12,125,6.89647988611176,7.50182825356716,2.92055542929962,10
"linear",9,2,2,11,"K2_c10","local",10,64,31,125,8.24138700737052,9.59938307961161,2.43197293635095,10
"linear",9,2,2,11,"K2_c12","local",12,77,25,125,7.94820227783503,9.16463887162484,2.30059497798914,10
"linear",9,2,2,11,"K2_c14","local",14,90,22,125,7.49274151692127,8.52156962109677,2.55037869077216,10
"linear",9,2,2,12,"K1_global","global",1,160,12,125,6.94256974573014,7.6037094561804,3.95567643241966,10
"linear",9,2,2,12,"K2_c10","local",10,64,31,125,8.3160773206815,9.89009761390906,3.16668844903477,10
"linear",9,2,2,12,"K2_c12","local",12,77,25,125,7.86399346775356,9.21479812688198,3.90368138699202,10
"linear",9,2,2,12,"K2_c14","local",14,90,22,125,7.70593986351773,8.75491104693799,3.61749434033078,10
"linear",9,3,1,1,"K1_global","global",1,160,12,125,3.89726295291242,4.41696069283855,1.65090319970233,5
"linear",9,3,1,1,"K2_c10","local",10,64,31,125,4.95714781966758,5.89600413832178,1.28100812319605,5
"linear",9,3,1,1,"K2_c12","local",12,77,25,125,4.35699197097977,5.20543035645863,1.26352128239967,5
"linear",9,3,1,1,"K2_c14","local",14,90,22,125,4.17693494139031,4.88003946798746,1.34829550108828,5
"linear",9,3,1,2,"K1_global","global",1,160,12,125,3.9104208025482,4.35979643074418,1.60745462496183,5
"linear",9,3,1,2,"K2_c10","local",10,64,31,125,4.72258587475351,5.56820111766313,1.36643674880419,5
"linear",9,3,1,2,"K2_c12","local",12,77,25,125,4.65515805010267,5.40011443292845,1.53298523256959,5
"linear",9,3,1,2,"K2_c14","local",14,90,22,125,4.53184835520078,5.19858061499232,1.526770468547,5
"linear",9,3,1,3,"K1_global","global",1,160,12,125,3.97759212046452,4.41077829940934,1.69223828794731,5
"linear",9,3,1,3,"K2_c10","local",10,64,31,125,4.70022592673428,5.52481150062807,1.25679881043458,5
"linear",9,3,1,3,"K2_c12","local",12,77,25,125,4.64252719329136,5.34463591990714,1.44286837873526,5
"linear",9,3,1,3,"K2_c14","local",14,90,22,125,4.19328076454296,4.87158895498506,1.32016184838103,5
"linear",9,3,1,4,"K1_global","global",1,160,12,125,4.00751307205859,4.51945636934039,1.67895672080886,5
"linear",9,3,1,4,"K2_c10","local",10,64,31,125,5.02287264356641,5.9522850243805,1.33228724760045,5
"linear",9,3,1,4,"K2_c12","local",12,77,25,125,4.44425287206877,5.19732761696424,1.30300645813705,5
"linear",9,3,1,4,"K2_c14","local",14,90,22,125,4.14912095964669,4.90327471019006,1.23543228019985,5
"linear",9,3,1,5,"K1_global","global",1,160,12,125,3.96793895332059,4.45882880674339,1.86179668538834,5
"linear",9,3,1,5,"K2_c10","local",10,64,31,125,4.85800166547913,5.93146334268247,1.33733348211551,5
"linear",9,3,1,5,"K2_c12","local",12,77,25,125,4.70755805634349,5.61646731825032,1.58453005639857,5
"linear",9,3,1,5,"K2_c14","local",14,90,22,125,4.46222463208331,5.25968386046104,1.58518616081445,5
"linear",9,3,1,6,"K1_global","global",1,160,12,125,3.94858137324731,4.38833508032935,1.88563813663696,5
"linear",9,3,1,6,"K2_c10","local",10,64,31,125,4.91286087151463,5.75596930146684,1.72715013700115,5
"linear",9,3,1,6,"K2_c12","local",12,77,25,125,4.63336423322883,5.34115842415558,1.90883606364679,5
"linear",9,3,1,6,"K2_c14","local",14,90,22,125,4.31449225904263,4.95014262065259,1.84899731005483,5
"linear",9,3,1,7,"K1_global","global",1,160,12,125,3.86660462790661,4.30705527849211,1.69506717978923,5
"linear",9,3,1,7,"K2_c10","local",10,64,31,125,4.64284048788414,5.54138171346467,1.33056129416361,5
"linear",9,3,1,7,"K2_c12","local",12,77,25,125,4.30845018880697,5.07641660280006,1.47599458324036,5
"linear",9,3,1,7,"K2_c14","local",14,90,22,125,4.32023357509677,4.96167713620685,1.78250915594171,5
"linear",9,3,1,8,"K1_global","global",1,160,12,125,3.94140763043314,4.47064455930495,2.35351223188937,5
"linear",9,3,1,8,"K2_c10","local",10,64,31,125,4.56753920889038,5.48916938141363,1.71979447395079,5
"linear",9,3,1,8,"K2_c12","local",12,77,25,125,4.42478925128283,5.22406563122873,1.9139584345838,5
"linear",9,3,1,8,"K2_c14","local",14,90,22,125,4.26799529010271,4.92803580335475,2.15528974132241,5
"linear",9,3,1,9,"K1_global","global",1,160,12,125,3.86262201880924,4.36030511693865,1.74453827268405,5
"linear",9,3,1,9,"K2_c10","local",10,64,31,125,4.77164558321161,5.60380051542419,1.56507053582082,5
"linear",9,3,1,9,"K2_c12","local",12,77,25,125,4.4919331266217,5.19998737770532,1.65476711682069,5
"linear",9,3,1,9,"K2_c14","local",14,90,22,125,4.30252108680616,5.01227891987661,1.66405434156348,5
"linear",9,3,1,10,"K1_global","global",1,160,12,125,4.04839721700449,4.50464484370736,1.49780858708739,5
"linear",9,3,1,10,"K2_c10","local",10,64,31,125,4.98724645273071,5.86298676757379,1.1991072773224,5
"linear",9,3,1,10,"K2_c12","local",12,77,25,125,4.52756963195324,5.22473962831891,1.36414585646038,5
"linear",9,3,1,10,"K2_c14","local",14,90,22,125,4.4349793297035,5.01009365074267,1.36603175285542,5
"linear",9,3,1,11,"K1_global","global",1,160,12,125,4.02213561338756,4.48403150251881,1.50506253464243,5
"linear",9,3,1,11,"K2_c10","local",10,64,31,125,4.74424064516914,5.61830812764928,1.13288789526337,5
"linear",9,3,1,11,"K2_c12","local",12,77,25,125,4.63067259841589,5.44418992737531,1.44104490616578,5
"linear",9,3,1,11,"K2_c14","local",14,90,22,125,4.33676781783563,4.99897599206803,1.53342822243521,5
"linear",9,3,1,12,"K1_global","global",1,160,12,125,3.80997386082372,4.32619513039295,1.73112781586835,5
"linear",9,3,1,12,"K2_c10","local",10,64,31,125,4.77458782813042,5.6166930454165,1.21000323593268,5
"linear",9,3,1,12,"K2_c12","local",12,77,25,125,4.66681159439419,5.47900326502807,1.45419926071765,5
"linear",9,3,1,12,"K2_c14","local",14,90,22,125,4.57967374813771,5.36111296584163,1.72442052858376,5
"linear",9,4,0.5,1,"K1_global","global",1,160,12,125,2.46265656183607,2.89323226001662,0.735209318693984,2.5
"linear",9,4,0.5,1,"K2_c10","local",10,64,31,125,3.37600400307865,4.09852978992227,0.624943982571553,2.5
"linear",9,4,0.5,1,"K2_c12","local",12,77,25,125,3.19057154900097,3.90574856378129,0.660381631463008,2.5
"linear",9,4,0.5,1,"K2_c14","local",14,90,22,125,2.88843141181058,3.49985409863401,0.684189492396712,2.5
"linear",9,4,0.5,2,"K1_global","global",1,160,12,125,2.34750682190831,2.79672917306104,0.748834316533298,2.5
"linear",9,4,0.5,2,"K2_c10","local",10,64,31,125,3.49245589828636,4.18723206560607,0.782286457896111,2.5
"linear",9,4,0.5,2,"K2_c12","local",12,77,25,125,3.22327260899564,3.90316801306213,0.766516636176252,2.5
"linear",9,4,0.5,2,"K2_c14","local",14,90,22,125,2.79530851334447,3.36192503216224,0.607774974446766,2.5
"linear",9,4,0.5,3,"K1_global","global",1,160,12,125,2.46529008671053,2.89538796068858,1.07206763374748,2.5
"linear",9,4,0.5,3,"K2_c10","local",10,64,31,125,3.44732441900351,4.14618582120464,0.918814152732901,2.5
"linear",9,4,0.5,3,"K2_c12","local",12,77,25,125,3.33383669642177,3.97638227629854,0.878574345505205,2.5
"linear",9,4,0.5,3,"K2_c14","local",14,90,22,125,2.96415539097968,3.5126394304706,1.05237163318438,2.5
"linear",9,4,0.5,4,"K1_global","global",1,160,12,125,2.43961763081227,2.90133096861015,0.647597223646043,2.5
"linear",9,4,0.5,4,"K2_c10","local",10,64,31,125,3.24937489149146,3.9874920508729,0.641356640112776,2.5
"linear",9,4,0.5,4,"K2_c12","local",12,77,25,125,3.19169180013609,3.88442396521556,0.561636316987733,2.5
"linear",9,4,0.5,4,"K2_c14","local",14,90,22,125,2.94479382392763,3.51497108643121,0.626037724252346,2.5
"linear",9,4,0.5,5,"K1_global","global",1,160,12,125,2.49185398644851,2.93932907143994,0.762420600160992,2.5
"linear",9,4,0.5,5,"K2_c10","local",10,64,31,125,3.44657849666764,4.16806280281212,0.749335726411002,2.5
"linear",9,4,0.5,5,"K2_c12","local",12,77,25,125,3.16264335520945,3.80506434105319,0.763958990339234,2.5
"linear",9,4,0.5,5,"K2_c14","local",14,90,22,125,2.99950080917889,3.58585847352515,0.797898846335185,2.5
"linear",9,4,0.5,6,"K1_global","global",1,160,12,125,2.4090840980435,2.84489312631328,0.986959142436208,2.5
"linear",9,4,0.5,6,"K2_c10","local",10,64,31,125,3.49585764569114,4.240332627728,0.938829732872765,2.5
"linear",9,4,0.5,6,"K2_c12","local",12,77,25,125,3.24401529129532,3.97159008114986,0.982514185413684,2.5
"linear",9,4,0.5,6,"K2_c14","local",14,90,22,125,2.89382204366659,3.45023392161722,1.08290874337115,2.5
"linear",9,4,0.5,7,"K1_global","global",1,160,12,125,2.51401773800878,2.97302148257981,0.753925746602542,2.5
"linear",9,4,0.5,7,"K2_c10","local",10,64,31,125,3.43834162372185,4.18539477549782,0.721800197788715,2.5
"linear",9,4,0.5,7,"K2_c12","local",12,77,25,125,3.13422296485313,3.80725200016425,0.729204233991765,2.5
"linear",9,4,0.5,7,"K2_c14","local",14,90,22,125,2.96588796696239,3.57368364044879,0.738877104592357,2.5
"linear",9,4,0.5,8,"K1_global","global",1,160,12,125,2.38902219941978,2.7886717734026,0.812463354453536,2.5
"linear",9,4,0.5,8,"K2_c10","local",10,64,31,125,3.5395164807973,4.29430135976678,0.712235695388814,2.5
"linear",9,4,0.5,8,"K2_c12","local",12,77,25,125,3.08407166463695,3.72101162540425,0.691005504582847,2.5
"linear",9,4,0.5,8,"K2_c14","local",14,90,22,125,2.9202559127239,3.52014030883739,0.709847643228249,2.5
"linear",9,4,0.5,9,"K1_global","global",1,160,12,125,2.40006538879204,2.80751369856907,0.921155649767404,2.5
"linear",9,4,0.5,9,"K2_c10","local",10,64,31,125,3.30481944529338,4.0226943814296,0.626488620165198,2.5
"linear",9,4,0.5,9,"K2_c12","local",12,77,25,125,3.20349820925757,3.81316865955616,0.843063379445006,2.5
"linear",9,4,0.5,9,"K2_c14","local",14,90,22,125,3.01039461453184,3.57615828564033,0.650441968220898,2.5
"linear",9,4,0.5,10,"K1_global","global",1,160,12,125,2.49777744781805,2.99486503630364,1.02578112433778,2.5
"linear",9,4,0.5,10,"K2_c10","local",10,64,31,125,3.26755570280888,3.98094842593961,0.803853084745571,2.5
"linear",9,4,0.5,10,"K2_c12","local",12,77,25,125,3.1160212698761,3.71388771654555,0.875887513062694,2.5
"linear",9,4,0.5,10,"K2_c14","local",14,90,22,125,2.97446823537056,3.48460563569228,0.825092785618792,2.5
"linear",9,4,0.5,11,"K1_global","global",1,160,12,125,2.44279438207742,2.85458110504816,0.897284745800254,2.5
"linear",9,4,0.5,11,"K2_c10","local",10,64,31,125,3.28665361154994,3.99636264136045,0.613255796824244,2.5
"linear",9,4,0.5,11,"K2_c12","local",12,77,25,125,3.09546455649051,3.78619345807288,0.74787242030752,2.5
"linear",9,4,0.5,11,"K2_c14","local",14,90,22,125,2.78476973131267,3.33656467684752,0.77627123197508,2.5
"linear",9,4,0.5,12,"K1_global","global",1,160,12,125,2.50533502056711,2.92746851552721,0.883027343145506,2.5
"linear",9,4,0.5,12,"K2_c10","local",10,64,31,125,3.56985705627594,4.32493580742959,0.838681885492727,2.5
"linear",9,4,0.5,12,"K2_c12","local",12,77,25,125,3.26036474807142,3.91384402616054,0.673892914026871,2.5
"linear",9,4,0.5,12,"K2_c14","local",14,90,22,125,3.08285112896877,3.79887212308001,0.62994859262544,2.5
"linear",9,5,0.25,1,"K1_global","global",1,160,12,125,1.89429122344729,2.29906700119939,0.366056534935527,1.25
"linear",9,5,0.25,1,"K2_c10","local",10,64,31,125,2.7962863979108,3.37750721252846,0.508475229840297,1.25
"linear",9,5,0.25,1,"K2_c12","local",12,77,25,125,2.54163691604983,3.09140960558704,0.428581739431513,1.25
"linear",9,5,0.25,1,"K2_c14","local",14,90,22,125,2.36631706170522,2.87625296990861,0.458622835692698,1.25
"linear",9,5,0.25,2,"K1_global","global",1,160,12,125,1.9513404870992,2.34039269161062,0.509901010084668,1.25
"linear",9,5,0.25,2,"K2_c10","local",10,64,31,125,2.88416657793818,3.58496750262331,0.490511552615791,1.25
"linear",9,5,0.25,2,"K2_c12","local",12,77,25,125,2.72892593922714,3.3159109420537,0.423364357086507,1.25
"linear",9,5,0.25,2,"K2_c14","local",14,90,22,125,2.50807543724726,3.01657964996665,0.392391494100223,1.25
"linear",9,5,0.25,3,"K1_global","global",1,160,12,125,1.95610209206214,2.40040997342315,0.343366503566994,1.25
"linear",9,5,0.25,3,"K2_c10","local",10,64,31,125,2.77552129067947,3.43457587971956,0.585865134942354,1.25
"linear",9,5,0.25,3,"K2_c12","local",12,77,25,125,2.4965529872202,3.14368165830519,0.460923264743957,1.25
"linear",9,5,0.25,3,"K2_c14","local",14,90,22,125,2.21624560578684,2.76526630680749,0.413964470970327,1.25
"linear",9,5,0.25,4,"K1_global","global",1,160,12,125,1.94254253298505,2.35393363516544,0.376982201417302,1.25
"linear",9,5,0.25,4,"K2_c10","local",10,64,31,125,2.82943085096496,3.48236500607705,0.475691451482848,1.25
"linear",9,5,0.25,4,"K2_c12","local",12,77,25,125,2.61330522738844,3.21646063570282,0.435574046454686,1.25
"linear",9,5,0.25,4,"K2_c14","local",14,90,22,125,2.48558172190781,3.0120115105817,0.435166015479777,1.25
"linear",9,5,0.25,5,"K1_global","global",1,160,12,125,1.90734987086515,2.30473805835715,0.382526088524362,1.25
"linear",9,5,0.25,5,"K2_c10","local",10,64,31,125,2.78148364727042,3.36753605199359,0.478014588089446,1.25
"linear",9,5,0.25,5,"K2_c12","local",12,77,25,125,2.50627364033217,3.10538437865627,0.380960292382956,1.25
"linear",9,5,0.25,5,"K2_c14","local",14,90,22,125,2.34525216272324,2.85057292913269,0.389909360359871,1.25
"linear",9,5,0.25,6,"K1_global","global",1,160,12,125,1.96543634217967,2.36387406302175,0.604934602795565,1.25
"linear",9,5,0.25,6,"K2_c10","local",10,64,31,125,2.82280496001449,3.45062160700681,0.535025018892677,1.25
"linear",9,5,0.25,6,"K2_c12","local",12,77,25,125,2.60191698257415,3.19798494635182,0.394734389200629,1.25
"linear",9,5,0.25,6,"K2_c14","local",14,90,22,125,2.39326741390701,2.91239051759676,0.483090348732236,1.25
"linear",9,5,0.25,7,"K1_global","global",1,160,12,125,1.91407316948667,2.33036293189281,0.461501477891051,1.25
"linear",9,5,0.25,7,"K2_c10","local",10,64,31,125,2.6806139972558,3.30461210474272,0.500485093900917,1.25
"linear",9,5,0.25,7,"K2_c12","local",12,77,25,125,2.54355925226583,3.1368136115966,0.377924767141108,1.25
"linear",9,5,0.25,7,"K2_c14","local",14,90,22,125,2.30478044931598,2.81630518653511,0.336811002616212,1.25
"linear",9,5,0.25,8,"K1_global","global",1,160,12,125,1.91248650930697,2.30381786475343,0.388346714830597,1.25
"linear",9,5,0.25,8,"K2_c10","local",10,64,31,125,2.85494595746638,3.53968021281474,0.469063747805074,1.25
"linear",9,5,0.25,8,"K2_c12","local",12,77,25,125,2.58330844894182,3.20023548732786,0.453495760679986,1.25
"linear",9,5,0.25,8,"K2_c14","local",14,90,22,125,2.36051401377379,2.91391788669588,0.425531441265316,1.25
"linear",9,5,0.25,9,"K1_global","global",1,160,12,125,1.98051654349195,2.42305698719034,0.461126957615262,1.25
"linear",9,5,0.25,9,"K2_c10","local",10,64,31,125,2.88247773669988,3.5230242355799,0.412789938299082,1.25
"linear",9,5,0.25,9,"K2_c12","local",12,77,25,125,2.66237590881255,3.22324841929396,0.464240747450332,1.25
"linear",9,5,0.25,9,"K2_c14","local",14,90,22,125,2.41895697139456,2.94356495349232,0.373367758697641,1.25
"linear",9,5,0.25,10,"K1_global","global",1,160,12,125,1.9159635529379,2.3183430285938,0.342091313186038,1.25
"linear",9,5,0.25,10,"K2_c10","local",10,64,31,125,2.65487203219389,3.28608135212112,0.492657175613681,1.25
"linear",9,5,0.25,10,"K2_c12","local",12,77,25,125,2.45147951485256,3.0529730407369,0.408950327554205,1.25
"linear",9,5,0.25,10,"K2_c14","local",14,90,22,125,2.36878909303915,2.8924306524725,0.400204907116397,1.25
"linear",9,5,0.25,11,"K1_global","global",1,160,12,125,2.01918000225502,2.44890842574575,0.434383107724513,1.25
"linear",9,5,0.25,11,"K2_c10","local",10,64,31,125,2.96905324784115,3.6054848668318,0.524055355249889,1.25
"linear",9,5,0.25,11,"K2_c12","local",12,77,25,125,2.67967213526469,3.25416495966722,0.433240097646518,1.25
"linear",9,5,0.25,11,"K2_c14","local",14,90,22,125,2.45752240317631,2.97735354643848,0.381940518217288,1.25
"linear",9,5,0.25,12,"K1_global","global",1,160,12,125,1.97015206195707,2.42436516221279,0.378552634268239,1.25
"linear",9,5,0.25,12,"K2_c10","local",10,64,31,125,2.85908636038879,3.49308617690852,0.526531092706212,1.25
"linear",9,5,0.25,12,"K2_c12","local",12,77,25,125,2.55715007742492,3.19251426620939,0.465457578557564,1.25
"linear",9,5,0.25,12,"K2_c14","local",14,90,22,125,2.31908931232134,2.84480595489419,0.46731957125003,1.25
"linear",9,6,0.1,1,"K1_global","global",1,160,12,125,1.79397220259495,2.19024913837738,0.27591477431621,0.5
"linear",9,6,0.1,1,"K2_c10","local",10,64,31,125,2.57887668429243,3.13852099217433,0.421586596156306,0.5
"linear",9,6,0.1,1,"K2_c12","local",12,77,25,125,2.3585295109929,2.92621812184334,0.436450141475263,0.5
"linear",9,6,0.1,1,"K2_c14","local",14,90,22,125,2.19618065030211,2.72854308526173,0.324965234084638,0.5
"linear",9,6,0.1,2,"K1_global","global",1,160,12,125,1.68993418158145,2.09758766427947,0.264201115471546,0.5
"linear",9,6,0.1,2,"K2_c10","local",10,64,31,125,2.60531561507078,3.16476284554434,0.417361048397137,0.5
"linear",9,6,0.1,2,"K2_c12","local",12,77,25,125,2.40022726559114,2.97718125487195,0.341845608460031,0.5
"linear",9,6,0.1,2,"K2_c14","local",14,90,22,125,2.1455774002205,2.64056702245136,0.322168467792615,0.5
"linear",9,6,0.1,3,"K1_global","global",1,160,12,125,1.75761931363127,2.11942095140463,0.310136842622804,0.5
"linear",9,6,0.1,3,"K2_c10","local",10,64,31,125,2.54519613042757,3.1364576829046,0.431634852044161,0.5
"linear",9,6,0.1,3,"K2_c12","local",12,77,25,125,2.34399071262031,2.89517644151113,0.362534428252932,0.5
"linear",9,6,0.1,3,"K2_c14","local",14,90,22,125,2.09183423610237,2.59173535727794,0.347976875219988,0.5
"linear",9,6,0.1,4,"K1_global","global",1,160,12,125,1.72541372138527,2.15759603227657,0.258530599909246,0.5
"linear",9,6,0.1,4,"K2_c10","local",10,64,31,125,2.64587209981454,3.21093326076006,0.461023824840959,0.5
"linear",9,6,0.1,4,"K2_c12","local",12,77,25,125,2.37458644104154,2.92021952597644,0.404821647459881,0.5
"linear",9,6,0.1,4,"K2_c14","local",14,90,22,125,2.15073627076071,2.63039635062109,0.347395960365265,0.5
"linear",9,6,0.1,5,"K1_global","global",1,160,12,125,1.78745073066595,2.18268298994877,0.29661640960429,0.5
"linear",9,6,0.1,5,"K2_c10","local",10,64,31,125,2.6402230010375,3.28634074488732,0.409838997432699,0.5
"linear",9,6,0.1,5,"K2_c12","local",12,77,25,125,2.46240266776724,3.03408524243589,0.394326851194758,0.5
"linear",9,6,0.1,5,"K2_c14","local",14,90,22,125,2.19090778835568,2.68778784891406,0.36262498935505,0.5
"linear",9,6,0.1,6,"K1_global","global",1,160,12,125,1.76412472639241,2.14720683037474,0.263108139357617,0.5
"linear",9,6,0.1,6,"K2_c10","local",10,64,31,125,2.55589387602284,3.12666896673828,0.385905973369645,0.5
"linear",9,6,0.1,6,"K2_c12","local",12,77,25,125,2.37941622221415,2.88881012197878,0.364461467597755,0.5
"linear",9,6,0.1,6,"K2_c14","local",14,90,22,125,2.1553359482965,2.64422482995556,0.336867446805759,0.5
"linear",9,6,0.1,7,"K1_global","global",1,160,12,125,1.77920803332596,2.16837189213433,0.281065751950892,0.5
"linear",9,6,0.1,7,"K2_c10","local",10,64,31,125,2.53989124623278,3.09061257538363,0.474738369648104,0.5
"linear",9,6,0.1,7,"K2_c12","local",12,77,25,125,2.40194588971234,2.94582875069168,0.360084907427531,0.5
"linear",9,6,0.1,7,"K2_c14","local",14,90,22,125,2.18436752770272,2.7101610740832,0.406991893757687,0.5
"linear",9,6,0.1,8,"K1_global","global",1,160,12,125,1.69604769768007,2.09927634503065,0.270903508262233,0.5
"linear",9,6,0.1,8,"K2_c10","local",10,64,31,125,2.49457011920137,3.05599401996501,0.469243387389881,0.5
"linear",9,6,0.1,8,"K2_c12","local",12,77,25,125,2.37647657689928,2.95350420870112,0.392620885068386,0.5
"linear",9,6,0.1,8,"K2_c14","local",14,90,22,125,2.12129984794273,2.65703552547669,0.293731689594462,0.5
"linear",9,6,0.1,9,"K1_global","global",1,160,12,125,1.68120862418583,2.05432396080721,0.262385782419857,0.5
"linear",9,6,0.1,9,"K2_c10","local",10,64,31,125,2.51861951340658,3.13317741462629,0.396631488923361,0.5
"linear",9,6,0.1,9,"K2_c12","local",12,77,25,125,2.33657962642459,2.87537791738345,0.39585816844607,0.5
"linear",9,6,0.1,9,"K2_c14","local",14,90,22,125,2.1246145478941,2.61602612223549,0.373188915110149,0.5
"linear",9,6,0.1,10,"K1_global","global",1,160,12,125,1.70206593571618,2.11500435596145,0.251905115448507,0.5
"linear",9,6,0.1,10,"K2_c10","local",10,64,31,125,2.58584777049247,3.15269073189386,0.391242926776047,0.5
"linear",9,6,0.1,10,"K2_c12","local",12,77,25,125,2.42793485546832,2.95758351551559,0.405479752950379,0.5
"linear",9,6,0.1,10,"K2_c14","local",14,90,22,125,2.14832526880319,2.66583310144394,0.350468572587539,0.5
"linear",9,6,0.1,11,"K1_global","global",1,160,12,125,1.70922130694116,2.08256369904256,0.327283168616267,0.5
"linear",9,6,0.1,11,"K2_c10","local",10,64,31,125,2.60310055076333,3.2159816786701,0.441113867899324,0.5
"linear",9,6,0.1,11,"K2_c12","local",12,77,25,125,2.36900189278249,2.91162368753803,0.386681226761095,0.5
"linear",9,6,0.1,11,"K2_c14","local",14,90,22,125,2.18250743237478,2.70091639807727,0.33036131838095,0.5
"linear",9,6,0.1,12,"K1_global","global",1,160,12,125,1.80840286422758,2.16067651608334,0.282840836982041,0.5
"linear",9,6,0.1,12,"K2_c10","local",10,64,31,125,2.61008622591564,3.1991277315805,0.370380035343487,0.5
"linear",9,6,0.1,12,"K2_c12","local",12,77,25,125,2.4053519532169,2.91197780468557,0.38307830540725,0.5
"linear",9,6,0.1,12,"K2_c14","local",14,90,22,125,2.14147083911807,2.63391291943107,0.331829097295337,0.5
"linear",10,1,4,1,"K1_global","global",1,160,12,125,13.7561633031734,14.6508139060788,8.27618704100049,20
"linear",10,1,4,1,"K2_c10","local",10,64,31,125,13.4873789356838,15.2251306769071,7.12590701085645,20
"linear",10,1,4,1,"K2_c12","local",12,77,25,125,14.3203669862675,15.9549521008308,7.50777412828792,20
"linear",10,1,4,1,"K2_c14","local",14,90,22,125,13.9099880210209,15.2693398923248,7.67213044250637,20
"linear",10,1,4,2,"K1_global","global",1,160,12,125,13.977350358094,14.7823063974649,6.29347796230737,20
"linear",10,1,4,2,"K2_c10","local",10,64,31,125,14.12838202726,16.001062978292,5.2399218745464,20
"linear",10,1,4,2,"K2_c12","local",12,77,25,125,14.2896143027245,16.211615302566,4.95414359335419,20
"linear",10,1,4,2,"K2_c14","local",14,90,22,125,13.5824561815479,15.1453824409925,5.07799209485385,20
"linear",10,1,4,3,"K1_global","global",1,160,12,125,13.9479409123284,14.8912638125312,9.54569359934468,20
"linear",10,1,4,3,"K2_c10","local",10,64,31,125,14.1328869893824,15.6695909564718,8.66974212984012,20
"linear",10,1,4,3,"K2_c12","local",12,77,25,125,13.8268258521523,15.4574169019724,8.37841144812524,20
"linear",10,1,4,3,"K2_c14","local",14,90,22,125,13.7422039808369,15.1976618295678,8.81078624067944,20
"linear",10,1,4,4,"K1_global","global",1,160,12,125,13.8649439775564,14.8093354724401,8.20953992744108,20
"linear",10,1,4,4,"K2_c10","local",10,64,31,125,13.4625975996227,15.4720492073065,5.66041039935396,20
"linear",10,1,4,4,"K2_c12","local",12,77,25,125,14.6272192142366,16.4369067160177,6.74153001857367,20
"linear",10,1,4,4,"K2_c14","local",14,90,22,125,13.6796562381639,15.2852458558651,6.89848486263941,20
"linear",10,1,4,5,"K1_global","global",1,160,12,125,13.2547420137634,14.2895613500816,6.34385413003073,20
"linear",10,1,4,5,"K2_c10","local",10,64,31,125,13.8562765978364,15.8029409604359,6.07820250059511,20
"linear",10,1,4,5,"K2_c12","local",12,77,25,125,14.2082371633526,16.0959025211484,6.32771991078847,20
"linear",10,1,4,5,"K2_c14","local",14,90,22,125,13.3030755033525,14.8808244519037,5.56390312428575,20
"linear",10,1,4,6,"K1_global","global",1,160,12,125,13.4853746045311,14.529726605238,6.99859384754785,20
"linear",10,1,4,6,"K2_c10","local",10,64,31,125,14.0897658264906,16.0103910493231,5.38760201779153,20
"linear",10,1,4,6,"K2_c12","local",12,77,25,125,14.1046283901052,15.9478819341254,6.01704712639129,20
"linear",10,1,4,6,"K2_c14","local",14,90,22,125,13.2478365816849,15.0049881440506,5.50749212627544,20
"linear",10,1,4,7,"K1_global","global",1,160,12,125,14.3144073986091,15.1851371449682,8.00141870265807,20
"linear",10,1,4,7,"K2_c10","local",10,64,31,125,14.1684198553725,15.9471730829272,6.44023736246666,20
"linear",10,1,4,7,"K2_c12","local",12,77,25,125,14.3097662777905,16.0462559192995,7.03027604799243,20
"linear",10,1,4,7,"K2_c14","local",14,90,22,125,14.154804983074,15.5698569515708,6.80667940590214,20
"linear",10,1,4,8,"K1_global","global",1,160,12,125,13.717642157183,14.7459743941497,7.7649780146157,20
"linear",10,1,4,8,"K2_c10","local",10,64,31,125,14.4596187856678,16.4569323463543,6.25174652478961,20
"linear",10,1,4,8,"K2_c12","local",12,77,25,125,14.6029447910797,16.5469464031395,6.74345207295376,20
"linear",10,1,4,8,"K2_c14","local",14,90,22,125,14.1212173388074,15.9057949313599,6.94358758346749,20
"linear",10,1,4,9,"K1_global","global",1,160,12,125,14.4537110233703,15.2698334849524,9.25459616959566,20
"linear",10,1,4,9,"K2_c10","local",10,64,31,125,14.0124309906685,15.745256992282,7.73723906559791,20
"linear",10,1,4,9,"K2_c12","local",12,77,25,125,14.4408930093309,16.1004374608676,8.1389537897771,20
"linear",10,1,4,9,"K2_c14","local",14,90,22,125,14.0659538746058,15.2876440301535,7.94555994458078,20
"linear",10,1,4,10,"K1_global","global",1,160,12,125,13.557019834422,14.6487187207976,6.30122288920126,20
"linear",10,1,4,10,"K2_c10","local",10,64,31,125,13.2944382529066,15.4815416282686,5.00056621954705,20
"linear",10,1,4,10,"K2_c12","local",12,77,25,125,12.9495183412915,14.9692842769631,4.07045124831114,20
"linear",10,1,4,10,"K2_c14","local",14,90,22,125,13.3283038164315,14.9448647520134,5.53886252778,20
"linear",10,1,4,11,"K1_global","global",1,160,12,125,13.6752094812686,14.7247846992487,5.96945842950191,20
"linear",10,1,4,11,"K2_c10","local",10,64,31,125,14.0964655223415,15.9726677487358,4.85066666272829,20
"linear",10,1,4,11,"K2_c12","local",12,77,25,125,14.2083903390065,16.0699801391758,4.96649609999113,20
"linear",10,1,4,11,"K2_c14","local",14,90,22,125,13.7349179950258,15.3327089104879,4.86119537576652,20
"linear",10,1,4,12,"K1_global","global",1,160,12,125,14.399659233785,15.2773686457286,7.95976862269932,20
"linear",10,1,4,12,"K2_c10","local",10,64,31,125,14.5166346539162,16.1332916280588,6.86540221175693,20
"linear",10,1,4,12,"K2_c12","local",12,77,25,125,15.1313453818661,16.7114907846831,7.10179284850791,20
"linear",10,1,4,12,"K2_c14","local",14,90,22,125,14.030395055375,15.4844322751766,7.0296879156879,20
"linear",10,2,2,1,"K1_global","global",1,160,12,125,6.98345588137798,7.84703498936071,3.23945960521988,10
"linear",10,2,2,1,"K2_c10","local",10,64,31,125,7.52536751278719,8.80996678304763,2.26569102784767,10
"linear",10,2,2,1,"K2_c12","local",12,77,25,125,7.24450696171889,8.45713609072352,2.31170319736902,10
"linear",10,2,2,1,"K2_c14","local",14,90,22,125,7.27284839170279,8.35562670852896,2.85274315736332,10
"linear",10,2,2,2,"K1_global","global",1,160,12,125,7.32051629095084,7.82808185920721,4.02576042373505,10
"linear",10,2,2,2,"K2_c10","local",10,64,31,125,8.1913934073448,9.02811586915296,3.89730878557291,10
"linear",10,2,2,2,"K2_c12","local",12,77,25,125,7.98192096567178,8.85508875643294,3.71868254507475,10
"linear",10,2,2,2,"K2_c14","local",14,90,22,125,7.86131577527594,8.62161751296174,3.96030332816272,10
"linear",10,2,2,3,"K1_global","global",1,160,12,125,7.19112960211198,7.85102908435648,2.92987574636724,10
"linear",10,2,2,3,"K2_c10","local",10,64,31,125,7.42060817727069,8.53244081637303,2.39840715408635,10
"linear",10,2,2,3,"K2_c12","local",12,77,25,125,7.0878993067889,8.185223256031,2.30408904332708,10
"linear",10,2,2,3,"K2_c14","local",14,90,22,125,7.38610217295145,8.33129697225293,2.72432164506433,10
"linear",10,2,2,4,"K1_global","global",1,160,12,125,7.31115502999056,7.90293548478154,3.90726725431728,10
"linear",10,2,2,4,"K2_c10","local",10,64,31,125,7.80376083952457,8.90366323825766,3.43705094364113,10
"linear",10,2,2,4,"K2_c12","local",12,77,25,125,7.51512670365786,8.5166326435404,3.33529362519606,10
"linear",10,2,2,4,"K2_c14","local",14,90,22,125,7.56068938112531,8.38809120967334,3.48752822333504,10
"linear",10,2,2,5,"K1_global","global",1,160,12,125,7.22096580175786,7.8435440641173,3.62212545413915,10
"linear",10,2,2,5,"K2_c10","local",10,64,31,125,7.96405638821107,9.13445949363865,3.56274153081982,10
"linear",10,2,2,5,"K2_c12","local",12,77,25,125,7.89915702432249,8.82882063552579,3.86653438779431,10
"linear",10,2,2,5,"K2_c14","local",14,90,22,125,7.55070296387902,8.56292104631706,3.6730436505393,10
"linear",10,2,2,6,"K1_global","global",1,160,12,125,7.32604905368623,7.95002903652319,3.66740517238633,10
"linear",10,2,2,6,"K2_c10","local",10,64,31,125,7.81993154120757,8.87578705411819,2.99532927969069,10
"linear",10,2,2,6,"K2_c12","local",12,77,25,125,8.14109055244648,9.17425151796463,3.08981773118231,10
"linear",10,2,2,6,"K2_c14","local",14,90,22,125,7.73516815820828,8.67006123220563,3.10092482418789,10
"linear",10,2,2,7,"K1_global","global",1,160,12,125,6.69256903407966,7.39295017385928,3.09519898997721,10
"linear",10,2,2,7,"K2_c10","local",10,64,31,125,7.33196205501993,8.36883584919074,2.78042370849017,10
"linear",10,2,2,7,"K2_c12","local",12,77,25,125,7.10089797668876,8.0712663619552,3.16434620130626,10
"linear",10,2,2,7,"K2_c14","local",14,90,22,125,6.97524986079169,7.85926349610885,2.85281040423108,10
"linear",10,2,2,8,"K1_global","global",1,160,12,125,7.28756656660666,7.90296666020585,3.47248677739754,10
"linear",10,2,2,8,"K2_c10","local",10,64,31,125,7.85679152679419,9.03579118705891,2.71954525751262,10
"linear",10,2,2,8,"K2_c12","local",12,77,25,125,7.61437340013982,8.67227801795354,2.74043917648514,10
"linear",10,2,2,8,"K2_c14","local",14,90,22,125,7.4668921156162,8.3999025862606,2.73698792695671,10
"linear",10,2,2,9,"K1_global","global",1,160,12,125,7.01167032734675,7.66602793662223,3.72210459006336,10
"linear",10,2,2,9,"K2_c10","local",10,64,31,125,7.90847926473289,9.00514361105365,3.33884481637435,10
"linear",10,2,2,9,"K2_c12","local",12,77,25,125,7.87004518928157,9.02053664455425,3.48735113224341,10
"linear",10,2,2,9,"K2_c14","local",14,90,22,125,7.34755684458361,8.32837232209043,3.38909336175003,10
"linear",10,2,2,10,"K1_global","global",1,160,12,125,7.00273969041721,7.68893817494317,2.99080039350331,10
"linear",10,2,2,10,"K2_c10","local",10,64,31,125,7.69655754956054,8.88910542422612,2.5462907193323,10
"linear",10,2,2,10,"K2_c12","local",12,77,25,125,7.88257058032095,8.91697690877729,2.93858429438098,10
"linear",10,2,2,10,"K2_c14","local",14,90,22,125,7.18823820355384,8.12151956624307,2.8613762005353,10
"linear",10,2,2,11,"K1_global","global",1,160,12,125,7.14464550314248,7.80776083027332,3.1687585148515,10
"linear",10,2,2,11,"K2_c10","local",10,64,31,125,7.40357791536254,8.61510516196034,2.38059299480545,10
"linear",10,2,2,11,"K2_c12","local",12,77,25,125,7.44499228606665,8.53075349116544,2.39177662117708,10
"linear",10,2,2,11,"K2_c14","local",14,90,22,125,7.24060749334434,8.2175320861908,2.46118083720905,10
"linear",10,2,2,12,"K1_global","global",1,160,12,125,7.20208987777238,7.81967520653112,4.25970405020854,10
"linear",10,2,2,12,"K2_c10","local",10,64,31,125,7.52806063126771,8.55630741594056,4.15141470859414,10
"linear",10,2,2,12,"K2_c12","local",12,77,25,125,7.2968933615351,8.32464870493707,3.95752144187455,10
"linear",10,2,2,12,"K2_c14","local",14,90,22,125,7.30097553204646,8.20412418707016,4.05886480448516,10
"linear",10,3,1,1,"K1_global","global",1,160,12,125,3.98840039753164,4.40814699966518,1.72993676834593,5
"linear",10,3,1,1,"K2_c10","local",10,64,31,125,4.43196672173597,5.17375398833363,1.59945300016641,5
"linear",10,3,1,1,"K2_c12","local",12,77,25,125,4.51066602263873,5.21900047618282,1.58024896671524,5
"linear",10,3,1,1,"K2_c14","local",14,90,22,125,4.24236817887995,4.89565253072788,1.56093565042973,5
"linear",10,3,1,2,"K1_global","global",1,160,12,125,4.03265846532573,4.43507361146194,1.88405521084089,5
"linear",10,3,1,2,"K2_c10","local",10,64,31,125,4.61375182788576,5.37383736537567,1.78034391330792,5
"linear",10,3,1,2,"K2_c12","local",12,77,25,125,4.50785687537528,5.1358703820233,1.82819331233623,5
"linear",10,3,1,2,"K2_c14","local",14,90,22,125,4.27084783002987,4.87069294639197,1.84304824141706,5
"linear",10,3,1,3,"K1_global","global",1,160,12,125,3.82321847980829,4.31041246993683,1.6579678782035,5
"linear",10,3,1,3,"K2_c10","local",10,64,31,125,4.46659032905783,5.26406254109336,1.22182582575056,5
"linear",10,3,1,3,"K2_c12","local",12,77,25,125,4.35783456802877,5.25064950772256,1.40335373708112,5
"linear",10,3,1,3,"K2_c14","local",14,90,22,125,4.24488740844092,4.93038887612258,1.26140315699219,5
"linear",10,3,1,4,"K1_global","global",1,160,12,125,3.97925189779287,4.42865132392968,1.77255949508129,5
"linear",10,3,1,4,"K2_c10","local",10,64,31,125,4.45389667829476,5.22411709021111,1.49161570632395,5
"linear",10,3,1,4,"K2_c12","local",12,77,25,125,4.47053780696333,5.20625621242901,1.59745736125712,5
"linear",10,3,1,4,"K2_c14","local",14,90,22,125,4.35965529240159,5.08662973371152,1.56733839794184,5
"linear",10,3,1,5,"K1_global","global",1,160,12,125,4.05253684088054,4.49930213177957,1.85282122071613,5
"linear",10,3,1,5,"K2_c10","local",10,64,31,125,4.70847801093861,5.42539650122173,1.77914369236674,5
"linear",10,3,1,5,"K2_c12","local",12,77,25,125,4.3960869233128,5.18713933390655,1.43062814878666,5
"linear",10,3,1,5,"K2_c14","local",14,90,22,125,4.57151471097534,5.28810672954197,1.6202301465625,5
"linear",10,3,1,6,"K1_global","global",1,160,12,125,3.83692437073117,4.29295027005114,1.33968976576326,5
"linear",10,3,1,6,"K2_c10","local",10,64,31,125,4.49265970326812,5.25151255121713,1.23496624692788,5
"linear",10,3,1,6,"K2_c12","local",12,77,25,125,4.49604554867791,5.14016568920739,1.240871099971,5
"linear",10,3,1,6,"K2_c14","local",14,90,22,125,4.41096624927773,5.00423950792443,1.31792853570375,5
"linear",10,3,1,7,"K1_global","global",1,160,12,125,3.94570789642864,4.41871144825855,1.92764874841034,5
"linear",10,3,1,7,"K2_c10","local",10,64,31,125,4.52752167941383,5.37008417451625,1.548269616211,5
"linear",10,3,1,7,"K2_c12","local",12,77,25,125,4.47221150914365,5.19699128113683,1.53853610452127,5
"linear",10,3,1,7,"K2_c14","local",14,90,22,125,4.30838635077367,4.89597817316009,1.92459443813454,5
"linear",10,3,1,8,"K1_global","global",1,160,12,125,3.67201652239811,4.18764512060973,2.09563020276373,5
"linear",10,3,1,8,"K2_c10","local",10,64,31,125,4.29846636506111,5.04634626867436,1.63878767922744,5
"linear",10,3,1,8,"K2_c12","local",12,77,25,125,4.45946574038836,5.17553344624966,2.01723916514625,5
"linear",10,3,1,8,"K2_c14","local",14,90,22,125,4.14591237828937,4.88164628336036,1.83590801310428,5
"linear",10,3,1,9,"K1_global","global",1,160,12,125,4.0252141327747,4.52117870406106,1.65320065051028,5
"linear",10,3,1,9,"K2_c10","local",10,64,31,125,4.79994689530764,5.66442978351641,1.26593555671825,5
"linear",10,3,1,9,"K2_c12","local",12,77,25,125,4.41773240712351,5.22811807408316,1.3582085678199,5
"linear",10,3,1,9,"K2_c14","local",14,90,22,125,4.43278390804045,5.10363945865706,1.5540033937801,5
"linear",10,3,1,10,"K1_global","global",1,160,12,125,3.98951096024488,4.41660759245489,1.56547214897479,5
"linear",10,3,1,10,"K2_c10","local",10,64,31,125,4.62700564156011,5.39960761243332,1.48547238034294,5
"linear",10,3,1,10,"K2_c12","local",12,77,25,125,4.57136358470671,5.30432466373239,1.24623577970161,5
"linear",10,3,1,10,"K2_c14","local",14,90,22,125,4.43726400394279,5.04309743452987,1.59857058978293,5
"linear",10,3,1,11,"K1_global","global",1,160,12,125,3.96928810450264,4.42336716253764,1.60094226228488,5
"linear",10,3,1,11,"K2_c10","local",10,64,31,125,4.74708461601297,5.60653120981941,1.35319139429717,5
"linear",10,3,1,11,"K2_c12","local",12,77,25,125,4.50928711442313,5.30402517284385,1.3360102497488,5
"linear",10,3,1,11,"K2_c14","local",14,90,22,125,4.31637914683292,5.04842946524893,1.36524366706163,5
"linear",10,3,1,12,"K1_global","global",1,160,12,125,3.99052617688648,4.40501061621093,2.14029597110568,5
"linear",10,3,1,12,"K2_c10","local",10,64,31,125,4.28332432605746,5.03649689694782,1.5751011805674,5
"linear",10,3,1,12,"K2_c12","local",12,77,25,125,4.39526477497608,5.07315833764295,1.84614177386507,5
"linear",10,3,1,12,"K2_c14","local",14,90,22,125,4.14338094478434,4.76000162793775,1.72047736705793,5
"linear",10,4,0.5,1,"K1_global","global",1,160,12,125,2.53263502735304,2.88908329287478,0.830626811833599,2.5
"linear",10,4,0.5,1,"K2_c10","local",10,64,31,125,3.26011596324687,3.98699610252878,0.655238705493529,2.5
"linear",10,4,0.5,1,"K2_c12","local",12,77,25,125,3.18159751829809,3.81181484733227,0.588940137640168,2.5
"linear",10,4,0.5,1,"K2_c14","local",14,90,22,125,2.98261192104176,3.56607766719678,0.605736551148097,2.5
"linear",10,4,0.5,2,"K1_global","global",1,160,12,125,2.48797369238031,2.88800713809369,0.823379053253681,2.5
"linear",10,4,0.5,2,"K2_c10","local",10,64,31,125,3.32934046109675,3.97301060735213,0.722092051792686,2.5
"linear",10,4,0.5,2,"K2_c12","local",12,77,25,125,2.96662969196121,3.52349527132817,0.81187701480446,2.5
"linear",10,4,0.5,2,"K2_c14","local",14,90,22,125,2.99820415337418,3.56683799768758,0.793324165201464,2.5
"linear",10,4,0.5,3,"K1_global","global",1,160,12,125,2.5223884895002,2.94807286278277,1.13555167572048,2.5
"linear",10,4,0.5,3,"K2_c10","local",10,64,31,125,3.21325831856498,3.8174350909814,1.02929857793973,2.5
"linear",10,4,0.5,3,"K2_c12","local",12,77,25,125,3.19035906170453,3.75195549706511,1.19181177675851,2.5
"linear",10,4,0.5,3,"K2_c14","local",14,90,22,125,3.01763437015573,3.60301085203225,1.23567207105339,2.5
"linear",10,4,0.5,4,"K1_global","global",1,160,12,125,2.39696114168665,2.82901001705344,0.746656486192468,2.5
"linear",10,4,0.5,4,"K2_c10","local",10,64,31,125,3.03238765508905,3.67286830759239,0.590656596231001,2.5
"linear",10,4,0.5,4,"K2_c12","local",12,77,25,125,3.20858918057088,3.86898405785332,0.803175187325244,2.5
"linear",10,4,0.5,4,"K2_c14","local",14,90,22,125,2.84336220994779,3.38826185733002,0.714627121076429,2.5
"linear",10,4,0.5,5,"K1_global","global",1,160,12,125,2.61884382083872,3.01866773740766,0.817928669088819,2.5
"linear",10,4,0.5,5,"K2_c10","local",10,64,31,125,3.25612646253626,3.85466888099442,0.747146456544349,2.5
"linear",10,4,0.5,5,"K2_c12","local",12,77,25,125,3.09553381988885,3.67760342434657,0.73890494068644,2.5
"linear",10,4,0.5,5,"K2_c14","local",14,90,22,125,3.03496908268018,3.58909594698354,0.751982815119329,2.5
"linear",10,4,0.5,6,"K1_global","global",1,160,12,125,2.49354285258258,2.89920322416982,0.916997941329104,2.5
"linear",10,4,0.5,6,"K2_c10","local",10,64,31,125,3.29295864492263,3.94873580336506,0.728215872477289,2.5
"linear",10,4,0.5,6,"K2_c12","local",12,77,25,125,3.11426758407412,3.68527291187473,0.777109740792987,2.5
"linear",10,4,0.5,6,"K2_c14","local",14,90,22,125,3.03712777911377,3.61069374848264,1.04228657788668,2.5
"linear",10,4,0.5,7,"K1_global","global",1,160,12,125,2.57437389085967,2.99680084017762,0.858511241372327,2.5
"linear",10,4,0.5,7,"K2_c10","local",10,64,31,125,3.25273886305182,3.82147391284146,0.733970687068491,2.5
"linear",10,4,0.5,7,"K2_c12","local",12,77,25,125,3.03520899970884,3.66957058253457,0.721025073450271,2.5
"linear",10,4,0.5,7,"K2_c14","local",14,90,22,125,3.02107003454258,3.6128934130109,0.874407437421501,2.5
"linear",10,4,0.5,8,"K1_global","global",1,160,12,125,2.46018559085071,2.90785839286622,0.87681718175687,2.5
"linear",10,4,0.5,8,"K2_c10","local",10,64,31,125,3.22235484236235,3.89658052264816,0.646527921937158,2.5
"linear",10,4,0.5,8,"K2_c12","local",12,77,25,125,3.2095312178049,3.89511357283696,0.83460943747034,2.5
"linear",10,4,0.5,8,"K2_c14","local",14,90,22,125,3.01561657338319,3.61233534592656,0.749438446542217,2.5
"linear",10,4,0.5,9,"K1_global","global",1,160,12,125,2.51557432952947,2.91369114039515,0.907361511289795,2.5
"linear",10,4,0.5,9,"K2_c10","local",10,64,31,125,3.41231516459714,4.08687491472067,0.605466666306561,2.5
"linear",10,4,0.5,9,"K2_c12","local",12,77,25,125,3.23297434354157,3.91628737864014,0.690371444263784,2.5
"linear",10,4,0.5,9,"K2_c14","local",14,90,22,125,3.05282555189458,3.62789163213079,0.728585077085,2.5
"linear",10,4,0.5,10,"K1_global","global",1,160,12,125,2.39921220182351,2.82380474529719,1.08828868491661,2.5
"linear",10,4,0.5,10,"K2_c10","local",10,64,31,125,3.12908986885346,3.79574324904168,0.877600699036705,2.5
"linear",10,4,0.5,10,"K2_c12","local",12,77,25,125,3.00798618785158,3.59395297059111,0.893469143461994,2.5
"linear",10,4,0.5,10,"K2_c14","local",14,90,22,125,2.97222516877506,3.51251191819557,0.933226823502874,2.5
"linear",10,4,0.5,11,"K1_global","global",1,160,12,125,2.46445096524849,2.93186064862504,0.86689615801057,2.5
"linear",10,4,0.5,11,"K2_c10","local",10,64,31,125,3.15672342425123,3.84562665919326,0.794844024324676,2.5
"linear",10,4,0.5,11,"K2_c12","local",12,77,25,125,3.00282656953202,3.62500885484643,0.779454659973215,2.5
"linear",10,4,0.5,11,"K2_c14","local",14,90,22,125,2.88232741551337,3.44264832690804,0.847999488128601,2.5
"linear",10,4,0.5,12,"K1_global","global",1,160,12,125,2.48615448560806,2.9136224318788,0.867631145507603,2.5
"linear",10,4,0.5,12,"K2_c10","local",10,64,31,125,3.22979064441577,3.91006542153166,0.611264878770287,2.5
"linear",10,4,0.5,12,"K2_c12","local",12,77,25,125,3.14248661712054,3.79319037473805,0.649875575429186,2.5
"linear",10,4,0.5,12,"K2_c14","local",14,90,22,125,3.08220448001471,3.70281858584496,0.824401177213212,2.5
"linear",10,5,0.25,1,"K1_global","global",1,160,12,125,1.85529537061114,2.28108366277081,0.352537497123042,1.25
"linear",10,5,0.25,1,"K2_c10","local",10,64,31,125,2.7277693974818,3.30463561441774,0.506581943557168,1.25
"linear",10,5,0.25,1,"K2_c12","local",12,77,25,125,2.50356168023438,3.00841691249027,0.496029004980516,1.25
"linear",10,5,0.25,1,"K2_c14","local",14,90,22,125,2.43664423937379,2.95554221773094,0.469389017301466,1.25
"linear",10,5,0.25,2,"K1_global","global",1,160,12,125,1.9328416542875,2.35965962290542,0.435550595365297,1.25
"linear",10,5,0.25,2,"K2_c10","local",10,64,31,125,2.77751763595685,3.37980857688971,0.570840793767283,1.25
"linear",10,5,0.25,2,"K2_c12","local",12,77,25,125,2.50424667162243,3.06604039250874,0.428099273677466,1.25
"linear",10,5,0.25,2,"K2_c14","local",14,90,22,125,2.36813512730484,2.90061523487595,0.434804384247202,1.25
"linear",10,5,0.25,3,"K1_global","global",1,160,12,125,2.01489517644738,2.4410446965451,0.418680612518891,1.25
"linear",10,5,0.25,3,"K2_c10","local",10,64,31,125,2.82154925980083,3.36215503148634,0.472606372770031,1.25
"linear",10,5,0.25,3,"K2_c12","local",12,77,25,125,2.65171394248177,3.17574170278586,0.51839923078246,1.25
"linear",10,5,0.25,3,"K2_c14","local",14,90,22,125,2.5338024004812,3.06789211165746,0.41673971705264,1.25
"linear",10,5,0.25,4,"K1_global","global",1,160,12,125,1.91375907914694,2.31914419531691,0.391937209709001,1.25
"linear",10,5,0.25,4,"K2_c10","local",10,64,31,125,2.70164904306233,3.28945155710226,0.439797940802313,1.25
"linear",10,5,0.25,4,"K2_c12","local",12,77,25,125,2.55293691839249,3.11032867588162,0.426932112838796,1.25
"linear",10,5,0.25,4,"K2_c14","local",14,90,22,125,2.48928308247494,3.00476084163062,0.494287715859724,1.25
"linear",10,5,0.25,5,"K1_global","global",1,160,12,125,1.87144177358768,2.30820421829401,0.379629340502529,1.25
"linear",10,5,0.25,5,"K2_c10","local",10,64,31,125,2.73739271820344,3.34338604609264,0.466283560135878,1.25
"linear",10,5,0.25,5,"K2_c12","local",12,77,25,125,2.49798339136216,3.03732041244982,0.390244239330009,1.25
"linear",10,5,0.25,5,"K2_c14","local",14,90,22,125,2.41434659029218,2.94536946071944,0.475945742106808,1.25
"linear",10,5,0.25,6,"K1_global","global",1,160,12,125,1.97659441415707,2.38984682633654,0.498537694158307,1.25
"linear",10,5,0.25,6,"K2_c10","local",10,64,31,125,2.66260657926018,3.21019806043729,0.478720522470501,1.25
"linear",10,5,0.25,6,"K2_c12","local",12,77,25,125,2.64400585738748,3.13663630658028,0.611191442253448,1.25
"linear",10,5,0.25,6,"K2_c14","local",14,90,22,125,2.46256513347535,2.96900708299801,0.504162295516046,1.25
"linear",10,5,0.25,7,"K1_global","global",1,160,12,125,1.94473990300346,2.36738194426296,0.37899467270039,1.25
"linear",10,5,0.25,7,"K2_c10","local",10,64,31,125,2.83232247463506,3.37142558890653,0.454932899638924,1.25
"linear",10,5,0.25,7,"K2_c12","local",12,77,25,125,2.59633495834812,3.13537089378061,0.476637187973148,1.25
"linear",10,5,0.25,7,"K2_c14","local",14,90,22,125,2.5285208954227,3.0650659562726,0.462149205723687,1.25
"linear",10,5,0.25,8,"K1_global","global",1,160,12,125,1.90992975112753,2.29629025239765,0.378918856337812,1.25
"linear",10,5,0.25,8,"K2_c10","local",10,64,31,125,2.77425492673762,3.36571507331313,0.480140282895318,1.25
"linear",10,5,0.25,8,"K2_c12","local",12,77,25,125,2.59087349645225,3.11472221770918,0.435922638069488,1.25
"linear",10,5,0.25,8,"K2_c14","local",14,90,22,125,2.45104608980137,2.93077578108803,0.44332476811271,1.25
"linear",10,5,0.25,9,"K1_global","global",1,160,12,125,1.83339643972614,2.2748651815121,0.451528984772168,1.25
"linear",10,5,0.25,9,"K2_c10","local",10,64,31,125,2.7183792808373,3.27225891145937,0.500091482228973,1.25
"linear",10,5,0.25,9,"K2_c12","local",12,77,25,125,2.54380443456139,3.10372393343474,0.501417783933434,1.25
"linear",10,5,0.25,9,"K2_c14","local",14,90,22,125,2.42981726488645,2.88960333281138,0.516735862194162,1.25
"linear",10,5,0.25,10,"K1_global","global",1,160,12,125,1.96823709432776,2.38447398933593,0.431914895083342,1.25
"linear",10,5,0.25,10,"K2_c10","local",10,64,31,125,2.74882686901843,3.31371334175858,0.478996013513785,1.25
"linear",10,5,0.25,10,"K2_c12","local",12,77,25,125,2.41876759475654,2.98171953911232,0.371037585348502,1.25
"linear",10,5,0.25,10,"K2_c14","local",14,90,22,125,2.32882223835716,2.89323070320766,0.432990339595918,1.25
"linear",10,5,0.25,11,"K1_global","global",1,160,12,125,1.87323153570409,2.2758959987452,0.401948049254836,1.25
"linear",10,5,0.25,11,"K2_c10","local",10,64,31,125,2.69145877008539,3.23796048100042,0.468725948743963,1.25
"linear",10,5,0.25,11,"K2_c12","local",12,77,25,125,2.49279019239299,3.05605266303296,0.38544322819866,1.25
"linear",10,5,0.25,11,"K2_c14","local",14,90,22,125,2.44384584617956,2.95521787277907,0.454295614085302,1.25
"linear",10,5,0.25,12,"K1_global","global",1,160,12,125,1.8934048643213,2.3558669795451,0.331306900106832,1.25
"linear",10,5,0.25,12,"K2_c10","local",10,64,31,125,2.71102769239193,3.30364375767859,0.460703953856037,1.25
"linear",10,5,0.25,12,"K2_c12","local",12,77,25,125,2.5793701593605,3.13904244626653,0.563590754213012,1.25
"linear",10,5,0.25,12,"K2_c14","local",14,90,22,125,2.51743748941186,3.11054467203079,0.587095568835187,1.25
"linear",10,6,0.1,1,"K1_global","global",1,160,12,125,1.76562193966895,2.12649396154482,0.318696252097719,0.5
"linear",10,6,0.1,1,"K2_c10","local",10,64,31,125,2.44910359728282,2.93882137301708,0.462816058325526,0.5
"linear",10,6,0.1,1,"K2_c12","local",12,77,25,125,2.28759476312522,2.77121414902996,0.436918810685412,0.5
"linear",10,6,0.1,1,"K2_c14","local",14,90,22,125,2.25340660345329,2.78590014646705,0.435013184868862,0.5
"linear",10,6,0.1,2,"K1_global","global",1,160,12,125,1.62978649081341,2.0594838568851,0.269231172914805,0.5
"linear",10,6,0.1,2,"K2_c10","local",10,64,31,125,2.43572649666926,2.96103856920411,0.449584099634698,0.5
"linear",10,6,0.1,2,"K2_c12","local",12,77,25,125,2.28044552619103,2.75513778725712,0.464009371051431,0.5
"linear",10,6,0.1,2,"K2_c14","local",14,90,22,125,2.27753190588319,2.80953278505572,0.416224111710524,0.5
"linear",10,6,0.1,3,"K1_global","global",1,160,12,125,1.73010680714052,2.11012021621782,0.280316059348377,0.5
"linear",10,6,0.1,3,"K2_c10","local",10,64,31,125,2.56686968454546,3.13091544513217,0.501354726850584,0.5
"linear",10,6,0.1,3,"K2_c12","local",12,77,25,125,2.37617286480228,2.86895146086946,0.403800303084235,0.5
"linear",10,6,0.1,3,"K2_c14","local",14,90,22,125,2.28410655491472,2.76764536710141,0.363962710462468,0.5
"linear",10,6,0.1,4,"K1_global","global",1,160,12,125,1.77144384688106,2.12497511034704,0.329608379842962,0.5
"linear",10,6,0.1,4,"K2_c10","local",10,64,31,125,2.40223594097428,2.94780554108142,0.489988803085906,0.5
"linear",10,6,0.1,4,"K2_c12","local",12,77,25,125,2.2378606614017,2.74906736274739,0.471215548128409,0.5
"linear",10,6,0.1,4,"K2_c14","local",14,90,22,125,2.19933531782121,2.72973852432816,0.421721018018153,0.5
"linear",10,6,0.1,5,"K1_global","global",1,160,12,125,1.71251751939682,2.13031265474963,0.3058694441207,0.5
"linear",10,6,0.1,5,"K2_c10","local",10,64,31,125,2.51327581500527,3.02593426712627,0.441640299551846,0.5
"linear",10,6,0.1,5,"K2_c12","local",12,77,25,125,2.30708896838258,2.83604794929261,0.442185464373489,0.5
"linear",10,6,0.1,5,"K2_c14","local",14,90,22,125,2.25734007425218,2.75712252183368,0.384902641589739,0.5
"linear",10,6,0.1,6,"K1_global","global",1,160,12,125,1.71042550038679,2.10817392617678,0.304636987144066,0.5
"linear",10,6,0.1,6,"K2_c10","local",10,64,31,125,2.49793865392269,3.0160081450582,0.446177724983533,0.5
"linear",10,6,0.1,6,"K2_c12","local",12,77,25,125,2.27531271472234,2.77350670665522,0.378238691762659,0.5
"linear",10,6,0.1,6,"K2_c14","local",14,90,22,125,2.21011016564301,2.70829908263389,0.366341692109134,0.5
"linear",10,6,0.1,7,"K1_global","global",1,160,12,125,1.76346682263357,2.15996039129389,0.253597303187747,0.5
"linear",10,6,0.1,7,"K2_c10","local",10,64,31,125,2.57453497755789,3.14212673728057,0.478650861097817,0.5
"linear",10,6,0.1,7,"K2_c12","local",12,77,25,125,2.30307690718722,2.81062962428995,0.379676837301465,0.5
"linear",10,6,0.1,7,"K2_c14","local",14,90,22,125,2.21649919610087,2.75961526379069,0.385403671171203,0.5
"linear",10,6,0.1,8,"K1_global","global",1,160,12,125,1.71870993905832,2.10632730380284,0.300999370839541,0.5
"linear",10,6,0.1,8,"K2_c10","local",10,64,31,125,2.49457661327486,3.01084901300049,0.498866507117923,0.5
"linear",10,6,0.1,8,"K2_c12","local",12,77,25,125,2.28929315233525,2.78531327223855,0.457961417356344,0.5
"linear",10,6,0.1,8,"K2_c14","local",14,90,22,125,2.25924544952308,2.74294834729704,0.477494151886307,0.5
"linear",10,6,0.1,9,"K1_global","global",1,160,12,125,1.6993624531701,2.07357067434404,0.306133879866509,0.5
"linear",10,6,0.1,9,"K2_c10","local",10,64,31,125,2.42851377146783,2.94704283374059,0.446682029554515,0.5
"linear",10,6,0.1,9,"K2_c12","local",12,77,25,125,2.3107855269015,2.79545126304493,0.394619691255334,0.5
"linear",10,6,0.1,9,"K2_c14","local",14,90,22,125,2.1532297149025,2.65323425711495,0.357728284898369,0.5
"linear",10,6,0.1,10,"K1_global","global",1,160,12,125,1.71704210956995,2.11008157857479,0.250147045989682,0.5
"linear",10,6,0.1,10,"K2_c10","local",10,64,31,125,2.54877713556079,3.08831821526794,0.452804882794332,0.5
"linear",10,6,0.1,10,"K2_c12","local",12,77,25,125,2.37702330887077,2.8617604522607,0.431125434187151,0.5
"linear",10,6,0.1,10,"K2_c14","local",14,90,22,125,2.30086014222436,2.82599889926569,0.386648564378724,0.5
"linear",10,6,0.1,11,"K1_global","global",1,160,12,125,1.69082667614686,2.08625437531687,0.2648242466942,0.5
"linear",10,6,0.1,11,"K2_c10","local",10,64,31,125,2.39258404763373,2.91548151884207,0.472117707289209,0.5
"linear",10,6,0.1,11,"K2_c12","local",12,77,25,125,2.23397420539272,2.72903861895499,0.354219638195911,0.5
"linear",10,6,0.1,11,"K2_c14","local",14,90,22,125,2.23381438674123,2.74787313794167,0.376543523669994,0.5
"linear",10,6,0.1,12,"K1_global","global",1,160,12,125,1.69457604359227,2.0678092483014,0.255130124295349,0.5
"linear",10,6,0.1,12,"K2_c10","local",10,64,31,125,2.50728266227446,3.03137661168025,0.446898389152441,0.5
"linear",10,6,0.1,12,"K2_c12","local",12,77,25,125,2.30722280116298,2.79353270290373,0.459532567118353,0.5
"linear",10,6,0.1,12,"K2_c14","local",14,90,22,125,2.21434599987993,2.71838999996974,0.377714062662053,0.5
"linear",11,1,4,1,"K1_global","global",1,160,12,125,13.3080859284127,14.2482608199863,7.58777036645096,20
"linear",11,1,4,1,"K2_c10","local",10,64,31,125,13.8831462102136,15.9760410243254,6.52685357511437,20
"linear",11,1,4,1,"K2_c12","local",12,77,25,125,14.9188923028531,16.7015776848512,6.47140075085881,20
"linear",11,1,4,1,"K2_c14","local",14,90,22,125,14.0481321740215,15.4274922465798,7.33163351807913,20
"linear",11,1,4,2,"K1_global","global",1,160,12,125,14.3032614434161,15.1444949370686,6.84036460254858,20
"linear",11,1,4,2,"K2_c10","local",10,64,31,125,15.5212712787023,17.612765521107,5.66525044543708,20
"linear",11,1,4,2,"K2_c12","local",12,77,25,125,15.2599463997059,17.0405915907987,6.23076551246955,20
"linear",11,1,4,2,"K2_c14","local",14,90,22,125,14.6574354793789,16.1100410012103,6.44187969310693,20
"linear",11,1,4,3,"K1_global","global",1,160,12,125,13.1433239784538,14.1172435638773,8.86919726927534,20
"linear",11,1,4,3,"K2_c10","local",10,64,31,125,13.8311994505552,15.6590632302484,7.56541773016937,20
"linear",11,1,4,3,"K2_c12","local",12,77,25,125,13.9677023522309,15.5824310896,8.26713234844441,20
"linear",11,1,4,3,"K2_c14","local",14,90,22,125,13.8993004316975,15.3345646573013,8.10899633008782,20
"linear",11,1,4,4,"K1_global","global",1,160,12,125,13.673700363873,14.8092967552191,7.72436967576021,20
"linear",11,1,4,4,"K2_c10","local",10,64,31,125,14.1434341117362,16.4422414537395,5.94637041640228,20
"linear",11,1,4,4,"K2_c12","local",12,77,25,125,13.8921712226929,15.9305031871563,6.10416570312178,20
"linear",11,1,4,4,"K2_c14","local",14,90,22,125,13.6077524431038,15.1091842905461,6.60393303883093,20
"linear",11,1,4,5,"K1_global","global",1,160,12,125,13.727340255877,14.7289191127101,5.86920786066328,20
"linear",11,1,4,5,"K2_c10","local",10,64,31,125,15.0153321040569,17.0049146597924,4.96445221648677,20
"linear",11,1,4,5,"K2_c12","local",12,77,25,125,14.6767194088164,16.6162773778066,5.4040739968595,20
"linear",11,1,4,5,"K2_c14","local",14,90,22,125,14.0207476750812,15.4809622011125,5.5864495471644,20
"linear",11,1,4,6,"K1_global","global",1,160,12,125,13.7794341784733,14.8190175933255,6.71089183335338,20
"linear",11,1,4,6,"K2_c10","local",10,64,31,125,14.1702377490629,16.2385628735548,5.98051790211646,20
"linear",11,1,4,6,"K2_c12","local",12,77,25,125,14.4912536530881,16.4901988583395,6.25207109945514,20
"linear",11,1,4,6,"K2_c14","local",14,90,22,125,14.277123402325,15.8006714311518,6.05056775306675,20
"linear",11,1,4,7,"K1_global","global",1,160,12,125,13.7034972445874,14.7676279791497,7.56654501294786,20
"linear",11,1,4,7,"K2_c10","local",10,64,31,125,14.5070329824194,16.2763397867093,6.69395544441441,20
"linear",11,1,4,7,"K2_c12","local",12,77,25,125,14.8541442382943,16.5644199368178,7.23980924239514,20
"linear",11,1,4,7,"K2_c14","local",14,90,22,125,13.7257122329481,15.1751790006425,7.1326938554945,20
"linear",11,1,4,8,"K1_global","global",1,160,12,125,14.351354853509,15.2825021326741,8.24556898536322,20
"linear",11,1,4,8,"K2_c10","local",10,64,31,125,14.6845372943172,16.6186165091812,6.2338988827269,20
"linear",11,1,4,8,"K2_c12","local",12,77,25,125,14.806078422614,16.5559158739944,7.057995429527,20
"linear",11,1,4,8,"K2_c14","local",14,90,22,125,14.4458056535256,15.9096235666128,6.92403070132257,20
"linear",11,1,4,9,"K1_global","global",1,160,12,125,13.5917263913654,14.7334740131008,8.02673203164168,20
"linear",11,1,4,9,"K2_c10","local",10,64,31,125,15.1565253902956,17.7136197539286,6.59614901257576,20
"linear",11,1,4,9,"K2_c12","local",12,77,25,125,15.2792296446561,17.4308268869711,7.14167128280647,20
"linear",11,1,4,9,"K2_c14","local",14,90,22,125,13.9235010918408,15.687790197779,7.43042229523599,20
"linear",11,1,4,10,"K1_global","global",1,160,12,125,13.6780407991325,14.6749683570975,6.40907645015465,20
"linear",11,1,4,10,"K2_c10","local",10,64,31,125,14.2961717088918,16.2601036625977,4.89786219014333,20
"linear",11,1,4,10,"K2_c12","local",12,77,25,125,14.2776638499895,16.1367849129721,5.76701264393999,20
"linear",11,1,4,10,"K2_c14","local",14,90,22,125,13.8801451168372,15.3006171527252,5.60208400641491,20
"linear",11,1,4,11,"K1_global","global",1,160,12,125,13.9044085407978,14.8830394478347,6.38257565919814,20
"linear",11,1,4,11,"K2_c10","local",10,64,31,125,14.3219191388524,16.1335563129325,5.16463087996005,20
"linear",11,1,4,11,"K2_c12","local",12,77,25,125,14.4542852075898,16.3402969476821,5.18320423681937,20
"linear",11,1,4,11,"K2_c14","local",14,90,22,125,14.0859986104794,15.7991471238472,5.59215101464716,20
"linear",11,1,4,12,"K1_global","global",1,160,12,125,13.6372875238456,14.5291373629449,7.64401849505737,20
"linear",11,1,4,12,"K2_c10","local",10,64,31,125,14.3719225031609,16.3805099649835,5.90100430665938,20
"linear",11,1,4,12,"K2_c12","local",12,77,25,125,14.306061606396,16.0376596240492,6.3472621516397,20
"linear",11,1,4,12,"K2_c14","local",14,90,22,125,13.9500485196051,15.2476168402796,6.89078223061661,20
"linear",11,2,2,1,"K1_global","global",1,160,12,125,7.14375687719117,7.77160391038465,3.45294695586627,10
"linear",11,2,2,1,"K2_c10","local",10,64,31,125,7.68321193265587,8.86369556991746,2.75226569361143,10
"linear",11,2,2,1,"K2_c12","local",12,77,25,125,7.67548450235116,8.80768946750929,2.84815130732901,10
"linear",11,2,2,1,"K2_c14","local",14,90,22,125,7.37547814220639,8.30649943627692,3.06741250471108,10
"linear",11,2,2,2,"K1_global","global",1,160,12,125,7.40047205052767,7.90711905935688,3.87993902283963,10
"linear",11,2,2,2,"K2_c10","local",10,64,31,125,7.80510747629243,8.79453882968335,3.31637007452521,10
"linear",11,2,2,2,"K2_c12","local",12,77,25,125,7.70811721050639,8.77508381269981,3.21755401549176,10
"linear",11,2,2,2,"K2_c14","local",14,90,22,125,7.47657071664615,8.37288420195181,3.17051214956448,10
"linear",11,2,2,3,"K1_global","global",1,160,12,125,7.38866172407766,8.15206958351336,3.17885066780653,10
"linear",11,2,2,3,"K2_c10","local",10,64,31,125,7.94011690426181,9.22698493173036,2.72754002980615,10
"linear",11,2,2,3,"K2_c12","local",12,77,25,125,7.98820340772721,9.32607779548777,2.58132544190537,10
"linear",11,2,2,3,"K2_c14","local",14,90,22,125,7.52033160205445,8.57543330664834,2.84952725366792,10
"linear",11,2,2,4,"K1_global","global",1,160,12,125,6.86856532512499,7.54488410380544,3.39991479790497,10
"linear",11,2,2,4,"K2_c10","local",10,64,31,125,8.11715445796049,9.41563604125357,3.133259338453,10
"linear",11,2,2,4,"K2_c12","local",12,77,25,125,8.03084173759967,9.18256542559663,3.26934475290078,10
"linear",11,2,2,4,"K2_c14","local",14,90,22,125,7.83758314482428,8.75143726252097,3.43620659282426,10
"linear",11,2,2,5,"K1_global","global",1,160,12,125,7.15748416509263,7.78148715257567,3.7820924435673,10
"linear",11,2,2,5,"K2_c10","local",10,64,31,125,7.69159303035506,8.8502521347472,2.99207186622136,10
"linear",11,2,2,5,"K2_c12","local",12,77,25,125,7.79351088265237,8.79548870436205,3.23358599063924,10
"linear",11,2,2,5,"K2_c14","local",14,90,22,125,7.59163055568627,8.52088058059602,3.38713674697791,10
"linear",11,2,2,6,"K1_global","global",1,160,12,125,7.07109011737611,7.80418335558418,2.90962412105849,10
"linear",11,2,2,6,"K2_c10","local",10,64,31,125,8.00667026952103,9.51336195430231,2.49626980614718,10
"linear",11,2,2,6,"K2_c12","local",12,77,25,125,7.87207645186029,9.15496961903031,2.46316016387304,10
"linear",11,2,2,6,"K2_c14","local",14,90,22,125,7.50483057469853,8.56308993312198,2.77790566768447,10
"linear",11,2,2,7,"K1_global","global",1,160,12,125,7.47567311570804,8.07159814602713,3.688729224544,10
"linear",11,2,2,7,"K2_c10","local",10,64,31,125,7.99225747811067,9.02172983515638,3.43375407578267,10
"linear",11,2,2,7,"K2_c12","local",12,77,25,125,7.99631794992161,9.00494971378162,3.44868706520137,10
"linear",11,2,2,7,"K2_c14","local",14,90,22,125,7.92918162039665,8.78541718993184,3.42547695330064,10
"linear",11,2,2,8,"K1_global","global",1,160,12,125,6.94494666874077,7.55526881452815,3.77001360123562,10
"linear",11,2,2,8,"K2_c10","local",10,64,31,125,8.18731181918083,9.56063077314625,2.75911225697091,10
"linear",11,2,2,8,"K2_c12","local",12,77,25,125,7.84300975417776,8.9584880739688,2.83069589665804,10
"linear",11,2,2,8,"K2_c14","local",14,90,22,125,7.42908628011071,8.39245221953767,3.29924440986753,10
"linear",11,2,2,9,"K1_global","global",1,160,12,125,6.88457850013802,7.57924053208492,3.43996276402551,10
"linear",11,2,2,9,"K2_c10","local",10,64,31,125,7.83186235936605,9.18113696668835,3.23393020604319,10
"linear",11,2,2,9,"K2_c12","local",12,77,25,125,8.21770028002706,9.56253296294799,3.68074867512097,10
"linear",11,2,2,9,"K2_c14","local",14,90,22,125,7.64085818148509,8.79425088101173,3.56019540227899,10
"linear",11,2,2,10,"K1_global","global",1,160,12,125,7.11759198076534,7.78508602005743,3.33468653588851,10
"linear",11,2,2,10,"K2_c10","local",10,64,31,125,8.03477395291137,9.14398383278545,2.98995725994796,10
"linear",11,2,2,10,"K2_c12","local",12,77,25,125,7.90280238334516,9.01891761282753,3.01317051559722,10
"linear",11,2,2,10,"K2_c14","local",14,90,22,125,7.66304451737411,8.61756229353659,3.38625017747985,10
"linear",11,2,2,11,"K1_global","global",1,160,12,125,7.12872061186632,7.74551817489744,3.12319085333919,10
"linear",11,2,2,11,"K2_c10","local",10,64,31,125,7.90815804945382,9.2504025324727,2.84386084353085,10
"linear",11,2,2,11,"K2_c12","local",12,77,25,125,8.07409557510984,9.30505925351529,2.59419502681637,10
"linear",11,2,2,11,"K2_c14","local",14,90,22,125,7.20685615176106,8.33775014967619,2.43732797125249,10
"linear",11,2,2,12,"K1_global","global",1,160,12,125,7.31163393164969,7.94835350708268,4.47699787535517,10
"linear",11,2,2,12,"K2_c10","local",10,64,31,125,7.80356007279001,8.99730342637813,3.39043597800843,10
"linear",11,2,2,12,"K2_c12","local",12,77,25,125,7.9326524619503,9.05694476152914,3.7265517792431,10
"linear",11,2,2,12,"K2_c14","local",14,90,22,125,7.49087246240041,8.39907433399357,3.78034891218531,10
"linear",11,3,1,1,"K1_global","global",1,160,12,125,4.14171773099443,4.6266311037895,1.69070524241412,5
"linear",11,3,1,1,"K2_c10","local",10,64,31,125,4.53377544291266,5.3544219860674,1.29090042659326,5
"linear",11,3,1,1,"K2_c12","local",12,77,25,125,4.73036777524515,5.57038467693143,1.64987837618984,5
"linear",11,3,1,1,"K2_c14","local",14,90,22,125,4.36470596014903,5.11754593606256,1.72106395439275,5
"linear",11,3,1,2,"K1_global","global",1,160,12,125,4.17322307538677,4.74290655769116,1.58165950284991,5
"linear",11,3,1,2,"K2_c10","local",10,64,31,125,4.92077730471205,5.90614054864321,1.43913412673343,5
"linear",11,3,1,2,"K2_c12","local",12,77,25,125,4.95375456641174,5.84089059081719,1.37354601405156,5
"linear",11,3,1,2,"K2_c14","local",14,90,22,125,4.49630219093034,5.25187650884483,1.47807094264543,5
"linear",11,3,1,3,"K1_global","global",1,160,12,125,4.17540557646131,4.77046968745322,1.56181795575845,5
"linear",11,3,1,3,"K2_c10","local",10,64,31,125,5.03483410192962,5.91842355944181,1.53447851967239,5
"linear",11,3,1,3,"K2_c12","local",12,77,25,125,4.95310137093495,5.8181861936588,1.4159997858144,5
"linear",11,3,1,3,"K2_c14","local",14,90,22,125,4.77334267044066,5.59896874189378,1.58927357622868,5
"linear",11,3,1,4,"K1_global","global",1,160,12,125,4.09458616027941,4.6672289234146,1.57293198652533,5
"linear",11,3,1,4,"K2_c10","local",10,64,31,125,5.00326375374253,5.931765330427,1.17195577025965,5
"linear",11,3,1,4,"K2_c12","local",12,77,25,125,4.95032367784551,5.8929981288989,1.40724516181416,5
"linear",11,3,1,4,"K2_c14","local",14,90,22,125,4.44836833163794,5.27758003196125,1.3659126025045,5
"linear",11,3,1,5,"K1_global","global",1,160,12,125,3.78008962542414,4.36513887746416,1.50289570507197,5
"linear",11,3,1,5,"K2_c10","local",10,64,31,125,4.8782605070375,5.83455477535945,1.32347697192685,5
"linear",11,3,1,5,"K2_c12","local",12,77,25,125,4.58143071069188,5.57016519133991,1.27170976325317,5
"linear",11,3,1,5,"K2_c14","local",14,90,22,125,4.4495825297604,5.2746034411795,1.44522190716634,5
"linear",11,3,1,6,"K1_global","global",1,160,12,125,4.00362791043928,4.51784596291311,1.46496423521375,5
"linear",11,3,1,6,"K2_c10","local",10,64,31,125,4.71819618740466,5.48741133098597,1.28879066250705,5
"linear",11,3,1,6,"K2_c12","local",12,77,25,125,4.69220041046268,5.5581198938841,1.2139942409857,5
"linear",11,3,1,6,"K2_c14","local",14,90,22,125,4.44927120606523,5.15927491168918,1.48482275074909,5
"linear",11,3,1,7,"K1_global","global",1,160,12,125,4.07861681364997,4.58928074437907,1.62973453866018,5
"linear",11,3,1,7,"K2_c10","local",10,64,31,125,4.93364984333426,5.8817175313968,1.40273120894985,5
"linear",11,3,1,7,"K2_c12","local",12,77,25,125,4.74837060837484,5.53412900152011,1.62696346426804,5
"linear",11,3,1,7,"K2_c14","local",14,90,22,125,4.39482369023621,5.11766526413306,1.65381706515738,5
"linear",11,3,1,8,"K1_global","global",1,160,12,125,4.04311529443645,4.54153598086245,2.2577859055164,5
"linear",11,3,1,8,"K2_c10","local",10,64,31,125,4.75389503152151,5.62725350712759,1.59820147010871,5
"linear",11,3,1,8,"K2_c12","local",12,77,25,125,4.6325233660582,5.44888692077823,1.96112995753682,5
"linear",11,3,1,8,"K2_c14","local",14,90,22,125,4.40739235607855,5.14532958170935,1.57916497854996,5
"linear",11,3,1,9,"K1_global","global",1,160,12,125,4.05449366627994,4.61067199621445,1.62488644810141,5
"linear",11,3,1,9,"K2_c10","local",10,64,31,125,4.63699118796775,5.60261306131393,1.45036463445829,5
"linear",11,3,1,9,"K2_c12","local",12,77,25,125,5.00323725727349,6.03963837882664,1.2955631643016,5
"linear",11,3,1,9,"K2_c14","local",14,90,22,125,4.42604553385252,5.30301821953645,1.37171947126904,5
"linear",11,3,1,10,"K1_global","global",1,160,12,125,3.99184836911938,4.48817479322204,1.5070625637979,5
"linear",11,3,1,10,"K2_c10","local",10,64,31,125,4.75638568491885,5.57499387373536,1.43144958114381,5
"linear",11,3,1,10,"K2_c12","local",12,77,25,125,4.48246620801871,5.29103575381813,1.20374695537588,5
"linear",11,3,1,10,"K2_c14","local",14,90,22,125,4.44682361484091,5.14276331553231,1.16698102199622,5
"linear",11,3,1,11,"K1_global","global",1,160,12,125,4.01574726112157,4.53978570958887,1.51674595344171,5
"linear",11,3,1,11,"K2_c10","local",10,64,31,125,4.67519156192157,5.54187657473207,1.18602535313195,5
"linear",11,3,1,11,"K2_c12","local",12,77,25,125,4.58677404465113,5.46500513682198,1.15765254332011,5
"linear",11,3,1,11,"K2_c14","local",14,90,22,125,4.32043993703967,5.11378437619183,1.26183230899047,5
"linear",11,3,1,12,"K1_global","global",1,160,12,125,4.28682465944678,4.81387912370638,2.44046088543728,5
"linear",11,3,1,12,"K2_c10","local",10,64,31,125,4.6894856450588,5.41235713107998,2.44892989400871,5
"linear",11,3,1,12,"K2_c12","local",12,77,25,125,4.66994117417933,5.43243007505639,2.38677833864424,5
"linear",11,3,1,12,"K2_c14","local",14,90,22,125,4.29035112390955,4.95556199165511,2.35050352367702,5
"linear",11,4,0.5,1,"K1_global","global",1,160,12,125,2.54077175864823,3.01023806586525,0.851099129419098,2.5
"linear",11,4,0.5,1,"K2_c10","local",10,64,31,125,3.35575473746796,4.04928123665798,0.867379177895343,2.5
"linear",11,4,0.5,1,"K2_c12","local",12,77,25,125,3.25149365630272,3.9806048426187,0.750779578173589,2.5
"linear",11,4,0.5,1,"K2_c14","local",14,90,22,125,2.97098138616733,3.59779669402432,0.721122143947838,2.5
"linear",11,4,0.5,2,"K1_global","global",1,160,12,125,2.56642308383789,3.03401799508381,0.900053353881045,2.5
"linear",11,4,0.5,2,"K2_c10","local",10,64,31,125,3.29628361638292,4.01612797960946,0.788445609336476,2.5
"linear",11,4,0.5,2,"K2_c12","local",12,77,25,125,3.16819843890898,3.93345457812775,0.692961607005771,2.5
"linear",11,4,0.5,2,"K2_c14","local",14,90,22,125,3.03737287084487,3.69271445772003,0.62051417208942,2.5
"linear",11,4,0.5,3,"K1_global","global",1,160,12,125,2.67276215560823,3.12533885800107,1.2454395601427,2.5
"linear",11,4,0.5,3,"K2_c10","local",10,64,31,125,3.3244563505537,4.00723320794573,1.12059983955058,2.5
"linear",11,4,0.5,3,"K2_c12","local",12,77,25,125,3.46517385369735,4.20142637191386,1.00291227071622,2.5
"linear",11,4,0.5,3,"K2_c14","local",14,90,22,125,3.23222665263069,3.88689762176125,1.13390056714962,2.5
"linear",11,4,0.5,4,"K1_global","global",1,160,12,125,2.65083309057,3.16240325164406,0.850075427284545,2.5
"linear",11,4,0.5,4,"K2_c10","local",10,64,31,125,3.37205565285766,4.09152262606083,0.721475788995093,2.5
"linear",11,4,0.5,4,"K2_c12","local",12,77,25,125,3.30416516388093,4.02280067585002,0.873587968267038,2.5
"linear",11,4,0.5,4,"K2_c14","local",14,90,22,125,3.05836557880283,3.69505597971225,0.707692312961339,2.5
"linear",11,4,0.5,5,"K1_global","global",1,160,12,125,2.49818412305318,2.96934036176483,0.868887667428418,2.5
"linear",11,4,0.5,5,"K2_c10","local",10,64,31,125,3.18008307230663,3.80467309713896,0.687054490706725,2.5
"linear",11,4,0.5,5,"K2_c12","local",12,77,25,125,3.2396577496166,3.88064731947201,0.718320980789401,2.5
"linear",11,4,0.5,5,"K2_c14","local",14,90,22,125,3.06639063145072,3.65159520003589,0.833338078018126,2.5
"linear",11,4,0.5,6,"K1_global","global",1,160,12,125,2.55286551970725,2.98423939726325,1.01451547474961,2.5
"linear",11,4,0.5,6,"K2_c10","local",10,64,31,125,3.27036349736796,3.93414964338592,0.794212092194853,2.5
"linear",11,4,0.5,6,"K2_c12","local",12,77,25,125,3.18124799739283,3.87358699070463,0.756639686179607,2.5
"linear",11,4,0.5,6,"K2_c14","local",14,90,22,125,3.07997640541965,3.69312845852791,0.723334215915609,2.5
"linear",11,4,0.5,7,"K1_global","global",1,160,12,125,2.63445396444159,3.10144073724871,0.83276218617921,2.5
"linear",11,4,0.5,7,"K2_c10","local",10,64,31,125,3.52231770337368,4.22256869426411,0.746425437115019,2.5
"linear",11,4,0.5,7,"K2_c12","local",12,77,25,125,3.24469527255663,3.97572973886323,0.81514578010038,2.5
"linear",11,4,0.5,7,"K2_c14","local",14,90,22,125,3.10094568389489,3.71569958593124,0.780323949380813,2.5
"linear",11,4,0.5,8,"K1_global","global",1,160,12,125,2.56275801169132,3.06555633715139,0.706701613796698,2.5
"linear",11,4,0.5,8,"K2_c10","local",10,64,31,125,3.3200479767889,4.17931362358222,0.561784702313779,2.5
"linear",11,4,0.5,8,"K2_c12","local",12,77,25,125,3.32225721910723,4.06204634934485,0.58335450444097,2.5
"linear",11,4,0.5,8,"K2_c14","local",14,90,22,125,3.01346202420681,3.69460712495656,0.480478606940162,2.5
"linear",11,4,0.5,9,"K1_global","global",1,160,12,125,2.4481530891115,2.94359425086598,0.850338398799421,2.5
"linear",11,4,0.5,9,"K2_c10","local",10,64,31,125,3.24359746307871,4.00857790935189,0.620162607015007,2.5
"linear",11,4,0.5,9,"K2_c12","local",12,77,25,125,3.10169756018957,3.8163429242589,0.611357383741291,2.5
"linear",11,4,0.5,9,"K2_c14","local",14,90,22,125,3.01441533053603,3.72172576125495,0.712675958314255,2.5
"linear",11,4,0.5,10,"K1_global","global",1,160,12,125,2.59332435055162,3.0357351200359,0.96945519515101,2.5
"linear",11,4,0.5,10,"K2_c10","local",10,64,31,125,3.39918128684539,4.13916551630623,0.846967443938097,2.5
"linear",11,4,0.5,10,"K2_c12","local",12,77,25,125,3.31783205025398,4.04366977796632,0.871723006974773,2.5
"linear",11,4,0.5,10,"K2_c14","local",14,90,22,125,3.1347129986232,3.78378626387323,0.757641680096479,2.5
"linear",11,4,0.5,11,"K1_global","global",1,160,12,125,2.58423442783145,3.11764014497964,0.639879032801167,2.5
"linear",11,4,0.5,11,"K2_c10","local",10,64,31,125,3.41350270666822,4.21542092528032,0.518005759630917,2.5
"linear",11,4,0.5,11,"K2_c12","local",12,77,25,125,3.36587083811534,4.125041913038,0.597226857083595,2.5
"linear",11,4,0.5,11,"K2_c14","local",14,90,22,125,3.18315784641059,3.84613453738885,0.665183685845425,2.5
"linear",11,4,0.5,12,"K1_global","global",1,160,12,125,2.58560250163058,3.02093065974212,1.0778860735993,2.5
"linear",11,4,0.5,12,"K2_c10","local",10,64,31,125,3.41249643109859,4.11313151145391,0.935329689471565,2.5
"linear",11,4,0.5,12,"K2_c12","local",12,77,25,125,3.34682952898196,4.02371078541223,0.805888510621482,2.5
"linear",11,4,0.5,12,"K2_c14","local",14,90,22,125,3.12024314203512,3.72192709554265,0.946208420891031,2.5
"linear",11,5,0.25,1,"K1_global","global",1,160,12,125,2.03225847421443,2.52464903136091,0.393887616510437,1.25
"linear",11,5,0.25,1,"K2_c10","local",10,64,31,125,2.86441848703676,3.56339192165749,0.443315178111607,1.25
"linear",11,5,0.25,1,"K2_c12","local",12,77,25,125,2.78448576692406,3.33726697378419,0.39920044293745,1.25
"linear",11,5,0.25,1,"K2_c14","local",14,90,22,125,2.61418755068061,3.22872174864127,0.378986025157692,1.25
"linear",11,5,0.25,2,"K1_global","global",1,160,12,125,2.00111194843677,2.49705864892539,0.525849067520219,1.25
"linear",11,5,0.25,2,"K2_c10","local",10,64,31,125,2.82290151296949,3.56723789685803,0.461174155014968,1.25
"linear",11,5,0.25,2,"K2_c12","local",12,77,25,125,2.81387586597468,3.46913785945784,0.475544888872467,1.25
"linear",11,5,0.25,2,"K2_c14","local",14,90,22,125,2.6360509792879,3.23769192818366,0.420948251530458,1.25
"linear",11,5,0.25,3,"K1_global","global",1,160,12,125,2.00604805268407,2.48995345030326,0.344126098650818,1.25
"linear",11,5,0.25,3,"K2_c10","local",10,64,31,125,2.82212794984763,3.42373382739035,0.442579785827315,1.25
"linear",11,5,0.25,3,"K2_c12","local",12,77,25,125,2.70301530261186,3.35905686599282,0.415337295382151,1.25
"linear",11,5,0.25,3,"K2_c14","local",14,90,22,125,2.48510249434764,3.11499838746804,0.381682492567607,1.25
"linear",11,5,0.25,4,"K1_global","global",1,160,12,125,2.04901337634224,2.48080982535696,0.500758588349066,1.25
"linear",11,5,0.25,4,"K2_c10","local",10,64,31,125,2.93640795055786,3.60660352674079,0.467570664885153,1.25
"linear",11,5,0.25,4,"K2_c12","local",12,77,25,125,2.94319032104349,3.61076149131316,0.552163644661732,1.25
"linear",11,5,0.25,4,"K2_c14","local",14,90,22,125,2.57905596309814,3.20335074681707,0.403415339957478,1.25
"linear",11,5,0.25,5,"K1_global","global",1,160,12,125,2.04487161837728,2.5011611397264,0.649217074779489,1.25
"linear",11,5,0.25,5,"K2_c10","local",10,64,31,125,2.97937155721039,3.64228093701994,0.581718419922399,1.25
"linear",11,5,0.25,5,"K2_c12","local",12,77,25,125,3.00944604022551,3.64707042480507,0.550242687121442,1.25
"linear",11,5,0.25,5,"K2_c14","local",14,90,22,125,2.68611843993323,3.27800010782267,0.622525763483306,1.25
"linear",11,5,0.25,6,"K1_global","global",1,160,12,125,2.00302609791364,2.40126172368316,0.659616712718974,1.25
"linear",11,5,0.25,6,"K2_c10","local",10,64,31,125,2.8477948075469,3.44643718917405,0.721740146411207,1.25
"linear",11,5,0.25,6,"K2_c12","local",12,77,25,125,2.83246923777418,3.40221639638916,0.757152026625172,1.25
"linear",11,5,0.25,6,"K2_c14","local",14,90,22,125,2.572536476637,3.15427177005483,0.668769148351528,1.25
"linear",11,5,0.25,7,"K1_global","global",1,160,12,125,2.01770987209229,2.48862423052209,0.345824034147179,1.25
"linear",11,5,0.25,7,"K2_c10","local",10,64,31,125,2.6800336769157,3.28514267294854,0.415058939846908,1.25
"linear",11,5,0.25,7,"K2_c12","local",12,77,25,125,2.79044958741257,3.40168822718081,0.412325871427784,1.25
"linear",11,5,0.25,7,"K2_c14","local",14,90,22,125,2.57955631791842,3.16655773888441,0.366844098520621,1.25
"linear",11,5,0.25,8,"K1_global","global",1,160,12,125,2.01140468461095,2.47907395183944,0.566916167855107,1.25
"linear",11,5,0.25,8,"K2_c10","local",10,64,31,125,2.83876243654756,3.51639497990501,0.420279177740756,1.25
"linear",11,5,0.25,8,"K2_c12","local",12,77,25,125,2.80733535917366,3.49270476001247,0.476372871699024,1.25
"linear",11,5,0.25,8,"K2_c14","local",14,90,22,125,2.6619325335165,3.30383892416323,0.47603790284027,1.25
"linear",11,5,0.25,9,"K1_global","global",1,160,12,125,2.15796486619434,2.61960620212086,0.412912798308887,1.25
"linear",11,5,0.25,9,"K2_c10","local",10,64,31,125,2.8267701406639,3.4830461108292,0.422913659993234,1.25
"linear",11,5,0.25,9,"K2_c12","local",12,77,25,125,2.91487707002191,3.56926407937418,0.514981430445816,1.25
"linear",11,5,0.25,9,"K2_c14","local",14,90,22,125,2.64120715296218,3.27603880900711,0.387451024420702,1.25
"linear",11,5,0.25,10,"K1_global","global",1,160,12,125,2.06566818030794,2.50546571780627,0.398107767593197,1.25
"linear",11,5,0.25,10,"K2_c10","local",10,64,31,125,2.83515590395168,3.48534582451257,0.530581366998327,1.25
"linear",11,5,0.25,10,"K2_c12","local",12,77,25,125,2.90794963466763,3.56325129028346,0.439281349060964,1.25
"linear",11,5,0.25,10,"K2_c14","local",14,90,22,125,2.63945739091309,3.3167187983071,0.42686697463301,1.25
"linear",11,5,0.25,11,"K1_global","global",1,160,12,125,2.11800965174498,2.57310688688686,0.572735954393284,1.25
"linear",11,5,0.25,11,"K2_c10","local",10,64,31,125,2.81560327552895,3.46357273651321,0.548454597144331,1.25
"linear",11,5,0.25,11,"K2_c12","local",12,77,25,125,2.82533891949212,3.49998721862731,0.426194046853755,1.25
"linear",11,5,0.25,11,"K2_c14","local",14,90,22,125,2.6237686965157,3.35755755093044,0.389062122760336,1.25
"linear",11,5,0.25,12,"K1_global","global",1,160,12,125,2.08407897782531,2.5569410844423,0.385466049189626,1.25
"linear",11,5,0.25,12,"K2_c10","local",10,64,31,125,2.90842517916322,3.59541836566856,0.568891871868396,1.25
"linear",11,5,0.25,12,"K2_c12","local",12,77,25,125,2.80663831484041,3.49832183334883,0.423226363118097,1.25
"linear",11,5,0.25,12,"K2_c14","local",14,90,22,125,2.68508280300335,3.31122666721609,0.484060276536047,1.25
"linear",11,6,0.1,1,"K1_global","global",1,160,12,125,1.91790890887336,2.36090761936268,0.327719372767601,0.5
"linear",11,6,0.1,1,"K2_c10","local",10,64,31,125,2.65605338158974,3.23159238038844,0.430764725181864,0.5
"linear",11,6,0.1,1,"K2_c12","local",12,77,25,125,2.69287639001493,3.33133839607696,0.40474494123804,0.5
"linear",11,6,0.1,1,"K2_c14","local",14,90,22,125,2.47815675759904,3.06134958849203,0.404364330619445,0.5
"linear",11,6,0.1,2,"K1_global","global",1,160,12,125,1.89003655398296,2.29087454893821,0.296796765114185,0.5
"linear",11,6,0.1,2,"K2_c10","local",10,64,31,125,2.68086571898625,3.25792431604513,0.461788184989469,0.5
"linear",11,6,0.1,2,"K2_c12","local",12,77,25,125,2.69399043711448,3.25948216618901,0.388632571706046,0.5
"linear",11,6,0.1,2,"K2_c14","local",14,90,22,125,2.4511427440637,3.08200935901182,0.388493599930051,0.5
"linear",11,6,0.1,3,"K1_global","global",1,160,12,125,1.95874929543855,2.40661507598375,0.357973359787937,0.5
"linear",11,6,0.1,3,"K2_c10","local",10,64,31,125,2.66959581723596,3.25826835611743,0.405830663777261,0.5
"linear",11,6,0.1,3,"K2_c12","local",12,77,25,125,2.70467745105704,3.32268395502211,0.371939913431447,0.5
"linear",11,6,0.1,3,"K2_c14","local",14,90,22,125,2.43765914796288,3.08710531491173,0.38216481643706,0.5
"linear",11,6,0.1,4,"K1_global","global",1,160,12,125,1.87077856823762,2.31000105901301,0.275509154992613,0.5
"linear",11,6,0.1,4,"K2_c10","local",10,64,31,125,2.6197000329617,3.25861256636345,0.357076195868141,0.5
"linear",11,6,0.1,4,"K2_c12","local",12,77,25,125,2.61195215296999,3.22957834553377,0.392106497522104,0.5
"linear",11,6,0.1,4,"K2_c14","local",14,90,22,125,2.45364733295248,3.05773330443259,0.402796433233031,0.5
"linear",11,6,0.1,5,"K1_global","global",1,160,12,125,1.8348022999011,2.27157595153999,0.296741978025991,0.5
"linear",11,6,0.1,5,"K2_c10","local",10,64,31,125,2.69571247389838,3.29837746783854,0.426532472702913,0.5
"linear",11,6,0.1,5,"K2_c12","local",12,77,25,125,2.73619882707666,3.3570096354873,0.407902935861768,0.5
"linear",11,6,0.1,5,"K2_c14","local",14,90,22,125,2.41279389763785,3.05571212813974,0.355632952629786,0.5
"linear",11,6,0.1,6,"K1_global","global",1,160,12,125,1.82692776173523,2.27066205630076,0.257158275832906,0.5
"linear",11,6,0.1,6,"K2_c10","local",10,64,31,125,2.6340505633483,3.26956141165642,0.38055294800641,0.5
"linear",11,6,0.1,6,"K2_c12","local",12,77,25,125,2.68596332969552,3.28539490554147,0.385222717298611,0.5
"linear",11,6,0.1,6,"K2_c14","local",14,90,22,125,2.44550524119774,3.06797398310061,0.400563968602648,0.5
"linear",11,6,0.1,7,"K1_global","global",1,160,12,125,1.85085395843549,2.32374839379564,0.246393016776635,0.5
"linear",11,6,0.1,7,"K2_c10","local",10,64,31,125,2.61496329403055,3.24202825870919,0.388549236017046,0.5
"linear",11,6,0.1,7,"K2_c12","local",12,77,25,125,2.71833458157281,3.33065509764379,0.394775448143116,0.5
"linear",11,6,0.1,7,"K2_c14","local",14,90,22,125,2.46974766838526,3.06494577204037,0.362204149688333,0.5
"linear",11,6,0.1,8,"K1_global","global",1,160,12,125,1.88595167179681,2.31024101947267,0.313407542616603,0.5
"linear",11,6,0.1,8,"K2_c10","local",10,64,31,125,2.74156368219571,3.35415993790625,0.461074751211714,0.5
"linear",11,6,0.1,8,"K2_c12","local",12,77,25,125,2.59061564618297,3.21902587960407,0.423059958389639,0.5
"linear",11,6,0.1,8,"K2_c14","local",14,90,22,125,2.44411103150851,3.04637174749716,0.333599479903078,0.5
"linear",11,6,0.1,9,"K1_global","global",1,160,12,125,1.95024457163554,2.39290140225358,0.264664175384021,0.5
"linear",11,6,0.1,9,"K2_c10","local",10,64,31,125,2.70883454955371,3.34634717062115,0.42567861804315,0.5
"linear",11,6,0.1,9,"K2_c12","local",12,77,25,125,2.65212461905212,3.29866022028574,0.377632915494764,0.5
"linear",11,6,0.1,9,"K2_c14","local",14,90,22,125,2.49962897101892,3.12962753336282,0.382487738290186,0.5
"linear",11,6,0.1,10,"K1_global","global",1,160,12,125,1.90140577729681,2.32891738501647,0.304344170484554,0.5
"linear",11,6,0.1,10,"K2_c10","local",10,64,31,125,2.67133263163076,3.26747969367214,0.422056786868757,0.5
"linear",11,6,0.1,10,"K2_c12","local",12,77,25,125,2.7053327201963,3.27004078548172,0.408188474996946,0.5
"linear",11,6,0.1,10,"K2_c14","local",14,90,22,125,2.40278344455259,3.00655989628989,0.345980267663808,0.5
"linear",11,6,0.1,11,"K1_global","global",1,160,12,125,1.94070633536227,2.39119263008962,0.340606668098046,0.5
"linear",11,6,0.1,11,"K2_c10","local",10,64,31,125,2.69065027056936,3.29674768520672,0.389802064087024,0.5
"linear",11,6,0.1,11,"K2_c12","local",12,77,25,125,2.67662468839156,3.2460768316211,0.411940127374663,0.5
"linear",11,6,0.1,11,"K2_c14","local",14,90,22,125,2.4553629621451,3.05201114117809,0.38608881088154,0.5
"linear",11,6,0.1,12,"K1_global","global",1,160,12,125,1.81869712453194,2.25637609578414,0.267916541958335,0.5
"linear",11,6,0.1,12,"K2_c10","local",10,64,31,125,2.66096460881131,3.27594181195608,0.364179561436748,0.5
"linear",11,6,0.1,12,"K2_c12","local",12,77,25,125,2.64296400117157,3.24366120028737,0.406949856642448,0.5
"linear",11,6,0.1,12,"K2_c14","local",14,90,22,125,2.42565469713326,3.01562280812727,0.376077450014235,0.5
"linear",12,1,4,1,"K1_global","global",1,160,12,125,14.1772520334838,15.1140850968787,8.94039358837342,20
"linear",12,1,4,1,"K2_c10","local",10,64,31,125,15.0056534116572,16.8342793607399,7.03403322771564,20
"linear",12,1,4,1,"K2_c12","local",12,77,25,125,14.3490384406064,15.9988147507745,7.9756779148246,20
"linear",12,1,4,1,"K2_c14","local",14,90,22,125,14.1455750931399,15.5153338693507,8.27272786193226,20
"linear",12,1,4,2,"K1_global","global",1,160,12,125,14.5893018204313,15.2890785464004,6.85115846206944,20
"linear",12,1,4,2,"K2_c10","local",10,64,31,125,14.3316257505659,16.1567125442096,4.88947674462396,20
"linear",12,1,4,2,"K2_c12","local",12,77,25,125,13.9135531975243,15.4927384409124,4.99518128106897,20
"linear",12,1,4,2,"K2_c14","local",14,90,22,125,13.4372844400091,14.7353924510046,5.48146146124903,20
"linear",12,1,4,3,"K1_global","global",1,160,12,125,13.4736354683633,14.2758569144581,9.48109951444583,20
"linear",12,1,4,3,"K2_c10","local",10,64,31,125,13.879786155681,15.6731537172339,8.14793587726444,20
"linear",12,1,4,3,"K2_c12","local",12,77,25,125,13.9837812699021,15.6926699783885,8.46766080454522,20
"linear",12,1,4,3,"K2_c14","local",14,90,22,125,13.7565666253835,15.1679755878549,8.68564531070719,20
"linear",12,1,4,4,"K1_global","global",1,160,12,125,13.5998246417362,14.6428714284201,8.02108292514064,20
"linear",12,1,4,4,"K2_c10","local",10,64,31,125,14.7211197100653,16.6954559030546,6.12201581778605,20
"linear",12,1,4,4,"K2_c12","local",12,77,25,125,13.9673936310651,15.8658956101241,6.56329732439016,20
"linear",12,1,4,4,"K2_c14","local",14,90,22,125,13.4338821187398,15.0400460206688,6.1631100812607,20
"linear",12,1,4,5,"K1_global","global",1,160,12,125,14.2870371919641,15.15489740185,7.02073701055536,20
"linear",12,1,4,5,"K2_c10","local",10,64,31,125,15.2408105069008,17.3667136796713,5.01379747922907,20
"linear",12,1,4,5,"K2_c12","local",12,77,25,125,14.5312148635547,16.2388135622354,5.38756430309669,20
"linear",12,1,4,5,"K2_c14","local",14,90,22,125,14.1213380447111,15.4642966512639,5.73990680964491,20
"linear",12,1,4,6,"K1_global","global",1,160,12,125,13.9307562764637,14.7566899955246,7.65044555470463,20
"linear",12,1,4,6,"K2_c10","local",10,64,31,125,14.3000473768529,16.177888691028,6.73100491300524,20
"linear",12,1,4,6,"K2_c12","local",12,77,25,125,14.1591220716825,15.8320456165482,7.3957637436255,20
"linear",12,1,4,6,"K2_c14","local",14,90,22,125,14.2636986271059,15.5506918794576,7.75612609368778,20
"linear",12,1,4,7,"K1_global","global",1,160,12,125,13.8282904100285,14.6706604476204,7.53002661743633,20
"linear",12,1,4,7,"K2_c10","local",10,64,31,125,14.6011079134487,16.4239157152565,6.72049358929417,20
"linear",12,1,4,7,"K2_c12","local",12,77,25,125,14.1281253169209,15.8578921272738,6.56425534513098,20
"linear",12,1,4,7,"K2_c14","local",14,90,22,125,14.2130758333904,15.6616997688927,6.78692250648274,20
"linear",12,1,4,8,"K1_global","global",1,160,12,125,14.0121834824616,14.8392627639065,8.01202988490301,20
"linear",12,1,4,8,"K2_c10","local",10,64,31,125,14.0665837079843,15.9902836042135,6.73844110529689,20
"linear",12,1,4,8,"K2_c12","local",12,77,25,125,13.6417392844544,15.4687738246436,6.92822063430277,20
"linear",12,1,4,8,"K2_c14","local",14,90,22,125,13.6719027225258,15.1707445584188,7.13218384792461,20
"linear",12,1,4,9,"K1_global","global",1,160,12,125,14.2015285274132,15.0284757246462,9.72442248368874,20
"linear",12,1,4,9,"K2_c10","local",10,64,31,125,14.2263180530524,15.9263669578496,7.39221927500124,20
"linear",12,1,4,9,"K2_c12","local",12,77,25,125,14.3972910476384,16.1339895952411,7.48445248050852,20
"linear",12,1,4,9,"K2_c14","local",14,90,22,125,13.7551588030444,15.0552667859564,7.6499039543098,20
"linear",12,1,4,10,"K1_global","global",1,160,12,125,14.0798253110262,14.9568532762335,6.73199659229131,20
"linear",12,1,4,10,"K2_c10","local",10,64,31,125,14.953077373182,17.0502716977083,4.94688626878691,20
"linear",12,1,4,10,"K2_c12","local",12,77,25,125,14.2880734969024,16.1709336046981,5.18108293750299,20
"linear",12,1,4,10,"K2_c14","local",14,90,22,125,13.9027069943747,15.3846378896825,5.72790629856018,20
"linear",12,1,4,11,"K1_global","global",1,160,12,125,14.5671990342658,15.4367074853834,6.94292264213213,20
"linear",12,1,4,11,"K2_c10","local",10,64,31,125,14.384783887109,16.4381947626024,5.54114729222652,20
"linear",12,1,4,11,"K2_c12","local",12,77,25,125,14.064360597856,16.0382931796829,5.15360849380624,20
"linear",12,1,4,11,"K2_c14","local",14,90,22,125,14.0383354206638,15.5592254277679,5.27092558329614,20
"linear",12,1,4,12,"K1_global","global",1,160,12,125,14.3972812676001,15.2170189943321,7.98908605575127,20
"linear",12,1,4,12,"K2_c10","local",10,64,31,125,15.2492636524177,16.8252572536558,7.36086178664118,20
"linear",12,1,4,12,"K2_c12","local",12,77,25,125,14.6090281733456,16.1775740795848,6.94907605070542,20
"linear",12,1,4,12,"K2_c14","local",14,90,22,125,15.0425548504813,16.3072475100308,7.49399695557371,20
"linear",12,2,2,1,"K1_global","global",1,160,12,125,7.23426670039664,7.80804334807451,3.60924977669394,10
"linear",12,2,2,1,"K2_c10","local",10,64,31,125,7.71518316729421,8.62389250121549,3.18584237424289,10
"linear",12,2,2,1,"K2_c12","local",12,77,25,125,7.6603240151026,8.58754592070754,3.36439451745787,10
"linear",12,2,2,1,"K2_c14","local",14,90,22,125,7.40088648346651,8.21897040449576,3.42701766079546,10
"linear",12,2,2,2,"K1_global","global",1,160,12,125,7.00109226655702,7.62936658758526,3.720615581612,10
"linear",12,2,2,2,"K2_c10","local",10,64,31,125,8.04161194553363,9.25839104968281,3.5285536222561,10
"linear",12,2,2,2,"K2_c12","local",12,77,25,125,7.77614435341392,8.98496494517592,3.26745461621034,10
"linear",12,2,2,2,"K2_c14","local",14,90,22,125,7.67588950965681,8.63776421259632,3.58540215409173,10
"linear",12,2,2,3,"K1_global","global",1,160,12,125,7.47994877476017,8.04345606784421,3.64063911346373,10
"linear",12,2,2,3,"K2_c10","local",10,64,31,125,7.97700947365545,9.05976227504059,3.1413228233878,10
"linear",12,2,2,3,"K2_c12","local",12,77,25,125,8.02572080655291,9.10303666665967,3.38111476144111,10
"linear",12,2,2,3,"K2_c14","local",14,90,22,125,7.70527822170293,8.5101954496466,3.19426680132354,10
"linear",12,2,2,4,"K1_global","global",1,160,12,125,7.17059253573461,7.71842940112277,3.76717533198282,10
"linear",12,2,2,4,"K2_c10","local",10,64,31,125,7.77916216508225,8.91979326358909,2.93455938766177,10
"linear",12,2,2,4,"K2_c12","local",12,77,25,125,7.6747002442913,8.54539640907921,3.3374634222759,10
"linear",12,2,2,4,"K2_c14","local",14,90,22,125,7.50933428753003,8.40522143798803,3.43224777042161,10
"linear",12,2,2,5,"K1_global","global",1,160,12,125,7.55167559365733,8.1795561789972,3.79288932380684,10
"linear",12,2,2,5,"K2_c10","local",10,64,31,125,7.94347160602515,9.16686733834125,2.96770617029685,10
"linear",12,2,2,5,"K2_c12","local",12,77,25,125,7.90441854548762,8.82709910507018,3.66479793630119,10
"linear",12,2,2,5,"K2_c14","local",14,90,22,125,7.87356469221915,8.92510048355233,3.4185768841765,10
"linear",12,2,2,6,"K1_global","global",1,160,12,125,7.34418404301166,8.01253108213191,3.52708812572731,10
"linear",12,2,2,6,"K2_c10","local",10,64,31,125,7.60826224147067,8.98776982570485,2.41305136598673,10
"linear",12,2,2,6,"K2_c12","local",12,77,25,125,7.82980783915793,9.18425130121358,2.67086067530431,10
"linear",12,2,2,6,"K2_c14","local",14,90,22,125,7.61559051332435,8.73848246997541,3.22766303387393,10
"linear",12,2,2,7,"K1_global","global",1,160,12,125,7.53260649631328,7.98508736348778,3.63192832097558,10
"linear",12,2,2,7,"K2_c10","local",10,64,31,125,8.11279676877046,9.42086617490055,3.05676055097323,10
"linear",12,2,2,7,"K2_c12","local",12,77,25,125,7.99924608116393,9.10826284776973,3.28302833263851,10
"linear",12,2,2,7,"K2_c14","local",14,90,22,125,7.82240086181157,8.81940372145974,3.40803357290336,10
"linear",12,2,2,8,"K1_global","global",1,160,12,125,6.98111524199968,7.61993795094192,3.90285077499206,10
"linear",12,2,2,8,"K2_c10","local",10,64,31,125,8.16391930795576,9.44728742683609,3.58476147259082,10
"linear",12,2,2,8,"K2_c12","local",12,77,25,125,7.91459529171813,9.00539276117035,3.91742343826455,10
"linear",12,2,2,8,"K2_c14","local",14,90,22,125,7.4970743482313,8.60639960262106,3.60060786637452,10
"linear",12,2,2,9,"K1_global","global",1,160,12,125,7.65275449780957,8.28135213267772,4.29839354178216,10
"linear",12,2,2,9,"K2_c10","local",10,64,31,125,8.43881933215783,9.57119609613613,3.65750924410133,10
"linear",12,2,2,9,"K2_c12","local",12,77,25,125,8.07778435276579,9.07045355897321,4.02614467427423,10
"linear",12,2,2,9,"K2_c14","local",14,90,22,125,8.14810626899435,9.02195001603771,4.38037376945876,10
"linear",12,2,2,10,"K1_global","global",1,160,12,125,7.3336196733376,7.85458448796774,3.19631661114215,10
"linear",12,2,2,10,"K2_c10","local",10,64,31,125,7.68304525101354,8.71150009257098,2.74412736484178,10
"linear",12,2,2,10,"K2_c12","local",12,77,25,125,7.52221847393141,8.45923101411089,2.8980629346249,10
"linear",12,2,2,10,"K2_c14","local",14,90,22,125,7.07737628930768,7.82425004603002,3.0149323090665,10
"linear",12,2,2,11,"K1_global","global",1,160,12,125,7.18718888290729,7.7967780295139,3.41113356393056,10
"linear",12,2,2,11,"K2_c10","local",10,64,31,125,8.10505475000467,9.47221286936922,2.86123024770916,10
"linear",12,2,2,11,"K2_c12","local",12,77,25,125,7.70351638519733,8.95290802345923,2.5821776443864,10
"linear",12,2,2,11,"K2_c14","local",14,90,22,125,7.46340266265876,8.64905342466832,3.1844716859601,10
"linear",12,2,2,12,"K1_global","global",1,160,12,125,7.08220040268126,7.75307736308295,3.97487494149229,10
"linear",12,2,2,12,"K2_c10","local",10,64,31,125,7.67680495190852,8.80549178028842,3.20819245451486,10
"linear",12,2,2,12,"K2_c12","local",12,77,25,125,7.59039211115313,8.50974173433013,3.68904453727738,10
"linear",12,2,2,12,"K2_c14","local",14,90,22,125,7.21656515209859,8.11031087387837,3.22136866177767,10
"linear",12,3,1,1,"K1_global","global",1,160,12,125,4.00424724411345,4.46533412523335,1.73913230416988,5
"linear",12,3,1,1,"K2_c10","local",10,64,31,125,4.90427364154332,5.72318938848745,1.49967460842764,5
"linear",12,3,1,1,"K2_c12","local",12,77,25,125,4.84022466054109,5.61895002549378,1.49677345040954,5
"linear",12,3,1,1,"K2_c14","local",14,90,22,125,4.66725222324112,5.32860272335199,1.77809520556246,5
"linear",12,3,1,2,"K1_global","global",1,160,12,125,4.03540971606304,4.54073143985877,1.65766438254241,5
"linear",12,3,1,2,"K2_c10","local",10,64,31,125,4.62840097512896,5.48477133474503,1.46418983155389,5
"linear",12,3,1,2,"K2_c12","local",12,77,25,125,4.51158551430586,5.30138990049432,1.51026117117442,5
"linear",12,3,1,2,"K2_c14","local",14,90,22,125,4.46909507232206,5.16337563739918,1.63929168264521,5
"linear",12,3,1,3,"K1_global","global",1,160,12,125,4.07316806030571,4.51613507442086,2.06283457334419,5
"linear",12,3,1,3,"K2_c10","local",10,64,31,125,4.67198362414928,5.52483084793972,1.86320785721029,5
"linear",12,3,1,3,"K2_c12","local",12,77,25,125,4.48153141582571,5.29986357090897,1.95675748903764,5
"linear",12,3,1,3,"K2_c14","local",14,90,22,125,4.40562664378716,5.11388728012676,1.84097088367336,5
"linear",12,3,1,4,"K1_global","global",1,160,12,125,4.22613480245378,4.69720399745743,2.28105472124391,5
"linear",12,3,1,4,"K2_c10","local",10,64,31,125,4.80823472299469,5.67676973774269,1.83319314947712,5
"linear",12,3,1,4,"K2_c12","local",12,77,25,125,4.58489007621339,5.3420749832922,1.8876501626098,5
"linear",12,3,1,4,"K2_c14","local",14,90,22,125,4.22243808849196,4.87786991910707,1.77376606519368,5
"linear",12,3,1,5,"K1_global","global",1,160,12,125,4.00472383681743,4.41586133579403,2.04779221758825,5
"linear",12,3,1,5,"K2_c10","local",10,64,31,125,4.90018513174467,5.65118294242047,1.87318098262733,5
"linear",12,3,1,5,"K2_c12","local",12,77,25,125,4.60601822653635,5.42075778615622,1.49998858787851,5
"linear",12,3,1,5,"K2_c14","local",14,90,22,125,4.44589698672584,5.15958478471954,1.70762643342415,5
"linear",12,3,1,6,"K1_global","global",1,160,12,125,3.71519216117118,4.20237642007432,1.34539452742727,5
"linear",12,3,1,6,"K2_c10","local",10,64,31,125,4.4626058042404,5.32071009942744,1.1036934723511,5
"linear",12,3,1,6,"K2_c12","local",12,77,25,125,4.30167687131486,5.19892150084073,0.98692681381442,5
"linear",12,3,1,6,"K2_c14","local",14,90,22,125,4.02650128260573,4.80866713777952,0.894611610509702,5
"linear",12,3,1,7,"K1_global","global",1,160,12,125,3.93152802134216,4.39681856181503,1.76236406108638,5
"linear",12,3,1,7,"K2_c10","local",10,64,31,125,4.7048515309059,5.57331466674501,1.50549640771215,5
"linear",12,3,1,7,"K2_c12","local",12,77,25,125,4.50236173643959,5.2192906761516,1.48970866454711,5
"linear",12,3,1,7,"K2_c14","local",14,90,22,125,4.35072208629393,5.12133820970207,1.53477569451246,5
"linear",12,3,1,8,"K1_global","global",1,160,12,125,3.93471108171337,4.41302044337968,2.39962285850842,5
"linear",12,3,1,8,"K2_c10","local",10,64,31,125,4.68890824797591,5.52743285800978,1.9024194633673,5
"linear",12,3,1,8,"K2_c12","local",12,77,25,125,4.6484421707699,5.46191662762821,1.92108735161772,5
"linear",12,3,1,8,"K2_c14","local",14,90,22,125,4.35796082766253,5.1236023114049,2.04583509220528,5
"linear",12,3,1,9,"K1_global","global",1,160,12,125,3.91000039614419,4.39476047355135,2.08172743350651,5
"linear",12,3,1,9,"K2_c10","local",10,64,31,125,4.48993107959948,5.32232540504506,1.41364046363378,5
"linear",12,3,1,9,"K2_c12","local",12,77,25,125,4.57732322279906,5.38685451310214,1.69342968696664,5
"linear",12,3,1,9,"K2_c14","local",14,90,22,125,4.21242854321935,4.90840447461526,1.62937565619822,5
"linear",12,3,1,10,"K1_global","global",1,160,12,125,4.05396460288659,4.53689045774811,1.48584189335488,5
"linear",12,3,1,10,"K2_c10","local",10,64,31,125,4.86598032409424,5.70526504581612,1.45423317564076,5
"linear",12,3,1,10,"K2_c12","local",12,77,25,125,4.74406985600218,5.51606263766908,1.33268219121874,5
"linear",12,3,1,10,"K2_c14","local",14,90,22,125,4.39184277664326,5.12409409484985,1.30454658469293,5
"linear",12,3,1,11,"K1_global","global",1,160,12,125,3.98997875402223,4.45147236816823,1.59057314518517,5
"linear",12,3,1,11,"K2_c10","local",10,64,31,125,4.57161515048316,5.41511240807264,1.12884980783391,5
"linear",12,3,1,11,"K2_c12","local",12,77,25,125,4.50902921339513,5.23958911206638,1.24265851022371,5
"linear",12,3,1,11,"K2_c14","local",14,90,22,125,4.18908662023949,4.86046327006888,1.29494310229324,5
"linear",12,3,1,12,"K1_global","global",1,160,12,125,3.94861807782149,4.49423573355765,2.08959057460305,5
"linear",12,3,1,12,"K2_c10","local",10,64,31,125,4.75304749321929,5.66351611030592,1.76805460371667,5
"linear",12,3,1,12,"K2_c12","local",12,77,25,125,4.93459644449838,5.83366558467833,1.69325693221297,5
"linear",12,3,1,12,"K2_c14","local",14,90,22,125,4.41612982803851,5.18769472670116,1.95118102833158,5
"linear",12,4,0.5,1,"K1_global","global",1,160,12,125,2.60141995916169,3.04566658369992,0.776465793103354,2.5
"linear",12,4,0.5,1,"K2_c10","local",10,64,31,125,3.45716316834235,4.13046359457345,0.614670120541137,2.5
"linear",12,4,0.5,1,"K2_c12","local",12,77,25,125,3.29637687127418,3.98207331629309,0.667681486384591,2.5
"linear",12,4,0.5,1,"K2_c14","local",14,90,22,125,3.16598154347039,3.79729192445447,0.685470404108441,2.5
"linear",12,4,0.5,2,"K1_global","global",1,160,12,125,2.50952227323945,2.96431362885108,0.883542415216837,2.5
"linear",12,4,0.5,2,"K2_c10","local",10,64,31,125,3.41387890413894,4.13119315341269,0.725533902343442,2.5
"linear",12,4,0.5,2,"K2_c12","local",12,77,25,125,3.37591031646591,4.11269939451457,0.581143347508214,2.5
"linear",12,4,0.5,2,"K2_c14","local",14,90,22,125,3.04570962488436,3.70426535487993,0.686281388307001,2.5
"linear",12,4,0.5,3,"K1_global","global",1,160,12,125,2.59120743697113,3.01694345894362,1.23333127507982,2.5
"linear",12,4,0.5,3,"K2_c10","local",10,64,31,125,3.54718251937074,4.21336864696568,0.780971142382215,2.5
"linear",12,4,0.5,3,"K2_c12","local",12,77,25,125,3.22810772930081,3.8925871039554,0.880566983943836,2.5
"linear",12,4,0.5,3,"K2_c14","local",14,90,22,125,3.23501565697048,3.8905290471678,0.842427498470638,2.5
"linear",12,4,0.5,4,"K1_global","global",1,160,12,125,2.5070186819309,2.93276756408239,0.641627779637541,2.5
"linear",12,4,0.5,4,"K2_c10","local",10,64,31,125,3.50431272906421,4.16144397676169,0.939231423298145,2.5
"linear",12,4,0.5,4,"K2_c12","local",12,77,25,125,3.26346107144666,3.93006821181423,0.631314968764799,2.5
"linear",12,4,0.5,4,"K2_c14","local",14,90,22,125,2.93306211877339,3.51620452249038,0.816371667581618,2.5
"linear",12,4,0.5,5,"K1_global","global",1,160,12,125,2.6812321483442,3.13520942123935,0.780483516512293,2.5
"linear",12,4,0.5,5,"K2_c10","local",10,64,31,125,3.5160244768509,4.18819283699993,0.813360324895407,2.5
"linear",12,4,0.5,5,"K2_c12","local",12,77,25,125,3.34404043074853,3.9715863346616,0.738283500617717,2.5
"linear",12,4,0.5,5,"K2_c14","local",14,90,22,125,3.14017365676586,3.76395071277623,0.689357729024636,2.5
"linear",12,4,0.5,6,"K1_global","global",1,160,12,125,2.60836603825376,3.0276298400295,1.04757465095881,2.5
"linear",12,4,0.5,6,"K2_c10","local",10,64,31,125,3.54322339872208,4.17642652671931,0.919386352287692,2.5
"linear",12,4,0.5,6,"K2_c12","local",12,77,25,125,3.35559647144816,4.00705773389023,0.914749114515023,2.5
"linear",12,4,0.5,6,"K2_c14","local",14,90,22,125,3.15107918727582,3.70969211642217,1.13066642713477,2.5
"linear",12,4,0.5,7,"K1_global","global",1,160,12,125,2.54956730143751,3.01746239859498,0.799395197855579,2.5
"linear",12,4,0.5,7,"K2_c10","local",10,64,31,125,3.57938241586166,4.26770829090164,0.840156029350466,2.5
"linear",12,4,0.5,7,"K2_c12","local",12,77,25,125,3.413142371476,4.10314316549762,0.890057613877702,2.5
"linear",12,4,0.5,7,"K2_c14","local",14,90,22,125,3.31101552280382,3.92022621433026,0.839774430837172,2.5
"linear",12,4,0.5,8,"K1_global","global",1,160,12,125,2.6044390313495,3.05285077465529,0.779744505357306,2.5
"linear",12,4,0.5,8,"K2_c10","local",10,64,31,125,3.4212248251901,4.10326753034793,0.660371546490699,2.5
"linear",12,4,0.5,8,"K2_c12","local",12,77,25,125,3.20221171218744,3.85412951071082,0.75285787565525,2.5
"linear",12,4,0.5,8,"K2_c14","local",14,90,22,125,3.10228392979124,3.73078598227426,0.721949413998066,2.5
"linear",12,4,0.5,9,"K1_global","global",1,160,12,125,2.67835841598881,3.21886061984077,0.8879333939495,2.5
"linear",12,4,0.5,9,"K2_c10","local",10,64,31,125,3.68620190128261,4.46112951440444,1.10936274271398,2.5
"linear",12,4,0.5,9,"K2_c12","local",12,77,25,125,3.72916379771594,4.47785570932953,0.814211589391144,2.5
"linear",12,4,0.5,9,"K2_c14","local",14,90,22,125,3.17731476727732,3.86948876802278,0.865648121490588,2.5
"linear",12,4,0.5,10,"K1_global","global",1,160,12,125,2.68038047234077,3.19728340676177,1.04014039058484,2.5
"linear",12,4,0.5,10,"K2_c10","local",10,64,31,125,3.51563969570863,4.21654308540586,0.795137016943316,2.5
"linear",12,4,0.5,10,"K2_c12","local",12,77,25,125,3.5214716321759,4.27118840207669,0.777987241697559,2.5
"linear",12,4,0.5,10,"K2_c14","local",14,90,22,125,3.20814146468356,3.79222334927495,0.792252336701514,2.5
"linear",12,4,0.5,11,"K1_global","global",1,160,12,125,2.56987454014633,2.98880941526743,1.1630422321543,2.5
"linear",12,4,0.5,11,"K2_c10","local",10,64,31,125,3.30343796915145,3.99276203539784,1.11029246715071,2.5
"linear",12,4,0.5,11,"K2_c12","local",12,77,25,125,3.16169685672042,3.82650138471905,1.00451503309611,2.5
"linear",12,4,0.5,11,"K2_c14","local",14,90,22,125,2.96136165741229,3.62816039797193,1.07483034727981,2.5
"linear",12,4,0.5,12,"K1_global","global",1,160,12,125,2.55673384742222,3.04202057847976,1.03848855863726,2.5
"linear",12,4,0.5,12,"K2_c10","local",10,64,31,125,3.4171720668225,4.07425509820867,1.08009201747295,2.5
"linear",12,4,0.5,12,"K2_c12","local",12,77,25,125,3.35894505057124,4.03752906478984,1.0494580636236,2.5
"linear",12,4,0.5,12,"K2_c14","local",14,90,22,125,3.07565754568894,3.65749977102115,1.05440040631174,2.5
"linear",12,5,0.25,1,"K1_global","global",1,160,12,125,2.11915993953718,2.49582704591642,0.364064302231438,1.25
"linear",12,5,0.25,1,"K2_c10","local",10,64,31,125,2.96198289728209,3.61157225784386,0.502235920422362,1.25
"linear",12,5,0.25,1,"K2_c12","local",12,77,25,125,2.78194060024939,3.41198675003004,0.394008600154205,1.25
"linear",12,5,0.25,1,"K2_c14","local",14,90,22,125,2.61637248135246,3.2099314306739,0.464276684901884,1.25
"linear",12,5,0.25,2,"K1_global","global",1,160,12,125,2.05218312385698,2.51475353198288,0.354847602521477,1.25
"linear",12,5,0.25,2,"K2_c10","local",10,64,31,125,3.03171121659113,3.6936728631015,0.500480839601603,1.25
"linear",12,5,0.25,2,"K2_c12","local",12,77,25,125,2.79344925123412,3.43399446267829,0.462350924012714,1.25
"linear",12,5,0.25,2,"K2_c14","local",14,90,22,125,2.61949611350983,3.22069199465118,0.416210345024772,1.25
"linear",12,5,0.25,3,"K1_global","global",1,160,12,125,2.06420488978803,2.52864359983985,0.489525223311807,1.25
"linear",12,5,0.25,3,"K2_c10","local",10,64,31,125,3.01407221267625,3.61970610760489,0.467720612133525,1.25
"linear",12,5,0.25,3,"K2_c12","local",12,77,25,125,2.76236862143096,3.42914055329775,0.515547577663423,1.25
"linear",12,5,0.25,3,"K2_c14","local",14,90,22,125,2.62950348163832,3.2136431449457,0.648786602043741,1.25
"linear",12,5,0.25,4,"K1_global","global",1,160,12,125,2.04814017966493,2.48978586588267,0.525876626398575,1.25
"linear",12,5,0.25,4,"K2_c10","local",10,64,31,125,2.80203324306642,3.37713193607319,0.492770952212943,1.25
"linear",12,5,0.25,4,"K2_c12","local",12,77,25,125,2.86350611533558,3.4662052351842,0.490010151559233,1.25
"linear",12,5,0.25,4,"K2_c14","local",14,90,22,125,2.59968614254763,3.1262244518151,0.473430284161358,1.25
"linear",12,5,0.25,5,"K1_global","global",1,160,12,125,2.02116568240645,2.49591752012689,0.299462289384974,1.25
"linear",12,5,0.25,5,"K2_c10","local",10,64,31,125,2.93670692324262,3.61090490286793,0.454309272469641,1.25
"linear",12,5,0.25,5,"K2_c12","local",12,77,25,125,2.64991219892723,3.27933882353093,0.411447320006602,1.25
"linear",12,5,0.25,5,"K2_c14","local",14,90,22,125,2.61515363703007,3.15773004513776,0.413416767568547,1.25
"linear",12,5,0.25,6,"K1_global","global",1,160,12,125,2.12078033543157,2.57828897335962,0.464451195858892,1.25
"linear",12,5,0.25,6,"K2_c10","local",10,64,31,125,2.78088718941488,3.46489019793959,0.522608889404313,1.25
"linear",12,5,0.25,6,"K2_c12","local",12,77,25,125,2.71929748245162,3.33334664103653,0.42788994460671,1.25
"linear",12,5,0.25,6,"K2_c14","local",14,90,22,125,2.59879565758662,3.18880715156224,0.454003177072322,1.25
"linear",12,5,0.25,7,"K1_global","global",1,160,12,125,2.09616608024396,2.52316263879743,0.52670360467915,1.25
"linear",12,5,0.25,7,"K2_c10","local",10,64,31,125,2.88561671196282,3.54174659819974,0.526691822017674,1.25
"linear",12,5,0.25,7,"K2_c12","local",12,77,25,125,2.75683639685073,3.37594743397021,0.402739688851896,1.25
"linear",12,5,0.25,7,"K2_c14","local",14,90,22,125,2.57899328854041,3.09137486444554,0.465842573695197,1.25
"linear",12,5,0.25,8,"K1_global","global",1,160,12,125,2.04887048732859,2.4878098088741,0.557401917145939,1.25
"linear",12,5,0.25,8,"K2_c10","local",10,64,31,125,2.8815688430703,3.52156623839031,0.513238741299523,1.25
"linear",12,5,0.25,8,"K2_c12","local",12,77,25,125,2.75361512705188,3.38020993210324,0.418489108720799,1.25
"linear",12,5,0.25,8,"K2_c14","local",14,90,22,125,2.54859813017936,3.07382235705277,0.520869539246916,1.25
"linear",12,5,0.25,9,"K1_global","global",1,160,12,125,2.00536685615969,2.49528951905859,0.362082794476717,1.25
"linear",12,5,0.25,9,"K2_c10","local",10,64,31,125,2.93322390126187,3.56556248929254,0.430938268414442,1.25
"linear",12,5,0.25,9,"K2_c12","local",12,77,25,125,2.77155994997809,3.44628161205947,0.442088967089721,1.25
"linear",12,5,0.25,9,"K2_c14","local",14,90,22,125,2.63769969420645,3.28590092582648,0.401864051287972,1.25
"linear",12,5,0.25,10,"K1_global","global",1,160,12,125,2.10132856024133,2.54121193121687,0.412323551114712,1.25
"linear",12,5,0.25,10,"K2_c10","local",10,64,31,125,3.03790186373887,3.68236927416946,0.448394505547795,1.25
"linear",12,5,0.25,10,"K2_c12","local",12,77,25,125,2.74838231055283,3.41204472423473,0.421543045863684,1.25
"linear",12,5,0.25,10,"K2_c14","local",14,90,22,125,2.63426993817823,3.23753191344443,0.493183802186983,1.25
"linear",12,5,0.25,11,"K1_global","global",1,160,12,125,2.05959808690016,2.50435714110523,0.469375503247455,1.25
"linear",12,5,0.25,11,"K2_c10","local",10,64,31,125,2.89440810888951,3.50977817644909,0.476712740073523,1.25
"linear",12,5,0.25,11,"K2_c12","local",12,77,25,125,2.83274708920048,3.44296678362117,0.513730357773645,1.25
"linear",12,5,0.25,11,"K2_c14","local",14,90,22,125,2.65343796794665,3.24174933529905,0.486726456152029,1.25
"linear",12,5,0.25,12,"K1_global","global",1,160,12,125,2.03414825877452,2.46956266943655,0.431187491468904,1.25
"linear",12,5,0.25,12,"K2_c10","local",10,64,31,125,2.75607978102213,3.40097745536927,0.472001395812323,1.25
"linear",12,5,0.25,12,"K2_c12","local",12,77,25,125,2.73683812386942,3.36035342294813,0.513714740736072,1.25
"linear",12,5,0.25,12,"K2_c14","local",14,90,22,125,2.4972933867659,3.02852921929832,0.395009375695202,1.25
"linear",12,6,0.1,1,"K1_global","global",1,160,12,125,1.80946416990466,2.23922776767105,0.300574295256085,0.5
"linear",12,6,0.1,1,"K2_c10","local",10,64,31,125,2.51406244914535,3.07653749312819,0.392441681979118,0.5
"linear",12,6,0.1,1,"K2_c12","local",12,77,25,125,2.42403574228318,3.04109962309357,0.406682287548012,0.5
"linear",12,6,0.1,1,"K2_c14","local",14,90,22,125,2.34971528344526,2.86966681288141,0.398039630842148,0.5
"linear",12,6,0.1,2,"K1_global","global",1,160,12,125,1.85716430296057,2.29831342539001,0.287203646495307,0.5
"linear",12,6,0.1,2,"K2_c10","local",10,64,31,125,2.63408482676091,3.27425274615337,0.402373395664446,0.5
"linear",12,6,0.1,2,"K2_c12","local",12,77,25,125,2.56697740215564,3.20158487773067,0.401874388143038,0.5
"linear",12,6,0.1,2,"K2_c14","local",14,90,22,125,2.37914435823149,2.94128082323515,0.424267709162232,0.5
"linear",12,6,0.1,3,"K1_global","global",1,160,12,125,1.84951776354035,2.28842206496099,0.268140834106632,0.5
"linear",12,6,0.1,3,"K2_c10","local",10,64,31,125,2.54078080294652,3.13596670383815,0.388696803835402,0.5
"linear",12,6,0.1,3,"K2_c12","local",12,77,25,125,2.56130112763301,3.14639101940145,0.373478821272814,0.5
"linear",12,6,0.1,3,"K2_c14","local",14,90,22,125,2.27878516463922,2.84150188863587,0.496959685275442,0.5
"linear",12,6,0.1,4,"K1_global","global",1,160,12,125,1.89961592523148,2.31186728860814,0.283767104712045,0.5
"linear",12,6,0.1,4,"K2_c10","local",10,64,31,125,2.5759177528314,3.13490154382708,0.390633626783036,0.5
"linear",12,6,0.1,4,"K2_c12","local",12,77,25,125,2.5046734453505,3.10888076873926,0.467046442457465,0.5
"linear",12,6,0.1,4,"K2_c14","local",14,90,22,125,2.33887689165595,2.9396202822211,0.386984386891729,0.5
"linear",12,6,0.1,5,"K1_global","global",1,160,12,125,1.86787663676238,2.2811618702722,0.263924557089391,0.5
"linear",12,6,0.1,5,"K2_c10","local",10,64,31,125,2.63295833306425,3.20952054289352,0.410899193362689,0.5
"linear",12,6,0.1,5,"K2_c12","local",12,77,25,125,2.51698457118613,3.14032050673682,0.377003026966701,0.5
"linear",12,6,0.1,5,"K2_c14","local",14,90,22,125,2.29605119872478,2.86418200300938,0.335529791862642,0.5
"linear",12,6,0.1,6,"K1_global","global",1,160,12,125,1.79013388794422,2.24350809038531,0.260104025739797,0.5
"linear",12,6,0.1,6,"K2_c10","local",10,64,31,125,2.61573541724866,3.1662551739863,0.382533831817872,0.5
"linear",12,6,0.1,6,"K2_c12","local",12,77,25,125,2.54768096482525,3.15946713973847,0.392589516233355,0.5
"linear",12,6,0.1,6,"K2_c14","local",14,90,22,125,2.37812536463771,2.94590051196719,0.435675906022257,0.5
"linear",12,6,0.1,7,"K1_global","global",1,160,12,125,1.8296343557754,2.2527127058812,0.317242034548355,0.5
"linear",12,6,0.1,7,"K2_c10","local",10,64,31,125,2.65492295997005,3.19780198614077,0.375668049753983,0.5
"linear",12,6,0.1,7,"K2_c12","local",12,77,25,125,2.55528160170382,3.12946703290671,0.443447462785495,0.5
"linear",12,6,0.1,7,"K2_c14","local",14,90,22,125,2.3284509936417,2.84498736393703,0.368705214018493,0.5
"linear",12,6,0.1,8,"K1_global","global",1,160,12,125,1.86156080816652,2.3027806082615,0.297462287442386,0.5
"linear",12,6,0.1,8,"K2_c10","local",10,64,31,125,2.53475025772751,3.13865826818792,0.37393321090624,0.5
"linear",12,6,0.1,8,"K2_c12","local",12,77,25,125,2.57736936502547,3.17859838399041,0.401627213042784,0.5
"linear",12,6,0.1,8,"K2_c14","local",14,90,22,125,2.36893689205998,2.94736176412559,0.38465384688897,0.5
"linear",12,6,0.1,9,"K1_global","global",1,160,12,125,1.84524162889973,2.27141935962976,0.296120059438422,0.5
"linear",12,6,0.1,9,"K2_c10","local",10,64,31,125,2.5844701573926,3.16824890085495,0.373380106327466,0.5
"linear",12,6,0.1,9,"K2_c12","local",12,77,25,125,2.5095193830218,3.12656316968072,0.452183224108891,0.5
"linear",12,6,0.1,9,"K2_c14","local",14,90,22,125,2.3397775900675,2.88738029779879,0.426639422935207,0.5
"linear",12,6,0.1,10,"K1_global","global",1,160,12,125,1.84033897773579,2.27877213005921,0.405407720864564,0.5
"linear",12,6,0.1,10,"K2_c10","local",10,64,31,125,2.52382135909382,3.09599257741124,0.481154043078312,0.5
"linear",12,6,0.1,10,"K2_c12","local",12,77,25,125,2.54030848828655,3.0893463010304,0.425159153881206,0.5
"linear",12,6,0.1,10,"K2_c14","local",14,90,22,125,2.27607153628313,2.80934576269843,0.390452445288312,0.5
"linear",12,6,0.1,11,"K1_global","global",1,160,12,125,1.83771799589185,2.25166226348231,0.334528566009493,0.5
"linear",12,6,0.1,11,"K2_c10","local",10,64,31,125,2.57280293396935,3.12780755677483,0.41781371990946,0.5
"linear",12,6,0.1,11,"K2_c12","local",12,77,25,125,2.44363780064278,3.03904048283019,0.488869310589786,0.5
"linear",12,6,0.1,11,"K2_c14","local",14,90,22,125,2.23927491529565,2.75085336010126,0.49463502029264,0.5
"linear",12,6,0.1,12,"K1_global","global",1,160,12,125,1.81317582692137,2.22914713224627,0.269277309047547,0.5
"linear",12,6,0.1,12,"K2_c10","local",10,64,31,125,2.61019366076691,3.17152328946361,0.38022796885805,0.5
"linear",12,6,0.1,12,"K2_c12","local",12,77,25,125,2.61352330096518,3.19229088010134,0.518593715947701,0.5
"linear",12,6,0.1,12,"K2_c14","local",14,90,22,125,2.33830686714407,2.88614610878033,0.357415134023922,0.5
"linear",13,1,4,1,"K1_global","global",1,160,12,125,13.5543890061622,14.5546915906817,7.92485032261256,20
"linear",13,1,4,1,"K2_c10","local",10,64,31,125,14.2530052420557,16.3514310207874,6.57529589959291,20
"linear",13,1,4,1,"K2_c12","local",12,77,25,125,13.9784747574865,15.9628351064505,6.62663665592597,20
"linear",13,1,4,1,"K2_c14","local",14,90,22,125,13.8903922857655,15.5240869508522,6.92050811457301,20
"linear",13,1,4,2,"K1_global","global",1,160,12,125,13.3973862169093,14.3250102978977,6.19210192554996,20
"linear",13,1,4,2,"K2_c10","local",10,64,31,125,14.3961996003133,16.1857097111725,5.78350888415139,20
"linear",13,1,4,2,"K2_c12","local",12,77,25,125,14.4742355619643,16.2205977470764,6.11008739643083,20
"linear",13,1,4,2,"K2_c14","local",14,90,22,125,13.443647972218,14.8495179085709,5.60662661198749,20
"linear",13,1,4,3,"K1_global","global",1,160,12,125,14.236576089193,15.4194503275289,9.93747060093325,20
"linear",13,1,4,3,"K2_c10","local",10,64,31,125,14.6553693681503,17.027418852899,6.54116069856065,20
"linear",13,1,4,3,"K2_c12","local",12,77,25,125,13.9498042289022,16.4053068853489,6.87572808726549,20
"linear",13,1,4,3,"K2_c14","local",14,90,22,125,14.2953880424807,16.3851570314836,8.51203504740674,20
"linear",13,1,4,4,"K1_global","global",1,160,12,125,14.1738393582297,15.0620915171861,9.39285486226948,20
"linear",13,1,4,4,"K2_c10","local",10,64,31,125,14.6035618146737,16.6620791278702,7.07143755120082,20
"linear",13,1,4,4,"K2_c12","local",12,77,25,125,13.9956124214945,15.6531038562281,8.08155495680946,20
"linear",13,1,4,4,"K2_c14","local",14,90,22,125,14.3827721917242,15.9775741408476,8.59090199134511,20
"linear",13,1,4,5,"K1_global","global",1,160,12,125,14.2792270062395,15.1715221035381,5.98975952844992,20
"linear",13,1,4,5,"K2_c10","local",10,64,31,125,14.5136074181438,16.3916731103198,4.64782711047291,20
"linear",13,1,4,5,"K2_c12","local",12,77,25,125,14.4968697224638,16.2555140872342,4.76488622780256,20
"linear",13,1,4,5,"K2_c14","local",14,90,22,125,14.4623616611142,15.8861681765861,4.63571247924901,20
"linear",13,1,4,6,"K1_global","global",1,160,12,125,13.9773858235919,14.9006127419743,7.44576739650648,20
"linear",13,1,4,6,"K2_c10","local",10,64,31,125,14.7387532664956,16.7211334827302,5.82528303095099,20
"linear",13,1,4,6,"K2_c12","local",12,77,25,125,15.1051871883274,16.9704226290102,6.9094748065693,20
"linear",13,1,4,6,"K2_c14","local",14,90,22,125,13.9130604888995,15.4836500674089,6.39484928361856,20
"linear",13,1,4,7,"K1_global","global",1,160,12,125,13.8478763487264,14.7112680255651,8.09861511180116,20
"linear",13,1,4,7,"K2_c10","local",10,64,31,125,14.788787327862,16.5591906423753,6.73310678003667,20
"linear",13,1,4,7,"K2_c12","local",12,77,25,125,14.7163848890493,16.4068462940141,7.33486889461944,20
"linear",13,1,4,7,"K2_c14","local",14,90,22,125,14.5502411527013,16.1100449682641,7.32621383564624,20
"linear",13,1,4,8,"K1_global","global",1,160,12,125,13.6037893224018,14.51863878363,7.93902859602984,20
"linear",13,1,4,8,"K2_c10","local",10,64,31,125,14.225225126438,16.5427142547152,4.72307953634965,20
"linear",13,1,4,8,"K2_c12","local",12,77,25,125,14.2293597945731,16.3160149272754,5.41362020218215,20
"linear",13,1,4,8,"K2_c14","local",14,90,22,125,14.065726183507,15.5390920719639,6.36317914055245,20
"linear",13,1,4,9,"K1_global","global",1,160,12,125,13.3318307684784,14.3538077497566,7.92787726805413,20
"linear",13,1,4,9,"K2_c10","local",10,64,31,125,14.7331967907378,16.6983406854499,6.71384063675024,20
"linear",13,1,4,9,"K2_c12","local",12,77,25,125,14.7352180365704,16.5903191284646,7.65228042266854,20
"linear",13,1,4,9,"K2_c14","local",14,90,22,125,13.9873676659735,15.4231913504474,7.35502115976847,20
"linear",13,1,4,10,"K1_global","global",1,160,12,125,14.2888000737913,15.0257553740215,6.76952840906055,20
"linear",13,1,4,10,"K2_c10","local",10,64,31,125,14.4380264276509,16.2904932789581,6.44135180817134,20
"linear",13,1,4,10,"K2_c12","local",12,77,25,125,14.5597087160214,16.0399371977287,6.52247876184548,20
"linear",13,1,4,10,"K2_c14","local",14,90,22,125,14.4675920223487,15.7134476312361,6.41089960254141,20
"linear",13,1,4,11,"K1_global","global",1,160,12,125,14.1228968154014,15.0077126214702,6.15286705493652,20
"linear",13,1,4,11,"K2_c10","local",10,64,31,125,14.371184457128,16.1129849179206,4.91549607128744,20
"linear",13,1,4,11,"K2_c12","local",12,77,25,125,14.9681957657086,16.5700517531148,5.76846343618067,20
"linear",13,1,4,11,"K2_c14","local",14,90,22,125,14.4326945424997,15.7294273165062,5.17061235137333,20
"linear",13,1,4,12,"K1_global","global",1,160,12,125,13.3088802690244,14.1943395351023,7.02750040084794,20
"linear",13,1,4,12,"K2_c10","local",10,64,31,125,14.4952349208226,16.1457331817512,6.27485776266319,20
"linear",13,1,4,12,"K2_c12","local",12,77,25,125,14.2478656930633,15.7879587703475,6.25810441787686,20
"linear",13,1,4,12,"K2_c14","local",14,90,22,125,13.7430015284235,15.3497388117099,5.98559825485032,20
"linear",13,2,2,1,"K1_global","global",1,160,12,125,7.32190658283017,7.88228611165625,3.26249096481169,10
"linear",13,2,2,1,"K2_c10","local",10,64,31,125,7.90075298098544,9.02983611087831,2.2609179746922,10
"linear",13,2,2,1,"K2_c12","local",12,77,25,125,7.62436107965878,8.64425678779113,2.54214435479568,10
"linear",13,2,2,1,"K2_c14","local",14,90,22,125,7.20901146527681,8.07422762872988,2.59406959502604,10
"linear",13,2,2,2,"K1_global","global",1,160,12,125,7.42297368061019,8.09286321729035,3.85045728740924,10
"linear",13,2,2,2,"K2_c10","local",10,64,31,125,7.98536701865686,9.17970385009098,3.13030932287257,10
"linear",13,2,2,2,"K2_c12","local",12,77,25,125,7.67669513951364,8.73086022427561,2.99679568336109,10
"linear",13,2,2,2,"K2_c14","local",14,90,22,125,7.40766719377454,8.38014527929343,3.60470900135122,10
"linear",13,2,2,3,"K1_global","global",1,160,12,125,7.04057611700093,7.69585956564157,3.42326105072247,10
"linear",13,2,2,3,"K2_c10","local",10,64,31,125,7.54371113401249,8.80112719032005,2.97120710035549,10
"linear",13,2,2,3,"K2_c12","local",12,77,25,125,7.79080028045372,8.92460026777764,2.880180754445,10
"linear",13,2,2,3,"K2_c14","local",14,90,22,125,7.3442949544242,8.34821294310361,2.87275195491638,10
"linear",13,2,2,4,"K1_global","global",1,160,12,125,7.14932376880571,7.95030332938663,3.14865097568235,10
"linear",13,2,2,4,"K2_c10","local",10,64,31,125,8.16601806964905,9.60177899132567,3.03172032670371,10
"linear",13,2,2,4,"K2_c12","local",12,77,25,125,7.88315512522198,9.1773743906086,2.85521184903702,10
"linear",13,2,2,4,"K2_c14","local",14,90,22,125,7.49436922997426,8.65142396968266,2.90394567216272,10
"linear",13,2,2,5,"K1_global","global",1,160,12,125,7.10480037716889,7.68104986802858,3.475878920802,10
"linear",13,2,2,5,"K2_c10","local",10,64,31,125,8.08937197257525,9.32395682662596,3.04160671760551,10
"linear",13,2,2,5,"K2_c12","local",12,77,25,125,7.77861879843595,8.90471380437291,3.37595889684315,10
"linear",13,2,2,5,"K2_c14","local",14,90,22,125,7.62058182190233,8.65239178291714,3.00894430170531,10
"linear",13,2,2,6,"K1_global","global",1,160,12,125,7.41677055629185,8.06228356208415,3.78031879159021,10
"linear",13,2,2,6,"K2_c10","local",10,64,31,125,7.70333507047185,8.93244212910324,2.89500026685832,10
"linear",13,2,2,6,"K2_c12","local",12,77,25,125,7.5268324335479,8.68692164455166,2.95303075674844,10
"linear",13,2,2,6,"K2_c14","local",14,90,22,125,7.28909085187569,8.27999639758607,3.07209803900006,10
"linear",13,2,2,7,"K1_global","global",1,160,12,125,6.90969626706726,7.54538458881353,3.25783869270597,10
"linear",13,2,2,7,"K2_c10","local",10,64,31,125,7.80647069404613,9.09414130308971,2.9953886860202,10
"linear",13,2,2,7,"K2_c12","local",12,77,25,125,7.75184062690497,8.99192011738591,2.81399555317829,10
"linear",13,2,2,7,"K2_c14","local",14,90,22,125,7.47360196388251,8.46726773379921,3.09775489916205,10
"linear",13,2,2,8,"K1_global","global",1,160,12,125,7.09021437500905,7.76821020278831,3.72167573824867,10
"linear",13,2,2,8,"K2_c10","local",10,64,31,125,7.90475092733535,9.23123677719118,2.84120818364607,10
"linear",13,2,2,8,"K2_c12","local",12,77,25,125,7.45692004053931,8.74981509741105,3.21749522933928,10
"linear",13,2,2,8,"K2_c14","local",14,90,22,125,7.25283169670872,8.39025314226495,3.04139565361362,10
"linear",13,2,2,9,"K1_global","global",1,160,12,125,7.33821134373547,7.97772142949624,4.14508342018647,10
"linear",13,2,2,9,"K2_c10","local",10,64,31,125,7.70958178722705,9.01337489776722,2.55023311093238,10
"linear",13,2,2,9,"K2_c12","local",12,77,25,125,7.53651059199331,8.81481502672545,2.98611142420194,10
"linear",13,2,2,9,"K2_c14","local",14,90,22,125,7.09035835432221,8.24374337059235,2.93078562305126,10
"linear",13,2,2,10,"K1_global","global",1,160,12,125,7.02950677350883,7.73775344135974,3.20616949634859,10
"linear",13,2,2,10,"K2_c10","local",10,64,31,125,7.88142939412281,9.05590820356719,3.18932162717652,10
"linear",13,2,2,10,"K2_c12","local",12,77,25,125,7.85931681776438,9.06350892336864,2.99265793309897,10
"linear",13,2,2,10,"K2_c14","local",14,90,22,125,7.19673314314618,8.20444203907322,2.8307022533542,10
"linear",13,2,2,11,"K1_global","global",1,160,12,125,7.28770671303165,7.81500717864875,3.28838064478877,10
"linear",13,2,2,11,"K2_c10","local",10,64,31,125,7.71957628655756,8.96569762265475,2.64020040685368,10
"linear",13,2,2,11,"K2_c12","local",12,77,25,125,7.50163894530792,8.49296261096586,2.85202416237885,10
"linear",13,2,2,11,"K2_c14","local",14,90,22,125,7.45017017691428,8.32295626666451,3.32586939204303,10
"linear",13,2,2,12,"K1_global","global",1,160,12,125,7.01982238205451,7.62949719448821,4.04367661248165,10
"linear",13,2,2,12,"K2_c10","local",10,64,31,125,7.44784069524542,8.75191396488444,3.17372464342812,10
"linear",13,2,2,12,"K2_c12","local",12,77,25,125,7.76098424846375,8.86620798195862,3.03080401036232,10
"linear",13,2,2,12,"K2_c14","local",14,90,22,125,7.3180587682733,8.27744510749313,3.81935625396438,10
"linear",13,3,1,1,"K1_global","global",1,160,12,125,3.99649639814203,4.44006854387806,1.80901086661737,5
"linear",13,3,1,1,"K2_c10","local",10,64,31,125,4.61812098489646,5.52470410833139,1.42277197005386,5
"linear",13,3,1,1,"K2_c12","local",12,77,25,125,4.25133653635941,5.08288099186765,1.50822496418487,5
"linear",13,3,1,1,"K2_c14","local",14,90,22,125,4.19432890951847,4.88165143969235,1.61451101873908,5
"linear",13,3,1,2,"K1_global","global",1,160,12,125,3.88282048763687,4.39920690485395,1.76006300999731,5
"linear",13,3,1,2,"K2_c10","local",10,64,31,125,4.68690211570402,5.58175973398334,1.30027648280111,5
"linear",13,3,1,2,"K2_c12","local",12,77,25,125,4.49023273094258,5.36768729663154,1.36322994655006,5
"linear",13,3,1,2,"K2_c14","local",14,90,22,125,4.17440816102611,4.93563958260391,1.52457133794708,5
"linear",13,3,1,3,"K1_global","global",1,160,12,125,4.05507161723558,4.56357675039933,1.70533918806654,5
"linear",13,3,1,3,"K2_c10","local",10,64,31,125,4.82003024592316,5.72029425506738,1.59280457122235,5
"linear",13,3,1,3,"K2_c12","local",12,77,25,125,4.83982419809619,5.59217322463367,1.61652970329482,5
"linear",13,3,1,3,"K2_c14","local",14,90,22,125,4.56716536151975,5.21039048656359,1.67877606411062,5
"linear",13,3,1,4,"K1_global","global",1,160,12,125,3.96086724115652,4.4951992619475,1.74491784067862,5
"linear",13,3,1,4,"K2_c10","local",10,64,31,125,4.72880531072107,5.66229802603793,1.27317865937767,5
"linear",13,3,1,4,"K2_c12","local",12,77,25,125,4.57975330010409,5.43676658856032,1.56807653923121,5
"linear",13,3,1,4,"K2_c14","local",14,90,22,125,4.33772138601499,5.05714748516168,1.56015750049244,5
"linear",13,3,1,5,"K1_global","global",1,160,12,125,4.10557232414582,4.58140783702225,2.21365010907783,5
"linear",13,3,1,5,"K2_c10","local",10,64,31,125,4.74634799199864,5.69775206081381,1.76431675043359,5
"linear",13,3,1,5,"K2_c12","local",12,77,25,125,4.65254449481963,5.43996958467047,1.77737615013791,5
"linear",13,3,1,5,"K2_c14","local",14,90,22,125,4.4000226110493,5.10103788239287,1.95087505258816,5
"linear",13,3,1,6,"K1_global","global",1,160,12,125,3.91436706954763,4.44937381217771,1.55175501110958,5
"linear",13,3,1,6,"K2_c10","local",10,64,31,125,4.76321798320966,5.63333799588173,1.00903961036816,5
"linear",13,3,1,6,"K2_c12","local",12,77,25,125,4.4685604003648,5.27353757803118,0.980118854385187,5
"linear",13,3,1,6,"K2_c14","local",14,90,22,125,4.24730422075547,5.03185645542296,1.08166777572873,5
"linear",13,3,1,7,"K1_global","global",1,160,12,125,3.99051770472399,4.44426047430059,1.84330046847642,5
"linear",13,3,1,7,"K2_c10","local",10,64,31,125,4.37664829061202,5.23616046337931,1.40911998677443,5
"linear",13,3,1,7,"K2_c12","local",12,77,25,125,4.39721270029583,5.18584261095741,1.41379718850724,5
"linear",13,3,1,7,"K2_c14","local",14,90,22,125,4.21774198195383,4.88107913351709,1.50910334269923,5
"linear",13,3,1,8,"K1_global","global",1,160,12,125,4.01620102782014,4.49583159151607,2.29332244397612,5
"linear",13,3,1,8,"K2_c10","local",10,64,31,125,4.84626337841545,5.77666617976254,1.83975201916605,5
"linear",13,3,1,8,"K2_c12","local",12,77,25,125,4.44931594878034,5.24903096609695,1.69397357848896,5
"linear",13,3,1,8,"K2_c14","local",14,90,22,125,4.17962731885256,4.92367837315901,1.91353948312279,5
"linear",13,3,1,9,"K1_global","global",1,160,12,125,4.04726296394004,4.57174983609183,1.75379480010534,5
"linear",13,3,1,9,"K2_c10","local",10,64,31,125,4.8541456538904,5.74369119678361,1.63086528453304,5
"linear",13,3,1,9,"K2_c12","local",12,77,25,125,4.69557733127984,5.45682256144931,1.78081813673452,5
"linear",13,3,1,9,"K2_c14","local",14,90,22,125,4.12158158368759,4.75416970909007,1.56970674255519,5
"linear",13,3,1,10,"K1_global","global",1,160,12,125,3.95582482202145,4.4412562108854,1.25549215892893,5
"linear",13,3,1,10,"K2_c10","local",10,64,31,125,5.01477439964145,5.87383412149754,1.40864327909873,5
"linear",13,3,1,10,"K2_c12","local",12,77,25,125,4.60137499814493,5.39113318093685,1.27453946360785,5
"linear",13,3,1,10,"K2_c14","local",14,90,22,125,4.43813496721023,5.07643242801058,1.38582243487747,5
"linear",13,3,1,11,"K1_global","global",1,160,12,125,4.10505305828787,4.5356560434686,1.70850804899425,5
"linear",13,3,1,11,"K2_c10","local",10,64,31,125,4.97015934794028,5.81065664857796,1.41145714163929,5
"linear",13,3,1,11,"K2_c12","local",12,77,25,125,4.6446840297612,5.34237103370874,1.53543502069193,5
"linear",13,3,1,11,"K2_c14","local",14,90,22,125,4.32582985662757,4.97896139076678,1.41919758041606,5
"linear",13,3,1,12,"K1_global","global",1,160,12,125,4.14857448001403,4.52308718053363,2.28624172371749,5
"linear",13,3,1,12,"K2_c10","local",10,64,31,125,4.73414145560181,5.47865498077707,1.70322062991603,5
"linear",13,3,1,12,"K2_c12","local",12,77,25,125,4.37499330007907,4.9696573776416,2.08503157522349,5
"linear",13,3,1,12,"K2_c14","local",14,90,22,125,4.31930704427059,4.87244114504344,2.10707280439272,5
"linear",13,4,0.5,1,"K1_global","global",1,160,12,125,2.56738584228008,3.03730374417854,0.69908992367467,2.5
"linear",13,4,0.5,1,"K2_c10","local",10,64,31,125,3.5513208905389,4.32849291062555,0.618592572701958,2.5
"linear",13,4,0.5,1,"K2_c12","local",12,77,25,125,3.17762748373116,3.85018577850504,0.738983645652831,2.5
"linear",13,4,0.5,1,"K2_c14","local",14,90,22,125,2.90440388018935,3.54958423778635,0.600869783078921,2.5
"linear",13,4,0.5,2,"K1_global","global",1,160,12,125,2.63619427002887,3.10836906883121,0.78623683468952,2.5
"linear",13,4,0.5,2,"K2_c10","local",10,64,31,125,3.44099632336285,4.22999928117009,0.970383069374788,2.5
"linear",13,4,0.5,2,"K2_c12","local",12,77,25,125,3.46065053436695,4.09922972322862,0.94042095995125,2.5
"linear",13,4,0.5,2,"K2_c14","local",14,90,22,125,3.09879739443795,3.712379478612,0.823080964684471,2.5
"linear",13,4,0.5,3,"K1_global","global",1,160,12,125,2.57926637716158,2.98852325847726,1.12409200119326,2.5
"linear",13,4,0.5,3,"K2_c10","local",10,64,31,125,3.42154549173657,4.10997636025069,0.774859753050223,2.5
"linear",13,4,0.5,3,"K2_c12","local",12,77,25,125,3.12420846004288,3.76997446785214,0.800664330207448,2.5
"linear",13,4,0.5,3,"K2_c14","local",14,90,22,125,3.02698322324533,3.63868144480553,0.974277670377804,2.5
"linear",13,4,0.5,4,"K1_global","global",1,160,12,125,2.58696905375403,3.00164398638874,0.842715244370475,2.5
"linear",13,4,0.5,4,"K2_c10","local",10,64,31,125,3.25026830378416,3.9803330397286,0.612301909338603,2.5
"linear",13,4,0.5,4,"K2_c12","local",12,77,25,125,3.12576589655754,3.70836847785597,0.772218080128536,2.5
"linear",13,4,0.5,4,"K2_c14","local",14,90,22,125,2.9152758354982,3.45946247578094,0.667773196906758,2.5
"linear",13,4,0.5,5,"K1_global","global",1,160,12,125,2.54882828735116,2.98587654544278,0.655228921176397,2.5
"linear",13,4,0.5,5,"K2_c10","local",10,64,31,125,3.4627360004225,4.13597699374068,0.616358929404432,2.5
"linear",13,4,0.5,5,"K2_c12","local",12,77,25,125,3.17219897569783,3.81188843748209,0.610848137917145,2.5
"linear",13,4,0.5,5,"K2_c14","local",14,90,22,125,2.99664923630792,3.56636738478695,0.662861190869843,2.5
"linear",13,4,0.5,6,"K1_global","global",1,160,12,125,2.60568718173661,3.08854316280053,0.983091470488073,2.5
"linear",13,4,0.5,6,"K2_c10","local",10,64,31,125,3.52967481806674,4.26870818865721,0.750340253111107,2.5
"linear",13,4,0.5,6,"K2_c12","local",12,77,25,125,3.30781099255861,4.02821528915464,0.883503313144902,2.5
"linear",13,4,0.5,6,"K2_c14","local",14,90,22,125,3.00813074097966,3.64851821673586,0.843353002761472,2.5
"linear",13,4,0.5,7,"K1_global","global",1,160,12,125,2.57569822564995,3.01372453030446,0.807060531156974,2.5
"linear",13,4,0.5,7,"K2_c10","local",10,64,31,125,3.55321448737103,4.27741926696025,0.715274027480523,2.5
"linear",13,4,0.5,7,"K2_c12","local",12,77,25,125,3.17340595135558,3.82454704637142,0.765421215238379,2.5
"linear",13,4,0.5,7,"K2_c14","local",14,90,22,125,2.98511297802763,3.53269427796154,0.736813130669284,2.5
"linear",13,4,0.5,8,"K1_global","global",1,160,12,125,2.45283854120715,2.87820494720171,0.788362674935277,2.5
"linear",13,4,0.5,8,"K2_c10","local",10,64,31,125,3.25210157631896,3.96755670691148,0.835356399865768,2.5
"linear",13,4,0.5,8,"K2_c12","local",12,77,25,125,3.22157326155714,3.93671992377387,0.798691594800472,2.5
"linear",13,4,0.5,8,"K2_c14","local",14,90,22,125,2.94987836722603,3.52515547843418,0.759907996267712,2.5
"linear",13,4,0.5,9,"K1_global","global",1,160,12,125,2.66293025981312,3.11049292565563,0.962147951136867,2.5
"linear",13,4,0.5,9,"K2_c10","local",10,64,31,125,3.4914249134606,4.16522198380256,0.859673252811615,2.5
"linear",13,4,0.5,9,"K2_c12","local",12,77,25,125,3.12543851910627,3.78466627976877,0.890666090081647,2.5
"linear",13,4,0.5,9,"K2_c14","local",14,90,22,125,2.89955365588732,3.43479751293695,0.83947054842311,2.5
"linear",13,4,0.5,10,"K1_global","global",1,160,12,125,2.39863096132951,2.79760844758149,0.872429390711937,2.5
"linear",13,4,0.5,10,"K2_c10","local",10,64,31,125,3.71211629490885,4.41033465952726,0.615915055999266,2.5
"linear",13,4,0.5,10,"K2_c12","local",12,77,25,125,3.1489824322576,3.81956069333279,0.580925018768224,2.5
"linear",13,4,0.5,10,"K2_c14","local",14,90,22,125,3.0231326999485,3.64446537590949,0.771496912301672,2.5
"linear",13,4,0.5,11,"K1_global","global",1,160,12,125,2.5758084059483,3.08052688135735,0.78664184774422,2.5
"linear",13,4,0.5,11,"K2_c10","local",10,64,31,125,3.68088469504669,4.48173620469704,0.547013237747754,2.5
"linear",13,4,0.5,11,"K2_c12","local",12,77,25,125,3.37365385377637,4.07781400927481,0.604147390653565,2.5
"linear",13,4,0.5,11,"K2_c14","local",14,90,22,125,3.13211208699636,3.80846764792677,0.564018673212777,2.5
"linear",13,4,0.5,12,"K1_global","global",1,160,12,125,2.62441376375054,3.05290799435215,1.0485526942522,2.5
"linear",13,4,0.5,12,"K2_c10","local",10,64,31,125,3.34800364467325,4.14168547002744,0.766774867725,2.5
"linear",13,4,0.5,12,"K2_c12","local",12,77,25,125,3.47118341888173,4.18715585413844,0.837830602061383,2.5
"linear",13,4,0.5,12,"K2_c14","local",14,90,22,125,3.15194330711255,3.77185517162651,1.00102291419236,2.5
"linear",13,5,0.25,1,"K1_global","global",1,160,12,125,1.95619432616805,2.33707594647284,0.390782133293267,1.25
"linear",13,5,0.25,1,"K2_c10","local",10,64,31,125,2.85934896638282,3.51625180727498,0.425337231756031,1.25
"linear",13,5,0.25,1,"K2_c12","local",12,77,25,125,2.68068728489075,3.25739814223592,0.448189531345152,1.25
"linear",13,5,0.25,1,"K2_c14","local",14,90,22,125,2.43106727123051,2.96700332004246,0.472779799006039,1.25
"linear",13,5,0.25,2,"K1_global","global",1,160,12,125,1.98784020106461,2.38867325552391,0.530775931825634,1.25
"linear",13,5,0.25,2,"K2_c10","local",10,64,31,125,2.96024523257456,3.52003406854703,0.58279394860489,1.25
"linear",13,5,0.25,2,"K2_c12","local",12,77,25,125,2.7535882915939,3.29777401186252,0.586972908506471,1.25
"linear",13,5,0.25,2,"K2_c14","local",14,90,22,125,2.48979554791434,2.97889045813345,0.489901080630379,1.25
"linear",13,5,0.25,3,"K1_global","global",1,160,12,125,1.93334146090392,2.3394873106132,0.350347718363463,1.25
"linear",13,5,0.25,3,"K2_c10","local",10,64,31,125,2.8127297678801,3.38950555361366,0.532380410009847,1.25
"linear",13,5,0.25,3,"K2_c12","local",12,77,25,125,2.56716176296119,3.11996485537104,0.433431216650731,1.25
"linear",13,5,0.25,3,"K2_c14","local",14,90,22,125,2.52014311225563,3.08128658960891,0.43294702552602,1.25
"linear",13,5,0.25,4,"K1_global","global",1,160,12,125,2.00557937066081,2.39875824430956,0.415681720668357,1.25
"linear",13,5,0.25,4,"K2_c10","local",10,64,31,125,2.95671308770118,3.6478597533438,0.462809406917594,1.25
"linear",13,5,0.25,4,"K2_c12","local",12,77,25,125,2.68773668260031,3.25946370131319,0.485093474691852,1.25
"linear",13,5,0.25,4,"K2_c14","local",14,90,22,125,2.45742273412218,2.91316956452154,0.402613439918385,1.25
"linear",13,5,0.25,5,"K1_global","global",1,160,12,125,2.03380095637218,2.42356199988531,0.412486514385466,1.25
"linear",13,5,0.25,5,"K2_c10","local",10,64,31,125,2.76711494465281,3.40512138396706,0.474330103822935,1.25
"linear",13,5,0.25,5,"K2_c12","local",12,77,25,125,2.56907378970346,3.19488056501749,0.36792794769373,1.25
"linear",13,5,0.25,5,"K2_c14","local",14,90,22,125,2.43009524738786,2.92714798359749,0.393642770240113,1.25
"linear",13,5,0.25,6,"K1_global","global",1,160,12,125,2.12407330945775,2.54070281930981,0.63078609221554,1.25
"linear",13,5,0.25,6,"K2_c10","local",10,64,31,125,3.01600894789253,3.66395422898645,0.539928161705161,1.25
"linear",13,5,0.25,6,"K2_c12","local",12,77,25,125,2.58482399952193,3.11827094020806,0.598360133229326,1.25
"linear",13,5,0.25,6,"K2_c14","local",14,90,22,125,2.52941161038241,3.09536126079316,0.825734590496509,1.25
"linear",13,5,0.25,7,"K1_global","global",1,160,12,125,2.01894718601012,2.42531079759541,0.466339315760187,1.25
"linear",13,5,0.25,7,"K2_c10","local",10,64,31,125,2.89559376551577,3.5582470570644,0.573307137316902,1.25
"linear",13,5,0.25,7,"K2_c12","local",12,77,25,125,2.64341898215139,3.27940773898625,0.429260280675706,1.25
"linear",13,5,0.25,7,"K2_c14","local",14,90,22,125,2.42368904341137,2.92964034294276,0.44153052840323,1.25
"linear",13,5,0.25,8,"K1_global","global",1,160,12,125,1.98653186954008,2.38588074158757,0.418750270672436,1.25
"linear",13,5,0.25,8,"K2_c10","local",10,64,31,125,2.88781690221661,3.51147315331485,0.424786508747735,1.25
"linear",13,5,0.25,8,"K2_c12","local",12,77,25,125,2.53123085354121,3.08800129737947,0.376104070353581,1.25
"linear",13,5,0.25,8,"K2_c14","local",14,90,22,125,2.42321394574333,2.9150920368041,0.397010323122795,1.25
"linear",13,5,0.25,9,"K1_global","global",1,160,12,125,2.03557784884804,2.47812490717998,0.355810265009923,1.25
"linear",13,5,0.25,9,"K2_c10","local",10,64,31,125,2.98145734550065,3.64771249187263,0.462949046635271,1.25
"linear",13,5,0.25,9,"K2_c12","local",12,77,25,125,2.73210310408408,3.36850929858052,0.411673547803664,1.25
"linear",13,5,0.25,9,"K2_c14","local",14,90,22,125,2.5624470692393,3.1012234399304,0.407119461551464,1.25
"linear",13,5,0.25,10,"K1_global","global",1,160,12,125,2.11921785878216,2.55432204066655,0.375375085205294,1.25
"linear",13,5,0.25,10,"K2_c10","local",10,64,31,125,2.86721527142619,3.48767631418288,0.474964906884922,1.25
"linear",13,5,0.25,10,"K2_c12","local",12,77,25,125,2.62882633064237,3.245825172332,0.442652226088454,1.25
"linear",13,5,0.25,10,"K2_c14","local",14,90,22,125,2.44778856029083,2.97621978721335,0.390599240608486,1.25
"linear",13,5,0.25,11,"K1_global","global",1,160,12,125,2.06846282437707,2.45969613052323,0.453020315356489,1.25
"linear",13,5,0.25,11,"K2_c10","local",10,64,31,125,2.92239354479832,3.54180386624828,0.537033515898563,1.25
"linear",13,5,0.25,11,"K2_c12","local",12,77,25,125,2.73208663539064,3.31035063321875,0.451163203109523,1.25
"linear",13,5,0.25,11,"K2_c14","local",14,90,22,125,2.61979671130475,3.14643973713781,0.426282150283823,1.25
"linear",13,5,0.25,12,"K1_global","global",1,160,12,125,2.02702221333852,2.4095269617242,0.577634519708993,1.25
"linear",13,5,0.25,12,"K2_c10","local",10,64,31,125,2.77619672752584,3.37210239201815,0.445609048639157,1.25
"linear",13,5,0.25,12,"K2_c12","local",12,77,25,125,2.51846039648816,3.0504099961138,0.440201475212927,1.25
"linear",13,5,0.25,12,"K2_c14","local",14,90,22,125,2.48187641168042,2.99705823547517,0.496983409986914,1.25
"linear",13,6,0.1,1,"K1_global","global",1,160,12,125,1.79800325231307,2.16695366240707,0.329330484869672,0.5
"linear",13,6,0.1,1,"K2_c10","local",10,64,31,125,2.6246580767386,3.2442240970372,0.401600560270078,0.5
"linear",13,6,0.1,1,"K2_c12","local",12,77,25,125,2.35606873813101,2.8707653201932,0.338824150346472,0.5
"linear",13,6,0.1,1,"K2_c14","local",14,90,22,125,2.35102240319621,2.82104621554283,0.348140015519306,0.5
"linear",13,6,0.1,2,"K1_global","global",1,160,12,125,1.85112477843584,2.22631201053649,0.276824907036916,0.5
"linear",13,6,0.1,2,"K2_c10","local",10,64,31,125,2.64469308704735,3.25974370789421,0.430077432234892,0.5
"linear",13,6,0.1,2,"K2_c12","local",12,77,25,125,2.43713090642756,2.98414997376218,0.324035902879872,0.5
"linear",13,6,0.1,2,"K2_c14","local",14,90,22,125,2.28966657832264,2.79147573215713,0.483211690135113,0.5
"linear",13,6,0.1,3,"K1_global","global",1,160,12,125,1.81932134883535,2.23898669811931,0.268982835461549,0.5
"linear",13,6,0.1,3,"K2_c10","local",10,64,31,125,2.72861522755435,3.36673903950481,0.473658699436709,0.5
"linear",13,6,0.1,3,"K2_c12","local",12,77,25,125,2.47139068982202,3.03891477637439,0.419455837625265,0.5
"linear",13,6,0.1,3,"K2_c14","local",14,90,22,125,2.31705328088095,2.85362902616569,0.400523491791934,0.5
"linear",13,6,0.1,4,"K1_global","global",1,160,12,125,1.83548615875245,2.239923061157,0.283255702645435,0.5
"linear",13,6,0.1,4,"K2_c10","local",10,64,31,125,2.72234826155774,3.29950366913679,0.452078002968096,0.5
"linear",13,6,0.1,4,"K2_c12","local",12,77,25,125,2.35847917839939,2.87466591393628,0.360457019983447,0.5
"linear",13,6,0.1,4,"K2_c14","local",14,90,22,125,2.27891418663936,2.77799744731827,0.38989329709376,0.5
"linear",13,6,0.1,5,"K1_global","global",1,160,12,125,1.80151929109326,2.19953156036443,0.253768226526719,0.5
"linear",13,6,0.1,5,"K2_c10","local",10,64,31,125,2.58414958591127,3.20085910103504,0.405892665789633,0.5
"linear",13,6,0.1,5,"K2_c12","local",12,77,25,125,2.29324962546633,2.83641899268536,0.369508138770942,0.5
"linear",13,6,0.1,5,"K2_c14","local",14,90,22,125,2.32905159062908,2.8323993434238,0.452977451008433,0.5
"linear",13,6,0.1,6,"K1_global","global",1,160,12,125,1.84586081454759,2.22691673380239,0.335608694577433,0.5
"linear",13,6,0.1,6,"K2_c10","local",10,64,31,125,2.67378103356193,3.25752791870905,0.435600383258812,0.5
"linear",13,6,0.1,6,"K2_c12","local",12,77,25,125,2.34784489185789,2.8887140325747,0.374961383609036,0.5
"linear",13,6,0.1,6,"K2_c14","local",14,90,22,125,2.29674641030993,2.77519099904766,0.397605438771069,0.5
"linear",13,6,0.1,7,"K1_global","global",1,160,12,125,1.78659808293448,2.18780048831,0.286642222669019,0.5
"linear",13,6,0.1,7,"K2_c10","local",10,64,31,125,2.62952182979336,3.27229086644433,0.413581854058792,0.5
"linear",13,6,0.1,7,"K2_c12","local",12,77,25,125,2.30345947187355,2.84341095546068,0.31784107822453,0.5
"linear",13,6,0.1,7,"K2_c14","local",14,90,22,125,2.28111194372983,2.77332277454925,0.435857154906945,0.5
"linear",13,6,0.1,8,"K1_global","global",1,160,12,125,1.77697893270942,2.1726977250553,0.300866751010561,0.5
"linear",13,6,0.1,8,"K2_c10","local",10,64,31,125,2.6907213571005,3.29221179030392,0.421273353518744,0.5
"linear",13,6,0.1,8,"K2_c12","local",12,77,25,125,2.41873273453535,2.93678988834859,0.358168637941461,0.5
"linear",13,6,0.1,8,"K2_c14","local",14,90,22,125,2.31073308413562,2.78730179018452,0.517938132003432,0.5
"linear",13,6,0.1,9,"K1_global","global",1,160,12,125,1.81350853902853,2.20764859530571,0.3201186733905,0.5
"linear",13,6,0.1,9,"K2_c10","local",10,64,31,125,2.6065812687309,3.20944760486391,0.426592954000495,0.5
"linear",13,6,0.1,9,"K2_c12","local",12,77,25,125,2.38171909304911,2.88113363712163,0.348220271986617,0.5
"linear",13,6,0.1,9,"K2_c14","local",14,90,22,125,2.29899089772409,2.79451235689529,0.48409269721125,0.5
"linear",13,6,0.1,10,"K1_global","global",1,160,12,125,1.79795863229257,2.18477224048829,0.307844735638893,0.5
"linear",13,6,0.1,10,"K2_c10","local",10,64,31,125,2.56013412416086,3.16203373517756,0.420260079714736,0.5
"linear",13,6,0.1,10,"K2_c12","local",12,77,25,125,2.32504528139239,2.83304751425284,0.402700374411179,0.5
"linear",13,6,0.1,10,"K2_c14","local",14,90,22,125,2.22508024792084,2.72490438124117,0.410268430868871,0.5
"linear",13,6,0.1,11,"K1_global","global",1,160,12,125,1.8599375050362,2.22114313819601,0.308126963957016,0.5
"linear",13,6,0.1,11,"K2_c10","local",10,64,31,125,2.63771717652233,3.17820908686293,0.450823905697514,0.5
"linear",13,6,0.1,11,"K2_c12","local",12,77,25,125,2.36720509329721,2.90198987545281,0.385922467364708,0.5
"linear",13,6,0.1,11,"K2_c14","local",14,90,22,125,2.2863376683816,2.75541831684187,0.452446173117293,0.5
"linear",13,6,0.1,12,"K1_global","global",1,160,12,125,1.87169181895892,2.23751083487302,0.309293982980725,0.5
"linear",13,6,0.1,12,"K2_c10","local",10,64,31,125,2.6347231058964,3.26273524739407,0.392550935666469,0.5
"linear",13,6,0.1,12,"K2_c12","local",12,77,25,125,2.38180453793761,2.93389656334421,0.388336122469492,0.5
"linear",13,6,0.1,12,"K2_c14","local",14,90,22,125,2.33426796693492,2.82892258712787,0.415147031453251,0.5
"linear",14,1,4,1,"K1_global","global",1,160,12,125,13.1609954885201,13.8645861603591,8.88428757542783,20
"linear",14,1,4,1,"K2_c10","local",10,64,31,125,13.7252870837817,15.1158810969523,7.76655364585752,20
"linear",14,1,4,1,"K2_c12","local",12,77,25,125,14.1071694313146,15.5509271270887,8.38796013103232,20
"linear",14,1,4,1,"K2_c14","local",14,90,22,125,13.9860379010725,15.1833306420779,9.17666340113785,20
"linear",14,1,4,2,"K1_global","global",1,160,12,125,14.7846355824817,15.3915639690286,7.19953786244811,20
"linear",14,1,4,2,"K2_c10","local",10,64,31,125,14.3519081177168,15.6392394578129,5.67731345675009,20
"linear",14,1,4,2,"K2_c12","local",12,77,25,125,14.8233145207758,16.102534042459,6.10887256729915,20
"linear",14,1,4,2,"K2_c14","local",14,90,22,125,14.406820302287,15.6677108607837,6.30158211543361,20
"linear",14,1,4,3,"K1_global","global",1,160,12,125,14.0298773156917,14.6211300208485,10.0450359920968,20
"linear",14,1,4,3,"K2_c10","local",10,64,31,125,14.3652011492967,15.6565302330729,9.28211591523532,20
"linear",14,1,4,3,"K2_c12","local",12,77,25,125,14.045931855559,15.3955039053007,8.64223095264938,20
"linear",14,1,4,3,"K2_c14","local",14,90,22,125,14.1308551430982,15.2747678633434,9.2999132733788,20
"linear",14,1,4,4,"K1_global","global",1,160,12,125,13.8094888103541,14.5632720582316,8.53392674233883,20
"linear",14,1,4,4,"K2_c10","local",10,64,31,125,13.4920806335526,15.2007251269469,6.18344174867572,20
"linear",14,1,4,4,"K2_c12","local",12,77,25,125,13.820299592853,15.4262662921517,6.80334328663296,20
"linear",14,1,4,4,"K2_c14","local",14,90,22,125,13.989905695331,15.278267398888,7.17233657821054,20
"linear",14,1,4,5,"K1_global","global",1,160,12,125,13.8620367625424,14.6477154595199,6.58504997718835,20
"linear",14,1,4,5,"K2_c10","local",10,64,31,125,14.1749570988985,15.7006598625161,5.0964306345681,20
"linear",14,1,4,5,"K2_c12","local",12,77,25,125,13.9059852542411,15.4235463568351,5.72573392425657,20
"linear",14,1,4,5,"K2_c14","local",14,90,22,125,14.0411775183163,15.3867872321728,6.32352541586649,20
"linear",14,1,4,6,"K1_global","global",1,160,12,125,14.5881531060862,15.2855385575984,8.23621560683034,20
"linear",14,1,4,6,"K2_c10","local",10,64,31,125,14.3228290713839,15.679302493298,7.43205276973057,20
"linear",14,1,4,6,"K2_c12","local",12,77,25,125,14.4824357693064,15.8603876991569,7.56216231485648,20
"linear",14,1,4,6,"K2_c14","local",14,90,22,125,14.2593401430871,15.5085595023071,7.70624996972223,20
"linear",14,1,4,7,"K1_global","global",1,160,12,125,14.1039381882599,14.8079575676112,8.40469995500748,20
"linear",14,1,4,7,"K2_c10","local",10,64,31,125,14.0790479181674,15.437559924377,7.42951326293951,20
"linear",14,1,4,7,"K2_c12","local",12,77,25,125,14.0941044274713,15.4923624515054,7.45740454969077,20
"linear",14,1,4,7,"K2_c14","local",14,90,22,125,13.6659121482397,14.8186975285263,7.59326426807578,20
"linear",14,1,4,8,"K1_global","global",1,160,12,125,14.1657320658204,14.8116007667587,8.25535564496885,20
"linear",14,1,4,8,"K2_c10","local",10,64,31,125,13.8243899690426,15.2591162873044,6.75450244772928,20
"linear",14,1,4,8,"K2_c12","local",12,77,25,125,14.358604274215,15.7649707999288,7.12415976880047,20
"linear",14,1,4,8,"K2_c14","local",14,90,22,125,14.1059943702395,15.2936188162054,7.6793272360891,20
"linear",14,1,4,9,"K1_global","global",1,160,12,125,14.1084711114073,14.8248435742974,9.3105051353097,20
"linear",14,1,4,9,"K2_c10","local",10,64,31,125,14.5952612172994,15.7297075392909,8.30835404217438,20
"linear",14,1,4,9,"K2_c12","local",12,77,25,125,14.7049657405119,16.0700078878355,8.55403277891784,20
"linear",14,1,4,9,"K2_c14","local",14,90,22,125,14.3919700862107,15.5890427359247,8.51712889834345,20
"linear",14,1,4,10,"K1_global","global",1,160,12,125,13.8554505419596,14.5446299006468,7.39551846076954,20
"linear",14,1,4,10,"K2_c10","local",10,64,31,125,13.844100825195,15.3008365005072,6.58644182887951,20
"linear",14,1,4,10,"K2_c12","local",12,77,25,125,14.0641860867164,15.4906515956106,7.05185381112706,20
"linear",14,1,4,10,"K2_c14","local",14,90,22,125,13.6936737394698,14.8555634161937,6.74510667977898,20
"linear",14,1,4,11,"K1_global","global",1,160,12,125,14.216594319886,14.865107599707,6.73602608093308,20
"linear",14,1,4,11,"K2_c10","local",10,64,31,125,14.6686389010103,15.9624386592971,6.26961087148808,20
"linear",14,1,4,11,"K2_c12","local",12,77,25,125,14.2834734499658,15.4342343760659,5.87375518006883,20
"linear",14,1,4,11,"K2_c14","local",14,90,22,125,13.8430868394325,14.9393434457818,6.29161931286137,20
"linear",14,1,4,12,"K1_global","global",1,160,12,125,14.5140270895544,15.1871052677104,8.02020057121568,20
"linear",14,1,4,12,"K2_c10","local",10,64,31,125,13.8664232848214,15.2486676896078,6.60564270438718,20
"linear",14,1,4,12,"K2_c12","local",12,77,25,125,14.4258716639809,15.6809144450415,7.54052031680411,20
"linear",14,1,4,12,"K2_c14","local",14,90,22,125,13.7558434170596,14.9926030226954,7.19983209897494,20
"linear",14,2,2,1,"K1_global","global",1,160,12,125,7.23814084014019,7.76995265218424,3.51824393726405,10
"linear",14,2,2,1,"K2_c10","local",10,64,31,125,7.49241807347309,8.45911592379969,2.82290500281585,10
"linear",14,2,2,1,"K2_c12","local",12,77,25,125,7.44454809325065,8.29938190373145,3.10560060697888,10
"linear",14,2,2,1,"K2_c14","local",14,90,22,125,7.31539911930075,8.07018410406552,3.2260705434231,10
"linear",14,2,2,2,"K1_global","global",1,160,12,125,7.29426546929832,7.79687296418684,4.10674385849423,10
"linear",14,2,2,2,"K2_c10","local",10,64,31,125,7.76576739219826,8.77643728750485,3.53137337655433,10
"linear",14,2,2,2,"K2_c12","local",12,77,25,125,7.4124319399558,8.36643131383975,3.47433456368431,10
"linear",14,2,2,2,"K2_c14","local",14,90,22,125,7.29781444899276,8.07341801799611,3.48581585808581,10
"linear",14,2,2,3,"K1_global","global",1,160,12,125,7.28033676903137,7.77885533879108,3.53031843065737,10
"linear",14,2,2,3,"K2_c10","local",10,64,31,125,7.72297997199628,8.73752221637306,3.11181126829249,10
"linear",14,2,2,3,"K2_c12","local",12,77,25,125,7.8585223382255,8.76206231166116,3.46068989846152,10
"linear",14,2,2,3,"K2_c14","local",14,90,22,125,7.78723270550017,8.55095694211671,3.24567616322389,10
"linear",14,2,2,4,"K1_global","global",1,160,12,125,7.28495090003225,7.82276337833026,3.82871651546552,10
"linear",14,2,2,4,"K2_c10","local",10,64,31,125,7.8354024194495,8.7808234984084,3.93741092718205,10
"linear",14,2,2,4,"K2_c12","local",12,77,25,125,7.61831810591577,8.65263983970346,3.50910820620977,10
"linear",14,2,2,4,"K2_c14","local",14,90,22,125,7.48481700744458,8.34874190931917,3.45839125666445,10
"linear",14,2,2,5,"K1_global","global",1,160,12,125,7.26329243875605,7.72004673080227,3.85032450858509,10
"linear",14,2,2,5,"K2_c10","local",10,64,31,125,7.45843028472311,8.30731147534542,2.89003343976726,10
"linear",14,2,2,5,"K2_c12","local",12,77,25,125,7.2274542920891,8.06001352877961,3.15066048905264,10
"linear",14,2,2,5,"K2_c14","local",14,90,22,125,7.2621089248469,8.07004304922001,3.08463237062453,10
"linear",14,2,2,6,"K1_global","global",1,160,12,125,7.11533767019417,7.58332221132297,3.24203121465924,10
"linear",14,2,2,6,"K2_c10","local",10,64,31,125,7.01987097742054,7.93694998030838,2.82989412038807,10
"linear",14,2,2,6,"K2_c12","local",12,77,25,125,7.1640243073386,8.03643852350945,2.91423858400815,10
"linear",14,2,2,6,"K2_c14","local",14,90,22,125,6.9943277443947,7.72135889341956,3.10423815806251,10
"linear",14,2,2,7,"K1_global","global",1,160,12,125,6.98139268836733,7.44688953337625,3.41246884500418,10
"linear",14,2,2,7,"K2_c10","local",10,64,31,125,7.29390475619836,7.99799720746822,3.12859160522928,10
"linear",14,2,2,7,"K2_c12","local",12,77,25,125,7.34034096807233,8.07795561998073,3.18511910416874,10
"linear",14,2,2,7,"K2_c14","local",14,90,22,125,7.35947490706186,8.05369559772263,3.32085718255961,10
"linear",14,2,2,8,"K1_global","global",1,160,12,125,7.06296308128518,7.48304079248585,3.85667377367612,10
"linear",14,2,2,8,"K2_c10","local",10,64,31,125,7.33137410038757,8.22665041694212,3.35520128814446,10
"linear",14,2,2,8,"K2_c12","local",12,77,25,125,7.24605290078573,8.06120366439851,3.42434544552756,10
"linear",14,2,2,8,"K2_c14","local",14,90,22,125,7.07459903072175,7.81335064421965,3.1973381337681,10
"linear",14,2,2,9,"K1_global","global",1,160,12,125,6.80453706898233,7.35503275554844,3.82276440525542,10
"linear",14,2,2,9,"K2_c10","local",10,64,31,125,7.21521682517117,8.05777238844703,3.56515592632338,10
"linear",14,2,2,9,"K2_c12","local",12,77,25,125,7.03349394890835,7.87763937937825,3.37328171183971,10
"linear",14,2,2,9,"K2_c14","local",14,90,22,125,6.93713333654749,7.66506409756206,3.49415945855125,10
"linear",14,2,2,10,"K1_global","global",1,160,12,125,7.37327290047349,7.85368347326275,3.05081145071858,10
"linear",14,2,2,10,"K2_c10","local",10,64,31,125,7.60042987275449,8.4866746497314,3.08112802772165,10
"linear",14,2,2,10,"K2_c12","local",12,77,25,125,7.6452430037036,8.59750069394718,3.11886233322594,10
"linear",14,2,2,10,"K2_c14","local",14,90,22,125,7.44746317172811,8.35501210659895,3.20160459455496,10
"linear",14,2,2,11,"K1_global","global",1,160,12,125,7.41236036259946,7.87127337626767,4.01372470825378,10
"linear",14,2,2,11,"K2_c10","local",10,64,31,125,7.56814473213939,8.38425628007588,3.30728650834669,10
"linear",14,2,2,11,"K2_c12","local",12,77,25,125,7.66819219565405,8.42895460060677,3.60308448577388,10
"linear",14,2,2,11,"K2_c14","local",14,90,22,125,7.55231653457823,8.17508916712378,3.54342222229689,10
"linear",14,2,2,12,"K1_global","global",1,160,12,125,7.24142495632267,7.75943019595943,4.36577311705361,10
"linear",14,2,2,12,"K2_c10","local",10,64,31,125,7.36274609334086,8.25688632512314,3.35827840131585,10
"linear",14,2,2,12,"K2_c12","local",12,77,25,125,7.32215482240542,8.16454210499311,3.54643780424945,10
"linear",14,2,2,12,"K2_c14","local",14,90,22,125,7.19543759997615,8.03206167309305,3.65143988157128,10
"linear",14,3,1,1,"K1_global","global",1,160,12,125,3.84798289464686,4.19285631579111,1.84427450824354,5
"linear",14,3,1,1,"K2_c10","local",10,64,31,125,4.11501841047581,4.74087634904471,1.51973647924302,5
"linear",14,3,1,1,"K2_c12","local",12,77,25,125,4.2054137788527,4.83361660626637,1.46111458056579,5
"linear",14,3,1,1,"K2_c14","local",14,90,22,125,4.07715811893107,4.57168904603251,1.51787991696966,5
"linear",14,3,1,2,"K1_global","global",1,160,12,125,3.92757863373977,4.31361885321762,1.89310996471538,5
"linear",14,3,1,2,"K2_c10","local",10,64,31,125,4.29882172349038,4.90894992318862,1.66638286155351,5
"linear",14,3,1,2,"K2_c12","local",12,77,25,125,4.20092672217889,4.81295343084282,1.57619967027364,5
"linear",14,3,1,2,"K2_c14","local",14,90,22,125,4.04495868159105,4.61426093751396,1.55768869525875,5
"linear",14,3,1,3,"K1_global","global",1,160,12,125,3.83562639418467,4.19146565041533,1.98001289192396,5
"linear",14,3,1,3,"K2_c10","local",10,64,31,125,3.98865541301547,4.60836867423725,1.46452075619517,5
"linear",14,3,1,3,"K2_c12","local",12,77,25,125,4.14159165513795,4.69905307408766,1.59991268181579,5
"linear",14,3,1,3,"K2_c14","local",14,90,22,125,3.97634024562603,4.52166933143712,1.74252620392401,5
"linear",14,3,1,4,"K1_global","global",1,160,12,125,3.85025244046037,4.2220847729846,2.00191491837343,5
"linear",14,3,1,4,"K2_c10","local",10,64,31,125,4.23188126990453,4.96360479740206,1.78720498482486,5
"linear",14,3,1,4,"K2_c12","local",12,77,25,125,4.01669986241764,4.65012376489508,1.70474138536448,5
"linear",14,3,1,4,"K2_c14","local",14,90,22,125,3.89151585304139,4.4992686383988,1.76855528651021,5
"linear",14,3,1,5,"K1_global","global",1,160,12,125,3.98920919880035,4.36433303564772,1.9693887918851,5
"linear",14,3,1,5,"K2_c10","local",10,64,31,125,4.29279141258102,4.89560265055971,1.66562033091847,5
"linear",14,3,1,5,"K2_c12","local",12,77,25,125,4.49782318052861,5.09604617550122,1.76725189793804,5
"linear",14,3,1,5,"K2_c14","local",14,90,22,125,4.31582559967124,4.91022705558703,1.93776670118191,5
"linear",14,3,1,6,"K1_global","global",1,160,12,125,3.91794067547965,4.263203055406,1.77576084216537,5
"linear",14,3,1,6,"K2_c10","local",10,64,31,125,4.27027518009309,4.94063912884385,1.13508823657153,5
"linear",14,3,1,6,"K2_c12","local",12,77,25,125,4.06444886301681,4.69732897770517,1.32254837211708,5
"linear",14,3,1,6,"K2_c14","local",14,90,22,125,4.10928893947014,4.68814744414205,1.356070670536,5
"linear",14,3,1,7,"K1_global","global",1,160,12,125,3.78900257695666,4.2163963301953,2.11951054389425,5
"linear",14,3,1,7,"K2_c10","local",10,64,31,125,4.18470679390855,4.87627055907946,1.80314185033402,5
"linear",14,3,1,7,"K2_c12","local",12,77,25,125,4.07276035112081,4.73986003210227,1.80070761562574,5
"linear",14,3,1,7,"K2_c14","local",14,90,22,125,3.93516298104154,4.4646285535348,1.79153281953783,5
"linear",14,3,1,8,"K1_global","global",1,160,12,125,3.905361126392,4.24406031724073,2.78408361280991,5
"linear",14,3,1,8,"K2_c10","local",10,64,31,125,4.34413599583041,4.922804898496,2.63894178705062,5
"linear",14,3,1,8,"K2_c12","local",12,77,25,125,4.40981959136992,4.96842181686708,2.72607270711253,5
"linear",14,3,1,8,"K2_c14","local",14,90,22,125,4.10352239498425,4.61038737429544,2.65593360923918,5
"linear",14,3,1,9,"K1_global","global",1,160,12,125,4.12890677519494,4.4768624978094,1.85325752646991,5
"linear",14,3,1,9,"K2_c10","local",10,64,31,125,4.38223162709857,5.10923060240096,1.57282749369956,5
"linear",14,3,1,9,"K2_c12","local",12,77,25,125,4.30076180889222,4.90476054916614,1.5539067159524,5
"linear",14,3,1,9,"K2_c14","local",14,90,22,125,4.21954767490444,4.80195529247217,1.54560387988548,5
"linear",14,3,1,10,"K1_global","global",1,160,12,125,3.97806700939034,4.34254192737547,1.59327832493583,5
"linear",14,3,1,10,"K2_c10","local",10,64,31,125,4.31564863315886,4.96099382979295,1.65285061443848,5
"linear",14,3,1,10,"K2_c12","local",12,77,25,125,4.1722747318684,4.72082201409983,1.48416234232705,5
"linear",14,3,1,10,"K2_c14","local",14,90,22,125,4.05198247725599,4.59639370904668,1.45591946747733,5
"linear",14,3,1,11,"K1_global","global",1,160,12,125,3.98849893854203,4.38720782911654,1.71006380783241,5
"linear",14,3,1,11,"K2_c10","local",10,64,31,125,4.27993317412489,4.97307661111749,1.30682760233793,5
"linear",14,3,1,11,"K2_c12","local",12,77,25,125,4.19186232190535,4.81431418605851,1.36096082024463,5
"linear",14,3,1,11,"K2_c14","local",14,90,22,125,4.1816762266053,4.70597490123528,1.41340210842446,5
"linear",14,3,1,12,"K1_global","global",1,160,12,125,3.81276156516858,4.23491761406419,1.98530824093725,5
"linear",14,3,1,12,"K2_c10","local",10,64,31,125,4.19707564674486,4.92045537274555,1.60577972837304,5
"linear",14,3,1,12,"K2_c12","local",12,77,25,125,4.06391950227569,4.72355739189519,1.54607449420491,5
"linear",14,3,1,12,"K2_c14","local",14,90,22,125,3.9238127711705,4.61155357983636,1.66862076841387,5
"linear",14,4,0.5,1,"K1_global","global",1,160,12,125,2.31176146591884,2.67723861161333,0.827521644847132,2.5
"linear",14,4,0.5,1,"K2_c10","local",10,64,31,125,2.79826939315345,3.41038530628923,0.645882247053175,2.5
"linear",14,4,0.5,1,"K2_c12","local",12,77,25,125,2.64392941901393,3.15274594805813,0.752593912908102,2.5
"linear",14,4,0.5,1,"K2_c14","local",14,90,22,125,2.54856126167703,3.05032298668374,0.653439071125116,2.5
"linear",14,4,0.5,2,"K1_global","global",1,160,12,125,2.33419358036978,2.72465676885605,0.996352831864933,2.5
"linear",14,4,0.5,2,"K2_c10","local",10,64,31,125,2.9599884714497,3.56990645092671,0.703662516756672,2.5
"linear",14,4,0.5,2,"K2_c12","local",12,77,25,125,2.83366950956937,3.38202135229936,0.798950429297557,2.5
"linear",14,4,0.5,2,"K2_c14","local",14,90,22,125,2.7200515444165,3.19136491984841,0.892966628124122,2.5
"linear",14,4,0.5,3,"K1_global","global",1,160,12,125,2.43030829203221,2.84540490601655,1.13313706410467,2.5
"linear",14,4,0.5,3,"K2_c10","local",10,64,31,125,2.87632159705006,3.55131066639989,0.973052513667799,2.5
"linear",14,4,0.5,3,"K2_c12","local",12,77,25,125,2.7910257516678,3.31589940795539,1.14661235768582,2.5
"linear",14,4,0.5,3,"K2_c14","local",14,90,22,125,2.71074237444928,3.21599225264551,1.02983889692779,2.5
"linear",14,4,0.5,4,"K1_global","global",1,160,12,125,2.33890077931873,2.69169997834149,0.747166622305336,2.5
"linear",14,4,0.5,4,"K2_c10","local",10,64,31,125,2.8686886962762,3.38474679326421,0.656600833081379,2.5
"linear",14,4,0.5,4,"K2_c12","local",12,77,25,125,2.67981703071645,3.21348272191829,0.668886746254941,2.5
"linear",14,4,0.5,4,"K2_c14","local",14,90,22,125,2.71142767671705,3.22040512959028,0.707672364013746,2.5
"linear",14,4,0.5,5,"K1_global","global",1,160,12,125,2.4286530735733,2.7775211978978,0.866414156603555,2.5
"linear",14,4,0.5,5,"K2_c10","local",10,64,31,125,2.78316004235006,3.31853186969481,0.708518037928395,2.5
"linear",14,4,0.5,5,"K2_c12","local",12,77,25,125,2.70245035062993,3.2810925543324,0.683472367045152,2.5
"linear",14,4,0.5,5,"K2_c14","local",14,90,22,125,2.70386251742934,3.20392994291976,0.792130244270904,2.5
"linear",14,4,0.5,6,"K1_global","global",1,160,12,125,2.34662844634915,2.76443294486766,1.12317724243262,2.5
"linear",14,4,0.5,6,"K2_c10","local",10,64,31,125,2.9195078540222,3.55491512069637,0.830725915488874,2.5
"linear",14,4,0.5,6,"K2_c12","local",12,77,25,125,2.74392609864494,3.30499841827614,1.0256809797295,2.5
"linear",14,4,0.5,6,"K2_c14","local",14,90,22,125,2.65910926554318,3.18710241630838,0.8572648349092,2.5
"linear",14,4,0.5,7,"K1_global","global",1,160,12,125,2.4230737699961,2.76652350651047,0.850229884275909,2.5
"linear",14,4,0.5,7,"K2_c10","local",10,64,31,125,2.98662732214454,3.54158873550965,0.84071678402957,2.5
"linear",14,4,0.5,7,"K2_c12","local",12,77,25,125,2.83765207916435,3.39657654703203,0.810512682094075,2.5
"linear",14,4,0.5,7,"K2_c14","local",14,90,22,125,2.66722652907508,3.1568306481872,0.849539889465198,2.5
"linear",14,4,0.5,8,"K1_global","global",1,160,12,125,2.37361335169425,2.74897162376273,0.961741548664927,2.5
"linear",14,4,0.5,8,"K2_c10","local",10,64,31,125,2.8792649542158,3.41576455974802,0.843126193459819,2.5
"linear",14,4,0.5,8,"K2_c12","local",12,77,25,125,2.74831475302941,3.26811053266141,0.806393028544159,2.5
"linear",14,4,0.5,8,"K2_c14","local",14,90,22,125,2.69630612630399,3.18553385632178,0.936379578713947,2.5
"linear",14,4,0.5,9,"K1_global","global",1,160,12,125,2.34675123800525,2.72154033846414,0.990671511260666,2.5
"linear",14,4,0.5,9,"K2_c10","local",10,64,31,125,2.86203575104529,3.37948282334746,1.04819936059881,2.5
"linear",14,4,0.5,9,"K2_c12","local",12,77,25,125,2.70289685451091,3.2150708726647,1.02386290903004,2.5
"linear",14,4,0.5,9,"K2_c14","local",14,90,22,125,2.64960426105012,3.16768690775971,0.985220696774652,2.5
"linear",14,4,0.5,10,"K1_global","global",1,160,12,125,2.42425075532762,2.76175178257432,1.03386587346087,2.5
"linear",14,4,0.5,10,"K2_c10","local",10,64,31,125,2.77237608492323,3.30985721140196,0.808523373304975,2.5
"linear",14,4,0.5,10,"K2_c12","local",12,77,25,125,2.66085743200874,3.18335909584757,0.793461034773911,2.5
"linear",14,4,0.5,10,"K2_c14","local",14,90,22,125,2.66724278641652,3.16887307739255,0.889397946033373,2.5
"linear",14,4,0.5,11,"K1_global","global",1,160,12,125,2.37160792996947,2.72352150575384,0.976828146991099,2.5
"linear",14,4,0.5,11,"K2_c10","local",10,64,31,125,2.72834660628924,3.25768625142979,0.728875584114101,2.5
"linear",14,4,0.5,11,"K2_c12","local",12,77,25,125,2.71865493370762,3.19631440009755,1.00144787400102,2.5
"linear",14,4,0.5,11,"K2_c14","local",14,90,22,125,2.56118138914036,3.04034502193123,0.867276847667052,2.5
"linear",14,4,0.5,12,"K1_global","global",1,160,12,125,2.38265233158799,2.78588393915135,0.977619705033085,2.5
"linear",14,4,0.5,12,"K2_c10","local",10,64,31,125,2.84732114773571,3.40140502255653,0.98121993961284,2.5
"linear",14,4,0.5,12,"K2_c12","local",12,77,25,125,2.74093597012178,3.20824057271193,0.897071272332399,2.5
"linear",14,4,0.5,12,"K2_c14","local",14,90,22,125,2.63146457871399,3.13246106787661,0.940855745297067,2.5
"linear",14,5,0.25,1,"K1_global","global",1,160,12,125,1.8595220308933,2.19893652797834,0.389654631868541,1.25
"linear",14,5,0.25,1,"K2_c10","local",10,64,31,125,2.34156930948939,2.84652503406247,0.380169286473037,1.25
"linear",14,5,0.25,1,"K2_c12","local",12,77,25,125,2.10110572264191,2.5917576601411,0.370118739948176,1.25
"linear",14,5,0.25,1,"K2_c14","local",14,90,22,125,2.08261155510613,2.56024372795056,0.325701494047569,1.25
"linear",14,5,0.25,2,"K1_global","global",1,160,12,125,1.79978480651542,2.14592958469002,0.541898017335762,1.25
"linear",14,5,0.25,2,"K2_c10","local",10,64,31,125,2.28352254499357,2.79109235766166,0.385470161729722,1.25
"linear",14,5,0.25,2,"K2_c12","local",12,77,25,125,2.16077381202106,2.63657842089826,0.445110610311552,1.25
"linear",14,5,0.25,2,"K2_c14","local",14,90,22,125,2.03954547451516,2.5059742837337,0.517496297898783,1.25
"linear",14,5,0.25,3,"K1_global","global",1,160,12,125,1.84615099579439,2.19060701990187,0.537142699324803,1.25
"linear",14,5,0.25,3,"K2_c10","local",10,64,31,125,2.26194732664468,2.7292528820869,0.64104183035202,1.25
"linear",14,5,0.25,3,"K2_c12","local",12,77,25,125,2.02993587944717,2.46757590115458,0.458879976324194,1.25
"linear",14,5,0.25,3,"K2_c14","local",14,90,22,125,2.03402505648788,2.46238277138239,0.452153316693427,1.25
"linear",14,5,0.25,4,"K1_global","global",1,160,12,125,1.78658890868848,2.15492196630979,0.455905843763637,1.25
"linear",14,5,0.25,4,"K2_c10","local",10,64,31,125,2.33024947688979,2.81975828442041,0.524488866334285,1.25
"linear",14,5,0.25,4,"K2_c12","local",12,77,25,125,2.1194555968291,2.59770822672227,0.404458694386492,1.25
"linear",14,5,0.25,4,"K2_c14","local",14,90,22,125,2.00828439597029,2.48427524003478,0.384452568854183,1.25
"linear",14,5,0.25,5,"K1_global","global",1,160,12,125,1.8067860915072,2.24496041202205,0.51298851481881,1.25
"linear",14,5,0.25,5,"K2_c10","local",10,64,31,125,2.35250246262282,2.8882374013073,0.378230060082099,1.25
"linear",14,5,0.25,5,"K2_c12","local",12,77,25,125,2.20846927084439,2.64665155471642,0.393908303565941,1.25
"linear",14,5,0.25,5,"K2_c14","local",14,90,22,125,2.13588145682998,2.62228363936406,0.38606810485354,1.25
"linear",14,5,0.25,6,"K1_global","global",1,160,12,125,1.9121517279162,2.30983589556206,0.535403332692282,1.25
"linear",14,5,0.25,6,"K2_c10","local",10,64,31,125,2.37869384342701,2.88129355485982,0.503275849293233,1.25
"linear",14,5,0.25,6,"K2_c12","local",12,77,25,125,2.19070654251765,2.72729444396547,0.417543019634458,1.25
"linear",14,5,0.25,6,"K2_c14","local",14,90,22,125,2.16355081147871,2.68722413223683,0.56624188715956,1.25
"linear",14,5,0.25,7,"K1_global","global",1,160,12,125,1.73065900047847,2.10951596373674,0.34090242587899,1.25
"linear",14,5,0.25,7,"K2_c10","local",10,64,31,125,2.35688259344845,2.93940262593136,0.373096792976844,1.25
"linear",14,5,0.25,7,"K2_c12","local",12,77,25,125,2.11028274956586,2.60431645097541,0.311663413825948,1.25
"linear",14,5,0.25,7,"K2_c14","local",14,90,22,125,2.05517936762941,2.50632162886738,0.326096699071885,1.25
"linear",14,5,0.25,8,"K1_global","global",1,160,12,125,1.76625402590197,2.15726814095266,0.320587453752946,1.25
"linear",14,5,0.25,8,"K2_c10","local",10,64,31,125,2.23067624670342,2.79898112192925,0.345822088107725,1.25
"linear",14,5,0.25,8,"K2_c12","local",12,77,25,125,2.111539033113,2.62415206800142,0.316650953272469,1.25
"linear",14,5,0.25,8,"K2_c14","local",14,90,22,125,2.05047555649807,2.5569835739969,0.337281838299382,1.25
"linear",14,5,0.25,9,"K1_global","global",1,160,12,125,1.7511427787167,2.14787982577794,0.400242347363819,1.25
"linear",14,5,0.25,9,"K2_c10","local",10,64,31,125,2.26835921128693,2.81988679662071,0.37101269215263,1.25
"linear",14,5,0.25,9,"K2_c12","local",12,77,25,125,2.12087407071872,2.65506620981917,0.364796341657683,1.25
"linear",14,5,0.25,9,"K2_c14","local",14,90,22,125,2.09126484317268,2.57173440420111,0.340875885939392,1.25
"linear",14,5,0.25,10,"K1_global","global",1,160,12,125,1.76806230505795,2.14759409605057,0.484026609672825,1.25
"linear",14,5,0.25,10,"K2_c10","local",10,64,31,125,2.21974676442901,2.72919892036645,0.419082309731602,1.25
"linear",14,5,0.25,10,"K2_c12","local",12,77,25,125,2.09695202741106,2.58763911282469,0.457485246170007,1.25
"linear",14,5,0.25,10,"K2_c14","local",14,90,22,125,2.09756212486802,2.55053318596636,0.472814254263639,1.25
"linear",14,5,0.25,11,"K1_global","global",1,160,12,125,1.79725142350893,2.16315877650547,0.390354336896725,1.25
"linear",14,5,0.25,11,"K2_c10","local",10,64,31,125,2.28820949721473,2.79727901116218,0.399980185438643,1.25
"linear",14,5,0.25,11,"K2_c12","local",12,77,25,125,2.05410578126973,2.52368216467469,0.30802843387707,1.25
"linear",14,5,0.25,11,"K2_c14","local",14,90,22,125,2.08109896826361,2.60090906944763,0.353652042412387,1.25
"linear",14,5,0.25,12,"K1_global","global",1,160,12,125,1.76206989708322,2.16815140844719,0.364620638278591,1.25
"linear",14,5,0.25,12,"K2_c10","local",10,64,31,125,2.21325659842249,2.75335514818773,0.335620264228716,1.25
"linear",14,5,0.25,12,"K2_c12","local",12,77,25,125,2.11744118325346,2.58253944784249,0.32162269436268,1.25
"linear",14,5,0.25,12,"K2_c14","local",14,90,22,125,2.0685468176292,2.52459973664126,0.293929373623647,1.25
"linear",14,6,0.1,1,"K1_global","global",1,160,12,125,1.55079808753722,1.94073074501603,0.236484158177038,0.5
"linear",14,6,0.1,1,"K2_c10","local",10,64,31,125,2.07895203834624,2.57848611385435,0.3545564708483,0.5
"linear",14,6,0.1,1,"K2_c12","local",12,77,25,125,1.90159456068854,2.35183454410022,0.28286706366686,0.5
"linear",14,6,0.1,1,"K2_c14","local",14,90,22,125,1.90437826394082,2.37422223889852,0.33821257625148,0.5
"linear",14,6,0.1,2,"K1_global","global",1,160,12,125,1.56244197271043,1.93350410164934,0.266785155493293,0.5
"linear",14,6,0.1,2,"K2_c10","local",10,64,31,125,2.18504354899927,2.64704365301066,0.339018813273911,0.5
"linear",14,6,0.1,2,"K2_c12","local",12,77,25,125,1.9538957333751,2.41453315685178,0.286730706885199,0.5
"linear",14,6,0.1,2,"K2_c14","local",14,90,22,125,1.9145395267179,2.35680399996658,0.263973235369727,0.5
"linear",14,6,0.1,3,"K1_global","global",1,160,12,125,1.61902682435323,1.99977070744759,0.233536640536551,0.5
"linear",14,6,0.1,3,"K2_c10","local",10,64,31,125,2.13125944703123,2.64381901728066,0.358406086278476,0.5
"linear",14,6,0.1,3,"K2_c12","local",12,77,25,125,1.87466748431923,2.37364428320401,0.280746031533505,0.5
"linear",14,6,0.1,3,"K2_c14","local",14,90,22,125,1.92455917025951,2.38605341531326,0.316302531046247,0.5
"linear",14,6,0.1,4,"K1_global","global",1,160,12,125,1.60433617083215,1.97891322821877,0.253729815055509,0.5
"linear",14,6,0.1,4,"K2_c10","local",10,64,31,125,2.1333833990233,2.6252465266782,0.338607391985517,0.5
"linear",14,6,0.1,4,"K2_c12","local",12,77,25,125,1.87137278701877,2.34700514143492,0.260971973785164,0.5
"linear",14,6,0.1,4,"K2_c14","local",14,90,22,125,1.87439468819791,2.34320905451018,0.284340336096503,0.5
"linear",14,6,0.1,5,"K1_global","global",1,160,12,125,1.55586513282893,1.94429350777367,0.246499371013045,0.5
"linear",14,6,0.1,5,"K2_c10","local",10,64,31,125,2.04712963765546,2.54074034191373,0.359737892272288,0.5
"linear",14,6,0.1,5,"K2_c12","local",12,77,25,125,1.83921260008545,2.29482756205931,0.267964800057967,0.5
"linear",14,6,0.1,5,"K2_c14","local",14,90,22,125,1.8445655714728,2.32287449778792,0.315441890619862,0.5
"linear",14,6,0.1,6,"K1_global","global",1,160,12,125,1.6024902610598,1.9715630997533,0.245199645440646,0.5
"linear",14,6,0.1,6,"K2_c10","local",10,64,31,125,2.12219404219945,2.59057769403111,0.406601632147067,0.5
"linear",14,6,0.1,6,"K2_c12","local",12,77,25,125,1.89543935893425,2.37184480247432,0.253078388734116,0.5
"linear",14,6,0.1,6,"K2_c14","local",14,90,22,125,1.91146146172787,2.37638256545248,0.277984612282843,0.5
"linear",14,6,0.1,7,"K1_global","global",1,160,12,125,1.61079395512154,1.98201699110459,0.234222269367572,0.5
"linear",14,6,0.1,7,"K2_c10","local",10,64,31,125,2.00392501163508,2.47223883853598,0.328931370453714,0.5
"linear",14,6,0.1,7,"K2_c12","local",12,77,25,125,1.85049749564991,2.32936367923641,0.257323201218928,0.5
"linear",14,6,0.1,7,"K2_c14","local",14,90,22,125,1.84897598874604,2.30263941121051,0.298648944799968,0.5
"linear",14,6,0.1,8,"K1_global","global",1,160,12,125,1.58868407290222,1.98553794256599,0.247784906432725,0.5
"linear",14,6,0.1,8,"K2_c10","local",10,64,31,125,2.07847337002148,2.5745911563519,0.313908479765976,0.5
"linear",14,6,0.1,8,"K2_c12","local",12,77,25,125,1.82410071772252,2.26443907474725,0.293482148025257,0.5
"linear",14,6,0.1,8,"K2_c14","local",14,90,22,125,1.90903377584708,2.37911016885537,0.315759658312025,0.5
"linear",14,6,0.1,9,"K1_global","global",1,160,12,125,1.55297087831696,1.92314410928354,0.226911978706734,0.5
"linear",14,6,0.1,9,"K2_c10","local",10,64,31,125,2.12592647725452,2.62283508462547,0.401376370543364,0.5
"linear",14,6,0.1,9,"K2_c12","local",12,77,25,125,1.87852788883237,2.35113896837327,0.268254134244749,0.5
"linear",14,6,0.1,9,"K2_c14","local",14,90,22,125,1.91510846381652,2.35776025634631,0.322943053727187,0.5
"linear",14,6,0.1,10,"K1_global","global",1,160,12,125,1.58941110871421,1.98752694077402,0.248748777708716,0.5
"linear",14,6,0.1,10,"K2_c10","local",10,64,31,125,2.10261492117951,2.59884235742337,0.348219757042148,0.5
"linear",14,6,0.1,10,"K2_c12","local",12,77,25,125,1.98513716738635,2.45182601909365,0.26855940386823,0.5
"linear",14,6,0.1,10,"K2_c14","local",14,90,22,125,1.9898155721481,2.46530940375286,0.310306498122944,0.5
"linear",14,6,0.1,11,"K1_global","global",1,160,12,125,1.58479221408187,1.95959152754559,0.260298746293827,0.5
"linear",14,6,0.1,11,"K2_c10","local",10,64,31,125,2.16416655704569,2.64340033053789,0.341220167378888,0.5
"linear",14,6,0.1,11,"K2_c12","local",12,77,25,125,1.9040566863805,2.36110128726266,0.286205604964976,0.5
"linear",14,6,0.1,11,"K2_c14","local",14,90,22,125,1.90865066630171,2.36124647433448,0.279313531711602,0.5
"linear",14,6,0.1,12,"K1_global","global",1,160,12,125,1.63485907456195,2.00056065922362,0.236975406106042,0.5
"linear",14,6,0.1,12,"K2_c10","local",10,64,31,125,2.06520751142345,2.55946868126439,0.340564865083902,0.5
"linear",14,6,0.1,12,"K2_c12","local",12,77,25,125,1.87515602545577,2.3459222721129,0.24926357040586,0.5
"linear",14,6,0.1,12,"K2_c14","local",14,90,22,125,1.93701122161326,2.37276335572809,0.304494196978716,0.5
"linear",15,1,4,1,"K1_global","global",1,160,12,125,13.5265001361029,14.4578222237382,8.90333730775504,20
"linear",15,1,4,1,"K2_c10","local",10,64,31,125,14.200456255561,16.1428470547345,6.1525292161461,20
"linear",15,1,4,1,"K2_c12","local",12,77,25,125,13.4061153562888,15.003830465935,6.94252054695315,20
"linear",15,1,4,1,"K2_c14","local",14,90,22,125,13.826338279499,15.2962977195727,7.28926298025392,20
"linear",15,1,4,2,"K1_global","global",1,160,12,125,14.1642608329137,15.0199430856848,6.76936899594748,20
"linear",15,1,4,2,"K2_c10","local",10,64,31,125,14.6977906147296,16.2307356345412,5.78844884664865,20
"linear",15,1,4,2,"K2_c12","local",12,77,25,125,14.7109723532374,16.1235426360699,5.59070339375318,20
"linear",15,1,4,2,"K2_c14","local",14,90,22,125,14.4480907629808,15.7455291646825,5.98693257618838,20
"linear",15,1,4,3,"K1_global","global",1,160,12,125,13.1858955387375,14.0957646972205,8.84923950991602,20
"linear",15,1,4,3,"K2_c10","local",10,64,31,125,13.6765438629964,15.631508272202,7.36530828236548,20
"linear",15,1,4,3,"K2_c12","local",12,77,25,125,12.9411685423936,14.4985462518217,7.25325905999404,20
"linear",15,1,4,3,"K2_c14","local",14,90,22,125,13.3393901755605,14.7856441112798,8.80874156888491,20
"linear",15,1,4,4,"K1_global","global",1,160,12,125,13.6347196347611,14.5560563345616,8.64839255638663,20
"linear",15,1,4,4,"K2_c10","local",10,64,31,125,13.7173101197973,15.8537998229789,6.54715238372853,20
"linear",15,1,4,4,"K2_c12","local",12,77,25,125,13.1114525579401,14.979118316403,6.94250501345871,20
"linear",15,1,4,4,"K2_c14","local",14,90,22,125,13.7987269698343,15.4024385117728,7.70605855256451,20
"linear",15,1,4,5,"K1_global","global",1,160,12,125,13.4682572396452,14.4683142903153,6.19055013540462,20
"linear",15,1,4,5,"K2_c10","local",10,64,31,125,14.3336387168856,16.1201191547278,5.27307795708743,20
"linear",15,1,4,5,"K2_c12","local",12,77,25,125,13.6239071351382,15.1608197556982,5.31633117050852,20
"linear",15,1,4,5,"K2_c14","local",14,90,22,125,13.3737510828845,14.9600107852809,4.9951583259587,20
"linear",15,1,4,6,"K1_global","global",1,160,12,125,13.1875180469115,14.1050673042712,6.15635138008101,20
"linear",15,1,4,6,"K2_c10","local",10,64,31,125,13.3848075308827,15.786493895256,4.20018279492311,20
"linear",15,1,4,6,"K2_c12","local",12,77,25,125,12.9218441730317,14.5950487764673,5.44317113526817,20
"linear",15,1,4,6,"K2_c14","local",14,90,22,125,13.0438395413091,14.3286345965398,5.36376341051526,20
"linear",15,1,4,7,"K1_global","global",1,160,12,125,13.3264694617674,14.2720779020182,7.84812980525554,20
"linear",15,1,4,7,"K2_c10","local",10,64,31,125,13.6564784740683,15.6894355407122,5.77532073526785,20
"linear",15,1,4,7,"K2_c12","local",12,77,25,125,13.1750885630623,14.9476192454654,6.20372776098335,20
"linear",15,1,4,7,"K2_c14","local",14,90,22,125,13.6382976658844,15.1496524354808,7.18021867982828,20
"linear",15,1,4,8,"K1_global","global",1,160,12,125,13.244924103131,14.3489855534471,6.90875265850597,20
"linear",15,1,4,8,"K2_c10","local",10,64,31,125,13.9391925053431,15.7342782131402,6.04192024728455,20
"linear",15,1,4,8,"K2_c12","local",12,77,25,125,13.5573440111753,15.1835885250618,5.94177284922441,20
"linear",15,1,4,8,"K2_c14","local",14,90,22,125,13.3128249906126,14.7167962019671,6.49837770979393,20
"linear",15,1,4,9,"K1_global","global",1,160,12,125,13.9394876495772,14.9296012292852,8.8380039033765,20
"linear",15,1,4,9,"K2_c10","local",10,64,31,125,13.7320115557215,15.5962328330557,6.11622638448645,20
"linear",15,1,4,9,"K2_c12","local",12,77,25,125,13.9415506019685,15.5249356095654,7.95715356170555,20
"linear",15,1,4,9,"K2_c14","local",14,90,22,125,14.0169115999389,15.3210157350288,8.3589574629103,20
"linear",15,1,4,10,"K1_global","global",1,160,12,125,13.995651079029,15.0800555308636,6.46569144178935,20
"linear",15,1,4,10,"K2_c10","local",10,64,31,125,13.6744025851709,15.3653793054798,6.10553347838984,20
"linear",15,1,4,10,"K2_c12","local",12,77,25,125,13.9560892167379,15.6247252701406,6.14356969849207,20
"linear",15,1,4,10,"K2_c14","local",14,90,22,125,14.0847034292314,15.5843619372136,6.29755413903288,20
"linear",15,1,4,11,"K1_global","global",1,160,12,125,13.9145025835748,14.9481005157264,5.66337583275067,20
"linear",15,1,4,11,"K2_c10","local",10,64,31,125,14.1370144198945,16.0350377374908,4.76807067682539,20
"linear",15,1,4,11,"K2_c12","local",12,77,25,125,13.8472752783853,15.4546131663673,4.66783860743037,20
"linear",15,1,4,11,"K2_c14","local",14,90,22,125,13.9657051013917,15.698083013299,5.06545841644442,20
"linear",15,1,4,12,"K1_global","global",1,160,12,125,13.3892410275757,14.2422915379215,7.59596843695753,20
"linear",15,1,4,12,"K2_c10","local",10,64,31,125,13.6138880264314,15.5571920302795,6.58773543212007,20
"linear",15,1,4,12,"K2_c12","local",12,77,25,125,13.3075131079246,14.8923555912095,6.58506803451993,20
"linear",15,1,4,12,"K2_c14","local",14,90,22,125,12.9369713959714,14.4976587677727,6.79460920187268,20
"linear",15,2,2,1,"K1_global","global",1,160,12,125,6.93964347954925,7.61962379089781,3.13080694717431,10
"linear",15,2,2,1,"K2_c10","local",10,64,31,125,7.67635357284438,8.76897423876008,3.04725896836135,10
"linear",15,2,2,1,"K2_c12","local",12,77,25,125,7.43012966974838,8.37344961641574,3.06596865278621,10
"linear",15,2,2,1,"K2_c14","local",14,90,22,125,7.21252890101332,8.06229620888367,3.08440469151382,10
"linear",15,2,2,2,"K1_global","global",1,160,12,125,7.09423742658049,7.61586747346974,3.74441003682502,10
"linear",15,2,2,2,"K2_c10","local",10,64,31,125,7.76513602139876,8.76008451586588,3.12041081228915,10
"linear",15,2,2,2,"K2_c12","local",12,77,25,125,7.31718586712455,8.2516105788875,3.13609016983027,10
"linear",15,2,2,2,"K2_c14","local",14,90,22,125,7.33972139031284,8.10673859961402,3.3751672716616,10
"linear",15,2,2,3,"K1_global","global",1,160,12,125,7.03005940439493,7.64992504794738,3.41671239162594,10
"linear",15,2,2,3,"K2_c10","local",10,64,31,125,7.99726895411698,9.20518347893633,3.20757690442463,10
"linear",15,2,2,3,"K2_c12","local",12,77,25,125,7.6473001775076,8.6035253812736,3.22520949544156,10
"linear",15,2,2,3,"K2_c14","local",14,90,22,125,7.44466968055396,8.41786684769575,3.19702356242468,10
"linear",15,2,2,4,"K1_global","global",1,160,12,125,6.9653410766047,7.58104337147713,3.5833794244452,10
"linear",15,2,2,4,"K2_c10","local",10,64,31,125,7.49478021093213,8.63862421500447,2.67218515779105,10
"linear",15,2,2,4,"K2_c12","local",12,77,25,125,7.38950264910614,8.4123527607034,3.312864029808,10
"linear",15,2,2,4,"K2_c14","local",14,90,22,125,7.16175211133308,7.89165757632997,3.57915166860793,10
"linear",15,2,2,5,"K1_global","global",1,160,12,125,7.23085540117829,7.87382226453521,3.58599144526162,10
"linear",15,2,2,5,"K2_c10","local",10,64,31,125,7.33213962292186,8.45352556581693,2.48096793230867,10
"linear",15,2,2,5,"K2_c12","local",12,77,25,125,7.14921614973165,8.19118528862665,2.92781405486157,10
"linear",15,2,2,5,"K2_c14","local",14,90,22,125,7.4063647447527,8.4755244106712,2.75684459987401,10
"linear",15,2,2,6,"K1_global","global",1,160,12,125,7.30671035509628,7.92421320024584,2.9867113109987,10
"linear",15,2,2,6,"K2_c10","local",10,64,31,125,7.67056712880862,8.83991136360399,2.39313241023181,10
"linear",15,2,2,6,"K2_c12","local",12,77,25,125,7.48812922248775,8.52433840818827,2.40002724015365,10
"linear",15,2,2,6,"K2_c14","local",14,90,22,125,7.36751764633144,8.40121243732704,2.65789972679892,10
"linear",15,2,2,7,"K1_global","global",1,160,12,125,6.94371465163358,7.5202667246153,3.3706138703237,10
"linear",15,2,2,7,"K2_c10","local",10,64,31,125,7.3444057811412,8.58633182830459,2.62070475495993,10
"linear",15,2,2,7,"K2_c12","local",12,77,25,125,7.05543642384254,8.01496351256977,2.98132824092248,10
"linear",15,2,2,7,"K2_c14","local",14,90,22,125,6.99369517525706,7.88658492687919,3.09122058289102,10
"linear",15,2,2,8,"K1_global","global",1,160,12,125,6.57136512436272,7.19280543843021,3.60834192679168,10
"linear",15,2,2,8,"K2_c10","local",10,64,31,125,7.29155308702327,8.49247784657086,2.99676529653097,10
"linear",15,2,2,8,"K2_c12","local",12,77,25,125,7.22734956286141,8.2538667138116,3.33970689547449,10
"linear",15,2,2,8,"K2_c14","local",14,90,22,125,6.85083169179685,7.82245513643635,3.42665578064208,10
"linear",15,2,2,9,"K1_global","global",1,160,12,125,7.21889407477642,7.71328177973467,4.40130970955101,10
"linear",15,2,2,9,"K2_c10","local",10,64,31,125,7.60392125120889,8.54963433631704,4.0233996296306,10
"linear",15,2,2,9,"K2_c12","local",12,77,25,125,7.35000747191579,8.20250038402081,4.08076001679868,10
"linear",15,2,2,9,"K2_c14","local",14,90,22,125,7.28786524861455,7.98157279720433,4.29791470691847,10
"linear",15,2,2,10,"K1_global","global",1,160,12,125,7.10735254506498,7.73044208801209,3.07657219634325,10
"linear",15,2,2,10,"K2_c10","local",10,64,31,125,7.88833161447181,9.11264371767378,2.38412590262428,10
"linear",15,2,2,10,"K2_c12","local",12,77,25,125,6.97011977171251,7.94755481121267,2.62702853334491,10
"linear",15,2,2,10,"K2_c14","local",14,90,22,125,7.34604259002746,8.29241836995333,2.95569434882638,10
"linear",15,2,2,11,"K1_global","global",1,160,12,125,7.02718399194785,7.63882901858381,3.22807495144812,10
"linear",15,2,2,11,"K2_c10","local",10,64,31,125,7.39767584002943,8.42228600861898,2.57947677430995,10
"linear",15,2,2,11,"K2_c12","local",12,77,25,125,7.45348232031582,8.44082874365694,3.08306828084946,10
"linear",15,2,2,11,"K2_c14","local",14,90,22,125,7.21982528112362,8.08048261044547,3.05166898720216,10
"linear",15,2,2,12,"K1_global","global",1,160,12,125,6.82528011256489,7.53131640255673,3.74615135652919,10
"linear",15,2,2,12,"K2_c10","local",10,64,31,125,7.0285477586195,8.09108687947304,3.11730029800222,10
"linear",15,2,2,12,"K2_c12","local",12,77,25,125,7.48936807066276,8.45924495963551,3.61132871415098,10
"linear",15,2,2,12,"K2_c14","local",14,90,22,125,6.96267316477005,7.85355977721645,3.54351808445054,10
"linear",15,3,1,1,"K1_global","global",1,160,12,125,3.67071159482288,4.10759973987094,1.61147302210073,5
"linear",15,3,1,1,"K2_c10","local",10,64,31,125,4.10365920905497,4.86323621963928,1.25971770755663,5
"linear",15,3,1,1,"K2_c12","local",12,77,25,125,3.99742389401883,4.74808708345213,1.29849781311084,5
"linear",15,3,1,1,"K2_c14","local",14,90,22,125,3.88714095696535,4.54258810676856,1.4206615678221,5
"linear",15,3,1,2,"K1_global","global",1,160,12,125,3.96562322551389,4.33404821864562,1.79056223760572,5
"linear",15,3,1,2,"K2_c10","local",10,64,31,125,4.18457993412098,4.88257028197697,1.38909126902672,5
"linear",15,3,1,2,"K2_c12","local",12,77,25,125,4.18888163622495,4.81036464361462,1.49009926088416,5
"linear",15,3,1,2,"K2_c14","local",14,90,22,125,4.04372948005338,4.63025876856568,1.51296594971847,5
"linear",15,3,1,3,"K1_global","global",1,160,12,125,3.86425050123529,4.30018689198888,1.91598752950833,5
"linear",15,3,1,3,"K2_c10","local",10,64,31,125,4.12597353385394,4.81661800375301,1.29982571036999,5
"linear",15,3,1,3,"K2_c12","local",12,77,25,125,4.11271226549472,4.78123209140111,1.53676404280411,5
"linear",15,3,1,3,"K2_c14","local",14,90,22,125,4.05977472802628,4.69249117543682,1.64769718994501,5
"linear",15,3,1,4,"K1_global","global",1,160,12,125,3.95440176524193,4.34743887760238,1.65400431933042,5
"linear",15,3,1,4,"K2_c10","local",10,64,31,125,4.26245266247462,4.94244063369012,1.19214432558475,5
"linear",15,3,1,4,"K2_c12","local",12,77,25,125,4.08478697629715,4.80937305279644,1.07388243336595,5
"linear",15,3,1,4,"K2_c14","local",14,90,22,125,3.99139228250466,4.57819769779492,1.32645569501897,5
"linear",15,3,1,5,"K1_global","global",1,160,12,125,3.99303772228701,4.4926618398959,1.79429747823592,5
"linear",15,3,1,5,"K2_c10","local",10,64,31,125,4.41536743357708,5.14221034019598,1.38158242828358,5
"linear",15,3,1,5,"K2_c12","local",12,77,25,125,4.15398844806164,4.83365483931693,1.3678105466002,5
"linear",15,3,1,5,"K2_c14","local",14,90,22,125,4.1921433458478,4.84278468407231,1.37850615785182,5
"linear",15,3,1,6,"K1_global","global",1,160,12,125,3.74409213195372,4.17558042033193,1.35127175995204,5
"linear",15,3,1,6,"K2_c10","local",10,64,31,125,4.41635634999393,5.13346579163298,1.14242593135424,5
"linear",15,3,1,6,"K2_c12","local",12,77,25,125,3.97254661166578,4.67796894302014,1.14683835547423,5
"linear",15,3,1,6,"K2_c14","local",14,90,22,125,3.90909817640076,4.53775162947969,1.14872374130958,5
"linear",15,3,1,7,"K1_global","global",1,160,12,125,3.88140541116394,4.39090812475675,1.8035985185185,5
"linear",15,3,1,7,"K2_c10","local",10,64,31,125,4.3060738215022,5.05894656573717,1.42132539307556,5
"linear",15,3,1,7,"K2_c12","local",12,77,25,125,4.03155306767075,4.71209230220871,1.33411889489894,5
"linear",15,3,1,7,"K2_c14","local",14,90,22,125,3.91553332116094,4.58401298309796,1.47242856796324,5
"linear",15,3,1,8,"K1_global","global",1,160,12,125,3.89423086756926,4.44557730521862,2.31588779273862,5
"linear",15,3,1,8,"K2_c10","local",10,64,31,125,4.21584952355883,4.96392681981693,1.91413037208714,5
"linear",15,3,1,8,"K2_c12","local",12,77,25,125,4.2645161613974,5.04997823015059,1.92365407101043,5
"linear",15,3,1,8,"K2_c14","local",14,90,22,125,4.24325768358313,4.89987380117743,2.32009257090423,5
"linear",15,3,1,9,"K1_global","global",1,160,12,125,3.77067044338917,4.28125924082135,1.37026910926871,5
"linear",15,3,1,9,"K2_c10","local",10,64,31,125,4.25625159338181,4.99432172575984,1.04422049888542,5
"linear",15,3,1,9,"K2_c12","local",12,77,25,125,4.12726432043718,4.78260689739674,1.20952451705973,5
"linear",15,3,1,9,"K2_c14","local",14,90,22,125,3.95299817297341,4.62151725150872,1.1856317492442,5
"linear",15,3,1,10,"K1_global","global",1,160,12,125,3.88776998214696,4.36225935728911,1.43392933629746,5
"linear",15,3,1,10,"K2_c10","local",10,64,31,125,4.33835913089462,5.10269338914059,1.33837519139577,5
"linear",15,3,1,10,"K2_c12","local",12,77,25,125,4.35517025201108,5.05898021231925,1.43728392289006,5
"linear",15,3,1,10,"K2_c14","local",14,90,22,125,4.02617161769697,4.68247540422684,1.26059121086167,5
"linear",15,3,1,11,"K1_global","global",1,160,12,125,3.82953618712984,4.32949552068459,1.45255163445558,5
"linear",15,3,1,11,"K2_c10","local",10,64,31,125,4.2276237804544,4.94715221696484,1.08190464810056,5
"linear",15,3,1,11,"K2_c12","local",12,77,25,125,3.94112145462513,4.63227066595325,1.04905644892814,5
"linear",15,3,1,11,"K2_c14","local",14,90,22,125,3.97079276883727,4.63704952720027,1.17184583476566,5
"linear",15,3,1,12,"K1_global","global",1,160,12,125,3.81087754095286,4.26301753971622,2.17097982206805,5
"linear",15,3,1,12,"K2_c10","local",10,64,31,125,4.26083712928426,4.91448828724511,1.9005354233383,5
"linear",15,3,1,12,"K2_c12","local",12,77,25,125,4.1874468760773,4.84027518189656,1.89641339817982,5
"linear",15,3,1,12,"K2_c14","local",14,90,22,125,4.01053639903555,4.5975845970361,1.98779130265876,5
"linear",15,4,0.5,1,"K1_global","global",1,160,12,125,2.40892236916672,2.78524950355638,0.771419302141778,2.5
"linear",15,4,0.5,1,"K2_c10","local",10,64,31,125,2.86135125484667,3.43374750678848,0.613505369941185,2.5
"linear",15,4,0.5,1,"K2_c12","local",12,77,25,125,2.81968469758867,3.3279203498614,0.726193268081058,2.5
"linear",15,4,0.5,1,"K2_c14","local",14,90,22,125,2.51168458388473,2.97230625804236,0.63358374174597,2.5
"linear",15,4,0.5,2,"K1_global","global",1,160,12,125,2.52456978075432,2.91488012227818,1.15618503659045,2.5
"linear",15,4,0.5,2,"K2_c10","local",10,64,31,125,3.19547119712137,3.72095185356422,1.16335060612332,2.5
"linear",15,4,0.5,2,"K2_c12","local",12,77,25,125,2.85377927511559,3.42682405161528,0.91014384877044,2.5
"linear",15,4,0.5,2,"K2_c14","local",14,90,22,125,2.68834147230464,3.16469904307538,0.938107726261124,2.5
"linear",15,4,0.5,3,"K1_global","global",1,160,12,125,2.42037891541857,2.80106503238671,1.09054340545957,2.5
"linear",15,4,0.5,3,"K2_c10","local",10,64,31,125,2.84967885314925,3.43384845592603,0.564830457372286,2.5
"linear",15,4,0.5,3,"K2_c12","local",12,77,25,125,2.84144342175461,3.34650160053846,0.798247497266904,2.5
"linear",15,4,0.5,3,"K2_c14","local",14,90,22,125,2.64625987566078,3.14834462248835,0.984569183261477,2.5
"linear",15,4,0.5,4,"K1_global","global",1,160,12,125,2.50264714300372,2.92441087951074,0.669933937333855,2.5
"linear",15,4,0.5,4,"K2_c10","local",10,64,31,125,2.98980682815147,3.589648252154,0.66315020640992,2.5
"linear",15,4,0.5,4,"K2_c12","local",12,77,25,125,2.87948299982522,3.46294800418618,0.616480009139603,2.5
"linear",15,4,0.5,4,"K2_c14","local",14,90,22,125,2.7553725487235,3.23258575017449,0.806511156338991,2.5
"linear",15,4,0.5,5,"K1_global","global",1,160,12,125,2.51093741873744,2.89697269179954,0.855417666794767,2.5
"linear",15,4,0.5,5,"K2_c10","local",10,64,31,125,3.04751765196825,3.67862578751151,0.730379535652839,2.5
"linear",15,4,0.5,5,"K2_c12","local",12,77,25,125,2.83315816408938,3.38764887635445,0.809174557975327,2.5
"linear",15,4,0.5,5,"K2_c14","local",14,90,22,125,2.6447232032871,3.12680849298826,0.792384746531611,2.5
"linear",15,4,0.5,6,"K1_global","global",1,160,12,125,2.49603169240419,2.93582883956929,1.01397419621317,2.5
"linear",15,4,0.5,6,"K2_c10","local",10,64,31,125,2.96708132115816,3.52541711706911,0.90890221211827,2.5
"linear",15,4,0.5,6,"K2_c12","local",12,77,25,125,2.98377775237108,3.52622003159193,1.04165403965912,2.5
"linear",15,4,0.5,6,"K2_c14","local",14,90,22,125,2.8592822591255,3.31080176397749,1.06239120209933,2.5
"linear",15,4,0.5,7,"K1_global","global",1,160,12,125,2.25004287394128,2.70883092149817,0.649672945214042,2.5
"linear",15,4,0.5,7,"K2_c10","local",10,64,31,125,2.97201215778461,3.68449060954467,0.462146853523921,2.5
"linear",15,4,0.5,7,"K2_c12","local",12,77,25,125,2.80831440404814,3.45398720507921,0.548891669104995,2.5
"linear",15,4,0.5,7,"K2_c14","local",14,90,22,125,2.59868242129827,3.17451540933744,0.546009842720081,2.5
"linear",15,4,0.5,8,"K1_global","global",1,160,12,125,2.32590642471436,2.74907694767134,0.551984032897523,2.5
"linear",15,4,0.5,8,"K2_c10","local",10,64,31,125,2.9425529242595,3.5281942794139,0.551703419607717,2.5
"linear",15,4,0.5,8,"K2_c12","local",12,77,25,125,2.78226537755041,3.45920362034202,0.525362267983732,2.5
"linear",15,4,0.5,8,"K2_c14","local",14,90,22,125,2.64418527799684,3.15108065008821,0.584072688229009,2.5
"linear",15,4,0.5,9,"K1_global","global",1,160,12,125,2.45577439195261,2.900000002525,0.82386409976572,2.5
"linear",15,4,0.5,9,"K2_c10","local",10,64,31,125,3.1111717560626,3.83865742254927,0.711382187593996,2.5
"linear",15,4,0.5,9,"K2_c12","local",12,77,25,125,2.9813157932438,3.5706793296549,0.706114063403611,2.5
"linear",15,4,0.5,9,"K2_c14","local",14,90,22,125,2.82060295883741,3.36356954761204,0.945921724030681,2.5
"linear",15,4,0.5,10,"K1_global","global",1,160,12,125,2.45478502717463,2.89482796790393,0.99420863556952,2.5
"linear",15,4,0.5,10,"K2_c10","local",10,64,31,125,3.06119462292643,3.73315190066893,0.779771850427123,2.5
"linear",15,4,0.5,10,"K2_c12","local",12,77,25,125,2.87754606058355,3.49940026941039,0.822062079417521,2.5
"linear",15,4,0.5,10,"K2_c14","local",14,90,22,125,2.79343359205847,3.34103873582786,0.830371497636214,2.5
"linear",15,4,0.5,11,"K1_global","global",1,160,12,125,2.31321214343602,2.6900788790065,0.796098283097814,2.5
"linear",15,4,0.5,11,"K2_c10","local",10,64,31,125,2.7696475438676,3.36803632544176,0.586150182274631,2.5
"linear",15,4,0.5,11,"K2_c12","local",12,77,25,125,2.81681656200456,3.43486508353118,0.68427337639948,2.5
"linear",15,4,0.5,11,"K2_c14","local",14,90,22,125,2.66086630942776,3.20105415779064,0.694010574524283,2.5
"linear",15,4,0.5,12,"K1_global","global",1,160,12,125,2.46122251952846,2.94045541293898,0.734776616453739,2.5
"linear",15,4,0.5,12,"K2_c10","local",10,64,31,125,3.04497913698516,3.71379286177524,0.68323130667672,2.5
"linear",15,4,0.5,12,"K2_c12","local",12,77,25,125,2.78494383754268,3.38047865710867,0.60872769969933,2.5
"linear",15,4,0.5,12,"K2_c14","local",14,90,22,125,2.70944045218513,3.23040931236692,0.63986270592136,2.5
"linear",15,5,0.25,1,"K1_global","global",1,160,12,125,1.88628358844117,2.26835512277924,0.570408619103986,1.25
"linear",15,5,0.25,1,"K2_c10","local",10,64,31,125,2.45673751175051,3.0117599653907,0.464670862605205,1.25
"linear",15,5,0.25,1,"K2_c12","local",12,77,25,125,2.35417103157248,2.8406346540311,0.516468046045767,1.25
"linear",15,5,0.25,1,"K2_c14","local",14,90,22,125,2.18224413118093,2.72492614608782,0.364852298914115,1.25
"linear",15,5,0.25,2,"K1_global","global",1,160,12,125,1.81871274169948,2.20146915105187,0.621851352656145,1.25
"linear",15,5,0.25,2,"K2_c10","local",10,64,31,125,2.4769108918766,2.98394525635345,0.485663188466425,1.25
"linear",15,5,0.25,2,"K2_c12","local",12,77,25,125,2.30821692338945,2.77275114987871,0.486212113572191,1.25
"linear",15,5,0.25,2,"K2_c14","local",14,90,22,125,2.14353562508863,2.57946472556862,0.605956462130831,1.25
"linear",15,5,0.25,3,"K1_global","global",1,160,12,125,1.83188534308668,2.24251004595184,0.535883686942722,1.25
"linear",15,5,0.25,3,"K2_c10","local",10,64,31,125,2.40794377265233,2.89540609162505,0.534889038918637,1.25
"linear",15,5,0.25,3,"K2_c12","local",12,77,25,125,2.40017586805174,2.88445106590173,0.536624959766275,1.25
"linear",15,5,0.25,3,"K2_c14","local",14,90,22,125,2.20161497093434,2.66022885338624,0.539523702830691,1.25
"linear",15,5,0.25,4,"K1_global","global",1,160,12,125,1.82990867453634,2.2579201903885,0.36665804864631,1.25
"linear",15,5,0.25,4,"K2_c10","local",10,64,31,125,2.470568049319,3.05065461306841,0.384965762152835,1.25
"linear",15,5,0.25,4,"K2_c12","local",12,77,25,125,2.37105412887093,2.95090502516962,0.444464202241599,1.25
"linear",15,5,0.25,4,"K2_c14","local",14,90,22,125,2.19386733213257,2.68787127486267,0.395942300158809,1.25
"linear",15,5,0.25,5,"K1_global","global",1,160,12,125,1.86824038849035,2.2577095807283,0.397404526507748,1.25
"linear",15,5,0.25,5,"K2_c10","local",10,64,31,125,2.34944657097774,2.87904699948273,0.406746073508063,1.25
"linear",15,5,0.25,5,"K2_c12","local",12,77,25,125,2.32492524123542,2.85989609757611,0.407141956661421,1.25
"linear",15,5,0.25,5,"K2_c14","local",14,90,22,125,2.16100770329358,2.63144537491337,0.33156818368842,1.25
"linear",15,5,0.25,6,"K1_global","global",1,160,12,125,1.85419670355986,2.26605644471962,0.559874248805685,1.25
"linear",15,5,0.25,6,"K2_c10","local",10,64,31,125,2.53751179828324,3.07340932205835,0.545956138527509,1.25
"linear",15,5,0.25,6,"K2_c12","local",12,77,25,125,2.32183476943409,2.85594620942757,0.626427329966526,1.25
"linear",15,5,0.25,6,"K2_c14","local",14,90,22,125,2.15383416106841,2.63401928800443,0.585183189573693,1.25
"linear",15,5,0.25,7,"K1_global","global",1,160,12,125,1.88892062812591,2.27717265211565,0.391824548728254,1.25
"linear",15,5,0.25,7,"K2_c10","local",10,64,31,125,2.44801003029338,2.99228243991229,0.440117934607376,1.25
"linear",15,5,0.25,7,"K2_c12","local",12,77,25,125,2.41397634101554,2.91536262062761,0.429956291656898,1.25
"linear",15,5,0.25,7,"K2_c14","local",14,90,22,125,2.18486151679248,2.66131570379633,0.415893042496245,1.25
"linear",15,5,0.25,8,"K1_global","global",1,160,12,125,1.82033883563516,2.20123999723958,0.533728222709563,1.25
"linear",15,5,0.25,8,"K2_c10","local",10,64,31,125,2.55791197241783,3.11061281525743,0.486266887433939,1.25
"linear",15,5,0.25,8,"K2_c12","local",12,77,25,125,2.4554628480192,2.91764751031101,0.554139265096879,1.25
"linear",15,5,0.25,8,"K2_c14","local",14,90,22,125,2.20568720574667,2.65563057312979,0.462127053626268,1.25
"linear",15,5,0.25,9,"K1_global","global",1,160,12,125,1.93853190164573,2.30813757373781,0.570231081632706,1.25
"linear",15,5,0.25,9,"K2_c10","local",10,64,31,125,2.41740638338882,2.96607171463768,0.446380947577215,1.25
"linear",15,5,0.25,9,"K2_c12","local",12,77,25,125,2.2774799859566,2.79887601450313,0.462881231174885,1.25
"linear",15,5,0.25,9,"K2_c14","local",14,90,22,125,2.1329865871389,2.57948039551773,0.409528543370745,1.25
"linear",15,5,0.25,10,"K1_global","global",1,160,12,125,1.92228106221212,2.29393698017453,0.464276429509877,1.25
"linear",15,5,0.25,10,"K2_c10","local",10,64,31,125,2.55900697581731,3.11575293622385,0.445241407068158,1.25
"linear",15,5,0.25,10,"K2_c12","local",12,77,25,125,2.33564632723971,2.83664105390424,0.481681994825727,1.25
"linear",15,5,0.25,10,"K2_c14","local",14,90,22,125,2.15994622982347,2.59608337778623,0.440530759540239,1.25
"linear",15,5,0.25,11,"K1_global","global",1,160,12,125,1.90979433735097,2.27904150026761,0.377607537753165,1.25
"linear",15,5,0.25,11,"K2_c10","local",10,64,31,125,2.49232746873083,3.02289768467908,0.400283946580322,1.25
"linear",15,5,0.25,11,"K2_c12","local",12,77,25,125,2.46680976760793,2.95987244270739,0.405948387375049,1.25
"linear",15,5,0.25,11,"K2_c14","local",14,90,22,125,2.27493516079099,2.69420381087852,0.434237865779507,1.25
"linear",15,5,0.25,12,"K1_global","global",1,160,12,125,1.87611698924278,2.24085409721261,0.551044522474941,1.25
"linear",15,5,0.25,12,"K2_c10","local",10,64,31,125,2.59101011197381,3.12104248812484,0.486251354355969,1.25
"linear",15,5,0.25,12,"K2_c12","local",12,77,25,125,2.44706686996566,2.97335534091839,0.433940015670095,1.25
"linear",15,5,0.25,12,"K2_c14","local",14,90,22,125,2.19810913958267,2.73163384342188,0.332214461058704,1.25
"linear",15,6,0.1,1,"K1_global","global",1,160,12,125,1.63176464078478,2.02590930973163,0.331686898352888,0.5
"linear",15,6,0.1,1,"K2_c10","local",10,64,31,125,2.26536482224332,2.79731721325085,0.344279325057045,0.5
"linear",15,6,0.1,1,"K2_c12","local",12,77,25,125,2.06452477122811,2.5826587659606,0.339789592874776,0.5
"linear",15,6,0.1,1,"K2_c14","local",14,90,22,125,1.96552623970681,2.41127813853896,0.334245792736883,0.5
"linear",15,6,0.1,2,"K1_global","global",1,160,12,125,1.61275930697658,2.02250834039969,0.241277867456164,0.5
"linear",15,6,0.1,2,"K2_c10","local",10,64,31,125,2.28248273514718,2.79061602084759,0.327393299674486,0.5
"linear",15,6,0.1,2,"K2_c12","local",12,77,25,125,2.16990027489297,2.6431239419171,0.371170490339394,0.5
"linear",15,6,0.1,2,"K2_c14","local",14,90,22,125,1.88624577609956,2.35293544691664,0.284738005764896,0.5
"linear",15,6,0.1,3,"K1_global","global",1,160,12,125,1.55938670673456,1.94889266183766,0.256414734263232,0.5
"linear",15,6,0.1,3,"K2_c10","local",10,64,31,125,2.24337503511981,2.72497994381783,0.340251394148683,0.5
"linear",15,6,0.1,3,"K2_c12","local",12,77,25,125,2.10550287277671,2.55924674508103,0.347150388507638,0.5
"linear",15,6,0.1,3,"K2_c14","local",14,90,22,125,1.8727741650826,2.30576691575941,0.368381286312645,0.5
"linear",15,6,0.1,4,"K1_global","global",1,160,12,125,1.64872177279117,2.02949658303906,0.253300792214904,0.5
"linear",15,6,0.1,4,"K2_c10","local",10,64,31,125,2.25353258682276,2.76443161277551,0.312964176083309,0.5
"linear",15,6,0.1,4,"K2_c12","local",12,77,25,125,2.15007202080106,2.63471847635,0.389379986937234,0.5
"linear",15,6,0.1,4,"K2_c14","local",14,90,22,125,1.92803813426389,2.38083778636823,0.302703984477719,0.5
"linear",15,6,0.1,5,"K1_global","global",1,160,12,125,1.68291214817449,2.08165728974739,0.256600023091152,0.5
"linear",15,6,0.1,5,"K2_c10","local",10,64,31,125,2.26837203303566,2.84209699088424,0.412498505291181,0.5
"linear",15,6,0.1,5,"K2_c12","local",12,77,25,125,2.10824838734293,2.64065951023548,0.310710684954864,0.5
"linear",15,6,0.1,5,"K2_c14","local",14,90,22,125,2.01667216746265,2.47746643400824,0.327264459318525,0.5
"linear",15,6,0.1,6,"K1_global","global",1,160,12,125,1.7123487679001,2.05777374101163,0.253877761589619,0.5
"linear",15,6,0.1,6,"K2_c10","local",10,64,31,125,2.29509794701604,2.84042746955929,0.349644850374814,0.5
"linear",15,6,0.1,6,"K2_c12","local",12,77,25,125,2.16500993381429,2.63867768656522,0.37200034755853,0.5
"linear",15,6,0.1,6,"K2_c14","local",14,90,22,125,1.94364327940615,2.40121648495322,0.348799493809993,0.5
"linear",15,6,0.1,7,"K1_global","global",1,160,12,125,1.69192591197435,2.07395325103525,0.338313685544963,0.5
"linear",15,6,0.1,7,"K2_c10","local",10,64,31,125,2.20728450323583,2.75154276214498,0.332768065951518,0.5
"linear",15,6,0.1,7,"K2_c12","local",12,77,25,125,2.115167021049,2.60901201043588,0.337771671008825,0.5
"linear",15,6,0.1,7,"K2_c14","local",14,90,22,125,1.95854895330834,2.44231932475218,0.367459498147338,0.5
"linear",15,6,0.1,8,"K1_global","global",1,160,12,125,1.6685256315455,2.07430253946433,0.259074169508914,0.5
"linear",15,6,0.1,8,"K2_c10","local",10,64,31,125,2.30184934229958,2.82519037866928,0.418474886361542,0.5
"linear",15,6,0.1,8,"K2_c12","local",12,77,25,125,2.17275677993429,2.69749371701814,0.351060925424293,0.5
"linear",15,6,0.1,8,"K2_c14","local",14,90,22,125,1.99606160390595,2.45926125197096,0.385069867289415,0.5
"linear",15,6,0.1,9,"K1_global","global",1,160,12,125,1.63239375351858,2.06116835049024,0.210946340990222,0.5
"linear",15,6,0.1,9,"K2_c10","local",10,64,31,125,2.29174510553656,2.83772988621985,0.362642959050606,0.5
"linear",15,6,0.1,9,"K2_c12","local",12,77,25,125,2.06297930374629,2.59358298730338,0.345785591294657,0.5
"linear",15,6,0.1,9,"K2_c14","local",14,90,22,125,1.98329786042083,2.45725476894052,0.368205917244678,0.5
"linear",15,6,0.1,10,"K1_global","global",1,160,12,125,1.65758158340073,2.07301798581485,0.240308899284023,0.5
"linear",15,6,0.1,10,"K2_c10","local",10,64,31,125,2.3235240670234,2.86027071681949,0.370267277076345,0.5
"linear",15,6,0.1,10,"K2_c12","local",12,77,25,125,2.1513844839495,2.67274653511044,0.317898159831137,0.5
"linear",15,6,0.1,10,"K2_c14","local",14,90,22,125,1.9932251233505,2.45266430547421,0.335929842717058,0.5
"linear",15,6,0.1,11,"K1_global","global",1,160,12,125,1.6566707837767,2.0466828805138,0.215419415397559,0.5
"linear",15,6,0.1,11,"K2_c10","local",10,64,31,125,2.2486954444817,2.80894213057101,0.407386787961071,0.5
"linear",15,6,0.1,11,"K2_c12","local",12,77,25,125,2.09777342447551,2.59533054283523,0.361726756167758,0.5
"linear",15,6,0.1,11,"K2_c14","local",14,90,22,125,1.99599534152025,2.47036366496889,0.341725461458857,0.5
"linear",15,6,0.1,12,"K1_global","global",1,160,12,125,1.64368224844905,2.02530156908362,0.272790085930806,0.5
"linear",15,6,0.1,12,"K2_c10","local",10,64,31,125,2.32700660788552,2.82320702973883,0.345657688973745,0.5
"linear",15,6,0.1,12,"K2_c12","local",12,77,25,125,2.1095253385786,2.58251816423797,0.378643352921903,0.5
"linear",15,6,0.1,12,"K2_c14","local",14,90,22,125,2.00347142602683,2.44609703423967,0.352954924942227,0.5
"linear",16,1,4,1,"K1_global","global",1,160,12,125,13.1560050818002,14.2378183788542,7.51353155198068,20
"linear",16,1,4,1,"K2_c10","local",10,64,31,125,14.6361439694612,16.8032061503015,6.15914249480718,20
"linear",16,1,4,1,"K2_c12","local",12,77,25,125,14.391340977517,16.3023007634138,6.84002713579793,20
"linear",16,1,4,1,"K2_c14","local",14,90,22,125,13.7259393518308,15.397932481187,6.80859724044351,20
"linear",16,1,4,2,"K1_global","global",1,160,12,125,13.5427141779816,14.5411048756467,6.58440000232979,20
"linear",16,1,4,2,"K2_c10","local",10,64,31,125,14.7887778094586,16.6856191214123,5.84380435597736,20
"linear",16,1,4,2,"K2_c12","local",12,77,25,125,14.8469668445301,16.6757604097887,5.65251120769286,20
"linear",16,1,4,2,"K2_c14","local",14,90,22,125,13.8771736802926,15.4663908798844,5.3492094720184,20
"linear",16,1,4,3,"K1_global","global",1,160,12,125,13.3157956163241,14.4145695261095,9.05475890029301,20
"linear",16,1,4,3,"K2_c10","local",10,64,31,125,14.1128070480941,16.1548385972516,7.51418917098153,20
"linear",16,1,4,3,"K2_c12","local",12,77,25,125,14.4895731100826,16.4201625008993,7.84455703603324,20
"linear",16,1,4,3,"K2_c14","local",14,90,22,125,13.118663436576,14.6693582009878,7.71340834027498,20
"linear",16,1,4,4,"K1_global","global",1,160,12,125,14.5597988414599,15.3190318159309,9.78759701200678,20
"linear",16,1,4,4,"K2_c10","local",10,64,31,125,13.9474450539948,15.4768848166072,7.62581162877879,20
"linear",16,1,4,4,"K2_c12","local",12,77,25,125,14.3766278378131,15.843043688791,7.90863320089197,20
"linear",16,1,4,4,"K2_c14","local",14,90,22,125,14.1111384965053,15.4696562419645,8.53962346156918,20
"linear",16,1,4,5,"K1_global","global",1,160,12,125,13.6835733976618,14.7839230199968,5.68560268967302,20
"linear",16,1,4,5,"K2_c10","local",10,64,31,125,14.7698533249295,16.8856407592821,4.72882302460682,20
"linear",16,1,4,5,"K2_c12","local",12,77,25,125,14.7596644748901,16.3707072508718,4.93962524559181,20
"linear",16,1,4,5,"K2_c14","local",14,90,22,125,14.3416111366875,15.7931157839245,5.18062748974214,20
"linear",16,1,4,6,"K1_global","global",1,160,12,125,14.3320388923452,15.3597005593565,7.31047940681451,20
"linear",16,1,4,6,"K2_c10","local",10,64,31,125,14.5791246809557,16.4725060985822,6.15979598352203,20
"linear",16,1,4,6,"K2_c12","local",12,77,25,125,14.7730133302204,16.5189086516733,6.36407580864214,20
"linear",16,1,4,6,"K2_c14","local",14,90,22,125,14.6267190093982,16.0562629486382,6.50662288597388,20
"linear",16,1,4,7,"K1_global","global",1,160,12,125,13.9719692462119,14.9777311550224,8.45227576813152,20
"linear",16,1,4,7,"K2_c10","local",10,64,31,125,14.8310455830552,16.863101792239,7.69673404473016,20
"linear",16,1,4,7,"K2_c12","local",12,77,25,125,14.7788196122586,16.7660830650057,7.45297323852644,20
"linear",16,1,4,7,"K2_c14","local",14,90,22,125,14.1448619465575,15.7506434015217,7.41145754365451,20
"linear",16,1,4,8,"K1_global","global",1,160,12,125,13.6866877897895,14.5557773357132,7.70149135943204,20
"linear",16,1,4,8,"K2_c10","local",10,64,31,125,14.7106575785719,16.467881711518,6.56509535878442,20
"linear",16,1,4,8,"K2_c12","local",12,77,25,125,13.9035738984066,15.6507111624582,6.78728704932056,20
"linear",16,1,4,8,"K2_c14","local",14,90,22,125,13.9680906594805,15.3151427648471,7.12095693574359,20
"linear",16,1,4,9,"K1_global","global",1,160,12,125,13.5583901536545,14.6238432721759,8.33153098127997,20
"linear",16,1,4,9,"K2_c10","local",10,64,31,125,15.0202260628517,17.4123303550175,6.62326675567748,20
"linear",16,1,4,9,"K2_c12","local",12,77,25,125,14.2711197186064,16.2212520340009,6.46606708502312,20
"linear",16,1,4,9,"K2_c14","local",14,90,22,125,13.4209019646426,14.9446372801971,7.21744204261906,20
"linear",16,1,4,10,"K1_global","global",1,160,12,125,14.201245946015,15.0534983365926,6.97815851662208,20
"linear",16,1,4,10,"K2_c10","local",10,64,31,125,14.498228674365,16.2388393102195,5.80293832445495,20
"linear",16,1,4,10,"K2_c12","local",12,77,25,125,14.1288472336041,15.8932599806148,5.17769189133679,20
"linear",16,1,4,10,"K2_c14","local",14,90,22,125,14.16773412602,15.6004149296286,6.09622725104611,20
"linear",16,1,4,11,"K1_global","global",1,160,12,125,14.4767426342332,15.2495942340786,6.49581600701647,20
"linear",16,1,4,11,"K2_c10","local",10,64,31,125,14.4848312236885,16.2719364499857,5.66251958601947,20
"linear",16,1,4,11,"K2_c12","local",12,77,25,125,14.7222578788351,16.1799846195803,5.53252862474274,20
"linear",16,1,4,11,"K2_c14","local",14,90,22,125,14.0735934529785,15.4270196830999,5.45683386225838,20
"linear",16,1,4,12,"K1_global","global",1,160,12,125,13.9994068133309,14.7736214487414,7.02290216925788,20
"linear",16,1,4,12,"K2_c10","local",10,64,31,125,15.0112374097032,17.1553273976562,5.2765538127161,20
"linear",16,1,4,12,"K2_c12","local",12,77,25,125,14.448101842979,16.4879989032138,5.75587098288064,20
"linear",16,1,4,12,"K2_c14","local",14,90,22,125,13.9960582347096,15.5167761700318,5.85877874517088,20
"linear",16,2,2,1,"K1_global","global",1,160,12,125,7.13036565591888,7.72804262041878,2.94226749730425,10
"linear",16,2,2,1,"K2_c10","local",10,64,31,125,8.16403094969536,9.57273602377335,2.62691293266782,10
"linear",16,2,2,1,"K2_c12","local",12,77,25,125,8.30023641186798,9.53772660027832,2.47743107230406,10
"linear",16,2,2,1,"K2_c14","local",14,90,22,125,8.11567172855914,9.19116898560973,3.0515757440042,10
"linear",16,2,2,2,"K1_global","global",1,160,12,125,6.73816075167159,7.4125615277705,3.35924082203312,10
"linear",16,2,2,2,"K2_c10","local",10,64,31,125,7.82613975530666,9.32031513113212,2.4039046570238,10
"linear",16,2,2,2,"K2_c12","local",12,77,25,125,7.57796337175737,8.90923096339876,2.51591136210108,10
"linear",16,2,2,2,"K2_c14","local",14,90,22,125,7.24544480478516,8.33703127200304,3.00406116327559,10
"linear",16,2,2,3,"K1_global","global",1,160,12,125,7.33277043529631,7.89673718853592,3.38668372431844,10
"linear",16,2,2,3,"K2_c10","local",10,64,31,125,7.93285034025127,9.38580629980553,2.71924692528685,10
"linear",16,2,2,3,"K2_c12","local",12,77,25,125,7.68598010707523,9.01702241275354,2.54526957874074,10
"linear",16,2,2,3,"K2_c14","local",14,90,22,125,7.51044093063864,8.37031896373983,2.99947886361139,10
"linear",16,2,2,4,"K1_global","global",1,160,12,125,7.06119738341296,7.63169533081105,3.88266717871102,10
"linear",16,2,2,4,"K2_c10","local",10,64,31,125,7.98316795578905,9.12351310013528,3.4684425413728,10
"linear",16,2,2,4,"K2_c12","local",12,77,25,125,7.6253712391359,8.73601677051407,3.32331888857449,10
"linear",16,2,2,4,"K2_c14","local",14,90,22,125,7.54910591231137,8.5104053251826,3.35265488048548,10
"linear",16,2,2,5,"K1_global","global",1,160,12,125,7.0510850516954,7.60485266912927,3.89946775452307,10
"linear",16,2,2,5,"K2_c10","local",10,64,31,125,7.77779786848906,9.037211971367,2.69935638518059,10
"linear",16,2,2,5,"K2_c12","local",12,77,25,125,7.6418082044722,8.87140379365431,3.29009870222451,10
"linear",16,2,2,5,"K2_c14","local",14,90,22,125,7.37916342638805,8.29258705273284,3.16032299735337,10
"linear",16,2,2,6,"K1_global","global",1,160,12,125,7.17463893994172,7.81879767540544,3.14002204452598,10
"linear",16,2,2,6,"K2_c10","local",10,64,31,125,7.7115972202691,9.02864881706972,2.52568760404723,10
"linear",16,2,2,6,"K2_c12","local",12,77,25,125,7.7215466714119,8.92553141506654,2.37381782934654,10
"linear",16,2,2,6,"K2_c14","local",14,90,22,125,7.6159609208509,8.66882874236467,2.74447007932923,10
"linear",16,2,2,7,"K1_global","global",1,160,12,125,7.22044700947079,7.87447466682809,3.46869751755171,10
"linear",16,2,2,7,"K2_c10","local",10,64,31,125,8.22384797725404,9.57694775334287,2.86620886006298,10
"linear",16,2,2,7,"K2_c12","local",12,77,25,125,7.80471095008767,9.05245273424583,3.0826505028926,10
"linear",16,2,2,7,"K2_c14","local",14,90,22,125,7.55843573908911,8.53651092170077,3.15284945606889,10
"linear",16,2,2,8,"K1_global","global",1,160,12,125,6.99972482312549,7.64314889924747,3.89746909258212,10
"linear",16,2,2,8,"K2_c10","local",10,64,31,125,7.78904369665205,8.94331520744558,3.42030051211276,10
"linear",16,2,2,8,"K2_c12","local",12,77,25,125,7.48877305182476,8.65111031903198,3.20909841306982,10
"linear",16,2,2,8,"K2_c14","local",14,90,22,125,7.23721058985509,8.19598121603465,3.29940318516471,10
"linear",16,2,2,9,"K1_global","global",1,160,12,125,6.99852511344625,7.64282694955782,3.49984725867253,10
"linear",16,2,2,9,"K2_c10","local",10,64,31,125,7.87903705627691,9.32022593436516,2.29339974544283,10
"linear",16,2,2,9,"K2_c12","local",12,77,25,125,8.05559564453678,9.38755279774775,2.93669701735569,10
"linear",16,2,2,9,"K2_c14","local",14,90,22,125,7.56181618398737,8.6401237009582,2.9833756384594,10
"linear",16,2,2,10,"K1_global","global",1,160,12,125,7.13786008414489,7.8049668411085,2.99648899604023,10
"linear",16,2,2,10,"K2_c10","local",10,64,31,125,7.67319369629085,8.82756718258875,2.21979099918739,10
"linear",16,2,2,10,"K2_c12","local",12,77,25,125,7.31337180187247,8.42572226605007,2.54581246897339,10
"linear",16,2,2,10,"K2_c14","local",14,90,22,125,7.0989999251389,8.01990730859822,2.68493137945791,10
"linear",16,2,2,11,"K1_global","global",1,160,12,125,7.37555140432994,8.0178685778981,3.4913731620019,10
"linear",16,2,2,11,"K2_c10","local",10,64,31,125,7.83607468980347,9.07405075167213,2.85989226387295,10
"linear",16,2,2,11,"K2_c12","local",12,77,25,125,8.16759601660399,9.146830989487,3.11519027553962,10
"linear",16,2,2,11,"K2_c14","local",14,90,22,125,7.59488869562669,8.55058606854968,2.80816977226386,10
"linear",16,2,2,12,"K1_global","global",1,160,12,125,7.01772265664964,7.66788089735553,3.69821215540002,10
"linear",16,2,2,12,"K2_c10","local",10,64,31,125,8.2433913279203,9.77298730618605,2.61731346262343,10
"linear",16,2,2,12,"K2_c12","local",12,77,25,125,7.85988781317739,9.3631453792304,2.68349406403425,10
"linear",16,2,2,12,"K2_c14","local",14,90,22,125,7.50850948949769,8.6347181855226,3.36275171687318,10
"linear",16,3,1,1,"K1_global","global",1,160,12,125,3.96526806880478,4.49822889996086,1.47937260827264,5
"linear",16,3,1,1,"K2_c10","local",10,64,31,125,4.83105429784033,5.70269287975436,1.06931356329325,5
"linear",16,3,1,1,"K2_c12","local",12,77,25,125,4.65714887404758,5.54212934336493,1.18796849316129,5
"linear",16,3,1,1,"K2_c14","local",14,90,22,125,4.26978350075845,4.91628400929229,1.34005878045685,5
"linear",16,3,1,2,"K1_global","global",1,160,12,125,3.85315974812156,4.32556328601768,1.71053977318753,5
"linear",16,3,1,2,"K2_c10","local",10,64,31,125,4.79972094927459,5.74468910655893,1.37087501951869,5
"linear",16,3,1,2,"K2_c12","local",12,77,25,125,4.55587890369779,5.40810967874969,1.61224575616946,5
"linear",16,3,1,2,"K2_c14","local",14,90,22,125,4.20090258199726,4.84555453291681,1.46708088414072,5
"linear",16,3,1,3,"K1_global","global",1,160,12,125,3.96269355495579,4.47418882021086,1.80335716762999,5
"linear",16,3,1,3,"K2_c10","local",10,64,31,125,5.05267653176269,6.06387785699194,1.35650050748213,5
"linear",16,3,1,3,"K2_c12","local",12,77,25,125,4.67924192199712,5.51313333978974,1.69223190634561,5
"linear",16,3,1,3,"K2_c14","local",14,90,22,125,4.28115477026662,5.02320087146539,1.55794345517568,5
"linear",16,3,1,4,"K1_global","global",1,160,12,125,4.08460264530445,4.50990884907531,1.94735386608952,5
"linear",16,3,1,4,"K2_c10","local",10,64,31,125,4.79919783237372,5.63564429294605,1.59273122106501,5
"linear",16,3,1,4,"K2_c12","local",12,77,25,125,4.97747153838527,5.78871348710845,2.04225972766374,5
"linear",16,3,1,4,"K2_c14","local",14,90,22,125,4.39890260408726,4.92882222600125,1.84929264309025,5
"linear",16,3,1,5,"K1_global","global",1,160,12,125,3.89585634023924,4.42372137115415,1.51164886457665,5
"linear",16,3,1,5,"K2_c10","local",10,64,31,125,4.67406236724075,5.66622930484144,1.14555752112248,5
"linear",16,3,1,5,"K2_c12","local",12,77,25,125,4.52894624781428,5.46438909391733,1.26290032990015,5
"linear",16,3,1,5,"K2_c14","local",14,90,22,125,4.26611451369644,5.02202627563971,1.20664463279633,5
"linear",16,3,1,6,"K1_global","global",1,160,12,125,4.04147433313385,4.49175046450098,1.41232212763284,5
"linear",16,3,1,6,"K2_c10","local",10,64,31,125,4.96191419689159,5.81944789268611,1.09727576101215,5
"linear",16,3,1,6,"K2_c12","local",12,77,25,125,4.76613074732907,5.59592901337034,1.14738190018109,5
"linear",16,3,1,6,"K2_c14","local",14,90,22,125,4.3540266782995,5.03645047985967,1.13725565128888,5
"linear",16,3,1,7,"K1_global","global",1,160,12,125,3.96605534292614,4.4881580716943,1.7025836374342,5
"linear",16,3,1,7,"K2_c10","local",10,64,31,125,5.0735608586775,6.15935533279067,1.56360424419449,5
"linear",16,3,1,7,"K2_c12","local",12,77,25,125,4.93580876984651,5.93093751497646,1.44886673266227,5
"linear",16,3,1,7,"K2_c14","local",14,90,22,125,4.44279350268482,5.2015866227778,1.79131253588761,5
"linear",16,3,1,8,"K1_global","global",1,160,12,125,3.8211963565649,4.34846069621668,2.20814263959105,5
"linear",16,3,1,8,"K2_c10","local",10,64,31,125,4.7847952629549,5.71563176724918,2.00329269147873,5
"linear",16,3,1,8,"K2_c12","local",12,77,25,125,5.09695828782473,6.03226161852317,2.09643160777243,5
"linear",16,3,1,8,"K2_c14","local",14,90,22,125,4.31186287591015,4.95524002680741,2.12494038222866,5
"linear",16,3,1,9,"K1_global","global",1,160,12,125,3.97897842779371,4.48083466490375,1.42585688604471,5
"linear",16,3,1,9,"K2_c10","local",10,64,31,125,4.79904043660337,5.69628974504302,1.12470665025464,5
"linear",16,3,1,9,"K2_c12","local",12,77,25,125,4.67244024978073,5.68600906043353,0.918875941622165,5
"linear",16,3,1,9,"K2_c14","local",14,90,22,125,4.43725518188539,5.21672907544926,1.4006317773962,5
"linear",16,3,1,10,"K1_global","global",1,160,12,125,3.94682469611884,4.38355758414934,1.50343292948486,5
"linear",16,3,1,10,"K2_c10","local",10,64,31,125,4.72350652524162,5.58769837477763,1.05251019983209,5
"linear",16,3,1,10,"K2_c12","local",12,77,25,125,4.37349705121081,5.19183295009188,1.02174348654812,5
"linear",16,3,1,10,"K2_c14","local",14,90,22,125,3.94427462880046,4.66369789774239,1.0435843687779,5
"linear",16,3,1,11,"K1_global","global",1,160,12,125,4.08016091927556,4.52316013629722,1.48402848854551,5
"linear",16,3,1,11,"K2_c10","local",10,64,31,125,4.52580484409851,5.28306526151264,1.42479969938344,5
"linear",16,3,1,11,"K2_c12","local",12,77,25,125,4.48220454872214,5.26591455210517,1.37255489679629,5
"linear",16,3,1,11,"K2_c14","local",14,90,22,125,4.34039629124669,4.92835093864094,1.49803797661295,5
"linear",16,3,1,12,"K1_global","global",1,160,12,125,3.80396684862587,4.36667508761626,1.81054574719566,5
"linear",16,3,1,12,"K2_c10","local",10,64,31,125,4.70412865499596,5.66778383976108,1.47282887461276,5
"linear",16,3,1,12,"K2_c12","local",12,77,25,125,4.64824801926539,5.59590444371142,1.40933821302606,5
"linear",16,3,1,12,"K2_c14","local",14,90,22,125,4.23164443309545,4.96560219333164,1.64816294790926,5
"linear",16,4,0.5,1,"K1_global","global",1,160,12,125,2.62618216828687,3.11629099405325,0.851225214566218,2.5
"linear",16,4,0.5,1,"K2_c10","local",10,64,31,125,3.59480373218017,4.36738877346536,0.745541685789157,2.5
"linear",16,4,0.5,1,"K2_c12","local",12,77,25,125,3.4601325347081,4.27872414420757,0.581308882649108,2.5
"linear",16,4,0.5,1,"K2_c14","local",14,90,22,125,3.04596900834625,3.70804960057478,0.648885529240349,2.5
"linear",16,4,0.5,2,"K1_global","global",1,160,12,125,2.57850016551009,3.03232681308935,0.974993644924504,2.5
"linear",16,4,0.5,2,"K2_c10","local",10,64,31,125,3.33536821187141,3.89458055733204,0.877450390354414,2.5
"linear",16,4,0.5,2,"K2_c12","local",12,77,25,125,3.30149807586783,4.04147759133955,0.785213819473434,2.5
"linear",16,4,0.5,2,"K2_c14","local",14,90,22,125,2.84907296141,3.38568391109104,0.82636803370904,2.5
"linear",16,4,0.5,3,"K1_global","global",1,160,12,125,2.53781153767876,2.99604951463211,1.02140362948614,2.5
"linear",16,4,0.5,3,"K2_c10","local",10,64,31,125,3.36615643874362,4.05757594206599,0.989737043198629,2.5
"linear",16,4,0.5,3,"K2_c12","local",12,77,25,125,3.33678752758529,4.03720436765037,0.903867442476742,2.5
"linear",16,4,0.5,3,"K2_c14","local",14,90,22,125,2.92621061735351,3.51595018430877,1.04723779113441,2.5
"linear",16,4,0.5,4,"K1_global","global",1,160,12,125,2.56714844232282,2.96879909984465,0.822578090659508,2.5
"linear",16,4,0.5,4,"K2_c10","local",10,64,31,125,3.30406813303593,3.99334672718324,0.738812559733974,2.5
"linear",16,4,0.5,4,"K2_c12","local",12,77,25,125,3.31492570798626,3.99675645158412,0.733404528694862,2.5
"linear",16,4,0.5,4,"K2_c14","local",14,90,22,125,2.89037551136283,3.48242163100473,0.847782781001297,2.5
"linear",16,4,0.5,5,"K1_global","global",1,160,12,125,2.61888478935373,3.10505250983882,0.763949674509607,2.5
"linear",16,4,0.5,5,"K2_c10","local",10,64,31,125,3.43785452250484,4.14793144196832,0.591526783306982,2.5
"linear",16,4,0.5,5,"K2_c12","local",12,77,25,125,3.43184310868428,4.18477307587939,0.812748631163774,2.5
"linear",16,4,0.5,5,"K2_c14","local",14,90,22,125,3.02523551490158,3.63058910365488,0.543147259500467,2.5
"linear",16,4,0.5,6,"K1_global","global",1,160,12,125,2.52541470452318,2.92735558443452,0.894534143072349,2.5
"linear",16,4,0.5,6,"K2_c10","local",10,64,31,125,3.23449669125583,3.92753287592304,0.881032711982546,2.5
"linear",16,4,0.5,6,"K2_c12","local",12,77,25,125,3.18458228036145,3.8668660206642,0.779135113833225,2.5
"linear",16,4,0.5,6,"K2_c14","local",14,90,22,125,2.76740802537134,3.27594866017792,0.951050988226899,2.5
"linear",16,4,0.5,7,"K1_global","global",1,160,12,125,2.66931853862707,3.12821128680559,1.00258464572406,2.5
"linear",16,4,0.5,7,"K2_c10","local",10,64,31,125,3.23060317489795,4.08022038068476,0.528161460961162,2.5
"linear",16,4,0.5,7,"K2_c12","local",12,77,25,125,3.35663741063845,4.09203447271794,0.749692434038884,2.5
"linear",16,4,0.5,7,"K2_c14","local",14,90,22,125,2.99269594941944,3.60534388953206,0.889360530355679,2.5
"linear",16,4,0.5,8,"K1_global","global",1,160,12,125,2.61862913706243,3.06196168063607,0.810861976061739,2.5
"linear",16,4,0.5,8,"K2_c10","local",10,64,31,125,3.29783692627628,4.04960756632507,0.681098392391071,2.5
"linear",16,4,0.5,8,"K2_c12","local",12,77,25,125,3.43350526358895,4.13784881957233,0.741976818706334,2.5
"linear",16,4,0.5,8,"K2_c14","local",14,90,22,125,3.10915862696792,3.72128412010924,0.754775393300052,2.5
"linear",16,4,0.5,9,"K1_global","global",1,160,12,125,2.4828503117832,2.91437962794718,0.819699651288293,2.5
"linear",16,4,0.5,9,"K2_c10","local",10,64,31,125,3.10212019636926,3.74320599019922,0.814044100895398,2.5
"linear",16,4,0.5,9,"K2_c12","local",12,77,25,125,3.07427937484609,3.76761064174931,0.636113816027154,2.5
"linear",16,4,0.5,9,"K2_c14","local",14,90,22,125,2.7820938493718,3.31834194372624,0.644491108737284,2.5
"linear",16,4,0.5,10,"K1_global","global",1,160,12,125,2.57990310948889,2.98127425792313,1.16058835376853,2.5
"linear",16,4,0.5,10,"K2_c10","local",10,64,31,125,3.30213548800821,3.98042959926019,0.948166936165245,2.5
"linear",16,4,0.5,10,"K2_c12","local",12,77,25,125,3.2269189995749,3.88030738030789,0.995794901632082,2.5
"linear",16,4,0.5,10,"K2_c14","local",14,90,22,125,3.12582326469994,3.65766772885391,1.17779046062711,2.5
"linear",16,4,0.5,11,"K1_global","global",1,160,12,125,2.51141506772135,2.9079236230477,0.939104847229138,2.5
"linear",16,4,0.5,11,"K2_c10","local",10,64,31,125,3.26974607802815,3.96506716793649,0.844227545686914,2.5
"linear",16,4,0.5,11,"K2_c12","local",12,77,25,125,3.13723524431827,3.7705161557955,0.721941978669021,2.5
"linear",16,4,0.5,11,"K2_c14","local",14,90,22,125,2.99613658705434,3.55893917273,0.693630878830107,2.5
"linear",16,4,0.5,12,"K1_global","global",1,160,12,125,2.52883691212203,2.97315239577373,0.762068346790811,2.5
"linear",16,4,0.5,12,"K2_c10","local",10,64,31,125,3.38193999577288,4.15247522141983,0.659727129944598,2.5
"linear",16,4,0.5,12,"K2_c12","local",12,77,25,125,3.47977353228579,4.2203307823123,0.669357204613147,2.5
"linear",16,4,0.5,12,"K2_c14","local",14,90,22,125,3.00862795267738,3.6290123889715,0.696699471848559,2.5
"linear",16,5,0.25,1,"K1_global","global",1,160,12,125,2.04283134662541,2.50665679968703,0.401942684817673,1.25
"linear",16,5,0.25,1,"K2_c10","local",10,64,31,125,2.71528866065726,3.34885781246275,0.464898745552401,1.25
"linear",16,5,0.25,1,"K2_c12","local",12,77,25,125,2.71520106993851,3.35044873662921,0.391087291298615,1.25
"linear",16,5,0.25,1,"K2_c14","local",14,90,22,125,2.39483124805949,2.93363242723607,0.455144160422805,1.25
"linear",16,5,0.25,2,"K1_global","global",1,160,12,125,1.93486420068014,2.36235938269863,0.553336928720263,1.25
"linear",16,5,0.25,2,"K2_c10","local",10,64,31,125,2.55141715249561,3.16735825161678,0.455355678028242,1.25
"linear",16,5,0.25,2,"K2_c12","local",12,77,25,125,2.83068034768441,3.42546703962082,0.454584225013563,1.25
"linear",16,5,0.25,2,"K2_c14","local",14,90,22,125,2.37453876842158,2.8226080227108,0.393688347538538,1.25
"linear",16,5,0.25,3,"K1_global","global",1,160,12,125,1.9937418928651,2.40786742794076,0.396184645115869,1.25
"linear",16,5,0.25,3,"K2_c10","local",10,64,31,125,2.67759217188385,3.27794746429512,0.484269458657047,1.25
"linear",16,5,0.25,3,"K2_c12","local",12,77,25,125,2.7258177369773,3.40304776543622,0.645553623019605,1.25
"linear",16,5,0.25,3,"K2_c14","local",14,90,22,125,2.41482841426166,2.91943647885223,0.463629625734632,1.25
"linear",16,5,0.25,4,"K1_global","global",1,160,12,125,2.05356550155989,2.47805150043765,0.494019905480098,1.25
"linear",16,5,0.25,4,"K2_c10","local",10,64,31,125,2.84308615323346,3.42601972177018,0.569185025183441,1.25
"linear",16,5,0.25,4,"K2_c12","local",12,77,25,125,2.77993637264061,3.40178978021006,0.493499285218398,1.25
"linear",16,5,0.25,4,"K2_c14","local",14,90,22,125,2.45336123936825,2.94853554560052,0.561890682555651,1.25
"linear",16,5,0.25,5,"K1_global","global",1,160,12,125,1.97333751173286,2.36284823387365,0.506000852619471,1.25
"linear",16,5,0.25,5,"K2_c10","local",10,64,31,125,2.7483623700935,3.37987589492347,0.49578196136085,1.25
"linear",16,5,0.25,5,"K2_c12","local",12,77,25,125,2.73260891449035,3.3520867504878,0.453240807499994,1.25
"linear",16,5,0.25,5,"K2_c14","local",14,90,22,125,2.37716439430947,2.91878534277896,0.41790970816227,1.25
"linear",16,5,0.25,6,"K1_global","global",1,160,12,125,2.05200400041417,2.45310143924702,0.673474611632142,1.25
"linear",16,5,0.25,6,"K2_c10","local",10,64,31,125,2.52767071300469,3.12490594323016,0.580319012404326,1.25
"linear",16,5,0.25,6,"K2_c12","local",12,77,25,125,2.65718116502202,3.27465136992548,0.592052969822724,1.25
"linear",16,5,0.25,6,"K2_c14","local",14,90,22,125,2.33507394295744,2.85908335442518,0.590904097887506,1.25
"linear",16,5,0.25,7,"K1_global","global",1,160,12,125,1.88034031437372,2.32692038867147,0.404967332926958,1.25
"linear",16,5,0.25,7,"K2_c10","local",10,64,31,125,2.69750012473986,3.27927804185338,0.416004283591643,1.25
"linear",16,5,0.25,7,"K2_c12","local",12,77,25,125,2.67554043789304,3.35731651363302,0.469936586476173,1.25
"linear",16,5,0.25,7,"K2_c14","local",14,90,22,125,2.38365667535279,2.89919154218418,0.390180404750747,1.25
"linear",16,5,0.25,8,"K1_global","global",1,160,12,125,1.90567060157123,2.31858583926694,0.414823776594271,1.25
"linear",16,5,0.25,8,"K2_c10","local",10,64,31,125,2.50795096128442,3.03789747522075,0.395110488039331,1.25
"linear",16,5,0.25,8,"K2_c12","local",12,77,25,125,2.60863978077637,3.2168727618507,0.439541904522884,1.25
"linear",16,5,0.25,8,"K2_c14","local",14,90,22,125,2.36494050944064,2.92454895861632,0.42857347586052,1.25
"linear",16,5,0.25,9,"K1_global","global",1,160,12,125,1.93846472845941,2.35516782327139,0.572492632867087,1.25
"linear",16,5,0.25,9,"K2_c10","local",10,64,31,125,2.78614023361235,3.35905142938634,0.494922582416469,1.25
"linear",16,5,0.25,9,"K2_c12","local",12,77,25,125,2.802928331948,3.43551088455292,0.480128203844872,1.25
"linear",16,5,0.25,9,"K2_c14","local",14,90,22,125,2.46100301325219,2.97609309790303,0.524886958848758,1.25
"linear",16,5,0.25,10,"K1_global","global",1,160,12,125,1.88971046173079,2.34148015996416,0.334919446270667,1.25
"linear",16,5,0.25,10,"K2_c10","local",10,64,31,125,2.65249187379253,3.2591108083138,0.441549028131133,1.25
"linear",16,5,0.25,10,"K2_c12","local",12,77,25,125,2.65850868492719,3.33378785083405,0.399654844926273,1.25
"linear",16,5,0.25,10,"K2_c14","local",14,90,22,125,2.4301452044321,2.93957437969876,0.456021195834485,1.25
"linear",16,5,0.25,11,"K1_global","global",1,160,12,125,2.02990528815006,2.44102339328054,0.581892117817719,1.25
"linear",16,5,0.25,11,"K2_c10","local",10,64,31,125,2.75530582216102,3.33846821111642,0.460705390657127,1.25
"linear",16,5,0.25,11,"K2_c12","local",12,77,25,125,2.8760663123435,3.58122277271968,0.466738089558939,1.25
"linear",16,5,0.25,11,"K2_c14","local",14,90,22,125,2.47380858233599,2.93872754659386,0.457248044600693,1.25
"linear",16,5,0.25,12,"K1_global","global",1,160,12,125,1.92795845096331,2.34002855302369,0.367245256527203,1.25
"linear",16,5,0.25,12,"K2_c10","local",10,64,31,125,2.71166123296696,3.34723217734531,0.447954772732663,1.25
"linear",16,5,0.25,12,"K2_c12","local",12,77,25,125,2.73759566347536,3.36488657139277,0.509504895687675,1.25
"linear",16,5,0.25,12,"K2_c14","local",14,90,22,125,2.36373300174094,2.87846213153298,0.407935734219599,1.25
"linear",16,6,0.1,1,"K1_global","global",1,160,12,125,1.74373221146099,2.12402868963017,0.319546814012581,0.5
"linear",16,6,0.1,1,"K2_c10","local",10,64,31,125,2.47578741923167,2.98526609168494,0.432388117619041,0.5
"linear",16,6,0.1,1,"K2_c12","local",12,77,25,125,2.45960268661759,3.07810986984934,0.432010701637043,0.5
"linear",16,6,0.1,1,"K2_c14","local",14,90,22,125,2.16865776986678,2.66766634232051,0.381578537598677,0.5
"linear",16,6,0.1,2,"K1_global","global",1,160,12,125,1.71502585111502,2.1244674233646,0.352628974888044,0.5
"linear",16,6,0.1,2,"K2_c10","local",10,64,31,125,2.67036223818069,3.23519096928282,0.410041726850111,0.5
"linear",16,6,0.1,2,"K2_c12","local",12,77,25,125,2.68963652528954,3.29855783346266,0.44753142724197,0.5
"linear",16,6,0.1,2,"K2_c14","local",14,90,22,125,2.30349723087299,2.79854183206721,0.363357988248243,0.5
"linear",16,6,0.1,3,"K1_global","global",1,160,12,125,1.73710841269778,2.16652743384599,0.269890055383083,0.5
"linear",16,6,0.1,3,"K2_c10","local",10,64,31,125,2.55508279715996,3.07520026196841,0.405511362953822,0.5
"linear",16,6,0.1,3,"K2_c12","local",12,77,25,125,2.58015770302034,3.20047930146493,0.398748729486829,0.5
"linear",16,6,0.1,3,"K2_c14","local",14,90,22,125,2.23635476305442,2.70881681239396,0.387359475774141,0.5
"linear",16,6,0.1,4,"K1_global","global",1,160,12,125,1.69818463910258,2.10218706973591,0.296409632003381,0.5
"linear",16,6,0.1,4,"K2_c10","local",10,64,31,125,2.42725223408576,2.96282968411845,0.370900333003358,0.5
"linear",16,6,0.1,4,"K2_c12","local",12,77,25,125,2.43596153776098,3.058112220381,0.421655772854133,0.5
"linear",16,6,0.1,4,"K2_c14","local",14,90,22,125,2.27692106130279,2.74602261221728,0.383258763555442,0.5
"linear",16,6,0.1,5,"K1_global","global",1,160,12,125,1.74154471604105,2.15706605341696,0.316574324108228,0.5
"linear",16,6,0.1,5,"K2_c10","local",10,64,31,125,2.48801943394384,3.02197299408175,0.418510010451208,0.5
"linear",16,6,0.1,5,"K2_c12","local",12,77,25,125,2.41119110067538,2.97532800450199,0.331333857207303,0.5
"linear",16,6,0.1,5,"K2_c14","local",14,90,22,125,2.21382891916138,2.6957433855062,0.366872159108264,0.5
"linear",16,6,0.1,6,"K1_global","global",1,160,12,125,1.73609127382609,2.1502387607818,0.287479392174376,0.5
"linear",16,6,0.1,6,"K2_c10","local",10,64,31,125,2.5185139796754,3.10002915083975,0.428525530318596,0.5
"linear",16,6,0.1,6,"K2_c12","local",12,77,25,125,2.57455120782772,3.19482421945706,0.460420982032316,0.5
"linear",16,6,0.1,6,"K2_c14","local",14,90,22,125,2.27248565092251,2.80316435398999,0.371270829482577,0.5
"linear",16,6,0.1,7,"K1_global","global",1,160,12,125,1.75099109759031,2.17917998629883,0.291580793396277,0.5
"linear",16,6,0.1,7,"K2_c10","local",10,64,31,125,2.58282782718196,3.08138890767151,0.404906699181322,0.5
"linear",16,6,0.1,7,"K2_c12","local",12,77,25,125,2.51241307055966,3.10944199737106,0.422265796426372,0.5
"linear",16,6,0.1,7,"K2_c14","local",14,90,22,125,2.18866425356355,2.67619467071499,0.363352215452124,0.5
"linear",16,6,0.1,8,"K1_global","global",1,160,12,125,1.69037671597756,2.10102363694485,0.304190540402139,0.5
"linear",16,6,0.1,8,"K2_c10","local",10,64,31,125,2.43751269446302,2.96119132422125,0.43606905407341,0.5
"linear",16,6,0.1,8,"K2_c12","local",12,77,25,125,2.376805250055,2.99713457945405,0.436394869558156,0.5
"linear",16,6,0.1,8,"K2_c14","local",14,90,22,125,2.21266260239877,2.7007867770106,0.450268472139451,0.5
"linear",16,6,0.1,9,"K1_global","global",1,160,12,125,1.67759569730642,2.10020164889338,0.244868432817371,0.5
"linear",16,6,0.1,9,"K2_c10","local",10,64,31,125,2.50553482935681,3.03491724901987,0.413244476311516,0.5
"linear",16,6,0.1,9,"K2_c12","local",12,77,25,125,2.46934104039411,3.0740976663994,0.425346942045785,0.5
"linear",16,6,0.1,9,"K2_c14","local",14,90,22,125,2.30588252774496,2.78266772911756,0.404394215807254,0.5
"linear",16,6,0.1,10,"K1_global","global",1,160,12,125,1.69520677005158,2.08842477688261,0.326789342061409,0.5
"linear",16,6,0.1,10,"K2_c10","local",10,64,31,125,2.46261227154087,2.96586708012745,0.4476839917084,0.5
"linear",16,6,0.1,10,"K2_c12","local",12,77,25,125,2.4269579251295,3.04173067223294,0.509557268501467,0.5
"linear",16,6,0.1,10,"K2_c14","local",14,90,22,125,2.33460089607989,2.8534211802793,0.487319406792479,0.5
"linear",16,6,0.1,11,"K1_global","global",1,160,12,125,1.7132508997701,2.12400773352504,0.334159217029594,0.5
"linear",16,6,0.1,11,"K2_c10","local",10,64,31,125,2.55445894777944,3.09241715700687,0.378602246941366,0.5
"linear",16,6,0.1,11,"K2_c12","local",12,77,25,125,2.48297518091892,3.07273989016702,0.362945027585178,0.5
"linear",16,6,0.1,11,"K2_c14","local",14,90,22,125,2.17195047560742,2.65090768940106,0.402373420504384,0.5
"linear",16,6,0.1,12,"K1_global","global",1,160,12,125,1.69089606907307,2.10989775281214,0.265776213304739,0.5
"linear",16,6,0.1,12,"K2_c10","local",10,64,31,125,2.43253455255009,2.99924999646289,0.373567241221984,0.5
"linear",16,6,0.1,12,"K2_c12","local",12,77,25,125,2.53424606979541,3.17865912128497,0.421677759777435,0.5
"linear",16,6,0.1,12,"K2_c14","local",14,90,22,125,2.26211875172663,2.77969235213078,0.358047955499399,0.5
"linear",17,1,4,1,"K1_global","global",1,160,12,125,13.5564143710185,14.4774343891856,7.81279498157816,20
"linear",17,1,4,1,"K2_c10","local",10,64,31,125,14.6565329983931,16.4810753834105,6.81239172287227,20
"linear",17,1,4,1,"K2_c12","local",12,77,25,125,13.8233696925931,15.534057091528,6.79471812626885,20
"linear",17,1,4,1,"K2_c14","local",14,90,22,125,13.9324122092102,15.3406500428375,7.36693550223835,20
"linear",17,1,4,2,"K1_global","global",1,160,12,125,13.8458759454881,14.8084290998605,6.31343197032602,20
"linear",17,1,4,2,"K2_c10","local",10,64,31,125,14.4636238656968,16.6929470126198,4.82582304441903,20
"linear",17,1,4,2,"K2_c12","local",12,77,25,125,14.1856267802485,16.0971536717923,5.27993622844616,20
"linear",17,1,4,2,"K2_c14","local",14,90,22,125,14.1484735257475,15.6649900611526,5.65023731069278,20
"linear",17,1,4,3,"K1_global","global",1,160,12,125,13.1742569585319,14.0984557853476,9.05849721023543,20
"linear",17,1,4,3,"K2_c10","local",10,64,31,125,14.1896854809216,15.9665494727736,8.02644679500172,20
"linear",17,1,4,3,"K2_c12","local",12,77,25,125,13.7850688192314,15.4315983873045,8.29779376902054,20
"linear",17,1,4,3,"K2_c14","local",14,90,22,125,13.6577376849852,15.1504982169688,8.49516297393224,20
"linear",17,1,4,4,"K1_global","global",1,160,12,125,13.8230418908722,14.9264148576405,8.08997682045838,20
"linear",17,1,4,4,"K2_c10","local",10,64,31,125,14.9385710892958,17.3964223049971,5.84230993748839,20
"linear",17,1,4,4,"K2_c12","local",12,77,25,125,14.3834021832653,16.5516296920808,6.34830235143852,20
"linear",17,1,4,4,"K2_c14","local",14,90,22,125,13.3169820684744,15.0243094521208,5.56576449811734,20
"linear",17,1,4,5,"K1_global","global",1,160,12,125,14.0746336248573,14.9339509784405,6.89889408990512,20
"linear",17,1,4,5,"K2_c10","local",10,64,31,125,13.915861084257,15.7706726519501,5.70728758369448,20
"linear",17,1,4,5,"K2_c12","local",12,77,25,125,14.3153918201064,15.8921298903477,6.03569327336771,20
"linear",17,1,4,5,"K2_c14","local",14,90,22,125,13.9991898706955,15.2127922336655,6.79849110904524,20
"linear",17,1,4,6,"K1_global","global",1,160,12,125,14.3105612380465,15.1567104136008,7.56997450233908,20
"linear",17,1,4,6,"K2_c10","local",10,64,31,125,15.0653746342809,17.2719071030266,6.21286489103508,20
"linear",17,1,4,6,"K2_c12","local",12,77,25,125,13.8895636295906,15.6741497188443,5.36964382060729,20
"linear",17,1,4,6,"K2_c14","local",14,90,22,125,14.1797476928422,15.5938435520563,6.40851722122175,20
"linear",17,1,4,7,"K1_global","global",1,160,12,125,13.7302074530991,14.6448680221888,8.05434706736031,20
"linear",17,1,4,7,"K2_c10","local",10,64,31,125,14.3335056016029,16.5471399193629,6.28780920812941,20
"linear",17,1,4,7,"K2_c12","local",12,77,25,125,14.3412983900303,16.1612303394854,7.07569966516529,20
"linear",17,1,4,7,"K2_c14","local",14,90,22,125,13.6053083156163,15.1013900797612,7.00624747812003,20
"linear",17,1,4,8,"K1_global","global",1,160,12,125,14.1206337973972,14.878787817469,8.25716435647258,20
"linear",17,1,4,8,"K2_c10","local",10,64,31,125,14.2081634554601,16.004079194052,6.29991732670979,20
"linear",17,1,4,8,"K2_c12","local",12,77,25,125,13.976011909609,15.4197205331204,6.98478292406264,20
"linear",17,1,4,8,"K2_c14","local",14,90,22,125,13.7050579562698,15.1004277596384,7.24323709051674,20
"linear",17,1,4,9,"K1_global","global",1,160,12,125,14.02871028204,14.8509730354072,9.38592400977775,20
"linear",17,1,4,9,"K2_c10","local",10,64,31,125,13.8413417589534,15.901426320691,6.3471019957589,20
"linear",17,1,4,9,"K2_c12","local",12,77,25,125,13.2177834686515,15.1474802166418,6.37963348655303,20
"linear",17,1,4,9,"K2_c14","local",14,90,22,125,12.7550034330548,14.4196955603345,6.93250889516339,20
"linear",17,1,4,10,"K1_global","global",1,160,12,125,14.051734066517,15.0511463526381,6.67193235355545,20
"linear",17,1,4,10,"K2_c10","local",10,64,31,125,14.850966484674,16.8486817133581,5.27309066393897,20
"linear",17,1,4,10,"K2_c12","local",12,77,25,125,14.5794964238102,16.4363136584296,5.39883848958861,20
"linear",17,1,4,10,"K2_c14","local",14,90,22,125,14.0183317505774,15.6814886576177,5.74413503527356,20
"linear",17,1,4,11,"K1_global","global",1,160,12,125,13.6290663231298,14.4548798907918,5.86218709267508,20
"linear",17,1,4,11,"K2_c10","local",10,64,31,125,13.861533526993,15.7327802800717,4.51619315965538,20
"linear",17,1,4,11,"K2_c12","local",12,77,25,125,13.7308265987728,15.2871426008154,4.61600532341943,20
"linear",17,1,4,11,"K2_c14","local",14,90,22,125,12.7648136203916,14.2629076887075,4.72185132822357,20
"linear",17,1,4,12,"K1_global","global",1,160,12,125,13.5571767142054,14.6464292071945,6.97633660375593,20
"linear",17,1,4,12,"K2_c10","local",10,64,31,125,13.705495909779,16.03464573852,5.39856300676788,20
"linear",17,1,4,12,"K2_c12","local",12,77,25,125,13.6882715244887,15.5381571195,5.7635400203709,20
"linear",17,1,4,12,"K2_c14","local",14,90,22,125,13.8909776245486,15.5498403654345,6.33772686646002,20
"linear",17,2,2,1,"K1_global","global",1,160,12,125,6.98107743867193,7.55559079143441,3.44154519229734,10
"linear",17,2,2,1,"K2_c10","local",10,64,31,125,7.82241857236337,9.16974811878618,2.54839967478906,10
"linear",17,2,2,1,"K2_c12","local",12,77,25,125,7.08561580320169,8.17527741993562,2.26131430437506,10
"linear",17,2,2,1,"K2_c14","local",14,90,22,125,7.06960931328273,7.94865786130082,2.67357248276548,10
"linear",17,2,2,2,"K1_global","global",1,160,12,125,6.90458972750294,7.53261609026129,3.42736515414847,10
"linear",17,2,2,2,"K2_c10","local",10,64,31,125,7.67181558639908,8.97343381005496,2.71519335651165,10
"linear",17,2,2,2,"K2_c12","local",12,77,25,125,7.46314140034567,8.51016529048587,2.95894295531198,10
"linear",17,2,2,2,"K2_c14","local",14,90,22,125,7.02813051921138,8.03200039829087,2.67990116025395,10
"linear",17,2,2,3,"K1_global","global",1,160,12,125,7.24899605890802,7.82890661903192,3.6999843648663,10
"linear",17,2,2,3,"K2_c10","local",10,64,31,125,7.95930468114633,9.11795268723758,3.21298470714339,10
"linear",17,2,2,3,"K2_c12","local",12,77,25,125,7.4796902032486,8.40189954631891,3.03436733131228,10
"linear",17,2,2,3,"K2_c14","local",14,90,22,125,7.42693729300907,8.23706001031733,3.24341402509102,10
"linear",17,2,2,4,"K1_global","global",1,160,12,125,7.05152920250403,7.57138567295132,3.85868441405088,10
"linear",17,2,2,4,"K2_c10","local",10,64,31,125,7.64909050953178,8.65521139090822,3.46429575093275,10
"linear",17,2,2,4,"K2_c12","local",12,77,25,125,7.59722331799733,8.65035543986337,3.35273793434993,10
"linear",17,2,2,4,"K2_c14","local",14,90,22,125,7.16117534876368,8.06359538747709,3.52996744825959,10
"linear",17,2,2,5,"K1_global","global",1,160,12,125,6.99604430369843,7.57465802472762,3.26537513522,10
"linear",17,2,2,5,"K2_c10","local",10,64,31,125,7.65980455644376,8.93782907616825,2.88512401653274,10
"linear",17,2,2,5,"K2_c12","local",12,77,25,125,7.25816865897647,8.35008480218021,2.72392850750301,10
"linear",17,2,2,5,"K2_c14","local",14,90,22,125,7.20733374182493,8.23661573852443,2.86542551523573,10
"linear",17,2,2,6,"K1_global","global",1,160,12,125,7.51793835883437,8.02046605962064,3.44010261399755,10
"linear",17,2,2,6,"K2_c10","local",10,64,31,125,8.09042607145363,9.24159054774194,2.67283719876132,10
"linear",17,2,2,6,"K2_c12","local",12,77,25,125,7.73695177568673,8.74726823741941,2.78106372918844,10
"linear",17,2,2,6,"K2_c14","local",14,90,22,125,7.38229200436915,8.23295692995769,2.57359005885898,10
"linear",17,2,2,7,"K1_global","global",1,160,12,125,6.97634064538896,7.66514690302586,3.11607226147019,10
"linear",17,2,2,7,"K2_c10","local",10,64,31,125,7.83479456188867,8.90300325787122,2.65268239181136,10
"linear",17,2,2,7,"K2_c12","local",12,77,25,125,7.07806996807841,8.17235920003041,2.56579640184743,10
"linear",17,2,2,7,"K2_c14","local",14,90,22,125,7.04048258866243,8.00403958524894,2.88084116993379,10
"linear",17,2,2,8,"K1_global","global",1,160,12,125,6.8398566782036,7.35368410419415,3.70321611875303,10
"linear",17,2,2,8,"K2_c10","local",10,64,31,125,7.9965844022473,9.30844159905503,3.19413014202719,10
"linear",17,2,2,8,"K2_c12","local",12,77,25,125,7.53663933441296,8.49951065772968,3.51004839853784,10
"linear",17,2,2,8,"K2_c14","local",14,90,22,125,7.32195751996233,8.17591453265371,3.71609541696913,10
"linear",17,2,2,9,"K1_global","global",1,160,12,125,7.30649729123832,7.78006331191825,4.40812955945558,10
"linear",17,2,2,9,"K2_c10","local",10,64,31,125,7.56114735607196,8.75753260473796,3.05550344437917,10
"linear",17,2,2,9,"K2_c12","local",12,77,25,125,7.10841276090602,8.07692579346969,3.18786424747207,10
"linear",17,2,2,9,"K2_c14","local",14,90,22,125,7.26810120777413,8.07430697921201,3.67479532968546,10
"linear",17,2,2,10,"K1_global","global",1,160,12,125,7.33498647705472,7.87336484985988,2.9898964926933,10
"linear",17,2,2,10,"K2_c10","local",10,64,31,125,8.07443561577479,9.15666539862641,2.6518494723477,10
"linear",17,2,2,10,"K2_c12","local",12,77,25,125,7.74804039329683,8.7192014207841,2.84015988020524,10
"linear",17,2,2,10,"K2_c14","local",14,90,22,125,7.41134486102418,8.31005871372472,2.65269370816412,10
"linear",17,2,2,11,"K1_global","global",1,160,12,125,6.70053509831412,7.23652453938005,2.87163035590787,10
"linear",17,2,2,11,"K2_c10","local",10,64,31,125,8.01692709883159,9.30633809691169,2.47142748996357,10
"linear",17,2,2,11,"K2_c12","local",12,77,25,125,7.17241003502355,8.24169396240559,2.52238639637864,10
"linear",17,2,2,11,"K2_c14","local",14,90,22,125,7.26110552484702,8.07295884643562,2.71297548887521,10
"linear",17,2,2,12,"K1_global","global",1,160,12,125,6.71711984729321,7.30355809036484,3.72723149916809,10
"linear",17,2,2,12,"K2_c10","local",10,64,31,125,8.07795410598191,9.63918874105234,2.8948590346054,10
"linear",17,2,2,12,"K2_c12","local",12,77,25,125,7.22331195839324,8.32258221681862,2.89434279361352,10
"linear",17,2,2,12,"K2_c14","local",14,90,22,125,7.07537292824731,8.14103859439218,3.14991806591897,10
"linear",17,3,1,1,"K1_global","global",1,160,12,125,3.79069661132815,4.21849625513232,1.81835807050039,5
"linear",17,3,1,1,"K2_c10","local",10,64,31,125,4.9096004743438,5.70906801696154,1.50395914718344,5
"linear",17,3,1,1,"K2_c12","local",12,77,25,125,4.09358112343759,4.74351788965745,1.3175017836532,5
"linear",17,3,1,1,"K2_c14","local",14,90,22,125,4.14426563030162,4.75768002184141,1.57783202418782,5
"linear",17,3,1,2,"K1_global","global",1,160,12,125,3.85973402837322,4.26816813628981,1.63116255483764,5
"linear",17,3,1,2,"K2_c10","local",10,64,31,125,4.48031131070598,5.29193084613174,1.31557273309061,5
"linear",17,3,1,2,"K2_c12","local",12,77,25,125,4.25985058326477,4.96557854009001,1.38363251552341,5
"linear",17,3,1,2,"K2_c14","local",14,90,22,125,4.1157165924863,4.75967675453618,1.42710474384055,5
"linear",17,3,1,3,"K1_global","global",1,160,12,125,3.75421222725952,4.11999202219153,1.62223805841237,5
"linear",17,3,1,3,"K2_c10","local",10,64,31,125,4.52018271990181,5.31300198555052,1.18021964250972,5
"linear",17,3,1,3,"K2_c12","local",12,77,25,125,4.01819370919332,4.62868310105564,1.35155409893034,5
"linear",17,3,1,3,"K2_c14","local",14,90,22,125,3.98819303907758,4.56877285625392,1.19251400803337,5
"linear",17,3,1,4,"K1_global","global",1,160,12,125,3.88541746603996,4.31316496997793,1.81190719066893,5
"linear",17,3,1,4,"K2_c10","local",10,64,31,125,4.79158592716658,5.69010692832873,1.59245248696489,5
"linear",17,3,1,4,"K2_c12","local",12,77,25,125,4.38264159759283,5.16802900281702,1.53116496536962,5
"linear",17,3,1,4,"K2_c14","local",14,90,22,125,4.37940516589595,5.09530751405898,1.59678747265783,5
"linear",17,3,1,5,"K1_global","global",1,160,12,125,3.64038492910907,4.00304379494908,1.70762565684237,5
"linear",17,3,1,5,"K2_c10","local",10,64,31,125,4.28150315869462,5.07533561732866,1.24751777301119,5
"linear",17,3,1,5,"K2_c12","local",12,77,25,125,4.09344444843098,4.75124237963636,1.63085086776404,5
"linear",17,3,1,5,"K2_c14","local",14,90,22,125,4.03377031875925,4.61065730916011,1.72825911319388,5
"linear",17,3,1,6,"K1_global","global",1,160,12,125,3.93195147340724,4.33704078816729,1.94293146147687,5
"linear",17,3,1,6,"K2_c10","local",10,64,31,125,4.68907377346949,5.49849871567806,1.57826812782118,5
"linear",17,3,1,6,"K2_c12","local",12,77,25,125,4.34137320851244,5.06315983001313,1.66359834588269,5
"linear",17,3,1,6,"K2_c14","local",14,90,22,125,4.14461076835407,4.76587133249827,1.86791052565878,5
"linear",17,3,1,7,"K1_global","global",1,160,12,125,3.75993573715542,4.18514914774966,1.79452288852945,5
"linear",17,3,1,7,"K2_c10","local",10,64,31,125,4.49944830314991,5.33055148426567,1.35286142107356,5
"linear",17,3,1,7,"K2_c12","local",12,77,25,125,4.11879732063523,4.79847639600122,1.49389255652302,5
"linear",17,3,1,7,"K2_c14","local",14,90,22,125,3.95198810322097,4.5164496279633,1.5077160495271,5
"linear",17,3,1,8,"K1_global","global",1,160,12,125,3.73831962953996,4.18782018310296,2.27719376413537,5
"linear",17,3,1,8,"K2_c10","local",10,64,31,125,4.60546435880075,5.56122997552835,1.44620252295045,5
"linear",17,3,1,8,"K2_c12","local",12,77,25,125,4.04602700527625,4.79105939381025,1.6692559232575,5
"linear",17,3,1,8,"K2_c14","local",14,90,22,125,3.85320178387172,4.51160375037902,1.62257339631116,5
"linear",17,3,1,9,"K1_global","global",1,160,12,125,3.80421567196716,4.21412871979411,1.66576291248991,5
"linear",17,3,1,9,"K2_c10","local",10,64,31,125,4.33683974182887,5.13655554502018,1.23577921607665,5
"linear",17,3,1,9,"K2_c12","local",12,77,25,125,4.06994221426561,4.78329753396659,1.17115040284953,5
"linear",17,3,1,9,"K2_c14","local",14,90,22,125,3.83645914473358,4.43693739970117,1.16457129451298,5
"linear",17,3,1,10,"K1_global","global",1,160,12,125,3.83838542385321,4.24369512183724,1.51494579998044,5
"linear",17,3,1,10,"K2_c10","local",10,64,31,125,4.60038813179441,5.37491044482148,1.28667949436013,5
"linear",17,3,1,10,"K2_c12","local",12,77,25,125,4.23422595365133,4.90068932186839,1.38678870758871,5
"linear",17,3,1,10,"K2_c14","local",14,90,22,125,3.97317787524237,4.55684911433969,1.37984658289482,5
"linear",17,3,1,11,"K1_global","global",1,160,12,125,3.74469500818632,4.14906771851556,1.61562044766747,5
"linear",17,3,1,11,"K2_c10","local",10,64,31,125,4.60498535537093,5.4340677870699,1.09378261765937,5
"linear",17,3,1,11,"K2_c12","local",12,77,25,125,4.04972304707207,4.77558862633066,1.10339799194435,5
"linear",17,3,1,11,"K2_c14","local",14,90,22,125,3.85222552476225,4.40720722981818,1.15990086660637,5
"linear",17,3,1,12,"K1_global","global",1,160,12,125,3.77425841445063,4.22841123869537,1.87922019100852,5
"linear",17,3,1,12,"K2_c10","local",10,64,31,125,4.47499558900365,5.37949725518062,1.20505812108218,5
"linear",17,3,1,12,"K2_c12","local",12,77,25,125,4.18154451974733,4.91864616948491,1.26524120914793,5
"linear",17,3,1,12,"K2_c14","local",14,90,22,125,4.09490852184977,4.79026301404693,1.53550731488917,5
"linear",17,4,0.5,1,"K1_global","global",1,160,12,125,2.27356444502297,2.70818497371828,0.687148866271811,2.5
"linear",17,4,0.5,1,"K2_c10","local",10,64,31,125,3.18421069563132,3.90307766158881,0.612385055725858,2.5
"linear",17,4,0.5,1,"K2_c12","local",12,77,25,125,2.67016068602568,3.2379842818826,0.564024506977807,2.5
"linear",17,4,0.5,1,"K2_c14","local",14,90,22,125,2.65891238360247,3.19306317931126,0.617542375558296,2.5
"linear",17,4,0.5,2,"K1_global","global",1,160,12,125,2.4730245565834,2.80798219009876,0.965079878950232,2.5
"linear",17,4,0.5,2,"K2_c10","local",10,64,31,125,3.18689916961209,3.8119682951661,0.740773263043422,2.5
"linear",17,4,0.5,2,"K2_c12","local",12,77,25,125,2.83943136153006,3.37135097849662,0.880391849421078,2.5
"linear",17,4,0.5,2,"K2_c14","local",14,90,22,125,2.79418580382384,3.27213012087133,0.968839657217062,2.5
"linear",17,4,0.5,3,"K1_global","global",1,160,12,125,2.31065395270593,2.66626581102586,0.910158881308406,2.5
"linear",17,4,0.5,3,"K2_c10","local",10,64,31,125,3.15466746203934,3.80029912703125,0.730594162817577,2.5
"linear",17,4,0.5,3,"K2_c12","local",12,77,25,125,2.85763791372099,3.40491806453695,0.830218501661997,2.5
"linear",17,4,0.5,3,"K2_c14","local",14,90,22,125,2.77658264248308,3.24315654621614,0.793512713032525,2.5
"linear",17,4,0.5,4,"K1_global","global",1,160,12,125,2.24386363570305,2.65583270957165,0.656483043284449,2.5
"linear",17,4,0.5,4,"K2_c10","local",10,64,31,125,3.12326459255785,3.78468413555136,0.644388683283292,2.5
"linear",17,4,0.5,4,"K2_c12","local",12,77,25,125,2.8072569242317,3.33768579685731,0.678741401645347,2.5
"linear",17,4,0.5,4,"K2_c14","local",14,90,22,125,2.70403617290733,3.17451676346739,0.823129801307131,2.5
"linear",17,4,0.5,5,"K1_global","global",1,160,12,125,2.3901294225255,2.76188080419557,0.75697526947839,2.5
"linear",17,4,0.5,5,"K2_c10","local",10,64,31,125,3.14864724818415,3.79632915222162,0.588947004309471,2.5
"linear",17,4,0.5,5,"K2_c12","local",12,77,25,125,2.89537598419584,3.38858214737829,0.743715388062501,2.5
"linear",17,4,0.5,5,"K2_c14","local",14,90,22,125,2.6678203967757,3.15651782452686,0.674467718649217,2.5
"linear",17,4,0.5,6,"K1_global","global",1,160,12,125,2.35220853795086,2.74529168872427,0.904822076293915,2.5
"linear",17,4,0.5,6,"K2_c10","local",10,64,31,125,2.92536720561299,3.54265262681227,0.560647635532918,2.5
"linear",17,4,0.5,6,"K2_c12","local",12,77,25,125,2.68213925372919,3.25739904778044,0.739157627188198,2.5
"linear",17,4,0.5,6,"K2_c14","local",14,90,22,125,2.48169613320973,2.97874365741574,0.726232647115887,2.5
"linear",17,4,0.5,7,"K1_global","global",1,160,12,125,2.3436417657694,2.67659674831694,0.814957016544705,2.5
"linear",17,4,0.5,7,"K2_c10","local",10,64,31,125,2.94410590434449,3.50151060572893,0.747320655728444,2.5
"linear",17,4,0.5,7,"K2_c12","local",12,77,25,125,2.91544151974313,3.40204675494729,0.89838861056521,2.5
"linear",17,4,0.5,7,"K2_c14","local",14,90,22,125,2.73009042296906,3.20285898858754,0.754818691457804,2.5
"linear",17,4,0.5,8,"K1_global","global",1,160,12,125,2.48419346758826,2.83998792100355,0.971965962583931,2.5
"linear",17,4,0.5,8,"K2_c10","local",10,64,31,125,3.00223444988075,3.57844157549745,0.857202614406055,2.5
"linear",17,4,0.5,8,"K2_c12","local",12,77,25,125,2.89402463137967,3.41414411083289,0.878568748765521,2.5
"linear",17,4,0.5,8,"K2_c14","local",14,90,22,125,2.77091211086862,3.18044381411259,0.955471357301932,2.5
"linear",17,4,0.5,9,"K1_global","global",1,160,12,125,2.56332884300177,2.96489453984372,1.05189977363413,2.5
"linear",17,4,0.5,9,"K2_c10","local",10,64,31,125,3.2981434540527,3.96664386672203,0.693792140167544,2.5
"linear",17,4,0.5,9,"K2_c12","local",12,77,25,125,2.91680348890121,3.47357054674533,0.84733598890323,2.5
"linear",17,4,0.5,9,"K2_c14","local",14,90,22,125,2.89753720745037,3.40052846567424,0.969169088326816,2.5
"linear",17,4,0.5,10,"K1_global","global",1,160,12,125,2.37724919980397,2.74087606060348,0.922582443812152,2.5
"linear",17,4,0.5,10,"K2_c10","local",10,64,31,125,3.15873492125538,3.80070665177328,0.664541939107085,2.5
"linear",17,4,0.5,10,"K2_c12","local",12,77,25,125,2.79032039778147,3.36234079349467,0.638815336398288,2.5
"linear",17,4,0.5,10,"K2_c14","local",14,90,22,125,2.72069494558854,3.17937622420028,0.881604323872599,2.5
"linear",17,4,0.5,11,"K1_global","global",1,160,12,125,2.31536479042095,2.7170841084658,0.78984626944545,2.5
"linear",17,4,0.5,11,"K2_c10","local",10,64,31,125,3.32947585145987,3.99148283319698,0.72587543293706,2.5
"linear",17,4,0.5,11,"K2_c12","local",12,77,25,125,2.81978711480268,3.40754648614443,0.74520181296571,2.5
"linear",17,4,0.5,11,"K2_c14","local",14,90,22,125,2.74391437786364,3.2286210844601,0.835314777492046,2.5
"linear",17,4,0.5,12,"K1_global","global",1,160,12,125,2.40340866570454,2.78629918288624,1.05564720472536,2.5
"linear",17,4,0.5,12,"K2_c10","local",10,64,31,125,3.13306012639767,3.71409325929939,0.676754086223632,2.5
"linear",17,4,0.5,12,"K2_c12","local",12,77,25,125,2.73795576399464,3.24787644705589,0.812262671530096,2.5
"linear",17,4,0.5,12,"K2_c14","local",14,90,22,125,2.72171104844481,3.26075427620813,0.896107916244018,2.5
"linear",17,5,0.25,1,"K1_global","global",1,160,12,125,1.78335401553904,2.15754243090576,0.374512676146763,1.25
"linear",17,5,0.25,1,"K2_c10","local",10,64,31,125,2.58890653971159,3.13929286417706,0.409773125412414,1.25
"linear",17,5,0.25,1,"K2_c12","local",12,77,25,125,2.3323878685026,2.85563588810051,0.373244429794736,1.25
"linear",17,5,0.25,1,"K2_c14","local",14,90,22,125,2.15590982152808,2.60047989771084,0.381442152748382,1.25
"linear",17,5,0.25,2,"K1_global","global",1,160,12,125,1.89266289839173,2.25195710863159,0.482621806996595,1.25
"linear",17,5,0.25,2,"K2_c10","local",10,64,31,125,2.62792128122449,3.15091001769729,0.576571646139151,1.25
"linear",17,5,0.25,2,"K2_c12","local",12,77,25,125,2.40450120008557,2.92981748674508,0.45396179183162,1.25
"linear",17,5,0.25,2,"K2_c14","local",14,90,22,125,2.15575540608108,2.56511510616016,0.603012419008601,1.25
"linear",17,5,0.25,3,"K1_global","global",1,160,12,125,1.84462562347925,2.20704331429291,0.460528831531254,1.25
"linear",17,5,0.25,3,"K2_c10","local",10,64,31,125,2.41709768675137,2.93182444519727,0.518352042318636,1.25
"linear",17,5,0.25,3,"K2_c12","local",12,77,25,125,2.33609798284862,2.80197959222879,0.46346420679324,1.25
"linear",17,5,0.25,3,"K2_c14","local",14,90,22,125,2.16832558932738,2.57230938001656,0.402476612769308,1.25
"linear",17,5,0.25,4,"K1_global","global",1,160,12,125,1.81057748599302,2.20385631981801,0.374614614817858,1.25
"linear",17,5,0.25,4,"K2_c10","local",10,64,31,125,2.60187955711433,3.15773463679665,0.594303141361289,1.25
"linear",17,5,0.25,4,"K2_c12","local",12,77,25,125,2.28810054457568,2.82423876817405,0.390308784254124,1.25
"linear",17,5,0.25,4,"K2_c14","local",14,90,22,125,2.16866924038103,2.6632905245041,0.379596342421782,1.25
"linear",17,5,0.25,5,"K1_global","global",1,160,12,125,1.74791072927275,2.11726234513971,0.476873475920447,1.25
"linear",17,5,0.25,5,"K2_c10","local",10,64,31,125,2.55364990813024,3.04493061380017,0.526352891847956,1.25
"linear",17,5,0.25,5,"K2_c12","local",12,77,25,125,2.25662618396731,2.71140538534351,0.487563330090845,1.25
"linear",17,5,0.25,5,"K2_c14","local",14,90,22,125,2.17463447566764,2.65692151589901,0.492340161321133,1.25
"linear",17,5,0.25,6,"K1_global","global",1,160,12,125,1.91031971221947,2.24860802319348,0.647328311521018,1.25
"linear",17,5,0.25,6,"K2_c10","local",10,64,31,125,2.52357176351594,3.0319897070299,0.527088406018041,1.25
"linear",17,5,0.25,6,"K2_c12","local",12,77,25,125,2.31863354947279,2.81797648060548,0.545072128940662,1.25
"linear",17,5,0.25,6,"K2_c14","local",14,90,22,125,2.20128840896219,2.60071741501404,0.638629526513791,1.25
"linear",17,5,0.25,7,"K1_global","global",1,160,12,125,1.71699611988486,2.09604401330213,0.371507219644161,1.25
"linear",17,5,0.25,7,"K2_c10","local",10,64,31,125,2.55976992267259,3.09513173906634,0.523073898030545,1.25
"linear",17,5,0.25,7,"K2_c12","local",12,77,25,125,2.34764057829405,2.84961118852788,0.392676575270991,1.25
"linear",17,5,0.25,7,"K2_c14","local",14,90,22,125,2.2819240637556,2.73514933785305,0.375411827443525,1.25
"linear",17,5,0.25,8,"K1_global","global",1,160,12,125,1.73199580444151,2.10699747084556,0.362508115137973,1.25
"linear",17,5,0.25,8,"K2_c10","local",10,64,31,125,2.56271187631006,3.15826650446023,0.47777160354251,1.25
"linear",17,5,0.25,8,"K2_c12","local",12,77,25,125,2.23005674831672,2.7435974993494,0.347738084365864,1.25
"linear",17,5,0.25,8,"K2_c14","local",14,90,22,125,2.12794628245244,2.57660682894533,0.428356527258324,1.25
"linear",17,5,0.25,9,"K1_global","global",1,160,12,125,1.83514887725136,2.24205575900794,0.369544437331336,1.25
"linear",17,5,0.25,9,"K2_c10","local",10,64,31,125,2.67818563828083,3.2099055604698,0.504144730593503,1.25
"linear",17,5,0.25,9,"K2_c12","local",12,77,25,125,2.39053430611394,2.88501666351401,0.412017083081556,1.25
"linear",17,5,0.25,9,"K2_c14","local",14,90,22,125,2.17065592762947,2.61123532076824,0.481731853715141,1.25
"linear",17,5,0.25,10,"K1_global","global",1,160,12,125,1.79883636479255,2.17790656347829,0.417361700019953,1.25
"linear",17,5,0.25,10,"K2_c10","local",10,64,31,125,2.61881170678161,3.15024223652097,0.534115351994764,1.25
"linear",17,5,0.25,10,"K2_c12","local",12,77,25,125,2.40861620016713,2.88264262676666,0.471281554769264,1.25
"linear",17,5,0.25,10,"K2_c14","local",14,90,22,125,2.17402047974674,2.59863338282724,0.497246184941749,1.25
"linear",17,5,0.25,11,"K1_global","global",1,160,12,125,1.74904127393121,2.10229578282834,0.392350832705942,1.25
"linear",17,5,0.25,11,"K2_c10","local",10,64,31,125,2.72650016854051,3.2677870773899,0.529148225918481,1.25
"linear",17,5,0.25,11,"K2_c12","local",12,77,25,125,2.30886216450608,2.8237007411102,0.409232067935551,1.25
"linear",17,5,0.25,11,"K2_c14","local",14,90,22,125,2.10779812237594,2.5737128584923,0.400389192117194,1.25
"linear",17,5,0.25,12,"K1_global","global",1,160,12,125,1.695205648987,2.05591309276935,0.352574771727025,1.25
"linear",17,5,0.25,12,"K2_c10","local",10,64,31,125,2.42116669531215,2.94963374202685,0.469146591531743,1.25
"linear",17,5,0.25,12,"K2_c12","local",12,77,25,125,2.24632725373518,2.80118616015292,0.383417064489301,1.25
"linear",17,5,0.25,12,"K2_c14","local",14,90,22,125,2.07904962053787,2.50264648393787,0.411021614548817,1.25
"linear",17,6,0.1,1,"K1_global","global",1,160,12,125,1.63070707463566,2.01314565139467,0.326146197105936,0.5
"linear",17,6,0.1,1,"K2_c10","local",10,64,31,125,2.32341131598084,2.82125125520048,0.416025106652054,0.5
"linear",17,6,0.1,1,"K2_c12","local",12,77,25,125,2.13965183371604,2.61678549999834,0.367557884644409,0.5
"linear",17,6,0.1,1,"K2_c14","local",14,90,22,125,1.92047108302906,2.34676462946337,0.334176598962985,0.5
"linear",17,6,0.1,2,"K1_global","global",1,160,12,125,1.6091429166793,1.98133733778048,0.356962792250367,0.5
"linear",17,6,0.1,2,"K2_c10","local",10,64,31,125,2.30200131226921,2.82294153142775,0.398194780164075,0.5
"linear",17,6,0.1,2,"K2_c12","local",12,77,25,125,2.12608431408542,2.61260944633465,0.378951588127935,0.5
"linear",17,6,0.1,2,"K2_c14","local",14,90,22,125,1.92532094235609,2.305615613497,0.344827179478089,0.5
"linear",17,6,0.1,3,"K1_global","global",1,160,12,125,1.55132551515346,1.89237367243193,0.278368229212466,0.5
"linear",17,6,0.1,3,"K2_c10","local",10,64,31,125,2.34864430971029,2.84283819270563,0.47271485879212,0.5
"linear",17,6,0.1,3,"K2_c12","local",12,77,25,125,2.11356406525376,2.60269856445096,0.344471140244621,0.5
"linear",17,6,0.1,3,"K2_c14","local",14,90,22,125,1.89933573856247,2.29796828689709,0.36441003715652,0.5
"linear",17,6,0.1,4,"K1_global","global",1,160,12,125,1.54396593754257,1.89811693268324,0.342790041600888,0.5
"linear",17,6,0.1,4,"K2_c10","local",10,64,31,125,2.38986504124059,2.89856967438255,0.441529078110302,0.5
"linear",17,6,0.1,4,"K2_c12","local",12,77,25,125,2.09925212161277,2.61595711645144,0.363531201729266,0.5
"linear",17,6,0.1,4,"K2_c14","local",14,90,22,125,1.96300485413124,2.38803847705572,0.382479116261725,0.5
"linear",17,6,0.1,5,"K1_global","global",1,160,12,125,1.55524941758151,1.88479999845363,0.342611130576895,0.5
"linear",17,6,0.1,5,"K2_c10","local",10,64,31,125,2.32933037736752,2.86471539055725,0.500329206108321,0.5
"linear",17,6,0.1,5,"K2_c12","local",12,77,25,125,2.09820362884722,2.5602560904071,0.364239275591977,0.5
"linear",17,6,0.1,5,"K2_c14","local",14,90,22,125,1.95410333049495,2.38373595928119,0.438637276420399,0.5
"linear",17,6,0.1,6,"K1_global","global",1,160,12,125,1.56246637215281,1.94204252245185,0.341432807365723,0.5
"linear",17,6,0.1,6,"K2_c10","local",10,64,31,125,2.35437809688864,2.88820203240536,0.495878340431975,0.5
"linear",17,6,0.1,6,"K2_c12","local",12,77,25,125,2.15127695332982,2.64029077405797,0.389314354951749,0.5
"linear",17,6,0.1,6,"K2_c14","local",14,90,22,125,1.91517716349376,2.33161583467942,0.375568266714284,0.5
"linear",17,6,0.1,7,"K1_global","global",1,160,12,125,1.57420851173985,1.91994223694218,0.31357123050879,0.5
"linear",17,6,0.1,7,"K2_c10","local",10,64,31,125,2.34793724630007,2.89519217955748,0.374900754693043,0.5
"linear",17,6,0.1,7,"K2_c12","local",12,77,25,125,2.11914252832839,2.61451368094728,0.431071820894045,0.5
"linear",17,6,0.1,7,"K2_c14","local",14,90,22,125,1.96224238343948,2.38531348438816,0.400576943440438,0.5
"linear",17,6,0.1,8,"K1_global","global",1,160,12,125,1.54329004016653,1.87672116176009,0.267151338835663,0.5
"linear",17,6,0.1,8,"K2_c10","local",10,64,31,125,2.31935337281302,2.82576619665153,0.450631050688774,0.5
"linear",17,6,0.1,8,"K2_c12","local",12,77,25,125,2.10267799111143,2.58181345758825,0.364797439858094,0.5
"linear",17,6,0.1,8,"K2_c14","local",14,90,22,125,1.93406930565124,2.33236837195002,0.361364824264601,0.5
"linear",17,6,0.1,9,"K1_global","global",1,160,12,125,1.60793582994306,1.95740637753403,0.356985965953918,0.5
"linear",17,6,0.1,9,"K2_c10","local",10,64,31,125,2.38254622988869,2.91615597465427,0.499884469891577,0.5
"linear",17,6,0.1,9,"K2_c12","local",12,77,25,125,2.13426817513316,2.59224516771461,0.346267657923648,0.5
"linear",17,6,0.1,9,"K2_c14","local",14,90,22,125,2.02509970237724,2.46445440625471,0.387339601191477,0.5
"linear",17,6,0.1,10,"K1_global","global",1,160,12,125,1.52394790587959,1.86899416524909,0.280906722987158,0.5
"linear",17,6,0.1,10,"K2_c10","local",10,64,31,125,2.30378124504147,2.80170144935843,0.410427195845309,0.5
"linear",17,6,0.1,10,"K2_c12","local",12,77,25,125,2.07410220451304,2.56023584106068,0.325831590224981,0.5
"linear",17,6,0.1,10,"K2_c14","local",14,90,22,125,1.92032018902998,2.31942486288171,0.38361088733312,0.5
"linear",17,6,0.1,11,"K1_global","global",1,160,12,125,1.60605739403731,1.95446915093223,0.32253599361721,0.5
"linear",17,6,0.1,11,"K2_c10","local",10,64,31,125,2.42602049768282,2.92408142937873,0.488581660456404,0.5
"linear",17,6,0.1,11,"K2_c12","local",12,77,25,125,2.10689317860426,2.56943265566881,0.32258643469561,0.5
"linear",17,6,0.1,11,"K2_c14","local",14,90,22,125,1.98987384104172,2.4253565231569,0.405598290224243,0.5
"linear",17,6,0.1,12,"K1_global","global",1,160,12,125,1.56684182466886,1.90943660178481,0.307299861128628,0.5
"linear",17,6,0.1,12,"K2_c10","local",10,64,31,125,2.38022770141624,2.87731281761495,0.446847527468362,0.5
"linear",17,6,0.1,12,"K2_c12","local",12,77,25,125,2.13414028623917,2.6235657021252,0.355095992831842,0.5
"linear",17,6,0.1,12,"K2_c14","local",14,90,22,125,1.94477231969654,2.36794857012734,0.357236867739386,0.5
"linear",18,1,4,1,"K1_global","global",1,160,12,125,14.176512262155,14.9046024060843,9.6863579852533,20
"linear",18,1,4,1,"K2_c10","local",10,64,31,125,15.0652648667897,16.7009534215875,9.06277102419657,20
"linear",18,1,4,1,"K2_c12","local",12,77,25,125,14.8776141425454,16.3729735178943,8.62668874251089,20
"linear",18,1,4,1,"K2_c14","local",14,90,22,125,14.6443879059236,15.8429077212037,9.1233473142709,20
"linear",18,1,4,2,"K1_global","global",1,160,12,125,14.1299489168431,14.9989212509081,6.3251108981054,20
"linear",18,1,4,2,"K2_c10","local",10,64,31,125,14.2818202396238,16.0354863750365,5.50076874663013,20
"linear",18,1,4,2,"K2_c12","local",12,77,25,125,14.3817753713437,16.1345983394304,5.41917725973793,20
"linear",18,1,4,2,"K2_c14","local",14,90,22,125,13.4126089699631,14.9546135695217,5.20950946158268,20
"linear",18,1,4,3,"K1_global","global",1,160,12,125,13.464295997284,14.3736791420236,9.12835870934298,20
"linear",18,1,4,3,"K2_c10","local",10,64,31,125,14.2164096065554,16.0361219695675,7.8310759666785,20
"linear",18,1,4,3,"K2_c12","local",12,77,25,125,14.1446308237782,15.8694870748366,8.42803558349026,20
"linear",18,1,4,3,"K2_c14","local",14,90,22,125,14.4160534056137,15.9553887892465,8.34593391074352,20
"linear",18,1,4,4,"K1_global","global",1,160,12,125,13.9777421223648,14.7102305680888,8.95947217817073,20
"linear",18,1,4,4,"K2_c10","local",10,64,31,125,14.1651762378324,15.8606623507701,7.12732470313946,20
"linear",18,1,4,4,"K2_c12","local",12,77,25,125,14.0645407061936,15.4597054265349,7.93913812261097,20
"linear",18,1,4,4,"K2_c14","local",14,90,22,125,13.8964012955293,15.1466837586014,7.92786750733085,20
"linear",18,1,4,5,"K1_global","global",1,160,12,125,14.3486976952813,15.0848055605411,7.11679014829169,20
"linear",18,1,4,5,"K2_c10","local",10,64,31,125,14.2012612821481,15.791065517345,5.23948546574776,20
"linear",18,1,4,5,"K2_c12","local",12,77,25,125,13.6540868079916,15.1051298940543,5.26532486481119,20
"linear",18,1,4,5,"K2_c14","local",14,90,22,125,14.131187680124,15.518008216539,6.01479692354243,20
"linear",18,1,4,6,"K1_global","global",1,160,12,125,14.1934717154714,15.169569205785,7.24358181446271,20
"linear",18,1,4,6,"K2_c10","local",10,64,31,125,15.0964539074885,17.3677369820994,6.06228510432071,20
"linear",18,1,4,6,"K2_c12","local",12,77,25,125,14.5388513350134,16.6638813561449,6.05431954014228,20
"linear",18,1,4,6,"K2_c14","local",14,90,22,125,14.1626566453242,15.6562269540405,6.07659773268456,20
"linear",18,1,4,7,"K1_global","global",1,160,12,125,14.7946985242561,15.5480245425755,8.71145077156577,20
"linear",18,1,4,7,"K2_c10","local",10,64,31,125,14.9951821005469,16.5876064240018,7.28121951931489,20
"linear",18,1,4,7,"K2_c12","local",12,77,25,125,14.6583367192355,16.0419598871278,7.25042932457724,20
"linear",18,1,4,7,"K2_c14","local",14,90,22,125,14.5287498574605,15.8262774320343,7.85691099716578,20
"linear",18,1,4,8,"K1_global","global",1,160,12,125,14.2211829007766,15.1706504060396,8.0326816096038,20
"linear",18,1,4,8,"K2_c10","local",10,64,31,125,14.4664886443574,16.1851912198024,5.09743161970458,20
"linear",18,1,4,8,"K2_c12","local",12,77,25,125,14.6815292225228,16.1664890074373,6.01827958307264,20
"linear",18,1,4,8,"K2_c14","local",14,90,22,125,14.3019802561616,15.9084945454679,6.47142872859513,20
"linear",18,1,4,9,"K1_global","global",1,160,12,125,14.1133321377433,14.9804903679355,9.2983573693311,20
"linear",18,1,4,9,"K2_c10","local",10,64,31,125,14.2531852053757,15.8519189664721,8.4450019132511,20
"linear",18,1,4,9,"K2_c12","local",12,77,25,125,13.7763952710776,15.2331930137071,7.91580677933451,20
"linear",18,1,4,9,"K2_c14","local",14,90,22,125,14.3022990653469,15.7013031362341,8.0994341372207,20
"linear",18,1,4,10,"K1_global","global",1,160,12,125,14.1705880230395,15.0136018108509,6.6107319400106,20
"linear",18,1,4,10,"K2_c10","local",10,64,31,125,14.3509175942165,16.3703444378962,5.6246304089953,20
"linear",18,1,4,10,"K2_c12","local",12,77,25,125,14.0860655005574,15.5325185482831,5.86860757225606,20
"linear",18,1,4,10,"K2_c14","local",14,90,22,125,13.8539882672693,15.2968478846445,5.85516514710361,20
"linear",18,1,4,11,"K1_global","global",1,160,12,125,13.9755767042599,14.8390593737854,6.18471650871498,20
"linear",18,1,4,11,"K2_c10","local",10,64,31,125,14.7659452346801,16.6232805270075,4.66982558728768,20
"linear",18,1,4,11,"K2_c12","local",12,77,25,125,14.2774240794429,16.1218193404934,4.9763343845044,20
"linear",18,1,4,11,"K2_c14","local",14,90,22,125,13.9850682946588,15.4654403790176,5.7745008665732,20
"linear",18,1,4,12,"K1_global","global",1,160,12,125,13.6234341250792,14.458777652618,7.38296547936885,20
"linear",18,1,4,12,"K2_c10","local",10,64,31,125,14.8184429303248,16.9377661612427,6.2254791082627,20
"linear",18,1,4,12,"K2_c12","local",12,77,25,125,14.0036521753541,15.4826962690139,6.50010188917107,20
"linear",18,1,4,12,"K2_c14","local",14,90,22,125,14.1382375648551,15.5643980725652,6.62099358312097,20
"linear",18,2,2,1,"K1_global","global",1,160,12,125,7.41964142446751,7.92710651249666,3.70009982837857,10
"linear",18,2,2,1,"K2_c10","local",10,64,31,125,7.41735357776024,8.53880689644406,2.84971539225837,10
"linear",18,2,2,1,"K2_c12","local",12,77,25,125,7.59009839605092,8.71113490801489,2.99152706773176,10
"linear",18,2,2,1,"K2_c14","local",14,90,22,125,7.58906314935956,8.45088498351266,3.6840633365455,10
"linear",18,2,2,2,"K1_global","global",1,160,12,125,7.61660306975524,8.09033656629705,4.20789181495787,10
"linear",18,2,2,2,"K2_c10","local",10,64,31,125,7.93137267085555,9.03156234973517,3.18716452120042,10
"linear",18,2,2,2,"K2_c12","local",12,77,25,125,7.64278923680427,8.65975588327219,3.08789782453306,10
"linear",18,2,2,2,"K2_c14","local",14,90,22,125,7.63306961770043,8.53961601413984,3.20304157601863,10
"linear",18,2,2,3,"K1_global","global",1,160,12,125,7.20347553166723,7.73746033194938,3.41266958745954,10
"linear",18,2,2,3,"K2_c10","local",10,64,31,125,8.03217959915653,9.14759707914492,3.48183836092104,10
"linear",18,2,2,3,"K2_c12","local",12,77,25,125,7.25860250868763,8.34935548958263,2.66338188664705,10
"linear",18,2,2,3,"K2_c14","local",14,90,22,125,7.30172558813307,8.304867817923,3.11443526147037,10
"linear",18,2,2,4,"K1_global","global",1,160,12,125,7.30329316823987,7.71109644532234,3.84392100664133,10
"linear",18,2,2,4,"K2_c10","local",10,64,31,125,7.58599561629733,8.54695681989722,3.31746125529178,10
"linear",18,2,2,4,"K2_c12","local",12,77,25,125,7.72530885816043,8.63764594055869,3.43207611669214,10
"linear",18,2,2,4,"K2_c14","local",14,90,22,125,7.34848448377013,8.15682106201773,3.46643724865705,10
"linear",18,2,2,5,"K1_global","global",1,160,12,125,6.97301974278729,7.52036927480179,3.5225315787073,10
"linear",18,2,2,5,"K2_c10","local",10,64,31,125,7.51053755818827,8.57312115029434,3.14481050020929,10
"linear",18,2,2,5,"K2_c12","local",12,77,25,125,7.76983606924519,8.75280201976972,2.98042297520681,10
"linear",18,2,2,5,"K2_c14","local",14,90,22,125,7.09835408796599,8.05227160954247,3.13016153849825,10
"linear",18,2,2,6,"K1_global","global",1,160,12,125,7.01859859509178,7.600878694216,3.19914384420126,10
"linear",18,2,2,6,"K2_c10","local",10,64,31,125,7.77956118848828,8.96912505626671,2.41558730521023,10
"linear",18,2,2,6,"K2_c12","local",12,77,25,125,7.63729722887656,8.70122488959287,2.39409754837749,10
"linear",18,2,2,6,"K2_c14","local",14,90,22,125,7.33703325954585,8.24808105878364,3.05525642421655,10
"linear",18,2,2,7,"K1_global","global",1,160,12,125,6.951464174377,7.54510156355571,3.12632311395794,10
"linear",18,2,2,7,"K2_c10","local",10,64,31,125,7.2066217306955,8.39289306800483,2.3403348619993,10
"linear",18,2,2,7,"K2_c12","local",12,77,25,125,7.26434892973371,8.39948140293103,2.31646700972986,10
"linear",18,2,2,7,"K2_c14","local",14,90,22,125,7.08152357543977,8.07448504001521,2.5318031233027,10
"linear",18,2,2,8,"K1_global","global",1,160,12,125,7.27322108855508,7.82790323550887,3.94872738786798,10
"linear",18,2,2,8,"K2_c10","local",10,64,31,125,7.49001164138403,8.4473298378747,3.22199513153422,10
"linear",18,2,2,8,"K2_c12","local",12,77,25,125,7.54226890126289,8.40589003488054,3.28846327024724,10
"linear",18,2,2,8,"K2_c14","local",14,90,22,125,7.24858933323288,8.15644613498013,3.2816110939133,10
"linear",18,2,2,9,"K1_global","global",1,160,12,125,7.18172721562639,7.70080689889353,3.80414339898855,10
"linear",18,2,2,9,"K2_c10","local",10,64,31,125,7.66854815652112,8.66375680422364,3.00839540792483,10
"linear",18,2,2,9,"K2_c12","local",12,77,25,125,7.16965939767561,8.12736275466602,3.15962239870829,10
"linear",18,2,2,9,"K2_c14","local",14,90,22,125,7.22998272671763,8.07266522727768,3.07863739434958,10
"linear",18,2,2,10,"K1_global","global",1,160,12,125,6.75827958689164,7.28331000058125,2.86999872972446,10
"linear",18,2,2,10,"K2_c10","local",10,64,31,125,7.47215239722576,8.75169117220894,2.40460730183115,10
"linear",18,2,2,10,"K2_c12","local",12,77,25,125,7.15543324870468,8.03558560250168,2.51518393738392,10
"linear",18,2,2,10,"K2_c14","local",14,90,22,125,7.21649630405305,8.23587969408795,2.51539746963087,10
"linear",18,2,2,11,"K1_global","global",1,160,12,125,7.26307214904628,7.72255185933825,3.85996894929067,10
"linear",18,2,2,11,"K2_c10","local",10,64,31,125,7.6630226127619,8.74528501691103,3.63129627241613,10
"linear",18,2,2,11,"K2_c12","local",12,77,25,125,7.66228657244354,8.63901688753975,3.57745749298248,10
"linear",18,2,2,11,"K2_c14","local",14,90,22,125,7.14921194852659,8.07210556440564,3.45183309046646,10
"linear",18,2,2,12,"K1_global","global",1,160,12,125,7.00047756800637,7.55119022273085,4.36292057050346,10
"linear",18,2,2,12,"K2_c10","local",10,64,31,125,7.74810326664338,9.06844715746883,3.09266782999032,10
"linear",18,2,2,12,"K2_c12","local",12,77,25,125,7.53380115585368,8.62676810447335,3.82507347741371,10
"linear",18,2,2,12,"K2_c14","local",14,90,22,125,7.46407361815185,8.34112094566061,3.67115359930092,10
"linear",18,3,1,1,"K1_global","global",1,160,12,125,3.91451189693742,4.28743817402433,1.94953511519505,5
"linear",18,3,1,1,"K2_c10","local",10,64,31,125,4.47747780278786,5.24946802981775,1.64879513247625,5
"linear",18,3,1,1,"K2_c12","local",12,77,25,125,4.6526635731848,5.38749435807388,1.87303722245446,5
"linear",18,3,1,1,"K2_c14","local",14,90,22,125,4.19858369944827,4.79649646659923,1.73900369642992,5
"linear",18,3,1,2,"K1_global","global",1,160,12,125,4.01293029151838,4.45398375064638,1.92404766250763,5
"linear",18,3,1,2,"K2_c10","local",10,64,31,125,4.6451409565483,5.4916373985987,1.67925481354438,5
"linear",18,3,1,2,"K2_c12","local",12,77,25,125,4.47638881891249,5.27176850837745,1.70041631522484,5
"linear",18,3,1,2,"K2_c14","local",14,90,22,125,4.20062189967384,4.83121991396564,1.77306729069553,5
"linear",18,3,1,3,"K1_global","global",1,160,12,125,3.81844804220991,4.27563401468368,1.65190916639773,5
"linear",18,3,1,3,"K2_c10","local",10,64,31,125,4.61375383224736,5.42456268159023,1.17144624050829,5
"linear",18,3,1,3,"K2_c12","local",12,77,25,125,4.13447692359445,4.82446141568171,1.26792100621385,5
"linear",18,3,1,3,"K2_c14","local",14,90,22,125,4.15944509506918,4.86013834170347,1.71732928255787,5
"linear",18,3,1,4,"K1_global","global",1,160,12,125,3.83803976532879,4.30349032370195,1.64079655997217,5
"linear",18,3,1,4,"K2_c10","local",10,64,31,125,4.15644541021638,4.96875535165851,1.16512333220201,5
"linear",18,3,1,4,"K2_c12","local",12,77,25,125,4.31736833572647,5.0540695724971,1.29914711292084,5
"linear",18,3,1,4,"K2_c14","local",14,90,22,125,3.90355113583906,4.54952106352885,1.09622319341048,5
"linear",18,3,1,5,"K1_global","global",1,160,12,125,3.80054717847501,4.23479638027147,1.84565888559614,5
"linear",18,3,1,5,"K2_c10","local",10,64,31,125,4.37872340466228,5.2408380482675,1.33827667978738,5
"linear",18,3,1,5,"K2_c12","local",12,77,25,125,4.26638591604597,5.06023357372185,1.59114765361222,5
"linear",18,3,1,5,"K2_c14","local",14,90,22,125,4.28457601532902,4.93064664085507,1.74740597764238,5
"linear",18,3,1,6,"K1_global","global",1,160,12,125,3.97897315494427,4.39984400361236,1.60573921919993,5
"linear",18,3,1,6,"K2_c10","local",10,64,31,125,4.71081855221005,5.46916782294485,1.43578524553284,5
"linear",18,3,1,6,"K2_c12","local",12,77,25,125,4.61731952202188,5.41873827347343,1.28790438845702,5
"linear",18,3,1,6,"K2_c14","local",14,90,22,125,4.29545561468089,4.95693008671153,1.23004295982165,5
"linear",18,3,1,7,"K1_global","global",1,160,12,125,4.00858923393161,4.39527897052292,2.01331737638492,5
"linear",18,3,1,7,"K2_c10","local",10,64,31,125,4.71307887463414,5.45400082409455,1.74512988573123,5
"linear",18,3,1,7,"K2_c12","local",12,77,25,125,4.47572848932188,5.20223878898325,1.70879016760736,5
"linear",18,3,1,7,"K2_c14","local",14,90,22,125,4.42777590742624,5.03021393322529,1.92685229157095,5
"linear",18,3,1,8,"K1_global","global",1,160,12,125,3.71146076727898,4.16318726748642,2.33614219064884,5
"linear",18,3,1,8,"K2_c10","local",10,64,31,125,4.44729303384222,5.19015900354965,2.31276474081412,5
"linear",18,3,1,8,"K2_c12","local",12,77,25,125,4.36668108440923,5.10352028109436,2.14942415409224,5
"linear",18,3,1,8,"K2_c14","local",14,90,22,125,4.05224226314212,4.69407536103531,2.24925805803007,5
"linear",18,3,1,9,"K1_global","global",1,160,12,125,3.86547408072711,4.28850431565732,1.61224362381644,5
"linear",18,3,1,9,"K2_c10","local",10,64,31,125,4.55626994004845,5.41186214592541,1.24390632251978,5
"linear",18,3,1,9,"K2_c12","local",12,77,25,125,4.4867744438123,5.27295371137751,1.30914677396714,5
"linear",18,3,1,9,"K2_c14","local",14,90,22,125,4.34137537286835,4.99421698890368,1.39750387432191,5
"linear",18,3,1,10,"K1_global","global",1,160,12,125,3.80472499465148,4.17967112325276,1.55675021707466,5
"linear",18,3,1,10,"K2_c10","local",10,64,31,125,4.34532224073255,5.05489643338744,1.24596388437027,5
"linear",18,3,1,10,"K2_c12","local",12,77,25,125,4.42223481257368,5.04540152464881,1.59029609518255,5
"linear",18,3,1,10,"K2_c14","local",14,90,22,125,4.05492644362789,4.61232633514832,1.52418297352981,5
"linear",18,3,1,11,"K1_global","global",1,160,12,125,4.01963428837153,4.38118186996344,1.69613876277471,5
"linear",18,3,1,11,"K2_c10","local",10,64,31,125,4.63490239238548,5.40446132902612,1.69056268413194,5
"linear",18,3,1,11,"K2_c12","local",12,77,25,125,4.45970565748678,5.18027020118466,1.59814953024698,5
"linear",18,3,1,11,"K2_c14","local",14,90,22,125,4.31842395086088,4.98906512726572,1.64653305032141,5
"linear",18,3,1,12,"K1_global","global",1,160,12,125,3.8421314791424,4.24641971016156,2.11747176272929,5
"linear",18,3,1,12,"K2_c10","local",10,64,31,125,4.42045202871982,5.17117434510649,1.8750137728218,5
"linear",18,3,1,12,"K2_c12","local",12,77,25,125,4.27494545304295,5.01865743819737,1.77029994665031,5
"linear",18,3,1,12,"K2_c14","local",14,90,22,125,4.07106828285422,4.77964015340176,1.69634309729132,5
"linear",18,4,0.5,1,"K1_global","global",1,160,12,125,2.31498002262702,2.70607477547489,0.82737325600362,2.5
"linear",18,4,0.5,1,"K2_c10","local",10,64,31,125,3.1127803287046,3.68279410540312,0.725794932890198,2.5
"linear",18,4,0.5,1,"K2_c12","local",12,77,25,125,2.93103472887284,3.46319332637736,0.805853284190643,2.5
"linear",18,4,0.5,1,"K2_c14","local",14,90,22,125,2.6773178618328,3.1657546926323,0.702001432725707,2.5
"linear",18,4,0.5,2,"K1_global","global",1,160,12,125,2.3536411175315,2.74162197605157,0.885179425890283,2.5
"linear",18,4,0.5,2,"K2_c10","local",10,64,31,125,3.02186297831102,3.56854412738745,0.789553455878364,2.5
"linear",18,4,0.5,2,"K2_c12","local",12,77,25,125,2.98544902292961,3.52271320258266,0.803230212352176,2.5
"linear",18,4,0.5,2,"K2_c14","local",14,90,22,125,2.7434617913555,3.30062178770722,0.84474537058349,2.5
"linear",18,4,0.5,3,"K1_global","global",1,160,12,125,2.38343391502618,2.76253165116784,1.17817734900037,2.5
"linear",18,4,0.5,3,"K2_c10","local",10,64,31,125,3.09419964629896,3.6720315532111,1.05920268479853,2.5
"linear",18,4,0.5,3,"K2_c12","local",12,77,25,125,2.84140663488439,3.39692239346068,1.01862714202435,2.5
"linear",18,4,0.5,3,"K2_c14","local",14,90,22,125,2.60764827747445,3.13290583335318,0.998794609360942,2.5
"linear",18,4,0.5,4,"K1_global","global",1,160,12,125,2.3387986007228,2.74382019061004,0.792095483807502,2.5
"linear",18,4,0.5,4,"K2_c10","local",10,64,31,125,3.10766626517727,3.77406737308981,0.637805394473565,2.5
"linear",18,4,0.5,4,"K2_c12","local",12,77,25,125,2.90788907298639,3.44445015382336,0.682468690720699,2.5
"linear",18,4,0.5,4,"K2_c14","local",14,90,22,125,2.65473095231688,3.1981883526448,0.623481388253304,2.5
"linear",18,4,0.5,5,"K1_global","global",1,160,12,125,2.52082609729784,2.86424337578546,1.13071188206682,2.5
"linear",18,4,0.5,5,"K2_c10","local",10,64,31,125,3.24119382785522,3.83136597219592,1.12717826954851,2.5
"linear",18,4,0.5,5,"K2_c12","local",12,77,25,125,3.01469274352007,3.5222267424247,1.12784914870705,2.5
"linear",18,4,0.5,5,"K2_c14","local",14,90,22,125,2.90754114689509,3.39032705894944,1.04352037722274,2.5
"linear",18,4,0.5,6,"K1_global","global",1,160,12,125,2.44091324991892,2.88855206025804,0.664133045289666,2.5
"linear",18,4,0.5,6,"K2_c10","local",10,64,31,125,3.30964315800216,3.98296179911506,0.625567496604521,2.5
"linear",18,4,0.5,6,"K2_c12","local",12,77,25,125,2.90096766608393,3.46680838745293,0.584497106526489,2.5
"linear",18,4,0.5,6,"K2_c14","local",14,90,22,125,2.70520914855549,3.25185717561683,0.547628397679905,2.5
"linear",18,4,0.5,7,"K1_global","global",1,160,12,125,2.35913379419699,2.73144032835286,0.779491783144424,2.5
"linear",18,4,0.5,7,"K2_c10","local",10,64,31,125,3.18189346581224,3.80560503284842,0.614140086196793,2.5
"linear",18,4,0.5,7,"K2_c12","local",12,77,25,125,2.88119821785913,3.49791605076951,0.673652883176475,2.5
"linear",18,4,0.5,7,"K2_c14","local",14,90,22,125,2.63788313156927,3.15215386908804,0.637944133955289,2.5
"linear",18,4,0.5,8,"K1_global","global",1,160,12,125,2.44342965518775,2.84732842523222,0.946088347082005,2.5
"linear",18,4,0.5,8,"K2_c10","local",10,64,31,125,3.15438694756362,3.74600055913594,0.784339426996237,2.5
"linear",18,4,0.5,8,"K2_c12","local",12,77,25,125,3.03226395533585,3.62278362122606,0.91990178760422,2.5
"linear",18,4,0.5,8,"K2_c14","local",14,90,22,125,2.82634357110435,3.4508311233814,0.743107770061502,2.5
"linear",18,4,0.5,9,"K1_global","global",1,160,12,125,2.42037648511339,2.79241256345142,0.946923635025887,2.5
"linear",18,4,0.5,9,"K2_c10","local",10,64,31,125,3.11379152887146,3.75085660696651,0.884124812469564,2.5
"linear",18,4,0.5,9,"K2_c12","local",12,77,25,125,2.86808766542673,3.46246645149583,1.04897391475677,2.5
"linear",18,4,0.5,9,"K2_c14","local",14,90,22,125,2.79521175575155,3.30441133058697,1.00215112572346,2.5
"linear",18,4,0.5,10,"K1_global","global",1,160,12,125,2.3562094382902,2.74974216984688,0.917909954238867,2.5
"linear",18,4,0.5,10,"K2_c10","local",10,64,31,125,3.2323963730577,3.86158382082174,1.03254084400829,2.5
"linear",18,4,0.5,10,"K2_c12","local",12,77,25,125,3.01810524821531,3.53142421128755,0.918944247981856,2.5
"linear",18,4,0.5,10,"K2_c14","local",14,90,22,125,2.73213391496562,3.20615864788179,0.92154026492314,2.5
"linear",18,4,0.5,11,"K1_global","global",1,160,12,125,2.31005665210445,2.72284428165245,0.722289735393686,2.5
"linear",18,4,0.5,11,"K2_c10","local",10,64,31,125,3.13699612669221,3.77003215671765,0.71641988148758,2.5
"linear",18,4,0.5,11,"K2_c12","local",12,77,25,125,3.06070430974342,3.58088609618239,0.732413974351552,2.5
"linear",18,4,0.5,11,"K2_c14","local",14,90,22,125,2.82640037152774,3.41502895258176,0.706609309588028,2.5
"linear",18,4,0.5,12,"K1_global","global",1,160,12,125,2.43350901574098,2.83246672787282,1.09540203612442,2.5
"linear",18,4,0.5,12,"K2_c10","local",10,64,31,125,3.18736205715174,3.76308959327695,1.07889644973916,2.5
"linear",18,4,0.5,12,"K2_c12","local",12,77,25,125,2.87558106207907,3.48054668052306,0.939589954526077,2.5
"linear",18,4,0.5,12,"K2_c14","local",14,90,22,125,2.70505004983119,3.21705513306664,0.881882100186672,2.5
"linear",18,5,0.25,1,"K1_global","global",1,160,12,125,1.86526219365315,2.2656787836009,0.347692084414172,1.25
"linear",18,5,0.25,1,"K2_c10","local",10,64,31,125,2.64004723975998,3.17047882387173,0.407580105651482,1.25
"linear",18,5,0.25,1,"K2_c12","local",12,77,25,125,2.42967903881334,2.93844721114211,0.381447957373891,1.25
"linear",18,5,0.25,1,"K2_c14","local",14,90,22,125,2.17374339843539,2.66534936982994,0.34909453686488,1.25
"linear",18,5,0.25,2,"K1_global","global",1,160,12,125,1.87446535500353,2.24271988544927,0.465104644572314,1.25
"linear",18,5,0.25,2,"K2_c10","local",10,64,31,125,2.62317768132472,3.19609814630798,0.478364048185509,1.25
"linear",18,5,0.25,2,"K2_c12","local",12,77,25,125,2.39834195205633,2.93616733783624,0.43700014108837,1.25
"linear",18,5,0.25,2,"K2_c14","local",14,90,22,125,2.17554970812782,2.65993931781172,0.399366692372184,1.25
"linear",18,5,0.25,3,"K1_global","global",1,160,12,125,1.78603830640435,2.15368340453118,0.406250024068702,1.25
"linear",18,5,0.25,3,"K2_c10","local",10,64,31,125,2.55461209169844,3.1423004168777,0.425676101640369,1.25
"linear",18,5,0.25,3,"K2_c12","local",12,77,25,125,2.33262347736976,2.84582566651957,0.376739406844141,1.25
"linear",18,5,0.25,3,"K2_c14","local",14,90,22,125,2.10580304590909,2.56415369767529,0.407942570192418,1.25
"linear",18,5,0.25,4,"K1_global","global",1,160,12,125,1.78551062801334,2.20741492168035,0.36445825866934,1.25
"linear",18,5,0.25,4,"K2_c10","local",10,64,31,125,2.57343014722848,3.12509675985922,0.409091573381399,1.25
"linear",18,5,0.25,4,"K2_c12","local",12,77,25,125,2.32959387553289,2.89567973778713,0.397903757630748,1.25
"linear",18,5,0.25,4,"K2_c14","local",14,90,22,125,2.15446544045731,2.62943825348668,0.385474613247563,1.25
"linear",18,5,0.25,5,"K1_global","global",1,160,12,125,1.94903688740006,2.3204382584719,0.428107966758096,1.25
"linear",18,5,0.25,5,"K2_c10","local",10,64,31,125,2.65994501193007,3.19326532668057,0.529238598651166,1.25
"linear",18,5,0.25,5,"K2_c12","local",12,77,25,125,2.50558207197512,3.01091874564458,0.501782899561972,1.25
"linear",18,5,0.25,5,"K2_c14","local",14,90,22,125,2.16387338254933,2.68599688243626,0.419596305973078,1.25
"linear",18,5,0.25,6,"K1_global","global",1,160,12,125,1.81015480081863,2.22615345151848,0.438987182139298,1.25
"linear",18,5,0.25,6,"K2_c10","local",10,64,31,125,2.79033062787464,3.34900699880587,0.492029827533991,1.25
"linear",18,5,0.25,6,"K2_c12","local",12,77,25,125,2.46912727346731,2.94543537081201,0.421539458484531,1.25
"linear",18,5,0.25,6,"K2_c14","local",14,90,22,125,2.21907337283507,2.7004239095737,0.330172790305037,1.25
"linear",18,5,0.25,7,"K1_global","global",1,160,12,125,1.8258384837907,2.19165271435613,0.403246834314933,1.25
"linear",18,5,0.25,7,"K2_c10","local",10,64,31,125,2.56923635710009,3.13431368704197,0.412169641599975,1.25
"linear",18,5,0.25,7,"K2_c12","local",12,77,25,125,2.4904511076899,3.01921059163439,0.469324644555204,1.25
"linear",18,5,0.25,7,"K2_c14","local",14,90,22,125,2.17168760558103,2.71316944422485,0.36551384434363,1.25
"linear",18,5,0.25,8,"K1_global","global",1,160,12,125,1.90296425793022,2.30086099739748,0.469023253853369,1.25
"linear",18,5,0.25,8,"K2_c10","local",10,64,31,125,2.73637745698941,3.28737869702975,0.463713627289647,1.25
"linear",18,5,0.25,8,"K2_c12","local",12,77,25,125,2.43907113338323,3.02084932507815,0.440618485098887,1.25
"linear",18,5,0.25,8,"K2_c14","local",14,90,22,125,2.27687471566926,2.74763383741818,0.46299857504199,1.25
"linear",18,5,0.25,9,"K1_global","global",1,160,12,125,1.88189682897554,2.2972551153039,0.481813191722566,1.25
"linear",18,5,0.25,9,"K2_c10","local",10,64,31,125,2.78798569526556,3.31382368274374,0.537098133506163,1.25
"linear",18,5,0.25,9,"K2_c12","local",12,77,25,125,2.4051674175773,2.97154537879986,0.38425055639124,1.25
"linear",18,5,0.25,9,"K2_c14","local",14,90,22,125,2.24792532026766,2.73060763668801,0.362631057684378,1.25
"linear",18,5,0.25,10,"K1_global","global",1,160,12,125,1.88682144828925,2.28125019135502,0.390283939850793,1.25
"linear",18,5,0.25,10,"K2_c10","local",10,64,31,125,2.60899075183772,3.16537250883543,0.414631773474668,1.25
"linear",18,5,0.25,10,"K2_c12","local",12,77,25,125,2.45758984618614,3.02502320941853,0.503920737001613,1.25
"linear",18,5,0.25,10,"K2_c14","local",14,90,22,125,2.17865065711517,2.69914626486768,0.40754569525648,1.25
"linear",18,5,0.25,11,"K1_global","global",1,160,12,125,1.90643489466728,2.31066528951979,0.486430486956878,1.25
"linear",18,5,0.25,11,"K2_c10","local",10,64,31,125,2.71557709257815,3.33175477003974,0.448911359002218,1.25
"linear",18,5,0.25,11,"K2_c12","local",12,77,25,125,2.51147379665305,3.09911227020344,0.433605098894263,1.25
"linear",18,5,0.25,11,"K2_c14","local",14,90,22,125,2.29995717258082,2.79050569945701,0.397974727054097,1.25
"linear",18,5,0.25,12,"K1_global","global",1,160,12,125,1.79189267808465,2.20115930109616,0.498896254635887,1.25
"linear",18,5,0.25,12,"K2_c10","local",10,64,31,125,2.75027478208397,3.29851855330607,0.579765298979841,1.25
"linear",18,5,0.25,12,"K2_c12","local",12,77,25,125,2.40837847972429,2.91491073117284,0.537503545378354,1.25
"linear",18,5,0.25,12,"K2_c14","local",14,90,22,125,2.26248501288726,2.70778070515336,0.552678184564787,1.25
"linear",18,6,0.1,1,"K1_global","global",1,160,12,125,1.66127710678387,2.0213087810498,0.273660122601023,0.5
"linear",18,6,0.1,1,"K2_c10","local",10,64,31,125,2.43726703922389,2.94795718258794,0.396887406898801,0.5
"linear",18,6,0.1,1,"K2_c12","local",12,77,25,125,2.30368530511804,2.79659263525596,0.505804453975566,0.5
"linear",18,6,0.1,1,"K2_c14","local",14,90,22,125,1.91064493251693,2.39080631305871,0.299048583260358,0.5
"linear",18,6,0.1,2,"K1_global","global",1,160,12,125,1.74575792756462,2.11052018699119,0.265799049927009,0.5
"linear",18,6,0.1,2,"K2_c10","local",10,64,31,125,2.45787057687974,2.94284780669715,0.455691139020719,0.5
"linear",18,6,0.1,2,"K2_c12","local",12,77,25,125,2.32292024590375,2.77897170971614,0.420922204625919,0.5
"linear",18,6,0.1,2,"K2_c14","local",14,90,22,125,1.91896505513346,2.39084182708106,0.298630492045547,0.5
"linear",18,6,0.1,3,"K1_global","global",1,160,12,125,1.63947071641826,1.99703849000906,0.252876847055954,0.5
"linear",18,6,0.1,3,"K2_c10","local",10,64,31,125,2.438790778323,2.92879325049935,0.395678032760124,0.5
"linear",18,6,0.1,3,"K2_c12","local",12,77,25,125,2.15143387435425,2.64705953549355,0.445778399603037,0.5
"linear",18,6,0.1,3,"K2_c14","local",14,90,22,125,1.91805888191311,2.35997823440355,0.292875444424622,0.5
"linear",18,6,0.1,4,"K1_global","global",1,160,12,125,1.72009353044241,2.08905767673223,0.315352662507992,0.5
"linear",18,6,0.1,4,"K2_c10","local",10,64,31,125,2.47253218349327,3.00715002405678,0.409012476852954,0.5
"linear",18,6,0.1,4,"K2_c12","local",12,77,25,125,2.2502922190803,2.75105378436825,0.378589820721831,0.5
"linear",18,6,0.1,4,"K2_c14","local",14,90,22,125,1.92761745458383,2.39455568282423,0.314574321086005,0.5
"linear",18,6,0.1,5,"K1_global","global",1,160,12,125,1.6610162701893,2.04418079132536,0.277726627886656,0.5
"linear",18,6,0.1,5,"K2_c10","local",10,64,31,125,2.45906347346607,2.95276174246623,0.449472451322568,0.5
"linear",18,6,0.1,5,"K2_c12","local",12,77,25,125,2.18291552919813,2.63750221196765,0.369457314276833,0.5
"linear",18,6,0.1,5,"K2_c14","local",14,90,22,125,1.9645663575193,2.39534730113896,0.302722693143614,0.5
"linear",18,6,0.1,6,"K1_global","global",1,160,12,125,1.65464252452056,2.00940482157681,0.240304307218608,0.5
"linear",18,6,0.1,6,"K2_c10","local",10,64,31,125,2.42134585047725,2.92618103077563,0.383262978738187,0.5
"linear",18,6,0.1,6,"K2_c12","local",12,77,25,125,2.1989932371395,2.69826233901131,0.384362930507439,0.5
"linear",18,6,0.1,6,"K2_c14","local",14,90,22,125,1.9349014924404,2.43292822468599,0.294480340398494,0.5
"linear",18,6,0.1,7,"K1_global","global",1,160,12,125,1.67905296356728,2.04455768950215,0.264632903736678,0.5
"linear",18,6,0.1,7,"K2_c10","local",10,64,31,125,2.44721195412661,2.95938716150657,0.402207398029348,0.5
"linear",18,6,0.1,7,"K2_c12","local",12,77,25,125,2.21957589065157,2.71473075303427,0.374241375150721,0.5
"linear",18,6,0.1,7,"K2_c14","local",14,90,22,125,1.95142959530728,2.42295082749314,0.305589580149201,0.5
"linear",18,6,0.1,8,"K1_global","global",1,160,12,125,1.65773411416367,2.03485263961429,0.281684043560716,0.5
"linear",18,6,0.1,8,"K2_c10","local",10,64,31,125,2.35557498578973,2.86464024030289,0.419359609949564,0.5
"linear",18,6,0.1,8,"K2_c12","local",12,77,25,125,2.20947088180809,2.69085387033594,0.404828756138758,0.5
"linear",18,6,0.1,8,"K2_c14","local",14,90,22,125,1.89899029250416,2.34716129548488,0.302548497707228,0.5
"linear",18,6,0.1,9,"K1_global","global",1,160,12,125,1.68696849964623,2.06550985984082,0.275228328195298,0.5
"linear",18,6,0.1,9,"K2_c10","local",10,64,31,125,2.4191468644234,2.93916980500055,0.421423902261637,0.5
"linear",18,6,0.1,9,"K2_c12","local",12,77,25,125,2.29647113468814,2.77668934647654,0.423345400113755,0.5
"linear",18,6,0.1,9,"K2_c14","local",14,90,22,125,1.9317354274441,2.40191134876614,0.326263057616143,0.5
"linear",18,6,0.1,10,"K1_global","global",1,160,12,125,1.69683379209048,2.08715263521548,0.303712250924016,0.5
"linear",18,6,0.1,10,"K2_c10","local",10,64,31,125,2.49133497094865,2.98884029210878,0.426977227374181,0.5
"linear",18,6,0.1,10,"K2_c12","local",12,77,25,125,2.25527759145505,2.76750404346742,0.411333781981938,0.5
"linear",18,6,0.1,10,"K2_c14","local",14,90,22,125,1.90818549706691,2.38055735237304,0.31294495073993,0.5
"linear",18,6,0.1,11,"K1_global","global",1,160,12,125,1.64742455956239,2.05122521558543,0.271563388011604,0.5
"linear",18,6,0.1,11,"K2_c10","local",10,64,31,125,2.49888009201012,3.00311187197509,0.432540553112484,0.5
"linear",18,6,0.1,11,"K2_c12","local",12,77,25,125,2.27658038931272,2.78816634304714,0.499516665581212,0.5
"linear",18,6,0.1,11,"K2_c14","local",14,90,22,125,1.91353522408475,2.37929419117736,0.294159730015853,0.5
"linear",18,6,0.1,12,"K1_global","global",1,160,12,125,1.68151493177739,2.06372980195084,0.231572908143368,0.5
"linear",18,6,0.1,12,"K2_c10","local",10,64,31,125,2.4972685965886,3.02530287352556,0.435253252912079,0.5
"linear",18,6,0.1,12,"K2_c12","local",12,77,25,125,2.31650151719684,2.78927791910887,0.418167809007699,0.5
"linear",18,6,0.1,12,"K2_c14","local",14,90,22,125,1.96492400811519,2.44362058074987,0.33186559093279,0.5
"linear",19,1,4,1,"K1_global","global",1,160,12,125,13.7324943897562,14.5472688220331,8.69830781041866,20
"linear",19,1,4,1,"K2_c10","local",10,64,31,125,14.6086562882699,16.5211500881376,6.79192601969717,20
"linear",19,1,4,1,"K2_c12","local",12,77,25,125,14.0989260841849,15.5969948916969,7.58309567603966,20
"linear",19,1,4,1,"K2_c14","local",14,90,22,125,13.8154893991333,15.2395750049733,8.07911449620607,20
"linear",19,1,4,2,"K1_global","global",1,160,12,125,14.4727495152319,15.4868125983534,6.89680690470895,20
"linear",19,1,4,2,"K2_c10","local",10,64,31,125,15.22610856839,17.221174241337,5.71707743309918,20
"linear",19,1,4,2,"K2_c12","local",12,77,25,125,14.9995725581571,16.8136472599513,5.92401380345415,20
"linear",19,1,4,2,"K2_c14","local",14,90,22,125,14.5213533424983,16.0048847456674,6.17599189726073,20
"linear",19,1,4,3,"K1_global","global",1,160,12,125,13.4669591359194,14.3716064709476,9.49086484196216,20
"linear",19,1,4,3,"K2_c10","local",10,64,31,125,14.3461819217435,16.2510171735945,7.98241090427563,20
"linear",19,1,4,3,"K2_c12","local",12,77,25,125,14.4798974809752,16.2753596764725,8.83557144192113,20
"linear",19,1,4,3,"K2_c14","local",14,90,22,125,14.1829386504371,15.6607343018446,8.78199322525385,20
"linear",19,1,4,4,"K1_global","global",1,160,12,125,14.361101430773,15.2203588971629,9.73206554563343,20
"linear",19,1,4,4,"K2_c10","local",10,64,31,125,14.0160112122524,15.783833541932,8.29404293205313,20
"linear",19,1,4,4,"K2_c12","local",12,77,25,125,14.068618059588,15.6789893571431,8.22514529136108,20
"linear",19,1,4,4,"K2_c14","local",14,90,22,125,13.7182296507182,15.0721762029272,8.04723791422854,20
"linear",19,1,4,5,"K1_global","global",1,160,12,125,13.5536871053655,14.4889645524741,6.06109652653064,20
"linear",19,1,4,5,"K2_c10","local",10,64,31,125,15.1486547827129,17.2404467399853,4.8822533009204,20
"linear",19,1,4,5,"K2_c12","local",12,77,25,125,14.2387830386509,16.0376338546811,5.01804890530881,20
"linear",19,1,4,5,"K2_c14","local",14,90,22,125,13.6057983909157,15.4232246141215,4.57140353758198,20
"linear",19,1,4,6,"K1_global","global",1,160,12,125,13.607943090197,14.6394292364846,6.52645282335941,20
"linear",19,1,4,6,"K2_c10","local",10,64,31,125,14.0972575309936,16.2646811567924,5.36844922926518,20
"linear",19,1,4,6,"K2_c12","local",12,77,25,125,13.8201126934678,15.7304708338234,5.10683684617299,20
"linear",19,1,4,6,"K2_c14","local",14,90,22,125,13.9906596877768,15.4651031472971,6.03490856240582,20
"linear",19,1,4,7,"K1_global","global",1,160,12,125,14.2395870475271,14.9591725192378,8.74870142506306,20
"linear",19,1,4,7,"K2_c10","local",10,64,31,125,15.12536775037,17.0884859007956,6.43131557843095,20
"linear",19,1,4,7,"K2_c12","local",12,77,25,125,14.6529296900542,16.256931228289,7.28025686016511,20
"linear",19,1,4,7,"K2_c14","local",14,90,22,125,13.9645341181342,15.2106578864981,7.5292699207608,20
"linear",19,1,4,8,"K1_global","global",1,160,12,125,14.2195437447608,15.0874708220842,8.22285277368407,20
"linear",19,1,4,8,"K2_c10","local",10,64,31,125,14.9019116507482,16.809540069537,7.0194971185614,20
"linear",19,1,4,8,"K2_c12","local",12,77,25,125,14.4720128113912,16.1866417757729,7.38139114993371,20
"linear",19,1,4,8,"K2_c14","local",14,90,22,125,14.456048457109,15.8408152778317,7.77847299956612,20
"linear",19,1,4,9,"K1_global","global",1,160,12,125,13.4574552325494,14.254780713493,8.72776636829261,20
"linear",19,1,4,9,"K2_c10","local",10,64,31,125,14.7379048139371,16.5725463522745,8.70898843272187,20
"linear",19,1,4,9,"K2_c12","local",12,77,25,125,14.0421817356927,15.530526080048,8.72673192773664,20
"linear",19,1,4,9,"K2_c14","local",14,90,22,125,14.2413458245168,15.5797135794878,8.88769098975959,20
"linear",19,1,4,10,"K1_global","global",1,160,12,125,13.5683629142536,14.5093295506715,6.41041469474459,20
"linear",19,1,4,10,"K2_c10","local",10,64,31,125,14.6410102995462,16.7127588776524,5.09067875669982,20
"linear",19,1,4,10,"K2_c12","local",12,77,25,125,14.0326722571523,15.7824070873186,5.08052603786658,20
"linear",19,1,4,10,"K2_c14","local",14,90,22,125,14.3713799994696,16.1295840100009,5.35514278876468,20
"linear",19,1,4,11,"K1_global","global",1,160,12,125,13.9160108026561,14.7577427768613,6.75980928679477,20
"linear",19,1,4,11,"K2_c10","local",10,64,31,125,14.9554206808732,17.0651793241125,5.50884188303095,20
"linear",19,1,4,11,"K2_c12","local",12,77,25,125,14.7501857924941,16.1967626980059,5.63935590805056,20
"linear",19,1,4,11,"K2_c14","local",14,90,22,125,14.1930228238084,15.4594401246982,5.82714054922386,20
"linear",19,1,4,12,"K1_global","global",1,160,12,125,13.7199904154459,14.6964428468171,7.46396185804903,20
"linear",19,1,4,12,"K2_c10","local",10,64,31,125,14.4009439886889,16.8104317526337,5.20918632241125,20
"linear",19,1,4,12,"K2_c12","local",12,77,25,125,14.1676870879061,16.0824003964856,5.48384961101291,20
"linear",19,1,4,12,"K2_c14","local",14,90,22,125,13.7359232234359,15.3999927072891,5.96697528337348,20
"linear",19,2,2,1,"K1_global","global",1,160,12,125,7.17098064630704,7.75233379864406,3.50350488096695,10
"linear",19,2,2,1,"K2_c10","local",10,64,31,125,7.94480451078854,9.05009585403142,2.80187567177289,10
"linear",19,2,2,1,"K2_c12","local",12,77,25,125,7.80358222036034,8.90178029377035,2.71497600210411,10
"linear",19,2,2,1,"K2_c14","local",14,90,22,125,7.63364680283763,8.56988904859281,3.04011575873114,10
"linear",19,2,2,2,"K1_global","global",1,160,12,125,7.49700881781757,7.9834274143985,4.50890582406301,10
"linear",19,2,2,2,"K2_c10","local",10,64,31,125,8.1948456240947,9.36135569370385,3.96513351637231,10
"linear",19,2,2,2,"K2_c12","local",12,77,25,125,7.85350484262691,8.83672036500321,3.96136423586469,10
"linear",19,2,2,2,"K2_c14","local",14,90,22,125,7.57901288479502,8.47533953160275,3.91479091458688,10
"linear",19,2,2,3,"K1_global","global",1,160,12,125,7.17679075021221,7.82377621821683,3.24997891370575,10
"linear",19,2,2,3,"K2_c10","local",10,64,31,125,7.59512115815008,8.85714840561145,2.62292765480369,10
"linear",19,2,2,3,"K2_c12","local",12,77,25,125,7.70790596263179,8.73678006760833,2.95737505517654,10
"linear",19,2,2,3,"K2_c14","local",14,90,22,125,7.20737789158044,8.20678901042168,2.67447382111939,10
"linear",19,2,2,4,"K1_global","global",1,160,12,125,6.99081049853974,7.60667535687553,3.77724689422577,10
"linear",19,2,2,4,"K2_c10","local",10,64,31,125,7.86934558564947,9.01528477121099,3.51544079824093,10
"linear",19,2,2,4,"K2_c12","local",12,77,25,125,7.32723783435026,8.38954336478356,3.34516502010754,10
"linear",19,2,2,4,"K2_c14","local",14,90,22,125,7.23138528102769,8.11480453873505,3.38780583862929,10
"linear",19,2,2,5,"K1_global","global",1,160,12,125,7.2261512113717,7.83521919925876,3.49692746228536,10
"linear",19,2,2,5,"K2_c10","local",10,64,31,125,7.67353841974735,8.95142689818618,2.76846733545792,10
"linear",19,2,2,5,"K2_c12","local",12,77,25,125,7.67159449727832,8.75148170042482,2.60556370620754,10
"linear",19,2,2,5,"K2_c14","local",14,90,22,125,7.34558439340321,8.35075571190614,2.77474668188171,10
"linear",19,2,2,6,"K1_global","global",1,160,12,125,7.00480597327297,7.65492852996867,3.32312264955449,10
"linear",19,2,2,6,"K2_c10","local",10,64,31,125,7.8598035096832,9.13474712603302,2.81051769452968,10
"linear",19,2,2,6,"K2_c12","local",12,77,25,125,7.32523370581098,8.41613910372536,2.85071645265332,10
"linear",19,2,2,6,"K2_c14","local",14,90,22,125,7.39815167892382,8.39692149780035,3.57918463569236,10
"linear",19,2,2,7,"K1_global","global",1,160,12,125,7.05123712073845,7.72536610902592,3.3479862362232,10
"linear",19,2,2,7,"K2_c10","local",10,64,31,125,7.97757048365278,9.39024937627914,2.67309871087139,10
"linear",19,2,2,7,"K2_c12","local",12,77,25,125,7.36132914447505,8.71452331590539,2.1754380355976,10
"linear",19,2,2,7,"K2_c14","local",14,90,22,125,7.34876696888841,8.40152003700568,2.55512528898717,10
"linear",19,2,2,8,"K1_global","global",1,160,12,125,6.92050837034746,7.59859936417773,3.20623124323633,10
"linear",19,2,2,8,"K2_c10","local",10,64,31,125,7.84172575879088,9.27081972338709,2.68145086810255,10
"linear",19,2,2,8,"K2_c12","local",12,77,25,125,7.59331042328092,8.72981909212154,3.18553229141031,10
"linear",19,2,2,8,"K2_c14","local",14,90,22,125,7.545467975604,8.59158503818753,3.24173467150875,10
"linear",19,2,2,9,"K1_global","global",1,160,12,125,7.3751467103424,8.03739030212267,4.03434672357044,10
"linear",19,2,2,9,"K2_c10","local",10,64,31,125,8.33870565368876,9.73344836371862,3.42458071620357,10
"linear",19,2,2,9,"K2_c12","local",12,77,25,125,7.64671381278136,8.72366953820053,3.676947484206,10
"linear",19,2,2,9,"K2_c14","local",14,90,22,125,7.64938101855648,8.62334412252363,3.78047915361971,10
"linear",19,2,2,10,"K1_global","global",1,160,12,125,7.47722020279009,8.00537891293756,3.23364330346344,10
"linear",19,2,2,10,"K2_c10","local",10,64,31,125,7.77463020416919,8.95614132252585,2.66270380809376,10
"linear",19,2,2,10,"K2_c12","local",12,77,25,125,7.67539282667498,8.67780201515263,2.8448348819994,10
"linear",19,2,2,10,"K2_c14","local",14,90,22,125,7.46728467568557,8.27001655038087,3.04121856507435,10
"linear",19,2,2,11,"K1_global","global",1,160,12,125,7.23404053999625,7.87947740409559,3.52159638983625,10
"linear",19,2,2,11,"K2_c10","local",10,64,31,125,7.77329316442302,8.91148533716671,2.97027534679303,10
"linear",19,2,2,11,"K2_c12","local",12,77,25,125,7.84941976545564,8.91380399573601,3.36205531076196,10
"linear",19,2,2,11,"K2_c14","local",14,90,22,125,7.7552667198368,8.80087659557894,3.3960453338274,10
"linear",19,2,2,12,"K1_global","global",1,160,12,125,7.2107389149756,7.92972176946073,4.29174293632314,10
"linear",19,2,2,12,"K2_c10","local",10,64,31,125,7.9699562469595,9.25668203982916,3.44750033990401,10
"linear",19,2,2,12,"K2_c12","local",12,77,25,125,7.88337546957358,9.01220680329028,3.74335519473475,10
"linear",19,2,2,12,"K2_c14","local",14,90,22,125,7.35230972904402,8.34378379368816,3.65734688780435,10
"linear",19,3,1,1,"K1_global","global",1,160,12,125,3.84678573655148,4.31151345649364,1.70031240221914,5
"linear",19,3,1,1,"K2_c10","local",10,64,31,125,4.91406258196038,5.80901786656552,1.21759962847116,5
"linear",19,3,1,1,"K2_c12","local",12,77,25,125,4.67294951100238,5.49935654040503,1.36282819539662,5
"linear",19,3,1,1,"K2_c14","local",14,90,22,125,4.42166743917446,5.13583348178808,1.48102832270086,5
"linear",19,3,1,2,"K1_global","global",1,160,12,125,4.15059906682703,4.66052838598622,1.77585403789873,5
"linear",19,3,1,2,"K2_c10","local",10,64,31,125,4.87497395656867,5.79782464830845,1.72744716871285,5
"linear",19,3,1,2,"K2_c12","local",12,77,25,125,4.71123725094887,5.48099447300824,1.69001786786951,5
"linear",19,3,1,2,"K2_c14","local",14,90,22,125,4.38934092156086,5.09182675062464,1.59650234083987,5
"linear",19,3,1,3,"K1_global","global",1,160,12,125,3.9458918917138,4.47045135162421,1.6641744206351,5
"linear",19,3,1,3,"K2_c10","local",10,64,31,125,4.76808580780017,5.59230528998232,1.7223828779724,5
"linear",19,3,1,3,"K2_c12","local",12,77,25,125,4.39533783880394,5.23500762958814,1.47822391820436,5
"linear",19,3,1,3,"K2_c14","local",14,90,22,125,4.26009545959866,4.93813200758449,1.49740510114076,5
"linear",19,3,1,4,"K1_global","global",1,160,12,125,3.83680726429719,4.34215415790665,1.88290869719417,5
"linear",19,3,1,4,"K2_c10","local",10,64,31,125,4.52686583938776,5.42389776873779,1.45387257935976,5
"linear",19,3,1,4,"K2_c12","local",12,77,25,125,4.4515554736599,5.3080589536532,1.44144906502874,5
"linear",19,3,1,4,"K2_c14","local",14,90,22,125,4.08203138614267,4.82700548538131,1.42111303217743,5
"linear",19,3,1,5,"K1_global","global",1,160,12,125,3.73641860716982,4.24113208974532,1.75270373448517,5
"linear",19,3,1,5,"K2_c10","local",10,64,31,125,4.60278775605473,5.35894905390276,1.65159616999844,5
"linear",19,3,1,5,"K2_c12","local",12,77,25,125,4.44256044026586,5.22131975121602,1.51278318206489,5
"linear",19,3,1,5,"K2_c14","local",14,90,22,125,4.17538760238681,4.85431206717938,1.50808702841966,5
"linear",19,3,1,6,"K1_global","global",1,160,12,125,4.0001753932578,4.62061633040299,1.66817459235029,5
"linear",19,3,1,6,"K2_c10","local",10,64,31,125,4.95625720534117,5.96756181621052,1.2091163089417,5
"linear",19,3,1,6,"K2_c12","local",12,77,25,125,4.80960459989939,5.75004968710604,1.30493575929357,5
"linear",19,3,1,6,"K2_c14","local",14,90,22,125,4.408599963933,5.17283703633223,1.41643996119282,5
"linear",19,3,1,7,"K1_global","global",1,160,12,125,4.13309968444485,4.58246478986741,1.93777670393436,5
"linear",19,3,1,7,"K2_c10","local",10,64,31,125,4.88680785583125,5.79462523448809,1.71204996577722,5
"linear",19,3,1,7,"K2_c12","local",12,77,25,125,4.52923073120306,5.37424999325006,1.48016159842508,5
"linear",19,3,1,7,"K2_c14","local",14,90,22,125,4.29171601664867,5.02979201879408,1.45670423719088,5
"linear",19,3,1,8,"K1_global","global",1,160,12,125,4.05317403803491,4.50794443581919,2.5712627953319,5
"linear",19,3,1,8,"K2_c10","local",10,64,31,125,4.52544754300225,5.34443411413566,1.96735620790805,5
"linear",19,3,1,8,"K2_c12","local",12,77,25,125,4.32607672322064,5.04619929972132,1.97328221799039,5
"linear",19,3,1,8,"K2_c14","local",14,90,22,125,4.1876012789416,4.89240839715228,2.27328974519483,5
"linear",19,3,1,9,"K1_global","global",1,160,12,125,3.76848853941401,4.3138009423648,1.26864182966744,5
"linear",19,3,1,9,"K2_c10","local",10,64,31,125,4.52113411383758,5.41056979530731,1.12588904127981,5
"linear",19,3,1,9,"K2_c12","local",12,77,25,125,4.43321577331998,5.30211322189725,1.07865627318523,5
"linear",19,3,1,9,"K2_c14","local",14,90,22,125,4.22996417828124,5.00533275220255,1.33394666487272,5
"linear",19,3,1,10,"K1_global","global",1,160,12,125,3.94675897261391,4.44458535512536,1.50013106974901,5
"linear",19,3,1,10,"K2_c10","local",10,64,31,125,4.85459046250183,5.7962145307806,1.22418395034795,5
"linear",19,3,1,10,"K2_c12","local",12,77,25,125,4.62805489188152,5.54369209389773,1.37331794301307,5
"linear",19,3,1,10,"K2_c14","local",14,90,22,125,4.20580913580102,4.94505379194755,1.38117216724886,5
"linear",19,3,1,11,"K1_global","global",1,160,12,125,4.11264646719196,4.58111132521885,1.48566968334614,5
"linear",19,3,1,11,"K2_c10","local",10,64,31,125,4.97551623565739,5.86680364885856,1.30290196370527,5
"linear",19,3,1,11,"K2_c12","local",12,77,25,125,4.79774401108638,5.57008449043945,1.31441909326547,5
"linear",19,3,1,11,"K2_c14","local",14,90,22,125,4.65090952323839,5.30828340209213,1.5684459350856,5
"linear",19,3,1,12,"K1_global","global",1,160,12,125,3.942194698809,4.48833797765759,2.09228083576321,5
"linear",19,3,1,12,"K2_c10","local",10,64,31,125,4.62756922396434,5.54478491246378,1.66520098702784,5
"linear",19,3,1,12,"K2_c12","local",12,77,25,125,4.36651954295853,5.13957416831486,1.73458130979113,5
"linear",19,3,1,12,"K2_c14","local",14,90,22,125,4.13727598228415,4.85471426953521,1.71751375926634,5
"linear",19,4,0.5,1,"K1_global","global",1,160,12,125,2.53790899847664,3.04419212969905,0.799045033321259,2.5
"linear",19,4,0.5,1,"K2_c10","local",10,64,31,125,3.39287290048961,4.19411119517062,0.640439889746284,2.5
"linear",19,4,0.5,1,"K2_c12","local",12,77,25,125,3.20419418845351,3.8860931840926,0.70717583811098,2.5
"linear",19,4,0.5,1,"K2_c14","local",14,90,22,125,2.92999765330023,3.58531509669935,0.594864445577952,2.5
"linear",19,4,0.5,2,"K1_global","global",1,160,12,125,2.44052282434226,2.88820712687826,0.881250417519497,2.5
"linear",19,4,0.5,2,"K2_c10","local",10,64,31,125,3.26497920146561,3.93129217138824,0.899080518547801,2.5
"linear",19,4,0.5,2,"K2_c12","local",12,77,25,125,3.11998764422185,3.71295479574933,0.759714803498391,2.5
"linear",19,4,0.5,2,"K2_c14","local",14,90,22,125,2.96913426515735,3.58435944614124,0.918113211535735,2.5
"linear",19,4,0.5,3,"K1_global","global",1,160,12,125,2.53421135911122,3.02830536150073,0.885551666007476,2.5
"linear",19,4,0.5,3,"K2_c10","local",10,64,31,125,3.48926713694122,4.17055911663899,0.825250908175616,2.5
"linear",19,4,0.5,3,"K2_c12","local",12,77,25,125,3.18155721408661,3.86796875836714,0.895685478692446,2.5
"linear",19,4,0.5,3,"K2_c14","local",14,90,22,125,2.96090956668553,3.58908089587428,0.790169935404729,2.5
"linear",19,4,0.5,4,"K1_global","global",1,160,12,125,2.64308684256013,3.07209822063001,0.668978374514319,2.5
"linear",19,4,0.5,4,"K2_c10","local",10,64,31,125,3.4418247818197,4.21129351631814,0.548087630296264,2.5
"linear",19,4,0.5,4,"K2_c12","local",12,77,25,125,3.2775635222605,3.96935882100807,0.600314404350946,2.5
"linear",19,4,0.5,4,"K2_c14","local",14,90,22,125,3.09591709531351,3.74817396266598,0.66536692348313,2.5
"linear",19,4,0.5,5,"K1_global","global",1,160,12,125,2.5488361470423,2.95491014515773,0.880616191143234,2.5
"linear",19,4,0.5,5,"K2_c10","local",10,64,31,125,3.17077647630388,3.78963964505124,0.754150954162474,2.5
"linear",19,4,0.5,5,"K2_c12","local",12,77,25,125,2.98414106307892,3.59387897930419,0.666932424818189,2.5
"linear",19,4,0.5,5,"K2_c14","local",14,90,22,125,2.83013566605926,3.41506776217736,0.778217765725662,2.5
"linear",19,4,0.5,6,"K1_global","global",1,160,12,125,2.55684413575978,3.02980217721936,0.721522725024006,2.5
"linear",19,4,0.5,6,"K2_c10","local",10,64,31,125,3.53401922760764,4.38125506049013,0.540283319761071,2.5
"linear",19,4,0.5,6,"K2_c12","local",12,77,25,125,3.35388959801067,4.07587322370679,0.744912062524827,2.5
"linear",19,4,0.5,6,"K2_c14","local",14,90,22,125,3.18383608482123,3.79395648802035,0.718792374697916,2.5
"linear",19,4,0.5,7,"K1_global","global",1,160,12,125,2.50961965932056,2.92737405978728,0.805315487432839,2.5
"linear",19,4,0.5,7,"K2_c10","local",10,64,31,125,3.44145705143672,4.20232745727482,0.665034861382005,2.5
"linear",19,4,0.5,7,"K2_c12","local",12,77,25,125,3.31966337690688,3.99945555747223,0.6242491339336,2.5
"linear",19,4,0.5,7,"K2_c14","local",14,90,22,125,3.10738457744008,3.73349879094094,0.850432865950967,2.5
"linear",19,4,0.5,8,"K1_global","global",1,160,12,125,2.52844760257484,2.97735276882639,0.841213041074279,2.5
"linear",19,4,0.5,8,"K2_c10","local",10,64,31,125,3.3056162581103,4.09063652797097,0.74776862462104,2.5
"linear",19,4,0.5,8,"K2_c12","local",12,77,25,125,3.08073149975214,3.69688629946496,0.842247749900663,2.5
"linear",19,4,0.5,8,"K2_c14","local",14,90,22,125,2.93925686659372,3.52609615958449,0.684244697432782,2.5
"linear",19,4,0.5,9,"K1_global","global",1,160,12,125,2.5115869149974,2.96042785554212,0.972026932962249,2.5
"linear",19,4,0.5,9,"K2_c10","local",10,64,31,125,3.47732649025918,4.25583762846565,0.696805532383233,2.5
"linear",19,4,0.5,9,"K2_c12","local",12,77,25,125,3.18545006725854,3.90857308690705,0.853478254455156,2.5
"linear",19,4,0.5,9,"K2_c14","local",14,90,22,125,2.92055695341619,3.55819013289768,0.641324701777487,2.5
"linear",19,4,0.5,10,"K1_global","global",1,160,12,125,2.57461925498099,3.03301764823284,0.928116750927363,2.5
"linear",19,4,0.5,10,"K2_c10","local",10,64,31,125,3.43209963572936,4.17107796294659,0.67162812970803,2.5
"linear",19,4,0.5,10,"K2_c12","local",12,77,25,125,3.11047961547662,3.73030306376443,0.755380589691826,2.5
"linear",19,4,0.5,10,"K2_c14","local",14,90,22,125,3.02290687253105,3.58953715907205,0.87978180339514,2.5
"linear",19,4,0.5,11,"K1_global","global",1,160,12,125,2.57501290433023,3.04062996003826,0.82073265169425,2.5
"linear",19,4,0.5,11,"K2_c10","local",10,64,31,125,3.44664727920796,4.22481097845576,0.654947972936476,2.5
"linear",19,4,0.5,11,"K2_c12","local",12,77,25,125,3.29244180274775,3.95472454234671,0.781482345929192,2.5
"linear",19,4,0.5,11,"K2_c14","local",14,90,22,125,3.10002383624428,3.73130275138671,0.816794297628163,2.5
"linear",19,4,0.5,12,"K1_global","global",1,160,12,125,2.51572788416146,2.96602056877557,0.874340748638283,2.5
"linear",19,4,0.5,12,"K2_c10","local",10,64,31,125,3.21061254015426,3.89298534487371,0.755055710601874,2.5
"linear",19,4,0.5,12,"K2_c12","local",12,77,25,125,3.02722640737355,3.6696848238617,0.752924217608586,2.5
"linear",19,4,0.5,12,"K2_c14","local",14,90,22,125,2.85472269839106,3.43936134370417,0.801810298816924,2.5
"linear",19,5,0.25,1,"K1_global","global",1,160,12,125,1.93740078839163,2.31097639636085,0.510128300939849,1.25
"linear",19,5,0.25,1,"K2_c10","local",10,64,31,125,2.81066049882795,3.39112584310069,0.637392928758975,1.25
"linear",19,5,0.25,1,"K2_c12","local",12,77,25,125,2.52821745330225,3.11433446851174,0.461879997976169,1.25
"linear",19,5,0.25,1,"K2_c14","local",14,90,22,125,2.59491374065168,3.0826569649,0.562970080249056,1.25
"linear",19,5,0.25,2,"K1_global","global",1,160,12,125,1.97705601012852,2.40317341524331,0.66541994554091,1.25
"linear",19,5,0.25,2,"K2_c10","local",10,64,31,125,2.78546556862207,3.38257441564365,0.663480662140411,1.25
"linear",19,5,0.25,2,"K2_c12","local",12,77,25,125,2.55624380506104,3.08141853060474,0.616018982702456,1.25
"linear",19,5,0.25,2,"K2_c14","local",14,90,22,125,2.49298841138618,3.01863523638677,0.552784017457381,1.25
"linear",19,5,0.25,3,"K1_global","global",1,160,12,125,1.90562690958272,2.31129784579598,0.498087719809714,1.25
"linear",19,5,0.25,3,"K2_c10","local",10,64,31,125,2.808593499242,3.43171748378904,0.476933579622165,1.25
"linear",19,5,0.25,3,"K2_c12","local",12,77,25,125,2.51739793486108,3.11393057840305,0.513101555768197,1.25
"linear",19,5,0.25,3,"K2_c14","local",14,90,22,125,2.47888449234016,2.99318258858365,0.498051126832119,1.25
"linear",19,5,0.25,4,"K1_global","global",1,160,12,125,2.00172260755721,2.42899311201567,0.478572512727424,1.25
"linear",19,5,0.25,4,"K2_c10","local",10,64,31,125,2.85976339409066,3.47868256917375,0.498627638483872,1.25
"linear",19,5,0.25,4,"K2_c12","local",12,77,25,125,2.5968591992149,3.15558824070369,0.488585423380202,1.25
"linear",19,5,0.25,4,"K2_c14","local",14,90,22,125,2.53129082121778,3.03752293689672,0.530651817175399,1.25
"linear",19,5,0.25,5,"K1_global","global",1,160,12,125,2.10825634509372,2.55747758307632,0.5112469247336,1.25
"linear",19,5,0.25,5,"K2_c10","local",10,64,31,125,2.79486194427702,3.37252689648954,0.536504695467044,1.25
"linear",19,5,0.25,5,"K2_c12","local",12,77,25,125,2.52544381265037,3.15088673987471,0.436477256275727,1.25
"linear",19,5,0.25,5,"K2_c14","local",14,90,22,125,2.53700938498168,3.04291181317753,0.464802574090658,1.25
"linear",19,5,0.25,6,"K1_global","global",1,160,12,125,1.96436632131174,2.37705814702775,0.474986619284252,1.25
"linear",19,5,0.25,6,"K2_c10","local",10,64,31,125,2.84082405766428,3.45887270610804,0.439842674250147,1.25
"linear",19,5,0.25,6,"K2_c12","local",12,77,25,125,2.53100032420307,3.13397953848895,0.435986760125315,1.25
"linear",19,5,0.25,6,"K2_c14","local",14,90,22,125,2.55275707623613,3.11313377582089,0.477326450793644,1.25
"linear",19,5,0.25,7,"K1_global","global",1,160,12,125,2.01112668191342,2.40671911003753,0.394459597711253,1.25
"linear",19,5,0.25,7,"K2_c10","local",10,64,31,125,2.78647255334141,3.40392268483265,0.495577108163949,1.25
"linear",19,5,0.25,7,"K2_c12","local",12,77,25,125,2.57791653257664,3.14585341379269,0.43048338005255,1.25
"linear",19,5,0.25,7,"K2_c14","local",14,90,22,125,2.53455198454527,2.99541688640109,0.497798820139132,1.25
"linear",19,5,0.25,8,"K1_global","global",1,160,12,125,2.03603402696743,2.46951428678339,0.529148038539561,1.25
"linear",19,5,0.25,8,"K2_c10","local",10,64,31,125,2.84158212632456,3.41861365456163,0.435352599347097,1.25
"linear",19,5,0.25,8,"K2_c12","local",12,77,25,125,2.6386126843429,3.17664139810528,0.575784915450877,1.25
"linear",19,5,0.25,8,"K2_c14","local",14,90,22,125,2.48656708882418,2.99988798261015,0.529591075651069,1.25
"linear",19,5,0.25,9,"K1_global","global",1,160,12,125,2.03864570093173,2.43613267127989,0.557073914971512,1.25
"linear",19,5,0.25,9,"K2_c10","local",10,64,31,125,2.74708273805853,3.406119636057,0.45319902832046,1.25
"linear",19,5,0.25,9,"K2_c12","local",12,77,25,125,2.63597414875861,3.18022578731978,0.400428681382546,1.25
"linear",19,5,0.25,9,"K2_c14","local",14,90,22,125,2.5779262702643,3.09597422206743,0.447438235531367,1.25
"linear",19,5,0.25,10,"K1_global","global",1,160,12,125,2.01739235612634,2.41186855284552,0.491789589177913,1.25
"linear",19,5,0.25,10,"K2_c10","local",10,64,31,125,2.70576912096395,3.33621346547866,0.477425985871739,1.25
"linear",19,5,0.25,10,"K2_c12","local",12,77,25,125,2.62736635991434,3.17281345207717,0.475004233862875,1.25
"linear",19,5,0.25,10,"K2_c14","local",14,90,22,125,2.49413627701209,3.02088331271701,0.465850204170239,1.25
"linear",19,5,0.25,11,"K1_global","global",1,160,12,125,1.97110178687561,2.42130520067245,0.358774641870217,1.25
"linear",19,5,0.25,11,"K2_c10","local",10,64,31,125,2.72450799801343,3.39451330154093,0.43599313515356,1.25
"linear",19,5,0.25,11,"K2_c12","local",12,77,25,125,2.64722014308073,3.23351917487997,0.477810025283866,1.25
"linear",19,5,0.25,11,"K2_c14","local",14,90,22,125,2.48425373103621,3.00808333511895,0.476354417715346,1.25
"linear",19,5,0.25,12,"K1_global","global",1,160,12,125,1.98215770963891,2.42954267943608,0.381200314745482,1.25
"linear",19,5,0.25,12,"K2_c10","local",10,64,31,125,2.7640542584969,3.40538436127766,0.412745612386792,1.25
"linear",19,5,0.25,12,"K2_c12","local",12,77,25,125,2.56543813041558,3.16682449638251,0.584689801770084,1.25
"linear",19,5,0.25,12,"K2_c14","local",14,90,22,125,2.3806450192148,2.87452419485852,0.456665533822183,1.25
"linear",19,6,0.1,1,"K1_global","global",1,160,12,125,1.7531211224905,2.13883420588885,0.313923597410715,0.5
"linear",19,6,0.1,1,"K2_c10","local",10,64,31,125,2.60211314957449,3.20340408275061,0.433872569889744,0.5
"linear",19,6,0.1,1,"K2_c12","local",12,77,25,125,2.34871499204135,2.83059924938064,0.410212597026802,0.5
"linear",19,6,0.1,1,"K2_c14","local",14,90,22,125,2.33144859141583,2.8338423502047,0.357091010984619,0.5
"linear",19,6,0.1,2,"K1_global","global",1,160,12,125,1.83688303434684,2.2373578921656,0.292335724544687,0.5
"linear",19,6,0.1,2,"K2_c10","local",10,64,31,125,2.60676667955983,3.22151890577413,0.469255344440948,0.5
"linear",19,6,0.1,2,"K2_c12","local",12,77,25,125,2.35793297038727,2.90633703482719,0.389841905712052,0.5
"linear",19,6,0.1,2,"K2_c14","local",14,90,22,125,2.36591047246531,2.87995174124678,0.418593151232561,0.5
"linear",19,6,0.1,3,"K1_global","global",1,160,12,125,1.76306955140715,2.16292607621386,0.279753678600629,0.5
"linear",19,6,0.1,3,"K2_c10","local",10,64,31,125,2.57729678540903,3.16838117070034,0.416228156080286,0.5
"linear",19,6,0.1,3,"K2_c12","local",12,77,25,125,2.23145898449157,2.76631722752021,0.361867819131901,0.5
"linear",19,6,0.1,3,"K2_c14","local",14,90,22,125,2.30537668870423,2.76772121205075,0.421725079225335,0.5
"linear",19,6,0.1,4,"K1_global","global",1,160,12,125,1.75309716110763,2.14501244506634,0.280943840127404,0.5
"linear",19,6,0.1,4,"K2_c10","local",10,64,31,125,2.68303151106783,3.25864414749477,0.456541248133121,0.5
"linear",19,6,0.1,4,"K2_c12","local",12,77,25,125,2.43303896380614,2.95894552202865,0.397693899018441,0.5
"linear",19,6,0.1,4,"K2_c14","local",14,90,22,125,2.4029653963269,2.92506976626301,0.366418164777548,0.5
"linear",19,6,0.1,5,"K1_global","global",1,160,12,125,1.77013141943847,2.16207986652391,0.341152192428084,0.5
"linear",19,6,0.1,5,"K2_c10","local",10,64,31,125,2.63794474993004,3.25989957693678,0.39181952199182,0.5
"linear",19,6,0.1,5,"K2_c12","local",12,77,25,125,2.36282285818489,2.86229658957057,0.365155553864896,0.5
"linear",19,6,0.1,5,"K2_c14","local",14,90,22,125,2.39110947706574,2.87563708572977,0.408590776478579,0.5
"linear",19,6,0.1,6,"K1_global","global",1,160,12,125,1.80088249721572,2.19741169998573,0.278685859557136,0.5
"linear",19,6,0.1,6,"K2_c10","local",10,64,31,125,2.57253360320302,3.16959938062422,0.460960520387865,0.5
"linear",19,6,0.1,6,"K2_c12","local",12,77,25,125,2.41746397821546,2.96899779841235,0.396151436805571,0.5
"linear",19,6,0.1,6,"K2_c14","local",14,90,22,125,2.38316880500992,2.88833182768408,0.403203003025155,0.5
"linear",19,6,0.1,7,"K1_global","global",1,160,12,125,1.77768961327062,2.16236358534248,0.316266491560955,0.5
"linear",19,6,0.1,7,"K2_c10","local",10,64,31,125,2.61325235618107,3.18454195385905,0.468118837887683,0.5
"linear",19,6,0.1,7,"K2_c12","local",12,77,25,125,2.44896816477932,2.94348293931209,0.385898279799701,0.5
"linear",19,6,0.1,7,"K2_c14","local",14,90,22,125,2.33056704666587,2.81777384888395,0.382811270701155,0.5
"linear",19,6,0.1,8,"K1_global","global",1,160,12,125,1.76856740420762,2.16940593478944,0.308364085618005,0.5
"linear",19,6,0.1,8,"K2_c10","local",10,64,31,125,2.66087263914147,3.28106505457494,0.395498061899852,0.5
"linear",19,6,0.1,8,"K2_c12","local",12,77,25,125,2.37039936443658,2.92288851010011,0.387992840658441,0.5
"linear",19,6,0.1,8,"K2_c14","local",14,90,22,125,2.32361542146307,2.80861893898371,0.405221271946215,0.5
"linear",19,6,0.1,9,"K1_global","global",1,160,12,125,1.75959666845061,2.17119027291843,0.283642889502387,0.5
"linear",19,6,0.1,9,"K2_c10","local",10,64,31,125,2.5493524884875,3.13730041237498,0.363970293220682,0.5
"linear",19,6,0.1,9,"K2_c12","local",12,77,25,125,2.47719210047066,2.97566594082312,0.446300331873818,0.5
"linear",19,6,0.1,9,"K2_c14","local",14,90,22,125,2.34682707615443,2.87075815962114,0.464080191271717,0.5
"linear",19,6,0.1,10,"K1_global","global",1,160,12,125,1.75994864682809,2.15063421416792,0.307107604549774,0.5
"linear",19,6,0.1,10,"K2_c10","local",10,64,31,125,2.6472474848699,3.25952960652374,0.39906485849939,0.5
"linear",19,6,0.1,10,"K2_c12","local",12,77,25,125,2.3671264346051,2.8795322738062,0.375617025748614,0.5
"linear",19,6,0.1,10,"K2_c14","local",14,90,22,125,2.34284092100505,2.8609094249527,0.423238503182363,0.5
"linear",19,6,0.1,11,"K1_global","global",1,160,12,125,1.70645841952352,2.11357606850121,0.305438959311378,0.5
"linear",19,6,0.1,11,"K2_c10","local",10,64,31,125,2.58652760341557,3.15574832703933,0.40505274941182,0.5
"linear",19,6,0.1,11,"K2_c12","local",12,77,25,125,2.34023773695753,2.82535926906813,0.40753079674233,0.5
"linear",19,6,0.1,11,"K2_c14","local",14,90,22,125,2.28533991877631,2.74632913795727,0.391004363378609,0.5
"linear",19,6,0.1,12,"K1_global","global",1,160,12,125,1.78922225905184,2.20135001774586,0.281714772263169,0.5
"linear",19,6,0.1,12,"K2_c10","local",10,64,31,125,2.61533823880554,3.21704349140039,0.448813642974361,0.5
"linear",19,6,0.1,12,"K2_c12","local",12,77,25,125,2.359795457973,2.90418896883726,0.349939321541019,0.5
"linear",19,6,0.1,12,"K2_c14","local",14,90,22,125,2.39194867842581,2.90969975519369,0.372702963800265,0.5
"linear",20,1,4,1,"K1_global","global",1,160,12,125,13.8388953151713,14.5248760222334,9.16333400224797,20
"linear",20,1,4,1,"K2_c10","local",10,64,31,125,13.789938334572,15.4131949207224,7.25991686177021,20
"linear",20,1,4,1,"K2_c12","local",12,77,25,125,13.6059353622936,14.9960454609068,7.97852203868589,20
"linear",20,1,4,1,"K2_c14","local",14,90,22,125,13.5932807949965,14.7184390031304,8.28283328103132,20
"linear",20,1,4,2,"K1_global","global",1,160,12,125,14.1869820245094,14.9375901944822,7.34966635366661,20
"linear",20,1,4,2,"K2_c10","local",10,64,31,125,14.1618886169813,15.5920205956311,6.74137744782199,20
"linear",20,1,4,2,"K2_c12","local",12,77,25,125,14.7847555872901,15.8826220837389,7.47238265094289,20
"linear",20,1,4,2,"K2_c14","local",14,90,22,125,14.3015293713239,15.415215635866,6.98437144453484,20
"linear",20,1,4,3,"K1_global","global",1,160,12,125,13.5820064046104,14.2702288272674,9.57887172946569,20
"linear",20,1,4,3,"K2_c10","local",10,64,31,125,13.7309877300322,15.1509533675956,8.60685958973013,20
"linear",20,1,4,3,"K2_c12","local",12,77,25,125,13.2875802109792,14.6286506951558,8.28813269680002,20
"linear",20,1,4,3,"K2_c14","local",14,90,22,125,13.5565419512751,14.6402806901336,8.88852633585667,20
"linear",20,1,4,4,"K1_global","global",1,160,12,125,13.7287909359308,14.6418775940812,9.13360506154163,20
"linear",20,1,4,4,"K2_c10","local",10,64,31,125,13.6091912077438,15.5663392960916,6.76499259549792,20
"linear",20,1,4,4,"K2_c12","local",12,77,25,125,12.8491910064041,14.3872391100282,6.56967261996044,20
"linear",20,1,4,4,"K2_c14","local",14,90,22,125,12.2221136794922,13.5989597409487,6.62522815883062,20
"linear",20,1,4,5,"K1_global","global",1,160,12,125,14.2907267570359,14.9544959894934,7.35222715180538,20
"linear",20,1,4,5,"K2_c10","local",10,64,31,125,14.1342168219399,15.579321894579,6.80543934479197,20
"linear",20,1,4,5,"K2_c12","local",12,77,25,125,14.5555532190303,15.8383103781888,7.26938295581588,20
"linear",20,1,4,5,"K2_c14","local",14,90,22,125,14.2994065596449,15.4368332400423,7.20922113936519,20
"linear",20,1,4,6,"K1_global","global",1,160,12,125,13.8212982571458,14.535498142935,7.51583367641517,20
"linear",20,1,4,6,"K2_c10","local",10,64,31,125,14.3737234806094,16.0485077437063,6.60888670716865,20
"linear",20,1,4,6,"K2_c12","local",12,77,25,125,14.2641218471958,15.7531822576884,6.97868616213802,20
"linear",20,1,4,6,"K2_c14","local",14,90,22,125,13.4738586078458,14.7341339348857,6.80523229828421,20
"linear",20,1,4,7,"K1_global","global",1,160,12,125,14.509539163591,15.188922732246,8.95179929617486,20
"linear",20,1,4,7,"K2_c10","local",10,64,31,125,14.727420323173,16.2396565170456,8.27654397443724,20
"linear",20,1,4,7,"K2_c12","local",12,77,25,125,14.379535437352,15.6326289944599,8.35879704228945,20
"linear",20,1,4,7,"K2_c14","local",14,90,22,125,13.8839538336253,15.0743854336635,8.02369242307406,20
"linear",20,1,4,8,"K1_global","global",1,160,12,125,14.0772967428738,14.8758180495807,8.54562995632699,20
"linear",20,1,4,8,"K2_c10","local",10,64,31,125,13.9440915601985,15.1580079362159,7.23428144197861,20
"linear",20,1,4,8,"K2_c12","local",12,77,25,125,14.0578625693946,15.2031806623764,7.92188544164998,20
"linear",20,1,4,8,"K2_c14","local",14,90,22,125,13.8617110260333,14.8814553895072,7.79698363157356,20
"linear",20,1,4,9,"K1_global","global",1,160,12,125,14.4315213454761,15.0381777603852,9.97001204598971,20
"linear",20,1,4,9,"K2_c10","local",10,64,31,125,13.9091047117745,15.1299098837175,8.18306854066323,20
"linear",20,1,4,9,"K2_c12","local",12,77,25,125,14.3871429378013,15.3829186533696,9.27783653800544,20
"linear",20,1,4,9,"K2_c14","local",14,90,22,125,13.9599730762496,15.0466942863689,8.89842484430063,20
"linear",20,1,4,10,"K1_global","global",1,160,12,125,13.7080950218888,14.5845817248128,6.00950020168596,20
"linear",20,1,4,10,"K2_c10","local",10,64,31,125,13.8267482799249,15.3730706088974,5.62769474433043,20
"linear",20,1,4,10,"K2_c12","local",12,77,25,125,13.9549351635797,15.3841571501689,5.8050339119484,20
"linear",20,1,4,10,"K2_c14","local",14,90,22,125,13.4377031330111,14.6026060984226,5.53939668313266,20
"linear",20,1,4,11,"K1_global","global",1,160,12,125,14.3089250398482,14.9530262439396,6.39129086579879,20
"linear",20,1,4,11,"K2_c10","local",10,64,31,125,13.7902813466582,15.1841401382677,4.92819769402969,20
"linear",20,1,4,11,"K2_c12","local",12,77,25,125,14.0095318811374,15.2476006541921,5.53252294943524,20
"linear",20,1,4,11,"K2_c14","local",14,90,22,125,13.7244923814854,14.8257673959696,5.54239213769338,20
"linear",20,1,4,12,"K1_global","global",1,160,12,125,14.7775799652095,15.3292011173893,7.93091568969958,20
"linear",20,1,4,12,"K2_c10","local",10,64,31,125,14.5391626367029,15.9153234220397,6.82421339944684,20
"linear",20,1,4,12,"K2_c12","local",12,77,25,125,14.7502487266843,15.7310500491722,7.82893927974829,20
"linear",20,1,4,12,"K2_c14","local",14,90,22,125,14.3076248422728,15.2879144104105,7.77053556010771,20
"linear",20,2,2,1,"K1_global","global",1,160,12,125,7.19339891315477,7.6539908556939,3.6497288225424,10
"linear",20,2,2,1,"K2_c10","local",10,64,31,125,7.56137410676342,8.62092905100266,3.39876359722618,10
"linear",20,2,2,1,"K2_c12","local",12,77,25,125,7.4915943719795,8.34160176293165,3.60146240095494,10
"linear",20,2,2,1,"K2_c14","local",14,90,22,125,7.16599214894642,7.89571667946364,3.21422612591107,10
"linear",20,2,2,2,"K1_global","global",1,160,12,125,6.76536181834051,7.30149891156035,3.76724669768388,10
"linear",20,2,2,2,"K2_c10","local",10,64,31,125,7.2455910759981,8.21118445806725,2.78987265548258,10
"linear",20,2,2,2,"K2_c12","local",12,77,25,125,7.32748078537141,8.23034364475897,3.35942615855617,10
"linear",20,2,2,2,"K2_c14","local",14,90,22,125,7.12366646357887,7.93591024748266,3.5061558394898,10
"linear",20,2,2,3,"K1_global","global",1,160,12,125,6.90141322411235,7.46126966145923,3.0399511535229,10
"linear",20,2,2,3,"K2_c10","local",10,64,31,125,7.522069210108,8.63355308390041,2.74163308057274,10
"linear",20,2,2,3,"K2_c12","local",12,77,25,125,7.19003035528776,8.29222016125744,2.51862985641182,10
"linear",20,2,2,3,"K2_c14","local",14,90,22,125,7.07918676262066,8.08474897310555,2.64507063016267,10
"linear",20,2,2,4,"K1_global","global",1,160,12,125,6.81086300189457,7.30344777902007,3.82153914831754,10
"linear",20,2,2,4,"K2_c10","local",10,64,31,125,7.50988684961161,8.41512582917359,3.90792683548166,10
"linear",20,2,2,4,"K2_c12","local",12,77,25,125,7.44368829541869,8.25388195765458,3.69712464147055,10
"linear",20,2,2,4,"K2_c14","local",14,90,22,125,7.30169591694878,8.01671725062624,3.70913081578624,10
"linear",20,2,2,5,"K1_global","global",1,160,12,125,7.20160126667331,7.74035755203067,3.57226832597454,10
"linear",20,2,2,5,"K2_c10","local",10,64,31,125,7.81021400823021,8.71486194917457,3.27812045501508,10
"linear",20,2,2,5,"K2_c12","local",12,77,25,125,7.53048226422699,8.3328583731722,3.18962626255624,10
"linear",20,2,2,5,"K2_c14","local",14,90,22,125,7.53550389661509,8.28722235494984,3.46401284332119,10
"linear",20,2,2,6,"K1_global","global",1,160,12,125,7.41110088358686,7.83470875022678,3.94846547524452,10
"linear",20,2,2,6,"K2_c10","local",10,64,31,125,7.44271414095323,8.29356022006561,3.21842202796856,10
"linear",20,2,2,6,"K2_c12","local",12,77,25,125,7.40085294074014,8.10703061773232,3.31168669468632,10
"linear",20,2,2,6,"K2_c14","local",14,90,22,125,7.12362972185135,7.74324887206871,3.28871500451831,10
"linear",20,2,2,7,"K1_global","global",1,160,12,125,7.02113899555748,7.55242981852167,3.23179374840497,10
"linear",20,2,2,7,"K2_c10","local",10,64,31,125,7.35578738874095,8.53036203406116,2.38558732034056,10
"linear",20,2,2,7,"K2_c12","local",12,77,25,125,7.44634269708925,8.44873455513222,2.7652739966567,10
"linear",20,2,2,7,"K2_c14","local",14,90,22,125,7.51834201292952,8.34181180028532,3.07052763871435,10
"linear",20,2,2,8,"K1_global","global",1,160,12,125,7.00454661180407,7.4877351700312,3.9712580478246,10
"linear",20,2,2,8,"K2_c10","local",10,64,31,125,7.3261490963385,8.31480261617115,3.32167391072963,10
"linear",20,2,2,8,"K2_c12","local",12,77,25,125,7.43972798207869,8.24160129494305,3.63114834197492,10
"linear",20,2,2,8,"K2_c14","local",14,90,22,125,7.12711414492685,7.93527475536129,3.49814531140806,10
"linear",20,2,2,9,"K1_global","global",1,160,12,125,7.25448968866318,7.74432521691842,3.95565964195112,10
"linear",20,2,2,9,"K2_c10","local",10,64,31,125,7.62390852234654,8.59758967106584,3.11169541475389,10
"linear",20,2,2,9,"K2_c12","local",12,77,25,125,7.35077069167323,8.18631393385801,2.94317315634682,10
"linear",20,2,2,9,"K2_c14","local",14,90,22,125,7.11163983561072,7.84031218220257,3.05361271654175,10
"linear",20,2,2,10,"K1_global","global",1,160,12,125,7.26233525515605,7.73326847135221,3.17182296286299,10
"linear",20,2,2,10,"K2_c10","local",10,64,31,125,7.24019236157686,8.25276036740271,2.46564477661471,10
"linear",20,2,2,10,"K2_c12","local",12,77,25,125,7.04394629264199,7.72238560803252,2.67906947895279,10
"linear",20,2,2,10,"K2_c14","local",14,90,22,125,7.25009827950057,7.98485733748703,2.83415614051113,10
"linear",20,2,2,11,"K1_global","global",1,160,12,125,7.26913407987491,7.78253180234923,3.44490231288421,10
"linear",20,2,2,11,"K2_c10","local",10,64,31,125,7.51451451573566,8.57908050615511,2.82025259190458,10
"linear",20,2,2,11,"K2_c12","local",12,77,25,125,7.61623659764603,8.53416051889167,3.03796418204962,10
"linear",20,2,2,11,"K2_c14","local",14,90,22,125,7.43871865137874,8.18784177696961,3.19998027685255,10
"linear",20,2,2,12,"K1_global","global",1,160,12,125,7.09489048141679,7.51667169815838,4.39318675652838,10
"linear",20,2,2,12,"K2_c10","local",10,64,31,125,7.59306846993378,8.5106977754934,3.64999411306749,10
"linear",20,2,2,12,"K2_c12","local",12,77,25,125,7.38121039843441,8.19681376315812,3.85864318061997,10
"linear",20,2,2,12,"K2_c14","local",14,90,22,125,7.13942179808401,7.91699233339008,3.69367901231986,10
"linear",20,3,1,1,"K1_global","global",1,160,12,125,3.71858186828996,4.1409048201285,1.59716973960449,5
"linear",20,3,1,1,"K2_c10","local",10,64,31,125,4.17455531148766,4.99989084556644,1.27616714253561,5
"linear",20,3,1,1,"K2_c12","local",12,77,25,125,4.03814257294524,4.78236423871992,1.31547748432535,5
"linear",20,3,1,1,"K2_c14","local",14,90,22,125,3.89741463835118,4.51082032038873,1.49792416899933,5
"linear",20,3,1,2,"K1_global","global",1,160,12,125,3.87434981241883,4.25298673824179,1.52468786739351,5
"linear",20,3,1,2,"K2_c10","local",10,64,31,125,4.0796696465387,4.79066514975671,1.22118325858349,5
"linear",20,3,1,2,"K2_c12","local",12,77,25,125,4.01978258160695,4.63854910168225,1.34699011698696,5
"linear",20,3,1,2,"K2_c14","local",14,90,22,125,4.01488371933651,4.4918527046168,1.43536787715105,5
"linear",20,3,1,3,"K1_global","global",1,160,12,125,3.88384253678037,4.25379370864048,1.81039833525242,5
"linear",20,3,1,3,"K2_c10","local",10,64,31,125,4.10679805631681,4.78910053273464,1.52176178124369,5
"linear",20,3,1,3,"K2_c12","local",12,77,25,125,4.14876943989281,4.71719225052551,1.89445509471413,5
"linear",20,3,1,3,"K2_c14","local",14,90,22,125,3.99956512149147,4.49944627543424,1.71540369672282,5
"linear",20,3,1,4,"K1_global","global",1,160,12,125,4.08958075985657,4.3775082065101,2.11207452827882,5
"linear",20,3,1,4,"K2_c10","local",10,64,31,125,4.41891244022572,5.00984060787544,1.65983984110218,5
"linear",20,3,1,4,"K2_c12","local",12,77,25,125,4.33533658005158,4.88291847127257,1.81913291694708,5
"linear",20,3,1,4,"K2_c14","local",14,90,22,125,4.25575830274684,4.69409233310169,2.02106860632222,5
"linear",20,3,1,5,"K1_global","global",1,160,12,125,3.89875790188313,4.25378839424135,1.86977129755118,5
"linear",20,3,1,5,"K2_c10","local",10,64,31,125,4.31880009294237,4.97716632365919,1.68113714169629,5
"linear",20,3,1,5,"K2_c12","local",12,77,25,125,4.28693605734207,4.94045618059962,1.68950831500407,5
"linear",20,3,1,5,"K2_c14","local",14,90,22,125,4.24248140820428,4.82712869077217,1.92096081016369,5
"linear",20,3,1,6,"K1_global","global",1,160,12,125,3.96465075732406,4.39541966278242,1.68406021448831,5
"linear",20,3,1,6,"K2_c10","local",10,64,31,125,4.43881144366598,5.18408871164046,1.12716500152587,5
"linear",20,3,1,6,"K2_c12","local",12,77,25,125,4.18392596073292,4.93197094527184,1.11637020132681,5
"linear",20,3,1,6,"K2_c14","local",14,90,22,125,4.10852075496396,4.69541911730017,1.50909629425347,5
"linear",20,3,1,7,"K1_global","global",1,160,12,125,4.00473167088201,4.37136163023228,2.16280278068872,5
"linear",20,3,1,7,"K2_c10","local",10,64,31,125,4.58916031410349,5.20248838183045,2.06433315875588,5
"linear",20,3,1,7,"K2_c12","local",12,77,25,125,4.46375144623925,5.05701617228701,1.99964221994275,5
"linear",20,3,1,7,"K2_c14","local",14,90,22,125,4.2443918941468,4.78452103184015,1.99488483433129,5
"linear",20,3,1,8,"K1_global","global",1,160,12,125,3.74254872339987,4.11539630549542,2.56759256949224,5
"linear",20,3,1,8,"K2_c10","local",10,64,31,125,4.38492331928377,5.02403617872946,2.10298578656147,5
"linear",20,3,1,8,"K2_c12","local",12,77,25,125,4.13874751030218,4.7859528720781,2.16231957276848,5
"linear",20,3,1,8,"K2_c14","local",14,90,22,125,4.00872458448335,4.59426476625337,2.21161195956809,5
"linear",20,3,1,9,"K1_global","global",1,160,12,125,3.78812457145905,4.12371286407009,1.68628381682295,5
"linear",20,3,1,9,"K2_c10","local",10,64,31,125,4.35380684373107,4.97034252729228,1.57257512323311,5
"linear",20,3,1,9,"K2_c12","local",12,77,25,125,4.25728550867311,4.78672859004405,1.41691453017553,5
"linear",20,3,1,9,"K2_c14","local",14,90,22,125,4.24273205769749,4.73989181949978,1.54793572544532,5
"linear",20,3,1,10,"K1_global","global",1,160,12,125,3.9716231659503,4.39695684937149,1.73506620879267,5
"linear",20,3,1,10,"K2_c10","local",10,64,31,125,4.4004805643239,5.12292255179115,1.50557196491993,5
"linear",20,3,1,10,"K2_c12","local",12,77,25,125,4.36672854939437,5.03208046539312,1.67822192017491,5
"linear",20,3,1,10,"K2_c14","local",14,90,22,125,4.30436235924552,4.89027169068543,1.73297192732529,5
"linear",20,3,1,11,"K1_global","global",1,160,12,125,3.80382228546934,4.21048423917159,1.53754560165397,5
"linear",20,3,1,11,"K2_c10","local",10,64,31,125,4.58501429670976,5.34386264358932,1.36631588016088,5
"linear",20,3,1,11,"K2_c12","local",12,77,25,125,4.53395978079784,5.19178582753599,1.52296395263602,5
"linear",20,3,1,11,"K2_c14","local",14,90,22,125,4.20258328537106,4.73821201551418,1.51013142822486,5
"linear",20,3,1,12,"K1_global","global",1,160,12,125,3.88154318513606,4.29142848669062,2.16699926155477,5
"linear",20,3,1,12,"K2_c10","local",10,64,31,125,4.53227885625195,5.27919222917393,1.54799376499827,5
"linear",20,3,1,12,"K2_c12","local",12,77,25,125,4.06073237038824,4.68121177439122,1.5303146469274,5
"linear",20,3,1,12,"K2_c14","local",14,90,22,125,3.92130020640058,4.53475476205324,1.60797088322494,5
"linear",20,4,0.5,1,"K1_global","global",1,160,12,125,2.30161193366601,2.62490182637879,0.785808603655836,2.5
"linear",20,4,0.5,1,"K2_c10","local",10,64,31,125,2.99272289888895,3.57696121418644,0.709488382685444,2.5
"linear",20,4,0.5,1,"K2_c12","local",12,77,25,125,2.76502099606557,3.27109376194513,0.679227855061489,2.5
"linear",20,4,0.5,1,"K2_c14","local",14,90,22,125,2.64175360850939,3.09007263342549,0.681336620742317,2.5
"linear",20,4,0.5,2,"K1_global","global",1,160,12,125,2.42407859798914,2.75990383158573,1.17139415311616,2.5
"linear",20,4,0.5,2,"K2_c10","local",10,64,31,125,2.86989060631293,3.43334855333798,0.845613224808115,2.5
"linear",20,4,0.5,2,"K2_c12","local",12,77,25,125,2.73787052282423,3.25033070238805,1.01178592930966,2.5
"linear",20,4,0.5,2,"K2_c14","local",14,90,22,125,2.61555784938348,3.08058140718347,1.05118748728392,2.5
"linear",20,4,0.5,3,"K1_global","global",1,160,12,125,2.35833360041351,2.71130838274215,1.03542972907935,2.5
"linear",20,4,0.5,3,"K2_c10","local",10,64,31,125,2.97322175242942,3.64012264623454,0.704626249892206,2.5
"linear",20,4,0.5,3,"K2_c12","local",12,77,25,125,2.77656288301982,3.31828386565228,0.806276814904084,2.5
"linear",20,4,0.5,3,"K2_c14","local",14,90,22,125,2.78094207333119,3.25946152361919,0.759301597048115,2.5
"linear",20,4,0.5,4,"K1_global","global",1,160,12,125,2.38229894535487,2.73472573434948,0.91345932789341,2.5
"linear",20,4,0.5,4,"K2_c10","local",10,64,31,125,3.08548498346305,3.62133044154881,1.04226126282979,2.5
"linear",20,4,0.5,4,"K2_c12","local",12,77,25,125,2.89331424076162,3.39794239207416,0.864526762746858,2.5
"linear",20,4,0.5,4,"K2_c14","local",14,90,22,125,2.7294626084013,3.18645518538004,0.959082293728073,2.5
"linear",20,4,0.5,5,"K1_global","global",1,160,12,125,2.41831112339353,2.82416911254667,0.777206859719132,2.5
"linear",20,4,0.5,5,"K2_c10","local",10,64,31,125,2.97191649746985,3.64341510447653,0.629771857406565,2.5
"linear",20,4,0.5,5,"K2_c12","local",12,77,25,125,2.90958276124061,3.48377905844285,0.735433540353733,2.5
"linear",20,4,0.5,5,"K2_c14","local",14,90,22,125,2.7734901851332,3.30497899907117,0.787274572991359,2.5
"linear",20,4,0.5,6,"K1_global","global",1,160,12,125,2.2649407518386,2.63244260673037,0.888707508262391,2.5
"linear",20,4,0.5,6,"K2_c10","local",10,64,31,125,3.11490353768907,3.76258195046275,0.677166476058694,2.5
"linear",20,4,0.5,6,"K2_c12","local",12,77,25,125,2.89594166669149,3.47290180600641,0.793372275127955,2.5
"linear",20,4,0.5,6,"K2_c14","local",14,90,22,125,2.73359123826885,3.24392866672632,0.786073205864728,2.5
"linear",20,4,0.5,7,"K1_global","global",1,160,12,125,2.24879541687974,2.55819535533404,0.874958180791168,2.5
"linear",20,4,0.5,7,"K2_c10","local",10,64,31,125,2.756323316606,3.28828122556907,0.842827447422462,2.5
"linear",20,4,0.5,7,"K2_c12","local",12,77,25,125,2.64007563627079,3.12998338189844,0.855919241559105,2.5
"linear",20,4,0.5,7,"K2_c14","local",14,90,22,125,2.5566915154736,2.98695071014689,0.773748180973619,2.5
"linear",20,4,0.5,8,"K1_global","global",1,160,12,125,2.45522221698926,2.85613017856695,0.913566509020937,2.5
"linear",20,4,0.5,8,"K2_c10","local",10,64,31,125,3.06575066559521,3.66403256478948,0.635261729588121,2.5
"linear",20,4,0.5,8,"K2_c12","local",12,77,25,125,2.77730461043255,3.30803933634067,0.747083706750536,2.5
"linear",20,4,0.5,8,"K2_c14","local",14,90,22,125,2.67355573808217,3.15437361846291,0.835994185568448,2.5
"linear",20,4,0.5,9,"K1_global","global",1,160,12,125,2.34510618722681,2.67555811810382,1.05659743215769,2.5
"linear",20,4,0.5,9,"K2_c10","local",10,64,31,125,2.87839147447876,3.45424227481772,0.914818197826564,2.5
"linear",20,4,0.5,9,"K2_c12","local",12,77,25,125,2.81269070577997,3.33442928254321,1.0662470508712,2.5
"linear",20,4,0.5,9,"K2_c14","local",14,90,22,125,2.7140299231756,3.22924156437671,1.03580737305349,2.5
"linear",20,4,0.5,10,"K1_global","global",1,160,12,125,2.41010708212857,2.76748283533333,1.0389074216554,2.5
"linear",20,4,0.5,10,"K2_c10","local",10,64,31,125,3.11082649685187,3.70155977837333,1.01395809989122,2.5
"linear",20,4,0.5,10,"K2_c12","local",12,77,25,125,2.92727300146824,3.45977667197407,1.07792136579459,2.5
"linear",20,4,0.5,10,"K2_c14","local",14,90,22,125,2.83566164430183,3.34179290534268,0.996416892433813,2.5
"linear",20,4,0.5,11,"K1_global","global",1,160,12,125,2.3421093219038,2.70908309771779,0.916682117582923,2.5
"linear",20,4,0.5,11,"K2_c10","local",10,64,31,125,3.05928290447784,3.69231146839711,0.716939081243179,2.5
"linear",20,4,0.5,11,"K2_c12","local",12,77,25,125,3.00446293010376,3.54428061819883,0.927143440701869,2.5
"linear",20,4,0.5,11,"K2_c14","local",14,90,22,125,2.71847624246427,3.20609612321366,0.671377160044392,2.5
"linear",20,4,0.5,12,"K1_global","global",1,160,12,125,2.35630168552275,2.67384460998747,1.05536684865509,2.5
"linear",20,4,0.5,12,"K2_c10","local",10,64,31,125,2.97993162374952,3.47793550451371,1.03145390884149,2.5
"linear",20,4,0.5,12,"K2_c12","local",12,77,25,125,2.83525122268944,3.40120442277328,1.05839025836004,2.5
"linear",20,4,0.5,12,"K2_c14","local",14,90,22,125,2.69086372883272,3.19477104034289,0.972440376706409,2.5
"linear",20,5,0.25,1,"K1_global","global",1,160,12,125,1.81745158249701,2.13795435300062,0.476815880222884,1.25
"linear",20,5,0.25,1,"K2_c10","local",10,64,31,125,2.31329740288694,2.83359023023065,0.36208007704159,1.25
"linear",20,5,0.25,1,"K2_c12","local",12,77,25,125,2.35562981531913,2.88676916609531,0.355484291846952,1.25
"linear",20,5,0.25,1,"K2_c14","local",14,90,22,125,2.0489900308303,2.52814424387539,0.359474800532741,1.25
"linear",20,5,0.25,2,"K1_global","global",1,160,12,125,1.75961551861403,2.10855622532214,0.687359306682706,1.25
"linear",20,5,0.25,2,"K2_c10","local",10,64,31,125,2.29720509601941,2.84100223225068,0.594974638589353,1.25
"linear",20,5,0.25,2,"K2_c12","local",12,77,25,125,2.19213822115569,2.70371207577168,0.549430009291556,1.25
"linear",20,5,0.25,2,"K2_c14","local",14,90,22,125,1.99699476124383,2.44939155620685,0.501221434115819,1.25
"linear",20,5,0.25,3,"K1_global","global",1,160,12,125,1.8023128102248,2.11344526229703,0.503739392036492,1.25
"linear",20,5,0.25,3,"K2_c10","local",10,64,31,125,2.39932540833023,2.86147685020094,0.387155589984751,1.25
"linear",20,5,0.25,3,"K2_c12","local",12,77,25,125,2.29492089280457,2.78961415582691,0.473220091902398,1.25
"linear",20,5,0.25,3,"K2_c14","local",14,90,22,125,2.14184832537537,2.56261764685483,0.447712469924936,1.25
"linear",20,5,0.25,4,"K1_global","global",1,160,12,125,1.78026392303409,2.09594683991506,0.417629263732017,1.25
"linear",20,5,0.25,4,"K2_c10","local",10,64,31,125,2.33498467476,2.82589139528522,0.494831546973813,1.25
"linear",20,5,0.25,4,"K2_c12","local",12,77,25,125,2.2316536345025,2.74610541048333,0.35574103992141,1.25
"linear",20,5,0.25,4,"K2_c14","local",14,90,22,125,2.17028333448972,2.5948698401459,0.399182559053929,1.25
"linear",20,5,0.25,5,"K1_global","global",1,160,12,125,1.77330786254249,2.09811573043725,0.413324093847158,1.25
"linear",20,5,0.25,5,"K2_c10","local",10,64,31,125,2.29917473997264,2.79234371738013,0.425521430125273,1.25
"linear",20,5,0.25,5,"K2_c12","local",12,77,25,125,2.25146836058856,2.78008624363626,0.440888899130085,1.25
"linear",20,5,0.25,5,"K2_c14","local",14,90,22,125,2.03602671001303,2.46588435381828,0.460531380003238,1.25
"linear",20,5,0.25,6,"K1_global","global",1,160,12,125,1.76649335163666,2.09193968713064,0.461971103925502,1.25
"linear",20,5,0.25,6,"K2_c10","local",10,64,31,125,2.35467646145339,2.89604995845338,0.338945604931297,1.25
"linear",20,5,0.25,6,"K2_c12","local",12,77,25,125,2.31182255819214,2.84427610950634,0.343050655301086,1.25
"linear",20,5,0.25,6,"K2_c14","local",14,90,22,125,2.0466455911591,2.50212797809217,0.333499203319438,1.25
"linear",20,5,0.25,7,"K1_global","global",1,160,12,125,1.88480833110211,2.23919211856262,0.587948547581341,1.25
"linear",20,5,0.25,7,"K2_c10","local",10,64,31,125,2.29731463251609,2.79144072832237,0.525555289961146,1.25
"linear",20,5,0.25,7,"K2_c12","local",12,77,25,125,2.2516810984641,2.73188993117197,0.494412176742533,1.25
"linear",20,5,0.25,7,"K2_c14","local",14,90,22,125,2.17612964760241,2.63268992488542,0.569137914868149,1.25
"linear",20,5,0.25,8,"K1_global","global",1,160,12,125,1.74187033514531,2.09208317149456,0.37298462413876,1.25
"linear",20,5,0.25,8,"K2_c10","local",10,64,31,125,2.48037382858028,3.07734311572025,0.351412714182918,1.25
"linear",20,5,0.25,8,"K2_c12","local",12,77,25,125,2.28914646423004,2.78224863415147,0.366202223167261,1.25
"linear",20,5,0.25,8,"K2_c14","local",14,90,22,125,2.10836955526046,2.60086500172524,0.345403701347573,1.25
"linear",20,5,0.25,9,"K1_global","global",1,160,12,125,1.71978575352973,2.05399647161782,0.394760413400985,1.25
"linear",20,5,0.25,9,"K2_c10","local",10,64,31,125,2.35803480130201,2.88338738189643,0.363347304277266,1.25
"linear",20,5,0.25,9,"K2_c12","local",12,77,25,125,2.21158782049802,2.72324167784157,0.373883491674988,1.25
"linear",20,5,0.25,9,"K2_c14","local",14,90,22,125,2.08741427778896,2.54940446712793,0.398164520613625,1.25
"linear",20,5,0.25,10,"K1_global","global",1,160,12,125,1.76606990149163,2.10032228606041,0.496644828695457,1.25
"linear",20,5,0.25,10,"K2_c10","local",10,64,31,125,2.41091820011167,2.98717490293969,0.472028728490684,1.25
"linear",20,5,0.25,10,"K2_c12","local",12,77,25,125,2.3081304593871,2.83337317749071,0.443281498055044,1.25
"linear",20,5,0.25,10,"K2_c14","local",14,90,22,125,2.08455006272811,2.57209734589511,0.470427899512935,1.25
"linear",20,5,0.25,11,"K1_global","global",1,160,12,125,1.83734241782281,2.18343534172941,0.401573595818468,1.25
"linear",20,5,0.25,11,"K2_c10","local",10,64,31,125,2.34750888398757,2.86598490926606,0.446809967131521,1.25
"linear",20,5,0.25,11,"K2_c12","local",12,77,25,125,2.11306941150865,2.63402924013913,0.441482383604112,1.25
"linear",20,5,0.25,11,"K2_c14","local",14,90,22,125,2.09243420542429,2.56407126893435,0.455249967149795,1.25
"linear",20,5,0.25,12,"K1_global","global",1,160,12,125,1.78203217813976,2.1099701304318,0.602282946624215,1.25
"linear",20,5,0.25,12,"K2_c10","local",10,64,31,125,2.28144523614319,2.80332896066457,0.647180305932238,1.25
"linear",20,5,0.25,12,"K2_c12","local",12,77,25,125,2.23766298022373,2.69260637740153,0.63936059445904,1.25
"linear",20,5,0.25,12,"K2_c14","local",14,90,22,125,2.08609710265284,2.49959717935631,0.644398188804233,1.25
"linear",20,6,0.1,1,"K1_global","global",1,160,12,125,1.55019143855089,1.86415107759095,0.284216327680932,0.5
"linear",20,6,0.1,1,"K2_c10","local",10,64,31,125,2.14859850412386,2.67728671293789,0.360315691998664,0.5
"linear",20,6,0.1,1,"K2_c12","local",12,77,25,125,1.98695677001383,2.43577776511804,0.289608507268697,0.5
"linear",20,6,0.1,1,"K2_c14","local",14,90,22,125,1.89920336472239,2.3237052052404,0.320994777926542,0.5
"linear",20,6,0.1,2,"K1_global","global",1,160,12,125,1.556010002677,1.87661221806509,0.278517055367946,0.5
"linear",20,6,0.1,2,"K2_c10","local",10,64,31,125,2.09587469593308,2.58902114727661,0.338825924715874,0.5
"linear",20,6,0.1,2,"K2_c12","local",12,77,25,125,2.04122269253741,2.52670064447456,0.330443625175718,0.5
"linear",20,6,0.1,2,"K2_c14","local",14,90,22,125,1.84927306344521,2.29061136386759,0.371226214056166,0.5
"linear",20,6,0.1,3,"K1_global","global",1,160,12,125,1.55155092570391,1.85211595382494,0.273708979591775,0.5
"linear",20,6,0.1,3,"K2_c10","local",10,64,31,125,2.13718989025421,2.63512348355547,0.354394473745909,0.5
"linear",20,6,0.1,3,"K2_c12","local",12,77,25,125,2.03468657454409,2.49950082838776,0.301556975257516,0.5
"linear",20,6,0.1,3,"K2_c14","local",14,90,22,125,1.90886421036696,2.31726497555288,0.347206359535815,0.5
"linear",20,6,0.1,4,"K1_global","global",1,160,12,125,1.55659963062261,1.86603746573926,0.252695714432488,0.5
"linear",20,6,0.1,4,"K2_c10","local",10,64,31,125,2.09206149277723,2.56086890033252,0.382008878838851,0.5
"linear",20,6,0.1,4,"K2_c12","local",12,77,25,125,1.98011862671976,2.41675818925439,0.287550509348347,0.5
"linear",20,6,0.1,4,"K2_c14","local",14,90,22,125,1.82722375512337,2.2508357985095,0.324212794307806,0.5
"linear",20,6,0.1,5,"K1_global","global",1,160,12,125,1.54125304220445,1.87477677442531,0.239209125015509,0.5
"linear",20,6,0.1,5,"K2_c10","local",10,64,31,125,2.11280484730476,2.57072662027991,0.356147109668835,0.5
"linear",20,6,0.1,5,"K2_c12","local",12,77,25,125,2.00263544831868,2.4361143942249,0.340550221284535,0.5
"linear",20,6,0.1,5,"K2_c14","local",14,90,22,125,1.82200854689326,2.23579988896177,0.263838738661523,0.5
"linear",20,6,0.1,6,"K1_global","global",1,160,12,125,1.55420873143968,1.87722160327125,0.261455439979635,0.5
"linear",20,6,0.1,6,"K2_c10","local",10,64,31,125,2.09055992221953,2.60670049190123,0.361276930314179,0.5
"linear",20,6,0.1,6,"K2_c12","local",12,77,25,125,2.0510676435333,2.53879410936842,0.384655157955442,0.5
"linear",20,6,0.1,6,"K2_c14","local",14,90,22,125,1.84689904845272,2.26992802792379,0.323051349126271,0.5
"linear",20,6,0.1,7,"K1_global","global",1,160,12,125,1.5695229665373,1.89334471108018,0.251729694121918,0.5
"linear",20,6,0.1,7,"K2_c10","local",10,64,31,125,2.1328100390724,2.66228573058386,0.297963825281876,0.5
"linear",20,6,0.1,7,"K2_c12","local",12,77,25,125,2.11574817220129,2.54010849119455,0.351563874680928,0.5
"linear",20,6,0.1,7,"K2_c14","local",14,90,22,125,1.88518094707502,2.29572764532437,0.389518088155451,0.5
"linear",20,6,0.1,8,"K1_global","global",1,160,12,125,1.52758837764315,1.84043860961327,0.231604547540925,0.5
"linear",20,6,0.1,8,"K2_c10","local",10,64,31,125,2.07582988363481,2.55697847259285,0.311582750315135,0.5
"linear",20,6,0.1,8,"K2_c12","local",12,77,25,125,2.00508830811991,2.47437683775267,0.356952273067203,0.5
"linear",20,6,0.1,8,"K2_c14","local",14,90,22,125,1.85478509365407,2.28916085111222,0.36506233627961,0.5
"linear",20,6,0.1,9,"K1_global","global",1,160,12,125,1.51754407633192,1.83121921573507,0.296978407518724,0.5
"linear",20,6,0.1,9,"K2_c10","local",10,64,31,125,2.13026762705246,2.623163983213,0.342358764260545,0.5
"linear",20,6,0.1,9,"K2_c12","local",12,77,25,125,1.99943631877989,2.42964196778624,0.323446147124951,0.5
"linear",20,6,0.1,9,"K2_c14","local",14,90,22,125,1.88787530971836,2.27765264630198,0.353754208093971,0.5
"linear",20,6,0.1,10,"K1_global","global",1,160,12,125,1.55331888239953,1.87733135016801,0.258513063247113,0.5
"linear",20,6,0.1,10,"K2_c10","local",10,64,31,125,2.12371456136917,2.62338635337654,0.348500171969967,0.5
"linear",20,6,0.1,10,"K2_c12","local",12,77,25,125,2.0920636369902,2.54555814268461,0.306049355600601,0.5
"linear",20,6,0.1,10,"K2_c14","local",14,90,22,125,1.89435342682193,2.32925010847659,0.347300874849688,0.5
"linear",20,6,0.1,11,"K1_global","global",1,160,12,125,1.57960935322395,1.90985085492043,0.253766895549142,0.5
"linear",20,6,0.1,11,"K2_c10","local",10,64,31,125,2.08219881605315,2.57156662588255,0.32457971315058,0.5
"linear",20,6,0.1,11,"K2_c12","local",12,77,25,125,2.01339124199473,2.5120084361345,0.333625487032032,0.5
"linear",20,6,0.1,11,"K2_c14","local",14,90,22,125,1.86476859133052,2.27540095396077,0.276607052839099,0.5
"linear",20,6,0.1,12,"K1_global","global",1,160,12,125,1.55675598074772,1.89654139917131,0.260605874994637,0.5
"linear",20,6,0.1,12,"K2_c10","local",10,64,31,125,2.09914329217073,2.60620127344695,0.359918521034006,0.5
"linear",20,6,0.1,12,"K2_c12","local",12,77,25,125,2.04322645542637,2.49347611224116,0.437326806195683,0.5
"linear",20,6,0.1,12,"K2_c14","local",14,90,22,125,1.88361371166848,2.28262362304383,0.344711663160448,0.5
"linear",21,1,4,1,"K1_global","global",1,160,12,125,13.8432016659685,14.614877990204,9.23511850640449,20
"linear",21,1,4,1,"K2_c10","local",10,64,31,125,14.3171824080754,15.8895198244503,8.09989794924547,20
"linear",21,1,4,1,"K2_c12","local",12,77,25,125,14.1898237268893,15.5813281655554,8.01846107701032,20
"linear",21,1,4,1,"K2_c14","local",14,90,22,125,14.0013465533148,15.466485236598,7.9578718209889,20
"linear",21,1,4,2,"K1_global","global",1,160,12,125,14.0175157627157,14.8204384198387,6.28641552922248,20
"linear",21,1,4,2,"K2_c10","local",10,64,31,125,14.5228533870137,16.4158206192125,5.31037419329757,20
"linear",21,1,4,2,"K2_c12","local",12,77,25,125,14.0676312157615,15.6513209340014,5.38557882372892,20
"linear",21,1,4,2,"K2_c14","local",14,90,22,125,13.9536446513469,15.2805510702638,5.95159989366817,20
"linear",21,1,4,3,"K1_global","global",1,160,12,125,13.3025121158208,14.2082642651777,9.07213512621214,20
"linear",21,1,4,3,"K2_c10","local",10,64,31,125,14.1948318443997,15.838621756089,8.414678785916,20
"linear",21,1,4,3,"K2_c12","local",12,77,25,125,14.0902758551656,15.4241615989903,8.86292747322356,20
"linear",21,1,4,3,"K2_c14","local",14,90,22,125,14.1412028708108,15.5009334379747,9.28081888999874,20
"linear",21,1,4,4,"K1_global","global",1,160,12,125,14.2188472580349,14.9250643820387,9.659663524492,20
"linear",21,1,4,4,"K2_c10","local",10,64,31,125,14.4907587673587,16.0684109218132,8.29245914123975,20
"linear",21,1,4,4,"K2_c12","local",12,77,25,125,14.7942630039801,16.3036074891,8.4305698812591,20
"linear",21,1,4,4,"K2_c14","local",14,90,22,125,14.4860705362789,15.6724431610708,8.47600218263524,20
"linear",21,1,4,5,"K1_global","global",1,160,12,125,13.3766185771867,14.2627895084178,6.38137641373832,20
"linear",21,1,4,5,"K2_c10","local",10,64,31,125,13.7610791518749,15.6490756363457,5.47375862753465,20
"linear",21,1,4,5,"K2_c12","local",12,77,25,125,13.9257876698755,15.5968095524371,6.16971984862476,20
"linear",21,1,4,5,"K2_c14","local",14,90,22,125,13.734373835839,15.2930013271124,4.8903556186297,20
"linear",21,1,4,6,"K1_global","global",1,160,12,125,13.6214585157781,14.5248275078452,6.99010555730676,20
"linear",21,1,4,6,"K2_c10","local",10,64,31,125,14.2270599882351,15.8744472207049,6.31049790179081,20
"linear",21,1,4,6,"K2_c12","local",12,77,25,125,14.4452929775694,16.1342819259404,6.49621850048799,20
"linear",21,1,4,6,"K2_c14","local",14,90,22,125,13.5584684342434,15.0108241769695,6.07967267890654,20
"linear",21,1,4,7,"K1_global","global",1,160,12,125,13.3859996904712,14.1922301294876,7.23816650455284,20
"linear",21,1,4,7,"K2_c10","local",10,64,31,125,13.5758586135157,15.3533498753887,5.63007713742096,20
"linear",21,1,4,7,"K2_c12","local",12,77,25,125,13.3756492166299,15.2057842843676,5.68826444584943,20
"linear",21,1,4,7,"K2_c14","local",14,90,22,125,13.4240321487207,15.1362538868742,5.88649116251166,20
"linear",21,1,4,8,"K1_global","global",1,160,12,125,13.7229146833754,14.656262989541,7.33291145481197,20
"linear",21,1,4,8,"K2_c10","local",10,64,31,125,13.609849721987,15.6754850377475,6.10836967891154,20
"linear",21,1,4,8,"K2_c12","local",12,77,25,125,13.9249901536768,15.7739551538431,6.42127185867734,20
"linear",21,1,4,8,"K2_c14","local",14,90,22,125,13.4332684998228,14.9596471219806,6.76613502563124,20
"linear",21,1,4,9,"K1_global","global",1,160,12,125,14.0837130544818,14.9199665635115,9.53377506728862,20
"linear",21,1,4,9,"K2_c10","local",10,64,31,125,14.4507625618436,16.4326104681682,7.23819177010143,20
"linear",21,1,4,9,"K2_c12","local",12,77,25,125,14.2460543542111,16.0683515068747,7.47493176683801,20
"linear",21,1,4,9,"K2_c14","local",14,90,22,125,14.0708755753775,15.8807358288059,8.1209835847618,20
"linear",21,1,4,10,"K1_global","global",1,160,12,125,13.6698658686514,14.6793512928128,7.19220574446451,20
"linear",21,1,4,10,"K2_c10","local",10,64,31,125,14.5365547371006,16.2734083242071,7.08509563005901,20
"linear",21,1,4,10,"K2_c12","local",12,77,25,125,13.7219711879316,15.3734089952078,6.41967012630041,20
"linear",21,1,4,10,"K2_c14","local",14,90,22,125,13.5318295595196,14.8618264950793,6.7693614532791,20
"linear",21,1,4,11,"K1_global","global",1,160,12,125,13.8520168968228,14.6414863565501,6.22692641317376,20
"linear",21,1,4,11,"K2_c10","local",10,64,31,125,14.3735898791432,15.8038406012723,5.92290292717164,20
"linear",21,1,4,11,"K2_c12","local",12,77,25,125,13.949919671773,15.3451667383596,5.75453940669408,20
"linear",21,1,4,11,"K2_c14","local",14,90,22,125,14.8076437163873,15.9941352911813,6.50734878256557,20
"linear",21,1,4,12,"K1_global","global",1,160,12,125,14.0924597274362,14.9308613162321,7.49638945270827,20
"linear",21,1,4,12,"K2_c10","local",10,64,31,125,14.3993518644342,16.0295579257114,6.24639054191007,20
"linear",21,1,4,12,"K2_c12","local",12,77,25,125,13.9615819687126,15.6624233820212,6.10243279438408,20
"linear",21,1,4,12,"K2_c14","local",14,90,22,125,13.7979685826549,15.1997360386639,6.28449049076769,20
"linear",21,2,2,1,"K1_global","global",1,160,12,125,7.13715134561414,7.65158954691151,3.18565520139368,10
"linear",21,2,2,1,"K2_c10","local",10,64,31,125,7.85224081771355,8.95567747321536,2.82944761989929,10
"linear",21,2,2,1,"K2_c12","local",12,77,25,125,7.5825815686893,8.43943741253912,2.88760051401613,10
"linear",21,2,2,1,"K2_c14","local",14,90,22,125,7.63634488339842,8.55027814527999,3.28294504190707,10
"linear",21,2,2,2,"K1_global","global",1,160,12,125,6.90701737732611,7.42790043953308,3.476188172486,10
"linear",21,2,2,2,"K2_c10","local",10,64,31,125,7.43473399061738,8.44277544026335,3.11855967940307,10
"linear",21,2,2,2,"K2_c12","local",12,77,25,125,7.12941261529128,8.16184507824577,3.02377265316012,10
"linear",21,2,2,2,"K2_c14","local",14,90,22,125,7.28155900159035,8.26212490601004,3.21979576075825,10
"linear",21,2,2,3,"K1_global","global",1,160,12,125,7.25011180876076,7.80107132554741,3.46551988648431,10
"linear",21,2,2,3,"K2_c10","local",10,64,31,125,7.51879210667413,8.55089238520381,3.17444426286624,10
"linear",21,2,2,3,"K2_c12","local",12,77,25,125,7.65995088080325,8.53458945184323,3.2441889135303,10
"linear",21,2,2,3,"K2_c14","local",14,90,22,125,7.5918293977955,8.43406857615612,3.49359397222524,10
"linear",21,2,2,4,"K1_global","global",1,160,12,125,7.33154862488684,7.79395080079729,3.97962011703526,10
"linear",21,2,2,4,"K2_c10","local",10,64,31,125,7.68495545260649,8.53259707011821,3.38365465336076,10
"linear",21,2,2,4,"K2_c12","local",12,77,25,125,7.73861865244911,8.64554224970487,3.44925284920561,10
"linear",21,2,2,4,"K2_c14","local",14,90,22,125,7.5878657451941,8.35040560090836,3.53598278047594,10
"linear",21,2,2,5,"K1_global","global",1,160,12,125,7.26972384853349,7.82030787763736,3.79906318090238,10
"linear",21,2,2,5,"K2_c10","local",10,64,31,125,8.16126715354869,9.16701394396072,3.24305973517248,10
"linear",21,2,2,5,"K2_c12","local",12,77,25,125,7.71937854040566,8.57780464656377,3.44817226639208,10
"linear",21,2,2,5,"K2_c14","local",14,90,22,125,7.36664056772394,8.18050289149623,3.19418810467495,10
"linear",21,2,2,6,"K1_global","global",1,160,12,125,7.22190993616087,7.83140682031275,3.29882155786535,10
"linear",21,2,2,6,"K2_c10","local",10,64,31,125,7.77038711080446,8.77159773364047,3.16503856402568,10
"linear",21,2,2,6,"K2_c12","local",12,77,25,125,7.59396446027029,8.52422236534063,2.89006821857872,10
"linear",21,2,2,6,"K2_c14","local",14,90,22,125,7.53937404856706,8.48298175623925,3.07895028384239,10
"linear",21,2,2,7,"K1_global","global",1,160,12,125,6.97247138239204,7.418249200002,3.35934146379582,10
"linear",21,2,2,7,"K2_c10","local",10,64,31,125,7.45379204063069,8.41997972207158,2.94215839363685,10
"linear",21,2,2,7,"K2_c12","local",12,77,25,125,7.36300001044868,8.16655057477181,2.88845214217513,10
"linear",21,2,2,7,"K2_c14","local",14,90,22,125,6.90338167558776,7.65849831083033,2.87150173516505,10
"linear",21,2,2,8,"K1_global","global",1,160,12,125,7.46240207422258,7.96550063195404,4.03587346735149,10
"linear",21,2,2,8,"K2_c10","local",10,64,31,125,7.77307080569702,8.69227541139288,3.55293960868494,10
"linear",21,2,2,8,"K2_c12","local",12,77,25,125,7.52925374972188,8.43010187864834,3.70195127952133,10
"linear",21,2,2,8,"K2_c14","local",14,90,22,125,7.31558922418775,8.21178134929418,3.73870373068205,10
"linear",21,2,2,9,"K1_global","global",1,160,12,125,7.31665346260061,7.91632402171506,4.01488441237521,10
"linear",21,2,2,9,"K2_c10","local",10,64,31,125,7.66139458534548,8.61547572404026,3.3238271319204,10
"linear",21,2,2,9,"K2_c12","local",12,77,25,125,7.47196948726136,8.32937976245259,3.77068291056253,10
"linear",21,2,2,9,"K2_c14","local",14,90,22,125,7.4030062888637,8.2806221493739,3.57974974622705,10
"linear",21,2,2,10,"K1_global","global",1,160,12,125,6.95086286331284,7.51642663823271,3.22824401453326,10
"linear",21,2,2,10,"K2_c10","local",10,64,31,125,8.06178088131472,9.2252559635091,2.98653511504697,10
"linear",21,2,2,10,"K2_c12","local",12,77,25,125,7.6903688552784,8.6871392972342,2.80923339974652,10
"linear",21,2,2,10,"K2_c14","local",14,90,22,125,7.5572606799909,8.41129436360387,2.77175483489307,10
"linear",21,2,2,11,"K1_global","global",1,160,12,125,7.11405073561333,7.5926582645531,3.46104648824512,10
"linear",21,2,2,11,"K2_c10","local",10,64,31,125,7.68995196366823,8.80189908978549,2.99251918971014,10
"linear",21,2,2,11,"K2_c12","local",12,77,25,125,7.51414530847071,8.50739984919677,3.16285006692092,10
"linear",21,2,2,11,"K2_c14","local",14,90,22,125,7.19741788118355,7.95589286861236,3.48949379086807,10
"linear",21,2,2,12,"K1_global","global",1,160,12,125,7.36669544351141,7.92486095505276,4.42799888069308,10
"linear",21,2,2,12,"K2_c10","local",10,64,31,125,7.54794813992848,8.6126471665849,3.35363051672959,10
"linear",21,2,2,12,"K2_c12","local",12,77,25,125,7.47194732141793,8.4920663000695,3.93540508745965,10
"linear",21,2,2,12,"K2_c14","local",14,90,22,125,7.06402627149782,7.96598160926936,3.85421539198888,10
"linear",21,3,1,1,"K1_global","global",1,160,12,125,3.92869901001113,4.37375093899054,1.74797392847705,5
"linear",21,3,1,1,"K2_c10","local",10,64,31,125,4.54236316182219,5.27734546206819,1.39321433575998,5
"linear",21,3,1,1,"K2_c12","local",12,77,25,125,4.4573273192915,5.18239247538574,1.61312685078912,5
"linear",21,3,1,1,"K2_c14","local",14,90,22,125,4.42541866984788,5.06481675972286,1.58430935024861,5
"linear",21,3,1,2,"K1_global","global",1,160,12,125,3.95082335502788,4.36271625889358,1.75349000915862,5
"linear",21,3,1,2,"K2_c10","local",10,64,31,125,4.56864783506006,5.35232305876925,1.58033977257197,5
"linear",21,3,1,2,"K2_c12","local",12,77,25,125,4.52087046418955,5.25739270104729,1.6137673044895,5
"linear",21,3,1,2,"K2_c14","local",14,90,22,125,4.34135303768001,5.05101269622824,1.47996035090967,5
"linear",21,3,1,3,"K1_global","global",1,160,12,125,4.18175127432437,4.51087018036094,2.00425501945595,5
"linear",21,3,1,3,"K2_c10","local",10,64,31,125,4.53034806003336,5.15347322176122,1.60126745165287,5
"linear",21,3,1,3,"K2_c12","local",12,77,25,125,4.55764141715086,5.22144677756013,1.65132383786718,5
"linear",21,3,1,3,"K2_c14","local",14,90,22,125,4.40846236777929,5.00152834581548,1.76018942307267,5
"linear",21,3,1,4,"K1_global","global",1,160,12,125,4.02838831561532,4.46357432595295,2.00912385968188,5
"linear",21,3,1,4,"K2_c10","local",10,64,31,125,4.52167501470297,5.23828464285058,1.630564369835,5
"linear",21,3,1,4,"K2_c12","local",12,77,25,125,4.35417980019915,4.9953337942278,1.8359441900961,5
"linear",21,3,1,4,"K2_c14","local",14,90,22,125,4.30828235778936,4.96047298631867,1.87144989285574,5
"linear",21,3,1,5,"K1_global","global",1,160,12,125,3.89519339602772,4.42283354714967,1.7071436536884,5
"linear",21,3,1,5,"K2_c10","local",10,64,31,125,4.49275395715605,5.3604039766282,1.32179690375915,5
"linear",21,3,1,5,"K2_c12","local",12,77,25,125,4.54206159369562,5.31806516737027,1.33864045675116,5
"linear",21,3,1,5,"K2_c14","local",14,90,22,125,4.28578455577113,5.11178586294095,1.21420987606235,5
"linear",21,3,1,6,"K1_global","global",1,160,12,125,3.95647400742623,4.36472878648943,1.78766669218163,5
"linear",21,3,1,6,"K2_c10","local",10,64,31,125,4.65006021337558,5.33850758951963,1.78250257885411,5
"linear",21,3,1,6,"K2_c12","local",12,77,25,125,4.34483486768062,4.99513594359443,1.74342310114971,5
"linear",21,3,1,6,"K2_c14","local",14,90,22,125,4.55028147717366,5.1296363541689,1.78830655293919,5
"linear",21,3,1,7,"K1_global","global",1,160,12,125,3.91790858937545,4.36834857671118,1.92797990528261,5
"linear",21,3,1,7,"K2_c10","local",10,64,31,125,4.59957071872808,5.44338774595185,1.57522505617402,5
"linear",21,3,1,7,"K2_c12","local",12,77,25,125,4.40891131972606,5.15770667464418,1.40504593180739,5
"linear",21,3,1,7,"K2_c14","local",14,90,22,125,4.28386399278703,4.96171422118326,1.70327072510422,5
"linear",21,3,1,8,"K1_global","global",1,160,12,125,3.98891665104959,4.41969912030483,2.64250726941929,5
"linear",21,3,1,8,"K2_c10","local",10,64,31,125,4.3133189577642,5.09014238886712,1.88418058277745,5
"linear",21,3,1,8,"K2_c12","local",12,77,25,125,4.48040156570734,5.21272936084581,2.46521757851559,5
"linear",21,3,1,8,"K2_c14","local",14,90,22,125,4.15450106967272,4.8049851063353,2.15754727546436,5
"linear",21,3,1,9,"K1_global","global",1,160,12,125,3.99134804424872,4.48326271488487,1.64614170706323,5
"linear",21,3,1,9,"K2_c10","local",10,64,31,125,4.66375425944,5.45669487068496,1.48869273301193,5
"linear",21,3,1,9,"K2_c12","local",12,77,25,125,4.38746670302727,5.21377842736361,1.43520501391417,5
"linear",21,3,1,9,"K2_c14","local",14,90,22,125,4.27571550074904,5.03740019067544,1.27346974528831,5
"linear",21,3,1,10,"K1_global","global",1,160,12,125,4.12281155514285,4.50726448320476,1.62005520362553,5
"linear",21,3,1,10,"K2_c10","local",10,64,31,125,4.59927365109493,5.2705808835569,1.37979928458049,5
"linear",21,3,1,10,"K2_c12","local",12,77,25,125,4.53655668645016,5.19763859428421,1.4712587951274,5
"linear",21,3,1,10,"K2_c14","local",14,90,22,125,4.43683873998412,5.06391584323978,1.50094387706409,5
"linear",21,3,1,11,"K1_global","global",1,160,12,125,4.14519375558506,4.55709524379596,1.78930623786931,5
"linear",21,3,1,11,"K2_c10","local",10,64,31,125,4.51728193061578,5.31531846188136,1.31470652124688,5
"linear",21,3,1,11,"K2_c12","local",12,77,25,125,4.38001900822393,5.07192171736048,1.57677169647652,5
"linear",21,3,1,11,"K2_c14","local",14,90,22,125,4.415792268853,5.06159713919611,1.30484911416334,5
"linear",21,3,1,12,"K1_global","global",1,160,12,125,3.73405817460088,4.15853094084622,1.93379192321657,5
"linear",21,3,1,12,"K2_c10","local",10,64,31,125,4.14031266375763,4.88403393353638,1.48895088950799,5
"linear",21,3,1,12,"K2_c12","local",12,77,25,125,4.165811472464,4.89943503828766,1.57868475411839,5
"linear",21,3,1,12,"K2_c14","local",14,90,22,125,4.17211801540056,4.95582730690817,1.63587012615558,5
"linear",21,4,0.5,1,"K1_global","global",1,160,12,125,2.56672697542171,2.97079008627832,0.858438562247308,2.5
"linear",21,4,0.5,1,"K2_c10","local",10,64,31,125,3.17833288477857,3.88529926159358,0.853340300587714,2.5
"linear",21,4,0.5,1,"K2_c12","local",12,77,25,125,3.00519578385983,3.65628194792412,0.744811492031869,2.5
"linear",21,4,0.5,1,"K2_c14","local",14,90,22,125,2.89300463312218,3.49934399883096,0.737514115420023,2.5
"linear",21,4,0.5,2,"K1_global","global",1,160,12,125,2.48122727249847,2.94691267900953,0.886926769647235,2.5
"linear",21,4,0.5,2,"K2_c10","local",10,64,31,125,3.14889763534218,3.82461983758847,0.770047091039124,2.5
"linear",21,4,0.5,2,"K2_c12","local",12,77,25,125,3.07243654704099,3.7318379336575,0.922894381178425,2.5
"linear",21,4,0.5,2,"K2_c14","local",14,90,22,125,3.04143663940105,3.59185281622443,0.78558381483124,2.5
"linear",21,4,0.5,3,"K1_global","global",1,160,12,125,2.46386476387663,2.89310982459998,1.11471463756689,2.5
"linear",21,4,0.5,3,"K2_c10","local",10,64,31,125,3.17533655825928,3.7900703630288,1.13786112125314,2.5
"linear",21,4,0.5,3,"K2_c12","local",12,77,25,125,3.00473899361023,3.57444512095214,0.968675123694741,2.5
"linear",21,4,0.5,3,"K2_c14","local",14,90,22,125,2.90655145780049,3.58095542321056,0.900402020614076,2.5
"linear",21,4,0.5,4,"K1_global","global",1,160,12,125,2.49543138995745,2.89978345573308,0.786604304158807,2.5
"linear",21,4,0.5,4,"K2_c10","local",10,64,31,125,3.21522960161297,3.84969660707761,0.688799604561546,2.5
"linear",21,4,0.5,4,"K2_c12","local",12,77,25,125,3.1003085910793,3.6953851546614,0.837479372562751,2.5
"linear",21,4,0.5,4,"K2_c14","local",14,90,22,125,3.03027022014292,3.59497534476814,0.925164951462574,2.5
"linear",21,4,0.5,5,"K1_global","global",1,160,12,125,2.55940397400171,3.00299220323625,0.743076903568516,2.5
"linear",21,4,0.5,5,"K2_c10","local",10,64,31,125,2.96623620301731,3.59502447918391,0.483329089119995,2.5
"linear",21,4,0.5,5,"K2_c12","local",12,77,25,125,3.03903917502899,3.68863855495337,0.666481851028537,2.5
"linear",21,4,0.5,5,"K2_c14","local",14,90,22,125,3.04765647154935,3.6603046055366,0.542719351384676,2.5
"linear",21,4,0.5,6,"K1_global","global",1,160,12,125,2.64079577349397,3.00264997658253,1.16845206186698,2.5
"linear",21,4,0.5,6,"K2_c10","local",10,64,31,125,3.00208187124645,3.5971666060982,1.05651388125009,2.5
"linear",21,4,0.5,6,"K2_c12","local",12,77,25,125,3.10097226356133,3.61013423560426,1.08645280673615,2.5
"linear",21,4,0.5,6,"K2_c14","local",14,90,22,125,3.0128737884025,3.56814564120313,0.874356888714968,2.5
"linear",21,4,0.5,7,"K1_global","global",1,160,12,125,2.50818544860442,2.92097894241617,0.849439779162594,2.5
"linear",21,4,0.5,7,"K2_c10","local",10,64,31,125,3.06233486105589,3.62667496037441,0.854339142511478,2.5
"linear",21,4,0.5,7,"K2_c12","local",12,77,25,125,2.87222827279713,3.45981549732127,0.83427445802224,2.5
"linear",21,4,0.5,7,"K2_c14","local",14,90,22,125,2.97079136471276,3.53335379876229,0.847569821093993,2.5
"linear",21,4,0.5,8,"K1_global","global",1,160,12,125,2.51364177470912,2.91790715189224,0.873258711957424,2.5
"linear",21,4,0.5,8,"K2_c10","local",10,64,31,125,2.99322613485274,3.66738382758809,0.632921625623421,2.5
"linear",21,4,0.5,8,"K2_c12","local",12,77,25,125,3.00534280055354,3.61826454782246,0.76757385597154,2.5
"linear",21,4,0.5,8,"K2_c14","local",14,90,22,125,3.06625112352817,3.68803925278367,0.8188419322693,2.5
"linear",21,4,0.5,9,"K1_global","global",1,160,12,125,2.47371161223735,2.94898884689272,0.83234431828441,2.5
"linear",21,4,0.5,9,"K2_c10","local",10,64,31,125,3.03087878694687,3.69886337537616,0.669758045208646,2.5
"linear",21,4,0.5,9,"K2_c12","local",12,77,25,125,3.04467453534079,3.6152931930525,0.827144778014031,2.5
"linear",21,4,0.5,9,"K2_c14","local",14,90,22,125,3.0284420789461,3.62607314324381,0.868934201283443,2.5
"linear",21,4,0.5,10,"K1_global","global",1,160,12,125,2.52494643284644,2.89172624339806,1.02924047011456,2.5
"linear",21,4,0.5,10,"K2_c10","local",10,64,31,125,3.05080595751415,3.65992216542965,0.8578905736511,2.5
"linear",21,4,0.5,10,"K2_c12","local",12,77,25,125,3.03563053979478,3.58678547533079,0.905859263647012,2.5
"linear",21,4,0.5,10,"K2_c14","local",14,90,22,125,3.12444061144611,3.69573792902877,0.974957189714445,2.5
"linear",21,4,0.5,11,"K1_global","global",1,160,12,125,2.62862691734411,3.03159228109298,0.993143614659518,2.5
"linear",21,4,0.5,11,"K2_c10","local",10,64,31,125,3.32800540611911,3.97974048036683,0.832042557201992,2.5
"linear",21,4,0.5,11,"K2_c12","local",12,77,25,125,3.12803863726609,3.6733086554643,0.971349722534015,2.5
"linear",21,4,0.5,11,"K2_c14","local",14,90,22,125,3.14239788368996,3.71044989877666,0.873885749614095,2.5
"linear",21,4,0.5,12,"K1_global","global",1,160,12,125,2.56358902163349,2.97355605189626,0.976688276840058,2.5
"linear",21,4,0.5,12,"K2_c10","local",10,64,31,125,3.23000937507264,3.85625531103566,0.939858966168543,2.5
"linear",21,4,0.5,12,"K2_c12","local",12,77,25,125,3.14667452166221,3.74435966346968,0.99416164704751,2.5
"linear",21,4,0.5,12,"K2_c14","local",14,90,22,125,3.10921685591234,3.64850236577928,0.911322389880233,2.5
"linear",21,5,0.25,1,"K1_global","global",1,160,12,125,2.00018177919953,2.45229229093558,0.395713968025445,1.25
"linear",21,5,0.25,1,"K2_c10","local",10,64,31,125,2.61421711196998,3.15045810798046,0.500140188384523,1.25
"linear",21,5,0.25,1,"K2_c12","local",12,77,25,125,2.44258784003297,3.03663775710906,0.418214070473909,1.25
"linear",21,5,0.25,1,"K2_c14","local",14,90,22,125,2.50286753177162,3.00352615016727,0.489530405242544,1.25
"linear",21,5,0.25,2,"K1_global","global",1,160,12,125,1.91947875378247,2.36012550415917,0.428489812649314,1.25
"linear",21,5,0.25,2,"K2_c10","local",10,64,31,125,2.55131060036106,3.08418706197029,0.382910647473908,1.25
"linear",21,5,0.25,2,"K2_c12","local",12,77,25,125,2.38427130899684,2.96725772717449,0.331911458190993,1.25
"linear",21,5,0.25,2,"K2_c14","local",14,90,22,125,2.47067067060184,3.0553341331934,0.359888074163035,1.25
"linear",21,5,0.25,3,"K1_global","global",1,160,12,125,1.8943580661614,2.30522283497597,0.409007667452754,1.25
"linear",21,5,0.25,3,"K2_c10","local",10,64,31,125,2.56378072754182,3.10867851281888,0.382174850886859,1.25
"linear",21,5,0.25,3,"K2_c12","local",12,77,25,125,2.43743182655962,3.00377428672397,0.395311778692691,1.25
"linear",21,5,0.25,3,"K2_c14","local",14,90,22,125,2.36161558144381,2.90283430971254,0.401870445015534,1.25
"linear",21,5,0.25,4,"K1_global","global",1,160,12,125,1.93628328587124,2.32890199887688,0.332502943433033,1.25
"linear",21,5,0.25,4,"K2_c10","local",10,64,31,125,2.54063650761066,3.0345251224679,0.499111994816887,1.25
"linear",21,5,0.25,4,"K2_c12","local",12,77,25,125,2.44717136225942,2.96702448302143,0.410116118587758,1.25
"linear",21,5,0.25,4,"K2_c14","local",14,90,22,125,2.47793615341543,3.00927103781737,0.437570949236228,1.25
"linear",21,5,0.25,5,"K1_global","global",1,160,12,125,1.9223648839945,2.33615063594666,0.517833754571053,1.25
"linear",21,5,0.25,5,"K2_c10","local",10,64,31,125,2.74398260647448,3.30436762231494,0.640121699630013,1.25
"linear",21,5,0.25,5,"K2_c12","local",12,77,25,125,2.41510835253357,2.93952680635398,0.487725482392755,1.25
"linear",21,5,0.25,5,"K2_c14","local",14,90,22,125,2.5197174934967,3.01223071589836,0.426878211942755,1.25
"linear",21,5,0.25,6,"K1_global","global",1,160,12,125,1.96310750242364,2.37513635189154,0.550689259918341,1.25
"linear",21,5,0.25,6,"K2_c10","local",10,64,31,125,2.68774697567998,3.23709836575036,0.511236011312972,1.25
"linear",21,5,0.25,6,"K2_c12","local",12,77,25,125,2.50550612629254,3.04382980756846,0.432542376229175,1.25
"linear",21,5,0.25,6,"K2_c14","local",14,90,22,125,2.6161563329237,3.14179867430781,0.499499100261613,1.25
"linear",21,5,0.25,7,"K1_global","global",1,160,12,125,1.98973234802788,2.4207262954355,0.519883268454783,1.25
"linear",21,5,0.25,7,"K2_c10","local",10,64,31,125,2.48719269980784,3.056596531536,0.436262908855039,1.25
"linear",21,5,0.25,7,"K2_c12","local",12,77,25,125,2.45518325640196,2.97801288059151,0.544643579469669,1.25
"linear",21,5,0.25,7,"K2_c14","local",14,90,22,125,2.54020049497757,3.08345359277733,0.582445221126293,1.25
"linear",21,5,0.25,8,"K1_global","global",1,160,12,125,2.0191218824368,2.44256487096716,0.514688446947435,1.25
"linear",21,5,0.25,8,"K2_c10","local",10,64,31,125,2.66823271119701,3.18759236300874,0.552617889540742,1.25
"linear",21,5,0.25,8,"K2_c12","local",12,77,25,125,2.54441099058814,3.05435422289927,0.553803206479445,1.25
"linear",21,5,0.25,8,"K2_c14","local",14,90,22,125,2.57735633617108,3.15013822191456,0.432147491854388,1.25
"linear",21,5,0.25,9,"K1_global","global",1,160,12,125,1.90041494219004,2.32694798131437,0.467219675564684,1.25
"linear",21,5,0.25,9,"K2_c10","local",10,64,31,125,2.75437020338862,3.33848638544716,0.416833565385539,1.25
"linear",21,5,0.25,9,"K2_c12","local",12,77,25,125,2.6408247517593,3.22770040307785,0.424468782373706,1.25
"linear",21,5,0.25,9,"K2_c14","local",14,90,22,125,2.6071999969867,3.20109746174034,0.404978390458117,1.25
"linear",21,5,0.25,10,"K1_global","global",1,160,12,125,2.04600806544038,2.49419890649626,0.48638308288132,1.25
"linear",21,5,0.25,10,"K2_c10","local",10,64,31,125,2.72236132955296,3.28722518499403,0.459127624720301,1.25
"linear",21,5,0.25,10,"K2_c12","local",12,77,25,125,2.5913160239983,3.15151816128512,0.403124911440186,1.25
"linear",21,5,0.25,10,"K2_c14","local",14,90,22,125,2.54611225293244,3.08830866767958,0.429765270175586,1.25
"linear",21,5,0.25,11,"K1_global","global",1,160,12,125,1.93891056480754,2.39818678207603,0.424005412713017,1.25
"linear",21,5,0.25,11,"K2_c10","local",10,64,31,125,2.63569873361164,3.22434599529071,0.433871421876177,1.25
"linear",21,5,0.25,11,"K2_c12","local",12,77,25,125,2.51657011088792,3.09661454747199,0.46042848049638,1.25
"linear",21,5,0.25,11,"K2_c14","local",14,90,22,125,2.54909296328916,3.07862152028002,0.52888488893015,1.25
"linear",21,5,0.25,12,"K1_global","global",1,160,12,125,1.99352618324659,2.4135185898068,0.499496915636838,1.25
"linear",21,5,0.25,12,"K2_c10","local",10,64,31,125,2.58706205827724,3.1315610936123,0.482369705602269,1.25
"linear",21,5,0.25,12,"K2_c12","local",12,77,25,125,2.50452566832102,3.05313337460609,0.515885952674473,1.25
"linear",21,5,0.25,12,"K2_c14","local",14,90,22,125,2.59226137694609,3.1268381379197,0.394174791617252,1.25
"linear",21,6,0.1,1,"K1_global","global",1,160,12,125,1.74578247144045,2.1726553996387,0.29192605950776,0.5
"linear",21,6,0.1,1,"K2_c10","local",10,64,31,125,2.47702165689829,2.95941388068748,0.465199689081372,0.5
"linear",21,6,0.1,1,"K2_c12","local",12,77,25,125,2.30046249590623,2.74757752041346,0.37341368604727,0.5
"linear",21,6,0.1,1,"K2_c14","local",14,90,22,125,2.34461609946405,2.87545355075927,0.369146474981209,0.5
"linear",21,6,0.1,2,"K1_global","global",1,160,12,125,1.72971663990829,2.15076797659361,0.270349071192377,0.5
"linear",21,6,0.1,2,"K2_c10","local",10,64,31,125,2.48264619240786,3.07485992096221,0.3792451802207,0.5
"linear",21,6,0.1,2,"K2_c12","local",12,77,25,125,2.42115607395232,2.97075642808554,0.366631169852003,0.5
"linear",21,6,0.1,2,"K2_c14","local",14,90,22,125,2.36257370560068,2.87638008109092,0.412946049276823,0.5
"linear",21,6,0.1,3,"K1_global","global",1,160,12,125,1.73060086205424,2.14586685233851,0.286364707267268,0.5
"linear",21,6,0.1,3,"K2_c10","local",10,64,31,125,2.41964824106839,2.94277677081962,0.386146519023307,0.5
"linear",21,6,0.1,3,"K2_c12","local",12,77,25,125,2.24852402105436,2.75754914627289,0.367813571763156,0.5
"linear",21,6,0.1,3,"K2_c14","local",14,90,22,125,2.3895836699886,2.88993875680927,0.417593104667655,0.5
"linear",21,6,0.1,4,"K1_global","global",1,160,12,125,1.73624472025628,2.17186322195159,0.291533205639483,0.5
"linear",21,6,0.1,4,"K2_c10","local",10,64,31,125,2.35758511523572,2.86438221154809,0.465847256541824,0.5
"linear",21,6,0.1,4,"K2_c12","local",12,77,25,125,2.19583209879848,2.68700737903922,0.385250663797418,0.5
"linear",21,6,0.1,4,"K2_c14","local",14,90,22,125,2.33228938473556,2.82360215128378,0.393346253985446,0.5
"linear",21,6,0.1,5,"K1_global","global",1,160,12,125,1.68728783031169,2.12955316233246,0.23669094478519,0.5
"linear",21,6,0.1,5,"K2_c10","local",10,64,31,125,2.43596051093792,2.97727398422866,0.431251296343045,0.5
"linear",21,6,0.1,5,"K2_c12","local",12,77,25,125,2.29663250783742,2.79368554368467,0.350181507864428,0.5
"linear",21,6,0.1,5,"K2_c14","local",14,90,22,125,2.30391594351006,2.82849144330196,0.350361340421656,0.5
"linear",21,6,0.1,6,"K1_global","global",1,160,12,125,1.7772232152247,2.20431060189624,0.273311652533652,0.5
"linear",21,6,0.1,6,"K2_c10","local",10,64,31,125,2.45514296405783,2.96509583975902,0.407478176143259,0.5
"linear",21,6,0.1,6,"K2_c12","local",12,77,25,125,2.1969578639682,2.76684378390213,0.41135257938402,0.5
"linear",21,6,0.1,6,"K2_c14","local",14,90,22,125,2.32148565580923,2.81176131023646,0.405200158522833,0.5
"linear",21,6,0.1,7,"K1_global","global",1,160,12,125,1.74747029931615,2.17357415645264,0.251597552274318,0.5
"linear",21,6,0.1,7,"K2_c10","local",10,64,31,125,2.27909520621262,2.78885841212269,0.400668248832293,0.5
"linear",21,6,0.1,7,"K2_c12","local",12,77,25,125,2.20832051806465,2.69137921884203,0.353390001442455,0.5
"linear",21,6,0.1,7,"K2_c14","local",14,90,22,125,2.2376644553115,2.76562489276945,0.348651532810852,0.5
"linear",21,6,0.1,8,"K1_global","global",1,160,12,125,1.76436197456798,2.1838955573299,0.371509655719637,0.5
"linear",21,6,0.1,8,"K2_c10","local",10,64,31,125,2.43857385767787,2.93238604881517,0.439675685091323,0.5
"linear",21,6,0.1,8,"K2_c12","local",12,77,25,125,2.21905262526715,2.72143678659786,0.453483527700595,0.5
"linear",21,6,0.1,8,"K2_c14","local",14,90,22,125,2.28309190067872,2.79687107504182,0.35846510336209,0.5
"linear",21,6,0.1,9,"K1_global","global",1,160,12,125,1.71983154785369,2.15532080335169,0.280118923734219,0.5
"linear",21,6,0.1,9,"K2_c10","local",10,64,31,125,2.43424570300341,2.95102638517053,0.435161508918041,0.5
"linear",21,6,0.1,9,"K2_c12","local",12,77,25,125,2.30719407740216,2.82908379949108,0.39838243679646,0.5
"linear",21,6,0.1,9,"K2_c14","local",14,90,22,125,2.29405942674728,2.80207804730917,0.424419121175605,0.5
"linear",21,6,0.1,10,"K1_global","global",1,160,12,125,1.73945244107752,2.1394980311519,0.276813208997855,0.5
"linear",21,6,0.1,10,"K2_c10","local",10,64,31,125,2.38969258051791,2.87923046923857,0.365410032242879,0.5
"linear",21,6,0.1,10,"K2_c12","local",12,77,25,125,2.22762612891191,2.73337527205206,0.377474310117037,0.5
"linear",21,6,0.1,10,"K2_c14","local",14,90,22,125,2.39468354305272,2.89306563916705,0.435671638730833,0.5
"linear",21,6,0.1,11,"K1_global","global",1,160,12,125,1.70036160633992,2.14029714612611,0.26117242809655,0.5
"linear",21,6,0.1,11,"K2_c10","local",10,64,31,125,2.43073880237366,2.96818930741387,0.450936549387499,0.5
"linear",21,6,0.1,11,"K2_c12","local",12,77,25,125,2.27930098997476,2.77186759940388,0.361172092293023,0.5
"linear",21,6,0.1,11,"K2_c14","local",14,90,22,125,2.28733759902476,2.80012444861842,0.392546369751332,0.5
"linear",21,6,0.1,12,"K1_global","global",1,160,12,125,1.75706843923667,2.17934957106896,0.294056900236181,0.5
"linear",21,6,0.1,12,"K2_c10","local",10,64,31,125,2.37091654204694,2.92065758247843,0.439114620890867,0.5
"linear",21,6,0.1,12,"K2_c12","local",12,77,25,125,2.31173823819967,2.84915233161906,0.421975272729733,0.5
"linear",21,6,0.1,12,"K2_c14","local",14,90,22,125,2.33251002279343,2.81009484191701,0.379862211888064,0.5
"linear",22,1,4,1,"K1_global","global",1,160,12,125,14.1830743355645,15.0373676093749,9.37194187014553,20
"linear",22,1,4,1,"K2_c10","local",10,64,31,125,13.9513214902898,15.5808602735657,7.01494660957315,20
"linear",22,1,4,1,"K2_c12","local",12,77,25,125,14.2477683479315,15.8488270033995,8.26367096357185,20
"linear",22,1,4,1,"K2_c14","local",14,90,22,125,13.998715776297,15.2543214385209,8.06954037377663,20
"linear",22,1,4,2,"K1_global","global",1,160,12,125,14.6538145086105,15.4520575315327,7.12891136370748,20
"linear",22,1,4,2,"K2_c10","local",10,64,31,125,14.7719657681319,16.5099246787525,5.84898560139005,20
"linear",22,1,4,2,"K2_c12","local",12,77,25,125,14.8200846266328,16.3177866791284,5.94313368578969,20
"linear",22,1,4,2,"K2_c14","local",14,90,22,125,14.0284907510523,15.509465460984,5.73859313148703,20
"linear",22,1,4,3,"K1_global","global",1,160,12,125,13.1040677882381,13.9935948892543,9.23639354447226,20
"linear",22,1,4,3,"K2_c10","local",10,64,31,125,13.647053038007,15.8128968680589,6.88761772782675,20
"linear",22,1,4,3,"K2_c12","local",12,77,25,125,13.4477182276167,15.1983772898094,7.92262093511307,20
"linear",22,1,4,3,"K2_c14","local",14,90,22,125,12.9907411118692,14.5777503756543,7.66571663640722,20
"linear",22,1,4,4,"K1_global","global",1,160,12,125,13.3678929960218,14.3633448851927,8.54685130375495,20
"linear",22,1,4,4,"K2_c10","local",10,64,31,125,14.9924601700232,16.8664254608439,7.09900591915928,20
"linear",22,1,4,4,"K2_c12","local",12,77,25,125,13.8245965485282,15.5496744788837,6.93262292175742,20
"linear",22,1,4,4,"K2_c14","local",14,90,22,125,13.8290000230297,15.4706206339508,7.38356572869443,20
"linear",22,1,4,5,"K1_global","global",1,160,12,125,14.4639100941096,15.2535683172106,7.50553709442657,20
"linear",22,1,4,5,"K2_c10","local",10,64,31,125,14.6268990378344,16.4252483888603,6.19387312487765,20
"linear",22,1,4,5,"K2_c12","local",12,77,25,125,14.3459389172275,15.9532572954389,6.6446101053718,20
"linear",22,1,4,5,"K2_c14","local",14,90,22,125,14.3253118679743,15.5865879371362,6.81875499595211,20
"linear",22,1,4,6,"K1_global","global",1,160,12,125,13.8256447850307,14.6157264669349,7.44217434792137,20
"linear",22,1,4,6,"K2_c10","local",10,64,31,125,14.8805425032272,16.4074757816358,6.96800895538533,20
"linear",22,1,4,6,"K2_c12","local",12,77,25,125,14.6615948054504,15.9896901726471,6.96650358903012,20
"linear",22,1,4,6,"K2_c14","local",14,90,22,125,14.455894170984,15.7294370491866,6.73172323549075,20
"linear",22,1,4,7,"K1_global","global",1,160,12,125,13.5153241827814,14.5041688775713,7.32024976311035,20
"linear",22,1,4,7,"K2_c10","local",10,64,31,125,14.1880916791068,16.3138906328344,4.93835792935121,20
"linear",22,1,4,7,"K2_c12","local",12,77,25,125,13.8290960419803,15.4800302614513,6.162090886323,20
"linear",22,1,4,7,"K2_c14","local",14,90,22,125,13.3745323260687,14.7678692232125,5.66315765081642,20
"linear",22,1,4,8,"K1_global","global",1,160,12,125,14.2329378621383,15.1035957196368,8.51077742883596,20
"linear",22,1,4,8,"K2_c10","local",10,64,31,125,14.7054183785946,16.4745038306485,7.63948591853589,20
"linear",22,1,4,8,"K2_c12","local",12,77,25,125,14.0783436961469,15.6707238677603,7.13009747966924,20
"linear",22,1,4,8,"K2_c14","local",14,90,22,125,13.6255494525928,14.9241007617296,6.76672605180765,20
"linear",22,1,4,9,"K1_global","global",1,160,12,125,13.4411030391703,14.3990440814235,9.01003797082814,20
"linear",22,1,4,9,"K2_c10","local",10,64,31,125,13.9779143927452,15.9743975907841,6.70732542324994,20
"linear",22,1,4,9,"K2_c12","local",12,77,25,125,13.8449464159952,15.4982154151892,7.44875593509931,20
"linear",22,1,4,9,"K2_c14","local",14,90,22,125,13.1688808860491,14.5077940823486,7.02374254824287,20
"linear",22,1,4,10,"K1_global","global",1,160,12,125,13.8614568348994,14.7073006508651,6.37586616016999,20
"linear",22,1,4,10,"K2_c10","local",10,64,31,125,14.7232322682531,16.4309053267488,5.89097802507044,20
"linear",22,1,4,10,"K2_c12","local",12,77,25,125,14.0360360771025,15.7584590639194,5.79569356554402,20
"linear",22,1,4,10,"K2_c14","local",14,90,22,125,13.8242797104098,15.0974547635496,5.89624788021942,20
"linear",22,1,4,11,"K1_global","global",1,160,12,125,13.4666057968285,14.245430743144,5.82928734925515,20
"linear",22,1,4,11,"K2_c10","local",10,64,31,125,14.1273472246411,15.9873059205413,4.64723068232972,20
"linear",22,1,4,11,"K2_c12","local",12,77,25,125,13.5394974651324,15.2832653076137,5.45594760032467,20
"linear",22,1,4,11,"K2_c14","local",14,90,22,125,13.6158123686824,15.24649615609,5.42688116098817,20
"linear",22,1,4,12,"K1_global","global",1,160,12,125,14.4030646430751,15.1308425096589,7.88779006631308,20
"linear",22,1,4,12,"K2_c10","local",10,64,31,125,15.0854132836096,16.6767500672478,7.2201449180152,20
"linear",22,1,4,12,"K2_c12","local",12,77,25,125,14.7338993896086,16.1012752225408,7.37375312705938,20
"linear",22,1,4,12,"K2_c14","local",14,90,22,125,14.9768142701252,16.1766208971081,7.49582296643249,20
"linear",22,2,2,1,"K1_global","global",1,160,12,125,7.33232392894874,7.88972380797055,3.33268972139758,10
"linear",22,2,2,1,"K2_c10","local",10,64,31,125,7.88390751382458,9.18850468751215,2.60198550849356,10
"linear",22,2,2,1,"K2_c12","local",12,77,25,125,7.573664486982,8.71668407449068,2.6255516699991,10
"linear",22,2,2,1,"K2_c14","local",14,90,22,125,7.36748915679819,8.1438514278061,3.15102234978588,10
"linear",22,2,2,2,"K1_global","global",1,160,12,125,6.98189390129349,7.54545550349313,3.6175595902063,10
"linear",22,2,2,2,"K2_c10","local",10,64,31,125,7.78094941472107,9.06506998391607,2.95033067629178,10
"linear",22,2,2,2,"K2_c12","local",12,77,25,125,7.51258269967892,8.54747917224411,3.44819021148533,10
"linear",22,2,2,2,"K2_c14","local",14,90,22,125,7.35102119887487,8.29225259320921,3.73132825673448,10
"linear",22,2,2,3,"K1_global","global",1,160,12,125,7.32318755063765,7.85034801166413,3.39339495201283,10
"linear",22,2,2,3,"K2_c10","local",10,64,31,125,7.50834180011373,8.65155680615745,2.81604362230245,10
"linear",22,2,2,3,"K2_c12","local",12,77,25,125,7.38677209644261,8.52124237806942,2.76735468649826,10
"linear",22,2,2,3,"K2_c14","local",14,90,22,125,7.47061499173393,8.46367585332606,2.9603493179625,10
"linear",22,2,2,4,"K1_global","global",1,160,12,125,7.33911450438764,7.86240071808018,3.76602745326139,10
"linear",22,2,2,4,"K2_c10","local",10,64,31,125,7.92825565373896,9.14095976553697,2.45755681212023,10
"linear",22,2,2,4,"K2_c12","local",12,77,25,125,7.58220882984949,8.63770340180259,3.00963661481865,10
"linear",22,2,2,4,"K2_c14","local",14,90,22,125,7.31773383705252,8.28234557356143,3.06198488130796,10
"linear",22,2,2,5,"K1_global","global",1,160,12,125,7.2338933874867,7.75991883009704,4.01186098183998,10
"linear",22,2,2,5,"K2_c10","local",10,64,31,125,8.04309066973318,9.18296752727964,3.82528225548668,10
"linear",22,2,2,5,"K2_c12","local",12,77,25,125,7.76334690271741,8.70315386418727,3.75886997194388,10
"linear",22,2,2,5,"K2_c14","local",14,90,22,125,7.45557119852551,8.34801253516966,3.88715350989576,10
"linear",22,2,2,6,"K1_global","global",1,160,12,125,7.39977750742117,7.99736101822254,3.47732977068105,10
"linear",22,2,2,6,"K2_c10","local",10,64,31,125,7.58862637711332,8.64393152917357,2.7779013000803,10
"linear",22,2,2,6,"K2_c12","local",12,77,25,125,7.44349049801932,8.36455518955575,3.01847314920065,10
"linear",22,2,2,6,"K2_c14","local",14,90,22,125,7.47993581261828,8.29590376058104,3.54311708230108,10
"linear",22,2,2,7,"K1_global","global",1,160,12,125,7.56079709561345,8.04573588600686,3.79321161842355,10
"linear",22,2,2,7,"K2_c10","local",10,64,31,125,7.98560999369229,9.08649316929229,3.09056127241164,10
"linear",22,2,2,7,"K2_c12","local",12,77,25,125,7.97288024020891,8.91808430549048,3.24045671289857,10
"linear",22,2,2,7,"K2_c14","local",14,90,22,125,7.6916465531406,8.44819620186153,3.59830248031001,10
"linear",22,2,2,8,"K1_global","global",1,160,12,125,7.24703813744051,7.73919530994897,4.20815760190964,10
"linear",22,2,2,8,"K2_c10","local",10,64,31,125,7.76482751106999,8.89631078350013,3.44973131052314,10
"linear",22,2,2,8,"K2_c12","local",12,77,25,125,7.55350474990287,8.45594666685121,3.45405545945371,10
"linear",22,2,2,8,"K2_c14","local",14,90,22,125,7.56187235362948,8.43273598062216,3.78404513768721,10
"linear",22,2,2,9,"K1_global","global",1,160,12,125,7.38801325618023,7.89039862617037,4.33666126731897,10
"linear",22,2,2,9,"K2_c10","local",10,64,31,125,8.01600150336097,9.11812396937039,3.68972344712266,10
"linear",22,2,2,9,"K2_c12","local",12,77,25,125,7.73740434217524,8.69053924375864,3.65846160835649,10
"linear",22,2,2,9,"K2_c14","local",14,90,22,125,7.35868067592022,8.20721486400721,3.68228877185027,10
"linear",22,2,2,10,"K1_global","global",1,160,12,125,7.1734526712754,7.71278069942432,3.08546502202709,10
"linear",22,2,2,10,"K2_c10","local",10,64,31,125,8.13670003640848,9.43348783356036,2.61899482500707,10
"linear",22,2,2,10,"K2_c12","local",12,77,25,125,7.67111572919938,8.78661120846681,2.6601068469197,10
"linear",22,2,2,10,"K2_c14","local",14,90,22,125,7.5617716618996,8.53363305297791,2.90976826686299,10
"linear",22,2,2,11,"K1_global","global",1,160,12,125,7.1156595227828,7.69782646808393,3.53195396614828,10
"linear",22,2,2,11,"K2_c10","local",10,64,31,125,7.90034070963255,9.11217585442486,2.87457851061317,10
"linear",22,2,2,11,"K2_c12","local",12,77,25,125,7.4080026429242,8.52311525904726,3.01235530991789,10
"linear",22,2,2,11,"K2_c14","local",14,90,22,125,7.50483310242485,8.46300045783042,3.12474890002288,10
"linear",22,2,2,12,"K1_global","global",1,160,12,125,7.10694018549945,7.60018798632579,4.40969936310562,10
"linear",22,2,2,12,"K2_c10","local",10,64,31,125,7.67786856153742,8.97365221706694,3.0273779008176,10
"linear",22,2,2,12,"K2_c12","local",12,77,25,125,7.92076960536908,8.93685664633499,4.22676705554803,10
"linear",22,2,2,12,"K2_c14","local",14,90,22,125,7.27368371587988,8.14259731487279,3.47808316956531,10
"linear",22,3,1,1,"K1_global","global",1,160,12,125,3.79710410606523,4.17335106709597,1.65069186746607,5
"linear",22,3,1,1,"K2_c10","local",10,64,31,125,4.63775873636913,5.37705464793823,1.57813447885328,5
"linear",22,3,1,1,"K2_c12","local",12,77,25,125,4.47169807521205,5.20935322827283,1.62926236392242,5
"linear",22,3,1,1,"K2_c14","local",14,90,22,125,4.16869808235131,4.82974244918996,1.47890973005515,5
"linear",22,3,1,2,"K1_global","global",1,160,12,125,3.92265150641055,4.43486524336777,1.62699166446643,5
"linear",22,3,1,2,"K2_c10","local",10,64,31,125,4.92796941804954,5.85781071597466,1.0971000542553,5
"linear",22,3,1,2,"K2_c12","local",12,77,25,125,4.48270397004453,5.33880607525557,1.32760081604003,5
"linear",22,3,1,2,"K2_c14","local",14,90,22,125,4.2697922638324,5.04776890243964,1.24749466911181,5
"linear",22,3,1,3,"K1_global","global",1,160,12,125,3.94038337349079,4.37499985509827,1.89502830785348,5
"linear",22,3,1,3,"K2_c10","local",10,64,31,125,4.68404097743374,5.49341618567164,1.73107339357313,5
"linear",22,3,1,3,"K2_c12","local",12,77,25,125,4.30759819566474,5.05580931039463,1.62986358964685,5
"linear",22,3,1,3,"K2_c14","local",14,90,22,125,4.29789542682863,4.92827629640026,1.54195428244787,5
"linear",22,3,1,4,"K1_global","global",1,160,12,125,3.84337201638781,4.27076784683291,1.84976829506582,5
"linear",22,3,1,4,"K2_c10","local",10,64,31,125,4.42408149548775,5.19216836669204,1.51065202615518,5
"linear",22,3,1,4,"K2_c12","local",12,77,25,125,4.02696465676057,4.78223495655052,1.37089422018925,5
"linear",22,3,1,4,"K2_c14","local",14,90,22,125,4.06381275977844,4.74579981694488,1.548895229538,5
"linear",22,3,1,5,"K1_global","global",1,160,12,125,3.76645229902769,4.25932938406842,1.71133058700421,5
"linear",22,3,1,5,"K2_c10","local",10,64,31,125,4.49870096604044,5.31821743602917,1.35049658286136,5
"linear",22,3,1,5,"K2_c12","local",12,77,25,125,4.4692825323392,5.24273707619738,1.64395260384175,5
"linear",22,3,1,5,"K2_c14","local",14,90,22,125,4.09139792008566,4.89120522941589,1.30106463974591,5
"linear",22,3,1,6,"K1_global","global",1,160,12,125,4.00170202667995,4.40537060620824,1.71924950131647,5
"linear",22,3,1,6,"K2_c10","local",10,64,31,125,4.40495557395921,5.26012534975378,1.42927673782657,5
"linear",22,3,1,6,"K2_c12","local",12,77,25,125,4.22812933514554,4.90344400653294,1.27121250084813,5
"linear",22,3,1,6,"K2_c14","local",14,90,22,125,4.02515954793234,4.68864995865927,1.47937506777144,5
"linear",22,3,1,7,"K1_global","global",1,160,12,125,3.9982076250116,4.41566675515404,2.08081426746651,5
"linear",22,3,1,7,"K2_c10","local",10,64,31,125,4.49994944874383,5.21533893953573,1.82088140533892,5
"linear",22,3,1,7,"K2_c12","local",12,77,25,125,4.43599308329544,5.10090170905393,1.83101583255499,5
"linear",22,3,1,7,"K2_c14","local",14,90,22,125,4.26583083867178,4.80714466137651,2.05735157856239,5
"linear",22,3,1,8,"K1_global","global",1,160,12,125,3.89467091912437,4.35165868319657,2.40346014749059,5
"linear",22,3,1,8,"K2_c10","local",10,64,31,125,4.58550218038193,5.30620275606797,2.13933079748124,5
"linear",22,3,1,8,"K2_c12","local",12,77,25,125,4.31677228580406,4.99073399505919,2.27448330714272,5
"linear",22,3,1,8,"K2_c14","local",14,90,22,125,4.20861156599844,4.87564818958882,2.29380194186311,5
"linear",22,3,1,9,"K1_global","global",1,160,12,125,3.88538492911426,4.33954514858501,1.65998264312345,5
"linear",22,3,1,9,"K2_c10","local",10,64,31,125,4.85470429437498,5.7040677004071,1.20868905787182,5
"linear",22,3,1,9,"K2_c12","local",12,77,25,125,4.29159053424201,5.10418945585693,1.29781244454148,5
"linear",22,3,1,9,"K2_c14","local",14,90,22,125,4.23925574377302,4.90403439483513,1.4213206831547,5
"linear",22,3,1,10,"K1_global","global",1,160,12,125,3.85724370980366,4.25752977127398,1.57837819407834,5
"linear",22,3,1,10,"K2_c10","local",10,64,31,125,4.51107985481952,5.20904849054085,1.4915420181781,5
"linear",22,3,1,10,"K2_c12","local",12,77,25,125,4.40499258393991,5.15526857556168,1.34112503764318,5
"linear",22,3,1,10,"K2_c14","local",14,90,22,125,4.34426855817695,4.96383667550011,1.47169006111344,5
"linear",22,3,1,11,"K1_global","global",1,160,12,125,4.03195687867828,4.4414636513413,1.55031518382885,5
"linear",22,3,1,11,"K2_c10","local",10,64,31,125,4.62981022444478,5.39357045459175,1.39921223944576,5
"linear",22,3,1,11,"K2_c12","local",12,77,25,125,4.40531994575811,5.01408546184816,1.19475493220187,5
"linear",22,3,1,11,"K2_c14","local",14,90,22,125,4.24903318965508,4.80187522361819,1.39822563081502,5
"linear",22,3,1,12,"K1_global","global",1,160,12,125,3.90201411742532,4.32452044416557,2.23481064438803,5
"linear",22,3,1,12,"K2_c10","local",10,64,31,125,4.77099722896895,5.59695356539004,1.65110904130384,5
"linear",22,3,1,12,"K2_c12","local",12,77,25,125,4.3945191956522,5.18375315130002,1.78347774996574,5
"linear",22,3,1,12,"K2_c14","local",14,90,22,125,4.23588969973176,4.98103103700711,1.9671278431918,5
"linear",22,4,0.5,1,"K1_global","global",1,160,12,125,2.50271969913234,2.91759484930775,0.851718562195307,2.5
"linear",22,4,0.5,1,"K2_c10","local",10,64,31,125,3.35144873829443,4.01032926661042,0.771785504535597,2.5
"linear",22,4,0.5,1,"K2_c12","local",12,77,25,125,3.03904942204734,3.6352530828991,0.766065249447563,2.5
"linear",22,4,0.5,1,"K2_c14","local",14,90,22,125,3.00277603305383,3.56781454824297,0.887942876302418,2.5
"linear",22,4,0.5,2,"K1_global","global",1,160,12,125,2.52828966726788,2.95466685734001,0.928489331752437,2.5
"linear",22,4,0.5,2,"K2_c10","local",10,64,31,125,3.068569293411,3.76628455877123,0.572942571842351,2.5
"linear",22,4,0.5,2,"K2_c12","local",12,77,25,125,3.10828551299886,3.72921265982427,0.867245399187864,2.5
"linear",22,4,0.5,2,"K2_c14","local",14,90,22,125,2.81530709550343,3.4450300495095,0.728081057948756,2.5
"linear",22,4,0.5,3,"K1_global","global",1,160,12,125,2.60819093141821,3.03255710409328,1.15742791687578,2.5
"linear",22,4,0.5,3,"K2_c10","local",10,64,31,125,3.24947552624972,3.83462745225284,0.821035231029654,2.5
"linear",22,4,0.5,3,"K2_c12","local",12,77,25,125,3.07074476931901,3.63604151505446,1.0155837966768,2.5
"linear",22,4,0.5,3,"K2_c14","local",14,90,22,125,3.0176934136198,3.55640886432403,1.01864691014931,2.5
"linear",22,4,0.5,4,"K1_global","global",1,160,12,125,2.48860117232776,2.91727966486379,0.741464612936075,2.5
"linear",22,4,0.5,4,"K2_c10","local",10,64,31,125,3.31410144263184,3.99893733251281,0.697064979680309,2.5
"linear",22,4,0.5,4,"K2_c12","local",12,77,25,125,2.99622597711563,3.61613249364677,0.753050154710175,2.5
"linear",22,4,0.5,4,"K2_c14","local",14,90,22,125,2.91934122544084,3.5472620477236,0.734602891983457,2.5
"linear",22,4,0.5,5,"K1_global","global",1,160,12,125,2.55171555019337,3.05695792107638,0.58280667566691,2.5
"linear",22,4,0.5,5,"K2_c10","local",10,64,31,125,3.42981268131618,4.21240141309125,0.715069051469801,2.5
"linear",22,4,0.5,5,"K2_c12","local",12,77,25,125,3.1683481521545,3.82940653968439,0.670143814945179,2.5
"linear",22,4,0.5,5,"K2_c14","local",14,90,22,125,2.96744011481252,3.67981213068343,0.717262621992527,2.5
"linear",22,4,0.5,6,"K1_global","global",1,160,12,125,2.39340221090641,2.79849178320069,1.00647762347787,2.5
"linear",22,4,0.5,6,"K2_c10","local",10,64,31,125,3.19332949400039,3.83670253361681,0.972488668311218,2.5
"linear",22,4,0.5,6,"K2_c12","local",12,77,25,125,3.05863598693521,3.64170227903054,1.02573947238849,2.5
"linear",22,4,0.5,6,"K2_c14","local",14,90,22,125,2.85082389966944,3.43760883987339,1.05483566305807,2.5
"linear",22,4,0.5,7,"K1_global","global",1,160,12,125,2.35283050274944,2.78775158607857,0.787142721045232,2.5
"linear",22,4,0.5,7,"K2_c10","local",10,64,31,125,3.12506992584845,3.75149511796324,0.631882806013438,2.5
"linear",22,4,0.5,7,"K2_c12","local",12,77,25,125,3.01149106374618,3.70559685149759,0.747365336921227,2.5
"linear",22,4,0.5,7,"K2_c14","local",14,90,22,125,2.75055252548798,3.33563058332739,0.67840278233206,2.5
"linear",22,4,0.5,8,"K1_global","global",1,160,12,125,2.59098599461401,2.99669242295384,0.871367628833182,2.5
"linear",22,4,0.5,8,"K2_c10","local",10,64,31,125,3.30929861444735,3.95237419602893,0.633331912003686,2.5
"linear",22,4,0.5,8,"K2_c12","local",12,77,25,125,3.14264491907117,3.68781186598691,0.783440882379792,2.5
"linear",22,4,0.5,8,"K2_c14","local",14,90,22,125,2.9435284392484,3.48982647368565,0.700594086173268,2.5
"linear",22,4,0.5,9,"K1_global","global",1,160,12,125,2.43790857753253,2.79952082761252,1.03000859037724,2.5
"linear",22,4,0.5,9,"K2_c10","local",10,64,31,125,3.06322278977857,3.65815329989042,0.792347964267079,2.5
"linear",22,4,0.5,9,"K2_c12","local",12,77,25,125,2.97014940508299,3.496750985225,0.838565140572462,2.5
"linear",22,4,0.5,9,"K2_c14","local",14,90,22,125,2.78653177644174,3.32030370534344,0.840733628991883,2.5
"linear",22,4,0.5,10,"K1_global","global",1,160,12,125,2.48637086753212,2.88872762946208,1.14100768595447,2.5
"linear",22,4,0.5,10,"K2_c10","local",10,64,31,125,3.20007572307374,3.8873372406763,0.703604117975016,2.5
"linear",22,4,0.5,10,"K2_c12","local",12,77,25,125,3.04697163609628,3.74659689603926,0.758604993695889,2.5
"linear",22,4,0.5,10,"K2_c14","local",14,90,22,125,2.84816748073089,3.45992340855163,0.797889305531915,2.5
"linear",22,4,0.5,11,"K1_global","global",1,160,12,125,2.40347029809584,2.79828189555532,0.857848254745052,2.5
"linear",22,4,0.5,11,"K2_c10","local",10,64,31,125,3.08298698385348,3.71980606488764,0.924047294406161,2.5
"linear",22,4,0.5,11,"K2_c12","local",12,77,25,125,2.7920373171157,3.35596898988752,0.748262247171114,2.5
"linear",22,4,0.5,11,"K2_c14","local",14,90,22,125,2.69199826062331,3.24556091422426,0.86471707854512,2.5
"linear",22,4,0.5,12,"K1_global","global",1,160,12,125,2.50014522483779,2.9441917118197,0.8151806934316,2.5
"linear",22,4,0.5,12,"K2_c10","local",10,64,31,125,3.2040724162426,3.88980408818762,0.526972083991284,2.5
"linear",22,4,0.5,12,"K2_c12","local",12,77,25,125,2.96940359228621,3.55825513461171,0.707497526001982,2.5
"linear",22,4,0.5,12,"K2_c14","local",14,90,22,125,2.81186779191208,3.33258518565294,0.831695337123266,2.5
"linear",22,5,0.25,1,"K1_global","global",1,160,12,125,1.87859649632872,2.31630023900444,0.334671461378089,1.25
"linear",22,5,0.25,1,"K2_c10","local",10,64,31,125,2.61134133796294,3.21313165149589,0.404951197570204,1.25
"linear",22,5,0.25,1,"K2_c12","local",12,77,25,125,2.45544422484946,2.98474663756821,0.420021233709259,1.25
"linear",22,5,0.25,1,"K2_c14","local",14,90,22,125,2.38880324763834,2.91246417210701,0.38280513136768,1.25
"linear",22,5,0.25,2,"K1_global","global",1,160,12,125,1.97084728467076,2.35399072720749,0.53338063099982,1.25
"linear",22,5,0.25,2,"K2_c10","local",10,64,31,125,2.56287438939152,3.14522424450347,0.437972185863418,1.25
"linear",22,5,0.25,2,"K2_c12","local",12,77,25,125,2.35765521018013,2.86735922331949,0.441235413351492,1.25
"linear",22,5,0.25,2,"K2_c14","local",14,90,22,125,2.37998967728825,2.90389343358625,0.41320162430334,1.25
"linear",22,5,0.25,3,"K1_global","global",1,160,12,125,1.93306569817355,2.32676425111897,0.53113526267915,1.25
"linear",22,5,0.25,3,"K2_c10","local",10,64,31,125,2.5831336149998,3.14199168718604,0.479310448149252,1.25
"linear",22,5,0.25,3,"K2_c12","local",12,77,25,125,2.48100335387384,3.02486708100254,0.488452988852027,1.25
"linear",22,5,0.25,3,"K2_c14","local",14,90,22,125,2.35022783851793,2.89819716646089,0.457058321278708,1.25
"linear",22,5,0.25,4,"K1_global","global",1,160,12,125,1.93864259966167,2.35989263480583,0.592383252330033,1.25
"linear",22,5,0.25,4,"K2_c10","local",10,64,31,125,2.68462333730948,3.2795124278469,0.493981800790134,1.25
"linear",22,5,0.25,4,"K2_c12","local",12,77,25,125,2.43979498330029,2.98348350411231,0.448882023940876,1.25
"linear",22,5,0.25,4,"K2_c14","local",14,90,22,125,2.37366173305337,2.95135739844224,0.475401964372219,1.25
"linear",22,5,0.25,5,"K1_global","global",1,160,12,125,1.90138763531334,2.31475182013948,0.453030461941971,1.25
"linear",22,5,0.25,5,"K2_c10","local",10,64,31,125,2.60688909523497,3.13297953267629,0.468466829869546,1.25
"linear",22,5,0.25,5,"K2_c12","local",12,77,25,125,2.37555803464503,2.94822722385954,0.479930889210509,1.25
"linear",22,5,0.25,5,"K2_c14","local",14,90,22,125,2.3861801800463,2.98017069180043,0.361461734635156,1.25
"linear",22,5,0.25,6,"K1_global","global",1,160,12,125,1.85922290618246,2.26796185037849,0.527883670906234,1.25
"linear",22,5,0.25,6,"K2_c10","local",10,64,31,125,2.3786022672195,2.99652612586838,0.326817134120416,1.25
"linear",22,5,0.25,6,"K2_c12","local",12,77,25,125,2.26738343814494,2.79827001887855,0.342313685113334,1.25
"linear",22,5,0.25,6,"K2_c14","local",14,90,22,125,2.30842598826087,2.78380667966041,0.363750674694123,1.25
"linear",22,5,0.25,7,"K1_global","global",1,160,12,125,1.95393934545829,2.37036406485426,0.45355350841778,1.25
"linear",22,5,0.25,7,"K2_c10","local",10,64,31,125,2.51238323992953,3.13668480412959,0.529054063357693,1.25
"linear",22,5,0.25,7,"K2_c12","local",12,77,25,125,2.41366600933672,3.02514815690455,0.436791782260761,1.25
"linear",22,5,0.25,7,"K2_c14","local",14,90,22,125,2.31367454217605,2.86001382240143,0.422955017415546,1.25
"linear",22,5,0.25,8,"K1_global","global",1,160,12,125,1.92969083745048,2.29471604862566,0.45748523379347,1.25
"linear",22,5,0.25,8,"K2_c10","local",10,64,31,125,2.50672072026303,3.06558511044685,0.472078758527275,1.25
"linear",22,5,0.25,8,"K2_c12","local",12,77,25,125,2.35985522527965,2.92641270694849,0.353313344891464,1.25
"linear",22,5,0.25,8,"K2_c14","local",14,90,22,125,2.32248839784407,2.85149868450007,0.351482436410352,1.25
"linear",22,5,0.25,9,"K1_global","global",1,160,12,125,1.90541335982712,2.36311356615018,0.35884477302993,1.25
"linear",22,5,0.25,9,"K2_c10","local",10,64,31,125,2.69193042544916,3.2560884493763,0.437810224022159,1.25
"linear",22,5,0.25,9,"K2_c12","local",12,77,25,125,2.44291974317563,3.00325044138681,0.394026493000381,1.25
"linear",22,5,0.25,9,"K2_c14","local",14,90,22,125,2.38490250359542,2.88989473283913,0.390882926700414,1.25
"linear",22,5,0.25,10,"K1_global","global",1,160,12,125,1.90599360600947,2.35094477364438,0.382203768773103,1.25
"linear",22,5,0.25,10,"K2_c10","local",10,64,31,125,2.65691058640374,3.25700715812794,0.505518509106401,1.25
"linear",22,5,0.25,10,"K2_c12","local",12,77,25,125,2.46384524327706,2.99145468759655,0.482301323650156,1.25
"linear",22,5,0.25,10,"K2_c14","local",14,90,22,125,2.29588455039389,2.86070535934779,0.354287578938529,1.25
"linear",22,5,0.25,11,"K1_global","global",1,160,12,125,1.98880075824865,2.4008559825628,0.434660689708853,1.25
"linear",22,5,0.25,11,"K2_c10","local",10,64,31,125,2.65902653687248,3.25128335989263,0.435059605719678,1.25
"linear",22,5,0.25,11,"K2_c12","local",12,77,25,125,2.4440300475566,3.03372801456803,0.571364073172779,1.25
"linear",22,5,0.25,11,"K2_c14","local",14,90,22,125,2.39061628616647,2.92210230710285,0.487828865494375,1.25
"linear",22,5,0.25,12,"K1_global","global",1,160,12,125,1.88055561884747,2.31756861852708,0.42452308620374,1.25
"linear",22,5,0.25,12,"K2_c10","local",10,64,31,125,2.54163610402838,3.12658381889229,0.369358059239459,1.25
"linear",22,5,0.25,12,"K2_c12","local",12,77,25,125,2.36865950345854,2.91383196931151,0.394832154675474,1.25
"linear",22,5,0.25,12,"K2_c14","local",14,90,22,125,2.38459727001091,2.92693871640196,0.419665589532194,1.25
"linear",22,6,0.1,1,"K1_global","global",1,160,12,125,1.77486654049317,2.14966903350394,0.356320652095998,0.5
"linear",22,6,0.1,1,"K2_c10","local",10,64,31,125,2.50138371861085,3.06793669106498,0.389267780325576,0.5
"linear",22,6,0.1,1,"K2_c12","local",12,77,25,125,2.3190671263215,2.84987466813684,0.338955653271838,0.5
"linear",22,6,0.1,1,"K2_c14","local",14,90,22,125,2.18970416819695,2.74086085920104,0.326675601684236,0.5
"linear",22,6,0.1,2,"K1_global","global",1,160,12,125,1.7031096600416,2.13049851150631,0.306343172851847,0.5
"linear",22,6,0.1,2,"K2_c10","local",10,64,31,125,2.2887434858037,2.8009319523461,0.356335256955274,0.5
"linear",22,6,0.1,2,"K2_c12","local",12,77,25,125,2.16188407989293,2.67491886622349,0.299822899831938,0.5
"linear",22,6,0.1,2,"K2_c14","local",14,90,22,125,2.06718219228913,2.5660017162802,0.317877043264824,0.5
"linear",22,6,0.1,3,"K1_global","global",1,160,12,125,1.75884212799663,2.17904666526197,0.32582487642773,0.5
"linear",22,6,0.1,3,"K2_c10","local",10,64,31,125,2.29611216440642,2.85405484979463,0.349347209272401,0.5
"linear",22,6,0.1,3,"K2_c12","local",12,77,25,125,2.22320701735614,2.78810954945618,0.387901548543599,0.5
"linear",22,6,0.1,3,"K2_c14","local",14,90,22,125,2.10464140550709,2.61715349628757,0.330453236646043,0.5
"linear",22,6,0.1,4,"K1_global","global",1,160,12,125,1.76075862278352,2.15303381293144,0.334516357753262,0.5
"linear",22,6,0.1,4,"K2_c10","local",10,64,31,125,2.35284012711452,2.9083358660836,0.370493612616214,0.5
"linear",22,6,0.1,4,"K2_c12","local",12,77,25,125,2.16421407147015,2.68640554646382,0.374982043751546,0.5
"linear",22,6,0.1,4,"K2_c14","local",14,90,22,125,2.10105687131907,2.60298501946838,0.317026204813827,0.5
"linear",22,6,0.1,5,"K1_global","global",1,160,12,125,1.6804759490888,2.08820742929516,0.303368112998075,0.5
"linear",22,6,0.1,5,"K2_c10","local",10,64,31,125,2.23651009856095,2.7557218443818,0.321874264800513,0.5
"linear",22,6,0.1,5,"K2_c12","local",12,77,25,125,2.15029937537884,2.67187271699668,0.337098108882608,0.5
"linear",22,6,0.1,5,"K2_c14","local",14,90,22,125,2.07640357636779,2.58723785446173,0.375962354483673,0.5
"linear",22,6,0.1,6,"K1_global","global",1,160,12,125,1.67985181810121,2.06964577318063,0.286742625295422,0.5
"linear",22,6,0.1,6,"K2_c10","local",10,64,31,125,2.26244592333368,2.7423783296128,0.351286801388846,0.5
"linear",22,6,0.1,6,"K2_c12","local",12,77,25,125,2.10134682501665,2.60200195139012,0.341409809266469,0.5
"linear",22,6,0.1,6,"K2_c14","local",14,90,22,125,2.02354245935579,2.51220794564769,0.323097502575774,0.5
"linear",22,6,0.1,7,"K1_global","global",1,160,12,125,1.70083629430308,2.08154709015065,0.333330833264417,0.5
"linear",22,6,0.1,7,"K2_c10","local",10,64,31,125,2.25993048575668,2.77669379016536,0.378392782005664,0.5
"linear",22,6,0.1,7,"K2_c12","local",12,77,25,125,2.14806130212543,2.67480571854269,0.347756273740166,0.5
"linear",22,6,0.1,7,"K2_c14","local",14,90,22,125,2.08290758471496,2.57721456114981,0.383861282998671,0.5
"linear",22,6,0.1,8,"K1_global","global",1,160,12,125,1.68194879574252,2.09602428995955,0.330699221753637,0.5
"linear",22,6,0.1,8,"K2_c10","local",10,64,31,125,2.33664660933789,2.83106823187722,0.434125270866875,0.5
"linear",22,6,0.1,8,"K2_c12","local",12,77,25,125,2.24074900465818,2.75708215169493,0.408198409310883,0.5
"linear",22,6,0.1,8,"K2_c14","local",14,90,22,125,2.09160970982509,2.60501655562701,0.414527860777561,0.5
"linear",22,6,0.1,9,"K1_global","global",1,160,12,125,1.67849587425208,2.08155110901419,0.306621718414419,0.5
"linear",22,6,0.1,9,"K2_c10","local",10,64,31,125,2.33229158996243,2.81575951728436,0.39229000021901,0.5
"linear",22,6,0.1,9,"K2_c12","local",12,77,25,125,2.20865874163058,2.7337519250847,0.376780276946066,0.5
"linear",22,6,0.1,9,"K2_c14","local",14,90,22,125,2.11523180093519,2.61006523541013,0.40248486703355,0.5
"linear",22,6,0.1,10,"K1_global","global",1,160,12,125,1.74549970305052,2.15907433854688,0.359779371733654,0.5
"linear",22,6,0.1,10,"K2_c10","local",10,64,31,125,2.50180974755059,3.1186696615565,0.379772817457659,0.5
"linear",22,6,0.1,10,"K2_c12","local",12,77,25,125,2.33344372107369,2.88030436066939,0.373235869328362,0.5
"linear",22,6,0.1,10,"K2_c14","local",14,90,22,125,2.11808693596019,2.66175825111706,0.320837338871403,0.5
"linear",22,6,0.1,11,"K1_global","global",1,160,12,125,1.74684010268545,2.13894178118936,0.335253737324552,0.5
"linear",22,6,0.1,11,"K2_c10","local",10,64,31,125,2.33396130860655,2.93566307701025,0.382766388106087,0.5
"linear",22,6,0.1,11,"K2_c12","local",12,77,25,125,2.2262529513949,2.74501568055463,0.342207293897363,0.5
"linear",22,6,0.1,11,"K2_c14","local",14,90,22,125,2.14423334687015,2.66841084970728,0.308356634075815,0.5
"linear",22,6,0.1,12,"K1_global","global",1,160,12,125,1.67964909856703,2.08342697478756,0.297223443136813,0.5
"linear",22,6,0.1,12,"K2_c10","local",10,64,31,125,2.29861812045165,2.80481446762846,0.37717761803628,0.5
"linear",22,6,0.1,12,"K2_c12","local",12,77,25,125,2.19042860299397,2.6890044902289,0.393321544278732,0.5
"linear",22,6,0.1,12,"K2_c14","local",14,90,22,125,2.10699440185875,2.58219585010743,0.357689808605458,0.5
"linear",23,1,4,1,"K1_global","global",1,160,12,125,13.1192408766849,14.0858087973793,7.9826523986569,20
"linear",23,1,4,1,"K2_c10","local",10,64,31,125,13.7755875667384,16.1633527732408,6.38795386997043,20
"linear",23,1,4,1,"K2_c12","local",12,77,25,125,14.6672892467807,16.5547796941859,7.55666764933841,20
"linear",23,1,4,1,"K2_c14","local",14,90,22,125,14.3383990651032,15.9076047771243,8.04108931900295,20
"linear",23,1,4,2,"K1_global","global",1,160,12,125,13.0610097464767,14.2678527530127,5.59097443546544,20
"linear",23,1,4,2,"K2_c10","local",10,64,31,125,13.6559657405096,15.9633472814057,4.49560442498946,20
"linear",23,1,4,2,"K2_c12","local",12,77,25,125,14.0440481439977,16.1833610638735,5.15428218648869,20
"linear",23,1,4,2,"K2_c14","local",14,90,22,125,13.6787526736925,15.7867418818107,4.90845765995871,20
"linear",23,1,4,3,"K1_global","global",1,160,12,125,13.2609146674481,14.2551403228213,9.2557577773721,20
"linear",23,1,4,3,"K2_c10","local",10,64,31,125,14.5521432261663,16.6973767775832,7.83393921575241,20
"linear",23,1,4,3,"K2_c12","local",12,77,25,125,14.6762460169242,16.6510021238369,7.74196532137844,20
"linear",23,1,4,3,"K2_c14","local",14,90,22,125,13.5723642154921,15.4190217580661,7.53298884558506,20
"linear",23,1,4,4,"K1_global","global",1,160,12,125,12.9749626385829,13.9484828492531,8.12877361195668,20
"linear",23,1,4,4,"K2_c10","local",10,64,31,125,13.7464546417777,16.023477176974,5.37573183600322,20
"linear",23,1,4,4,"K2_c12","local",12,77,25,125,14.1391598858981,16.2956720799405,6.86823930290997,20
"linear",23,1,4,4,"K2_c14","local",14,90,22,125,13.023699849112,14.6628340387725,7.15373889791754,20
"linear",23,1,4,5,"K1_global","global",1,160,12,125,13.6835498098902,14.5828650828845,6.89488936522078,20
"linear",23,1,4,5,"K2_c10","local",10,64,31,125,13.8533821975482,15.9310808364975,4.7451981684389,20
"linear",23,1,4,5,"K2_c12","local",12,77,25,125,13.6384778909666,15.250718531267,5.16473970396214,20
"linear",23,1,4,5,"K2_c14","local",14,90,22,125,13.2832127935031,14.7891330575854,5.91810915367523,20
"linear",23,1,4,6,"K1_global","global",1,160,12,125,13.9914105848213,15.0108967635316,7.38270205415011,20
"linear",23,1,4,6,"K2_c10","local",10,64,31,125,14.7305349112955,16.746220137939,5.42705741980697,20
"linear",23,1,4,6,"K2_c12","local",12,77,25,125,14.3595772633127,16.1693138216211,5.79333503493963,20
"linear",23,1,4,6,"K2_c14","local",14,90,22,125,13.7472232289048,15.4137655448668,5.62243103677571,20
"linear",23,1,4,7,"K1_global","global",1,160,12,125,14.0293681634665,14.93232517576,8.10700005343482,20
"linear",23,1,4,7,"K2_c10","local",10,64,31,125,13.9179401022128,16.119276675806,6.07957336949165,20
"linear",23,1,4,7,"K2_c12","local",12,77,25,125,13.4556326874436,15.0744423841857,6.30216038118449,20
"linear",23,1,4,7,"K2_c14","local",14,90,22,125,13.3389697638054,14.7942881995087,7.31038796347034,20
"linear",23,1,4,8,"K1_global","global",1,160,12,125,14.1587659650091,15.0355481222469,8.23318835357246,20
"linear",23,1,4,8,"K2_c10","local",10,64,31,125,14.5123334701854,16.3842186063031,7.63916086177795,20
"linear",23,1,4,8,"K2_c12","local",12,77,25,125,14.3443170113834,16.0206544009109,7.3487360409556,20
"linear",23,1,4,8,"K2_c14","local",14,90,22,125,14.2439341621488,15.5590663430201,7.5835850163906,20
"linear",23,1,4,9,"K1_global","global",1,160,12,125,14.1866532733163,15.2531702817577,9.3851723010128,20
"linear",23,1,4,9,"K2_c10","local",10,64,31,125,14.30562343434,16.0571643026259,7.78014401145368,20
"linear",23,1,4,9,"K2_c12","local",12,77,25,125,13.7627681109313,15.3220060503908,7.01806249454622,20
"linear",23,1,4,9,"K2_c14","local",14,90,22,125,14.1292828390606,15.706277484994,7.96206346718426,20
"linear",23,1,4,10,"K1_global","global",1,160,12,125,13.6057651081755,14.7857375763443,5.96662683175178,20
"linear",23,1,4,10,"K2_c10","local",10,64,31,125,14.1282342732273,16.1799717637962,4.64614335957984,20
"linear",23,1,4,10,"K2_c12","local",12,77,25,125,14.2367525312333,16.1366456652375,5.82303421950736,20
"linear",23,1,4,10,"K2_c14","local",14,90,22,125,13.8866489195959,15.4440451894255,5.90903432837209,20
"linear",23,1,4,11,"K1_global","global",1,160,12,125,13.3358561212859,14.3975140778912,5.34495143031225,20
"linear",23,1,4,11,"K2_c10","local",10,64,31,125,13.8824592779536,15.730464856761,4.81531098030864,20
"linear",23,1,4,11,"K2_c12","local",12,77,25,125,13.6067933659618,15.6317924803297,4.44402571983263,20
"linear",23,1,4,11,"K2_c14","local",14,90,22,125,13.453177304024,14.9359219887798,5.22580347821853,20
"linear",23,1,4,12,"K1_global","global",1,160,12,125,13.7794891827047,14.8424273532989,7.34388080851842,20
"linear",23,1,4,12,"K2_c10","local",10,64,31,125,14.392194075226,16.2298944013457,6.16204355666944,20
"linear",23,1,4,12,"K2_c12","local",12,77,25,125,14.209553655336,15.9589108615165,6.2790201582518,20
"linear",23,1,4,12,"K2_c14","local",14,90,22,125,14.0777819227632,15.6016775767598,6.75333604647271,20
"linear",23,2,2,1,"K1_global","global",1,160,12,125,7.30905964337396,7.93119228241533,3.72916103949006,10
"linear",23,2,2,1,"K2_c10","local",10,64,31,125,7.98829696715391,9.09058939289999,3.40523970881385,10
"linear",23,2,2,1,"K2_c12","local",12,77,25,125,7.48288040784615,8.54736848318067,2.74370664630482,10
"linear",23,2,2,1,"K2_c14","local",14,90,22,125,7.38630059205497,8.28449332642828,3.32000116545664,10
"linear",23,2,2,2,"K1_global","global",1,160,12,125,6.77513436737965,7.47337595282827,2.93526748870799,10
"linear",23,2,2,2,"K2_c10","local",10,64,31,125,7.73006285137006,8.98480595369826,2.90391855899175,10
"linear",23,2,2,2,"K2_c12","local",12,77,25,125,7.37158905959773,8.5198054047982,2.558099109001,10
"linear",23,2,2,2,"K2_c14","local",14,90,22,125,7.43581035022891,8.43895499811192,3.05578319601907,10
"linear",23,2,2,3,"K1_global","global",1,160,12,125,7.03617968077768,7.75033165482826,3.230645932711,10
"linear",23,2,2,3,"K2_c10","local",10,64,31,125,7.8545919295917,9.00158952217593,3.08170940757869,10
"linear",23,2,2,3,"K2_c12","local",12,77,25,125,7.85011614660928,8.87344398911828,2.98139043727064,10
"linear",23,2,2,3,"K2_c14","local",14,90,22,125,7.61241037527892,8.50580352207221,2.69596548819061,10
"linear",23,2,2,4,"K1_global","global",1,160,12,125,7.43296860335705,8.03315921160983,3.83945305720466,10
"linear",23,2,2,4,"K2_c10","local",10,64,31,125,7.7513204393667,8.91353511348058,3.23918463770051,10
"linear",23,2,2,4,"K2_c12","local",12,77,25,125,7.59206465119357,8.66289679989592,3.3781576096235,10
"linear",23,2,2,4,"K2_c14","local",14,90,22,125,7.68017470563103,8.58343984008982,3.47001544745977,10
"linear",23,2,2,5,"K1_global","global",1,160,12,125,7.40867649994674,7.97742929961684,3.29161517450473,10
"linear",23,2,2,5,"K2_c10","local",10,64,31,125,7.39962819325347,8.49710784846511,2.76106813897538,10
"linear",23,2,2,5,"K2_c12","local",12,77,25,125,7.52057013121292,8.44837703838874,2.91318824872632,10
"linear",23,2,2,5,"K2_c14","local",14,90,22,125,7.31846295505565,8.23760001524197,2.87119307109548,10
"linear",23,2,2,6,"K1_global","global",1,160,12,125,7.41892511384995,7.93399329400514,3.45444461934484,10
"linear",23,2,2,6,"K2_c10","local",10,64,31,125,7.41975726995819,8.6149961156806,2.47241594061743,10
"linear",23,2,2,6,"K2_c12","local",12,77,25,125,7.56124606993755,8.61928435335848,2.3780081072623,10
"linear",23,2,2,6,"K2_c14","local",14,90,22,125,7.58342393265105,8.49643467552819,2.79331805467081,10
"linear",23,2,2,7,"K1_global","global",1,160,12,125,7.3597204265841,8.05439043378301,3.44474948911209,10
"linear",23,2,2,7,"K2_c10","local",10,64,31,125,7.70247204342396,9.09111374052863,2.79376757888393,10
"linear",23,2,2,7,"K2_c12","local",12,77,25,125,7.61437281704995,8.79800107644367,2.99259171998721,10
"linear",23,2,2,7,"K2_c14","local",14,90,22,125,7.21345921519698,8.28629455749099,2.79910746971301,10
"linear",23,2,2,8,"K1_global","global",1,160,12,125,6.92922203354348,7.69394916967457,3.28414120134274,10
"linear",23,2,2,8,"K2_c10","local",10,64,31,125,7.34224444439071,8.598729103967,2.71338413671845,10
"linear",23,2,2,8,"K2_c12","local",12,77,25,125,7.53032303743861,8.6631883260552,3.00717541601095,10
"linear",23,2,2,8,"K2_c14","local",14,90,22,125,7.34889890444958,8.45983852224994,3.2915942835809,10
"linear",23,2,2,9,"K1_global","global",1,160,12,125,7.44691356240036,8.11921602724022,4.033854427875,10
"linear",23,2,2,9,"K2_c10","local",10,64,31,125,8.0979514697736,9.35517173051316,3.04740235949649,10
"linear",23,2,2,9,"K2_c12","local",12,77,25,125,8.0847858969466,9.2178628641678,3.43353251255851,10
"linear",23,2,2,9,"K2_c14","local",14,90,22,125,7.45166015665239,8.47058666993572,3.34956057507083,10
"linear",23,2,2,10,"K1_global","global",1,160,12,125,7.02487679233115,7.70339256915349,3.22768818746465,10
"linear",23,2,2,10,"K2_c10","local",10,64,31,125,7.44798457737064,8.65495303641163,2.27913992360556,10
"linear",23,2,2,10,"K2_c12","local",12,77,25,125,7.58400041100781,8.74398698214813,2.97962970794245,10
"linear",23,2,2,10,"K2_c14","local",14,90,22,125,7.12279201268457,8.06574715209895,2.77454655390059,10
"linear",23,2,2,11,"K1_global","global",1,160,12,125,6.9188348472683,7.66908750035408,2.95265307302162,10
"linear",23,2,2,11,"K2_c10","local",10,64,31,125,7.70027007860209,8.96291604112795,2.14051170839012,10
"linear",23,2,2,11,"K2_c12","local",12,77,25,125,7.25917969421287,8.47764532365016,2.43690248550155,10
"linear",23,2,2,11,"K2_c14","local",14,90,22,125,7.03352558268114,8.0073538460384,2.45647585192349,10
"linear",23,2,2,12,"K1_global","global",1,160,12,125,6.74765761216865,7.47973570701558,3.50757801673773,10
"linear",23,2,2,12,"K2_c10","local",10,64,31,125,7.4862178777725,8.66889587684784,3.05973127279152,10
"linear",23,2,2,12,"K2_c12","local",12,77,25,125,7.23487903386506,8.28616412823758,2.80510803120669,10
"linear",23,2,2,12,"K2_c14","local",14,90,22,125,7.06860314598446,8.06739530187301,3.38581738117845,10
"linear",23,3,1,1,"K1_global","global",1,160,12,125,3.8868308180619,4.41820153620027,1.58189121331003,5
"linear",23,3,1,1,"K2_c10","local",10,64,31,125,4.56772890263436,5.37748623894116,1.44659735304518,5
"linear",23,3,1,1,"K2_c12","local",12,77,25,125,4.51876679398193,5.34563370096614,1.65450455159964,5
"linear",23,3,1,1,"K2_c14","local",14,90,22,125,4.34066961992768,5.08522259075989,1.41835898532609,5
"linear",23,3,1,2,"K1_global","global",1,160,12,125,3.8977635563608,4.38858678308458,1.63729186536434,5
"linear",23,3,1,2,"K2_c10","local",10,64,31,125,4.28797731111436,5.10159529111735,1.3274290144622,5
"linear",23,3,1,2,"K2_c12","local",12,77,25,125,4.22943395329914,4.92520466297536,1.41705795869716,5
"linear",23,3,1,2,"K2_c14","local",14,90,22,125,4.07061102626805,4.68737459158791,1.48578286148302,5
"linear",23,3,1,3,"K1_global","global",1,160,12,125,3.98593612966337,4.59669869875157,1.74765225994251,5
"linear",23,3,1,3,"K2_c10","local",10,64,31,125,4.66421438118393,5.60571233728322,1.42373443632709,5
"linear",23,3,1,3,"K2_c12","local",12,77,25,125,4.42483424523647,5.15859514221305,1.4275990670775,5
"linear",23,3,1,3,"K2_c14","local",14,90,22,125,4.3958515140916,5.16106819121187,1.59475126039322,5
"linear",23,3,1,4,"K1_global","global",1,160,12,125,4.05597529612469,4.6302803586922,1.79093579844584,5
"linear",23,3,1,4,"K2_c10","local",10,64,31,125,4.71139846867997,5.6402328736771,1.44667513728348,5
"linear",23,3,1,4,"K2_c12","local",12,77,25,125,4.41124156570416,5.245042471278,1.54460494142512,5
"linear",23,3,1,4,"K2_c14","local",14,90,22,125,4.45482011135001,5.2516636459178,1.72605001256449,5
"linear",23,3,1,5,"K1_global","global",1,160,12,125,4.07800897913231,4.53671620704947,1.96503402848468,5
"linear",23,3,1,5,"K2_c10","local",10,64,31,125,4.51667224752165,5.31064112785274,1.81946886090446,5
"linear",23,3,1,5,"K2_c12","local",12,77,25,125,4.32183519442148,5.03256810633196,1.79552686690689,5
"linear",23,3,1,5,"K2_c14","local",14,90,22,125,4.24994671185725,4.86046658666999,1.83143687789329,5
"linear",23,3,1,6,"K1_global","global",1,160,12,125,3.86612705494902,4.32620842317102,1.49699019788368,5
"linear",23,3,1,6,"K2_c10","local",10,64,31,125,4.6161714955268,5.38528632044844,1.51708173256195,5
"linear",23,3,1,6,"K2_c12","local",12,77,25,125,4.28074849616415,4.93992998938557,1.54721037773295,5
"linear",23,3,1,6,"K2_c14","local",14,90,22,125,4.14026852037518,4.74559302912102,1.45814531872464,5
"linear",23,3,1,7,"K1_global","global",1,160,12,125,3.90315063576203,4.47395087092167,1.43969769550388,5
"linear",23,3,1,7,"K2_c10","local",10,64,31,125,4.65542939429513,5.61498767310668,1.15163138281373,5
"linear",23,3,1,7,"K2_c12","local",12,77,25,125,4.48006860827476,5.39348751273773,1.07814757790134,5
"linear",23,3,1,7,"K2_c14","local",14,90,22,125,4.22953083801641,5.01312007195932,1.14428101944319,5
"linear",23,3,1,8,"K1_global","global",1,160,12,125,3.784721634847,4.31934817324542,2.17408927608292,5
"linear",23,3,1,8,"K2_c10","local",10,64,31,125,4.29080632753426,5.14952944099171,1.58217074122645,5
"linear",23,3,1,8,"K2_c12","local",12,77,25,125,4.35014847695268,5.08497542385356,2.00534493530725,5
"linear",23,3,1,8,"K2_c14","local",14,90,22,125,3.93632921452776,4.71568415606382,1.79446899080542,5
"linear",23,3,1,9,"K1_global","global",1,160,12,125,4.16373034573876,4.6278637042793,1.89792699514444,5
"linear",23,3,1,9,"K2_c10","local",10,64,31,125,4.5651184529957,5.37491425601467,1.56073913990706,5
"linear",23,3,1,9,"K2_c12","local",12,77,25,125,4.64134338813084,5.36425991490868,1.57216218139657,5
"linear",23,3,1,9,"K2_c14","local",14,90,22,125,4.44604148078131,5.05350418228743,1.63094306962782,5
"linear",23,3,1,10,"K1_global","global",1,160,12,125,3.9924049429239,4.5113531446849,1.52441058134263,5
"linear",23,3,1,10,"K2_c10","local",10,64,31,125,4.76481507348544,5.66656803371445,1.20604373004584,5
"linear",23,3,1,10,"K2_c12","local",12,77,25,125,4.46252609174479,5.36725106828346,1.27638640444874,5
"linear",23,3,1,10,"K2_c14","local",14,90,22,125,4.26018291355187,5.01256906331793,1.43538054895627,5
"linear",23,3,1,11,"K1_global","global",1,160,12,125,3.99353439538978,4.52640512565937,1.35901039514785,5
"linear",23,3,1,11,"K2_c10","local",10,64,31,125,4.4899950792393,5.36818902651537,0.945908782373409,5
"linear",23,3,1,11,"K2_c12","local",12,77,25,125,4.49175319195747,5.20936275544995,1.14940884527369,5
"linear",23,3,1,11,"K2_c14","local",14,90,22,125,4.39386025122974,5.05851320812022,1.06000327317638,5
"linear",23,3,1,12,"K1_global","global",1,160,12,125,4.16497850858883,4.72390485677837,2.12071839110225,5
"linear",23,3,1,12,"K2_c10","local",10,64,31,125,4.53401444691269,5.37962486014839,1.4787945483638,5
"linear",23,3,1,12,"K2_c12","local",12,77,25,125,4.53116009339426,5.3312738150272,1.81821568356876,5
"linear",23,3,1,12,"K2_c14","local",14,90,22,125,4.20486740000389,4.8449348775995,1.7024072160006,5
"linear",23,4,0.5,1,"K1_global","global",1,160,12,125,2.53194779722501,2.95602424633495,0.731425433664505,2.5
"linear",23,4,0.5,1,"K2_c10","local",10,64,31,125,3.17124655994118,3.88191938425759,0.544928424603066,2.5
"linear",23,4,0.5,1,"K2_c12","local",12,77,25,125,2.8861947772025,3.49439252016306,0.505561939398027,2.5
"linear",23,4,0.5,1,"K2_c14","local",14,90,22,125,2.9063342711378,3.54551427682506,0.577906370877893,2.5
"linear",23,4,0.5,2,"K1_global","global",1,160,12,125,2.56116060960334,2.96061101997984,0.956730759798196,2.5
"linear",23,4,0.5,2,"K2_c10","local",10,64,31,125,3.10113190519972,3.64337057164314,0.855801136828475,2.5
"linear",23,4,0.5,2,"K2_c12","local",12,77,25,125,2.96474746938559,3.51176595068451,0.787836508161656,2.5
"linear",23,4,0.5,2,"K2_c14","local",14,90,22,125,2.8466588808916,3.37700809320091,0.778143366583691,2.5
"linear",23,4,0.5,3,"K1_global","global",1,160,12,125,2.46622421256731,2.93521162420979,0.809844477981364,2.5
"linear",23,4,0.5,3,"K2_c10","local",10,64,31,125,3.01820755310252,3.6067961828121,0.767140903882861,2.5
"linear",23,4,0.5,3,"K2_c12","local",12,77,25,125,2.80789734544982,3.38517635590922,0.723845800564866,2.5
"linear",23,4,0.5,3,"K2_c14","local",14,90,22,125,2.72560981875018,3.26453633476361,0.701056325655837,2.5
"linear",23,4,0.5,4,"K1_global","global",1,160,12,125,2.33936565935623,2.81245661306037,0.48722508785526,2.5
"linear",23,4,0.5,4,"K2_c10","local",10,64,31,125,3.01618714973387,3.70614835279387,0.497145392836468,2.5
"linear",23,4,0.5,4,"K2_c12","local",12,77,25,125,2.77038786553408,3.33988447671981,0.471611009324898,2.5
"linear",23,4,0.5,4,"K2_c14","local",14,90,22,125,2.68403630424167,3.26447812305009,0.505158275079872,2.5
"linear",23,4,0.5,5,"K1_global","global",1,160,12,125,2.66346631535605,3.16571972050039,0.72723513820118,2.5
"linear",23,4,0.5,5,"K2_c10","local",10,64,31,125,3.0977635028137,3.72803733798537,0.59955973391095,2.5
"linear",23,4,0.5,5,"K2_c12","local",12,77,25,125,2.96602951384376,3.52170940613249,0.690859353695185,2.5
"linear",23,4,0.5,5,"K2_c14","local",14,90,22,125,2.91590530937199,3.5088150320672,0.733521040534331,2.5
"linear",23,4,0.5,6,"K1_global","global",1,160,12,125,2.48556677653138,2.94010280723653,0.760017306885647,2.5
"linear",23,4,0.5,6,"K2_c10","local",10,64,31,125,3.03331269453011,3.68248661053858,0.623222314398531,2.5
"linear",23,4,0.5,6,"K2_c12","local",12,77,25,125,2.95622080788292,3.64320306746182,0.663415563307559,2.5
"linear",23,4,0.5,6,"K2_c14","local",14,90,22,125,2.80103280372989,3.33398477756191,0.665064242759497,2.5
"linear",23,4,0.5,7,"K1_global","global",1,160,12,125,2.47016946326748,2.90870180586954,0.836669474735351,2.5
"linear",23,4,0.5,7,"K2_c10","local",10,64,31,125,3.12518101532935,3.79946161245015,0.856922813455445,2.5
"linear",23,4,0.5,7,"K2_c12","local",12,77,25,125,2.97827526520253,3.58389544331847,0.747551785826796,2.5
"linear",23,4,0.5,7,"K2_c14","local",14,90,22,125,2.79300221270307,3.33362555706329,0.780718081145478,2.5
"linear",23,4,0.5,8,"K1_global","global",1,160,12,125,2.50288312560679,2.92256245976238,0.76176773945781,2.5
"linear",23,4,0.5,8,"K2_c10","local",10,64,31,125,3.29230773529614,3.97047060509632,0.712140824577494,2.5
"linear",23,4,0.5,8,"K2_c12","local",12,77,25,125,2.97983506100024,3.65430152415632,0.622159020125268,2.5
"linear",23,4,0.5,8,"K2_c14","local",14,90,22,125,2.92161728773173,3.52510494784751,0.606268504167405,2.5
"linear",23,4,0.5,9,"K1_global","global",1,160,12,125,2.48965465542293,2.96202687228338,0.811316569181957,2.5
"linear",23,4,0.5,9,"K2_c10","local",10,64,31,125,3.09189631280757,3.67747093708219,0.573303912770618,2.5
"linear",23,4,0.5,9,"K2_c12","local",12,77,25,125,2.93226545154117,3.49294895279455,0.6380325152634,2.5
"linear",23,4,0.5,9,"K2_c14","local",14,90,22,125,2.85790247660478,3.37417517704573,0.708224329869149,2.5
"linear",23,4,0.5,10,"K1_global","global",1,160,12,125,2.44934875589343,2.92235304350265,0.960979618397932,2.5
"linear",23,4,0.5,10,"K2_c10","local",10,64,31,125,3.12032266991794,3.73761771658221,0.827165172665845,2.5
"linear",23,4,0.5,10,"K2_c12","local",12,77,25,125,2.96456777304377,3.52196984383995,0.892249825060255,2.5
"linear",23,4,0.5,10,"K2_c14","local",14,90,22,125,2.80907076328326,3.37105185845943,0.913352142464695,2.5
"linear",23,4,0.5,11,"K1_global","global",1,160,12,125,2.61347090659694,3.07973793863787,0.673113642928814,2.5
"linear",23,4,0.5,11,"K2_c10","local",10,64,31,125,3.09349237171573,3.74477457641559,0.637970565944187,2.5
"linear",23,4,0.5,11,"K2_c12","local",12,77,25,125,2.93756073990743,3.60947195340901,0.669430907853757,2.5
"linear",23,4,0.5,11,"K2_c14","local",14,90,22,125,2.86909986100483,3.45629909735149,0.595424774624859,2.5
"linear",23,4,0.5,12,"K1_global","global",1,160,12,125,2.66917837129359,3.11338673561229,1.06288233125145,2.5
"linear",23,4,0.5,12,"K2_c10","local",10,64,31,125,3.13874707135611,3.70963152372279,0.762157140040571,2.5
"linear",23,4,0.5,12,"K2_c12","local",12,77,25,125,2.97029056682504,3.54989890608722,0.935867947881212,2.5
"linear",23,4,0.5,12,"K2_c14","local",14,90,22,125,2.87660160213732,3.41908206276977,0.980194711279536,2.5
"linear",23,5,0.25,1,"K1_global","global",1,160,12,125,2.01009068021031,2.44120522552669,0.347102355441371,1.25
"linear",23,5,0.25,1,"K2_c10","local",10,64,31,125,2.61577975506978,3.15157357272655,0.451354673641431,1.25
"linear",23,5,0.25,1,"K2_c12","local",12,77,25,125,2.34021208895014,2.85441980340516,0.372392497054858,1.25
"linear",23,5,0.25,1,"K2_c14","local",14,90,22,125,2.37286385511213,2.86561246895113,0.360349640283389,1.25
"linear",23,5,0.25,2,"K1_global","global",1,160,12,125,1.98362921011906,2.46276248633497,0.313246361485902,1.25
"linear",23,5,0.25,2,"K2_c10","local",10,64,31,125,2.54281931847942,3.10419641694145,0.435535747505218,1.25
"linear",23,5,0.25,2,"K2_c12","local",12,77,25,125,2.33294437867066,2.86391664315588,0.388577268452952,1.25
"linear",23,5,0.25,2,"K2_c14","local",14,90,22,125,2.39948067295307,2.90171537801411,0.388724565381102,1.25
"linear",23,5,0.25,3,"K1_global","global",1,160,12,125,1.95626785615381,2.42867966851277,0.417889083419416,1.25
"linear",23,5,0.25,3,"K2_c10","local",10,64,31,125,2.61603169987699,3.16331683912097,0.467072524340663,1.25
"linear",23,5,0.25,3,"K2_c12","local",12,77,25,125,2.38797263487332,2.94625288262397,0.42186270695506,1.25
"linear",23,5,0.25,3,"K2_c14","local",14,90,22,125,2.37422520562785,2.88076352908477,0.53905495626074,1.25
"linear",23,5,0.25,4,"K1_global","global",1,160,12,125,2.03263575188814,2.4844578183109,0.311735635380511,1.25
"linear",23,5,0.25,4,"K2_c10","local",10,64,31,125,2.56975497073845,3.12389503537931,0.389920055946435,1.25
"linear",23,5,0.25,4,"K2_c12","local",12,77,25,125,2.41005568390773,2.94439389758983,0.41315610661679,1.25
"linear",23,5,0.25,4,"K2_c14","local",14,90,22,125,2.43521438724582,2.93314818778367,0.409800886102625,1.25
"linear",23,5,0.25,5,"K1_global","global",1,160,12,125,1.95717829191509,2.38467375750971,0.436699534255053,1.25
"linear",23,5,0.25,5,"K2_c10","local",10,64,31,125,2.52087536475024,3.08248899840894,0.377048517627418,1.25
"linear",23,5,0.25,5,"K2_c12","local",12,77,25,125,2.42772817171058,2.94736555614038,0.389519335269535,1.25
"linear",23,5,0.25,5,"K2_c14","local",14,90,22,125,2.33062352946234,2.85201887462009,0.406959904376438,1.25
"linear",23,5,0.25,6,"K1_global","global",1,160,12,125,1.9550509959828,2.40260370186446,0.4200607521925,1.25
"linear",23,5,0.25,6,"K2_c10","local",10,64,31,125,2.57025527381815,3.15315198469685,0.442353437275596,1.25
"linear",23,5,0.25,6,"K2_c12","local",12,77,25,125,2.40979784815308,2.89226596964496,0.375458499558769,1.25
"linear",23,5,0.25,6,"K2_c14","local",14,90,22,125,2.34048630086111,2.84999835868612,0.345732750136693,1.25
"linear",23,5,0.25,7,"K1_global","global",1,160,12,125,2.07490696386931,2.55427656521208,0.39839824139317,1.25
"linear",23,5,0.25,7,"K2_c10","local",10,64,31,125,2.69362279030568,3.2550173366606,0.447408908722207,1.25
"linear",23,5,0.25,7,"K2_c12","local",12,77,25,125,2.44247021631522,2.99681986588158,0.382643045285849,1.25
"linear",23,5,0.25,7,"K2_c14","local",14,90,22,125,2.40938451352791,2.89909479199464,0.354738355337498,1.25
"linear",23,5,0.25,8,"K1_global","global",1,160,12,125,2.01640075118638,2.47717809191696,0.433255155222694,1.25
"linear",23,5,0.25,8,"K2_c10","local",10,64,31,125,2.55106544946229,3.14239517890041,0.450192061320562,1.25
"linear",23,5,0.25,8,"K2_c12","local",12,77,25,125,2.40215448974687,2.95417612130185,0.373346588579682,1.25
"linear",23,5,0.25,8,"K2_c14","local",14,90,22,125,2.36982263338627,2.91765180456831,0.469468754218164,1.25
"linear",23,5,0.25,9,"K1_global","global",1,160,12,125,2.00332007579891,2.46234492797329,0.475825162230792,1.25
"linear",23,5,0.25,9,"K2_c10","local",10,64,31,125,2.58309543053598,3.13969313043329,0.438372170665629,1.25
"linear",23,5,0.25,9,"K2_c12","local",12,77,25,125,2.22339869804657,2.70673648051849,0.423594863727424,1.25
"linear",23,5,0.25,9,"K2_c14","local",14,90,22,125,2.32583009824089,2.80946998921099,0.367787452319769,1.25
"linear",23,5,0.25,10,"K1_global","global",1,160,12,125,2.0890193404486,2.51232116270763,0.404469698222637,1.25
"linear",23,5,0.25,10,"K2_c10","local",10,64,31,125,2.6399680047013,3.16039752378804,0.416346227924548,1.25
"linear",23,5,0.25,10,"K2_c12","local",12,77,25,125,2.43467451273929,2.94022842753261,0.391487915128926,1.25
"linear",23,5,0.25,10,"K2_c14","local",14,90,22,125,2.41848118836293,2.9315392341122,0.392207322704064,1.25
"linear",23,5,0.25,11,"K1_global","global",1,160,12,125,1.96373514813521,2.39677768369835,0.438997175482987,1.25
"linear",23,5,0.25,11,"K2_c10","local",10,64,31,125,2.51821145859604,3.07839346872074,0.433365099806223,1.25
"linear",23,5,0.25,11,"K2_c12","local",12,77,25,125,2.42160678050751,2.89495282829701,0.530113991381446,1.25
"linear",23,5,0.25,11,"K2_c14","local",14,90,22,125,2.35138894400444,2.82739222216573,0.597449106768587,1.25
"linear",23,5,0.25,12,"K1_global","global",1,160,12,125,1.97674831314762,2.43504092769944,0.327802991081373,1.25
"linear",23,5,0.25,12,"K2_c10","local",10,64,31,125,2.60134394758045,3.17942672930486,0.420927142233308,1.25
"linear",23,5,0.25,12,"K2_c12","local",12,77,25,125,2.43652949241228,3.03415102655367,0.350163518877793,1.25
"linear",23,5,0.25,12,"K2_c14","local",14,90,22,125,2.52852872482411,3.03279165317486,0.386489149019625,1.25
"linear",23,6,0.1,1,"K1_global","global",1,160,12,125,1.77698728357616,2.21438871945035,0.332601438496989,0.5
"linear",23,6,0.1,1,"K2_c10","local",10,64,31,125,2.36795250011695,2.85772706570863,0.375120090128824,0.5
"linear",23,6,0.1,1,"K2_c12","local",12,77,25,125,2.05578645686741,2.51662876536595,0.374263764911223,0.5
"linear",23,6,0.1,1,"K2_c14","local",14,90,22,125,2.11910709866479,2.55960531870198,0.357802320652109,0.5
"linear",23,6,0.1,2,"K1_global","global",1,160,12,125,1.74860800629637,2.1822925527836,0.283592954674742,0.5
"linear",23,6,0.1,2,"K2_c10","local",10,64,31,125,2.38822486796576,2.85644535385388,0.466050917339925,0.5
"linear",23,6,0.1,2,"K2_c12","local",12,77,25,125,2.16117065592924,2.62491744192414,0.337773867902308,0.5
"linear",23,6,0.1,2,"K2_c14","local",14,90,22,125,2.19469250459204,2.62254837264855,0.340705197399858,0.5
"linear",23,6,0.1,3,"K1_global","global",1,160,12,125,1.75031909193691,2.16561410118317,0.304574270664989,0.5
"linear",23,6,0.1,3,"K2_c10","local",10,64,31,125,2.47654257031829,3.01251294308358,0.430597926370397,0.5
"linear",23,6,0.1,3,"K2_c12","local",12,77,25,125,2.13722085249601,2.59076330589634,0.33325729763197,0.5
"linear",23,6,0.1,3,"K2_c14","local",14,90,22,125,2.19767171284101,2.64305043044937,0.348429356080841,0.5
"linear",23,6,0.1,4,"K1_global","global",1,160,12,125,1.76271960335995,2.21670755150397,0.306499076768516,0.5
"linear",23,6,0.1,4,"K2_c10","local",10,64,31,125,2.48097916502044,2.97889765887334,0.406699165972647,0.5
"linear",23,6,0.1,4,"K2_c12","local",12,77,25,125,2.11745601765257,2.57110552611409,0.333401700455308,0.5
"linear",23,6,0.1,4,"K2_c14","local",14,90,22,125,2.13386976716032,2.55391641860238,0.334532027572803,0.5
"linear",23,6,0.1,5,"K1_global","global",1,160,12,125,1.73653423560065,2.15970200942617,0.26464427679166,0.5
"linear",23,6,0.1,5,"K2_c10","local",10,64,31,125,2.36852016877066,2.86101852505337,0.381185451914435,0.5
"linear",23,6,0.1,5,"K2_c12","local",12,77,25,125,2.0928638633307,2.52353351514753,0.394500473450724,0.5
"linear",23,6,0.1,5,"K2_c14","local",14,90,22,125,2.06392155534617,2.52023226457855,0.305558229379383,0.5
"linear",23,6,0.1,6,"K1_global","global",1,160,12,125,1.75188820267318,2.18061101518815,0.285142097049509,0.5
"linear",23,6,0.1,6,"K2_c10","local",10,64,31,125,2.40690214153938,2.92577064444683,0.376188491923081,0.5
"linear",23,6,0.1,6,"K2_c12","local",12,77,25,125,2.07870795726631,2.54831506517251,0.397295437317337,0.5
"linear",23,6,0.1,6,"K2_c14","local",14,90,22,125,2.16672856720023,2.65721591831354,0.35667596547004,0.5
"linear",23,6,0.1,7,"K1_global","global",1,160,12,125,1.76458479652973,2.18208550169761,0.283784952662437,0.5
"linear",23,6,0.1,7,"K2_c10","local",10,64,31,125,2.4178221419641,2.90779765582752,0.416489350621639,0.5
"linear",23,6,0.1,7,"K2_c12","local",12,77,25,125,2.15470556251463,2.61367663709569,0.344373352533968,0.5
"linear",23,6,0.1,7,"K2_c14","local",14,90,22,125,2.05773864035437,2.53288582937141,0.32511447642226,0.5
"linear",23,6,0.1,8,"K1_global","global",1,160,12,125,1.73908501056843,2.15198394954474,0.359744908119892,0.5
"linear",23,6,0.1,8,"K2_c10","local",10,64,31,125,2.39754404606716,2.87595530798553,0.473244239073575,0.5
"linear",23,6,0.1,8,"K2_c12","local",12,77,25,125,2.12052423591957,2.5946181214595,0.380026911451576,0.5
"linear",23,6,0.1,8,"K2_c14","local",14,90,22,125,2.04901670780514,2.48963859125041,0.40924396177098,0.5
"linear",23,6,0.1,9,"K1_global","global",1,160,12,125,1.81727745332759,2.25398103365139,0.301576655856688,0.5
"linear",23,6,0.1,9,"K2_c10","local",10,64,31,125,2.4217725298388,2.97352107486861,0.396461752091965,0.5
"linear",23,6,0.1,9,"K2_c12","local",12,77,25,125,2.22241628744261,2.72222132969884,0.35297004426411,0.5
"linear",23,6,0.1,9,"K2_c14","local",14,90,22,125,2.18383175958206,2.65594700531153,0.310154264211709,0.5
"linear",23,6,0.1,10,"K1_global","global",1,160,12,125,1.74158643396407,2.12635039335713,0.247352677846315,0.5
"linear",23,6,0.1,10,"K2_c10","local",10,64,31,125,2.43601428991253,2.91003317933111,0.363587195446543,0.5
"linear",23,6,0.1,10,"K2_c12","local",12,77,25,125,2.25068462727295,2.70314300393297,0.340774831469961,0.5
"linear",23,6,0.1,10,"K2_c14","local",14,90,22,125,2.14460988768855,2.59465885512566,0.301696802702032,0.5
"linear",23,6,0.1,11,"K1_global","global",1,160,12,125,1.7673946163331,2.15580191854009,0.301578715448085,0.5
"linear",23,6,0.1,11,"K2_c10","local",10,64,31,125,2.42264421859861,2.94482505099527,0.415006654360137,0.5
"linear",23,6,0.1,11,"K2_c12","local",12,77,25,125,2.16935121107117,2.61624333231138,0.40856866631589,0.5
"linear",23,6,0.1,11,"K2_c14","local",14,90,22,125,2.14274827131836,2.61074088589699,0.327918963766906,0.5
"linear",23,6,0.1,12,"K1_global","global",1,160,12,125,1.79050173600718,2.25778875457755,0.280316706619707,0.5
"linear",23,6,0.1,12,"K2_c10","local",10,64,31,125,2.42089231947903,2.98085210674426,0.376490378617029,0.5
"linear",23,6,0.1,12,"K2_c12","local",12,77,25,125,2.13533495774964,2.62943112185081,0.333026758432477,0.5
"linear",23,6,0.1,12,"K2_c14","local",14,90,22,125,2.17961606064826,2.65689843918067,0.37249933583591,0.5
"linear",24,1,4,1,"K1_global","global",1,160,12,125,14.7093993538611,15.4119264423163,9.85727095427472,20
"linear",24,1,4,1,"K2_c10","local",10,64,31,125,14.6407360025736,16.0562700477925,9.26184595789429,20
"linear",24,1,4,1,"K2_c12","local",12,77,25,125,14.6904539913953,16.1094647785783,9.25284179009077,20
"linear",24,1,4,1,"K2_c14","local",14,90,22,125,14.3850218590919,15.6226397244898,9.23253644038051,20
"linear",24,1,4,2,"K1_global","global",1,160,12,125,13.931340040249,14.6733205705144,6.49053567716438,20
"linear",24,1,4,2,"K2_c10","local",10,64,31,125,14.0822018054842,15.6617371562331,5.24132941635964,20
"linear",24,1,4,2,"K2_c12","local",12,77,25,125,13.8567105334315,15.0937284652487,5.35681390210235,20
"linear",24,1,4,2,"K2_c14","local",14,90,22,125,13.8223433480214,15.0906641714089,5.65780059404661,20
"linear",24,1,4,3,"K1_global","global",1,160,12,125,13.142138421851,13.9932523487951,9.42507663220794,20
"linear",24,1,4,3,"K2_c10","local",10,64,31,125,14.2491571550729,15.7935847596285,8.75890056435837,20
"linear",24,1,4,3,"K2_c12","local",12,77,25,125,13.9451851695343,15.2772320506007,8.62587739201089,20
"linear",24,1,4,3,"K2_c14","local",14,90,22,125,13.7064774279838,15.0041558929451,9.0857552715089,20
"linear",24,1,4,4,"K1_global","global",1,160,12,125,14.1784192575611,14.8967592340775,9.44215706089602,20
"linear",24,1,4,4,"K2_c10","local",10,64,31,125,14.3883729385137,16.0050942830451,8.24325562412525,20
"linear",24,1,4,4,"K2_c12","local",12,77,25,125,14.2597311157549,15.5382116640202,8.31435215117237,20
"linear",24,1,4,4,"K2_c14","local",14,90,22,125,13.8472620574194,14.9079906315958,8.6266668381381,20
"linear",24,1,4,5,"K1_global","global",1,160,12,125,13.4867292177111,14.3896378950255,6.29418431040397,20
"linear",24,1,4,5,"K2_c10","local",10,64,31,125,13.1554596071834,14.7158542393986,4.99736081604967,20
"linear",24,1,4,5,"K2_c12","local",12,77,25,125,13.8108729000862,15.2721227363428,6.05831971329961,20
"linear",24,1,4,5,"K2_c14","local",14,90,22,125,13.4312636245654,14.7010152567187,5.79608970248646,20
"linear",24,1,4,6,"K1_global","global",1,160,12,125,13.6388756797305,14.419472144243,7.80678783892032,20
"linear",24,1,4,6,"K2_c10","local",10,64,31,125,13.1714727532605,14.8415948825934,5.24195783539912,20
"linear",24,1,4,6,"K2_c12","local",12,77,25,125,13.3772467269223,14.9197600895681,6.25672603894913,20
"linear",24,1,4,6,"K2_c14","local",14,90,22,125,13.4587077927465,14.6993392775107,6.89598443658015,20
"linear",24,1,4,7,"K1_global","global",1,160,12,125,13.879984223031,14.6735471173868,8.72728437396823,20
"linear",24,1,4,7,"K2_c10","local",10,64,31,125,14.2377846748075,15.9112187262413,7.7205096706174,20
"linear",24,1,4,7,"K2_c12","local",12,77,25,125,14.2221034277157,15.9741191954357,7.71652745906269,20
"linear",24,1,4,7,"K2_c14","local",14,90,22,125,14.0375740909517,15.4474600634426,8.18464918514234,20
"linear",24,1,4,8,"K1_global","global",1,160,12,125,13.959720970642,14.7810639696496,8.01190694153035,20
"linear",24,1,4,8,"K2_c10","local",10,64,31,125,14.4351183126018,15.8420261618685,7.72020721731018,20
"linear",24,1,4,8,"K2_c12","local",12,77,25,125,14.5619024488742,15.8661834340235,7.76447366518913,20
"linear",24,1,4,8,"K2_c14","local",14,90,22,125,14.0463519250729,15.2645234804151,7.76526085957482,20
"linear",24,1,4,9,"K1_global","global",1,160,12,125,13.1654118958264,14.1028352877802,8.73793464027778,20
"linear",24,1,4,9,"K2_c10","local",10,64,31,125,14.1859011223748,15.9796040167846,7.659777122541,20
"linear",24,1,4,9,"K2_c12","local",12,77,25,125,14.2648890346071,15.5652712617551,8.3547406399461,20
"linear",24,1,4,9,"K2_c14","local",14,90,22,125,13.7043317251761,15.0373523812099,8.09082303554784,20
"linear",24,1,4,10,"K1_global","global",1,160,12,125,13.2736493891551,14.1776659365662,6.14439749676563,20
"linear",24,1,4,10,"K2_c10","local",10,64,31,125,13.6148921768927,15.6440318613776,5.8611656043282,20
"linear",24,1,4,10,"K2_c12","local",12,77,25,125,13.7514191485743,15.6615814673265,5.54103712297802,20
"linear",24,1,4,10,"K2_c14","local",14,90,22,125,13.6551757669798,15.0997100875989,6.11273449985679,20
"linear",24,1,4,11,"K1_global","global",1,160,12,125,13.8978517707059,14.8445822274604,6.34663714733894,20
"linear",24,1,4,11,"K2_c10","local",10,64,31,125,13.5367853432049,15.1052559514628,5.24269568037517,20
"linear",24,1,4,11,"K2_c12","local",12,77,25,125,13.8633489821355,15.3411173520711,5.570222201045,20
"linear",24,1,4,11,"K2_c14","local",14,90,22,125,13.9513932956258,15.3655471115108,5.87452160008615,20
"linear",24,1,4,12,"K1_global","global",1,160,12,125,13.8004428530388,14.548716245853,7.35004024350042,20
"linear",24,1,4,12,"K2_c10","local",10,64,31,125,13.7306062884464,15.181191130221,6.09489479427564,20
"linear",24,1,4,12,"K2_c12","local",12,77,25,125,13.6640103462539,14.822346468702,6.38410974716826,20
"linear",24,1,4,12,"K2_c14","local",14,90,22,125,13.7653079006848,14.9621892219394,6.15604225242267,20
"linear",24,2,2,1,"K1_global","global",1,160,12,125,7.24978790078392,7.71749308766388,3.57510153960792,10
"linear",24,2,2,1,"K2_c10","local",10,64,31,125,7.33078977658363,8.1371526810102,3.04045029963258,10
"linear",24,2,2,1,"K2_c12","local",12,77,25,125,7.26254257688109,8.02476431303941,3.08279404635797,10
"linear",24,2,2,1,"K2_c14","local",14,90,22,125,7.45191799433446,8.1601567135432,3.19360989269957,10
"linear",24,2,2,2,"K1_global","global",1,160,12,125,6.89230093560734,7.42624441013359,3.63266269543598,10
"linear",24,2,2,2,"K2_c10","local",10,64,31,125,8.0113612619786,9.18739884339861,2.88712401599807,10
"linear",24,2,2,2,"K2_c12","local",12,77,25,125,7.51708493699646,8.46518170718888,3.12572149006459,10
"linear",24,2,2,2,"K2_c14","local",14,90,22,125,7.2736386372476,8.12412083765403,2.76177320017732,10
"linear",24,2,2,3,"K1_global","global",1,160,12,125,7.18955016483667,7.64201054295456,3.55120511192964,10
"linear",24,2,2,3,"K2_c10","local",10,64,31,125,7.43539719556428,8.4330803496683,3.12949395701572,10
"linear",24,2,2,3,"K2_c12","local",12,77,25,125,7.50661814525585,8.37163413165753,3.20283303605894,10
"linear",24,2,2,3,"K2_c14","local",14,90,22,125,7.30643709073384,8.07096476802101,3.31597981887111,10
"linear",24,2,2,4,"K1_global","global",1,160,12,125,7.25739533513327,7.71417534597123,4.09927473282358,10
"linear",24,2,2,4,"K2_c10","local",10,64,31,125,7.14513569337801,8.13897962550969,3.54925129831609,10
"linear",24,2,2,4,"K2_c12","local",12,77,25,125,7.02349906224494,7.82020383993282,3.57668171202525,10
"linear",24,2,2,4,"K2_c14","local",14,90,22,125,7.34571043033406,8.01852285253305,3.66399638417966,10
"linear",24,2,2,5,"K1_global","global",1,160,12,125,6.99767013418304,7.50853813070588,3.41862657191205,10
"linear",24,2,2,5,"K2_c10","local",10,64,31,125,7.72735744506783,8.83414007308679,3.03063200207538,10
"linear",24,2,2,5,"K2_c12","local",12,77,25,125,7.14725391184617,8.16021450766209,2.64336295378511,10
"linear",24,2,2,5,"K2_c14","local",14,90,22,125,7.43518839644765,8.23519770962966,3.16876294623055,10
"linear",24,2,2,6,"K1_global","global",1,160,12,125,7.24381168534027,7.73962552623228,3.53239597047359,10
"linear",24,2,2,6,"K2_c10","local",10,64,31,125,7.508612207367,8.39296423137443,3.54394143604278,10
"linear",24,2,2,6,"K2_c12","local",12,77,25,125,7.57325584582493,8.30984175915027,3.62238594211974,10
"linear",24,2,2,6,"K2_c14","local",14,90,22,125,7.64880718922569,8.25972609497718,3.84917540793448,10
"linear",24,2,2,7,"K1_global","global",1,160,12,125,7.11699009116719,7.68023781445139,3.44598936237963,10
"linear",24,2,2,7,"K2_c10","local",10,64,31,125,7.33655288385695,8.48731421715935,2.55807308466172,10
"linear",24,2,2,7,"K2_c12","local",12,77,25,125,7.29122126481286,8.31719095445105,2.83486705104053,10
"linear",24,2,2,7,"K2_c14","local",14,90,22,125,6.9355182215955,7.75770185466708,2.83225252004895,10
"linear",24,2,2,8,"K1_global","global",1,160,12,125,7.0805141847728,7.53811175835249,4.19047103634529,10
"linear",24,2,2,8,"K2_c10","local",10,64,31,125,7.58750651689659,8.5359617843671,3.52381463915577,10
"linear",24,2,2,8,"K2_c12","local",12,77,25,125,7.32790851682451,8.08948397695197,4.02494014055695,10
"linear",24,2,2,8,"K2_c14","local",14,90,22,125,7.26219138381147,7.98051601413778,3.98725618512567,10
"linear",24,2,2,9,"K1_global","global",1,160,12,125,7.13764730723437,7.65499430311344,4.25893993762531,10
"linear",24,2,2,9,"K2_c10","local",10,64,31,125,7.67678910526017,8.64417807723472,3.4428547313477,10
"linear",24,2,2,9,"K2_c12","local",12,77,25,125,7.46845649569149,8.41914033608595,3.51906753855845,10
"linear",24,2,2,9,"K2_c14","local",14,90,22,125,7.44481554825455,8.29650971444305,3.89315934328894,10
"linear",24,2,2,10,"K1_global","global",1,160,12,125,7.38792768848362,7.81011756707424,3.399146297318,10
"linear",24,2,2,10,"K2_c10","local",10,64,31,125,7.50406869236759,8.4922486082145,2.79487897395298,10
"linear",24,2,2,10,"K2_c12","local",12,77,25,125,7.60778569499384,8.43919719460355,3.14661190472534,10
"linear",24,2,2,10,"K2_c14","local",14,90,22,125,7.26617143142404,7.90673555021369,3.09649649447952,10
"linear",24,2,2,11,"K1_global","global",1,160,12,125,7.04458827669687,7.54495210440256,3.25737983799692,10
"linear",24,2,2,11,"K2_c10","local",10,64,31,125,7.29462510438788,8.31671085986401,2.8087736550044,10
"linear",24,2,2,11,"K2_c12","local",12,77,25,125,7.32545535771366,8.29215964215456,2.74673670373092,10
"linear",24,2,2,11,"K2_c14","local",14,90,22,125,7.15170748559753,7.98917674846546,2.92111935918858,10
"linear",24,2,2,12,"K1_global","global",1,160,12,125,7.11685240798446,7.53501334869482,4.52090289118951,10
"linear",24,2,2,12,"K2_c10","local",10,64,31,125,7.40387614248929,8.31097340778326,3.97404271786859,10
"linear",24,2,2,12,"K2_c12","local",12,77,25,125,7.38528810345499,8.16003070727731,4.22009808968666,10
"linear",24,2,2,12,"K2_c14","local",14,90,22,125,7.22697122182842,7.93953223955769,4.06383635404539,10
"linear",24,3,1,1,"K1_global","global",1,160,12,125,3.93034416353081,4.30839200932446,1.83907116244734,5
"linear",24,3,1,1,"K2_c10","local",10,64,31,125,4.57218873001056,5.18107956361369,1.821214693558,5
"linear",24,3,1,1,"K2_c12","local",12,77,25,125,4.14241181858803,4.69566293219972,1.65799171471577,5
"linear",24,3,1,1,"K2_c14","local",14,90,22,125,4.19566139431815,4.70363068585156,1.93446745548042,5
"linear",24,3,1,2,"K1_global","global",1,160,12,125,4.00873967210527,4.41200570037904,1.94420690748677,5
"linear",24,3,1,2,"K2_c10","local",10,64,31,125,4.44558427703163,5.13496107256082,1.58805107782541,5
"linear",24,3,1,2,"K2_c12","local",12,77,25,125,4.36255843252292,5.02188090194769,1.73089655914663,5
"linear",24,3,1,2,"K2_c14","local",14,90,22,125,4.36585884189588,4.96904135414758,1.6354954270219,5
"linear",24,3,1,3,"K1_global","global",1,160,12,125,3.72222141933505,4.10512145207625,1.77003044765152,5
"linear",24,3,1,3,"K2_c10","local",10,64,31,125,4.15443226352138,4.82043999702044,1.43922913709613,5
"linear",24,3,1,3,"K2_c12","local",12,77,25,125,3.96757178477148,4.52597619577748,1.53936994389104,5
"linear",24,3,1,3,"K2_c14","local",14,90,22,125,4.02495374709091,4.60192234631751,1.74619084151971,5
"linear",24,3,1,4,"K1_global","global",1,160,12,125,3.9064594572307,4.28912786058555,1.88408276636424,5
"linear",24,3,1,4,"K2_c10","local",10,64,31,125,4.28106997952464,5.04700752307071,1.57869594170406,5
"linear",24,3,1,4,"K2_c12","local",12,77,25,125,3.9826029143248,4.66322158209572,1.5369610798258,5
"linear",24,3,1,4,"K2_c14","local",14,90,22,125,4.03216153448245,4.61076582779691,1.81123122620593,5
"linear",24,3,1,5,"K1_global","global",1,160,12,125,3.85917029652995,4.28446388153863,1.94903626961199,5
"linear",24,3,1,5,"K2_c10","local",10,64,31,125,4.29650524528084,5.01115571242339,1.86763029164915,5
"linear",24,3,1,5,"K2_c12","local",12,77,25,125,4.33768064886988,4.97035274147286,1.57914971146079,5
"linear",24,3,1,5,"K2_c14","local",14,90,22,125,4.19694976543113,4.83071954076763,1.90320427699125,5
"linear",24,3,1,6,"K1_global","global",1,160,12,125,3.67190687192946,4.08608784251957,1.39216292896818,5
"linear",24,3,1,6,"K2_c10","local",10,64,31,125,4.35932745270918,5.08514534147732,1.36960823779153,5
"linear",24,3,1,6,"K2_c12","local",12,77,25,125,3.95953863601037,4.5544233246666,1.28484041921303,5
"linear",24,3,1,6,"K2_c14","local",14,90,22,125,3.85416400741151,4.42507842982688,1.19880322803708,5
"linear",24,3,1,7,"K1_global","global",1,160,12,125,3.82512735883776,4.15656897678162,1.886695716069,5
"linear",24,3,1,7,"K2_c10","local",10,64,31,125,4.1988079833034,4.84096742057435,1.57761219617567,5
"linear",24,3,1,7,"K2_c12","local",12,77,25,125,4.25003089773673,4.84642767095486,1.72662297549918,5
"linear",24,3,1,7,"K2_c14","local",14,90,22,125,3.95935116653343,4.57471257419053,1.61356791533977,5
"linear",24,3,1,8,"K1_global","global",1,160,12,125,3.56575180764578,3.93040855915415,2.26288903381463,5
"linear",24,3,1,8,"K2_c10","local",10,64,31,125,4.07247482627962,4.83426218185024,1.57281721230329,5
"linear",24,3,1,8,"K2_c12","local",12,77,25,125,3.96752559319997,4.56466082769095,1.88480260906024,5
"linear",24,3,1,8,"K2_c14","local",14,90,22,125,3.91950819171369,4.58215413278027,1.89759919927591,5
"linear",24,3,1,9,"K1_global","global",1,160,12,125,3.98262486339942,4.34012986615749,1.70345319728653,5
"linear",24,3,1,9,"K2_c10","local",10,64,31,125,4.55611825236044,5.25659572555681,1.5165839433909,5
"linear",24,3,1,9,"K2_c12","local",12,77,25,125,4.41054219620679,4.95545453519718,1.51129619543059,5
"linear",24,3,1,9,"K2_c14","local",14,90,22,125,4.26980601054376,4.83359686310298,1.5373769234304,5
"linear",24,3,1,10,"K1_global","global",1,160,12,125,3.9911977785023,4.42770081093022,1.56601743651841,5
"linear",24,3,1,10,"K2_c10","local",10,64,31,125,4.4744226107367,5.2222146622611,1.34457565886935,5
"linear",24,3,1,10,"K2_c12","local",12,77,25,125,4.19382984972153,4.84362628365961,1.38340725122938,5
"linear",24,3,1,10,"K2_c14","local",14,90,22,125,4.10901859388125,4.76519744077609,1.23317288320031,5
"linear",24,3,1,11,"K1_global","global",1,160,12,125,3.98080239955998,4.34725293318361,1.78515587648016,5
"linear",24,3,1,11,"K2_c10","local",10,64,31,125,4.3343566286891,5.05001685024199,1.65053573464317,5
"linear",24,3,1,11,"K2_c12","local",12,77,25,125,4.11964990406547,4.70879978285627,1.65567865120961,5
"linear",24,3,1,11,"K2_c14","local",14,90,22,125,4.1017545670898,4.69103238237419,1.61508720647597,5
"linear",24,3,1,12,"K1_global","global",1,160,12,125,3.84483763677622,4.22265080096516,2.37612274660139,5
"linear",24,3,1,12,"K2_c10","local",10,64,31,125,4.05863173459929,4.61038632769275,1.87683184171377,5
"linear",24,3,1,12,"K2_c12","local",12,77,25,125,4.00018162000307,4.49549544643663,1.93319376505019,5
"linear",24,3,1,12,"K2_c14","local",14,90,22,125,3.90052371318682,4.34318164845343,1.86050012769168,5
"linear",24,4,0.5,1,"K1_global","global",1,160,12,125,2.33889152566684,2.70434213475033,0.835734062266621,2.5
"linear",24,4,0.5,1,"K2_c10","local",10,64,31,125,2.83605222793113,3.36330626973325,0.863151203339558,2.5
"linear",24,4,0.5,1,"K2_c12","local",12,77,25,125,2.57613781904408,3.03988117539169,0.694132755730424,2.5
"linear",24,4,0.5,1,"K2_c14","local",14,90,22,125,2.70834601273333,3.18879685899648,0.727444987893434,2.5
"linear",24,4,0.5,2,"K1_global","global",1,160,12,125,2.28433316449569,2.67765751243016,0.888430819284822,2.5
"linear",24,4,0.5,2,"K2_c10","local",10,64,31,125,2.84155493135174,3.41186790672812,0.780524741903616,2.5
"linear",24,4,0.5,2,"K2_c12","local",12,77,25,125,2.5842327351582,3.10658171732803,0.870390792053567,2.5
"linear",24,4,0.5,2,"K2_c14","local",14,90,22,125,2.62987335297548,3.13677217111587,0.928580759364589,2.5
"linear",24,4,0.5,3,"K1_global","global",1,160,12,125,2.37724493613779,2.7525680772927,1.07613916582087,2.5
"linear",24,4,0.5,3,"K2_c10","local",10,64,31,125,2.85239416283177,3.47063210256887,0.841359301789171,2.5
"linear",24,4,0.5,3,"K2_c12","local",12,77,25,125,2.62326862220087,3.15478678842571,0.83964986784578,2.5
"linear",24,4,0.5,3,"K2_c14","local",14,90,22,125,2.69958354887864,3.22043155997679,0.857419466057554,2.5
"linear",24,4,0.5,4,"K1_global","global",1,160,12,125,2.32805028806176,2.7006780408561,0.74561753412701,2.5
"linear",24,4,0.5,4,"K2_c10","local",10,64,31,125,2.72036798030802,3.23250215178207,0.792469547860243,2.5
"linear",24,4,0.5,4,"K2_c12","local",12,77,25,125,2.70655936570486,3.18794235426274,0.770270485683672,2.5
"linear",24,4,0.5,4,"K2_c14","local",14,90,22,125,2.57483589729912,3.08119358161245,0.662050196702101,2.5
"linear",24,4,0.5,5,"K1_global","global",1,160,12,125,2.36606092443078,2.78009504358861,0.742255135262713,2.5
"linear",24,4,0.5,5,"K2_c10","local",10,64,31,125,3.08209349981969,3.72187555040345,0.735775841099201,2.5
"linear",24,4,0.5,5,"K2_c12","local",12,77,25,125,2.80607143578034,3.30831383333638,0.710412635349366,2.5
"linear",24,4,0.5,5,"K2_c14","local",14,90,22,125,2.82473361121324,3.41277608707981,0.726268369613772,2.5
"linear",24,4,0.5,6,"K1_global","global",1,160,12,125,2.37702765128921,2.73183676609827,1.07235043446993,2.5
"linear",24,4,0.5,6,"K2_c10","local",10,64,31,125,2.92478263046535,3.41670209643745,0.993635204039765,2.5
"linear",24,4,0.5,6,"K2_c12","local",12,77,25,125,2.76612145286421,3.28606990441084,0.831425236360093,2.5
"linear",24,4,0.5,6,"K2_c14","local",14,90,22,125,2.63473073950754,3.07960792717479,0.863825539240081,2.5
"linear",24,4,0.5,7,"K1_global","global",1,160,12,125,2.39723284885568,2.7447744021448,0.875578832426893,2.5
"linear",24,4,0.5,7,"K2_c10","local",10,64,31,125,2.791491537452,3.38778888962859,0.864241171384618,2.5
"linear",24,4,0.5,7,"K2_c12","local",12,77,25,125,2.70625901503354,3.25432107815225,0.880966922500482,2.5
"linear",24,4,0.5,7,"K2_c14","local",14,90,22,125,2.59442524451541,3.14648112075238,0.749585515691925,2.5
"linear",24,4,0.5,8,"K1_global","global",1,160,12,125,2.37094035343342,2.73856468698958,0.954572914456787,2.5
"linear",24,4,0.5,8,"K2_c10","local",10,64,31,125,2.76043480506886,3.32542860035259,0.654047498027448,2.5
"linear",24,4,0.5,8,"K2_c12","local",12,77,25,125,2.62457587498798,3.15944965439806,0.586215900269722,2.5
"linear",24,4,0.5,8,"K2_c14","local",14,90,22,125,2.60066880509363,3.13146546172189,0.760007143909973,2.5
"linear",24,4,0.5,9,"K1_global","global",1,160,12,125,2.3843139585905,2.75960282871481,0.985083607850571,2.5
"linear",24,4,0.5,9,"K2_c10","local",10,64,31,125,2.9534219803754,3.58060826917943,0.549681818214536,2.5
"linear",24,4,0.5,9,"K2_c12","local",12,77,25,125,2.78430806508528,3.33944753143772,0.723561635346436,2.5
"linear",24,4,0.5,9,"K2_c14","local",14,90,22,125,2.75957270360075,3.30050954839744,0.848470610141389,2.5
"linear",24,4,0.5,10,"K1_global","global",1,160,12,125,2.3191082287506,2.73487324792595,0.959482521761402,2.5
"linear",24,4,0.5,10,"K2_c10","local",10,64,31,125,2.81057017757102,3.37999371131505,0.8461437798626,2.5
"linear",24,4,0.5,10,"K2_c12","local",12,77,25,125,2.73184063867992,3.26920238833272,0.847351040119239,2.5
"linear",24,4,0.5,10,"K2_c14","local",14,90,22,125,2.76000337760156,3.29227635308275,0.7547203309904,2.5
"linear",24,4,0.5,11,"K1_global","global",1,160,12,125,2.38425029702574,2.85081913540077,0.725782793423848,2.5
"linear",24,4,0.5,11,"K2_c10","local",10,64,31,125,2.97782589517981,3.59014966858249,0.539620511354669,2.5
"linear",24,4,0.5,11,"K2_c12","local",12,77,25,125,2.70405638320643,3.35356035637507,0.449628495001141,2.5
"linear",24,4,0.5,11,"K2_c14","local",14,90,22,125,2.80056196413196,3.38578691810278,0.544725667836119,2.5
"linear",24,4,0.5,12,"K1_global","global",1,160,12,125,2.29279422620949,2.65278157970809,1.00429675606206,2.5
"linear",24,4,0.5,12,"K2_c10","local",10,64,31,125,2.803622454084,3.37471106649468,0.786894533459224,2.5
"linear",24,4,0.5,12,"K2_c12","local",12,77,25,125,2.59855770585704,3.10964834144678,0.911130754463948,2.5
"linear",24,4,0.5,12,"K2_c14","local",14,90,22,125,2.56362681159051,3.04055537196435,1.0299819539396,2.5
"linear",24,5,0.25,1,"K1_global","global",1,160,12,125,1.84161595634744,2.18571831041519,0.369250138849063,1.25
"linear",24,5,0.25,1,"K2_c10","local",10,64,31,125,2.36032268856038,2.83650626832215,0.454955214265362,1.25
"linear",24,5,0.25,1,"K2_c12","local",12,77,25,125,2.2316264083596,2.71173070765568,0.378542354641651,1.25
"linear",24,5,0.25,1,"K2_c14","local",14,90,22,125,2.10186444895346,2.58105612203464,0.450468484416637,1.25
"linear",24,5,0.25,2,"K1_global","global",1,160,12,125,1.83221683691822,2.1718310064758,0.659352456287373,1.25
"linear",24,5,0.25,2,"K2_c10","local",10,64,31,125,2.27318828472558,2.6762189327451,0.535836587367214,1.25
"linear",24,5,0.25,2,"K2_c12","local",12,77,25,125,2.17523167266808,2.59828223327957,0.611583093988657,1.25
"linear",24,5,0.25,2,"K2_c14","local",14,90,22,125,2.11414526033029,2.48632454699265,0.470280363827123,1.25
"linear",24,5,0.25,3,"K1_global","global",1,160,12,125,1.72677398169527,2.07973668791668,0.381856723110734,1.25
"linear",24,5,0.25,3,"K2_c10","local",10,64,31,125,2.16805836145766,2.63164329631955,0.362481956193171,1.25
"linear",24,5,0.25,3,"K2_c12","local",12,77,25,125,2.05891674425189,2.55401917179823,0.399081953830096,1.25
"linear",24,5,0.25,3,"K2_c14","local",14,90,22,125,2.07323245408015,2.5162773821251,0.434467760012953,1.25
"linear",24,5,0.25,4,"K1_global","global",1,160,12,125,1.74511324515802,2.11299849500592,0.315085517083442,1.25
"linear",24,5,0.25,4,"K2_c10","local",10,64,31,125,2.28367194555602,2.71542909896588,0.371103992299199,1.25
"linear",24,5,0.25,4,"K2_c12","local",12,77,25,125,2.04166676066216,2.50272129235633,0.381211712673825,1.25
"linear",24,5,0.25,4,"K2_c14","local",14,90,22,125,2.06478837408649,2.52310259845473,0.43369626311433,1.25
"linear",24,5,0.25,5,"K1_global","global",1,160,12,125,1.78189598925811,2.12810851779178,0.510456642438462,1.25
"linear",24,5,0.25,5,"K2_c10","local",10,64,31,125,2.14291534923069,2.57686784132869,0.407881779336936,1.25
"linear",24,5,0.25,5,"K2_c12","local",12,77,25,125,2.13264718695325,2.64870034269816,0.42357801646119,1.25
"linear",24,5,0.25,5,"K2_c14","local",14,90,22,125,2.02783466940059,2.47881493252474,0.408468276833292,1.25
"linear",24,5,0.25,6,"K1_global","global",1,160,12,125,1.84205535692343,2.21140264055426,0.558147717104266,1.25
"linear",24,5,0.25,6,"K2_c10","local",10,64,31,125,2.29882488679006,2.78811831149879,0.422873688102556,1.25
"linear",24,5,0.25,6,"K2_c12","local",12,77,25,125,2.1595824830343,2.59888061881181,0.450571752615389,1.25
"linear",24,5,0.25,6,"K2_c14","local",14,90,22,125,2.13176861496773,2.5941463852835,0.445420471496282,1.25
"linear",24,5,0.25,7,"K1_global","global",1,160,12,125,1.74858911136336,2.08872704011181,0.51377849295638,1.25
"linear",24,5,0.25,7,"K2_c10","local",10,64,31,125,2.21402888358058,2.64038990424676,0.395606510840249,1.25
"linear",24,5,0.25,7,"K2_c12","local",12,77,25,125,2.13836145912328,2.59881891759498,0.482730373147209,1.25
"linear",24,5,0.25,7,"K2_c14","local",14,90,22,125,2.0859500391427,2.50797672234137,0.497939476798815,1.25
"linear",24,5,0.25,8,"K1_global","global",1,160,12,125,1.77368583972146,2.14957844410285,0.315767277344416,1.25
"linear",24,5,0.25,8,"K2_c10","local",10,64,31,125,2.26653462142105,2.74850353833214,0.348941380669416,1.25
"linear",24,5,0.25,8,"K2_c12","local",12,77,25,125,2.19161372190437,2.68376960960192,0.357644874062489,1.25
"linear",24,5,0.25,8,"K2_c14","local",14,90,22,125,2.15911768081324,2.60942662073171,0.340614286478043,1.25
"linear",24,5,0.25,9,"K1_global","global",1,160,12,125,1.85217709562609,2.22218710313533,0.472022307676155,1.25
"linear",24,5,0.25,9,"K2_c10","local",10,64,31,125,2.4253055462997,2.91392166804643,0.394402502396476,1.25
"linear",24,5,0.25,9,"K2_c12","local",12,77,25,125,2.27207368716203,2.77445932193906,0.465724070734307,1.25
"linear",24,5,0.25,9,"K2_c14","local",14,90,22,125,2.15681252610447,2.58596844556017,0.455260140539624,1.25
"linear",24,5,0.25,10,"K1_global","global",1,160,12,125,1.79243324159902,2.14271128731975,0.440585095645907,1.25
"linear",24,5,0.25,10,"K2_c10","local",10,64,31,125,2.30668986305607,2.76329083352921,0.425975304037231,1.25
"linear",24,5,0.25,10,"K2_c12","local",12,77,25,125,2.1769719522166,2.63471332019554,0.390977625717556,1.25
"linear",24,5,0.25,10,"K2_c14","local",14,90,22,125,2.00103056956965,2.47037428768475,0.360018625940909,1.25
"linear",24,5,0.25,11,"K1_global","global",1,160,12,125,1.83482580296333,2.19950719607175,0.362938744881317,1.25
"linear",24,5,0.25,11,"K2_c10","local",10,64,31,125,2.28545611378594,2.7129807280646,0.396854539867463,1.25
"linear",24,5,0.25,11,"K2_c12","local",12,77,25,125,2.24459563855275,2.73040415496668,0.470928655375855,1.25
"linear",24,5,0.25,11,"K2_c14","local",14,90,22,125,2.13843177756836,2.58955651612562,0.49094034780304,1.25
"linear",24,5,0.25,12,"K1_global","global",1,160,12,125,1.78046076393368,2.16027509095455,0.50074165675633,1.25
"linear",24,5,0.25,12,"K2_c10","local",10,64,31,125,2.36356328134672,2.85295753010113,0.476089996084738,1.25
"linear",24,5,0.25,12,"K2_c12","local",12,77,25,125,2.13398827152195,2.61447935009043,0.442210932178524,1.25
"linear",24,5,0.25,12,"K2_c14","local",14,90,22,125,2.16327335633858,2.61836656767112,0.53105608669557,1.25
"linear",24,6,0.1,1,"K1_global","global",1,160,12,125,1.64138684034921,1.98503931283487,0.271076801764858,0.5
"linear",24,6,0.1,1,"K2_c10","local",10,64,31,125,1.98932738775252,2.42326629316341,0.339549439000796,0.5
"linear",24,6,0.1,1,"K2_c12","local",12,77,25,125,1.85712416596415,2.31717601223212,0.307964464571598,0.5
"linear",24,6,0.1,1,"K2_c14","local",14,90,22,125,1.84369174589176,2.27672369331629,0.329055403708521,0.5
"linear",24,6,0.1,2,"K1_global","global",1,160,12,125,1.57273021554387,1.92489934591991,0.270256053773318,0.5
"linear",24,6,0.1,2,"K2_c10","local",10,64,31,125,2.00486125405016,2.44607654426539,0.345064076443983,0.5
"linear",24,6,0.1,2,"K2_c12","local",12,77,25,125,1.95622644256371,2.39936102725622,0.373288729513057,0.5
"linear",24,6,0.1,2,"K2_c14","local",14,90,22,125,1.91988420867104,2.33232279963803,0.349591889711834,0.5
"linear",24,6,0.1,3,"K1_global","global",1,160,12,125,1.61034538322406,1.94064114158019,0.239126683062208,0.5
"linear",24,6,0.1,3,"K2_c10","local",10,64,31,125,2.02417582216263,2.45623397786734,0.389963310177582,0.5
"linear",24,6,0.1,3,"K2_c12","local",12,77,25,125,1.97107059806559,2.42770344346721,0.306206568634844,0.5
"linear",24,6,0.1,3,"K2_c14","local",14,90,22,125,1.92359069091909,2.3351253225522,0.324414555388025,0.5
"linear",24,6,0.1,4,"K1_global","global",1,160,12,125,1.64255945306362,1.97673542085019,0.324903944485632,0.5
"linear",24,6,0.1,4,"K2_c10","local",10,64,31,125,1.9619475681996,2.38316591226644,0.404444786840894,0.5
"linear",24,6,0.1,4,"K2_c12","local",12,77,25,125,1.92408986077471,2.37310470935558,0.286998899601208,0.5
"linear",24,6,0.1,4,"K2_c14","local",14,90,22,125,1.90178121824203,2.3428586680806,0.443569382570515,0.5
"linear",24,6,0.1,5,"K1_global","global",1,160,12,125,1.60375168172203,1.94715675652512,0.269592929550523,0.5
"linear",24,6,0.1,5,"K2_c10","local",10,64,31,125,2.07532162155764,2.52344490000955,0.315592807419779,0.5
"linear",24,6,0.1,5,"K2_c12","local",12,77,25,125,1.94524788502115,2.36946579894584,0.281017993572983,0.5
"linear",24,6,0.1,5,"K2_c14","local",14,90,22,125,1.87448010098188,2.2810359358357,0.370193071343853,0.5
"linear",24,6,0.1,6,"K1_global","global",1,160,12,125,1.6051401164945,1.93986667653637,0.289007015096185,0.5
"linear",24,6,0.1,6,"K2_c10","local",10,64,31,125,2.10806512551983,2.52477272212542,0.358096890020433,0.5
"linear",24,6,0.1,6,"K2_c12","local",12,77,25,125,1.91208014469627,2.37579479965209,0.301030781746978,0.5
"linear",24,6,0.1,6,"K2_c14","local",14,90,22,125,1.92520196522019,2.3326914741806,0.343251370209053,0.5
"linear",24,6,0.1,7,"K1_global","global",1,160,12,125,1.58309695992852,1.90844658872565,0.304475188924769,0.5
"linear",24,6,0.1,7,"K2_c10","local",10,64,31,125,2.02317214752069,2.44225666976162,0.317546160272912,0.5
"linear",24,6,0.1,7,"K2_c12","local",12,77,25,125,1.94327424932635,2.36866261457265,0.290474255828573,0.5
"linear",24,6,0.1,7,"K2_c14","local",14,90,22,125,1.78475963038681,2.22837177295895,0.304010402296711,0.5
"linear",24,6,0.1,8,"K1_global","global",1,160,12,125,1.57652628533663,1.94218363543531,0.260573564561876,0.5
"linear",24,6,0.1,8,"K2_c10","local",10,64,31,125,2.11437409317509,2.55540921834644,0.349879610966207,0.5
"linear",24,6,0.1,8,"K2_c12","local",12,77,25,125,1.90955124565905,2.36199852434864,0.26326800151019,0.5
"linear",24,6,0.1,8,"K2_c14","local",14,90,22,125,1.88404945452078,2.29207101296741,0.336686733025569,0.5
"linear",24,6,0.1,9,"K1_global","global",1,160,12,125,1.57936909195424,1.93529000741122,0.249709267625937,0.5
"linear",24,6,0.1,9,"K2_c10","local",10,64,31,125,2.07009562676542,2.52493277524397,0.34548451517902,0.5
"linear",24,6,0.1,9,"K2_c12","local",12,77,25,125,1.87991890228144,2.34992164453122,0.2629649405309,0.5
"linear",24,6,0.1,9,"K2_c14","local",14,90,22,125,1.89726806717608,2.33945143006111,0.368233228404429,0.5
"linear",24,6,0.1,10,"K1_global","global",1,160,12,125,1.54299094750805,1.8964339981145,0.229087802503414,0.5
"linear",24,6,0.1,10,"K2_c10","local",10,64,31,125,2.03524818701217,2.4572596749231,0.336747998975345,0.5
"linear",24,6,0.1,10,"K2_c12","local",12,77,25,125,1.94757796947901,2.39598206365349,0.285269718789587,0.5
"linear",24,6,0.1,10,"K2_c14","local",14,90,22,125,1.89359820950218,2.32074324976918,0.297294427934967,0.5
"linear",24,6,0.1,11,"K1_global","global",1,160,12,125,1.62681206686559,1.96228554567897,0.241931700003759,0.5
"linear",24,6,0.1,11,"K2_c10","local",10,64,31,125,1.96420042254912,2.41004013624721,0.30037653764617,0.5
"linear",24,6,0.1,11,"K2_c12","local",12,77,25,125,1.92641151625452,2.37317637877964,0.279164868866182,0.5
"linear",24,6,0.1,11,"K2_c14","local",14,90,22,125,1.85747738821928,2.29154583692855,0.294717843759553,0.5
"linear",24,6,0.1,12,"K1_global","global",1,160,12,125,1.61755533755179,1.96153451223479,0.27520093577354,0.5
"linear",24,6,0.1,12,"K2_c10","local",10,64,31,125,2.07789964848239,2.48814899136002,0.323899663211318,0.5
"linear",24,6,0.1,12,"K2_c12","local",12,77,25,125,1.88005656951982,2.33841108945011,0.312996193111293,0.5
"linear",24,6,0.1,12,"K2_c14","local",14,90,22,125,1.87203936259837,2.28483813290966,0.349906135279378,0.5
"linear",25,1,4,1,"K1_global","global",1,160,12,125,13.4339643274937,14.5443432287784,7.86449329442253,20
"linear",25,1,4,1,"K2_c10","local",10,64,31,125,14.3305943624239,16.6252552611437,6.5327566544174,20
"linear",25,1,4,1,"K2_c12","local",12,77,25,125,14.7670877270985,16.835816773234,6.40386348330814,20
"linear",25,1,4,1,"K2_c14","local",14,90,22,125,13.9500833876359,15.6605240289259,6.96013324549357,20
"linear",25,1,4,2,"K1_global","global",1,160,12,125,13.6484373938336,14.5215491579463,5.8939522445651,20
"linear",25,1,4,2,"K2_c10","local",10,64,31,125,14.4878679309039,16.5379117532453,4.88200598205927,20
"linear",25,1,4,2,"K2_c12","local",12,77,25,125,14.4674781905137,16.2825105998064,4.89166601774468,20
"linear",25,1,4,2,"K2_c14","local",14,90,22,125,13.6840931100074,15.2487826655334,5.02315373861991,20
"linear",25,1,4,3,"K1_global","global",1,160,12,125,12.8012834509942,13.8620559387657,8.51416703693467,20
"linear",25,1,4,3,"K2_c10","local",10,64,31,125,14.4655811971482,16.9010238112091,7.01534370331201,20
"linear",25,1,4,3,"K2_c12","local",12,77,25,125,14.5580292501173,16.8420418197762,7.34146188071437,20
"linear",25,1,4,3,"K2_c14","local",14,90,22,125,13.3696909700961,15.1280157625771,7.27074185421563,20
"linear",25,1,4,4,"K1_global","global",1,160,12,125,12.7364476557452,13.6636829014646,8.04846866610272,20
"linear",25,1,4,4,"K2_c10","local",10,64,31,125,14.3332075104934,16.6285539849414,6.32234619000367,20
"linear",25,1,4,4,"K2_c12","local",12,77,25,125,13.6120132335393,15.7248958514385,6.07541504910302,20
"linear",25,1,4,4,"K2_c14","local",14,90,22,125,12.9638378985782,14.5828591221536,6.93796131222452,20
"linear",25,1,4,5,"K1_global","global",1,160,12,125,14.0445106851433,14.8081660544582,6.86464573771591,20
"linear",25,1,4,5,"K2_c10","local",10,64,31,125,15.1893048930015,17.4397407722027,5.74736564006766,20
"linear",25,1,4,5,"K2_c12","local",12,77,25,125,14.8641195549508,16.6494471421869,5.75917464636387,20
"linear",25,1,4,5,"K2_c14","local",14,90,22,125,14.0625696899603,15.3287471919663,5.74390374506798,20
"linear",25,1,4,6,"K1_global","global",1,160,12,125,13.1170384808799,13.9820341023779,6.8675128243037,20
"linear",25,1,4,6,"K2_c10","local",10,64,31,125,14.0458599841208,15.9487606886041,5.76030601800642,20
"linear",25,1,4,6,"K2_c12","local",12,77,25,125,14.0153426353718,15.8079701416267,5.53568671212542,20
"linear",25,1,4,6,"K2_c14","local",14,90,22,125,13.6932850630352,15.1373784986586,6.14667056095949,20
"linear",25,1,4,7,"K1_global","global",1,160,12,125,13.3845631057647,14.3999638083764,7.94128892687416,20
"linear",25,1,4,7,"K2_c10","local",10,64,31,125,14.3106493762172,16.6491560738471,6.47050954467197,20
"linear",25,1,4,7,"K2_c12","local",12,77,25,125,14.3695588776979,16.3224970145046,6.23219082836956,20
"linear",25,1,4,7,"K2_c14","local",14,90,22,125,13.28945308417,14.9466010155334,6.28779621449281,20
"linear",25,1,4,8,"K1_global","global",1,160,12,125,13.3894430448134,14.335293882776,7.9615176450158,20
"linear",25,1,4,8,"K2_c10","local",10,64,31,125,14.1812403505133,16.3109393395456,5.79436546940449,20
"linear",25,1,4,8,"K2_c12","local",12,77,25,125,14.2488865720387,16.3008183221481,6.9959352269057,20
"linear",25,1,4,8,"K2_c14","local",14,90,22,125,13.7260944358958,15.2828685456987,7.16226340800081,20
"linear",25,1,4,9,"K1_global","global",1,160,12,125,13.7568222141998,14.6443655167407,9.00719725658184,20
"linear",25,1,4,9,"K2_c10","local",10,64,31,125,14.7510813367292,16.8492692451293,7.75058019968163,20
"linear",25,1,4,9,"K2_c12","local",12,77,25,125,14.7715287428761,16.5185301919322,8.68305385913494,20
"linear",25,1,4,9,"K2_c14","local",14,90,22,125,13.8473292609859,15.3249520134658,8.17918134669406,20
"linear",25,1,4,10,"K1_global","global",1,160,12,125,13.6982481607321,14.4893278126945,6.94851380566254,20
"linear",25,1,4,10,"K2_c10","local",10,64,31,125,14.7634070381518,16.888589373399,5.48948320980564,20
"linear",25,1,4,10,"K2_c12","local",12,77,25,125,14.0218702091076,15.8641525357053,5.87504237390054,20
"linear",25,1,4,10,"K2_c14","local",14,90,22,125,13.6833467583931,15.0185001588961,5.43800493844227,20
"linear",25,1,4,11,"K1_global","global",1,160,12,125,13.8535810703592,14.7171918730978,6.33108375238109,20
"linear",25,1,4,11,"K2_c10","local",10,64,31,125,15.1272236836331,17.5480144107338,4.52815149263294,20
"linear",25,1,4,11,"K2_c12","local",12,77,25,125,14.3102097150605,16.6226293401057,4.70920468772726,20
"linear",25,1,4,11,"K2_c14","local",14,90,22,125,13.9420757342455,15.6529192129224,4.83432262426867,20
"linear",25,1,4,12,"K1_global","global",1,160,12,125,13.6763385359049,14.4375279513623,7.32191284149935,20
"linear",25,1,4,12,"K2_c10","local",10,64,31,125,14.0816049973159,16.2965779190739,5.66967363292565,20
"linear",25,1,4,12,"K2_c12","local",12,77,25,125,13.7501017200689,15.5701344648877,5.45743134735445,20
"linear",25,1,4,12,"K2_c14","local",14,90,22,125,13.3646917148754,14.8401195495441,6.23806044847163,20
"linear",25,2,2,1,"K1_global","global",1,160,12,125,7.07336994355903,7.65621607080411,3.36962246278321,10
"linear",25,2,2,1,"K2_c10","local",10,64,31,125,7.87900479377785,9.25374532199668,2.69601483390372,10
"linear",25,2,2,1,"K2_c12","local",12,77,25,125,7.63443789035379,8.93838794567713,2.67035282757201,10
"linear",25,2,2,1,"K2_c14","local",14,90,22,125,7.04401548847242,7.9774126020292,2.85916224118067,10
"linear",25,2,2,2,"K1_global","global",1,160,12,125,7.02006514279674,7.60426384082621,4.13754740791285,10
"linear",25,2,2,2,"K2_c10","local",10,64,31,125,7.7440263272714,8.8197975595804,3.90817127730181,10
"linear",25,2,2,2,"K2_c12","local",12,77,25,125,7.52112247597639,8.66786780346758,3.64541345984534,10
"linear",25,2,2,2,"K2_c14","local",14,90,22,125,7.22243566905974,8.10141546749419,3.78252251484538,10
"linear",25,2,2,3,"K1_global","global",1,160,12,125,7.04495734036956,7.6868952779764,3.15814289539545,10
"linear",25,2,2,3,"K2_c10","local",10,64,31,125,7.71986549706362,9.0404751421873,2.36647151507079,10
"linear",25,2,2,3,"K2_c12","local",12,77,25,125,7.52836849253622,8.96803568168736,2.63450002613429,10
"linear",25,2,2,3,"K2_c14","local",14,90,22,125,7.24912292607754,8.21850527432046,2.84666260727739,10
"linear",25,2,2,4,"K1_global","global",1,160,12,125,6.99332292058194,7.53122311871732,3.58113366203696,10
"linear",25,2,2,4,"K2_c10","local",10,64,31,125,8.13687787538722,9.45843999261652,2.78618094504624,10
"linear",25,2,2,4,"K2_c12","local",12,77,25,125,7.80061790933481,8.98180294284717,2.79194800260574,10
"linear",25,2,2,4,"K2_c14","local",14,90,22,125,7.36155842139107,8.19950679415576,3.29741915985038,10
"linear",25,2,2,5,"K1_global","global",1,160,12,125,6.29404852004465,6.98020980338401,2.54669379921218,10
"linear",25,2,2,5,"K2_c10","local",10,64,31,125,7.6287631526519,9.29158096279889,1.97784522311053,10
"linear",25,2,2,5,"K2_c12","local",12,77,25,125,7.27652276104923,8.62244615751542,1.73994032544945,10
"linear",25,2,2,5,"K2_c14","local",14,90,22,125,6.66332828164848,7.72185807389044,1.98218606462811,10
"linear",25,2,2,6,"K1_global","global",1,160,12,125,7.13292056492758,7.62590232765463,3.2712576860344,10
"linear",25,2,2,6,"K2_c10","local",10,64,31,125,7.72891426064032,8.99488942042435,2.67942856747692,10
"linear",25,2,2,6,"K2_c12","local",12,77,25,125,7.6920864968433,8.84973068805087,3.00646069301408,10
"linear",25,2,2,6,"K2_c14","local",14,90,22,125,7.4087215848326,8.38184484646617,3.04287305949175,10
"linear",25,2,2,7,"K1_global","global",1,160,12,125,7.25402230679413,7.86641908464803,3.41352771464596,10
"linear",25,2,2,7,"K2_c10","local",10,64,31,125,7.88518324730914,9.00862159565006,3.10659217985638,10
"linear",25,2,2,7,"K2_c12","local",12,77,25,125,7.39807083918565,8.44033559093107,2.64087231354751,10
"linear",25,2,2,7,"K2_c14","local",14,90,22,125,7.26639296520572,8.15029392067536,2.92620877615202,10
"linear",25,2,2,8,"K1_global","global",1,160,12,125,6.95969475044512,7.46556598488925,3.65583398634794,10
"linear",25,2,2,8,"K2_c10","local",10,64,31,125,7.57070983038342,8.8081578148421,2.61439113938784,10
"linear",25,2,2,8,"K2_c12","local",12,77,25,125,7.07262915749757,8.1877790066925,2.2451327204358,10
"linear",25,2,2,8,"K2_c14","local",14,90,22,125,6.85406977009659,7.75154372436511,2.63937115367227,10
"linear",25,2,2,9,"K1_global","global",1,160,12,125,7.09860590889476,7.65497550260778,3.68007371024959,10
"linear",25,2,2,9,"K2_c10","local",10,64,31,125,8.09791557448086,9.33891210614138,2.96308764195099,10
"linear",25,2,2,9,"K2_c12","local",12,77,25,125,7.90969090376589,8.97350244193149,3.04522554759228,10
"linear",25,2,2,9,"K2_c14","local",14,90,22,125,7.6720577927999,8.58988209259178,3.51619735474451,10
"linear",25,2,2,10,"K1_global","global",1,160,12,125,6.82344516903651,7.3409499200418,3.15746123750535,10
"linear",25,2,2,10,"K2_c10","local",10,64,31,125,7.98286243205092,9.11277916968447,2.55667365471696,10
"linear",25,2,2,10,"K2_c12","local",12,77,25,125,7.51369246974991,8.57362569137424,2.67044467306101,10
"linear",25,2,2,10,"K2_c14","local",14,90,22,125,7.28849866838784,8.14656538982734,3.04247073881032,10
"linear",25,2,2,11,"K1_global","global",1,160,12,125,7.16584453916336,7.7438504118662,3.55615622567645,10
"linear",25,2,2,11,"K2_c10","local",10,64,31,125,7.95147863129544,9.10244102916093,2.93616043667683,10
"linear",25,2,2,11,"K2_c12","local",12,77,25,125,7.78131632981685,8.93834998257616,2.78810725367126,10
"linear",25,2,2,11,"K2_c14","local",14,90,22,125,7.39772553419597,8.33816694797367,2.88240331263099,10
"linear",25,2,2,12,"K1_global","global",1,160,12,125,7.27450596539826,7.88353741102513,4.03938485173924,10
"linear",25,2,2,12,"K2_c10","local",10,64,31,125,7.91686539427776,9.29418343864692,2.36962594964753,10
"linear",25,2,2,12,"K2_c12","local",12,77,25,125,7.71095507183468,9.03730847424956,2.9424624030061,10
"linear",25,2,2,12,"K2_c14","local",14,90,22,125,7.25636212768491,8.34737507256389,2.86220028262701,10
"linear",25,3,1,1,"K1_global","global",1,160,12,125,3.95580245025448,4.40894589403739,1.89165028841165,5
"linear",25,3,1,1,"K2_c10","local",10,64,31,125,4.87449609548035,5.71479859862512,1.95905026110452,5
"linear",25,3,1,1,"K2_c12","local",12,77,25,125,4.88917376498285,5.65338121375632,1.90154045233595,5
"linear",25,3,1,1,"K2_c14","local",14,90,22,125,4.35630840012318,4.98897237439365,1.85375187908876,5
"linear",25,3,1,2,"K1_global","global",1,160,12,125,3.83660100699537,4.19780989350072,1.68562856118602,5
"linear",25,3,1,2,"K2_c10","local",10,64,31,125,4.48020617707313,5.28615756504351,1.26303030179825,5
"linear",25,3,1,2,"K2_c12","local",12,77,25,125,4.60649168090553,5.38232827560659,1.25014706946112,5
"linear",25,3,1,2,"K2_c14","local",14,90,22,125,4.13075213718678,4.74406476163473,1.261375431133,5
"linear",25,3,1,3,"K1_global","global",1,160,12,125,3.68514758317123,4.15330412862432,1.57066259537834,5
"linear",25,3,1,3,"K2_c10","local",10,64,31,125,4.53902977674063,5.45354435559355,1.0837977026615,5
"linear",25,3,1,3,"K2_c12","local",12,77,25,125,4.45666283211775,5.32139492378428,0.982444763270553,5
"linear",25,3,1,3,"K2_c14","local",14,90,22,125,4.14767087944022,4.9018575690776,1.20000295167109,5
"linear",25,3,1,4,"K1_global","global",1,160,12,125,3.81168473992972,4.29432047228616,1.46334221784412,5
"linear",25,3,1,4,"K2_c10","local",10,64,31,125,4.53765064099647,5.39858555039342,1.08419730975656,5
"linear",25,3,1,4,"K2_c12","local",12,77,25,125,4.56201214043421,5.42226987537647,1.2585116439136,5
"linear",25,3,1,4,"K2_c14","local",14,90,22,125,4.02501460981722,4.6864973550951,1.29906760310787,5
"linear",25,3,1,5,"K1_global","global",1,160,12,125,3.82091314231761,4.3229343712195,1.70635403500982,5
"linear",25,3,1,5,"K2_c10","local",10,64,31,125,4.56323010650322,5.4536453024825,1.54212065877851,5
"linear",25,3,1,5,"K2_c12","local",12,77,25,125,4.33314661491082,5.2624669228238,1.14603221102287,5
"linear",25,3,1,5,"K2_c14","local",14,90,22,125,3.99358205141013,4.66188249968912,1.50971394473028,5
"linear",25,3,1,6,"K1_global","global",1,160,12,125,3.76946706608412,4.1736359660711,1.66510051789819,5
"linear",25,3,1,6,"K2_c10","local",10,64,31,125,4.50868055789534,5.32757169153418,1.22474461034415,5
"linear",25,3,1,6,"K2_c12","local",12,77,25,125,4.50516211699169,5.31174763103098,1.3212296463971,5
"linear",25,3,1,6,"K2_c14","local",14,90,22,125,4.14524621852827,4.77010341286007,1.48950363348056,5
"linear",25,3,1,7,"K1_global","global",1,160,12,125,3.87124961109216,4.29781354083219,1.9512979317223,5
"linear",25,3,1,7,"K2_c10","local",10,64,31,125,4.87951427605992,5.80413227657348,1.49781628655023,5
"linear",25,3,1,7,"K2_c12","local",12,77,25,125,4.64547306267603,5.4115461213798,1.54780605443692,5
"linear",25,3,1,7,"K2_c14","local",14,90,22,125,4.33025136290693,4.9981300290552,1.61026401241118,5
"linear",25,3,1,8,"K1_global","global",1,160,12,125,3.72665565549197,4.14799412936624,2.32367590929253,5
"linear",25,3,1,8,"K2_c10","local",10,64,31,125,4.64178260300297,5.435821470162,1.93180271018681,5
"linear",25,3,1,8,"K2_c12","local",12,77,25,125,4.54147661647492,5.32751899692728,1.85301347096663,5
"linear",25,3,1,8,"K2_c14","local",14,90,22,125,4.21962202095693,4.85909584807138,2.14954065798686,5
"linear",25,3,1,9,"K1_global","global",1,160,12,125,3.91265864072065,4.34273775184642,1.50920238396014,5
"linear",25,3,1,9,"K2_c10","local",10,64,31,125,4.72093561898207,5.55574407165727,1.37111218299172,5
"linear",25,3,1,9,"K2_c12","local",12,77,25,125,4.49165389300758,5.19815708073435,1.20905932610948,5
"linear",25,3,1,9,"K2_c14","local",14,90,22,125,4.15843044074596,4.72513227170016,1.27208734555041,5
"linear",25,3,1,10,"K1_global","global",1,160,12,125,3.86715931072377,4.2778685760773,1.51881570181248,5
"linear",25,3,1,10,"K2_c10","local",10,64,31,125,4.74242327194801,5.54224980273606,1.36536461195147,5
"linear",25,3,1,10,"K2_c12","local",12,77,25,125,4.59010864876419,5.44721269119484,1.28753035215635,5
"linear",25,3,1,10,"K2_c14","local",14,90,22,125,4.31582681256558,4.91028205761648,1.43342166004211,5
"linear",25,3,1,11,"K1_global","global",1,160,12,125,3.99786563370044,4.48403408876129,1.45698154894543,5
"linear",25,3,1,11,"K2_c10","local",10,64,31,125,4.46742781783426,5.28978454908317,1.19655858544587,5
"linear",25,3,1,11,"K2_c12","local",12,77,25,125,4.46960739445472,5.29832953119448,1.19962549977938,5
"linear",25,3,1,11,"K2_c14","local",14,90,22,125,4.12906767364332,4.69139530731747,1.28982608029952,5
"linear",25,3,1,12,"K1_global","global",1,160,12,125,3.941291910924,4.36487773818609,2.10309180507968,5
"linear",25,3,1,12,"K2_c10","local",10,64,31,125,4.75581552363164,5.5098927326996,1.84100169337334,5
"linear",25,3,1,12,"K2_c12","local",12,77,25,125,4.48412457420508,5.22429939950341,1.82800233495455,5
"linear",25,3,1,12,"K2_c14","local",14,90,22,125,4.24850651917803,4.73772524941172,2.09083094596707,5
"linear",25,4,0.5,1,"K1_global","global",1,160,12,125,2.36554137441968,2.73364633359224,0.81727687285519,2.5
"linear",25,4,0.5,1,"K2_c10","local",10,64,31,125,3.0258358155642,3.67100677092192,0.576300893038564,2.5
"linear",25,4,0.5,1,"K2_c12","local",12,77,25,125,3.01365423475378,3.68453991312821,0.555950343832186,2.5
"linear",25,4,0.5,1,"K2_c14","local",14,90,22,125,2.68046026889316,3.20290908608609,0.702605073340177,2.5
"linear",25,4,0.5,2,"K1_global","global",1,160,12,125,2.43287120390946,2.84995007162106,0.767148087404841,2.5
"linear",25,4,0.5,2,"K2_c10","local",10,64,31,125,3.2376738344537,4.01774632607998,0.507184284666411,2.5
"linear",25,4,0.5,2,"K2_c12","local",12,77,25,125,3.14866415190734,3.83437250192217,0.544471677048418,2.5
"linear",25,4,0.5,2,"K2_c14","local",14,90,22,125,2.81123499166156,3.3388859260242,0.57120528941599,2.5
"linear",25,4,0.5,3,"K1_global","global",1,160,12,125,2.3968453416447,2.83219309787971,0.923032205127936,2.5
"linear",25,4,0.5,3,"K2_c10","local",10,64,31,125,3.21858028419196,3.87671228382612,0.602247926112831,2.5
"linear",25,4,0.5,3,"K2_c12","local",12,77,25,125,2.96752441250784,3.66215609513085,0.646555003084459,2.5
"linear",25,4,0.5,3,"K2_c14","local",14,90,22,125,2.66014458419841,3.17687315206152,0.736587100840696,2.5
"linear",25,4,0.5,4,"K1_global","global",1,160,12,125,2.47203479005155,2.84447947893885,0.945075114936339,2.5
"linear",25,4,0.5,4,"K2_c10","local",10,64,31,125,3.19680998553881,3.84921272824647,0.730530162708505,2.5
"linear",25,4,0.5,4,"K2_c12","local",12,77,25,125,3.10963182296823,3.71206416460464,0.79322812017431,2.5
"linear",25,4,0.5,4,"K2_c14","local",14,90,22,125,2.73425209899554,3.26468092187603,0.619163927572722,2.5
"linear",25,4,0.5,5,"K1_global","global",1,160,12,125,2.4864360622418,2.88443343469655,0.911924261251572,2.5
"linear",25,4,0.5,5,"K2_c10","local",10,64,31,125,3.30194176306314,4.02329653885034,0.741166906636763,2.5
"linear",25,4,0.5,5,"K2_c12","local",12,77,25,125,3.11326910679366,3.81365358804408,0.513637734399379,2.5
"linear",25,4,0.5,5,"K2_c14","local",14,90,22,125,2.74572339469743,3.28790811589651,0.682802609940408,2.5
"linear",25,4,0.5,6,"K1_global","global",1,160,12,125,2.31109113393226,2.69089357188543,0.936415407759622,2.5
"linear",25,4,0.5,6,"K2_c10","local",10,64,31,125,3.17505749103873,3.78662809094694,0.828899717327294,2.5
"linear",25,4,0.5,6,"K2_c12","local",12,77,25,125,3.17394054925041,3.82943149395808,0.854789581215478,2.5
"linear",25,4,0.5,6,"K2_c14","local",14,90,22,125,2.85417776053712,3.39852923946734,0.974698121410416,2.5
"linear",25,4,0.5,7,"K1_global","global",1,160,12,125,2.46238729207805,2.8459138708843,0.789420915606761,2.5
"linear",25,4,0.5,7,"K2_c10","local",10,64,31,125,3.30362308623043,3.90400481398187,0.66843952665319,2.5
"linear",25,4,0.5,7,"K2_c12","local",12,77,25,125,3.07972891796471,3.7053648373321,0.739006587479742,2.5
"linear",25,4,0.5,7,"K2_c14","local",14,90,22,125,2.80917401793916,3.31357070544056,0.714869112606544,2.5
"linear",25,4,0.5,8,"K1_global","global",1,160,12,125,2.24795295498611,2.61775937707577,0.753613005383336,2.5
"linear",25,4,0.5,8,"K2_c10","local",10,64,31,125,3.26005038277672,3.95470551613655,0.626600571005139,2.5
"linear",25,4,0.5,8,"K2_c12","local",12,77,25,125,3.04492636569842,3.61115364745109,0.673193973122683,2.5
"linear",25,4,0.5,8,"K2_c14","local",14,90,22,125,2.66613758556423,3.17410413732422,0.599401287316946,2.5
"linear",25,4,0.5,9,"K1_global","global",1,160,12,125,2.34603405652333,2.70861740804364,1.01713400559838,2.5
"linear",25,4,0.5,9,"K2_c10","local",10,64,31,125,3.09581005243797,3.77760129521631,0.805346064204693,2.5
"linear",25,4,0.5,9,"K2_c12","local",12,77,25,125,3.01017484159276,3.56919439624096,0.975238228931607,2.5
"linear",25,4,0.5,9,"K2_c14","local",14,90,22,125,2.75588342679314,3.25710284454098,0.854701834585289,2.5
"linear",25,4,0.5,10,"K1_global","global",1,160,12,125,2.42637683394771,2.81709673184067,1.01793385921918,2.5
"linear",25,4,0.5,10,"K2_c10","local",10,64,31,125,3.24088427050133,3.940090656107,0.761557706636691,2.5
"linear",25,4,0.5,10,"K2_c12","local",12,77,25,125,3.09548913148699,3.72513202720064,0.718786038222134,2.5
"linear",25,4,0.5,10,"K2_c14","local",14,90,22,125,2.89191185271669,3.41067531040868,1.05239764535137,2.5
"linear",25,4,0.5,11,"K1_global","global",1,160,12,125,2.50028363849702,2.91061450699104,0.882913076337728,2.5
"linear",25,4,0.5,11,"K2_c10","local",10,64,31,125,3.19875309596177,3.88231073448525,0.892770505507267,2.5
"linear",25,4,0.5,11,"K2_c12","local",12,77,25,125,3.0960133011287,3.74638478035678,0.764886275605622,2.5
"linear",25,4,0.5,11,"K2_c14","local",14,90,22,125,2.8721797393719,3.39073102870869,0.878240285527062,2.5
"linear",25,4,0.5,12,"K1_global","global",1,160,12,125,2.41242178824854,2.79125142167063,0.847567314396979,2.5
"linear",25,4,0.5,12,"K2_c10","local",10,64,31,125,3.13314164480287,3.78801468999124,0.778293981377739,2.5
"linear",25,4,0.5,12,"K2_c12","local",12,77,25,125,3.10904084907614,3.76332817530932,0.779257169530489,2.5
"linear",25,4,0.5,12,"K2_c14","local",14,90,22,125,2.70629149368728,3.23704942946363,0.76597822916022,2.5
"linear",25,5,0.25,1,"K1_global","global",1,160,12,125,1.91049057238153,2.28638392005214,0.503204427486897,1.25
"linear",25,5,0.25,1,"K2_c10","local",10,64,31,125,2.61243155018425,3.18494771817299,0.425653575443485,1.25
"linear",25,5,0.25,1,"K2_c12","local",12,77,25,125,2.64339639001907,3.2631414772537,0.565413860250906,1.25
"linear",25,5,0.25,1,"K2_c14","local",14,90,22,125,2.34426779798639,2.85572785058593,0.458474892487156,1.25
"linear",25,5,0.25,2,"K1_global","global",1,160,12,125,1.85348511851212,2.22874869556809,0.519165801187318,1.25
"linear",25,5,0.25,2,"K2_c10","local",10,64,31,125,2.7116286271571,3.33968121107629,0.49719334689662,1.25
"linear",25,5,0.25,2,"K2_c12","local",12,77,25,125,2.59040719710981,3.21027848802779,0.471783249235857,1.25
"linear",25,5,0.25,2,"K2_c14","local",14,90,22,125,2.26432996606316,2.77047602189828,0.374505521285993,1.25
"linear",25,5,0.25,3,"K1_global","global",1,160,12,125,1.9437313524797,2.35476203012756,0.482193687813955,1.25
"linear",25,5,0.25,3,"K2_c10","local",10,64,31,125,2.89645693319749,3.49754257194825,0.442188370335514,1.25
"linear",25,5,0.25,3,"K2_c12","local",12,77,25,125,2.63772742126499,3.27422081725751,0.44653774185867,1.25
"linear",25,5,0.25,3,"K2_c14","local",14,90,22,125,2.34777513981933,2.8477418854763,0.558144488883536,1.25
"linear",25,5,0.25,4,"K1_global","global",1,160,12,125,1.84140931556742,2.18621172880728,0.475770639963006,1.25
"linear",25,5,0.25,4,"K2_c10","local",10,64,31,125,2.57706245370971,3.15708494036777,0.457701344090467,1.25
"linear",25,5,0.25,4,"K2_c12","local",12,77,25,125,2.57306603602092,3.12540663674083,0.416352484351939,1.25
"linear",25,5,0.25,4,"K2_c14","local",14,90,22,125,2.23015819622311,2.71591316811412,0.370479899905502,1.25
"linear",25,5,0.25,5,"K1_global","global",1,160,12,125,1.86963695177764,2.24053314678666,0.436341090981621,1.25
"linear",25,5,0.25,5,"K2_c10","local",10,64,31,125,2.66837913068645,3.29859434551746,0.474814726618178,1.25
"linear",25,5,0.25,5,"K2_c12","local",12,77,25,125,2.55211045881864,3.11806171038159,0.438595614249441,1.25
"linear",25,5,0.25,5,"K2_c14","local",14,90,22,125,2.18353022812175,2.72527610989153,0.383450988495479,1.25
"linear",25,5,0.25,6,"K1_global","global",1,160,12,125,1.87719918656054,2.24883103905236,0.564029208480654,1.25
"linear",25,5,0.25,6,"K2_c10","local",10,64,31,125,2.57924136936656,3.19106099486152,0.43967999173818,1.25
"linear",25,5,0.25,6,"K2_c12","local",12,77,25,125,2.61479828960644,3.21502071842504,0.523279326658732,1.25
"linear",25,5,0.25,6,"K2_c14","local",14,90,22,125,2.33927077604288,2.82094899934008,0.542759944009574,1.25
"linear",25,5,0.25,7,"K1_global","global",1,160,12,125,1.95891092949454,2.34135682111579,0.435606428969233,1.25
"linear",25,5,0.25,7,"K2_c10","local",10,64,31,125,2.77807646356376,3.38958539362402,0.480272074826633,1.25
"linear",25,5,0.25,7,"K2_c12","local",12,77,25,125,2.53062279768557,3.10719667253627,0.432868262715221,1.25
"linear",25,5,0.25,7,"K2_c14","local",14,90,22,125,2.28653658171515,2.76568179347374,0.452103289289983,1.25
"linear",25,5,0.25,8,"K1_global","global",1,160,12,125,1.78872893234668,2.17687476496049,0.426268793767206,1.25
"linear",25,5,0.25,8,"K2_c10","local",10,64,31,125,2.63659605078729,3.28838135207319,0.408072804771076,1.25
"linear",25,5,0.25,8,"K2_c12","local",12,77,25,125,2.53330597964819,3.09675702926585,0.491560208983123,1.25
"linear",25,5,0.25,8,"K2_c14","local",14,90,22,125,2.21419026340047,2.68602318079816,0.495817924643509,1.25
"linear",25,5,0.25,9,"K1_global","global",1,160,12,125,1.78398048730659,2.19924793215436,0.406532694311812,1.25
"linear",25,5,0.25,9,"K2_c10","local",10,64,31,125,2.67105038900589,3.26873663486687,0.499243630806078,1.25
"linear",25,5,0.25,9,"K2_c12","local",12,77,25,125,2.71698954429975,3.311236274388,0.494486924965193,1.25
"linear",25,5,0.25,9,"K2_c14","local",14,90,22,125,2.36499948120166,2.85777530420229,0.383404347355371,1.25
"linear",25,5,0.25,10,"K1_global","global",1,160,12,125,1.83830430004743,2.25044603157995,0.421154286662045,1.25
"linear",25,5,0.25,10,"K2_c10","local",10,64,31,125,2.67845043159163,3.30899845982681,0.501906764775457,1.25
"linear",25,5,0.25,10,"K2_c12","local",12,77,25,125,2.68398749710895,3.25701334315354,0.4727660504791,1.25
"linear",25,5,0.25,10,"K2_c14","local",14,90,22,125,2.32240209366456,2.79296341831475,0.399963641037226,1.25
"linear",25,5,0.25,11,"K1_global","global",1,160,12,125,1.88384509759393,2.26715920786592,0.403364208659126,1.25
"linear",25,5,0.25,11,"K2_c10","local",10,64,31,125,2.76081413136208,3.3761956703721,0.466575814629644,1.25
"linear",25,5,0.25,11,"K2_c12","local",12,77,25,125,2.74291297768196,3.34129101586292,0.477508604268044,1.25
"linear",25,5,0.25,11,"K2_c14","local",14,90,22,125,2.27579270137857,2.79416950199528,0.467664976851063,1.25
"linear",25,5,0.25,12,"K1_global","global",1,160,12,125,1.91225444400132,2.31814866727935,0.369138500123435,1.25
"linear",25,5,0.25,12,"K2_c10","local",10,64,31,125,2.61517252414124,3.26717569495542,0.363005024303638,1.25
"linear",25,5,0.25,12,"K2_c12","local",12,77,25,125,2.56974907942654,3.167433954025,0.424674891888021,1.25
"linear",25,5,0.25,12,"K2_c14","local",14,90,22,125,2.28765816209226,2.78216377410177,0.511467914166562,1.25
"linear",25,6,0.1,1,"K1_global","global",1,160,12,125,1.67912538281394,2.05711469436237,0.258586835740787,0.5
"linear",25,6,0.1,1,"K2_c10","local",10,64,31,125,2.39465186961373,2.92200316559216,0.383095089573299,0.5
"linear",25,6,0.1,1,"K2_c12","local",12,77,25,125,2.33765256220013,2.8884737334296,0.402178954307943,0.5
"linear",25,6,0.1,1,"K2_c14","local",14,90,22,125,2.05884068509508,2.51116627718055,0.360866449517536,0.5
"linear",25,6,0.1,2,"K1_global","global",1,160,12,125,1.6868904470687,2.09292210661734,0.310297146098439,0.5
"linear",25,6,0.1,2,"K2_c10","local",10,64,31,125,2.45231057927829,2.95035219914773,0.417687300936266,0.5
"linear",25,6,0.1,2,"K2_c12","local",12,77,25,125,2.39801104448086,2.9532611808636,0.462489003867249,0.5
"linear",25,6,0.1,2,"K2_c14","local",14,90,22,125,2.08339199788344,2.59191381595193,0.324775265383273,0.5
"linear",25,6,0.1,3,"K1_global","global",1,160,12,125,1.62963050669917,1.9714288959826,0.298490198606671,0.5
"linear",25,6,0.1,3,"K2_c10","local",10,64,31,125,2.48306335377865,2.99859265783953,0.43106831899757,0.5
"linear",25,6,0.1,3,"K2_c12","local",12,77,25,125,2.46177416668372,2.98207620118307,0.470097664530139,0.5
"linear",25,6,0.1,3,"K2_c14","local",14,90,22,125,2.04427153903773,2.50589230926606,0.383173666453543,0.5
"linear",25,6,0.1,4,"K1_global","global",1,160,12,125,1.70015101532216,2.06822619256017,0.284135271334208,0.5
"linear",25,6,0.1,4,"K2_c10","local",10,64,31,125,2.50483584654676,3.01233614460859,0.383927710775977,0.5
"linear",25,6,0.1,4,"K2_c12","local",12,77,25,125,2.45862824008985,3.00850810711423,0.465087708141337,0.5
"linear",25,6,0.1,4,"K2_c14","local",14,90,22,125,2.11067378030065,2.59073292558152,0.339373509350958,0.5
"linear",25,6,0.1,5,"K1_global","global",1,160,12,125,1.68350645156553,2.04469043580628,0.26958486366038,0.5
"linear",25,6,0.1,5,"K2_c10","local",10,64,31,125,2.44684344439299,3.01292519359018,0.425656412758728,0.5
"linear",25,6,0.1,5,"K2_c12","local",12,77,25,125,2.40769542223274,2.93980810876334,0.477422582083005,0.5
"linear",25,6,0.1,5,"K2_c14","local",14,90,22,125,2.03788275707952,2.45198126398323,0.324939878994852,0.5
"linear",25,6,0.1,6,"K1_global","global",1,160,12,125,1.72291418172528,2.10267429992558,0.384797193205638,0.5
"linear",25,6,0.1,6,"K2_c10","local",10,64,31,125,2.44411947565702,2.98063885410555,0.418643082658028,0.5
"linear",25,6,0.1,6,"K2_c12","local",12,77,25,125,2.51418961264581,3.05206787734945,0.456770881345757,0.5
"linear",25,6,0.1,6,"K2_c14","local",14,90,22,125,2.12421317773546,2.56945769065853,0.328844517705389,0.5
"linear",25,6,0.1,7,"K1_global","global",1,160,12,125,1.63068729233545,1.99216800114711,0.254627472615542,0.5
"linear",25,6,0.1,7,"K2_c10","local",10,64,31,125,2.42209953260398,2.98394218367724,0.421069176961901,0.5
"linear",25,6,0.1,7,"K2_c12","local",12,77,25,125,2.43580691500772,2.94953781818362,0.481660752447264,0.5
"linear",25,6,0.1,7,"K2_c14","local",14,90,22,125,2.08184721582814,2.51717044940549,0.362494467035327,0.5
"linear",25,6,0.1,8,"K1_global","global",1,160,12,125,1.60491540234061,1.97306848436796,0.238753946266334,0.5
"linear",25,6,0.1,8,"K2_c10","local",10,64,31,125,2.41138237496395,2.96848406616525,0.386179128140909,0.5
"linear",25,6,0.1,8,"K2_c12","local",12,77,25,125,2.29734214897156,2.83569301075631,0.447569085962158,0.5
"linear",25,6,0.1,8,"K2_c14","local",14,90,22,125,2.01806270874089,2.47329341136559,0.383936628543353,0.5
"linear",25,6,0.1,9,"K1_global","global",1,160,12,125,1.68177294521782,2.02536425809824,0.256821072547594,0.5
"linear",25,6,0.1,9,"K2_c10","local",10,64,31,125,2.46009022854543,2.98500812162402,0.434202929398324,0.5
"linear",25,6,0.1,9,"K2_c12","local",12,77,25,125,2.4263716803672,2.98294053544357,0.393649833908041,0.5
"linear",25,6,0.1,9,"K2_c14","local",14,90,22,125,2.03241178107358,2.49415318308034,0.322145976852563,0.5
"linear",25,6,0.1,10,"K1_global","global",1,160,12,125,1.70712747616931,2.08597937841026,0.239701016359228,0.5
"linear",25,6,0.1,10,"K2_c10","local",10,64,31,125,2.41002713953078,2.96732637796038,0.360443296109871,0.5
"linear",25,6,0.1,10,"K2_c12","local",12,77,25,125,2.46099924537371,3.01834489226008,0.376483307095004,0.5
"linear",25,6,0.1,10,"K2_c14","local",14,90,22,125,2.12716330731856,2.59715082481213,0.368330327718744,0.5
"linear",25,6,0.1,11,"K1_global","global",1,160,12,125,1.68994021873061,2.06087414496182,0.303498736119984,0.5
"linear",25,6,0.1,11,"K2_c10","local",10,64,31,125,2.51781586824605,3.05834109886006,0.40906014347008,0.5
"linear",25,6,0.1,11,"K2_c12","local",12,77,25,125,2.47617871058546,3.08853879956161,0.420621881149641,0.5
"linear",25,6,0.1,11,"K2_c14","local",14,90,22,125,2.17011514711477,2.60925329604092,0.357584343633615,0.5
"linear",25,6,0.1,12,"K1_global","global",1,160,12,125,1.73112736632864,2.12798205651056,0.27337237727672,0.5
"linear",25,6,0.1,12,"K2_c10","local",10,64,31,125,2.50919874264115,3.05723474297312,0.443660141070056,0.5
"linear",25,6,0.1,12,"K2_c12","local",12,77,25,125,2.53048849181251,3.06580313700462,0.410103743935812,0.5
"linear",25,6,0.1,12,"K2_c14","local",14,90,22,125,2.17132711479873,2.66387577735807,0.373011219567056,0.5
"linear",26,1,4,1,"K1_global","global",1,160,12,125,14.5809115305444,15.5644780268867,8.91332147287969,20
"linear",26,1,4,1,"K2_c10","local",10,64,31,125,14.5171835785797,16.6284000795035,6.08838752182926,20
"linear",26,1,4,1,"K2_c12","local",12,77,25,125,14.252699433557,16.2531128527016,6.58592885805649,20
"linear",26,1,4,1,"K2_c14","local",14,90,22,125,14.5129907783748,15.9807724628513,7.60677246633438,20
"linear",26,1,4,2,"K1_global","global",1,160,12,125,14.1401708839275,14.9487048150925,6.12818384754101,20
"linear",26,1,4,2,"K2_c10","local",10,64,31,125,13.8183710853147,15.6329531646392,4.53570323349689,20
"linear",26,1,4,2,"K2_c12","local",12,77,25,125,13.6376503363257,15.1758843965572,5.00028715267222,20
"linear",26,1,4,2,"K2_c14","local",14,90,22,125,13.5778958544183,14.98254875867,4.82511328726889,20
"linear",26,1,4,3,"K1_global","global",1,160,12,125,13.2310675870218,14.3910270269166,8.55230845624728,20
"linear",26,1,4,3,"K2_c10","local",10,64,31,125,15.679552217904,18.2260252241874,7.54566415586048,20
"linear",26,1,4,3,"K2_c12","local",12,77,25,125,14.8861018666393,17.0503833454567,7.128231021468,20
"linear",26,1,4,3,"K2_c14","local",14,90,22,125,14.1304939227175,16.1014530145786,7.06082364973676,20
"linear",26,1,4,4,"K1_global","global",1,160,12,125,12.6576430535489,13.7724163570955,7.04048457046652,20
"linear",26,1,4,4,"K2_c10","local",10,64,31,125,14.8786204755397,17.4373993979693,5.52108107427618,20
"linear",26,1,4,4,"K2_c12","local",12,77,25,125,13.8025948557389,15.9889426845449,6.04840645301568,20
"linear",26,1,4,4,"K2_c14","local",14,90,22,125,12.9532188231532,14.8206435691044,6.51059730785238,20
"linear",26,1,4,5,"K1_global","global",1,160,12,125,14.4505064788913,15.4314351657542,6.4657234580804,20
"linear",26,1,4,5,"K2_c10","local",10,64,31,125,14.9429717032544,17.0551907603171,5.33158322290573,20
"linear",26,1,4,5,"K2_c12","local",12,77,25,125,14.500363875227,16.4472045813752,5.45956968171399,20
"linear",26,1,4,5,"K2_c14","local",14,90,22,125,14.0820139995449,15.4124564941063,5.67748506369773,20
"linear",26,1,4,6,"K1_global","global",1,160,12,125,13.7236316662364,14.7277723769663,7.09435582926708,20
"linear",26,1,4,6,"K2_c10","local",10,64,31,125,14.0344230653846,16.2825193436584,4.56222048950937,20
"linear",26,1,4,6,"K2_c12","local",12,77,25,125,13.965158247022,15.9169318516296,5.86509538587777,20
"linear",26,1,4,6,"K2_c14","local",14,90,22,125,13.5014776748943,14.9855964157846,6.22961690921941,20
"linear",26,1,4,7,"K1_global","global",1,160,12,125,12.9338716539443,13.8081422255806,7.56496736443909,20
"linear",26,1,4,7,"K2_c10","local",10,64,31,125,13.8663028601619,16.0919997899722,5.09597335222322,20
"linear",26,1,4,7,"K2_c12","local",12,77,25,125,13.5160887335715,15.272844540645,6.01724110169351,20
"linear",26,1,4,7,"K2_c14","local",14,90,22,125,13.6562139320979,15.0236265027549,7.30140561390897,20
"linear",26,1,4,8,"K1_global","global",1,160,12,125,13.3836436638454,14.3393568032294,7.61722646585174,20
"linear",26,1,4,8,"K2_c10","local",10,64,31,125,14.0561565132593,16.1860931735305,6.35596531101442,20
"linear",26,1,4,8,"K2_c12","local",12,77,25,125,13.4997649723195,15.140294507469,6.40150654025614,20
"linear",26,1,4,8,"K2_c14","local",14,90,22,125,12.8603663710151,14.4406738028444,6.07063713361347,20
"linear",26,1,4,9,"K1_global","global",1,160,12,125,13.4631544370453,14.3058405579322,9.26755876289719,20
"linear",26,1,4,9,"K2_c10","local",10,64,31,125,13.7757546305877,15.5356057390396,7.6403499310164,20
"linear",26,1,4,9,"K2_c12","local",12,77,25,125,13.5051969817906,15.19217025471,7.56269776651543,20
"linear",26,1,4,9,"K2_c14","local",14,90,22,125,13.6297013010565,15.0915135849582,7.75741603169768,20
"linear",26,1,4,10,"K1_global","global",1,160,12,125,13.4266254796642,14.5930689702634,6.82415869577604,20
"linear",26,1,4,10,"K2_c10","local",10,64,31,125,14.6309180010796,16.6633347446533,5.63917609343556,20
"linear",26,1,4,10,"K2_c12","local",12,77,25,125,13.9315293495862,15.7534800361309,5.85673357798895,20
"linear",26,1,4,10,"K2_c14","local",14,90,22,125,14.0694982418984,15.7313973887645,5.93864632155013,20
"linear",26,1,4,11,"K1_global","global",1,160,12,125,13.4256217320429,14.4855321657468,5.47417275055125,20
"linear",26,1,4,11,"K2_c10","local",10,64,31,125,14.7908791980503,17.4284917874269,4.28876349349532,20
"linear",26,1,4,11,"K2_c12","local",12,77,25,125,13.7779030803015,15.8614264494531,3.9493207571445,20
"linear",26,1,4,11,"K2_c14","local",14,90,22,125,14.1442649686141,15.8275813739966,5.31703600558996,20
"linear",26,1,4,12,"K1_global","global",1,160,12,125,13.8866492355058,14.7477203733872,7.17389148610402,20
"linear",26,1,4,12,"K2_c10","local",10,64,31,125,14.1975304535344,16.0068316651379,6.03698381000914,20
"linear",26,1,4,12,"K2_c12","local",12,77,25,125,14.3267812279785,15.9470238023347,6.10247521012192,20
"linear",26,1,4,12,"K2_c14","local",14,90,22,125,14.2793413683138,15.6171717240246,7.4457781869329,20
"linear",26,2,2,1,"K1_global","global",1,160,12,125,7.14323199308931,7.71332580496095,3.31402670281425,10
"linear",26,2,2,1,"K2_c10","local",10,64,31,125,7.84632574561123,9.00420651613514,2.11615646958458,10
"linear",26,2,2,1,"K2_c12","local",12,77,25,125,7.76445029768904,8.99718306597195,2.28898628723597,10
"linear",26,2,2,1,"K2_c14","local",14,90,22,125,7.51509729774518,8.51919869936418,2.87974716999633,10
"linear",26,2,2,2,"K1_global","global",1,160,12,125,7.20105566487564,7.86818196297836,3.93524739170475,10
"linear",26,2,2,2,"K2_c10","local",10,64,31,125,7.71013191307395,8.93615658358183,3.29048638183098,10
"linear",26,2,2,2,"K2_c12","local",12,77,25,125,7.57215201923023,8.63015210259538,3.42710345058653,10
"linear",26,2,2,2,"K2_c14","local",14,90,22,125,7.36063202473805,8.43986250370885,3.34095927596473,10
"linear",26,2,2,3,"K1_global","global",1,160,12,125,6.66366517568848,7.36508972587833,3.00413216649119,10
"linear",26,2,2,3,"K2_c10","local",10,64,31,125,7.84658643701066,9.0186420001097,2.44686087269829,10
"linear",26,2,2,3,"K2_c12","local",12,77,25,125,7.28731884363189,8.44304071405317,2.82276364578977,10
"linear",26,2,2,3,"K2_c14","local",14,90,22,125,7.21904635803566,8.13845695205364,2.63871661500765,10
"linear",26,2,2,4,"K1_global","global",1,160,12,125,6.89115653161378,7.57361417033526,3.58532674845685,10
"linear",26,2,2,4,"K2_c10","local",10,64,31,125,7.92163498987878,9.34773440511721,2.47023753943812,10
"linear",26,2,2,4,"K2_c12","local",12,77,25,125,7.13210417497708,8.41633762875709,2.37964226398185,10
"linear",26,2,2,4,"K2_c14","local",14,90,22,125,7.1980782750228,8.37221059317171,2.91281521257258,10
"linear",26,2,2,5,"K1_global","global",1,160,12,125,7.35600920775515,7.94857819238194,3.67130225970716,10
"linear",26,2,2,5,"K2_c10","local",10,64,31,125,7.67731639070145,8.86689860348772,3.39255028624449,10
"linear",26,2,2,5,"K2_c12","local",12,77,25,125,7.38553364852916,8.40759988455249,3.33351598288158,10
"linear",26,2,2,5,"K2_c14","local",14,90,22,125,7.67984821562991,8.5747615008848,3.59930839079812,10
"linear",26,2,2,6,"K1_global","global",1,160,12,125,7.24408199496426,7.84813455611094,3.30583782321983,10
"linear",26,2,2,6,"K2_c10","local",10,64,31,125,7.60841109954962,8.97323134153549,2.4904559043338,10
"linear",26,2,2,6,"K2_c12","local",12,77,25,125,7.17483008586956,8.31617197017146,2.85822498975065,10
"linear",26,2,2,6,"K2_c14","local",14,90,22,125,7.17639888323045,8.07042879764335,3.16642616173791,10
"linear",26,2,2,7,"K1_global","global",1,160,12,125,7.32965035969345,7.90764076355394,3.2044926889338,10
"linear",26,2,2,7,"K2_c10","local",10,64,31,125,7.71160585778701,8.81357211224859,2.63294894637551,10
"linear",26,2,2,7,"K2_c12","local",12,77,25,125,7.88991232850648,8.75344713795081,2.85185356451474,10
"linear",26,2,2,7,"K2_c14","local",14,90,22,125,7.35175066370135,8.1532561550211,2.60157496680889,10
"linear",26,2,2,8,"K1_global","global",1,160,12,125,7.07673987316743,7.68245459706269,4.01485925136554,10
"linear",26,2,2,8,"K2_c10","local",10,64,31,125,7.75746887581352,8.93635373839697,3.09846888105032,10
"linear",26,2,2,8,"K2_c12","local",12,77,25,125,7.26199794103081,8.32529941399628,2.9496899223912,10
"linear",26,2,2,8,"K2_c14","local",14,90,22,125,6.83488004255338,7.79450562366851,3.01334745863021,10
"linear",26,2,2,9,"K1_global","global",1,160,12,125,6.90903573332078,7.54178965112042,3.7128661764393,10
"linear",26,2,2,9,"K2_c10","local",10,64,31,125,7.40124005469499,8.55610290922128,2.54457142716237,10
"linear",26,2,2,9,"K2_c12","local",12,77,25,125,7.41409375907861,8.43803835906582,3.43722266821063,10
"linear",26,2,2,9,"K2_c14","local",14,90,22,125,7.13028622140968,8.02865202379333,3.3758721662372,10
"linear",26,2,2,10,"K1_global","global",1,160,12,125,7.15995548624836,7.81421758419922,3.12247013114636,10
"linear",26,2,2,10,"K2_c10","local",10,64,31,125,7.84479367577521,9.21421284746354,2.43966704403564,10
"linear",26,2,2,10,"K2_c12","local",12,77,25,125,7.50343124917012,8.63378880891108,2.5075231783444,10
"linear",26,2,2,10,"K2_c14","local",14,90,22,125,7.15814934655593,8.07935443270403,2.58598925506891,10
"linear",26,2,2,11,"K1_global","global",1,160,12,125,7.22326142864018,7.93538853301876,3.31397159786686,10
"linear",26,2,2,11,"K2_c10","local",10,64,31,125,7.91573129118419,9.22423239588998,2.60147865064924,10
"linear",26,2,2,11,"K2_c12","local",12,77,25,125,7.71681541432204,8.84273846435264,3.0397741961819,10
"linear",26,2,2,11,"K2_c14","local",14,90,22,125,7.4664931493511,8.53394470471411,3.19947239746368,10
"linear",26,2,2,12,"K1_global","global",1,160,12,125,7.01977086742319,7.62532917602862,4.31942933959722,10
"linear",26,2,2,12,"K2_c10","local",10,64,31,125,7.31695991200588,8.6906027552498,2.57714724006301,10
"linear",26,2,2,12,"K2_c12","local",12,77,25,125,7.42167618153808,8.50444589359627,3.59318117208655,10
"linear",26,2,2,12,"K2_c14","local",14,90,22,125,7.17196242750038,8.14934577054555,3.47821618406319,10
"linear",26,3,1,1,"K1_global","global",1,160,12,125,3.73075131611559,4.15102720676634,1.62877542737833,5
"linear",26,3,1,1,"K2_c10","local",10,64,31,125,4.38897121198258,5.31949785557008,1.30444224460487,5
"linear",26,3,1,1,"K2_c12","local",12,77,25,125,4.18442123689549,4.91193936141607,1.36060538130724,5
"linear",26,3,1,1,"K2_c14","local",14,90,22,125,3.96061984256854,4.62705766091397,1.38293263791857,5
"linear",26,3,1,2,"K1_global","global",1,160,12,125,3.96175316021062,4.53581701786314,1.6203172623223,5
"linear",26,3,1,2,"K2_c10","local",10,64,31,125,5.03659718797711,5.96134892614248,1.41900709630791,5
"linear",26,3,1,2,"K2_c12","local",12,77,25,125,4.46798428787335,5.34483348539592,1.34152884798163,5
"linear",26,3,1,2,"K2_c14","local",14,90,22,125,4.33022618402774,5.10698327078618,1.40081134372743,5
"linear",26,3,1,3,"K1_global","global",1,160,12,125,3.9173179501405,4.39428738444857,1.57072520113849,5
"linear",26,3,1,3,"K2_c10","local",10,64,31,125,4.52376631320466,5.34679783437346,1.43733996482516,5
"linear",26,3,1,3,"K2_c12","local",12,77,25,125,4.39070199993486,5.11926410567551,1.50248934525285,5
"linear",26,3,1,3,"K2_c14","local",14,90,22,125,4.2559686845543,4.95884102924341,1.45885835802954,5
"linear",26,3,1,4,"K1_global","global",1,160,12,125,3.97404290799667,4.47494234027328,1.56377566229444,5
"linear",26,3,1,4,"K2_c10","local",10,64,31,125,4.60711860198869,5.53450132504892,1.19716699356234,5
"linear",26,3,1,4,"K2_c12","local",12,77,25,125,4.5575738703013,5.36227688245919,1.21693850986402,5
"linear",26,3,1,4,"K2_c14","local",14,90,22,125,4.36282486402663,5.02894658927468,1.61356811374802,5
"linear",26,3,1,5,"K1_global","global",1,160,12,125,3.98234952413033,4.50954340433161,1.51648558627859,5
"linear",26,3,1,5,"K2_c10","local",10,64,31,125,4.80656947474559,5.60321996579562,1.18361743433961,5
"linear",26,3,1,5,"K2_c12","local",12,77,25,125,4.45048553538571,5.30866476298859,1.49372116403613,5
"linear",26,3,1,5,"K2_c14","local",14,90,22,125,4.17792534256382,4.87979146458521,1.20003026113766,5
"linear",26,3,1,6,"K1_global","global",1,160,12,125,4.00083335702167,4.41656682122703,1.97896875166473,5
"linear",26,3,1,6,"K2_c10","local",10,64,31,125,4.58788103269037,5.41372245816579,1.18458427485635,5
"linear",26,3,1,6,"K2_c12","local",12,77,25,125,4.50457601464497,5.31066973350833,1.72682060602583,5
"linear",26,3,1,6,"K2_c14","local",14,90,22,125,4.13150206905436,4.73575012367527,1.75805624472112,5
"linear",26,3,1,7,"K1_global","global",1,160,12,125,3.82186658866365,4.30631180472419,1.42413626571049,5
"linear",26,3,1,7,"K2_c10","local",10,64,31,125,4.50162601868603,5.42544770195723,1.21343197657962,5
"linear",26,3,1,7,"K2_c12","local",12,77,25,125,4.43323881061107,5.17836338635548,1.28183846703293,5
"linear",26,3,1,7,"K2_c14","local",14,90,22,125,4.3170868349999,4.98241557233943,1.29339121468877,5
"linear",26,3,1,8,"K1_global","global",1,160,12,125,3.82108372726071,4.26339783484493,2.36581047788043,5
"linear",26,3,1,8,"K2_c10","local",10,64,31,125,4.28322072817383,5.02646888523012,2.13790919584826,5
"linear",26,3,1,8,"K2_c12","local",12,77,25,125,3.95891018462726,4.62780106163605,1.8458028019982,5
"linear",26,3,1,8,"K2_c14","local",14,90,22,125,4.15916918264426,4.69729825045934,2.26603062394793,5
"linear",26,3,1,9,"K1_global","global",1,160,12,125,3.90305294548974,4.307619406545,1.54576359790984,5
"linear",26,3,1,9,"K2_c10","local",10,64,31,125,4.585741657765,5.3754883502006,1.22912643440268,5
"linear",26,3,1,9,"K2_c12","local",12,77,25,125,4.56414443360994,5.27504228225631,1.50911352201107,5
"linear",26,3,1,9,"K2_c14","local",14,90,22,125,4.33355925006274,4.96118812212122,1.49171269293889,5
"linear",26,3,1,10,"K1_global","global",1,160,12,125,3.87489139050762,4.3854116614779,1.31977893855186,5
"linear",26,3,1,10,"K2_c10","local",10,64,31,125,4.53366813323083,5.39094948339544,1.10921222101577,5
"linear",26,3,1,10,"K2_c12","local",12,77,25,125,4.38310295751349,5.24488132852065,1.14236490695615,5
"linear",26,3,1,10,"K2_c14","local",14,90,22,125,4.14884041664458,4.7954455423475,1.27031062682438,5
"linear",26,3,1,11,"K1_global","global",1,160,12,125,3.84591099558759,4.2977002901669,1.47106641872954,5
"linear",26,3,1,11,"K2_c10","local",10,64,31,125,4.47922749884688,5.2855032946002,1.10723467368711,5
"linear",26,3,1,11,"K2_c12","local",12,77,25,125,4.16018238960986,4.95022768523014,1.13876727619408,5
"linear",26,3,1,11,"K2_c14","local",14,90,22,125,4.04425102948807,4.7694951303867,1.24584989203713,5
"linear",26,3,1,12,"K1_global","global",1,160,12,125,3.89745563985015,4.46327675453852,1.87377529906745,5
"linear",26,3,1,12,"K2_c10","local",10,64,31,125,4.58979221277623,5.43378534602114,1.49003821038249,5
"linear",26,3,1,12,"K2_c12","local",12,77,25,125,4.38754948532822,5.27947175051085,1.47217902603689,5
"linear",26,3,1,12,"K2_c14","local",14,90,22,125,4.21134709134405,4.94197765288404,1.69358799733004,5
"linear",26,4,0.5,1,"K1_global","global",1,160,12,125,2.47653223615358,2.89887412093688,0.799493440680457,2.5
"linear",26,4,0.5,1,"K2_c10","local",10,64,31,125,3.0871803644822,3.66706298282512,0.634994538849307,2.5
"linear",26,4,0.5,1,"K2_c12","local",12,77,25,125,2.85718834629778,3.45870150705859,0.674301172138075,2.5
"linear",26,4,0.5,1,"K2_c14","local",14,90,22,125,2.78129443489726,3.29855363334564,0.739307904720196,2.5
"linear",26,4,0.5,2,"K1_global","global",1,160,12,125,2.41166900115701,2.88134957885465,0.685096322325111,2.5
"linear",26,4,0.5,2,"K2_c10","local",10,64,31,125,3.05574751854078,3.69830879840786,0.523851292578278,2.5
"linear",26,4,0.5,2,"K2_c12","local",12,77,25,125,2.96829035611844,3.61896481359704,0.630792637590225,2.5
"linear",26,4,0.5,2,"K2_c14","local",14,90,22,125,2.73838766648194,3.31070383442939,0.572908956972934,2.5
"linear",26,4,0.5,3,"K1_global","global",1,160,12,125,2.35561623752625,2.78403324694449,0.966038999751637,2.5
"linear",26,4,0.5,3,"K2_c10","local",10,64,31,125,3.0748345891807,3.7213672961274,0.923016482261128,2.5
"linear",26,4,0.5,3,"K2_c12","local",12,77,25,125,3.00073248435789,3.66990054129072,0.732502978837527,2.5
"linear",26,4,0.5,3,"K2_c14","local",14,90,22,125,2.65031812837281,3.24170476380551,0.801964093506791,2.5
"linear",26,4,0.5,4,"K1_global","global",1,160,12,125,2.60935591974282,3.05279196745042,0.887815325154851,2.5
"linear",26,4,0.5,4,"K2_c10","local",10,64,31,125,3.102392692583,3.71659096239944,0.888028873410736,2.5
"linear",26,4,0.5,4,"K2_c12","local",12,77,25,125,3.04448639161133,3.62626982571078,0.792279792787281,2.5
"linear",26,4,0.5,4,"K2_c14","local",14,90,22,125,2.82485710950647,3.37394174506541,0.787335989698654,2.5
"linear",26,4,0.5,5,"K1_global","global",1,160,12,125,2.50401594283394,2.87364902604412,0.790899940326673,2.5
"linear",26,4,0.5,5,"K2_c10","local",10,64,31,125,3.15139234753367,3.78775085816827,0.752536483870871,2.5
"linear",26,4,0.5,5,"K2_c12","local",12,77,25,125,2.86787244124388,3.49995375631826,0.609634332240803,2.5
"linear",26,4,0.5,5,"K2_c14","local",14,90,22,125,2.59634894484468,3.08950128509714,0.720481918257015,2.5
"linear",26,4,0.5,6,"K1_global","global",1,160,12,125,2.50558238604832,2.92495381312429,1.0675629164291,2.5
"linear",26,4,0.5,6,"K2_c10","local",10,64,31,125,3.12501006544936,3.71776879502523,0.926643001175206,2.5
"linear",26,4,0.5,6,"K2_c12","local",12,77,25,125,2.81932930231223,3.40102590258189,0.794789474336825,2.5
"linear",26,4,0.5,6,"K2_c14","local",14,90,22,125,2.81209275435129,3.32208023673927,1.00317561355319,2.5
"linear",26,4,0.5,7,"K1_global","global",1,160,12,125,2.48469569550765,2.88319985992208,0.885119708755452,2.5
"linear",26,4,0.5,7,"K2_c10","local",10,64,31,125,2.93732572477444,3.57561452732456,0.732231233153643,2.5
"linear",26,4,0.5,7,"K2_c12","local",12,77,25,125,2.85312532847172,3.46739226237589,0.619604083947841,2.5
"linear",26,4,0.5,7,"K2_c14","local",14,90,22,125,2.68962384424279,3.25473608327408,0.699330384951702,2.5
"linear",26,4,0.5,8,"K1_global","global",1,160,12,125,2.49496127921594,2.90349625353265,0.943830122058919,2.5
"linear",26,4,0.5,8,"K2_c10","local",10,64,31,125,3.10923107239736,3.73320856128106,0.737241786557004,2.5
"linear",26,4,0.5,8,"K2_c12","local",12,77,25,125,3.00618520904736,3.58830661897244,0.83502954515975,2.5
"linear",26,4,0.5,8,"K2_c14","local",14,90,22,125,2.95774591034386,3.48432919428232,0.732801299762007,2.5
"linear",26,4,0.5,9,"K1_global","global",1,160,12,125,2.58609190609282,3.00404654962382,1.03183960455607,2.5
"linear",26,4,0.5,9,"K2_c10","local",10,64,31,125,3.10738397684658,3.69617146103753,0.792902563593711,2.5
"linear",26,4,0.5,9,"K2_c12","local",12,77,25,125,3.01304466475835,3.57608909133224,1.12327575523457,2.5
"linear",26,4,0.5,9,"K2_c14","local",14,90,22,125,2.73069483802882,3.24645781688247,0.888260829688364,2.5
"linear",26,4,0.5,10,"K1_global","global",1,160,12,125,2.40794428805786,2.89752088673747,0.911824795468364,2.5
"linear",26,4,0.5,10,"K2_c10","local",10,64,31,125,2.87816156295664,3.54010666130325,0.595138764660656,2.5
"linear",26,4,0.5,10,"K2_c12","local",12,77,25,125,2.97531331334425,3.68357014384625,0.738960634880482,2.5
"linear",26,4,0.5,10,"K2_c14","local",14,90,22,125,2.67322975631877,3.18879298468827,0.867984374656197,2.5
"linear",26,4,0.5,11,"K1_global","global",1,160,12,125,2.53532497152079,2.95775150796277,0.803259491633747,2.5
"linear",26,4,0.5,11,"K2_c10","local",10,64,31,125,3.20351815574521,3.85294463721651,0.76286172613735,2.5
"linear",26,4,0.5,11,"K2_c12","local",12,77,25,125,2.94204917688486,3.54832752388811,0.592330105680609,2.5
"linear",26,4,0.5,11,"K2_c14","local",14,90,22,125,2.82591400188993,3.34967213901562,0.805920227369632,2.5
"linear",26,4,0.5,12,"K1_global","global",1,160,12,125,2.47238200835073,2.91723974005831,0.779624148736373,2.5
"linear",26,4,0.5,12,"K2_c10","local",10,64,31,125,3.21209890150025,3.89098187010697,0.55448394544856,2.5
"linear",26,4,0.5,12,"K2_c12","local",12,77,25,125,2.96252321528573,3.56051323295053,0.772650096063431,2.5
"linear",26,4,0.5,12,"K2_c14","local",14,90,22,125,2.9557010132184,3.50425052017331,0.831225155845994,2.5
"linear",26,5,0.25,1,"K1_global","global",1,160,12,125,1.98946503994198,2.42733862525706,0.337163948974283,1.25
"linear",26,5,0.25,1,"K2_c10","local",10,64,31,125,2.78832296933002,3.32901406650589,0.519207746843746,1.25
"linear",26,5,0.25,1,"K2_c12","local",12,77,25,125,2.58667420802723,3.11774883122935,0.403087001925682,1.25
"linear",26,5,0.25,1,"K2_c14","local",14,90,22,125,2.30096257128633,2.84958908165377,0.509190964843588,1.25
"linear",26,5,0.25,2,"K1_global","global",1,160,12,125,1.94460484234209,2.3354632800397,0.644784675731541,1.25
"linear",26,5,0.25,2,"K2_c10","local",10,64,31,125,2.68148693627847,3.18824970559013,0.553602671778794,1.25
"linear",26,5,0.25,2,"K2_c12","local",12,77,25,125,2.49449879518297,3.0087706455844,0.564888793027331,1.25
"linear",26,5,0.25,2,"K2_c14","local",14,90,22,125,2.19194405759188,2.65455301960275,0.531901855698527,1.25
"linear",26,5,0.25,3,"K1_global","global",1,160,12,125,1.9292553689442,2.36303596227265,0.400209157597549,1.25
"linear",26,5,0.25,3,"K2_c10","local",10,64,31,125,2.66152507973787,3.18917963609513,0.434349534232038,1.25
"linear",26,5,0.25,3,"K2_c12","local",12,77,25,125,2.45165485463821,2.95297911066793,0.400606855673313,1.25
"linear",26,5,0.25,3,"K2_c14","local",14,90,22,125,2.17244737121115,2.67838681988678,0.386403318280493,1.25
"linear",26,5,0.25,4,"K1_global","global",1,160,12,125,2.05459422455216,2.51798816133114,0.438897259041284,1.25
"linear",26,5,0.25,4,"K2_c10","local",10,64,31,125,2.64915404492926,3.24520584488398,0.428882520748254,1.25
"linear",26,5,0.25,4,"K2_c12","local",12,77,25,125,2.63618939830723,3.18478164083584,0.421374420802704,1.25
"linear",26,5,0.25,4,"K2_c14","local",14,90,22,125,2.28155615907129,2.8141898537906,0.382130395647896,1.25
"linear",26,5,0.25,5,"K1_global","global",1,160,12,125,1.97749788870792,2.38051071397822,0.469688745764769,1.25
"linear",26,5,0.25,5,"K2_c10","local",10,64,31,125,2.51350289755484,3.03722812071415,0.485031455751212,1.25
"linear",26,5,0.25,5,"K2_c12","local",12,77,25,125,2.3532010105092,2.82374059793742,0.374392294293119,1.25
"linear",26,5,0.25,5,"K2_c14","local",14,90,22,125,2.2009816575795,2.62411016889709,0.46928382550468,1.25
"linear",26,5,0.25,6,"K1_global","global",1,160,12,125,1.95054761768188,2.39332081713418,0.445415991524355,1.25
"linear",26,5,0.25,6,"K2_c10","local",10,64,31,125,2.71596619701165,3.29421601115537,0.512621896523842,1.25
"linear",26,5,0.25,6,"K2_c12","local",12,77,25,125,2.38983182413026,2.9289918705418,0.569275496990705,1.25
"linear",26,5,0.25,6,"K2_c14","local",14,90,22,125,2.32361716789717,2.81710177531246,0.467957396398627,1.25
"linear",26,5,0.25,7,"K1_global","global",1,160,12,125,1.88652979289673,2.25711567790414,0.333323803504018,1.25
"linear",26,5,0.25,7,"K2_c10","local",10,64,31,125,2.59885141145007,3.13951344976052,0.455214040119012,1.25
"linear",26,5,0.25,7,"K2_c12","local",12,77,25,125,2.29755858527172,2.81663925006764,0.423401172788728,1.25
"linear",26,5,0.25,7,"K2_c14","local",14,90,22,125,2.24440054271864,2.70910368455342,0.451176310917836,1.25
"linear",26,5,0.25,8,"K1_global","global",1,160,12,125,1.94754903471988,2.36294171266389,0.378979040952753,1.25
"linear",26,5,0.25,8,"K2_c10","local",10,64,31,125,2.83101195374927,3.42072793047948,0.568254152064389,1.25
"linear",26,5,0.25,8,"K2_c12","local",12,77,25,125,2.50968991517267,3.05684343481553,0.430608647351428,1.25
"linear",26,5,0.25,8,"K2_c14","local",14,90,22,125,2.30703222430698,2.80936163851691,0.422680054874586,1.25
"linear",26,5,0.25,9,"K1_global","global",1,160,12,125,2.00191114058929,2.43980386574035,0.457303589385133,1.25
"linear",26,5,0.25,9,"K2_c10","local",10,64,31,125,2.68402132798906,3.20916354764103,0.696506573002843,1.25
"linear",26,5,0.25,9,"K2_c12","local",12,77,25,125,2.46485348777207,2.98204839700018,0.535548196233219,1.25
"linear",26,5,0.25,9,"K2_c14","local",14,90,22,125,2.32847481475727,2.79198096393918,0.479599913917156,1.25
"linear",26,5,0.25,10,"K1_global","global",1,160,12,125,1.90654277780347,2.36007408401087,0.356025453941267,1.25
"linear",26,5,0.25,10,"K2_c10","local",10,64,31,125,2.63591086827406,3.18702206078566,0.43220206638924,1.25
"linear",26,5,0.25,10,"K2_c12","local",12,77,25,125,2.41420174654701,2.98388374268681,0.358632136309867,1.25
"linear",26,5,0.25,10,"K2_c14","local",14,90,22,125,2.26258102051321,2.78002093928109,0.368734292968571,1.25
"linear",26,5,0.25,11,"K1_global","global",1,160,12,125,1.94308392126496,2.35327393631355,0.395695268648445,1.25
"linear",26,5,0.25,11,"K2_c10","local",10,64,31,125,2.57155137579428,3.13662501786706,0.463617825980354,1.25
"linear",26,5,0.25,11,"K2_c12","local",12,77,25,125,2.35605404086773,2.84063551243902,0.385208175511388,1.25
"linear",26,5,0.25,11,"K2_c14","local",14,90,22,125,2.17539359980884,2.61644222395812,0.33215772272323,1.25
"linear",26,5,0.25,12,"K1_global","global",1,160,12,125,1.91833887430572,2.31103524158941,0.469649783534721,1.25
"linear",26,5,0.25,12,"K2_c10","local",10,64,31,125,2.42301951427053,2.95996322890458,0.396526819171125,1.25
"linear",26,5,0.25,12,"K2_c12","local",12,77,25,125,2.4139374863653,2.94373264448005,0.38741291991891,1.25
"linear",26,5,0.25,12,"K2_c14","local",14,90,22,125,2.20153148174709,2.71252161395304,0.366728873115997,1.25
"linear",26,6,0.1,1,"K1_global","global",1,160,12,125,1.80560310843592,2.2231802087114,0.336000255305617,0.5
"linear",26,6,0.1,1,"K2_c10","local",10,64,31,125,2.40852562661943,2.97328264471712,0.439030210786528,0.5
"linear",26,6,0.1,1,"K2_c12","local",12,77,25,125,2.27614014504219,2.8269593703152,0.356215139955473,0.5
"linear",26,6,0.1,1,"K2_c14","local",14,90,22,125,2.06128194008794,2.5555796201766,0.344514356808455,0.5
"linear",26,6,0.1,2,"K1_global","global",1,160,12,125,1.86976120152233,2.26689200448422,0.312620524325927,0.5
"linear",26,6,0.1,2,"K2_c10","local",10,64,31,125,2.40899415016425,2.94930763863737,0.433282012251819,0.5
"linear",26,6,0.1,2,"K2_c12","local",12,77,25,125,2.27294468354064,2.77250210931622,0.409746540583263,0.5
"linear",26,6,0.1,2,"K2_c14","local",14,90,22,125,2.06702583248194,2.52698826694576,0.32152868585452,0.5
"linear",26,6,0.1,3,"K1_global","global",1,160,12,125,1.81067481840149,2.20014079631627,0.357518808529072,0.5
"linear",26,6,0.1,3,"K2_c10","local",10,64,31,125,2.37218608152709,2.86380045080543,0.412741823286912,0.5
"linear",26,6,0.1,3,"K2_c12","local",12,77,25,125,2.26143285307998,2.7491689615608,0.379918640940845,0.5
"linear",26,6,0.1,3,"K2_c14","local",14,90,22,125,2.03016830124287,2.49023722389202,0.346923094513362,0.5
"linear",26,6,0.1,4,"K1_global","global",1,160,12,125,1.75834661795397,2.13532947188279,0.281359461737099,0.5
"linear",26,6,0.1,4,"K2_c10","local",10,64,31,125,2.39365509180567,2.90354212658864,0.402791886090088,0.5
"linear",26,6,0.1,4,"K2_c12","local",12,77,25,125,2.15297549700419,2.66069613201525,0.407503020362602,0.5
"linear",26,6,0.1,4,"K2_c14","local",14,90,22,125,2.028646318296,2.46940864714097,0.3280659949431,0.5
"linear",26,6,0.1,5,"K1_global","global",1,160,12,125,1.76719834746437,2.14174754599328,0.325435388310065,0.5
"linear",26,6,0.1,5,"K2_c10","local",10,64,31,125,2.40712068367686,2.88483034193722,0.44129284048453,0.5
"linear",26,6,0.1,5,"K2_c12","local",12,77,25,125,2.30055892278091,2.77717358116848,0.405147779650659,0.5
"linear",26,6,0.1,5,"K2_c14","local",14,90,22,125,1.99983515507244,2.45873996245185,0.323243783570529,0.5
"linear",26,6,0.1,6,"K1_global","global",1,160,12,125,1.76147193881847,2.15943383030209,0.281437839475379,0.5
"linear",26,6,0.1,6,"K2_c10","local",10,64,31,125,2.40056917508951,2.93843675752165,0.397462615593874,0.5
"linear",26,6,0.1,6,"K2_c12","local",12,77,25,125,2.22083794916433,2.7723017326831,0.390591930140503,0.5
"linear",26,6,0.1,6,"K2_c14","local",14,90,22,125,2.05331321438254,2.55903576117227,0.362984584587527,0.5
"linear",26,6,0.1,7,"K1_global","global",1,160,12,125,1.68801816724201,2.05802765813682,0.287007042611436,0.5
"linear",26,6,0.1,7,"K2_c10","local",10,64,31,125,2.39700698915006,2.90075866918693,0.43461340904857,0.5
"linear",26,6,0.1,7,"K2_c12","local",12,77,25,125,2.13798537801644,2.61460584161505,0.401098369723689,0.5
"linear",26,6,0.1,7,"K2_c14","local",14,90,22,125,1.987784759636,2.39137438697119,0.341635225942361,0.5
"linear",26,6,0.1,8,"K1_global","global",1,160,12,125,1.77367354039726,2.14081150471041,0.280221096884009,0.5
"linear",26,6,0.1,8,"K2_c10","local",10,64,31,125,2.31085959069052,2.842018562604,0.454501003791731,0.5
"linear",26,6,0.1,8,"K2_c12","local",12,77,25,125,2.27905786703648,2.78186713152467,0.454424490405632,0.5
"linear",26,6,0.1,8,"K2_c14","local",14,90,22,125,1.99914121571799,2.46640885137521,0.338967059137256,0.5
"linear",26,6,0.1,9,"K1_global","global",1,160,12,125,1.79639107077892,2.15405801514854,0.319352341507768,0.5
"linear",26,6,0.1,9,"K2_c10","local",10,64,31,125,2.37229330403301,2.88637489450139,0.536260018229899,0.5
"linear",26,6,0.1,9,"K2_c12","local",12,77,25,125,2.24368817779183,2.73304967334752,0.370266018553443,0.5
"linear",26,6,0.1,9,"K2_c14","local",14,90,22,125,2.05025793267058,2.52365402759431,0.363414691997282,0.5
"linear",26,6,0.1,10,"K1_global","global",1,160,12,125,1.77769053753974,2.16854314202536,0.257186734126077,0.5
"linear",26,6,0.1,10,"K2_c10","local",10,64,31,125,2.44422163006459,2.9701618718347,0.410931734630347,0.5
"linear",26,6,0.1,10,"K2_c12","local",12,77,25,125,2.23208515237542,2.73082777944166,0.366123951702652,0.5
"linear",26,6,0.1,10,"K2_c14","local",14,90,22,125,2.03597178194058,2.51257070235843,0.307095587153008,0.5
"linear",26,6,0.1,11,"K1_global","global",1,160,12,125,1.74960330924156,2.1387266237526,0.270944200714275,0.5
"linear",26,6,0.1,11,"K2_c10","local",10,64,31,125,2.34972495781486,2.8949623319871,0.41599829466478,0.5
"linear",26,6,0.1,11,"K2_c12","local",12,77,25,125,2.16361940929435,2.67098203719255,0.371817612556184,0.5
"linear",26,6,0.1,11,"K2_c14","local",14,90,22,125,1.96222338986084,2.45695330615191,0.315127853144136,0.5
"linear",26,6,0.1,12,"K1_global","global",1,160,12,125,1.75325375497917,2.14737266522331,0.287362513351395,0.5
"linear",26,6,0.1,12,"K2_c10","local",10,64,31,125,2.45344362963755,3.00887243903385,0.428714667924933,0.5
"linear",26,6,0.1,12,"K2_c12","local",12,77,25,125,2.26469588232198,2.78325489777666,0.410145375676315,0.5
"linear",26,6,0.1,12,"K2_c14","local",14,90,22,125,2.02367174596434,2.50204488801295,0.365325989673295,0.5
"linear",27,1,4,1,"K1_global","global",1,160,12,125,13.2943977348851,14.1363566133617,7.87139729851022,20
"linear",27,1,4,1,"K2_c10","local",10,64,31,125,13.4173683398797,15.1321489361529,6.29919760707645,20
"linear",27,1,4,1,"K2_c12","local",12,77,25,125,13.5435766543346,15.0042032829991,6.88776462809093,20
"linear",27,1,4,1,"K2_c14","local",14,90,22,125,12.8561619630442,13.9577271976595,6.71507666202889,20
"linear",27,1,4,2,"K1_global","global",1,160,12,125,14.067338310295,14.8040575117476,6.47265063293377,20
"linear",27,1,4,2,"K2_c10","local",10,64,31,125,14.2329107224039,15.6291615982005,5.60366746147265,20
"linear",27,1,4,2,"K2_c12","local",12,77,25,125,14.0674809875017,15.5746379266248,5.63734135049575,20
"linear",27,1,4,2,"K2_c14","local",14,90,22,125,13.6467747942403,14.8040379936664,6.04305780908104,20
"linear",27,1,4,3,"K1_global","global",1,160,12,125,13.7395680529433,14.6873567307729,9.54862339795787,20
"linear",27,1,4,3,"K2_c10","local",10,64,31,125,14.4585730503552,16.0641767301863,8.40651803618681,20
"linear",27,1,4,3,"K2_c12","local",12,77,25,125,14.2747647861425,15.7380707610239,8.76350736200806,20
"linear",27,1,4,3,"K2_c14","local",14,90,22,125,13.527027151368,14.8116017734709,7.89977226884251,20
"linear",27,1,4,4,"K1_global","global",1,160,12,125,12.9484083156789,13.8593369400172,7.82312553118899,20
"linear",27,1,4,4,"K2_c10","local",10,64,31,125,14.2114046712967,16.3067933648077,7.16438350210194,20
"linear",27,1,4,4,"K2_c12","local",12,77,25,125,14.0811714560053,15.7989896359083,7.79353746895197,20
"linear",27,1,4,4,"K2_c14","local",14,90,22,125,12.8713642999066,14.5378112361643,6.75049589462857,20
"linear",27,1,4,5,"K1_global","global",1,160,12,125,13.4253614085708,14.3795608114824,5.78371136598874,20
"linear",27,1,4,5,"K2_c10","local",10,64,31,125,14.3893380976812,16.4450923513151,4.88008538223337,20
"linear",27,1,4,5,"K2_c12","local",12,77,25,125,13.7165798361213,15.4295972158498,4.30981500509494,20
"linear",27,1,4,5,"K2_c14","local",14,90,22,125,14.092100429668,15.8096804830467,5.41168650865189,20
"linear",27,1,4,6,"K1_global","global",1,160,12,125,13.4906011922613,14.380430837918,6.94889374556618,20
"linear",27,1,4,6,"K2_c10","local",10,64,31,125,14.0939505458251,16.167973500304,4.91745117708779,20
"linear",27,1,4,6,"K2_c12","local",12,77,25,125,13.6607458082597,15.3373774574464,5.44885706968186,20
"linear",27,1,4,6,"K2_c14","local",14,90,22,125,13.5355718881652,15.0115589242502,5.65964588611646,20
"linear",27,1,4,7,"K1_global","global",1,160,12,125,13.9324863999829,14.7663964765385,8.3369759547587,20
"linear",27,1,4,7,"K2_c10","local",10,64,31,125,13.558003386216,15.2324432525743,6.29971174427458,20
"linear",27,1,4,7,"K2_c12","local",12,77,25,125,13.1387844306854,14.5300867112329,6.44994695155374,20
"linear",27,1,4,7,"K2_c14","local",14,90,22,125,13.2737422990179,14.5209228217095,6.6947391734821,20
"linear",27,1,4,8,"K1_global","global",1,160,12,125,13.9131977229971,14.8389314089383,7.92704354419409,20
"linear",27,1,4,8,"K2_c10","local",10,64,31,125,14.5212492431159,16.207929554008,6.46180999950399,20
"linear",27,1,4,8,"K2_c12","local",12,77,25,125,13.7410375471862,15.353177332734,5.97573508610601,20
"linear",27,1,4,8,"K2_c14","local",14,90,22,125,13.5190844193621,15.0702340230201,6.57830095074849,20
"linear",27,1,4,9,"K1_global","global",1,160,12,125,13.5003111575469,14.477030248734,8.78839755811442,20
"linear",27,1,4,9,"K2_c10","local",10,64,31,125,13.5835662174152,15.3535072721062,6.8235369507465,20
"linear",27,1,4,9,"K2_c12","local",12,77,25,125,13.6373446441836,15.2755651587498,7.81383336492126,20
"linear",27,1,4,9,"K2_c14","local",14,90,22,125,13.140252016773,14.6481502557296,7.90437349315289,20
"linear",27,1,4,10,"K1_global","global",1,160,12,125,13.8024156222111,14.6773643358622,6.4515198399651,20
"linear",27,1,4,10,"K2_c10","local",10,64,31,125,14.1941272711069,16.1450762354421,5.37263469152385,20
"linear",27,1,4,10,"K2_c12","local",12,77,25,125,14.0179780437527,15.8550902932139,5.24205423812434,20
"linear",27,1,4,10,"K2_c14","local",14,90,22,125,13.4215859940537,14.8395519078942,5.52396087992872,20
"linear",27,1,4,11,"K1_global","global",1,160,12,125,13.8326306424781,14.5772419111716,6.41037808134737,20
"linear",27,1,4,11,"K2_c10","local",10,64,31,125,14.0910699818861,15.7240509749061,5.56865624322283,20
"linear",27,1,4,11,"K2_c12","local",12,77,25,125,13.6667971035752,14.9951743062832,5.72813738035968,20
"linear",27,1,4,11,"K2_c14","local",14,90,22,125,13.8385470114472,15.0283814435156,6.18259164894537,20
"linear",27,1,4,12,"K1_global","global",1,160,12,125,13.9581171216656,14.9659977514209,7.3143094889179,20
"linear",27,1,4,12,"K2_c10","local",10,64,31,125,14.3101944911403,16.4019979724885,6.34547463551895,20
"linear",27,1,4,12,"K2_c12","local",12,77,25,125,14.0883719577612,15.9075904353988,5.83230692390862,20
"linear",27,1,4,12,"K2_c14","local",14,90,22,125,13.9211274183962,15.2594837916709,6.66517882116076,20
"linear",27,2,2,1,"K1_global","global",1,160,12,125,7.00655525300848,7.54244124221066,3.01278828504576,10
"linear",27,2,2,1,"K2_c10","local",10,64,31,125,7.11769634677722,8.1404091048923,2.40421889410476,10
"linear",27,2,2,1,"K2_c12","local",12,77,25,125,7.15861194214249,7.97524643860573,2.48033997059373,10
"linear",27,2,2,1,"K2_c14","local",14,90,22,125,6.95523123695631,7.71180999445749,2.68416747409056,10
"linear",27,2,2,2,"K1_global","global",1,160,12,125,6.92618800726969,7.66466996076576,3.46178926385017,10
"linear",27,2,2,2,"K2_c10","local",10,64,31,125,7.50458905879187,8.58750915559628,3.01527396698974,10
"linear",27,2,2,2,"K2_c12","local",12,77,25,125,7.43437133196239,8.42675490052069,3.28305179604941,10
"linear",27,2,2,2,"K2_c14","local",14,90,22,125,7.04999531718705,7.87722143577214,3.25049758676864,10
"linear",27,2,2,3,"K1_global","global",1,160,12,125,7.21881004038521,7.74317045344675,3.39165832110122,10
"linear",27,2,2,3,"K2_c10","local",10,64,31,125,7.53296497624591,8.43657153290559,3.02895425019679,10
"linear",27,2,2,3,"K2_c12","local",12,77,25,125,7.2630798789531,8.08862499312931,3.27274062302845,10
"linear",27,2,2,3,"K2_c14","local",14,90,22,125,7.16318450851312,7.85611137767885,3.32886228927676,10
"linear",27,2,2,4,"K1_global","global",1,160,12,125,6.97238541147311,7.55023567398523,3.41603811373817,10
"linear",27,2,2,4,"K2_c10","local",10,64,31,125,7.64138731261944,8.67478991646145,3.46057378378549,10
"linear",27,2,2,4,"K2_c12","local",12,77,25,125,7.74309748811335,8.62051317493933,3.65532168643455,10
"linear",27,2,2,4,"K2_c14","local",14,90,22,125,7.16754398444607,7.96462509449102,3.18316389877346,10
"linear",27,2,2,5,"K1_global","global",1,160,12,125,7.31953809273524,7.83921208597688,3.66926616561254,10
"linear",27,2,2,5,"K2_c10","local",10,64,31,125,7.39418209561726,8.43588271498312,3.44430875210657,10
"linear",27,2,2,5,"K2_c12","local",12,77,25,125,7.4698407287731,8.38137935045532,3.36300111563185,10
"linear",27,2,2,5,"K2_c14","local",14,90,22,125,7.46529603569982,8.20637107228829,3.77990510400891,10
"linear",27,2,2,6,"K1_global","global",1,160,12,125,7.09956465521446,7.66610651190239,3.31304951025063,10
"linear",27,2,2,6,"K2_c10","local",10,64,31,125,7.36394407578638,8.36630636194931,3.09151727261426,10
"linear",27,2,2,6,"K2_c12","local",12,77,25,125,7.18261120342148,7.97006003442598,2.94584715274512,10
"linear",27,2,2,6,"K2_c14","local",14,90,22,125,6.98108062602275,7.82577638426851,2.69176077481414,10
"linear",27,2,2,7,"K1_global","global",1,160,12,125,7.30792118768524,7.82761531125581,3.63602063460963,10
"linear",27,2,2,7,"K2_c10","local",10,64,31,125,7.82385681285494,8.84225734628537,3.32731905598654,10
"linear",27,2,2,7,"K2_c12","local",12,77,25,125,7.64392450755633,8.36870928173355,3.41895977300699,10
"linear",27,2,2,7,"K2_c14","local",14,90,22,125,7.67150594735494,8.3774414105668,3.61586562685826,10
"linear",27,2,2,8,"K1_global","global",1,160,12,125,7.17905945924952,7.71722918792582,4.21896508950538,10
"linear",27,2,2,8,"K2_c10","local",10,64,31,125,7.96874897130021,9.06416078817919,3.6835266411455,10
"linear",27,2,2,8,"K2_c12","local",12,77,25,125,7.72326583923834,8.63874850123014,4.00962729613322,10
"linear",27,2,2,8,"K2_c14","local",14,90,22,125,7.42566630289933,8.16127488680104,3.81170594750248,10
"linear",27,2,2,9,"K1_global","global",1,160,12,125,6.81316428100992,7.49004027856109,3.77092570043481,10
"linear",27,2,2,9,"K2_c10","local",10,64,31,125,7.63372412759921,8.70859630867886,3.2136372748611,10
"linear",27,2,2,9,"K2_c12","local",12,77,25,125,7.24146301758219,8.26318528694575,3.13549367427506,10
"linear",27,2,2,9,"K2_c14","local",14,90,22,125,6.62184466432117,7.66727262508662,2.84376404295859,10
"linear",27,2,2,10,"K1_global","global",1,160,12,125,7.45797590796396,8.04960677738422,3.00522636146404,10
"linear",27,2,2,10,"K2_c10","local",10,64,31,125,7.64029272566684,8.67956625972275,2.71648540034362,10
"linear",27,2,2,10,"K2_c12","local",12,77,25,125,7.71122316414304,8.5819401637306,3.15108390597401,10
"linear",27,2,2,10,"K2_c14","local",14,90,22,125,7.22883611622844,8.02357210328202,2.87809187145054,10
"linear",27,2,2,11,"K1_global","global",1,160,12,125,7.31898982393241,7.86175383692672,3.65383914760365,10
"linear",27,2,2,11,"K2_c10","local",10,64,31,125,7.57081031336852,8.54783142176108,2.86232538683354,10
"linear",27,2,2,11,"K2_c12","local",12,77,25,125,7.5733256017413,8.41309754021121,3.28834944070302,10
"linear",27,2,2,11,"K2_c14","local",14,90,22,125,7.26673238779919,8.03104211680747,3.2493144885904,10
"linear",27,2,2,12,"K1_global","global",1,160,12,125,7.15908560369007,7.70229714628214,4.2494856824138,10
"linear",27,2,2,12,"K2_c10","local",10,64,31,125,7.39068001427572,8.45280281545513,3.36114437815253,10
"linear",27,2,2,12,"K2_c12","local",12,77,25,125,7.18764273902089,8.1370652625793,3.52005934193088,10
"linear",27,2,2,12,"K2_c14","local",14,90,22,125,7.50156526210094,8.38130112137503,3.87401997200369,10
"linear",27,3,1,1,"K1_global","global",1,160,12,125,3.90685085338345,4.34288360131745,1.74466217284061,5
"linear",27,3,1,1,"K2_c10","local",10,64,31,125,4.28377190614603,4.99046274244997,1.60586042513305,5
"linear",27,3,1,1,"K2_c12","local",12,77,25,125,4.07933867481025,4.6306886644149,1.73573595344494,5
"linear",27,3,1,1,"K2_c14","local",14,90,22,125,4.01457157262473,4.53476814158133,1.82011604135822,5
"linear",27,3,1,2,"K1_global","global",1,160,12,125,3.86675969931987,4.32509850014146,1.5682904904976,5
"linear",27,3,1,2,"K2_c10","local",10,64,31,125,4.26693208719304,5.02555567136928,1.43072019550411,5
"linear",27,3,1,2,"K2_c12","local",12,77,25,125,4.20602405952533,4.81765580000586,1.49208757224375,5
"linear",27,3,1,2,"K2_c14","local",14,90,22,125,3.852969778259,4.38353678235515,1.40511034032841,5
"linear",27,3,1,3,"K1_global","global",1,160,12,125,3.83570880956666,4.28525879578389,1.59874334188575,5
"linear",27,3,1,3,"K2_c10","local",10,64,31,125,4.31257395030782,4.97798437182179,1.36169996282855,5
"linear",27,3,1,3,"K2_c12","local",12,77,25,125,4.05536397032455,4.64970068311061,1.41304110613406,5
"linear",27,3,1,3,"K2_c14","local",14,90,22,125,4.01790123676688,4.53718149273462,1.51608427858882,5
"linear",27,3,1,4,"K1_global","global",1,160,12,125,3.77900383203522,4.25165343923668,1.72314349844505,5
"linear",27,3,1,4,"K2_c10","local",10,64,31,125,4.26893813485887,4.90834945675046,1.39655019461314,5
"linear",27,3,1,4,"K2_c12","local",12,77,25,125,4.07197430583238,4.6760438915751,1.44613132798139,5
"linear",27,3,1,4,"K2_c14","local",14,90,22,125,3.95097427346063,4.51285931800561,1.55935396601024,5
"linear",27,3,1,5,"K1_global","global",1,160,12,125,3.87383878878271,4.35198569787769,1.77438004783918,5
"linear",27,3,1,5,"K2_c10","local",10,64,31,125,4.29141808762881,5.03497737069158,1.49529386588284,5
"linear",27,3,1,5,"K2_c12","local",12,77,25,125,4.12976364282402,4.80045021822979,1.70371819207033,5
"linear",27,3,1,5,"K2_c14","local",14,90,22,125,4.0421773505404,4.61764457017077,1.75794755731167,5
"linear",27,3,1,6,"K1_global","global",1,160,12,125,3.80679194735969,4.30499372858101,1.26125658307768,5
"linear",27,3,1,6,"K2_c10","local",10,64,31,125,4.2540853062056,5.0209178330456,1.10629909360949,5
"linear",27,3,1,6,"K2_c12","local",12,77,25,125,3.87756819439229,4.53153394879982,1.13115104364463,5
"linear",27,3,1,6,"K2_c14","local",14,90,22,125,3.96353182853789,4.55979234589358,1.23320612404265,5
"linear",27,3,1,7,"K1_global","global",1,160,12,125,3.88401790926935,4.34534357734022,1.85068006794722,5
"linear",27,3,1,7,"K2_c10","local",10,64,31,125,4.32907669624484,5.04768125460649,1.89617267627756,5
"linear",27,3,1,7,"K2_c12","local",12,77,25,125,4.01202709631716,4.5892424458523,1.89085934325316,5
"linear",27,3,1,7,"K2_c14","local",14,90,22,125,3.88165498938633,4.40631548313092,1.72516328516684,5
"linear",27,3,1,8,"K1_global","global",1,160,12,125,4.02751603577179,4.49011608386143,2.57385302434245,5
"linear",27,3,1,8,"K2_c10","local",10,64,31,125,4.32042147956601,5.08961956847753,1.64268086414732,5
"linear",27,3,1,8,"K2_c12","local",12,77,25,125,4.08939438442205,4.72871836101869,1.85770522245146,5
"linear",27,3,1,8,"K2_c14","local",14,90,22,125,3.89747135015084,4.5154288614655,1.8508219312275,5
"linear",27,3,1,9,"K1_global","global",1,160,12,125,3.95599161765261,4.3637869526459,1.79174699955452,5
"linear",27,3,1,9,"K2_c10","local",10,64,31,125,4.40640463529322,5.03915370539138,1.49822799365271,5
"linear",27,3,1,9,"K2_c12","local",12,77,25,125,4.13132816630965,4.64530976447127,1.54760070033042,5
"linear",27,3,1,9,"K2_c14","local",14,90,22,125,4.01554911152366,4.54315564190766,1.67772447317927,5
"linear",27,3,1,10,"K1_global","global",1,160,12,125,3.73230538727189,4.14996670706771,1.71266671027168,5
"linear",27,3,1,10,"K2_c10","local",10,64,31,125,4.24442193866477,4.81654271076823,1.48454334823104,5
"linear",27,3,1,10,"K2_c12","local",12,77,25,125,3.9464003433848,4.55293008061307,1.3333211965266,5
"linear",27,3,1,10,"K2_c14","local",14,90,22,125,3.86825556237297,4.39674935647584,1.5220199886392,5
"linear",27,3,1,11,"K1_global","global",1,160,12,125,3.94327852172125,4.36650188569452,1.75900777878066,5
"linear",27,3,1,11,"K2_c10","local",10,64,31,125,4.53240164054953,5.27581022298475,1.79968248396051,5
"linear",27,3,1,11,"K2_c12","local",12,77,25,125,4.24776338297091,4.90378216655936,1.75022399305486,5
"linear",27,3,1,11,"K2_c14","local",14,90,22,125,4.14761621812102,4.66842984794808,1.64817569908699,5
"linear",27,3,1,12,"K1_global","global",1,160,12,125,3.77124904265535,4.28918420599216,1.85246793493959,5
"linear",27,3,1,12,"K2_c10","local",10,64,31,125,4.09050296930099,4.80676408074016,1.5645596742114,5
"linear",27,3,1,12,"K2_c12","local",12,77,25,125,4.01865975037134,4.64690432595982,1.76080178114164,5
"linear",27,3,1,12,"K2_c14","local",14,90,22,125,3.82483124746616,4.39272159708041,1.78043543674554,5
"linear",27,4,0.5,1,"K1_global","global",1,160,12,125,2.42665074313389,2.87040794759788,0.730822166410265,2.5
"linear",27,4,0.5,1,"K2_c10","local",10,64,31,125,2.9297384407717,3.51556540793777,0.805771524831373,2.5
"linear",27,4,0.5,1,"K2_c12","local",12,77,25,125,2.74561232196234,3.30178613470018,0.767956117681384,2.5
"linear",27,4,0.5,1,"K2_c14","local",14,90,22,125,2.5607319982604,3.08579318596204,0.760651927326953,2.5
"linear",27,4,0.5,2,"K1_global","global",1,160,12,125,2.51465605411469,2.87686320309727,0.996496363008335,2.5
"linear",27,4,0.5,2,"K2_c10","local",10,64,31,125,2.88707372473888,3.42378702237793,0.942353653312151,2.5
"linear",27,4,0.5,2,"K2_c12","local",12,77,25,125,2.73983263846765,3.22614437778779,0.907422325901714,2.5
"linear",27,4,0.5,2,"K2_c14","local",14,90,22,125,2.66580562092961,3.1009209858483,0.972090352656574,2.5
"linear",27,4,0.5,3,"K1_global","global",1,160,12,125,2.37259965884767,2.73581307938331,1.1696022707289,2.5
"linear",27,4,0.5,3,"K2_c10","local",10,64,31,125,2.85100364486984,3.41134440545607,1.04075518185839,2.5
"linear",27,4,0.5,3,"K2_c12","local",12,77,25,125,2.72276347470201,3.22246736116849,1.1615838195048,2.5
"linear",27,4,0.5,3,"K2_c14","local",14,90,22,125,2.60071165980199,3.03499025029278,1.24674188982098,2.5
"linear",27,4,0.5,4,"K1_global","global",1,160,12,125,2.48466166801276,2.90227194971023,0.766253314232397,2.5
"linear",27,4,0.5,4,"K2_c10","local",10,64,31,125,2.9277531015839,3.50464726855452,0.647421166811543,2.5
"linear",27,4,0.5,4,"K2_c12","local",12,77,25,125,2.85036950818337,3.34245157544623,0.760134974990529,2.5
"linear",27,4,0.5,4,"K2_c14","local",14,90,22,125,2.70791028079393,3.20465716975569,0.705888936600447,2.5
"linear",27,4,0.5,5,"K1_global","global",1,160,12,125,2.30729161877724,2.66232792814919,0.740220842105586,2.5
"linear",27,4,0.5,5,"K2_c10","local",10,64,31,125,2.98116551848273,3.50048265583014,0.873588916206659,2.5
"linear",27,4,0.5,5,"K2_c12","local",12,77,25,125,2.70688542236527,3.23903323341425,0.749715645891079,2.5
"linear",27,4,0.5,5,"K2_c14","local",14,90,22,125,2.65113213218322,3.08492360134099,0.874835675581701,2.5
"linear",27,4,0.5,6,"K1_global","global",1,160,12,125,2.46191673669491,2.90083472539026,1.0534042911966,2.5
"linear",27,4,0.5,6,"K2_c10","local",10,64,31,125,2.88733695958027,3.51482181389548,0.847314362020807,2.5
"linear",27,4,0.5,6,"K2_c12","local",12,77,25,125,2.90478384610027,3.46033555275522,1.11310681797054,2.5
"linear",27,4,0.5,6,"K2_c14","local",14,90,22,125,2.63702740215018,3.11851530096479,0.960915301279804,2.5
"linear",27,4,0.5,7,"K1_global","global",1,160,12,125,2.50849364718172,2.91470359181464,0.760865689489451,2.5
"linear",27,4,0.5,7,"K2_c10","local",10,64,31,125,2.78236495814357,3.30608757206065,0.824487741287913,2.5
"linear",27,4,0.5,7,"K2_c12","local",12,77,25,125,2.65045826270118,3.13179454484011,0.7935975558681,2.5
"linear",27,4,0.5,7,"K2_c14","local",14,90,22,125,2.59979524794168,3.11280269852672,0.736373824163726,2.5
"linear",27,4,0.5,8,"K1_global","global",1,160,12,125,2.40333112170411,2.79773226705153,0.793729449459006,2.5
"linear",27,4,0.5,8,"K2_c10","local",10,64,31,125,2.84148915410911,3.45294609869854,0.474846397334976,2.5
"linear",27,4,0.5,8,"K2_c12","local",12,77,25,125,2.62089717435577,3.19640427965544,0.655468659987321,2.5
"linear",27,4,0.5,8,"K2_c14","local",14,90,22,125,2.51956415049302,3.03152020919212,0.669364410879686,2.5
"linear",27,4,0.5,9,"K1_global","global",1,160,12,125,2.440963910037,2.80377882151364,1.12948698948242,2.5
"linear",27,4,0.5,9,"K2_c10","local",10,64,31,125,2.81414823208364,3.42477653914745,0.785870280420293,2.5
"linear",27,4,0.5,9,"K2_c12","local",12,77,25,125,2.64373801264687,3.16228293372451,0.875706418394457,2.5
"linear",27,4,0.5,9,"K2_c14","local",14,90,22,125,2.43504539796282,2.88301187885416,0.980161777168078,2.5
"linear",27,4,0.5,10,"K1_global","global",1,160,12,125,2.37474770250072,2.81018274601173,0.908610977150438,2.5
"linear",27,4,0.5,10,"K2_c10","local",10,64,31,125,2.83887875983403,3.46562628197054,0.6943134705985,2.5
"linear",27,4,0.5,10,"K2_c12","local",12,77,25,125,2.73606595493758,3.31317359615624,0.772454495403402,2.5
"linear",27,4,0.5,10,"K2_c14","local",14,90,22,125,2.4997835211087,3.02268170903717,0.665382494348099,2.5
"linear",27,4,0.5,11,"K1_global","global",1,160,12,125,2.53808643075811,2.95524913875476,0.837722418840223,2.5
"linear",27,4,0.5,11,"K2_c10","local",10,64,31,125,2.87381632068243,3.49281362688266,0.663190399013105,2.5
"linear",27,4,0.5,11,"K2_c12","local",12,77,25,125,2.72805363245071,3.28752944814398,0.677263693565961,2.5
"linear",27,4,0.5,11,"K2_c14","local",14,90,22,125,2.63475766502212,3.16300518321092,0.735575222125907,2.5
"linear",27,4,0.5,12,"K1_global","global",1,160,12,125,2.30825771942481,2.70654917116173,0.799906898084016,2.5
"linear",27,4,0.5,12,"K2_c10","local",10,64,31,125,2.68889810317956,3.26034711354086,0.488017373207199,2.5
"linear",27,4,0.5,12,"K2_c12","local",12,77,25,125,2.68444876191417,3.19046028823484,0.781173565518866,2.5
"linear",27,4,0.5,12,"K2_c14","local",14,90,22,125,2.54251802599711,3.00775273152808,0.73756302097381,2.5
"linear",27,5,0.25,1,"K1_global","global",1,160,12,125,1.86506794497938,2.25292239020111,0.358386540326087,1.25
"linear",27,5,0.25,1,"K2_c10","local",10,64,31,125,2.29884072216645,2.83421378297495,0.360511077475747,1.25
"linear",27,5,0.25,1,"K2_c12","local",12,77,25,125,2.18419626097832,2.65263252163451,0.420171824066961,1.25
"linear",27,5,0.25,1,"K2_c14","local",14,90,22,125,2.10783692426592,2.55722744851329,0.377359185306931,1.25
"linear",27,5,0.25,2,"K1_global","global",1,160,12,125,1.95935452092439,2.33196238476583,0.542716204005249,1.25
"linear",27,5,0.25,2,"K2_c10","local",10,64,31,125,2.2275311298839,2.75082707462502,0.470044972888537,1.25
"linear",27,5,0.25,2,"K2_c12","local",12,77,25,125,2.18656376076824,2.65498454217452,0.582643805440219,1.25
"linear",27,5,0.25,2,"K2_c14","local",14,90,22,125,2.0235752037987,2.48753074378941,0.557606413706101,1.25
"linear",27,5,0.25,3,"K1_global","global",1,160,12,125,1.94556589909961,2.29855475521151,0.3523832572458,1.25
"linear",27,5,0.25,3,"K2_c10","local",10,64,31,125,2.30619031449166,2.82243275595037,0.501768100168471,1.25
"linear",27,5,0.25,3,"K2_c12","local",12,77,25,125,2.19434314831324,2.65900087300946,0.527498554884277,1.25
"linear",27,5,0.25,3,"K2_c14","local",14,90,22,125,2.02497134607328,2.4209928393116,0.536658233149749,1.25
"linear",27,5,0.25,4,"K1_global","global",1,160,12,125,1.83667688137325,2.21919410895457,0.398633564918226,1.25
"linear",27,5,0.25,4,"K2_c10","local",10,64,31,125,2.27361403097433,2.75811548072835,0.36811414470944,1.25
"linear",27,5,0.25,4,"K2_c12","local",12,77,25,125,2.21463431694331,2.63955896969716,0.482314752450362,1.25
"linear",27,5,0.25,4,"K2_c14","local",14,90,22,125,2.07817097231871,2.48961170738916,0.462625373580064,1.25
"linear",27,5,0.25,5,"K1_global","global",1,160,12,125,1.95787270186492,2.31791764311906,0.411240093020349,1.25
"linear",27,5,0.25,5,"K2_c10","local",10,64,31,125,2.32096486014879,2.79595341718795,0.61490612582066,1.25
"linear",27,5,0.25,5,"K2_c12","local",12,77,25,125,2.20881630298916,2.66604227035746,0.542438921412458,1.25
"linear",27,5,0.25,5,"K2_c14","local",14,90,22,125,2.08757700711693,2.49539027156175,0.507974920740605,1.25
"linear",27,5,0.25,6,"K1_global","global",1,160,12,125,1.95575846816694,2.30679472188777,0.48352632040122,1.25
"linear",27,5,0.25,6,"K2_c10","local",10,64,31,125,2.32335586279975,2.88000556569937,0.414833148481442,1.25
"linear",27,5,0.25,6,"K2_c12","local",12,77,25,125,2.26592209708594,2.73664185114913,0.335425571401008,1.25
"linear",27,5,0.25,6,"K2_c14","local",14,90,22,125,2.05874896592731,2.48724961148039,0.440101284983946,1.25
"linear",27,5,0.25,7,"K1_global","global",1,160,12,125,1.81948154495294,2.24133840414915,0.345689527720761,1.25
"linear",27,5,0.25,7,"K2_c10","local",10,64,31,125,2.21810773295448,2.68698003637466,0.454574537665645,1.25
"linear",27,5,0.25,7,"K2_c12","local",12,77,25,125,2.17473683568823,2.64975811635468,0.366367339704636,1.25
"linear",27,5,0.25,7,"K2_c14","local",14,90,22,125,2.0336241744153,2.44591543783808,0.484068780069085,1.25
"linear",27,5,0.25,8,"K1_global","global",1,160,12,125,1.99801444018369,2.35836785972588,0.482429692624639,1.25
"linear",27,5,0.25,8,"K2_c10","local",10,64,31,125,2.39457647834144,2.89070166326368,0.402502771740756,1.25
"linear",27,5,0.25,8,"K2_c12","local",12,77,25,125,2.22082179490492,2.63073513623995,0.592007322655469,1.25
"linear",27,5,0.25,8,"K2_c14","local",14,90,22,125,2.19725912230824,2.62064409613135,0.530974411583255,1.25
"linear",27,5,0.25,9,"K1_global","global",1,160,12,125,1.95172101104784,2.34801669562332,0.409605248341162,1.25
"linear",27,5,0.25,9,"K2_c10","local",10,64,31,125,2.30780102486172,2.83240750143374,0.429336700468445,1.25
"linear",27,5,0.25,9,"K2_c12","local",12,77,25,125,2.13602333326544,2.59925943542196,0.427693486467767,1.25
"linear",27,5,0.25,9,"K2_c14","local",14,90,22,125,2.06066759605964,2.48373221761636,0.305681886206916,1.25
"linear",27,5,0.25,10,"K1_global","global",1,160,12,125,1.94757701586457,2.31654843862923,0.446624484909916,1.25
"linear",27,5,0.25,10,"K2_c10","local",10,64,31,125,2.37280617292785,2.84255021759313,0.406654114865132,1.25
"linear",27,5,0.25,10,"K2_c12","local",12,77,25,125,2.18268118565438,2.67485845295452,0.411598111069509,1.25
"linear",27,5,0.25,10,"K2_c14","local",14,90,22,125,2.08185670736832,2.50101343239779,0.391421165092804,1.25
"linear",27,5,0.25,11,"K1_global","global",1,160,12,125,1.92162133746005,2.27151265864359,0.542333093685513,1.25
"linear",27,5,0.25,11,"K2_c10","local",10,64,31,125,2.34415784209483,2.8394353971784,0.579405057841367,1.25
"linear",27,5,0.25,11,"K2_c12","local",12,77,25,125,2.20601098512505,2.6564050401074,0.524497328604456,1.25
"linear",27,5,0.25,11,"K2_c14","local",14,90,22,125,2.13998700014731,2.52638240710003,0.54627300145981,1.25
"linear",27,5,0.25,12,"K1_global","global",1,160,12,125,1.86230433250782,2.22509239301213,0.488038839755447,1.25
"linear",27,5,0.25,12,"K2_c10","local",10,64,31,125,2.32676965308653,2.8215928364311,0.434978868130979,1.25
"linear",27,5,0.25,12,"K2_c12","local",12,77,25,125,2.15704347336043,2.61412714742307,0.396844239406253,1.25
"linear",27,5,0.25,12,"K2_c14","local",14,90,22,125,2.05887918840842,2.51832477388198,0.374149697946869,1.25
"linear",27,6,0.1,1,"K1_global","global",1,160,12,125,1.80503739814137,2.13531782038285,0.413759110973901,0.5
"linear",27,6,0.1,1,"K2_c10","local",10,64,31,125,2.13901021735555,2.62844286016776,0.387246950410405,0.5
"linear",27,6,0.1,1,"K2_c12","local",12,77,25,125,2.04122682508171,2.48071622249795,0.444300274719477,0.5
"linear",27,6,0.1,1,"K2_c14","local",14,90,22,125,1.90280561364831,2.30943450281445,0.336480310507531,0.5
"linear",27,6,0.1,2,"K1_global","global",1,160,12,125,1.67993770853791,2.05191154546436,0.294185216633402,0.5
"linear",27,6,0.1,2,"K2_c10","local",10,64,31,125,2.05591926505854,2.57273444053422,0.363572032880367,0.5
"linear",27,6,0.1,2,"K2_c12","local",12,77,25,125,2.02305377837173,2.46128089380306,0.426110186934116,0.5
"linear",27,6,0.1,2,"K2_c14","local",14,90,22,125,1.85568317786231,2.27339559747386,0.296675902043819,0.5
"linear",27,6,0.1,3,"K1_global","global",1,160,12,125,1.72529868015936,2.0907725092709,0.302019781893684,0.5
"linear",27,6,0.1,3,"K2_c10","local",10,64,31,125,2.08471929245483,2.56828491904834,0.378212455015952,0.5
"linear",27,6,0.1,3,"K2_c12","local",12,77,25,125,2.04978811230625,2.49481346593016,0.407842321561201,0.5
"linear",27,6,0.1,3,"K2_c14","local",14,90,22,125,1.8793646748076,2.28486232758285,0.281687339996257,0.5
"linear",27,6,0.1,4,"K1_global","global",1,160,12,125,1.74966783348065,2.08260319595606,0.303994984186676,0.5
"linear",27,6,0.1,4,"K2_c10","local",10,64,31,125,2.09976077614921,2.58771180966964,0.342034254796027,0.5
"linear",27,6,0.1,4,"K2_c12","local",12,77,25,125,2.09199583354587,2.53434213664772,0.409667538670125,0.5
"linear",27,6,0.1,4,"K2_c14","local",14,90,22,125,1.87703143194602,2.30124622443655,0.288674930924423,0.5
"linear",27,6,0.1,5,"K1_global","global",1,160,12,125,1.83484076219962,2.20255999121122,0.355333413925194,0.5
"linear",27,6,0.1,5,"K2_c10","local",10,64,31,125,2.13841444134383,2.60664162965976,0.363813816567176,0.5
"linear",27,6,0.1,5,"K2_c12","local",12,77,25,125,2.01901981663117,2.49291754905588,0.382374015211316,0.5
"linear",27,6,0.1,5,"K2_c14","local",14,90,22,125,1.89965406843307,2.34757206239119,0.312218958156258,0.5
"linear",27,6,0.1,6,"K1_global","global",1,160,12,125,1.74213394334113,2.12825500709956,0.283423837048114,0.5
"linear",27,6,0.1,6,"K2_c10","local",10,64,31,125,2.1263092077283,2.6287895762397,0.375539116459517,0.5
"linear",27,6,0.1,6,"K2_c12","local",12,77,25,125,1.98400263222379,2.44704285111942,0.399566234259864,0.5
"linear",27,6,0.1,6,"K2_c14","local",14,90,22,125,1.88211286006206,2.30949909897936,0.339452782228599,0.5
"linear",27,6,0.1,7,"K1_global","global",1,160,12,125,1.71101983803442,2.06059467953316,0.294041953692395,0.5
"linear",27,6,0.1,7,"K2_c10","local",10,64,31,125,2.04847475398278,2.52689590621137,0.401415563162605,0.5
"linear",27,6,0.1,7,"K2_c12","local",12,77,25,125,1.94619324435357,2.38018699886419,0.388708466823623,0.5
"linear",27,6,0.1,7,"K2_c14","local",14,90,22,125,1.86342205494126,2.28045028935675,0.281337281311354,0.5
"linear",27,6,0.1,8,"K1_global","global",1,160,12,125,1.70975891429672,2.09024541039182,0.304715669673072,0.5
"linear",27,6,0.1,8,"K2_c10","local",10,64,31,125,2.13331333713996,2.58788281103846,0.374478139687219,0.5
"linear",27,6,0.1,8,"K2_c12","local",12,77,25,125,2.00540217134749,2.44757996092999,0.426158959694261,0.5
"linear",27,6,0.1,8,"K2_c14","local",14,90,22,125,1.89644960568344,2.31392991341066,0.332518471437265,0.5
"linear",27,6,0.1,9,"K1_global","global",1,160,12,125,1.6851016660468,2.02899134872503,0.270669079647372,0.5
"linear",27,6,0.1,9,"K2_c10","local",10,64,31,125,2.02054736988508,2.49286015720143,0.391081730852434,0.5
"linear",27,6,0.1,9,"K2_c12","local",12,77,25,125,1.97790712089515,2.39783838784443,0.360340086928369,0.5
"linear",27,6,0.1,9,"K2_c14","local",14,90,22,125,1.79970219553369,2.21317421953965,0.292116283510724,0.5
"linear",27,6,0.1,10,"K1_global","global",1,160,12,125,1.6907730007798,2.03032532364286,0.31743606252018,0.5
"linear",27,6,0.1,10,"K2_c10","local",10,64,31,125,2.07288446029759,2.53956177319507,0.336608896781928,0.5
"linear",27,6,0.1,10,"K2_c12","local",12,77,25,125,2.02141638221787,2.42599715826343,0.308858303045183,0.5
"linear",27,6,0.1,10,"K2_c14","local",14,90,22,125,1.90146147785843,2.29188923730705,0.293535204830124,0.5
"linear",27,6,0.1,11,"K1_global","global",1,160,12,125,1.70753883729774,2.06171701717283,0.294004948885675,0.5
"linear",27,6,0.1,11,"K2_c10","local",10,64,31,125,2.09864411747181,2.55235610585565,0.324454149379554,0.5
"linear",27,6,0.1,11,"K2_c12","local",12,77,25,125,1.99638306099111,2.43933946704822,0.383879167240385,0.5
"linear",27,6,0.1,11,"K2_c14","local",14,90,22,125,1.80166949167662,2.23298809172893,0.288127267294423,0.5
"linear",27,6,0.1,12,"K1_global","global",1,160,12,125,1.77334245493982,2.16183340522023,0.297744025924642,0.5
"linear",27,6,0.1,12,"K2_c10","local",10,64,31,125,2.10046199258193,2.62468008375722,0.345006839888927,0.5
"linear",27,6,0.1,12,"K2_c12","local",12,77,25,125,1.96211220436076,2.43214867273063,0.362665218635726,0.5
"linear",27,6,0.1,12,"K2_c14","local",14,90,22,125,1.86633549817624,2.30130783014564,0.336323729770478,0.5
"linear",28,1,4,1,"K1_global","global",1,160,12,125,13.5941749472621,14.501991754298,8.5369541584232,20
"linear",28,1,4,1,"K2_c10","local",10,64,31,125,14.0159632710048,16.089611521541,6.39706192759223,20
"linear",28,1,4,1,"K2_c12","local",12,77,25,125,14.0151131918183,15.7638682265658,7.55052457084648,20
"linear",28,1,4,1,"K2_c14","local",14,90,22,125,13.809852976165,15.2400060096995,7.12949696176144,20
"linear",28,1,4,2,"K1_global","global",1,160,12,125,14.536621422537,15.3872384723324,6.60682470259678,20
"linear",28,1,4,2,"K2_c10","local",10,64,31,125,14.3913632423463,16.0311222367338,5.3448124726679,20
"linear",28,1,4,2,"K2_c12","local",12,77,25,125,15.1491506488612,16.812403219983,6.21295372955158,20
"linear",28,1,4,2,"K2_c14","local",14,90,22,125,15.0523150580088,16.3371820898037,6.61571756863025,20
"linear",28,1,4,3,"K1_global","global",1,160,12,125,13.2356153415737,14.1412123993078,9.23811222778044,20
"linear",28,1,4,3,"K2_c10","local",10,64,31,125,13.1120455832752,14.7543605076695,7.32937637354336,20
"linear",28,1,4,3,"K2_c12","local",12,77,25,125,13.3065577133795,14.8053306262996,8.09336057242381,20
"linear",28,1,4,3,"K2_c14","local",14,90,22,125,12.7029071966076,14.171478327371,7.14704083548579,20
"linear",28,1,4,4,"K1_global","global",1,160,12,125,13.443358659272,14.3325529430567,8.01005174443603,20
"linear",28,1,4,4,"K2_c10","local",10,64,31,125,13.0684872866902,14.8433443756374,6.28776346883145,20
"linear",28,1,4,4,"K2_c12","local",12,77,25,125,13.7178538165546,15.1452614910779,7.34542960864731,20
"linear",28,1,4,4,"K2_c14","local",14,90,22,125,13.2900182844239,14.5155123768148,7.75473960227718,20
"linear",28,1,4,5,"K1_global","global",1,160,12,125,14.4137690869202,15.1453871875365,6.88016280988329,20
"linear",28,1,4,5,"K2_c10","local",10,64,31,125,14.5004938005989,16.2524984942907,6.26615212692352,20
"linear",28,1,4,5,"K2_c12","local",12,77,25,125,14.5705289198131,15.9708325327687,6.70462745994961,20
"linear",28,1,4,5,"K2_c14","local",14,90,22,125,14.0573876224054,15.0160463242921,6.44294314368101,20
"linear",28,1,4,6,"K1_global","global",1,160,12,125,14.3605253903393,15.1494112943525,8.04047098694537,20
"linear",28,1,4,6,"K2_c10","local",10,64,31,125,14.4504154199355,16.3656828161465,7.08062729486499,20
"linear",28,1,4,6,"K2_c12","local",12,77,25,125,14.5578144083412,16.2052389177243,7.16994985990141,20
"linear",28,1,4,6,"K2_c14","local",14,90,22,125,14.5534887035148,15.760940683126,8.06689017061541,20
"linear",28,1,4,7,"K1_global","global",1,160,12,125,14.4741660277583,15.2330163007743,8.21615185095335,20
"linear",28,1,4,7,"K2_c10","local",10,64,31,125,14.5482193155251,16.3083479388782,6.91208861688493,20
"linear",28,1,4,7,"K2_c12","local",12,77,25,125,14.3779838800098,15.8958699041869,6.96141503610408,20
"linear",28,1,4,7,"K2_c14","local",14,90,22,125,14.2271178228968,15.4421483903019,6.85868929142121,20
"linear",28,1,4,8,"K1_global","global",1,160,12,125,14.0822375964762,14.9098155223242,8.13802836129417,20
"linear",28,1,4,8,"K2_c10","local",10,64,31,125,13.9802955471274,15.6471753227971,6.39774521492169,20
"linear",28,1,4,8,"K2_c12","local",12,77,25,125,15.050999738419,16.7463789676127,7.4353794527977,20
"linear",28,1,4,8,"K2_c14","local",14,90,22,125,13.9985817376297,15.2330144610122,7.63604699605276,20
"linear",28,1,4,9,"K1_global","global",1,160,12,125,13.6871045315575,14.4834009017332,9.35397481646871,20
"linear",28,1,4,9,"K2_c10","local",10,64,31,125,14.343300540617,15.8475945970184,8.70477602606052,20
"linear",28,1,4,9,"K2_c12","local",12,77,25,125,14.230538613898,15.6904660746265,9.19174307155166,20
"linear",28,1,4,9,"K2_c14","local",14,90,22,125,13.8566120856876,15.0810728340978,9.14391105179615,20
"linear",28,1,4,10,"K1_global","global",1,160,12,125,13.4881932588089,14.2835235145215,6.6714153486034,20
"linear",28,1,4,10,"K2_c10","local",10,64,31,125,13.281214078776,15.1019226328133,6.13295530242717,20
"linear",28,1,4,10,"K2_c12","local",12,77,25,125,13.6513279713255,15.2477545639444,6.45704765320763,20
"linear",28,1,4,10,"K2_c14","local",14,90,22,125,13.6392974360825,15.0170595955171,6.2648695232179,20
"linear",28,1,4,11,"K1_global","global",1,160,12,125,14.3194594122765,15.0855704278627,5.90236318448078,20
"linear",28,1,4,11,"K2_c10","local",10,64,31,125,14.3093952317311,16.191657633664,5.34639703461148,20
"linear",28,1,4,11,"K2_c12","local",12,77,25,125,14.4892185489046,16.2682224293107,5.79619360046179,20
"linear",28,1,4,11,"K2_c14","local",14,90,22,125,14.1166744181799,15.524496166334,5.61244562203302,20
"linear",28,1,4,12,"K1_global","global",1,160,12,125,13.6149514234736,14.63195571012,6.73021534766457,20
"linear",28,1,4,12,"K2_c10","local",10,64,31,125,14.3947340279432,16.1158392068006,6.07775851976003,20
"linear",28,1,4,12,"K2_c12","local",12,77,25,125,14.1586584568188,15.9683237607693,5.88853028922087,20
"linear",28,1,4,12,"K2_c14","local",14,90,22,125,13.7948159731842,15.2533693468277,6.18155327504958,20
"linear",28,2,2,1,"K1_global","global",1,160,12,125,7.21084962800415,7.79417512222902,3.7713838532486,10
"linear",28,2,2,1,"K2_c10","local",10,64,31,125,7.62581219069113,8.72465030507194,3.2067851737243,10
"linear",28,2,2,1,"K2_c12","local",12,77,25,125,7.6065585600965,8.71853038131651,2.97366901790066,10
"linear",28,2,2,1,"K2_c14","local",14,90,22,125,7.3252891193837,8.19260725066842,3.53366024111449,10
"linear",28,2,2,2,"K1_global","global",1,160,12,125,7.31745608453707,7.82224746603281,4.01277216628237,10
"linear",28,2,2,2,"K2_c10","local",10,64,31,125,7.65124739970918,8.62786589597923,3.430865684907,10
"linear",28,2,2,2,"K2_c12","local",12,77,25,125,7.40180677861954,8.43884693253799,3.31167200227631,10
"linear",28,2,2,2,"K2_c14","local",14,90,22,125,7.26228285076247,8.12015655120862,3.2498076786966,10
"linear",28,2,2,3,"K1_global","global",1,160,12,125,7.06359849834588,7.6924253974569,3.42965276227326,10
"linear",28,2,2,3,"K2_c10","local",10,64,31,125,7.56165826901645,8.77090676184298,2.73902429574195,10
"linear",28,2,2,3,"K2_c12","local",12,77,25,125,7.67127828891368,8.69456757771211,3.50254216798193,10
"linear",28,2,2,3,"K2_c14","local",14,90,22,125,7.31002011862011,8.22526884338648,3.21944909665329,10
"linear",28,2,2,4,"K1_global","global",1,160,12,125,6.96306259850241,7.40436438382809,3.47929390414702,10
"linear",28,2,2,4,"K2_c10","local",10,64,31,125,7.34948179921146,8.24418871890138,2.82444109471146,10
"linear",28,2,2,4,"K2_c12","local",12,77,25,125,7.21395518362891,7.93923859928091,3.30925412701099,10
"linear",28,2,2,4,"K2_c14","local",14,90,22,125,7.00927705435171,7.6930085206245,3.04452598181537,10
"linear",28,2,2,5,"K1_global","global",1,160,12,125,7.34094275669348,7.87842080175691,3.78715105938891,10
"linear",28,2,2,5,"K2_c10","local",10,64,31,125,7.62626887297799,8.70124131466494,3.39357739240299,10
"linear",28,2,2,5,"K2_c12","local",12,77,25,125,7.6659113810539,8.5655574457784,3.58415179012262,10
"linear",28,2,2,5,"K2_c14","local",14,90,22,125,7.47836458119674,8.30618578136437,3.52643998933429,10
"linear",28,2,2,6,"K1_global","global",1,160,12,125,7.17898993544972,7.78677659222755,3.01696926028947,10
"linear",28,2,2,6,"K2_c10","local",10,64,31,125,7.50526460895785,8.49139739623839,2.9931127931462,10
"linear",28,2,2,6,"K2_c12","local",12,77,25,125,7.68331451117539,8.52537902857998,3.04887151792717,10
"linear",28,2,2,6,"K2_c14","local",14,90,22,125,7.21599449849013,8.03829649717346,2.96229301593654,10
"linear",28,2,2,7,"K1_global","global",1,160,12,125,7.55938669454962,7.9646753826664,4.03051182209639,10
"linear",28,2,2,7,"K2_c10","local",10,64,31,125,7.94196334699979,8.9119119627597,3.44885027532398,10
"linear",28,2,2,7,"K2_c12","local",12,77,25,125,7.86237663106284,8.67774350841052,3.88262344428618,10
"linear",28,2,2,7,"K2_c14","local",14,90,22,125,7.74813766733726,8.45571886726407,3.83926170010242,10
"linear",28,2,2,8,"K1_global","global",1,160,12,125,7.35935263951761,7.89636615245714,4.06614107875077,10
"linear",28,2,2,8,"K2_c10","local",10,64,31,125,7.53109157088906,8.41753569597812,3.90774098427761,10
"linear",28,2,2,8,"K2_c12","local",12,77,25,125,7.36594724035759,8.18506771421702,3.45952407303299,10
"linear",28,2,2,8,"K2_c14","local",14,90,22,125,7.24326671300596,8.01111908294534,3.85372368209538,10
"linear",28,2,2,9,"K1_global","global",1,160,12,125,7.29452978343663,7.8046258508268,4.13734176292433,10
"linear",28,2,2,9,"K2_c10","local",10,64,31,125,7.81812926293631,8.64887706897878,3.89649420180373,10
"linear",28,2,2,9,"K2_c12","local",12,77,25,125,7.82444036641089,8.60036847881148,4.09758996500023,10
"linear",28,2,2,9,"K2_c14","local",14,90,22,125,7.43988467691879,8.11853455728791,3.93255982148715,10
"linear",28,2,2,10,"K1_global","global",1,160,12,125,7.30740739202847,7.90924494027335,2.98639360181655,10
"linear",28,2,2,10,"K2_c10","local",10,64,31,125,7.90326517644938,9.07060318196883,2.68526232765568,10
"linear",28,2,2,10,"K2_c12","local",12,77,25,125,7.76594556052879,8.72277843261407,2.91107298211021,10
"linear",28,2,2,10,"K2_c14","local",14,90,22,125,7.55258148268373,8.3182387313297,2.84336001479903,10
"linear",28,2,2,11,"K1_global","global",1,160,12,125,7.44466876540289,7.92424834872901,3.36751350656144,10
"linear",28,2,2,11,"K2_c10","local",10,64,31,125,7.66330979427292,8.62041383220487,2.8494679121471,10
"linear",28,2,2,11,"K2_c12","local",12,77,25,125,7.70043873429526,8.65200829217778,2.84961172097636,10
"linear",28,2,2,11,"K2_c14","local",14,90,22,125,7.3865429547707,8.19100314939612,2.97089734589834,10
"linear",28,2,2,12,"K1_global","global",1,160,12,125,7.22893865535557,7.71663551709837,4.49741880012474,10
"linear",28,2,2,12,"K2_c10","local",10,64,31,125,7.38366145408597,8.31376156871569,3.89246480652568,10
"linear",28,2,2,12,"K2_c12","local",12,77,25,125,7.71785210718142,8.60066644131318,4.33580276247531,10
"linear",28,2,2,12,"K2_c14","local",14,90,22,125,7.11159596301813,7.91040108392248,3.95978172151588,10
"linear",28,3,1,1,"K1_global","global",1,160,12,125,3.96470482972952,4.38221862458175,1.85281233787224,5
"linear",28,3,1,1,"K2_c10","local",10,64,31,125,4.4786139734422,5.14755407030519,1.75705050078467,5
"linear",28,3,1,1,"K2_c12","local",12,77,25,125,4.33480223539635,5.04738150683961,1.86143761663561,5
"linear",28,3,1,1,"K2_c14","local",14,90,22,125,4.14501745214638,4.72888450646941,1.56033567018489,5
"linear",28,3,1,2,"K1_global","global",1,160,12,125,4.07728795036349,4.45758533800039,1.59640925298201,5
"linear",28,3,1,2,"K2_c10","local",10,64,31,125,4.63470056412645,5.43828579852651,1.65451430791678,5
"linear",28,3,1,2,"K2_c12","local",12,77,25,125,4.48181556804597,5.13015614096988,1.53198974068566,5
"linear",28,3,1,2,"K2_c14","local",14,90,22,125,4.29499490764592,4.85385215426616,1.82328714117361,5
"linear",28,3,1,3,"K1_global","global",1,160,12,125,3.97525999100674,4.39975054988424,1.6404649819968,5
"linear",28,3,1,3,"K2_c10","local",10,64,31,125,4.48178865514404,5.22103358527536,1.32838821159699,5
"linear",28,3,1,3,"K2_c12","local",12,77,25,125,4.474144230814,5.16973095370257,1.56144836039041,5
"linear",28,3,1,3,"K2_c14","local",14,90,22,125,4.30748121375385,4.92951774681473,1.42455517058101,5
"linear",28,3,1,4,"K1_global","global",1,160,12,125,3.94095907488275,4.34505272753166,1.7633660370582,5
"linear",28,3,1,4,"K2_c10","local",10,64,31,125,4.51161934185596,5.30800929493098,1.366473056581,5
"linear",28,3,1,4,"K2_c12","local",12,77,25,125,4.31295279272085,5.01179932400283,1.49503584428383,5
"linear",28,3,1,4,"K2_c14","local",14,90,22,125,4.2691180318467,4.92906010208744,1.53729891416844,5
"linear",28,3,1,5,"K1_global","global",1,160,12,125,4.09486724486124,4.46259531350024,2.11186107544933,5
"linear",28,3,1,5,"K2_c10","local",10,64,31,125,4.39006254244953,5.01372147263155,1.74872939843273,5
"linear",28,3,1,5,"K2_c12","local",12,77,25,125,4.52382561903984,5.07278273234843,1.79309438931738,5
"linear",28,3,1,5,"K2_c14","local",14,90,22,125,4.29222932162322,4.81190372278294,1.8768316812647,5
"linear",28,3,1,6,"K1_global","global",1,160,12,125,4.0304220896202,4.42002980966604,1.8336460089125,5
"linear",28,3,1,6,"K2_c10","local",10,64,31,125,4.56123211915343,5.290003933056,1.47024696260749,5
"linear",28,3,1,6,"K2_c12","local",12,77,25,125,4.34568339104199,5.05304423607007,1.47541850879997,5
"linear",28,3,1,6,"K2_c14","local",14,90,22,125,4.35503874887691,4.95611293192356,1.52449418255719,5
"linear",28,3,1,7,"K1_global","global",1,160,12,125,3.96689426237671,4.44656562275136,1.84909714013688,5
"linear",28,3,1,7,"K2_c10","local",10,64,31,125,4.29673263286641,5.16988950291904,1.39582007981978,5
"linear",28,3,1,7,"K2_c12","local",12,77,25,125,4.42243627888734,5.16046524106118,1.64994941450901,5
"linear",28,3,1,7,"K2_c14","local",14,90,22,125,4.31058754599306,4.95812552212288,1.88153593567494,5
"linear",28,3,1,8,"K1_global","global",1,160,12,125,3.94842089597543,4.40943891474606,2.5250583061324,5
"linear",28,3,1,8,"K2_c10","local",10,64,31,125,4.58247410314579,5.41270319649648,2.29063625627139,5
"linear",28,3,1,8,"K2_c12","local",12,77,25,125,4.68649760758141,5.44862879187922,2.36939010465344,5
"linear",28,3,1,8,"K2_c14","local",14,90,22,125,4.33642102719498,5.04296699890976,2.40429359801737,5
"linear",28,3,1,9,"K1_global","global",1,160,12,125,3.88412605174869,4.32058647118971,1.42198931284657,5
"linear",28,3,1,9,"K2_c10","local",10,64,31,125,4.38368184559596,5.1353347115541,1.52260621083568,5
"linear",28,3,1,9,"K2_c12","local",12,77,25,125,4.33777000488672,5.05174010830722,1.43818794661998,5
"linear",28,3,1,9,"K2_c14","local",14,90,22,125,3.9450329545331,4.58858739202543,1.29136919378848,5
"linear",28,3,1,10,"K1_global","global",1,160,12,125,3.96264496120773,4.38997498200724,1.6436971147554,5
"linear",28,3,1,10,"K2_c10","local",10,64,31,125,4.68738855233148,5.47370159305469,1.52605071087282,5
"linear",28,3,1,10,"K2_c12","local",12,77,25,125,4.58677742376497,5.29127636010892,1.3846117609854,5
"linear",28,3,1,10,"K2_c14","local",14,90,22,125,4.32348092842419,4.93743308811133,1.51399069888737,5
"linear",28,3,1,11,"K1_global","global",1,160,12,125,3.92023584681842,4.33706252570525,1.6130596177512,5
"linear",28,3,1,11,"K2_c10","local",10,64,31,125,4.43444616115339,5.17199550027232,1.17821434273272,5
"linear",28,3,1,11,"K2_c12","local",12,77,25,125,4.22093976638756,4.97964802834255,1.20660264446714,5
"linear",28,3,1,11,"K2_c14","local",14,90,22,125,4.21415137288303,4.8599131022714,1.51894740315922,5
"linear",28,3,1,12,"K1_global","global",1,160,12,125,3.97704219285341,4.43743845562239,2.10795335794574,5
"linear",28,3,1,12,"K2_c10","local",10,64,31,125,4.61957240208469,5.3473960770477,1.72667981839433,5
"linear",28,3,1,12,"K2_c12","local",12,77,25,125,4.40833127997547,4.99940993963234,1.96709227575323,5
"linear",28,3,1,12,"K2_c14","local",14,90,22,125,4.18022119248459,4.74016033642997,1.78464411701707,5
"linear",28,4,0.5,1,"K1_global","global",1,160,12,125,2.4878137258115,2.89618904616318,0.857950303809037,2.5
"linear",28,4,0.5,1,"K2_c10","local",10,64,31,125,3.06165568119461,3.63670846584961,0.836272201171513,2.5
"linear",28,4,0.5,1,"K2_c12","local",12,77,25,125,2.97319290354285,3.51892754130938,0.904563855611922,2.5
"linear",28,4,0.5,1,"K2_c14","local",14,90,22,125,2.90426973666002,3.42018719420554,0.875515731215135,2.5
"linear",28,4,0.5,2,"K1_global","global",1,160,12,125,2.54778557152095,2.91993950576505,0.829905221933402,2.5
"linear",28,4,0.5,2,"K2_c10","local",10,64,31,125,3.13371075860881,3.7487532166134,0.698018148388146,2.5
"linear",28,4,0.5,2,"K2_c12","local",12,77,25,125,3.11083661933091,3.66077256933259,0.75779866412098,2.5
"linear",28,4,0.5,2,"K2_c14","local",14,90,22,125,2.86388542768202,3.37142506743187,0.835652464794176,2.5
"linear",28,4,0.5,3,"K1_global","global",1,160,12,125,2.45006254573175,2.87765419164048,1.05860737461057,2.5
"linear",28,4,0.5,3,"K2_c10","local",10,64,31,125,2.99689003004652,3.6380821219901,0.894374635934451,2.5
"linear",28,4,0.5,3,"K2_c12","local",12,77,25,125,2.96722249068281,3.51634109006949,1.10712010897145,2.5
"linear",28,4,0.5,3,"K2_c14","local",14,90,22,125,2.86891522780937,3.42039371824533,1.10763069918582,2.5
"linear",28,4,0.5,4,"K1_global","global",1,160,12,125,2.51365213469444,2.95557159962541,0.875407728138865,2.5
"linear",28,4,0.5,4,"K2_c10","local",10,64,31,125,3.17936888234257,3.78852966094255,0.558724427459421,2.5
"linear",28,4,0.5,4,"K2_c12","local",12,77,25,125,2.86604496709461,3.51899559786516,0.51042836181849,2.5
"linear",28,4,0.5,4,"K2_c14","local",14,90,22,125,2.95044915262196,3.58529601876597,0.580502368783097,2.5
"linear",28,4,0.5,5,"K1_global","global",1,160,12,125,2.40206829776466,2.79041610920565,0.825313088444341,2.5
"linear",28,4,0.5,5,"K2_c10","local",10,64,31,125,2.96524693355049,3.51145961053885,0.733174828558363,2.5
"linear",28,4,0.5,5,"K2_c12","local",12,77,25,125,2.9047292660526,3.36887004639628,0.778787885241744,2.5
"linear",28,4,0.5,5,"K2_c14","local",14,90,22,125,2.761678571314,3.22377449543856,0.818559340846995,2.5
"linear",28,4,0.5,6,"K1_global","global",1,160,12,125,2.45386893703716,2.8565357245118,1.08492562585107,2.5
"linear",28,4,0.5,6,"K2_c10","local",10,64,31,125,3.03883750341674,3.66979839176071,0.955119167570584,2.5
"linear",28,4,0.5,6,"K2_c12","local",12,77,25,125,2.8696242492224,3.48798193071212,0.889153911626443,2.5
"linear",28,4,0.5,6,"K2_c14","local",14,90,22,125,2.85776576270488,3.46749216990722,1.01977949545444,2.5
"linear",28,4,0.5,7,"K1_global","global",1,160,12,125,2.53299350858743,2.93427794498713,0.844934729590821,2.5
"linear",28,4,0.5,7,"K2_c10","local",10,64,31,125,3.08340189625828,3.71731665427624,0.600431920624951,2.5
"linear",28,4,0.5,7,"K2_c12","local",12,77,25,125,3.11744957452976,3.74584605121189,0.713258330437187,2.5
"linear",28,4,0.5,7,"K2_c14","local",14,90,22,125,2.89426739323056,3.42287081923769,0.789918259171635,2.5
"linear",28,4,0.5,8,"K1_global","global",1,160,12,125,2.42013771481659,2.85588737918565,0.769567700972886,2.5
"linear",28,4,0.5,8,"K2_c10","local",10,64,31,125,3.06579624035564,3.7308492373458,0.75825756943882,2.5
"linear",28,4,0.5,8,"K2_c12","local",12,77,25,125,2.96702781399789,3.58669489088638,0.68858909414584,2.5
"linear",28,4,0.5,8,"K2_c14","local",14,90,22,125,2.74454899082492,3.39255564794907,0.704486766804884,2.5
"linear",28,4,0.5,9,"K1_global","global",1,160,12,125,2.57293919873431,2.97965096601741,1.18360511942387,2.5
"linear",28,4,0.5,9,"K2_c10","local",10,64,31,125,3.18327905413106,3.82651891539997,0.95934547541072,2.5
"linear",28,4,0.5,9,"K2_c12","local",12,77,25,125,2.97580497592928,3.56406524760762,1.04915367579332,2.5
"linear",28,4,0.5,9,"K2_c14","local",14,90,22,125,2.82457201662795,3.33577319161756,1.10744543292107,2.5
"linear",28,4,0.5,10,"K1_global","global",1,160,12,125,2.33690636203946,2.74038626086722,0.850541240670918,2.5
"linear",28,4,0.5,10,"K2_c10","local",10,64,31,125,3.00902643561965,3.54051889966724,0.836060200058338,2.5
"linear",28,4,0.5,10,"K2_c12","local",12,77,25,125,2.87570064324582,3.43406486045556,0.742977840579769,2.5
"linear",28,4,0.5,10,"K2_c14","local",14,90,22,125,2.78846534138383,3.2498523462794,0.828660068556514,2.5
"linear",28,4,0.5,11,"K1_global","global",1,160,12,125,2.4927854709659,2.88426721045285,1.06628112426659,2.5
"linear",28,4,0.5,11,"K2_c10","local",10,64,31,125,2.98522946896185,3.58456643575363,0.843762760360419,2.5
"linear",28,4,0.5,11,"K2_c12","local",12,77,25,125,3.05236859334413,3.62066805532383,1.01317875251883,2.5
"linear",28,4,0.5,11,"K2_c14","local",14,90,22,125,2.71591208445353,3.2365226061159,0.947241546659521,2.5
"linear",28,4,0.5,12,"K1_global","global",1,160,12,125,2.42878701387574,2.7999396269567,0.951590471550912,2.5
"linear",28,4,0.5,12,"K2_c10","local",10,64,31,125,3.06030094808409,3.72109783615767,0.702933123144361,2.5
"linear",28,4,0.5,12,"K2_c12","local",12,77,25,125,2.9533718976615,3.56588218908605,0.768597037480546,2.5
"linear",28,4,0.5,12,"K2_c14","local",14,90,22,125,2.73932015664158,3.33829252405352,0.670475306721426,2.5
"linear",28,5,0.25,1,"K1_global","global",1,160,12,125,1.88295394810422,2.26108445614135,0.46722764580235,1.25
"linear",28,5,0.25,1,"K2_c10","local",10,64,31,125,2.55691294224973,3.10925323361178,0.408119922707765,1.25
"linear",28,5,0.25,1,"K2_c12","local",12,77,25,125,2.36144632806523,2.89763041884425,0.355776163936094,1.25
"linear",28,5,0.25,1,"K2_c14","local",14,90,22,125,2.19534935890821,2.63422078986279,0.340762591147655,1.25
"linear",28,5,0.25,2,"K1_global","global",1,160,12,125,1.88208478246051,2.27144749636808,0.357096001712198,1.25
"linear",28,5,0.25,2,"K2_c10","local",10,64,31,125,2.53013429956408,3.1051751033248,0.389206868387877,1.25
"linear",28,5,0.25,2,"K2_c12","local",12,77,25,125,2.42675295842341,2.93711754370344,0.46113332517396,1.25
"linear",28,5,0.25,2,"K2_c14","local",14,90,22,125,2.21124939396764,2.76201733422178,0.429287161862158,1.25
"linear",28,5,0.25,3,"K1_global","global",1,160,12,125,1.82600014168596,2.18484975033856,0.346446776554363,1.25
"linear",28,5,0.25,3,"K2_c10","local",10,64,31,125,2.4858878850001,3.04430266968846,0.395612499692122,1.25
"linear",28,5,0.25,3,"K2_c12","local",12,77,25,125,2.29537503315296,2.84189810973298,0.354491337415598,1.25
"linear",28,5,0.25,3,"K2_c14","local",14,90,22,125,2.17701297334401,2.64323225198855,0.369715646759004,1.25
"linear",28,5,0.25,4,"K1_global","global",1,160,12,125,1.88031219879903,2.22268656751382,0.464355315765265,1.25
"linear",28,5,0.25,4,"K2_c10","local",10,64,31,125,2.3986469346845,2.9430782724943,0.468380778220832,1.25
"linear",28,5,0.25,4,"K2_c12","local",12,77,25,125,2.33825272611195,2.83348680310889,0.402279257276125,1.25
"linear",28,5,0.25,4,"K2_c14","local",14,90,22,125,2.23606181260992,2.70336943831805,0.591944406844032,1.25
"linear",28,5,0.25,5,"K1_global","global",1,160,12,125,1.97422618298579,2.35771004441799,0.574662340486043,1.25
"linear",28,5,0.25,5,"K2_c10","local",10,64,31,125,2.64032639494156,3.18608666887902,0.507691193329777,1.25
"linear",28,5,0.25,5,"K2_c12","local",12,77,25,125,2.39209999542453,2.92487886797321,0.471558555605753,1.25
"linear",28,5,0.25,5,"K2_c14","local",14,90,22,125,2.32660072724745,2.81995047587723,0.528713006811405,1.25
"linear",28,5,0.25,6,"K1_global","global",1,160,12,125,1.89393703490292,2.24119838300651,0.689685391389556,1.25
"linear",28,5,0.25,6,"K2_c10","local",10,64,31,125,2.50613762026751,3.0022826839574,0.439827121137952,1.25
"linear",28,5,0.25,6,"K2_c12","local",12,77,25,125,2.36203636554613,2.83833923887225,0.585929076179748,1.25
"linear",28,5,0.25,6,"K2_c14","local",14,90,22,125,2.23602792613805,2.7036603328368,0.640581922537976,1.25
"linear",28,5,0.25,7,"K1_global","global",1,160,12,125,1.95014110743547,2.31560578918991,0.397979781174968,1.25
"linear",28,5,0.25,7,"K2_c10","local",10,64,31,125,2.57667948687683,3.12271982825835,0.401199842124303,1.25
"linear",28,5,0.25,7,"K2_c12","local",12,77,25,125,2.43959815291639,2.99883789287766,0.415744551684909,1.25
"linear",28,5,0.25,7,"K2_c14","local",14,90,22,125,2.37743987329519,2.87460265199801,0.401117485881931,1.25
"linear",28,5,0.25,8,"K1_global","global",1,160,12,125,1.97791318316011,2.38625203724485,0.403245313332073,1.25
"linear",28,5,0.25,8,"K2_c10","local",10,64,31,125,2.43286930352876,3.00154688732425,0.374988565219683,1.25
"linear",28,5,0.25,8,"K2_c12","local",12,77,25,125,2.40639121306826,2.9297971605111,0.364164318786259,1.25
"linear",28,5,0.25,8,"K2_c14","local",14,90,22,125,2.1797225868284,2.70851854291166,0.34590531539391,1.25
"linear",28,5,0.25,9,"K1_global","global",1,160,12,125,1.89704922083424,2.21936884832979,0.52513373960884,1.25
"linear",28,5,0.25,9,"K2_c10","local",10,64,31,125,2.54454368475704,3.10263681205296,0.451037548620475,1.25
"linear",28,5,0.25,9,"K2_c12","local",12,77,25,125,2.39997196966136,2.93605293882865,0.415717048832588,1.25
"linear",28,5,0.25,9,"K2_c14","local",14,90,22,125,2.22501863830801,2.72200633922764,0.5026684478895,1.25
"linear",28,5,0.25,10,"K1_global","global",1,160,12,125,1.92710888638748,2.30439477369806,0.364092352574096,1.25
"linear",28,5,0.25,10,"K2_c10","local",10,64,31,125,2.63523292888411,3.13852399795671,0.424551626525744,1.25
"linear",28,5,0.25,10,"K2_c12","local",12,77,25,125,2.4150777785667,2.99185014210243,0.410930571595548,1.25
"linear",28,5,0.25,10,"K2_c14","local",14,90,22,125,2.33398348421244,2.82485661086335,0.475591182717105,1.25
"linear",28,5,0.25,11,"K1_global","global",1,160,12,125,1.92780454114153,2.34493159558707,0.349379527910048,1.25
"linear",28,5,0.25,11,"K2_c10","local",10,64,31,125,2.68858703250953,3.2133187758004,0.428091681557324,1.25
"linear",28,5,0.25,11,"K2_c12","local",12,77,25,125,2.36716589807562,2.92955225454037,0.351174652519466,1.25
"linear",28,5,0.25,11,"K2_c14","local",14,90,22,125,2.15533354202974,2.67980574579754,0.397187055500615,1.25
"linear",28,5,0.25,12,"K1_global","global",1,160,12,125,1.85402465744793,2.24899756588233,0.379808850686343,1.25
"linear",28,5,0.25,12,"K2_c10","local",10,64,31,125,2.57670557051314,3.10005682154883,0.487435720013877,1.25
"linear",28,5,0.25,12,"K2_c12","local",12,77,25,125,2.38129274791936,2.8849692059438,0.410563576241409,1.25
"linear",28,5,0.25,12,"K2_c14","local",14,90,22,125,2.31813479003737,2.78700397458457,0.508889139277673,1.25
"linear",28,6,0.1,1,"K1_global","global",1,160,12,125,1.76436229278493,2.15513638230103,0.314636807947412,0.5
"linear",28,6,0.1,1,"K2_c10","local",10,64,31,125,2.40011896835661,2.9122123190444,0.428914474436352,0.5
"linear",28,6,0.1,1,"K2_c12","local",12,77,25,125,2.22777650771202,2.73799943640317,0.372220631161799,0.5
"linear",28,6,0.1,1,"K2_c14","local",14,90,22,125,2.09680711069338,2.58466333064519,0.372115239381911,0.5
"linear",28,6,0.1,2,"K1_global","global",1,160,12,125,1.75707341375506,2.11949962798676,0.297150065533401,0.5
"linear",28,6,0.1,2,"K2_c10","local",10,64,31,125,2.43033461857346,2.92610173341303,0.426324072720898,0.5
"linear",28,6,0.1,2,"K2_c12","local",12,77,25,125,2.28176452614893,2.79353811492064,0.352178405214955,0.5
"linear",28,6,0.1,2,"K2_c14","local",14,90,22,125,2.0814884887322,2.53751240836835,0.358501560451643,0.5
"linear",28,6,0.1,3,"K1_global","global",1,160,12,125,1.70972335803806,2.05881614860381,0.290502618788384,0.5
"linear",28,6,0.1,3,"K2_c10","local",10,64,31,125,2.32359619493878,2.84552557063837,0.397356662655334,0.5
"linear",28,6,0.1,3,"K2_c12","local",12,77,25,125,2.24947860344679,2.73043933144402,0.37267772768588,0.5
"linear",28,6,0.1,3,"K2_c14","local",14,90,22,125,2.03086973111227,2.48057874983122,0.392376222439515,0.5
"linear",28,6,0.1,4,"K1_global","global",1,160,12,125,1.73550233671365,2.08122102801766,0.306818438100462,0.5
"linear",28,6,0.1,4,"K2_c10","local",10,64,31,125,2.39725777772216,2.9165889406755,0.379104509327856,0.5
"linear",28,6,0.1,4,"K2_c12","local",12,77,25,125,2.27625951087628,2.78108590461442,0.353696264610604,0.5
"linear",28,6,0.1,4,"K2_c14","local",14,90,22,125,2.0942926990545,2.56302250546066,0.376365316969619,0.5
"linear",28,6,0.1,5,"K1_global","global",1,160,12,125,1.77190600891064,2.13468477427984,0.319628822541369,0.5
"linear",28,6,0.1,5,"K2_c10","local",10,64,31,125,2.45538956342828,2.97887818440056,0.363623046409904,0.5
"linear",28,6,0.1,5,"K2_c12","local",12,77,25,125,2.31173649801349,2.79104451073901,0.344547772521074,0.5
"linear",28,6,0.1,5,"K2_c14","local",14,90,22,125,2.1060538727288,2.57853682305333,0.352227158451554,0.5
"linear",28,6,0.1,6,"K1_global","global",1,160,12,125,1.72880684217224,2.09066527738179,0.270773176818612,0.5
"linear",28,6,0.1,6,"K2_c10","local",10,64,31,125,2.38998759098873,2.91942884598899,0.392627242105454,0.5
"linear",28,6,0.1,6,"K2_c12","local",12,77,25,125,2.25711147233228,2.74160397517984,0.367907032216351,0.5
"linear",28,6,0.1,6,"K2_c14","local",14,90,22,125,2.12610242715424,2.59774379652399,0.367253166759301,0.5
"linear",28,6,0.1,7,"K1_global","global",1,160,12,125,1.67713694519234,2.04870313835849,0.306450477278577,0.5
"linear",28,6,0.1,7,"K2_c10","local",10,64,31,125,2.3441844047455,2.88622197974248,0.398115714055007,0.5
"linear",28,6,0.1,7,"K2_c12","local",12,77,25,125,2.2582682220318,2.77790712235176,0.35469022917614,0.5
"linear",28,6,0.1,7,"K2_c14","local",14,90,22,125,2.10056781828287,2.5853915409621,0.35218471513501,0.5
"linear",28,6,0.1,8,"K1_global","global",1,160,12,125,1.75690303269041,2.11559913810223,0.326813611193665,0.5
"linear",28,6,0.1,8,"K2_c10","local",10,64,31,125,2.4065754409438,2.91776307016948,0.419567739312064,0.5
"linear",28,6,0.1,8,"K2_c12","local",12,77,25,125,2.30472423881225,2.8072561354352,0.336730473696743,0.5
"linear",28,6,0.1,8,"K2_c14","local",14,90,22,125,2.1343159023956,2.56806602317838,0.354670749827417,0.5
"linear",28,6,0.1,9,"K1_global","global",1,160,12,125,1.69764116897198,2.06303320802994,0.268732322836403,0.5
"linear",28,6,0.1,9,"K2_c10","local",10,64,31,125,2.4439733466198,2.95676685781197,0.393426975997987,0.5
"linear",28,6,0.1,9,"K2_c12","local",12,77,25,125,2.30824556697036,2.77813856773368,0.402725435629709,0.5
"linear",28,6,0.1,9,"K2_c14","local",14,90,22,125,2.1029153590664,2.57040545203582,0.379319836736218,0.5
"linear",28,6,0.1,10,"K1_global","global",1,160,12,125,1.71942062688733,2.09045275153402,0.291855954111944,0.5
"linear",28,6,0.1,10,"K2_c10","local",10,64,31,125,2.39853877006842,2.9238617310721,0.428745724179048,0.5
"linear",28,6,0.1,10,"K2_c12","local",12,77,25,125,2.2705115474274,2.84557254915604,0.35607457652278,0.5
"linear",28,6,0.1,10,"K2_c14","local",14,90,22,125,2.15653032721392,2.62053935166135,0.398188229033864,0.5
"linear",28,6,0.1,11,"K1_global","global",1,160,12,125,1.69938591724471,2.0513986341794,0.279708216422112,0.5
"linear",28,6,0.1,11,"K2_c10","local",10,64,31,125,2.3261955332636,2.81395488463936,0.38733074341941,0.5
"linear",28,6,0.1,11,"K2_c12","local",12,77,25,125,2.26717206895397,2.75013190357764,0.381911258721863,0.5
"linear",28,6,0.1,11,"K2_c14","local",14,90,22,125,2.02926578690817,2.49524007192625,0.344821176879071,0.5
"linear",28,6,0.1,12,"K1_global","global",1,160,12,125,1.76466787170485,2.1415133935389,0.298934162662921,0.5
"linear",28,6,0.1,12,"K2_c10","local",10,64,31,125,2.43584273259783,2.94050529617408,0.391746454119984,0.5
"linear",28,6,0.1,12,"K2_c12","local",12,77,25,125,2.30234179299177,2.79781306803849,0.394519121106182,0.5
"linear",28,6,0.1,12,"K2_c14","local",14,90,22,125,2.07432967007395,2.53624703202249,0.353099125590513,0.5
"linear",29,1,4,1,"K1_global","global",1,160,12,125,13.6838795558846,14.5837597216598,8.42191546927213,20
"linear",29,1,4,1,"K2_c10","local",10,64,31,125,13.7990974306355,15.6099894205962,6.88899798086987,20
"linear",29,1,4,1,"K2_c12","local",12,77,25,125,13.4323038670986,15.0810394887821,6.58077978375175,20
"linear",29,1,4,1,"K2_c14","local",14,90,22,125,13.753512759505,15.1042284550811,7.73495570188105,20
"linear",29,1,4,2,"K1_global","global",1,160,12,125,13.0497583419491,13.9963906085392,6.3151656070026,20
"linear",29,1,4,2,"K2_c10","local",10,64,31,125,13.913282871825,15.670540393499,4.78770300116743,20
"linear",29,1,4,2,"K2_c12","local",12,77,25,125,13.8074428458282,15.3016476369307,5.71407075784248,20
"linear",29,1,4,2,"K2_c14","local",14,90,22,125,13.4492965314282,14.9449008516625,5.91952251069674,20
"linear",29,1,4,3,"K1_global","global",1,160,12,125,13.6449708074038,14.6930541498364,9.05312089825558,20
"linear",29,1,4,3,"K2_c10","local",10,64,31,125,13.7744142192149,15.2054302773538,7.36058323635163,20
"linear",29,1,4,3,"K2_c12","local",12,77,25,125,13.925689215194,15.4549337249323,7.9066785697171,20
"linear",29,1,4,3,"K2_c14","local",14,90,22,125,13.8332717781457,15.1847863320818,8.25632743211451,20
"linear",29,1,4,4,"K1_global","global",1,160,12,125,13.374725987556,14.1977155573374,8.26043748839187,20
"linear",29,1,4,4,"K2_c10","local",10,64,31,125,13.9138846470628,15.7013190606155,6.91550296812338,20
"linear",29,1,4,4,"K2_c12","local",12,77,25,125,13.307802989242,14.9230056485887,6.72769686896345,20
"linear",29,1,4,4,"K2_c14","local",14,90,22,125,13.9265358741372,15.3317848157442,7.32597538925424,20
"linear",29,1,4,5,"K1_global","global",1,160,12,125,13.4677013645861,14.2955709060604,5.64338772466222,20
"linear",29,1,4,5,"K2_c10","local",10,64,31,125,13.9809320914611,15.6238733893277,4.70976901500647,20
"linear",29,1,4,5,"K2_c12","local",12,77,25,125,13.9919348981435,15.5275631077398,5.72512104769857,20
"linear",29,1,4,5,"K2_c14","local",14,90,22,125,13.2739595152519,14.5602370124335,4.82673742287068,20
"linear",29,1,4,6,"K1_global","global",1,160,12,125,14.0348654210595,14.9145567272603,7.02564194824946,20
"linear",29,1,4,6,"K2_c10","local",10,64,31,125,13.7483881715519,15.5147767016787,5.28513901660049,20
"linear",29,1,4,6,"K2_c12","local",12,77,25,125,13.8701981096001,15.3864457334597,5.20501960640627,20
"linear",29,1,4,6,"K2_c14","local",14,90,22,125,13.8469253089799,15.2160410468659,5.89294151263698,20
"linear",29,1,4,7,"K1_global","global",1,160,12,125,13.5862668444302,14.5968554755771,7.54132948897487,20
"linear",29,1,4,7,"K2_c10","local",10,64,31,125,14.2680742473065,16.4870308807725,5.98841598415681,20
"linear",29,1,4,7,"K2_c12","local",12,77,25,125,14.1092598995253,15.8956530319384,6.44988081048419,20
"linear",29,1,4,7,"K2_c14","local",14,90,22,125,13.7084928033313,15.3304251370058,6.02051630282441,20
"linear",29,1,4,8,"K1_global","global",1,160,12,125,13.4816863012446,14.5276258040324,7.44441953048879,20
"linear",29,1,4,8,"K2_c10","local",10,64,31,125,14.4883457570396,16.5544662833528,6.19075820469392,20
"linear",29,1,4,8,"K2_c12","local",12,77,25,125,13.5910198585006,15.5031982526859,6.0081915387184,20
"linear",29,1,4,8,"K2_c14","local",14,90,22,125,13.0277198957714,14.6842219207511,6.40339091526694,20
"linear",29,1,4,9,"K1_global","global",1,160,12,125,14.1681564568767,15.0499538866431,9.32272268131812,20
"linear",29,1,4,9,"K2_c10","local",10,64,31,125,13.9629918048259,15.6627674712351,8.09388613605917,20
"linear",29,1,4,9,"K2_c12","local",12,77,25,125,14.6226424022227,15.8579775017985,8.36789250818854,20
"linear",29,1,4,9,"K2_c14","local",14,90,22,125,13.5250820922467,14.8502030354458,8.04073586606585,20
"linear",29,1,4,10,"K1_global","global",1,160,12,125,13.8513311242344,14.8329329936671,6.27972141003742,20
"linear",29,1,4,10,"K2_c10","local",10,64,31,125,13.6238362186993,15.7825180188898,4.1373278291691,20
"linear",29,1,4,10,"K2_c12","local",12,77,25,125,13.878096033785,15.7755555743637,5.72892340913063,20
"linear",29,1,4,10,"K2_c14","local",14,90,22,125,13.3637123197734,14.9471910445876,5.58528143970073,20
"linear",29,1,4,11,"K1_global","global",1,160,12,125,13.5056698787791,14.57253421567,5.75302500251402,20
"linear",29,1,4,11,"K2_c10","local",10,64,31,125,13.7656587023507,15.3773285455407,5.37610909286643,20
"linear",29,1,4,11,"K2_c12","local",12,77,25,125,13.6023963939994,15.2482964135007,5.57446231013762,20
"linear",29,1,4,11,"K2_c14","local",14,90,22,125,13.3913871663475,14.8054838937001,5.50379604557927,20
"linear",29,1,4,12,"K1_global","global",1,160,12,125,13.7023116831135,14.7008861578267,7.03734798611395,20
"linear",29,1,4,12,"K2_c10","local",10,64,31,125,13.7358187114043,15.7492316253066,4.85997017314442,20
"linear",29,1,4,12,"K2_c12","local",12,77,25,125,13.7915830977923,15.7145042128124,5.76459881916005,20
"linear",29,1,4,12,"K2_c14","local",14,90,22,125,13.6384087724784,15.08135395318,6.0247657550584,20
"linear",29,2,2,1,"K1_global","global",1,160,12,125,7.34432381529169,7.91916650379364,3.85655263339373,10
"linear",29,2,2,1,"K2_c10","local",10,64,31,125,7.3524441732205,8.41420667925367,3.1181062417684,10
"linear",29,2,2,1,"K2_c12","local",12,77,25,125,7.32636396135017,8.21404089778119,2.98231009705033,10
"linear",29,2,2,1,"K2_c14","local",14,90,22,125,7.45843432279352,8.16889193803146,3.54752111558363,10
"linear",29,2,2,2,"K1_global","global",1,160,12,125,6.92724840824813,7.54221498856674,3.78059079569456,10
"linear",29,2,2,2,"K2_c10","local",10,64,31,125,7.41389287096434,8.50351592226716,3.49332913273025,10
"linear",29,2,2,2,"K2_c12","local",12,77,25,125,7.63641808412028,8.66022569544242,3.427746360764,10
"linear",29,2,2,2,"K2_c14","local",14,90,22,125,7.16131976865921,8.06251140325663,3.06063537026484,10
"linear",29,2,2,3,"K1_global","global",1,160,12,125,7.06671756768009,7.67242964877863,3.47892673955728,10
"linear",29,2,2,3,"K2_c10","local",10,64,31,125,7.57781900962434,8.5843224964205,3.18836666996654,10
"linear",29,2,2,3,"K2_c12","local",12,77,25,125,7.76834760718505,8.72235155201694,3.53044057122454,10
"linear",29,2,2,3,"K2_c14","local",14,90,22,125,7.52266490186892,8.4296777814837,3.49475146921872,10
"linear",29,2,2,4,"K1_global","global",1,160,12,125,7.04380804813279,7.74356372035465,3.65533250760559,10
"linear",29,2,2,4,"K2_c10","local",10,64,31,125,7.46538718320932,8.7028222045903,2.86243249330316,10
"linear",29,2,2,4,"K2_c12","local",12,77,25,125,7.17211324933665,8.29706894172623,3.04344285895448,10
"linear",29,2,2,4,"K2_c14","local",14,90,22,125,7.13053211209161,8.20683563272433,3.07705945455162,10
"linear",29,2,2,5,"K1_global","global",1,160,12,125,7.10493378566998,7.66115525675334,3.35524326508644,10
"linear",29,2,2,5,"K2_c10","local",10,64,31,125,7.74204466918934,8.78960941563826,2.56240007871565,10
"linear",29,2,2,5,"K2_c12","local",12,77,25,125,7.39126252282031,8.28613124499142,3.03717526261352,10
"linear",29,2,2,5,"K2_c14","local",14,90,22,125,7.56169081188421,8.33724520036557,3.29256632991465,10
"linear",29,2,2,6,"K1_global","global",1,160,12,125,7.20378374652799,7.74250205649177,3.26364456114726,10
"linear",29,2,2,6,"K2_c10","local",10,64,31,125,7.78201007113376,8.8172153155534,2.53128851981961,10
"linear",29,2,2,6,"K2_c12","local",12,77,25,125,7.60698914381297,8.57764025302871,2.58704077399411,10
"linear",29,2,2,6,"K2_c14","local",14,90,22,125,7.33201534365862,8.20268408444006,2.75810681385348,10
"linear",29,2,2,7,"K1_global","global",1,160,12,125,7.12212057172771,7.68475621716712,3.40293668178714,10
"linear",29,2,2,7,"K2_c10","local",10,64,31,125,7.5983325998528,8.64576134348114,2.8890764106238,10
"linear",29,2,2,7,"K2_c12","local",12,77,25,125,7.254398463295,8.23221494933362,2.83234538311641,10
"linear",29,2,2,7,"K2_c14","local",14,90,22,125,7.50774503607414,8.35345311874686,3.25271129943485,10
"linear",29,2,2,8,"K1_global","global",1,160,12,125,7.47298522590716,8.10938906782517,3.64586536742436,10
"linear",29,2,2,8,"K2_c10","local",10,64,31,125,8.09985641695931,9.24787555386183,3.24859327016504,10
"linear",29,2,2,8,"K2_c12","local",12,77,25,125,7.72713079834306,8.81914055059446,2.98967134326083,10
"linear",29,2,2,8,"K2_c14","local",14,90,22,125,7.55807632562338,8.43540713861257,3.13699518362961,10
"linear",29,2,2,9,"K1_global","global",1,160,12,125,7.02341527803241,7.7406222480831,3.5714672908841,10
"linear",29,2,2,9,"K2_c10","local",10,64,31,125,7.58144424811834,8.84545343830885,3.07309954765317,10
"linear",29,2,2,9,"K2_c12","local",12,77,25,125,7.55168888907575,8.643137448717,3.38907656474033,10
"linear",29,2,2,9,"K2_c14","local",14,90,22,125,7.24785959549994,8.22658002006763,3.34956118062877,10
"linear",29,2,2,10,"K1_global","global",1,160,12,125,7.09939459398262,7.66043263061288,3.10638377569413,10
"linear",29,2,2,10,"K2_c10","local",10,64,31,125,7.62959874897414,8.74841815063631,2.61134812968825,10
"linear",29,2,2,10,"K2_c12","local",12,77,25,125,7.77615445736494,8.81337735950026,2.95750555336354,10
"linear",29,2,2,10,"K2_c14","local",14,90,22,125,7.30086199644803,8.30665290495614,2.5899545898965,10
"linear",29,2,2,11,"K1_global","global",1,160,12,125,7.22279670618952,7.83634277370815,2.83969774200252,10
"linear",29,2,2,11,"K2_c10","local",10,64,31,125,7.51432001795698,8.50429831603478,2.65368999325567,10
"linear",29,2,2,11,"K2_c12","local",12,77,25,125,7.60368140707735,8.59424918826389,2.69192774032008,10
"linear",29,2,2,11,"K2_c14","local",14,90,22,125,7.47942487079777,8.35147513591863,2.96743592039756,10
"linear",29,2,2,12,"K1_global","global",1,160,12,125,6.72838492670491,7.4576182247807,3.22154701030755,10
"linear",29,2,2,12,"K2_c10","local",10,64,31,125,7.58886153513397,8.90328513906694,3.27726615942469,10
"linear",29,2,2,12,"K2_c12","local",12,77,25,125,7.52656760994059,8.64848702723821,3.60107136486471,10
"linear",29,2,2,12,"K2_c14","local",14,90,22,125,7.19980298724071,8.21019020281979,2.94697466034295,10
"linear",29,3,1,1,"K1_global","global",1,160,12,125,3.84357263211846,4.25755590780951,1.77338380334902,5
"linear",29,3,1,1,"K2_c10","local",10,64,31,125,4.50389935065239,5.31484292127476,1.56213619260368,5
"linear",29,3,1,1,"K2_c12","local",12,77,25,125,4.30157310305825,4.97126976940191,1.5235168821399,5
"linear",29,3,1,1,"K2_c14","local",14,90,22,125,4.20681119704198,4.84318390130121,1.61039573060821,5
"linear",29,3,1,2,"K1_global","global",1,160,12,125,3.82526532859196,4.33478235617685,1.75976333045858,5
"linear",29,3,1,2,"K2_c10","local",10,64,31,125,4.46272814672797,5.23557219293147,1.39671798652115,5
"linear",29,3,1,2,"K2_c12","local",12,77,25,125,4.20416367542809,4.92374222707841,1.48098584095764,5
"linear",29,3,1,2,"K2_c14","local",14,90,22,125,3.89887838400418,4.49313802130035,1.50267850816667,5
"linear",29,3,1,3,"K1_global","global",1,160,12,125,3.9863159130504,4.40838089603588,1.75934388550993,5
"linear",29,3,1,3,"K2_c10","local",10,64,31,125,4.49138120871733,5.36067782160602,1.05945884971209,5
"linear",29,3,1,3,"K2_c12","local",12,77,25,125,4.19534927566748,4.97313182594569,1.19456358610845,5
"linear",29,3,1,3,"K2_c14","local",14,90,22,125,4.30526511105502,4.95329930303854,1.36425731393156,5
"linear",29,3,1,4,"K1_global","global",1,160,12,125,3.7697410528079,4.22540042266619,1.74405798934795,5
"linear",29,3,1,4,"K2_c10","local",10,64,31,125,4.24477124555396,5.0431406087117,1.31199047109847,5
"linear",29,3,1,4,"K2_c12","local",12,77,25,125,4.12395194644011,4.7553242837733,1.63358857126142,5
"linear",29,3,1,4,"K2_c14","local",14,90,22,125,4.13771648545904,4.77002310929392,1.56768611313786,5
"linear",29,3,1,5,"K1_global","global",1,160,12,125,3.78907824643337,4.20530280494837,1.62853927746147,5
"linear",29,3,1,5,"K2_c10","local",10,64,31,125,4.44850932701373,5.28723845296639,1.27566351208581,5
"linear",29,3,1,5,"K2_c12","local",12,77,25,125,4.21534960576096,4.90727689074184,1.28824092461881,5
"linear",29,3,1,5,"K2_c14","local",14,90,22,125,3.98366765400838,4.57369567415293,1.3086345844844,5
"linear",29,3,1,6,"K1_global","global",1,160,12,125,4.05930673663028,4.49115843835976,1.71599885097778,5
"linear",29,3,1,6,"K2_c10","local",10,64,31,125,4.61225620729541,5.41787809481194,1.62779043053373,5
"linear",29,3,1,6,"K2_c12","local",12,77,25,125,4.26566384148178,4.96672250270019,1.5796649064505,5
"linear",29,3,1,6,"K2_c14","local",14,90,22,125,4.21632062171441,4.91249743934225,1.49337158267488,5
"linear",29,3,1,7,"K1_global","global",1,160,12,125,3.99708055490852,4.45112510386723,1.91764823983678,5
"linear",29,3,1,7,"K2_c10","local",10,64,31,125,4.72470659405595,5.45527415142543,1.45583019311457,5
"linear",29,3,1,7,"K2_c12","local",12,77,25,125,4.38395881974475,4.96742739021066,1.56741424264954,5
"linear",29,3,1,7,"K2_c14","local",14,90,22,125,4.35278363232913,4.94380421946182,1.74107544276765,5
"linear",29,3,1,8,"K1_global","global",1,160,12,125,3.86605571723107,4.37052843682231,2.26446415399827,5
"linear",29,3,1,8,"K2_c10","local",10,64,31,125,4.57822321649514,5.3221303710659,2.08911714639871,5
"linear",29,3,1,8,"K2_c12","local",12,77,25,125,4.24125469680184,4.91105509553304,2.0558227813653,5
"linear",29,3,1,8,"K2_c14","local",14,90,22,125,4.02879619482519,4.65636398739087,2.0435995974452,5
"linear",29,3,1,9,"K1_global","global",1,160,12,125,3.69144674742896,4.13634993612802,1.49289421221404,5
"linear",29,3,1,9,"K2_c10","local",10,64,31,125,4.41797932757866,5.24396706584675,1.18722737865407,5
"linear",29,3,1,9,"K2_c12","local",12,77,25,125,4.03515089719799,4.79758737172885,1.24911392995188,5
"linear",29,3,1,9,"K2_c14","local",14,90,22,125,3.90288222729182,4.59060155330062,1.31792070420057,5
"linear",29,3,1,10,"K1_global","global",1,160,12,125,3.87334754006182,4.30948221277189,1.48791047477845,5
"linear",29,3,1,10,"K2_c10","local",10,64,31,125,4.42247540652538,5.2048468281246,1.49193646327599,5
"linear",29,3,1,10,"K2_c12","local",12,77,25,125,4.39796876092941,5.10791466453616,1.33658005683157,5
"linear",29,3,1,10,"K2_c14","local",14,90,22,125,4.18523249589743,4.85729618529363,1.50881954402012,5
"linear",29,3,1,11,"K1_global","global",1,160,12,125,3.83886619021209,4.31950086803362,1.32489401471596,5
"linear",29,3,1,11,"K2_c10","local",10,64,31,125,4.3500138366654,5.14067123492163,1.1459336952792,5
"linear",29,3,1,11,"K2_c12","local",12,77,25,125,4.24026637347041,5.05547918797751,1.09323661330344,5
"linear",29,3,1,11,"K2_c14","local",14,90,22,125,4.04677573218313,4.76166097130497,1.12180305509657,5
"linear",29,3,1,12,"K1_global","global",1,160,12,125,3.90311296701545,4.35226634712267,2.11464174350537,5
"linear",29,3,1,12,"K2_c10","local",10,64,31,125,4.35388915498253,5.06916439903088,1.61818111010307,5
"linear",29,3,1,12,"K2_c12","local",12,77,25,125,4.25981434938884,4.97823245094966,1.69821615718001,5
"linear",29,3,1,12,"K2_c14","local",14,90,22,125,4.04106415017677,4.69042178115731,1.76436406226035,5
"linear",29,4,0.5,1,"K1_global","global",1,160,12,125,2.4918283237402,2.8596728783145,1.06800954925158,2.5
"linear",29,4,0.5,1,"K2_c10","local",10,64,31,125,3.04726224391684,3.64067743206426,0.797192827079113,2.5
"linear",29,4,0.5,1,"K2_c12","local",12,77,25,125,2.77992133955576,3.31562055069793,0.826180047086191,2.5
"linear",29,4,0.5,1,"K2_c14","local",14,90,22,125,2.80702548388031,3.3185494536549,0.768855694057102,2.5
"linear",29,4,0.5,2,"K1_global","global",1,160,12,125,2.39996706043761,2.84426940637832,0.735417957322185,2.5
"linear",29,4,0.5,2,"K2_c10","local",10,64,31,125,3.33524010029541,3.96985248918144,0.729033898567377,2.5
"linear",29,4,0.5,2,"K2_c12","local",12,77,25,125,2.89381855958878,3.49644360267472,0.667910274063956,2.5
"linear",29,4,0.5,2,"K2_c14","local",14,90,22,125,2.8163634413181,3.40538454642045,0.710221880469313,2.5
"linear",29,4,0.5,3,"K1_global","global",1,160,12,125,2.49371209625457,2.92668697883359,0.862348570599771,2.5
"linear",29,4,0.5,3,"K2_c10","local",10,64,31,125,3.1845343017458,3.8337407364791,0.818295058062319,2.5
"linear",29,4,0.5,3,"K2_c12","local",12,77,25,125,2.9553652225855,3.57504625863272,0.800863360285945,2.5
"linear",29,4,0.5,3,"K2_c14","local",14,90,22,125,2.88623482707759,3.40357892272175,0.964218738039311,2.5
"linear",29,4,0.5,4,"K1_global","global",1,160,12,125,2.44412395794218,2.88701120331711,0.804942456801626,2.5
"linear",29,4,0.5,4,"K2_c10","local",10,64,31,125,3.06344116779157,3.65916962659908,0.710588837590363,2.5
"linear",29,4,0.5,4,"K2_c12","local",12,77,25,125,2.82027728773009,3.41405290751852,0.749264335798383,2.5
"linear",29,4,0.5,4,"K2_c14","local",14,90,22,125,2.73334975089083,3.30642682520523,0.661323838256131,2.5
"linear",29,4,0.5,5,"K1_global","global",1,160,12,125,2.33463292280365,2.78984499368473,0.737826587177652,2.5
"linear",29,4,0.5,5,"K2_c10","local",10,64,31,125,3.23039191984885,3.8052633568303,0.903817398601116,2.5
"linear",29,4,0.5,5,"K2_c12","local",12,77,25,125,2.92012523336384,3.49551935674089,0.792997422538028,2.5
"linear",29,4,0.5,5,"K2_c14","local",14,90,22,125,2.7957184263031,3.36622126626211,0.766708683960626,2.5
"linear",29,4,0.5,6,"K1_global","global",1,160,12,125,2.38668102743851,2.86911195103864,0.951543612258583,2.5
"linear",29,4,0.5,6,"K2_c10","local",10,64,31,125,3.19361366019947,3.87966050031274,0.930885913733552,2.5
"linear",29,4,0.5,6,"K2_c12","local",12,77,25,125,2.92801335579732,3.50954603198514,0.99431769250405,2.5
"linear",29,4,0.5,6,"K2_c14","local",14,90,22,125,2.8149621542003,3.41703442060777,0.888259295351293,2.5
"linear",29,4,0.5,7,"K1_global","global",1,160,12,125,2.4391130784666,2.862827399757,0.932896585923557,2.5
"linear",29,4,0.5,7,"K2_c10","local",10,64,31,125,3.02732678415096,3.66744345661286,0.720355549529213,2.5
"linear",29,4,0.5,7,"K2_c12","local",12,77,25,125,2.85769313325005,3.41543797287045,0.748360625347077,2.5
"linear",29,4,0.5,7,"K2_c14","local",14,90,22,125,2.72987661306174,3.29289793153795,0.731268638399038,2.5
"linear",29,4,0.5,8,"K1_global","global",1,160,12,125,2.43737702305964,2.83292139826389,0.779803856307676,2.5
"linear",29,4,0.5,8,"K2_c10","local",10,64,31,125,3.11701224394627,3.71351301906112,0.513184090757351,2.5
"linear",29,4,0.5,8,"K2_c12","local",12,77,25,125,2.90804352359446,3.52454326464777,0.62494216237896,2.5
"linear",29,4,0.5,8,"K2_c14","local",14,90,22,125,2.82785149065189,3.3534061459663,0.776014260646828,2.5
"linear",29,4,0.5,9,"K1_global","global",1,160,12,125,2.36381384577031,2.78179605026455,0.84701292636748,2.5
"linear",29,4,0.5,9,"K2_c10","local",10,64,31,125,3.157141328438,3.80255312685653,0.885419812685193,2.5
"linear",29,4,0.5,9,"K2_c12","local",12,77,25,125,3.00909343351544,3.58119579211388,0.8223107369447,2.5
"linear",29,4,0.5,9,"K2_c14","local",14,90,22,125,2.86611101702949,3.44925108669873,0.836100988992636,2.5
"linear",29,4,0.5,10,"K1_global","global",1,160,12,125,2.47351938887843,2.845207639578,1.17608519726727,2.5
"linear",29,4,0.5,10,"K2_c10","local",10,64,31,125,3.09411695963195,3.73447299031877,0.971213176785479,2.5
"linear",29,4,0.5,10,"K2_c12","local",12,77,25,125,2.74576364524132,3.30469881110071,1.03294633935141,2.5
"linear",29,4,0.5,10,"K2_c14","local",14,90,22,125,2.72940063838573,3.24691432798344,1.09239042663698,2.5
"linear",29,4,0.5,11,"K1_global","global",1,160,12,125,2.38772232199269,2.8017640136626,0.713624937659783,2.5
"linear",29,4,0.5,11,"K2_c10","local",10,64,31,125,3.03190201372819,3.69292901587429,0.562715441738586,2.5
"linear",29,4,0.5,11,"K2_c12","local",12,77,25,125,2.94094889867421,3.54753972258517,0.57446110233831,2.5
"linear",29,4,0.5,11,"K2_c14","local",14,90,22,125,2.8067168322348,3.41375375358471,0.554436150902963,2.5
"linear",29,4,0.5,12,"K1_global","global",1,160,12,125,2.40459746940554,2.82921604607541,1.09263626102728,2.5
"linear",29,4,0.5,12,"K2_c10","local",10,64,31,125,3.13188851097501,3.79806848830391,1.02666764447824,2.5
"linear",29,4,0.5,12,"K2_c12","local",12,77,25,125,2.97645070228937,3.52276729414082,1.03412790690153,2.5
"linear",29,4,0.5,12,"K2_c14","local",14,90,22,125,2.90718344052484,3.48292146968138,1.10049896674558,2.5
"linear",29,5,0.25,1,"K1_global","global",1,160,12,125,1.94998141683199,2.33059682327778,0.356485127386761,1.25
"linear",29,5,0.25,1,"K2_c10","local",10,64,31,125,2.72210866023154,3.33116849694668,0.429509141567246,1.25
"linear",29,5,0.25,1,"K2_c12","local",12,77,25,125,2.46976893927527,2.99336584354623,0.425072647592033,1.25
"linear",29,5,0.25,1,"K2_c14","local",14,90,22,125,2.35698207247853,2.86951662878657,0.41166490991514,1.25
"linear",29,5,0.25,2,"K1_global","global",1,160,12,125,1.85957063210725,2.25970985130311,0.432947492632933,1.25
"linear",29,5,0.25,2,"K2_c10","local",10,64,31,125,2.60462472983116,3.19903534888939,0.472600958180799,1.25
"linear",29,5,0.25,2,"K2_c12","local",12,77,25,125,2.37237227057641,2.93634062158812,0.479028232571351,1.25
"linear",29,5,0.25,2,"K2_c14","local",14,90,22,125,2.2627641856104,2.80185762292086,0.461917696040553,1.25
"linear",29,5,0.25,3,"K1_global","global",1,160,12,125,1.85652026107011,2.28569691535917,0.36575373169708,1.25
"linear",29,5,0.25,3,"K2_c10","local",10,64,31,125,2.69815699640262,3.26162673817988,0.486557594523744,1.25
"linear",29,5,0.25,3,"K2_c12","local",12,77,25,125,2.52535792119885,3.09610095354362,0.400485886664439,1.25
"linear",29,5,0.25,3,"K2_c14","local",14,90,22,125,2.41327259370743,2.95173027504739,0.487908983495256,1.25
"linear",29,5,0.25,4,"K1_global","global",1,160,12,125,1.93860952232109,2.39204670817294,0.456750297830639,1.25
"linear",29,5,0.25,4,"K2_c10","local",10,64,31,125,2.4689473073958,3.10594947543518,0.365885863267826,1.25
"linear",29,5,0.25,4,"K2_c12","local",12,77,25,125,2.35458264943066,2.96803149182928,0.346126593564724,1.25
"linear",29,5,0.25,4,"K2_c14","local",14,90,22,125,2.28101562734277,2.8408199742468,0.414934294342352,1.25
"linear",29,5,0.25,5,"K1_global","global",1,160,12,125,1.89220781189259,2.31049718721366,0.541460823941082,1.25
"linear",29,5,0.25,5,"K2_c10","local",10,64,31,125,2.70669681428835,3.26112890875135,0.619820560798326,1.25
"linear",29,5,0.25,5,"K2_c12","local",12,77,25,125,2.36379430939557,2.840159984672,0.486211154251682,1.25
"linear",29,5,0.25,5,"K2_c14","local",14,90,22,125,2.34683418145866,2.83865446864741,0.565383704168519,1.25
"linear",29,5,0.25,6,"K1_global","global",1,160,12,125,1.93084407792204,2.32384936608634,0.727236374156982,1.25
"linear",29,5,0.25,6,"K2_c10","local",10,64,31,125,2.58917952026041,3.1445109773935,0.58747910834356,1.25
"linear",29,5,0.25,6,"K2_c12","local",12,77,25,125,2.42643917813862,2.95759467991837,0.617909387082366,1.25
"linear",29,5,0.25,6,"K2_c14","local",14,90,22,125,2.2653637983075,2.76694373809967,0.705602910664367,1.25
"linear",29,5,0.25,7,"K1_global","global",1,160,12,125,1.85642224910508,2.30348220423402,0.316193267775136,1.25
"linear",29,5,0.25,7,"K2_c10","local",10,64,31,125,2.68917458810875,3.31400822468565,0.409255544448679,1.25
"linear",29,5,0.25,7,"K2_c12","local",12,77,25,125,2.33380433334809,2.88533253049637,0.360976767036817,1.25
"linear",29,5,0.25,7,"K2_c14","local",14,90,22,125,2.37393227241489,2.88474391177759,0.367938196974297,1.25
"linear",29,5,0.25,8,"K1_global","global",1,160,12,125,1.84167181824455,2.25867996382004,0.369696272850858,1.25
"linear",29,5,0.25,8,"K2_c10","local",10,64,31,125,2.56083956766391,3.17248192791989,0.441021600078733,1.25
"linear",29,5,0.25,8,"K2_c12","local",12,77,25,125,2.36523785150531,2.89177678970476,0.36247368511401,1.25
"linear",29,5,0.25,8,"K2_c14","local",14,90,22,125,2.25331305021745,2.76935024591198,0.372840434472836,1.25
"linear",29,5,0.25,9,"K1_global","global",1,160,12,125,1.81355779337616,2.2137932715539,0.436547919973574,1.25
"linear",29,5,0.25,9,"K2_c10","local",10,64,31,125,2.61568830653629,3.21302463617993,0.48480097502872,1.25
"linear",29,5,0.25,9,"K2_c12","local",12,77,25,125,2.35017430049666,2.84208437979416,0.45997883014727,1.25
"linear",29,5,0.25,9,"K2_c14","local",14,90,22,125,2.31242751306452,2.81385249676896,0.48774205237613,1.25
"linear",29,5,0.25,10,"K1_global","global",1,160,12,125,1.91067904513001,2.33807207076139,0.468976118653933,1.25
"linear",29,5,0.25,10,"K2_c10","local",10,64,31,125,2.71633577418007,3.28411061363147,0.450791735818435,1.25
"linear",29,5,0.25,10,"K2_c12","local",12,77,25,125,2.29534714624001,2.81251862138037,0.449241646089214,1.25
"linear",29,5,0.25,10,"K2_c14","local",14,90,22,125,2.26848784904341,2.78729056326747,0.365290233948314,1.25
"linear",29,5,0.25,11,"K1_global","global",1,160,12,125,1.82177915451057,2.21820663169223,0.334397701105936,1.25
"linear",29,5,0.25,11,"K2_c10","local",10,64,31,125,2.54242599034309,3.1560242792049,0.380674348982595,1.25
"linear",29,5,0.25,11,"K2_c12","local",12,77,25,125,2.26387410175244,2.83966115095082,0.321669384126745,1.25
"linear",29,5,0.25,11,"K2_c14","local",14,90,22,125,2.23452185524104,2.74587808501089,0.400966838306792,1.25
"linear",29,5,0.25,12,"K1_global","global",1,160,12,125,1.91369883227781,2.31500684492755,0.413109865807149,1.25
"linear",29,5,0.25,12,"K2_c10","local",10,64,31,125,2.75417607975717,3.40582432832008,0.447922272464692,1.25
"linear",29,5,0.25,12,"K2_c12","local",12,77,25,125,2.34901843096331,2.83436335877516,0.375035910480155,1.25
"linear",29,5,0.25,12,"K2_c14","local",14,90,22,125,2.2921129799574,2.82532882533303,0.449705289209337,1.25
"linear",29,6,0.1,1,"K1_global","global",1,160,12,125,1.63035873888663,2.02473518358077,0.288113123226082,0.5
"linear",29,6,0.1,1,"K2_c10","local",10,64,31,125,2.36007287595948,2.87649607299573,0.352514880577798,0.5
"linear",29,6,0.1,1,"K2_c12","local",12,77,25,125,2.16888573572923,2.72879840621204,0.327913004990386,0.5
"linear",29,6,0.1,1,"K2_c14","local",14,90,22,125,2.1073745485194,2.58503227500058,0.428076960436904,0.5
"linear",29,6,0.1,2,"K1_global","global",1,160,12,125,1.66602046772397,2.08855464430033,0.3087137779843,0.5
"linear",29,6,0.1,2,"K2_c10","local",10,64,31,125,2.36126701197992,2.90336118474214,0.390008827782126,0.5
"linear",29,6,0.1,2,"K2_c12","local",12,77,25,125,2.12194173288011,2.62685972168429,0.32496297859084,0.5
"linear",29,6,0.1,2,"K2_c14","local",14,90,22,125,2.12414087101312,2.59134342054269,0.457924441567727,0.5
"linear",29,6,0.1,3,"K1_global","global",1,160,12,125,1.71871694122472,2.1275335448052,0.304334817960428,0.5
"linear",29,6,0.1,3,"K2_c10","local",10,64,31,125,2.40108028840745,2.99863506106926,0.391566027930631,0.5
"linear",29,6,0.1,3,"K2_c12","local",12,77,25,125,2.20532635507699,2.73064097310182,0.401993482290046,0.5
"linear",29,6,0.1,3,"K2_c14","local",14,90,22,125,2.21007565780596,2.69634198484323,0.452443812344357,0.5
"linear",29,6,0.1,4,"K1_global","global",1,160,12,125,1.65599765694255,2.06128421058163,0.232134019005513,0.5
"linear",29,6,0.1,4,"K2_c10","local",10,64,31,125,2.359253632734,2.91604218586456,0.366488516854563,0.5
"linear",29,6,0.1,4,"K2_c12","local",12,77,25,125,2.14926083109082,2.70053051720039,0.389469409389878,0.5
"linear",29,6,0.1,4,"K2_c14","local",14,90,22,125,2.15458280204003,2.66776725381929,0.438723628330951,0.5
"linear",29,6,0.1,5,"K1_global","global",1,160,12,125,1.75065085796913,2.13597867958888,0.328763442131631,0.5
"linear",29,6,0.1,5,"K2_c10","local",10,64,31,125,2.4248410630741,2.98295474401694,0.373676777446242,0.5
"linear",29,6,0.1,5,"K2_c12","local",12,77,25,125,2.22827201573613,2.75035761450225,0.348791823797058,0.5
"linear",29,6,0.1,5,"K2_c14","local",14,90,22,125,2.15917825644409,2.6711545477935,0.430086142076864,0.5
"linear",29,6,0.1,6,"K1_global","global",1,160,12,125,1.68907372539052,2.09306852576467,0.274902233859289,0.5
"linear",29,6,0.1,6,"K2_c10","local",10,64,31,125,2.41845921112761,2.95736663865428,0.419609994883352,0.5
"linear",29,6,0.1,6,"K2_c12","local",12,77,25,125,2.11801597566945,2.60861149094756,0.314334226094352,0.5
"linear",29,6,0.1,6,"K2_c14","local",14,90,22,125,2.14724470522284,2.61626058991175,0.415044341917023,0.5
"linear",29,6,0.1,7,"K1_global","global",1,160,12,125,1.75450282532176,2.15815901934542,0.347171790580109,0.5
"linear",29,6,0.1,7,"K2_c10","local",10,64,31,125,2.33418364152026,2.9200094665197,0.359821492235527,0.5
"linear",29,6,0.1,7,"K2_c12","local",12,77,25,125,2.16533571737606,2.68337827206946,0.337334278831042,0.5
"linear",29,6,0.1,7,"K2_c14","local",14,90,22,125,2.14098472691746,2.61960651647809,0.462281992497844,0.5
"linear",29,6,0.1,8,"K1_global","global",1,160,12,125,1.67701769030528,2.0707568601341,0.299277463934702,0.5
"linear",29,6,0.1,8,"K2_c10","local",10,64,31,125,2.26754515890485,2.80109080331721,0.340180109142351,0.5
"linear",29,6,0.1,8,"K2_c12","local",12,77,25,125,2.15497387603637,2.67652180765542,0.35516857807362,0.5
"linear",29,6,0.1,8,"K2_c14","local",14,90,22,125,2.13510706201243,2.60566743315546,0.435702920393065,0.5
"linear",29,6,0.1,9,"K1_global","global",1,160,12,125,1.67780660457352,2.06060510907266,0.285740556664516,0.5
"linear",29,6,0.1,9,"K2_c10","local",10,64,31,125,2.33521330793406,2.89354631103089,0.378199219277764,0.5
"linear",29,6,0.1,9,"K2_c12","local",12,77,25,125,2.18716298075552,2.69084924157259,0.404902191745082,0.5
"linear",29,6,0.1,9,"K2_c14","local",14,90,22,125,2.16831652778347,2.63189970221455,0.464747381105539,0.5
"linear",29,6,0.1,10,"K1_global","global",1,160,12,125,1.61958875307527,2.00488311249191,0.290771884346744,0.5
"linear",29,6,0.1,10,"K2_c10","local",10,64,31,125,2.33402111973128,2.88694958529336,0.379067671612229,0.5
"linear",29,6,0.1,10,"K2_c12","local",12,77,25,125,2.1106402403141,2.61947334977189,0.350959760618296,0.5
"linear",29,6,0.1,10,"K2_c14","local",14,90,22,125,2.13000909937528,2.60405003760442,0.461418885284802,0.5
"linear",29,6,0.1,11,"K1_global","global",1,160,12,125,1.68824567458392,2.08713308555095,0.341114804099531,0.5
"linear",29,6,0.1,11,"K2_c10","local",10,64,31,125,2.3866781221047,2.92510872615007,0.350359622193215,0.5
"linear",29,6,0.1,11,"K2_c12","local",12,77,25,125,2.19751398059258,2.73382589911921,0.393637467573999,0.5
"linear",29,6,0.1,11,"K2_c14","local",14,90,22,125,2.21282144636704,2.69602637863496,0.475764480622121,0.5
"linear",29,6,0.1,12,"K1_global","global",1,160,12,125,1.671789587188,2.05972653059782,0.346336632869749,0.5
"linear",29,6,0.1,12,"K2_c10","local",10,64,31,125,2.42059571168295,2.97504793209094,0.496695250008327,0.5
"linear",29,6,0.1,12,"K2_c12","local",12,77,25,125,2.14829400087976,2.67197563443169,0.352428417149051,0.5
"linear",29,6,0.1,12,"K2_c14","local",14,90,22,125,2.10367217642443,2.60033558853211,0.425477603344842,0.5
"linear",30,1,4,1,"K1_global","global",1,160,12,125,14.427434771259,15.2376691827485,9.1618076116715,20
"linear",30,1,4,1,"K2_c10","local",10,64,31,125,14.8476867232474,16.6230799215011,7.32795172175198,20
"linear",30,1,4,1,"K2_c12","local",12,77,25,125,14.3273061934814,15.94193360196,7.56727672046049,20
"linear",30,1,4,1,"K2_c14","local",14,90,22,125,14.150286526256,15.6553130565897,7.66029052267268,20
"linear",30,1,4,2,"K1_global","global",1,160,12,125,14.4724247784644,15.348777791448,6.96050252922863,20
"linear",30,1,4,2,"K2_c10","local",10,64,31,125,14.9313684408285,16.7705421327996,5.78242064303655,20
"linear",30,1,4,2,"K2_c12","local",12,77,25,125,14.305868134385,15.8313685944929,6.07003695027668,20
"linear",30,1,4,2,"K2_c14","local",14,90,22,125,14.0682620001741,15.3432441680785,5.91141872078542,20
"linear",30,1,4,3,"K1_global","global",1,160,12,125,14.2301845626929,14.9023323408041,10.5254208581999,20
"linear",30,1,4,3,"K2_c10","local",10,64,31,125,14.2056646051563,15.8164970512197,8.85894982846182,20
"linear",30,1,4,3,"K2_c12","local",12,77,25,125,14.2644857536687,15.3779522646158,10.1521998359776,20
"linear",30,1,4,3,"K2_c14","local",14,90,22,125,14.131214826843,15.3078987654577,9.91403457185025,20
"linear",30,1,4,4,"K1_global","global",1,160,12,125,13.7793013302432,14.5077350809988,9.2071324518286,20
"linear",30,1,4,4,"K2_c10","local",10,64,31,125,14.9049543837758,16.7867775390971,7.44245462957895,20
"linear",30,1,4,4,"K2_c12","local",12,77,25,125,13.8931431478525,15.4365603277664,7.70766325005585,20
"linear",30,1,4,4,"K2_c14","local",14,90,22,125,14.0387429894942,15.4816325044007,8.27690210070001,20
"linear",30,1,4,5,"K1_global","global",1,160,12,125,13.8809223434648,14.6274619292259,7.4556380989647,20
"linear",30,1,4,5,"K2_c10","local",10,64,31,125,14.6670262644701,16.4804163189464,6.45727873808571,20
"linear",30,1,4,5,"K2_c12","local",12,77,25,125,14.3508385338786,15.7067371957625,6.59801523114196,20
"linear",30,1,4,5,"K2_c14","local",14,90,22,125,13.9856822805872,15.2511804203433,6.49721244704996,20
"linear",30,1,4,6,"K1_global","global",1,160,12,125,13.8439623830882,14.5258107673124,7.61887221716318,20
"linear",30,1,4,6,"K2_c10","local",10,64,31,125,14.3512859580066,15.9383629120061,6.91412763534094,20
"linear",30,1,4,6,"K2_c12","local",12,77,25,125,13.8595225706453,15.194159642624,6.77564524240401,20
"linear",30,1,4,6,"K2_c14","local",14,90,22,125,13.338142489336,14.5834856705515,6.45180663269508,20
"linear",30,1,4,7,"K1_global","global",1,160,12,125,13.6602646002162,14.4434750526268,8.11741292447944,20
"linear",30,1,4,7,"K2_c10","local",10,64,31,125,13.5419029530659,15.5348674487702,6.19030990052593,20
"linear",30,1,4,7,"K2_c12","local",12,77,25,125,13.4591749644573,15.0497966031461,6.76838941025074,20
"linear",30,1,4,7,"K2_c14","local",14,90,22,125,13.1639875644286,14.7026192191238,6.91024255176623,20
"linear",30,1,4,8,"K1_global","global",1,160,12,125,14.1197182506857,14.9079116523407,8.63044003347636,20
"linear",30,1,4,8,"K2_c10","local",10,64,31,125,14.8015443318045,16.7570224104615,6.34754450091576,20
"linear",30,1,4,8,"K2_c12","local",12,77,25,125,13.819455384796,15.4691307767032,6.25146315475758,20
"linear",30,1,4,8,"K2_c14","local",14,90,22,125,13.6954182693122,15.0848802751471,6.988315009545,20
"linear",30,1,4,9,"K1_global","global",1,160,12,125,13.5475406110048,14.2688993542265,8.74813035151447,20
"linear",30,1,4,9,"K2_c10","local",10,64,31,125,14.2013386028303,15.8473207374712,8.04688123541349,20
"linear",30,1,4,9,"K2_c12","local",12,77,25,125,13.763315516441,15.1578541320982,8.20820353876564,20
"linear",30,1,4,9,"K2_c14","local",14,90,22,125,13.6356523208942,14.8547543223949,8.02082909993165,20
"linear",30,1,4,10,"K1_global","global",1,160,12,125,13.9102071843478,14.7790817889976,6.64268527695552,20
"linear",30,1,4,10,"K2_c10","local",10,64,31,125,14.7726411365275,16.6608327610313,5.35049987055971,20
"linear",30,1,4,10,"K2_c12","local",12,77,25,125,14.303179865994,15.7496954101798,6.00648907743477,20
"linear",30,1,4,10,"K2_c14","local",14,90,22,125,14.1210586999203,15.6152932222027,5.73229954850924,20
"linear",30,1,4,11,"K1_global","global",1,160,12,125,13.7815902637349,14.5804829493705,6.41602328492753,20
"linear",30,1,4,11,"K2_c10","local",10,64,31,125,14.4828805806297,16.2391918073484,5.60707790303392,20
"linear",30,1,4,11,"K2_c12","local",12,77,25,125,14.0173963234761,15.7658742177806,5.16091216591401,20
"linear",30,1,4,11,"K2_c14","local",14,90,22,125,14.284367894707,15.7695550851425,6.03263490861462,20
"linear",30,1,4,12,"K1_global","global",1,160,12,125,14.1221422469486,14.8471434910204,7.45343076655914,20
"linear",30,1,4,12,"K2_c10","local",10,64,31,125,14.2161575904687,15.9590701777922,6.37326792602457,20
"linear",30,1,4,12,"K2_c12","local",12,77,25,125,14.1991103603496,15.6375745950555,7.36359791119408,20
"linear",30,1,4,12,"K2_c14","local",14,90,22,125,14.159780954074,15.3699443919043,7.13450812912569,20
"linear",30,2,2,1,"K1_global","global",1,160,12,125,7.2405274482084,7.75939409558715,3.67201132725669,10
"linear",30,2,2,1,"K2_c10","local",10,64,31,125,7.80393485944521,8.94038821865936,3.21401108915289,10
"linear",30,2,2,1,"K2_c12","local",12,77,25,125,7.84936937613752,8.658687045449,3.59275050473972,10
"linear",30,2,2,1,"K2_c14","local",14,90,22,125,7.72438590376197,8.67807151896343,3.46308358783596,10
"linear",30,2,2,2,"K1_global","global",1,160,12,125,7.10425779331753,7.75507777638131,3.7881192571525,10
"linear",30,2,2,2,"K2_c10","local",10,64,31,125,7.3226771272257,8.57123277913731,2.66000070343978,10
"linear",30,2,2,2,"K2_c12","local",12,77,25,125,7.40310753262618,8.52003479012292,3.13394603150657,10
"linear",30,2,2,2,"K2_c14","local",14,90,22,125,7.37566956306952,8.37890306949565,3.13072559221165,10
"linear",30,2,2,3,"K1_global","global",1,160,12,125,7.19242023619023,7.68817987788227,3.34204357334283,10
"linear",30,2,2,3,"K2_c10","local",10,64,31,125,7.58607505947729,8.65269549679626,2.67557508308397,10
"linear",30,2,2,3,"K2_c12","local",12,77,25,125,7.50694817358084,8.43569458636945,2.84869959029173,10
"linear",30,2,2,3,"K2_c14","local",14,90,22,125,7.07795542397215,7.88208231210511,3.0458076274276,10
"linear",30,2,2,4,"K1_global","global",1,160,12,125,7.47952915898824,8.00380079178724,4.13212871406274,10
"linear",30,2,2,4,"K2_c10","local",10,64,31,125,8.02942853756074,9.05761125665387,3.45249881509485,10
"linear",30,2,2,4,"K2_c12","local",12,77,25,125,7.60019333245797,8.44308564746285,3.49678723463997,10
"linear",30,2,2,4,"K2_c14","local",14,90,22,125,7.62996921226921,8.55138465824988,3.46744203220626,10
"linear",30,2,2,5,"K1_global","global",1,160,12,125,7.02780236390808,7.53180654196302,3.49581887339485,10
"linear",30,2,2,5,"K2_c10","local",10,64,31,125,7.78642310469505,8.85549699480936,3.2163742991236,10
"linear",30,2,2,5,"K2_c12","local",12,77,25,125,6.99110612885374,7.88365347987009,3.37180855522683,10
"linear",30,2,2,5,"K2_c14","local",14,90,22,125,7.37385512080373,8.14580076695513,3.20651958771975,10
"linear",30,2,2,6,"K1_global","global",1,160,12,125,7.23341477355835,7.79468213660604,3.53759814799072,10
"linear",30,2,2,6,"K2_c10","local",10,64,31,125,7.97401988618501,9.11863187657861,3.07602957534806,10
"linear",30,2,2,6,"K2_c12","local",12,77,25,125,7.50114978003384,8.41504263969321,3.33881260538711,10
"linear",30,2,2,6,"K2_c14","local",14,90,22,125,7.6697560809346,8.43860109171595,3.24839911364725,10
"linear",30,2,2,7,"K1_global","global",1,160,12,125,7.12784640037691,7.67985431622535,3.46777946463039,10
"linear",30,2,2,7,"K2_c10","local",10,64,31,125,7.61912411067596,8.77165735980818,2.77606142948835,10
"linear",30,2,2,7,"K2_c12","local",12,77,25,125,7.45806410787152,8.43333863417069,3.16382299312169,10
"linear",30,2,2,7,"K2_c14","local",14,90,22,125,7.18379631663831,8.09578257241074,2.88020828134971,10
"linear",30,2,2,8,"K1_global","global",1,160,12,125,7.42356491836622,7.99400398867034,3.78223749709602,10
"linear",30,2,2,8,"K2_c10","local",10,64,31,125,7.83088990222998,9.05794248589134,2.87440641703406,10
"linear",30,2,2,8,"K2_c12","local",12,77,25,125,7.5758501728747,8.53724618920837,2.96937419394034,10
"linear",30,2,2,8,"K2_c14","local",14,90,22,125,7.22490356119466,8.01361888330175,3.31311441991444,10
"linear",30,2,2,9,"K1_global","global",1,160,12,125,7.50498129565154,8.03059123989249,4.56538488000327,10
"linear",30,2,2,9,"K2_c10","local",10,64,31,125,8.05602000153084,9.13400485646013,4.04882948410372,10
"linear",30,2,2,9,"K2_c12","local",12,77,25,125,7.77705475071642,8.74470521358563,3.90514287946331,10
"linear",30,2,2,9,"K2_c14","local",14,90,22,125,7.61810892301669,8.45719774412722,3.97622345538001,10
"linear",30,2,2,10,"K1_global","global",1,160,12,125,7.20305759807615,7.78973739627631,3.23530562491932,10
"linear",30,2,2,10,"K2_c10","local",10,64,31,125,7.7230658914815,8.95409154182515,2.93991337365159,10
"linear",30,2,2,10,"K2_c12","local",12,77,25,125,7.5033867073915,8.34693786870226,2.97284895376227,10
"linear",30,2,2,10,"K2_c14","local",14,90,22,125,7.32075216931455,8.2435421682247,2.80888533863999,10
"linear",30,2,2,11,"K1_global","global",1,160,12,125,7.10188761503998,7.73050444131886,3.17774581078469,10
"linear",30,2,2,11,"K2_c10","local",10,64,31,125,8.20863406230607,9.53274021533099,3.01250478996852,10
"linear",30,2,2,11,"K2_c12","local",12,77,25,125,7.84837729035646,8.94150147750351,3.11798767826377,10
"linear",30,2,2,11,"K2_c14","local",14,90,22,125,7.49733146167976,8.42326459647009,3.11411437807304,10
"linear",30,2,2,12,"K1_global","global",1,160,12,125,7.26722568242355,7.8227731939947,4.53379608152334,10
"linear",30,2,2,12,"K2_c10","local",10,64,31,125,8.08140217709015,9.42844228508913,3.20598062442777,10
"linear",30,2,2,12,"K2_c12","local",12,77,25,125,7.51610390482805,8.48205078149902,3.99231638117362,10
"linear",30,2,2,12,"K2_c14","local",14,90,22,125,7.53368196739143,8.34097268825081,3.96989570933695,10
"linear",30,3,1,1,"K1_global","global",1,160,12,125,4.1501637434038,4.61372377411728,1.916241004245,5
"linear",30,3,1,1,"K2_c10","local",10,64,31,125,4.79475069533239,5.6439778677437,1.5958032287395,5
"linear",30,3,1,1,"K2_c12","local",12,77,25,125,4.5520837737875,5.31738566302137,1.61117567984042,5
"linear",30,3,1,1,"K2_c14","local",14,90,22,125,4.63449973462016,5.34369084484943,1.65700659785748,5
"linear",30,3,1,2,"K1_global","global",1,160,12,125,3.86969556086042,4.33656844918492,1.6565917794295,5
"linear",30,3,1,2,"K2_c10","local",10,64,31,125,4.59831250125793,5.40961949622649,1.29012792862523,5
"linear",30,3,1,2,"K2_c12","local",12,77,25,125,4.27438307127398,4.95012624628505,1.42644307012452,5
"linear",30,3,1,2,"K2_c14","local",14,90,22,125,4.03344631385561,4.68035340751542,1.29926393883963,5
"linear",30,3,1,3,"K1_global","global",1,160,12,125,4.06320616888982,4.46682957332189,1.77022368721747,5
"linear",30,3,1,3,"K2_c10","local",10,64,31,125,4.55507922376095,5.32994042240639,1.35033792940012,5
"linear",30,3,1,3,"K2_c12","local",12,77,25,125,4.57481334965312,5.33122259271665,1.55683293889695,5
"linear",30,3,1,3,"K2_c14","local",14,90,22,125,4.23219382672543,4.90056362414684,1.50807628188683,5
"linear",30,3,1,4,"K1_global","global",1,160,12,125,3.85303109923897,4.30888036606865,1.84379171660732,5
"linear",30,3,1,4,"K2_c10","local",10,64,31,125,4.71144506755881,5.59472052704081,1.23676711412226,5
"linear",30,3,1,4,"K2_c12","local",12,77,25,125,4.22859928462436,4.99202588565603,1.41248707310823,5
"linear",30,3,1,4,"K2_c14","local",14,90,22,125,4.20608550011889,4.86863010470998,1.42267463519728,5
"linear",30,3,1,5,"K1_global","global",1,160,12,125,3.96699585495847,4.47342641335171,1.79023688480945,5
"linear",30,3,1,5,"K2_c10","local",10,64,31,125,4.74669878326715,5.53203724356009,1.62908473337127,5
"linear",30,3,1,5,"K2_c12","local",12,77,25,125,4.32057007462188,5.01179708774794,1.48660458339797,5
"linear",30,3,1,5,"K2_c14","local",14,90,22,125,4.44143344384203,5.11663854249462,1.77545521025925,5
"linear",30,3,1,6,"K1_global","global",1,160,12,125,4.01982488041561,4.41404891258604,1.67365370316101,5
"linear",30,3,1,6,"K2_c10","local",10,64,31,125,4.68808410278561,5.42776806252842,1.39526848476794,5
"linear",30,3,1,6,"K2_c12","local",12,77,25,125,4.5387261306727,5.2324450067323,1.41152989528759,5
"linear",30,3,1,6,"K2_c14","local",14,90,22,125,4.39795257589097,4.97735407096182,1.57286134722062,5
"linear",30,3,1,7,"K1_global","global",1,160,12,125,4.05111252842125,4.50176671692222,2.08730419820349,5
"linear",30,3,1,7,"K2_c10","local",10,64,31,125,4.80262420402988,5.61198590173025,1.72117840468154,5
"linear",30,3,1,7,"K2_c12","local",12,77,25,125,4.50223060599949,5.19173902956297,1.94122296402137,5
"linear",30,3,1,7,"K2_c14","local",14,90,22,125,4.34675768369593,4.99372561838066,1.82953892194592,5
"linear",30,3,1,8,"K1_global","global",1,160,12,125,3.8574313969936,4.2959171394526,2.3685963160147,5
"linear",30,3,1,8,"K2_c10","local",10,64,31,125,4.52925927956286,5.37017403952907,1.85462836168496,5
"linear",30,3,1,8,"K2_c12","local",12,77,25,125,4.31850578055253,4.99630742496997,2.00444387442375,5
"linear",30,3,1,8,"K2_c14","local",14,90,22,125,4.22844559875606,4.8331218351911,2.07735453143814,5
"linear",30,3,1,9,"K1_global","global",1,160,12,125,3.97572487928453,4.43698427591227,1.95636555051285,5
"linear",30,3,1,9,"K2_c10","local",10,64,31,125,4.41861652369756,5.15048714896673,1.45337440708247,5
"linear",30,3,1,9,"K2_c12","local",12,77,25,125,4.45325484099952,5.199929502926,1.76043915297566,5
"linear",30,3,1,9,"K2_c14","local",14,90,22,125,4.28219919575312,4.93808637242833,1.84269923679714,5
"linear",30,3,1,10,"K1_global","global",1,160,12,125,4.15604775777314,4.6860968676906,1.36713856876469,5
"linear",30,3,1,10,"K2_c10","local",10,64,31,125,4.99769763733478,5.84957367017671,1.39663249584137,5
"linear",30,3,1,10,"K2_c12","local",12,77,25,125,4.64893170520682,5.44230862258365,1.18558063967667,5
"linear",30,3,1,10,"K2_c14","local",14,90,22,125,4.40707083144085,5.15828957704538,1.22693795759947,5
"linear",30,3,1,11,"K1_global","global",1,160,12,125,4.06452330579177,4.46995520338759,1.49735068388449,5
"linear",30,3,1,11,"K2_c10","local",10,64,31,125,4.55319039206926,5.33947263849835,1.47203934802883,5
"linear",30,3,1,11,"K2_c12","local",12,77,25,125,4.42939296547449,5.1584263661317,1.38965229993132,5
"linear",30,3,1,11,"K2_c14","local",14,90,22,125,4.21769871764965,4.907081020426,1.42817497493914,5
"linear",30,3,1,12,"K1_global","global",1,160,12,125,3.98319860407263,4.51711289760761,1.73345720160176,5
"linear",30,3,1,12,"K2_c10","local",10,64,31,125,4.46398032141812,5.32201377543543,1.5558210460606,5
"linear",30,3,1,12,"K2_c12","local",12,77,25,125,4.37605346094836,5.25670426139813,1.32285542340636,5
"linear",30,3,1,12,"K2_c14","local",14,90,22,125,4.3403503293028,5.02329797628494,1.8009487012535,5
"linear",30,4,0.5,1,"K1_global","global",1,160,12,125,2.59161754606322,2.93757520838837,0.932064775383038,2.5
"linear",30,4,0.5,1,"K2_c10","local",10,64,31,125,3.40341999548238,4.04477057965999,0.689158994466863,2.5
"linear",30,4,0.5,1,"K2_c12","local",12,77,25,125,2.97197753549412,3.60599223426926,0.707264554617037,2.5
"linear",30,4,0.5,1,"K2_c14","local",14,90,22,125,2.87011236648416,3.39870536912896,0.637630910509917,2.5
"linear",30,4,0.5,2,"K1_global","global",1,160,12,125,2.52473940079059,2.97083752395925,1.01390370659456,2.5
"linear",30,4,0.5,2,"K2_c10","local",10,64,31,125,3.11482594833321,3.65610184783357,0.934128917351591,2.5
"linear",30,4,0.5,2,"K2_c12","local",12,77,25,125,3.09590331903883,3.62377112745355,0.964407461019239,2.5
"linear",30,4,0.5,2,"K2_c14","local",14,90,22,125,2.90357749690678,3.4410824963124,0.905163019972038,2.5
"linear",30,4,0.5,3,"K1_global","global",1,160,12,125,2.62788922733299,3.12623427110147,0.902171375127884,2.5
"linear",30,4,0.5,3,"K2_c10","local",10,64,31,125,3.28073401071609,3.98294535983004,0.781125081321633,2.5
"linear",30,4,0.5,3,"K2_c12","local",12,77,25,125,3.19756448110538,3.83165275239764,0.843170566879009,2.5
"linear",30,4,0.5,3,"K2_c14","local",14,90,22,125,2.98573002850581,3.62313102579758,0.803542048493609,2.5
"linear",30,4,0.5,4,"K1_global","global",1,160,12,125,2.647148826974,3.05377929260205,0.873406873782654,2.5
"linear",30,4,0.5,4,"K2_c10","local",10,64,31,125,3.36383511797407,4.01309134174178,0.644208459818644,2.5
"linear",30,4,0.5,4,"K2_c12","local",12,77,25,125,3.32302879356293,3.89924354077774,0.952799168076897,2.5
"linear",30,4,0.5,4,"K2_c14","local",14,90,22,125,3.14121790080255,3.6818753137573,0.846265633142309,2.5
"linear",30,4,0.5,5,"K1_global","global",1,160,12,125,2.50355716070648,2.93104041691278,0.71649144299118,2.5
"linear",30,4,0.5,5,"K2_c10","local",10,64,31,125,3.15207267095506,3.84555461754407,0.708301878692119,2.5
"linear",30,4,0.5,5,"K2_c12","local",12,77,25,125,2.97072689033999,3.55938944725834,0.752638042908267,2.5
"linear",30,4,0.5,5,"K2_c14","local",14,90,22,125,2.89581383262861,3.45263167720882,0.751959219442956,2.5
"linear",30,4,0.5,6,"K1_global","global",1,160,12,125,2.64680965718925,3.05908299390961,1.11710794516161,2.5
"linear",30,4,0.5,6,"K2_c10","local",10,64,31,125,3.16729914458055,3.72486018035396,0.959481065857277,2.5
"linear",30,4,0.5,6,"K2_c12","local",12,77,25,125,3.14360853284327,3.70135566905135,0.899269563960221,2.5
"linear",30,4,0.5,6,"K2_c14","local",14,90,22,125,2.9599810461396,3.52786828408363,1.0783212741235,2.5
"linear",30,4,0.5,7,"K1_global","global",1,160,12,125,2.59751728913031,3.03568554533743,0.795701512893643,2.5
"linear",30,4,0.5,7,"K2_c10","local",10,64,31,125,3.16053715034044,3.7431363203124,0.666268352272016,2.5
"linear",30,4,0.5,7,"K2_c12","local",12,77,25,125,3.02451008439855,3.57757431299537,0.601425947268929,2.5
"linear",30,4,0.5,7,"K2_c14","local",14,90,22,125,2.96324245788291,3.48789654602593,0.743497504093527,2.5
"linear",30,4,0.5,8,"K1_global","global",1,160,12,125,2.58021075433359,2.96955803387598,0.948582898382148,2.5
"linear",30,4,0.5,8,"K2_c10","local",10,64,31,125,3.20759826938127,3.79923594902069,0.820516593138212,2.5
"linear",30,4,0.5,8,"K2_c12","local",12,77,25,125,3.05601074731435,3.60383936728321,0.793330168663367,2.5
"linear",30,4,0.5,8,"K2_c14","local",14,90,22,125,2.84878124275615,3.36661650380959,0.836246671491109,2.5
"linear",30,4,0.5,9,"K1_global","global",1,160,12,125,2.52999479355676,2.96149044691072,0.960898496541801,2.5
"linear",30,4,0.5,9,"K2_c10","local",10,64,31,125,3.13572851850238,3.70810166675838,1.15651066159082,2.5
"linear",30,4,0.5,9,"K2_c12","local",12,77,25,125,3.18758152059749,3.7416735194872,0.967180684550307,2.5
"linear",30,4,0.5,9,"K2_c14","local",14,90,22,125,3.00238416836774,3.52532827016765,1.08474762071548,2.5
"linear",30,4,0.5,10,"K1_global","global",1,160,12,125,2.50084886730276,2.94571303486889,0.845851006681416,2.5
"linear",30,4,0.5,10,"K2_c10","local",10,64,31,125,3.35788915636564,4.05482778905073,0.741551641673184,2.5
"linear",30,4,0.5,10,"K2_c12","local",12,77,25,125,3.06298525446134,3.68134871493735,0.60547315460207,2.5
"linear",30,4,0.5,10,"K2_c14","local",14,90,22,125,2.85826576412297,3.47895160201223,0.578981018966214,2.5
"linear",30,4,0.5,11,"K1_global","global",1,160,12,125,2.56279132947559,2.93839515854472,0.849159542522772,2.5
"linear",30,4,0.5,11,"K2_c10","local",10,64,31,125,3.08060309565892,3.76172083162962,0.687587573399331,2.5
"linear",30,4,0.5,11,"K2_c12","local",12,77,25,125,2.96503024724386,3.67172240319019,0.718246381035116,2.5
"linear",30,4,0.5,11,"K2_c14","local",14,90,22,125,2.7874800562875,3.36847877046486,0.618867405749184,2.5
"linear",30,4,0.5,12,"K1_global","global",1,160,12,125,2.51566208652315,2.94974732774413,1.04777552214484,2.5
"linear",30,4,0.5,12,"K2_c10","local",10,64,31,125,3.23281466262369,3.9189018454491,0.888748225905497,2.5
"linear",30,4,0.5,12,"K2_c12","local",12,77,25,125,3.04752698587373,3.73923498117244,0.768113503248982,2.5
"linear",30,4,0.5,12,"K2_c14","local",14,90,22,125,2.86762537804803,3.40273587400615,0.833695873408288,2.5
"linear",30,5,0.25,1,"K1_global","global",1,160,12,125,2.02236247065891,2.44339367543876,0.388538835694315,1.25
"linear",30,5,0.25,1,"K2_c10","local",10,64,31,125,2.57008087855784,3.23592974798183,0.435036918158051,1.25
"linear",30,5,0.25,1,"K2_c12","local",12,77,25,125,2.55860540076385,3.15542914882387,0.447729985973679,1.25
"linear",30,5,0.25,1,"K2_c14","local",14,90,22,125,2.3329117184947,2.85129474479975,0.386091559800321,1.25
"linear",30,5,0.25,2,"K1_global","global",1,160,12,125,1.94249120616236,2.35051505683535,0.446835453460508,1.25
"linear",30,5,0.25,2,"K2_c10","local",10,64,31,125,2.62647049263882,3.22781565596893,0.451123003664029,1.25
"linear",30,5,0.25,2,"K2_c12","local",12,77,25,125,2.47533465142427,3.04068760682894,0.540214010087748,1.25
"linear",30,5,0.25,2,"K2_c14","local",14,90,22,125,2.36189799943747,2.85226217684242,0.501708769989524,1.25
"linear",30,5,0.25,3,"K1_global","global",1,160,12,125,2.12885794268786,2.49640977891605,0.455021529502279,1.25
"linear",30,5,0.25,3,"K2_c10","local",10,64,31,125,2.42951530638464,2.9657807914359,0.495336691555161,1.25
"linear",30,5,0.25,3,"K2_c12","local",12,77,25,125,2.40862181961155,2.93586443647592,0.410182137248745,1.25
"linear",30,5,0.25,3,"K2_c14","local",14,90,22,125,2.2248602781763,2.72618303355479,0.404417875729062,1.25
"linear",30,5,0.25,4,"K1_global","global",1,160,12,125,2.05631531248096,2.49782839285457,0.344709138232638,1.25
"linear",30,5,0.25,4,"K2_c10","local",10,64,31,125,2.85971912945654,3.46681055625247,0.413418850589851,1.25
"linear",30,5,0.25,4,"K2_c12","local",12,77,25,125,2.6824070121973,3.27411077192945,0.523762772821493,1.25
"linear",30,5,0.25,4,"K2_c14","local",14,90,22,125,2.42353034855878,2.95389991341149,0.411271880559055,1.25
"linear",30,5,0.25,5,"K1_global","global",1,160,12,125,1.9552323124939,2.38135966743028,0.475764889607845,1.25
"linear",30,5,0.25,5,"K2_c10","local",10,64,31,125,2.53327149532987,3.10216398844964,0.408404226310264,1.25
"linear",30,5,0.25,5,"K2_c12","local",12,77,25,125,2.48141718173468,3.05017917668398,0.412128457017086,1.25
"linear",30,5,0.25,5,"K2_c14","local",14,90,22,125,2.30417230810251,2.80986134175884,0.401454015808124,1.25
"linear",30,5,0.25,6,"K1_global","global",1,160,12,125,2.0907386395262,2.47692653472631,0.568819555894305,1.25
"linear",30,5,0.25,6,"K2_c10","local",10,64,31,125,2.70014114709054,3.29751571678997,0.475738676640373,1.25
"linear",30,5,0.25,6,"K2_c12","local",12,77,25,125,2.54423187001392,3.08631107042681,0.477091625700191,1.25
"linear",30,5,0.25,6,"K2_c14","local",14,90,22,125,2.35303436403237,2.78815133959036,0.433066431324045,1.25
"linear",30,5,0.25,7,"K1_global","global",1,160,12,125,2.04514480694015,2.48272132914644,0.402754169489529,1.25
"linear",30,5,0.25,7,"K2_c10","local",10,64,31,125,2.60651254769854,3.21709980341143,0.42442071301425,1.25
"linear",30,5,0.25,7,"K2_c12","local",12,77,25,125,2.54216756310973,3.12374337922957,0.431621667368011,1.25
"linear",30,5,0.25,7,"K2_c14","local",14,90,22,125,2.37628113703922,2.88361374900672,0.408874284415835,1.25
"linear",30,5,0.25,8,"K1_global","global",1,160,12,125,1.95544941928329,2.38157132766163,0.348244493821749,1.25
"linear",30,5,0.25,8,"K2_c10","local",10,64,31,125,2.53770911000078,3.13760958875044,0.385096914524081,1.25
"linear",30,5,0.25,8,"K2_c12","local",12,77,25,125,2.63514030908661,3.24037601950233,0.398225413713627,1.25
"linear",30,5,0.25,8,"K2_c14","local",14,90,22,125,2.30521198905732,2.85385744606856,0.450245190618262,1.25
"linear",30,5,0.25,9,"K1_global","global",1,160,12,125,1.95187642005596,2.37525939305984,0.441352015623866,1.25
"linear",30,5,0.25,9,"K2_c10","local",10,64,31,125,2.51215963226017,3.12997857750515,0.385107770714999,1.25
"linear",30,5,0.25,9,"K2_c12","local",12,77,25,125,2.48650804668802,3.03774989720576,0.411353954264698,1.25
"linear",30,5,0.25,9,"K2_c14","local",14,90,22,125,2.28089940292968,2.79627181751746,0.412293596166502,1.25
"linear",30,5,0.25,10,"K1_global","global",1,160,12,125,1.92129256200838,2.36710175273791,0.373388841117742,1.25
"linear",30,5,0.25,10,"K2_c10","local",10,64,31,125,2.64042976824756,3.24143091636015,0.464990366624518,1.25
"linear",30,5,0.25,10,"K2_c12","local",12,77,25,125,2.4820179327627,3.02231950777192,0.478170593448958,1.25
"linear",30,5,0.25,10,"K2_c14","local",14,90,22,125,2.41759802693149,2.93990622461656,0.42187936192263,1.25
"linear",30,5,0.25,11,"K1_global","global",1,160,12,125,1.9689230153092,2.36143350425171,0.379992188114193,1.25
"linear",30,5,0.25,11,"K2_c10","local",10,64,31,125,2.65506787218689,3.24242345712628,0.480693078003539,1.25
"linear",30,5,0.25,11,"K2_c12","local",12,77,25,125,2.58935896819739,3.10329448911583,0.403480370449193,1.25
"linear",30,5,0.25,11,"K2_c14","local",14,90,22,125,2.421877685442,2.92361998358293,0.490671417221403,1.25
"linear",30,5,0.25,12,"K1_global","global",1,160,12,125,1.92599296232514,2.29570198327897,0.369703998047591,1.25
"linear",30,5,0.25,12,"K2_c10","local",10,64,31,125,2.55374138692655,3.10736916280323,0.399353351601963,1.25
"linear",30,5,0.25,12,"K2_c12","local",12,77,25,125,2.52283297341486,3.04507685547253,0.3778313922446,1.25
"linear",30,5,0.25,12,"K2_c14","local",14,90,22,125,2.24348416349506,2.7246305023932,0.404025706468961,1.25
"linear",30,6,0.1,1,"K1_global","global",1,160,12,125,1.7714012203242,2.16652746283394,0.296230181362421,0.5
"linear",30,6,0.1,1,"K2_c10","local",10,64,31,125,2.27581360077032,2.81097786534484,0.402524802235887,0.5
"linear",30,6,0.1,1,"K2_c12","local",12,77,25,125,2.35406674535554,2.86652691430039,0.457202045090818,0.5
"linear",30,6,0.1,1,"K2_c14","local",14,90,22,125,2.06811652476534,2.53230269896494,0.392800911456013,0.5
"linear",30,6,0.1,2,"K1_global","global",1,160,12,125,1.83084428010518,2.23837447006675,0.284057151364566,0.5
"linear",30,6,0.1,2,"K2_c10","local",10,64,31,125,2.25089240217022,2.78347229423625,0.420013016304422,0.5
"linear",30,6,0.1,2,"K2_c12","local",12,77,25,125,2.34421555478869,2.79864970175871,0.344204976051106,0.5
"linear",30,6,0.1,2,"K2_c14","local",14,90,22,125,2.1123556680592,2.56240103233558,0.475190469636165,0.5
"linear",30,6,0.1,3,"K1_global","global",1,160,12,125,1.77007114360818,2.16978571497273,0.321731944086543,0.5
"linear",30,6,0.1,3,"K2_c10","local",10,64,31,125,2.27059978282652,2.81534117562723,0.41466779633277,0.5
"linear",30,6,0.1,3,"K2_c12","local",12,77,25,125,2.27615056128492,2.77586621618941,0.459600246249274,0.5
"linear",30,6,0.1,3,"K2_c14","local",14,90,22,125,2.0653578848871,2.50382045493316,0.457723816274458,0.5
"linear",30,6,0.1,4,"K1_global","global",1,160,12,125,1.79043029797949,2.16095520362319,0.297814162021384,0.5
"linear",30,6,0.1,4,"K2_c10","local",10,64,31,125,2.23906175836624,2.77925081237524,0.430197201991361,0.5
"linear",30,6,0.1,4,"K2_c12","local",12,77,25,125,2.26535908805805,2.76862544384198,0.425901101108333,0.5
"linear",30,6,0.1,4,"K2_c14","local",14,90,22,125,2.0749118776094,2.53197345051569,0.452541502051188,0.5
"linear",30,6,0.1,5,"K1_global","global",1,160,12,125,1.76153803390862,2.15142401935736,0.283531506544896,0.5
"linear",30,6,0.1,5,"K2_c10","local",10,64,31,125,2.33478612093908,2.89932890010841,0.44939622757939,0.5
"linear",30,6,0.1,5,"K2_c12","local",12,77,25,125,2.31840146086881,2.78724976547211,0.368427680873682,0.5
"linear",30,6,0.1,5,"K2_c14","local",14,90,22,125,2.10995493917287,2.56657628216694,0.417880526641853,0.5
"linear",30,6,0.1,6,"K1_global","global",1,160,12,125,1.84762919261043,2.23653570957235,0.310037183623571,0.5
"linear",30,6,0.1,6,"K2_c10","local",10,64,31,125,2.3851160191999,2.96943152206616,0.409489032159983,0.5
"linear",30,6,0.1,6,"K2_c12","local",12,77,25,125,2.36345095682364,2.86297538319465,0.375841371406428,0.5
"linear",30,6,0.1,6,"K2_c14","local",14,90,22,125,2.06484342692942,2.53650082589374,0.337152479938475,0.5
"linear",30,6,0.1,7,"K1_global","global",1,160,12,125,1.78172264236491,2.1958933607934,0.301205692964327,0.5
"linear",30,6,0.1,7,"K2_c10","local",10,64,31,125,2.31515915377189,2.83141703382393,0.482731130952728,0.5
"linear",30,6,0.1,7,"K2_c12","local",12,77,25,125,2.29002209762941,2.78028875934159,0.385756537202044,0.5
"linear",30,6,0.1,7,"K2_c14","local",14,90,22,125,2.06399734824569,2.49717611659094,0.355249876435083,0.5
"linear",30,6,0.1,8,"K1_global","global",1,160,12,125,1.74512279794264,2.15020118528358,0.295095844283194,0.5
"linear",30,6,0.1,8,"K2_c10","local",10,64,31,125,2.2930242362963,2.81676267579414,0.407892389629488,0.5
"linear",30,6,0.1,8,"K2_c12","local",12,77,25,125,2.33745060793569,2.8248449639063,0.41835219399722,0.5
"linear",30,6,0.1,8,"K2_c14","local",14,90,22,125,2.05845990808239,2.50649020803218,0.440036727360658,0.5
"linear",30,6,0.1,9,"K1_global","global",1,160,12,125,1.76234489135199,2.16151579135551,0.308849881707884,0.5
"linear",30,6,0.1,9,"K2_c10","local",10,64,31,125,2.22477320818934,2.74151973147989,0.500743788981907,0.5
"linear",30,6,0.1,9,"K2_c12","local",12,77,25,125,2.28014730417501,2.73510172020394,0.491845760527049,0.5
"linear",30,6,0.1,9,"K2_c14","local",14,90,22,125,2.11143665966523,2.55613493651954,0.513537533488477,0.5
"linear",30,6,0.1,10,"K1_global","global",1,160,12,125,1.78295503850055,2.15298641572898,0.283121985595147,0.5
"linear",30,6,0.1,10,"K2_c10","local",10,64,31,125,2.24194792806895,2.79264493636973,0.449457182883991,0.5
"linear",30,6,0.1,10,"K2_c12","local",12,77,25,125,2.29567180019581,2.80461486218953,0.381726643671847,0.5
"linear",30,6,0.1,10,"K2_c14","local",14,90,22,125,2.042223268622,2.50924517049054,0.477224089037253,0.5
"linear",30,6,0.1,11,"K1_global","global",1,160,12,125,1.76742920021069,2.16205549263964,0.30968009085209,0.5
"linear",30,6,0.1,11,"K2_c10","local",10,64,31,125,2.29929064131575,2.8505527867968,0.470920233951271,0.5
"linear",30,6,0.1,11,"K2_c12","local",12,77,25,125,2.26543087078304,2.76638629924737,0.340679146806435,0.5
"linear",30,6,0.1,11,"K2_c14","local",14,90,22,125,2.1130269899876,2.55471807896817,0.493319148396995,0.5
"linear",30,6,0.1,12,"K1_global","global",1,160,12,125,1.84240151108779,2.25518704151114,0.315623372621463,0.5
"linear",30,6,0.1,12,"K2_c10","local",10,64,31,125,2.3701949315696,2.89759211469395,0.363415965448575,0.5
"linear",30,6,0.1,12,"K2_c12","local",12,77,25,125,2.34005117878139,2.84975234013363,0.364360837822934,0.5
"linear",30,6,0.1,12,"K2_c14","local",14,90,22,125,2.11193156091251,2.56114871358859,0.418948325870811,0.5
